,trend,trend,trend,trend,mean_reversion,mean_reversion,mean_reversion,mean_reversion,flat,flat,flat,flat
,gross_pnl,transaction_cost,net_pnl,turnover,gross_pnl,transaction_cost,net_pnl,turnover,gross_pnl,transaction_cost,net_pnl,turnover
date,,,,,,,,,,,,
2021-12-08,0.0,0.0,0.0,0.0,0.00021188600420107338,5.458152596842121e-05,0.00015730447823265217,0.10916305193684242,0.0,0.0,0.0,0.0
2021-12-09,-0.00022836407555311178,4.7963621938311407e-05,-0.00027632769749142316,0.09685194989854144,-0.0003679930981709376,2.3006761866175286e-07,-0.0003682231657895993,0.0004645707845951155,0.0,0.0,0.0,0.0
2021-12-10,-0.00047943977155940915,8.138243428776124e-08,-0.0004795211539936969,0.0006517171507797459,7.435046764070908e-05,1.355644136068431e-07,7.421490322710223e-05,0.0010856108465689546,0.0,0.0,0.0,0.0
2021-12-13,0.0,3.0000832342251482e-05,-3.0000832342251482e-05,0.0962002327477617,0.0003026530369403946,2.6158903783434735e-05,0.00027649413315695986,0.08388076049638926,0.0,0.0,0.0,0.0
2021-12-14,0.0,0.0,0.0,0.0,-0.0011192330029650554,5.6904708594072215e-05,-0.0011761377115591277,0.11380941718814443,0.0,0.0,0.0,0.0
2021-12-15,0.0,0.0,0.0,0.0,-0.0018890164790078532,5.041808293686904e-05,-0.0019394345619447222,0.10083616587373807,0.0,0.0,0.0,0.0
2021-12-16,0.0,0.0,0.0,0.0,-0.0007056178154483804,2.2150425288097187e-06,-0.0007078328579771902,0.004430085057619437,0.0,0.0,0.0,0.0
2021-12-17,0.0005600475925738366,8.025094942851551e-05,0.00047979664314532107,0.160501898857031,0.0034082577578022346,4.7694648000113205e-05,0.0033605631098021214,0.0953892960002264,0.0,0.0,0.0,0.0
2021-12-20,0.001003176279571842,6.565372456920045e-05,0.0009375225550026415,0.13130744913840092,-0.00034139253502237215,9.018136246868897e-05,-0.0004315738974910611,0.18036272493737796,0.0,0.0,0.0,0.0
2021-12-21,0.00014717696785999186,4.756174109859165e-07,0.00014670135044900595,0.0009512348219718331,-0.0002731394216061332,4.891916790346856e-05,-0.00032205858950960174,0.09783833580693713,0.0,0.0,0.0,0.0
2021-12-22,0.0004970396173737448,1.2820098701330532e-08,0.0004970267972750434,0.000545473540132662,-0.0006402559588831476,1.4084772720497733e-08,-0.0006402700436558682,0.000599283282976322,0.0,0.0,0.0,0.0
2021-12-23,0.0004023403052178652,1.70950310292269e-07,0.0004021693549075729,0.0014045773189864871,-0.00023306267442747947,1.04017867741746e-07,-0.00023316669229522121,0.0008546409629184501,0.0,0.0,0.0,0.0
2021-12-27,-0.0003425709088978341,6.520374667931124e-05,-0.0004077746555771454,0.13049825349019653,-0.00013502159141186884,2.268213981182962e-08,-0.00013504427355168067,4.539585195038193e-05,0.0,0.0,0.0,0.0
2021-12-28,-0.00014048652478159453,5.605720246930277e-07,-0.00014104709680628756,0.0011211440493860553,0.0,5.194785023363186e-05,-5.194785023363186e-05,0.10389570046726372,0.0,0.0,0.0,0.0
2021-12-29,0.00022697668806031932,4.739503947755274e-07,0.00022650273766554378,0.0009745561953784926,-0.00031997295514490167,3.418253141013642e-05,-0.0003541554865550381,0.07028751980520238,0.0,0.0,0.0,0.0
2021-12-30,0.0,4.9673438658366626e-05,-4.9673438658366626e-05,0.09934687731673324,0.00016864249561267735,4.71849835889911e-05,0.00012145751202368625,0.0943699671779822,0.0,0.0,0.0,0.0
2021-12-31,0.0,0.0,0.0,0.0,5.732437027359882e-05,1.3339624493017428e-07,5.719097402866865e-05,0.00026679248986034854,0.0,0.0,0.0,0.0
2022-01-03,0.0,0.0,0.0,0.0,-0.0004500908289600539,2.943657804901564e-07,-0.0004503851947405441,0.0005887315609803129,0.0,0.0,0.0,0.0
2022-01-04,-0.0005208874712306062,4.671103257439469e-05,-0.000567598503805001,0.09397083418770005,0.0014789890879806954,1.3679050029717061e-07,0.0014788522974803983,0.0002751880383163319,0.0,0.0,0.0,0.0
2022-01-05,0.0,4.698541709385003e-05,-4.698541709385003e-05,0.09397083418770005,-0.00010944051830227711,3.4286694898962716e-05,-0.00014372721320123983,0.06857338979792542,0.0,0.0,0.0,0.0
2022-01-06,-0.0006522699801895536,5.7422434101513776e-05,-0.0007096924142910673,0.11484486820302757,0.0006053250809709682,1.37708667514759e-08,0.0006053113101042167,2.7541733502951804e-05,0.0,0.0,0.0,0.0
2022-01-07,-0.0020391970923701527,4.506894148235901e-05,-0.002084266033852512,0.09063609609091818,-0.0004830524884979145,1.242100126785819e-07,-0.0004831766985105931,0.00024979310084299877,0.0,0.0,0.0,0.0
2022-01-10,0.0013185946340985126,0.00010206371225357513,0.0012165309218449376,0.2044523838716326,2.6489914131592833e-06,8.117522792482456e-08,2.5678161852344587e-06,0.00016260890863267763,0.0,0.0,0.0,0.0
2022-01-11,0.00035810149624338427,1.0541002374247795e-06,0.0003570473960059595,0.002108200474849553,-0.00027116892199049514,1.455859187800526e-07,-0.00027131450790927517,0.0002911718375601044,0.0,0.0,0.0,0.0
2022-01-12,-0.0005976840367070813,5.7241562196214295e-05,-0.0006549255989032955,0.11497386557279708,9.369554058641396e-05,1.2242290724097795e-07,9.357311767917299e-05,0.00024589536588653926,0.0,0.0,0.0,0.0
2022-01-13,0.001026385253069541,2.7607221480297104e-08,0.0010263576458480607,5.521444296059316e-05,-0.00027758342038498927,6.437977703776504e-08,-0.00027764780016202703,0.00012875955407552764,0.0,0.0,0.0,0.0
2022-01-14,-3.2743451842089766e-05,1.0270839789231067e-06,-3.3770535821012875e-05,0.003070441332823113,0.00013735595300677726,2.0368345027695842e-07,0.0001371522695565003,0.0006089064744229794,0.0,0.0,0.0,0.0
2022-01-18,-7.534860802384605e-05,1.6752975797632437e-08,-7.536536099964368e-05,3.353093452310163e-05,0.000131117452600432,4.495339129296766e-05,8.616406130746434e-05,0.08997381947205368,0.0,0.0,0.0,0.0
2022-01-19,-0.001426026378304169,1.304377563599039e-08,-0.001426039422079805,0.00015929439433481907,0.0009455225517674363,1.8152824958983367e-08,0.0009455043989424773,0.00022168759552476658,0.0,0.0,0.0,0.0
2022-01-20,-0.0011108166167330008,4.813477741778759e-05,-0.0011589513941507883,0.09821181660346634,0.0007583333682788854,4.807161590477791e-07,0.0007578526521198376,0.00098082944979562,0.0,0.0,0.0,0.0
2022-01-21,0.0006208368892719147,1.600900571396825e-07,0.000620676799214775,0.0013268795167387867,-0.0017632376688661265,9.784865212353433e-08,-0.00176333551751825,0.0008110020982123461,0.0,0.0,0.0,0.0
2022-01-24,-0.00025316334533389965,1.806351828802585e-07,-0.0002533439805167799,0.0005568543914087308,-7.456701337855997e-05,8.479508122839133e-07,-7.541496419084389e-05,0.002614026381737078,0.0,0.0,0.0,0.0
2022-01-25,-0.00011763934221312557,6.219318494323272e-05,-0.00017983252715635827,0.12438636988646541,-0.00019496430342340592,3.580032938672179e-08,-0.00019500010375279265,7.160065877344357e-05,0.0,0.0,0.0,0.0
2022-01-26,-0.0015323290921208787,5.66710927100598e-05,-0.0015890001848309384,0.1133421854201196,-0.0007133778626970967,3.3583836418200897e-07,-0.0007137137010612786,0.0006716767283640179,0.0,0.0,0.0,0.0
2022-01-27,-0.0028685596488586254,6.631075184972054e-07,-0.0028692227563771227,0.001326215036994427,0.0005486706164240082,4.7226799217034553e-07,0.0005481983484318378,0.0009445359843407025,0.0,0.0,0.0,0.0
2022-01-28,-0.001159068538782523,4.06015987829689e-05,-0.0011996701375654919,0.08120319756593779,-0.0003771328837255143,1.4318141063614233e-07,-0.00037727606513615044,0.00028636282127228463,0.0,0.0,0.0,0.0
2022-01-31,0.000800103984765668,6.237353169605618e-05,0.0007377304530696118,0.12474706339211238,0.0002601167026454838,4.266446455865117e-07,0.0002596900579998973,0.0008532892911730233,0.0,0.0,0.0,0.0
2022-02-01,-0.00027175612015563203,8.733351782161662e-07,-0.0002726294553338482,0.0017466703564323269,-0.0002255540395689468,2.6077993120007887e-07,-0.00022581481950014688,0.0005215598624001561,0.0,0.0,0.0,0.0
2022-02-02,-0.0020611719728405417,4.939818048630583e-08,-0.002061221371021028,9.879636097261113e-05,-0.0014133679160484183,6.030443950203361e-07,-0.0014139709604434386,0.0012060887900406658,0.0,0.0,0.0,0.0
2022-02-03,-0.0009855423104243243,4.7673437667084475e-07,-0.0009860190448009953,0.0009534687533416936,0.0016044833191892522,3.4150164649572457e-07,0.0016041418175427565,0.000683003292991452,0.0,0.0,0.0,0.0
2022-02-04,0.0012434591154443166,3.0062019635752204e-07,0.001243158495247959,0.0012116390610889538,0.0017201585268235458,8.928397219917124e-07,0.001719265687101554,0.0035985588977874156,0.0,0.0,0.0,0.0
2022-02-07,-9.644651582837413e-05,2.77950400235448e-07,-9.672446622860958e-05,0.000555900800470896,3.1792448693755e-05,2.839221840105766e-07,3.1508526509744424e-05,0.0005678443680211531,0.0,0.0,0.0,0.0
2022-02-08,0.0,5.614068311380234e-05,-5.614068311380234e-05,0.11327797369721566,-0.0005767704724650826,2.480510191195227e-07,-0.0005770185234842021,0.0005005054313719365,0.0,0.0,0.0,0.0
2022-02-09,0.0,0.0,0.0,0.0,0.0006727611139599962,4.5849934755439123e-05,0.0006269111792045571,0.09169986951087825,0.0,0.0,0.0,0.0
2022-02-10,0.0,0.0,0.0,0.0,0.0,4.9745327525045414e-05,-4.9745327525045414e-05,0.09949065505009083,0.0,0.0,0.0,0.0
2022-02-11,0.0,0.0,0.0,0.0,0.0,0.0,0.0,0.0,0.0,0.0,0.0,0.0
2022-02-14,0.0,0.0,0.0,0.0,0.0,0.0,0.0,0.0,0.0,0.0,0.0,0.0
2022-02-15,0.0,0.0,0.0,0.0,-3.287884135232794e-05,4.733085577721947e-05,-8.020969712954741e-05,0.09466171155443893,0.0,0.0,0.0,0.0
2022-02-16,0.0,0.0,0.0,0.0,0.0006636548863169412,1.7091975118723597e-07,0.000663483966565754,0.0003418395023744719,0.0,0.0,0.0,0.0
2022-02-17,0.0,0.0,0.0,0.0,0.00026547609719173573,3.9476129511682724e-08,0.000265436621062224,7.895225902336545e-05,0.0,0.0,0.0,0.0
2022-02-18,0.0,0.0,0.0,0.0,0.0010752856481524116,2.867768939555024e-07,0.001074998871258456,0.0005735537879110048,0.0,0.0,0.0,0.0
2022-02-22,0.0,0.0,0.0,0.0,0.0003861035684672815,2.5199783535170826e-07,0.00038585157063192977,0.0005039956707034166,0.0,0.0,0.0,0.0
2022-02-23,0.0,0.0,0.0,0.0,0.0,4.658168516721334e-05,-4.658168516721334e-05,0.09316337033442668,0.0,0.0,0.0,0.0
2022-02-24,0.0,0.0,0.0,0.0,0.0,0.0,0.0,0.0,0.0,0.0,0.0,0.0
2022-02-25,0.0,0.0,0.0,0.0,-2.4808891370040032e-05,5.820653872902304e-05,-8.301543009906307e-05,0.11641307745804608,0.0,0.0,0.0,0.0
2022-02-28,0.0,0.0,0.0,0.0,-0.000702937408368883,1.4411919638696035e-07,-0.0007030815275652699,0.0002882383927739207,0.0,0.0,0.0,0.0
2022-03-01,0.0,0.0,0.0,0.0,-0.0008765311122970901,1.6772376239280254e-06,-0.0008782083499210181,0.0033544752478560508,0.0,0.0,0.0,0.0
2022-03-02,0.0,0.0,0.0,0.0,0.0009516683350246635,8.2807175488896e-07,0.0009508402632697746,0.00165614350977792,0.0,0.0,0.0,0.0
2022-03-03,0.0,0.0,0.0,0.0,0.0006319283323556926,2.756114696066021e-07,0.000631652720886086,0.0005512229392132043,0.0,0.0,0.0,0.0
2022-03-04,0.0,0.0,0.0,0.0,-0.0010705009989612415,4.554182912070026e-05,-0.0011160428280819418,0.09108365824140052,0.0,0.0,0.0,0.0
2022-03-07,0.0,0.0,0.0,0.0,0.0,0.0,0.0,0.2016466556098255,0.0,0.0,0.0,0.0
2022-03-08,0.0,0.0,0.0,0.0,-0.0006250729425230046,9.515112207968414e-05,-0.0007202240646026888,0.19030224415936828,0.0,0.0,0.0,0.0
2022-03-09,-0.00031466836582568804,7.248205449575242e-05,-0.00038715042032144047,0.14496410899150486,-0.00024813906962192723,3.9869943176160106e-08,-0.0002481789395651034,7.973988635232021e-05,0.0,0.0,0.0,0.0
2022-03-10,0.0009296027129155686,7.697541865887249e-07,0.0009288329587289799,0.0019112510045708325,-0.001172464618330015,8.292390616794813e-08,-0.001172547542236183,0.00020589481905748663,0.0,0.0,0.0,0.0
2022-03-11,0.0004403043307209908,3.99381520065759e-07,0.0004399049492009251,0.0018328467765923173,8.007780034204504e-05,1.5693585421304755e-07,7.9920864487832e-05,0.0007202120280347113,0.0,0.0,0.0,0.0
2022-03-14,0.0,7.196439787616464e-05,-7.196439787616464e-05,0.14504251321948336,6.440344490265745e-05,2.773562787706606e-07,6.41260886238868e-05,0.0005590049096127342,0.0,0.0,0.0,0.0
2022-03-15,0.0,0.0,0.0,0.0,-0.0005776819967625172,4.384803818988509e-07,-0.000578120477144416,0.0008769607637977017,0.0,0.0,0.0,0.0
2022-03-16,0.0,0.0,0.0,0.0,0.0019774489961184435,4.210901918166827e-05,0.0019353399769367753,0.08421803836333654,0.0,0.0,0.0,0.0
2022-03-17,0.0,0.0,0.0,0.0,-0.0002895540421000134,1.7654628865955772e-06,-0.00029131950498660896,0.003530925773191154,0.0,0.0,0.0,0.0
2022-03-18,0.0009993408926072926,5.7990914227798356e-05,0.0009413499783794942,0.11798924729780061,0.00043024722415662894,4.975489107901933e-07,0.00042974967524583873,0.0010123210206235134,0.0,0.0,0.0,0.0
2022-03-21,-0.0007718639374801066,3.4264351068013686e-08,-0.0007718982018311746,6.852870213602813e-05,0.00010167640853075792,5.922541522753875e-07,0.00010108415437848253,0.0011845083045507881,0.0,0.0,0.0,0.0
2022-03-22,-0.0014470779781831867,7.332018080608459e-05,-0.0015203981589892712,0.14664036161216917,1.9299554410191766e-06,4.903257480949054e-05,-4.7102619368471364e-05,0.09806514961898109,0.0,0.0,0.0,0.0
2022-03-23,-0.0002258097592447903,5.8369399763895946e-05,-0.00028417915900868623,0.11695813864484818,0.0006438518100436669,5.4783313411917276e-08,0.0006437970267302549,0.00010977249023243207,0.0,0.0,0.0,0.0
2022-03-24,0.0022273461559056957,4.337844675550323e-08,0.00222730277745894,0.00010964115140027486,-0.000654526442048619,3.7228395936163395e-07,-0.0006548987260079806,0.000940965963634563,0.0,0.0,0.0,0.0
2022-03-25,0.0001157184403829824,0.00013223397761484852,-1.6515537231866117e-05,0.264467955229697,8.167834631370479e-05,3.612141183607781e-07,8.131713219534401e-05,0.0007224282367215562,0.0,0.0,0.0,0.0
2022-03-28,0.0,5.936568247853941e-05,-5.936568247853941e-05,0.11881758982121601,-0.0004599820039361658,2.1548391618478002e-08,-0.00046000355232778426,4.312808090022047e-05,0.0,0.0,0.0,0.0
2022-03-29,0.000615071738139297,5.9144969931758704e-05,0.0005559267682075383,0.1182899398635174,-0.0002525932046971318,1.190287435943599e-07,-0.00025271223344072616,0.00023805748718871977,0.0,0.0,0.0,0.0
2022-03-30,0.0017484538803279725,1.488663332681326e-07,0.0017483050139947044,0.0005022197253788524,0.0004886476482373985,3.80538128997995e-08,0.0004886095944244986,0.00012837943304301602,0.0,0.0,0.0,0.0
2022-03-31,-0.0010524070351883646,3.672840401095991e-07,-0.0010527743192284742,0.0007466482815350894,-0.00012000304894019894,4.50346079006073e-05,-0.00016503765684080623,0.0915504321629689,0.0,0.0,0.0,0.0
2022-04-01,0.0017425014997892892,1.2488624297051863e-08,0.0017424890111649922,0.00022515217564715584,0.0003371467306828278,1.5605213155187502e-08,0.00033713112546967264,0.0002813398505516346,0.0,0.0,0.0,0.0
2022-04-04,-0.0009285488056321679,1.1009975604110795e-06,-0.000929649803192579,0.002855946122478914,-0.0006126007710669296,1.4235010309897872e-07,-0.0006127431211700287,0.00036925079545881145,0.0,0.0,0.0,0.0
2022-04-05,0.001255761034014909,4.838050822920914e-07,0.0012552772289326167,0.0009676101645841872,-4.521097029281469e-05,2.767804693450693e-07,-4.548775076215976e-05,0.0005535609386901411,0.0,0.0,0.0,0.0
2022-04-06,0.00042570526298641733,3.723449992773659e-07,0.00042533291798713997,0.0007446899985547317,-0.0003230120511653094,1.595219466337325e-07,-0.00032317157311194313,0.00031904389326746496,0.0,0.0,0.0,0.0
2022-04-07,0.00013525348886592127,1.9084962470087715e-08,0.00013523440390345118,0.00029932575496849356,0.00040699501531389984,2.4663789371178315e-08,0.00040697035152452866,0.0003868232586510256,0.0,0.0,0.0,0.0
2022-04-08,-0.00010626033035887811,1.1854293510319972e-08,-0.00010627218465238843,0.0004655323391744015,-0.00011300964307585192,1.0705376752912217e-08,-0.00011302034845260482,0.00042041299864794407,0.0,0.0,0.0,0.0
2022-04-11,-0.0015377272330074525,4.69685875509433e-05,-0.0015846958205583959,0.09393717510188662,-0.00014006843840187896,3.05922319629448e-09,-0.00014007149762507526,6.118446392588961e-06,0.0,0.0,0.0,0.0
2022-04-12,-0.000591542969791578,4.68436748261488e-05,-0.0006383866446177268,0.0936873496522976,0.00011555816645480432,2.442122171000399e-07,0.00011531395423770427,0.0004884244342000799,0.0,0.0,0.0,0.0
2022-04-13,-0.000251296993582703,5.94476170481799e-05,-0.00031074461063088294,0.11920432810705839,0.00029320889767832516,7.717318843365838e-08,0.0002931317244898915,0.00015474763383127588,0.0,0.0,0.0,0.0
2022-04-14,-0.0007136644044304025,0.0001328603822853784,-0.0008465247867157809,0.26686122797558903,-0.000655759598464187,2.84505308232552e-07,-0.0006560441037724195,0.0005714527883672049,0.0,0.0,0.0,0.0
2022-04-18,-0.0011112597467046947,0.00010825940616555095,-0.0012195191528702456,0.2165188123311019,0.0008888041587548545,5.405230533913271e-07,0.0008882636357014632,0.0010810461067826543,0.0,0.0,0.0,0.0
2022-04-19,0.0008766719658264408,4.701554420214847e-05,0.0008296564216242924,0.09433713849612349,-0.0002340545058128067,7.638820971621851e-08,-0.00023413089402252293,0.00015327367239408723,0.0,0.0,0.0,0.0
2022-04-20,0.0015482610123563193,2.3533069340427363e-07,0.001548025681662915,0.00047459499643516534,0.0004114858176807397,5.6550563281187284e-05,0.00035493525439955244,0.11404638294561825,0.0,0.0,0.0,0.0
2022-04-21,0.0014487867057166254,3.406668357031343e-08,0.0014487526390330552,0.0001486647314904027,0.00010896526628667428,9.171075498771729e-08,0.00010887355553168657,0.0004002196086064641,0.0,0.0,0.0,0.0
2022-04-22,0.0,7.380536313222842e-05,-7.380536313222842e-05,0.14761072626445684,0.0011489239174432145,5.6611746720430325e-05,0.0010923121707227842,0.11322349344086065,0.0,0.0,0.0,0.0
2022-04-25,0.0,0.0,0.0,0.0,2.1739789427733473e-05,8.170565428031428e-07,2.092273288493033e-05,0.0016341130856062855,0.0,0.0,0.0,0.0
2022-04-26,0.0,0.0,0.0,0.0,0.00029290584339153065,3.9210665780227414e-08,0.0002928666327257504,7.842133156045483e-05,0.0,0.0,0.0,0.0
2022-04-27,0.0024638255746869545,7.47129133411871e-05,0.0023891126613457673,0.1494258266823742,0.0003866641153423225,1.234660295184091e-06,0.0003854294550471384,0.002469320590368182,0.0,0.0,0.0,0.0
2022-04-28,0.00020561417415325932,1.1917530825236352e-06,0.00020442242107073568,0.0029695915840147052,0.0005782302346035759,1.3047942283493206e-07,0.000578099755180741,0.00032512657329755723,0.0,0.0,0.0,0.0
2022-04-29,-0.0007725275038978512,6.0985847505162566e-05,-0.0008335133514030138,0.1219716950103251,0.0,4.4015904430096345e-05,-4.4015904430096345e-05,0.08803180886019267,0.0,0.0,0.0,0.0
2022-05-02,-0.0002674539654885098,1.8043869626111625e-07,-0.00026763440418477093,0.0003608773925222325,0.0,0.0,0.0,0.0,0.0,0.0,0.0,0.0
2022-05-03,-0.0008863529833704959,4.674583112495625e-05,-0.0009330988144954521,0.0934916622499125,0.0,0.0,0.0,0.0,0.0,0.0,0.0,0.0
2022-05-04,0.0009336719804056261,6.039212158245291e-05,0.0008732798588231732,0.12078424316490581,0.0,0.0,0.0,0.0,0.0,0.0,0.0,0.0
2022-05-05,-0.00010610713328282513,4.493037499215813e-07,-0.00010655643703274672,0.0008986074998431626,0.0,0.0,0.0,0.0,0.0,0.0,0.0,0.0
2022-05-06,-0.0008204326253471422,1.3208598078139066e-07,-0.0008205647113279236,0.00026417196156278133,0.0,0.0,0.0,0.0,0.0,0.0,0.0,0.0
2022-05-09,0.00114151584985199,3.1038709760021487e-07,0.0011412054627543899,0.0006207741952004298,0.0,0.0,0.0,0.0,0.0,0.0,0.0,0.0
2022-05-10,-0.0005692042344524052,1.0041936752768628e-06,-0.0005702084281276821,0.0020083873505537253,0.0,0.0,0.0,0.0,0.0,0.0,0.0,0.0
2022-05-11,0.0010376821957362291,2.3321868335646202e-08,0.0010376588738678935,4.66437366712924e-05,0.0,0.0,0.0,0.0,0.0,0.0,0.0,0.0
2022-05-12,0.0013043079490665445,4.5875817928744955e-07,0.0013038491908872571,0.0009175163585748991,0.0,0.0,0.0,0.0,0.0,0.0,0.0,0.0
2022-05-13,-0.001332610184546249,5.4624215520013515e-05,-0.0013872344000662627,0.10924843104002703,0.0,0.0,0.0,0.0,0.0,0.0,0.0,0.0
2022-05-16,0.0007530443288864809,8.501115892611544e-07,0.0007521942172972197,0.0017002231785223088,0.0,0.0,0.0,0.0,0.0,0.0,0.0,0.0
2022-05-17,9.3785645145435e-05,4.9746979343173426e-05,4.403866580226157e-05,0.1346963546064992,-0.0018787194407368923,4.831673426359434e-05,-0.0019270361750004868,0.13082378182003468,0.0,0.0,0.0,0.0
2022-05-18,0.0006937367030331204,3.137028837969263e-08,0.0006937053327447407,6.659506875017485e-05,-0.0007746679526296997,1.0526151065052474e-06,-0.0007757205677362049,0.0022345658585200545,0.0,0.0,0.0,0.0
2022-05-19,0.0008795648071917757,5.1940092112313126e-05,0.0008276247150794626,0.10388018422462623,-0.0011105861043052149,3.371534874887991e-07,-0.0011109232577927036,0.0006743069749775982,0.0,0.0,0.0,0.0
2022-05-20,1.9395923497490515e-05,5.1720507557929516e-05,-3.2324584060439e-05,0.10485819473360429,0.0018479990483971924,3.5188443193572453e-07,0.0018476471639652567,0.000713410753873836,0.0,0.0,0.0,0.0
2022-05-23,-0.0008528268614394932,4.3965295328007315e-07,-0.0008532665143927733,0.0008953399494866926,0.0014835456702856583,4.866073361606574e-05,0.0014348849366695926,0.09909611308817833,0.0,0.0,0.0,0.0
2022-05-24,0.0002260137468259463,1.4614063539233718e-07,0.00022586760619055398,0.0007034289833376603,0.00144023632209151,3.5392080452192374e-07,0.0014398824012869882,0.001703551863166168,0.0,0.0,0.0,0.0
2022-05-25,0.0005208601709947914,4.262309332720912e-08,0.0005208175479014642,8.524618665441824e-05,0.0001192703675866241,4.9673889543561434e-05,6.959647804306267e-05,0.09934777908712286,0.0,0.0,0.0,0.0
2022-05-26,3.719615012331306e-05,1.235656723648799e-08,3.718379355607657e-05,2.5632008487312674e-05,-0.0013171224119847866,6.770167991617641e-07,-0.0013177994287839484,0.001404378741283796,0.0,0.0,0.0,0.0
2022-05-27,-0.0003375089910202366,4.135572675468376e-09,-0.0003375131265929121,8.271145350936815e-06,0.0009069157418548444,4.584640128957284e-07,0.0009064572778419486,0.0009169280257914636,0.0,0.0,0.0,0.0
2022-05-31,-0.0010977052456591385,5.1628789266396245e-05,-0.0011493340349255348,0.1032575785327925,-0.0003640515542958612,7.881360314548057e-07,-0.00036483969032731603,0.0015762720629096116,0.0,0.0,0.0,0.0
2022-06-01,0.0002560334235162283,1.5749624783092965e-07,0.00025587592726839735,0.00031499249566186013,8.168324859844758e-05,1.0007981253298106e-07,8.15831687859146e-05,0.00020015962506596263,0.0,0.0,0.0,0.0
2022-06-02,0.0,2.4327343414637486e-05,-2.4327343414637486e-05,0.10369252535673194,-0.002046705697398783,2.863128813031057e-05,-0.0020753369855290938,0.12203759859211767,0.0,0.0,0.0,0.0
2022-06-03,0.0,0.0,0.0,0.0,-0.0004549860469837511,7.505800119608948e-07,-0.00045573662699571196,0.0015011600239217895,0.0,0.0,0.0,0.0
2022-06-06,0.0,0.0,0.0,0.0,0.000558705290725619,5.68997856678511e-07,0.0005581362928689405,0.001137995713357022,0.0,0.0,0.0,0.0
2022-06-07,0.0,0.0,0.0,0.0,-0.000264248845388232,5.6148302749112724e-05,-0.0003203971481373447,0.11229660549822544,0.0,0.0,0.0,0.0
2022-06-08,0.0,0.0,0.0,0.0,-0.0008526276762631206,3.102420917902374e-07,-0.0008529379183549108,0.0006204841835804747,0.0,0.0,0.0,0.0
2022-06-09,0.0,0.0,0.0,0.0,-0.0019405383715610375,4.487320460899313e-05,-0.001985411576170031,0.08974640921798625,0.0,0.0,0.0,0.0
2022-06-10,0.0,0.0,0.0,0.0,-0.000679404658835584,5.786029435672288e-07,-0.0006799832617791512,0.0011572058871344576,0.0,0.0,0.0,0.0
2022-06-13,0.0,0.0,0.0,0.0,-0.0006593299538110099,5.396612688212151e-05,-0.0007132960806931314,0.10793225376424301,0.0,0.0,0.0,0.0
2022-06-14,0.0,0.0,0.0,0.0,-0.0003017929670310739,4.116292649258002e-07,-0.0003022045962959997,0.0008232585298516004,0.0,0.0,0.0,0.0
2022-06-15,0.0,0.0,0.0,0.0,0.0007660110886041081,2.601654496608569e-07,0.0007657509231544472,0.0005203308993217137,0.0,0.0,0.0,0.0
2022-06-16,0.0,0.0,0.0,0.0,0.0016717476714540411,3.137714584933449e-07,0.0016714338999955479,0.0006275429169866897,0.0,0.0,0.0,0.0
2022-06-17,0.0,0.0,0.0,0.0,-0.00024088829884264331,1.0598094008322234e-06,-0.00024194810824347554,0.002119618801664447,0.0,0.0,0.0,0.0
2022-06-21,0.0,0.0,0.0,0.0,-3.4608085347840765e-05,4.3046929266672435e-05,-7.76550146145132e-05,0.08609385853334486,0.0,0.0,0.0,0.0
2022-06-22,-0.00026100838014228665,6.794365694167782e-05,-0.00032895203708396446,0.13588731388335562,0.0006508070675776809,1.0177012740748492e-07,0.0006507052974502734,0.0002035402548149698,0.0,0.0,0.0,0.0
2022-06-23,0.0,6.794365694167782e-05,-6.794365694167782e-05,0.13588731388335562,0.0017427922566953416,1.2386000314092151e-08,0.0017427798706950274,2.47720006281843e-05,0.0,0.0,0.0,0.0
2022-06-24,0.0,0.0,0.0,0.0,0.0,5.4890149260238966e-05,-5.4890149260238966e-05,0.10978029852047792,0.0,0.0,0.0,0.0
2022-06-27,0.0,0.0,0.0,0.0,0.0,0.0,0.0,0.0,0.0,0.0,0.0,0.0
2022-06-28,0.0,0.0,0.0,0.0,0.0,0.0,0.0,0.0,0.0,0.0,0.0,0.0
2022-06-29,0.0,0.0,0.0,0.0,0.0,0.0,0.0,0.0,0.0,0.0,0.0,0.0
2022-06-30,0.0,0.0,0.0,0.0,0.0,0.0,0.0,0.0,0.0,0.0,0.0,0.0
2022-07-01,0.0,0.0,0.0,0.0,-0.0012345790011174568,0.00010403111779942376,-0.0013386101189168805,0.2080622355988475,0.0,0.0,0.0,0.0
2022-07-05,0.0,0.0,0.0,0.0,-0.00040265930609319,6.418163752817199e-05,-0.000466840943621362,0.12836327505634398,0.0,0.0,0.0,0.0
2022-07-06,0.0,0.0,0.0,0.0,-0.00016692565108693004,4.265004650633458e-05,-0.0002095756975932646,0.08530009301266915,0.0,0.0,0.0,0.0
2022-07-07,0.0,0.0,0.0,0.0,0.002181770305583717,9.928194950565434e-09,0.0021817603773887665,1.9856389901130866e-05,0.0,0.0,0.0,0.0
2022-07-08,0.0,0.0,0.0,0.0,0.0007609267627875691,6.916958519578472e-07,0.0007602350669356113,0.0013833917039156943,0.0,0.0,0.0,0.0
2022-07-11,0.0,0.0,0.0,0.0,-0.0011550135574223512,1.3052226716219265e-07,-0.0011551440796895133,0.0002610445343243853,0.0,0.0,0.0,0.0
2022-07-12,0.0,0.0,0.0,0.0,0.0044615876215208655,1.889396776309886e-07,0.004461398681843235,0.0003778793552619772,0.0,0.0,0.0,0.0
2022-07-13,1.0514471746058654e-05,2.558895174156025e-05,-1.5074479995501596e-05,0.10220507103984572,0.0006160170587061312,2.6770334790199154e-05,0.0005892467239159321,0.10692364410336452,0.0,0.0,0.0,0.0
2022-07-14,0.0,5.110253551992286e-05,-5.110253551992286e-05,0.10220507103984572,-0.00031313849619681055,4.2283805235974065e-05,-0.00035542230143278464,0.08456761047194812,0.0,0.0,0.0,0.0
2022-07-15,-0.0005373370539818047,5.296832629981545e-05,-0.0005903053802816202,0.10593665259963088,0.0003032911810996846,0.00010356538514870174,0.00019972579595098285,0.20713077029740348,0.0,0.0,0.0,0.0
2022-07-18,-0.0005355069232780647,4.797788738428299e-05,-0.0005834848106623477,0.09629158534233492,0.001357968731159797,8.380599807167264e-08,0.0013578849251617254,0.00016819857762560841,0.0,0.0,0.0,0.0
2022-07-19,-0.00025501607728461344,6.413180243180415e-08,-0.00025508020908704523,0.0001285198759784778,-0.0002911298928882551,6.426002192835709e-05,-0.0003553899148166122,0.1287768273375563,0.0,0.0,0.0,0.0
2022-07-20,-0.00014124920107739082,2.6856470700330805e-08,-0.00014127605754809115,5.371294140066318e-05,-0.0005908204723197076,9.144120716909978e-08,-0.0005909119135268767,0.0001828824143382049,0.0,0.0,0.0,0.0
2022-07-21,0.0,5.120523537967247e-05,-5.120523537967247e-05,0.10241047075934494,-0.0005684064177401328,1.9583022432200645e-07,-0.0005686022479644548,0.00039166044864401284,0.0,0.0,0.0,0.0
2022-07-22,0.0,0.0,0.0,0.0,-7.900995700525944e-05,3.644665814019066e-09,-7.901360167107346e-05,7.2893316280381315e-06,0.0,0.0,0.0,0.0
2022-07-25,0.0,0.0,0.0,0.0,-0.00021552953731368723,5.162502375750631e-07,-0.0002160457875512623,0.0010325004751501263,0.0,0.0,0.0,0.0
2022-07-26,0.0,0.0,0.0,0.0,0.00014859528548333257,8.492727858490021e-08,0.00014851035820474766,0.0001698545571698004,0.0,0.0,0.0,0.0
2022-07-27,0.0,0.0,0.0,0.0,0.0011451959335806185,1.455915962009769e-06,0.0011437400176186087,0.002911831924019538,0.0,0.0,0.0,0.0
2022-07-28,0.0,0.0,0.0,0.0,0.0037861012030502403,5.030016780141578e-05,0.0037358010352488247,0.10060033560283155,0.0,0.0,0.0,0.0
2022-07-29,0.0,0.0,0.0,0.0,0.0009544963530453306,4.243701020127719e-05,0.0009120593428440534,0.08487402040255437,0.0,0.0,0.0,0.0
2022-08-01,0.0,0.0,0.0,0.0,1.4988692686447412e-06,5.412186295684035e-05,-5.262299368819561e-05,0.1082437259136807,0.0,0.0,0.0,0.0
2022-08-02,0.0018381822936314354,6.331195593857186e-05,0.0017748703376928635,0.12844190279926523,-0.0010611078573727287,4.5125828133458203e-07,-0.0010615591156540633,0.0009154743594523562,0.0,0.0,0.0,0.0
2022-08-03,-0.002701079495643707,6.532148470292654e-07,-0.002701732710490736,0.0013064296940585307,-0.0005054878227573039,1.2536987943014e-07,-0.0005056131926367341,0.00025073975886028,0.0,0.0,0.0,0.0
2022-08-04,0.0025281999279024576,1.0567986363676056e-06,0.00252714312926609,0.0021135972727352043,-0.001982776752460742,8.546886045762732e-09,-0.0019827852993467877,1.7093772091525405e-05,0.0,0.0,0.0,0.0
2022-08-05,-0.0006026495978382117,1.3193462828567717e-06,-0.0006039689441210684,0.0026386925657135435,-5.9964998131220807e-05,2.7678329961664324e-07,-6.024178143083745e-05,0.0005535665992332864,0.0,0.0,0.0,0.0
2022-08-08,-0.000466571346130253,3.4098725717884857e-09,-0.0004665747560028248,6.819745143576972e-06,0.0007883087936060915,1.233190899399966e-07,0.0007881854745161515,0.00024663817987999326,0.0,0.0,0.0,0.0
2022-08-09,-0.0015328521918196486,1.4172288837256476e-06,-0.0015342694207033743,0.0028344577674512955,-0.0015431467329993433,0.00011487751951698198,-0.0016580242525163253,0.22975503903396396,0.0,0.0,0.0,0.0
2022-08-10,0.0,6.391184033859137e-05,-6.391184033859137e-05,0.12782368067718275,0.00026843889145667396,4.424085001584439e-05,0.00022419804144082958,0.08848170003168879,0.0,0.0,0.0,0.0
2022-08-11,0.0,0.0,0.0,0.0,4.580574877944781e-05,1.1881975823044567e-06,4.461755119714335e-05,0.002376395164608913,0.0,0.0,0.0,0.0
2022-08-12,0.0,0.0,0.0,0.0,-0.0001409015175668979,6.657955514725943e-05,-0.00020748107271415731,0.13315911029451888,0.0,0.0,0.0,0.0
2022-08-15,0.0,0.0,0.0,0.0,0.00025744154087813353,2.254576197759095e-07,0.0002572160832583576,0.000450915239551819,0.0,0.0,0.0,0.0
2022-08-16,0.0,0.0,0.0,0.0,0.00035027894552789733,1.5259961974864456e-08,0.00035026368556592246,3.051992394972891e-05,0.0,0.0,0.0,0.0
2022-08-17,0.0,0.0,0.0,0.0,0.0006957482394263389,3.700786615316831e-05,0.0006587403732731706,0.07401573230633662,0.0,0.0,0.0,0.0
2022-08-18,0.0,0.0,0.0,0.0,-0.002323738561657551,4.5926491417429455e-05,-0.00236966505307498,0.0918529828348589,0.0,0.0,0.0,0.0
2022-08-19,0.0,0.0,0.0,0.0,9.078559765333906e-05,1.5590812863144206e-07,9.062968952470761e-05,0.0003118162572628841,0.0,0.0,0.0,0.0
2022-08-22,0.0,0.0,0.0,0.0,-0.00020426965032143275,3.7705232213612094e-05,-0.00024197488253504485,0.07541046442722418,0.0,0.0,0.0,0.0
2022-08-23,0.0,0.0,0.0,0.0,-2.6656905621447324e-05,4.971351829605175e-08,-2.6706619139743375e-05,9.94270365921035e-05,0.0,0.0,0.0,0.0
2022-08-24,0.0,0.0,0.0,0.0,-5.9152489146982046e-05,5.409799590740463e-08,-5.920658714288945e-05,0.00010819599181480927,0.0,0.0,0.0,0.0
2022-08-25,0.0,0.0,0.0,0.0,6.673538984893791e-05,2.396026765105856e-07,6.649578717242733e-05,0.00047920535302117123,0.0,0.0,0.0,0.0
2022-08-26,0.0,0.0,0.0,0.0,0.0002005037285414921,5.8684273820115646e-05,0.00014181945472137644,0.11736854764023129,0.0,0.0,0.0,0.0
2022-08-29,0.0,0.0,0.0,0.0,5.229951059925364e-05,5.853304601966491e-05,-6.233535420411267e-06,0.11706609203932981,0.0,0.0,0.0,0.0
2022-08-30,0.0,0.0,0.0,0.0,0.0,0.0,0.0,0.09784053635032905,0.0,0.0,0.0,0.0
2022-08-31,0.0,0.0,0.0,0.0,0.0,0.0,0.0,0.0,0.0,0.0,0.0,0.0
2022-09-01,0.0,0.0,0.0,0.0,0.0,0.0,0.0,0.0,0.0,0.0,0.0,0.0
2022-09-02,-0.0003293829633656554,4.5175112337824156e-05,-0.00037455807570347955,0.09035022467564831,9.366756443339647e-05,6.874809809783811e-05,2.4919466335558368e-05,0.1374961961956762,0.0,0.0,0.0,0.0
2022-09-06,-0.0011346880650574273,4.1408106571176434e-07,-0.001135102146123139,0.0009343107437200238,-8.942163583083938e-05,2.4938897570258092e-08,-8.944657472840964e-05,5.62708171559928e-05,0.0,0.0,0.0,0.0
2022-09-07,-0.00014942865985276396,1.3543588603799997e-08,-0.00014944220344136777,2.8468958189024895e-05,-0.0004907403191480209,5.445359665125032e-07,-0.0004912848551145334,0.0011446280684216242,0.0,0.0,0.0,0.0
2022-09-08,2.2906794441975747e-05,7.388669027419747e-07,2.2167927539233773e-05,0.0014777338054839453,0.0006890929193919433,4.972360632759327e-07,0.0006885956833286674,0.0009944721265518625,0.0,0.0,0.0,0.0
2022-09-09,0.0,4.4766160760221844e-05,-4.4766160760221844e-05,0.0908651787792232,-0.0003700283247294292,3.3075237859636225e-07,-0.0003703590771080256,0.0006713525015867999,0.0,0.0,0.0,0.0
2022-09-12,0.0,0.0,0.0,0.0,0.0,7.018145985469626e-05,-7.018145985469626e-05,0.14036291970939252,0.0,0.0,0.0,0.0
2022-09-13,0.0,0.0,0.0,0.0,0.0,0.0,0.0,0.0,0.0,0.0,0.0,0.0
2022-09-14,0.0,0.0,0.0,0.0,0.0027568243498326175,4.0210115913524936e-05,0.0027166142339190924,0.08042023182704987,0.0,0.0,0.0,0.0
2022-09-15,0.0001697159960736929,5.0867137360221e-05,0.0001188488587134719,0.101734274720442,0.0006106553603472896,3.186520479874812e-08,0.0006106234951424909,6.373040959749623e-05,0.0,0.0,0.0,0.0
2022-09-16,-0.00015836543970511544,3.15180909195682e-08,-0.000158396957796035,6.31351561802343e-05,0.0,4.0178895449314e-05,-4.0178895449314e-05,0.08048396223664736,0.0,0.0,0.0,0.0
2022-09-19,0.0005275520444009622,4.1765435093029866e-05,0.00048578660930793233,0.08353087018605973,0.0003354623502843175,4.884765158342916e-05,0.00028661469870088836,0.09769530316685832,0.0,0.0,0.0,0.0
2022-09-20,0.00012256894635010834,4.155780388888751e-05,8.101114246122083e-05,0.08395726145051549,0.0005991672750931492,2.0935343024676675e-07,0.0005989579216629024,0.00042294681224697844,0.0,0.0,0.0,0.0
2022-09-21,-8.474369631074384e-05,9.676908094058065e-08,-8.484046539168443e-05,0.0001935381618811613,0.0006014639871969199,4.991840157223032e-05,0.0005515455856246895,0.09983680314446063,0.0,0.0,0.0,0.0
2022-09-22,-0.000949172463139146,7.967526102189287e-08,-0.0009492521384001679,0.00015935052204378575,0.0006356077323926444,5.9874204038232426e-05,0.000575733528354412,0.11974840807646485,0.0,0.0,0.0,0.0
2022-09-23,0.0,4.9459706475253354e-05,-4.9459706475253354e-05,0.10140520625200385,0.0008803690571226601,6.137368813660913e-07,0.0008797553202412941,0.0012583195387649397,0.0,0.0,0.0,0.0
2022-09-26,0.0,0.0,0.0,0.0,-0.0009891663932260913,4.925991276079553e-07,-0.0009896589923536992,0.0009851982552159105,0.0,0.0,0.0,0.0
2022-09-27,0.0,0.0,0.0,0.0,-0.0004474794335608306,4.833088664600374e-07,-0.00044796274242729064,0.0009666177329200748,0.0,0.0,0.0,0.0
2022-09-28,0.0,0.0,0.0,0.0,0.0015031405809940212,6.93025977959727e-08,0.0015030712783962253,0.0001386051955919454,0.0,0.0,0.0,0.0
2022-09-29,0.0,0.0,0.0,0.0,0.0016471492209683186,4.893573851745968e-05,0.001598213482450859,0.09787147703491936,0.0,0.0,0.0,0.0
2022-09-30,0.0,0.0,0.0,0.0,0.0004315268102572621,1.4178861724740941e-06,0.00043010892408478803,0.0028357723449481884,0.0,0.0,0.0,0.0
2022-10-03,0.0,0.0,0.0,0.0,-0.00025800682847400063,5.088145295936673e-05,-0.0003088882814333674,0.10176290591873345,0.0,0.0,0.0,0.0
2022-10-04,0.0,0.0,0.0,0.0,-0.0005353552722795877,7.687153228616573e-08,-0.0005354321438118738,0.00015374306457233144,0.0,0.0,0.0,0.0
2022-10-05,0.0,0.0,0.0,0.0,0.00018599688618737374,1.773931739579085e-07,0.00018581949301341584,0.000354786347915817,0.0,0.0,0.0,0.0
2022-10-06,0.0,0.0,0.0,0.0,0.0007214756578413862,2.205247555291806e-08,0.0007214536053658334,4.410495110583612e-05,0.0,0.0,0.0,0.0
2022-10-07,0.0,0.0,0.0,0.0,0.0011437126438559853,1.9175233131957237e-07,0.0011435208915246658,0.00038350466263914473,0.0,0.0,0.0,0.0
2022-10-10,0.0,0.0,0.0,0.0,0.0007653537029716284,5.168678479125209e-05,0.0007136669181803763,0.10337356958250418,0.0,0.0,0.0,0.0
2022-10-11,0.0,0.0,0.0,0.0,4.9722758495957e-05,5.720807891408464e-05,-7.485320418127646e-06,0.11441615782816929,0.0,0.0,0.0,0.0
2022-10-12,0.0,0.0,0.0,0.0,-0.00023417505053311956,1.9265693901020925e-08,-0.00023419431622702058,3.853138780204185e-05,0.0,0.0,0.0,0.0
2022-10-13,0.0,0.0,0.0,0.0,3.734879771316959e-05,5.111233084572228e-05,-1.3763533132552689e-05,0.10222466169144456,0.0,0.0,0.0,0.0
2022-10-14,0.0,0.0,0.0,0.0,-7.612680923452902e-05,3.1655833830777565e-07,-7.644336757283679e-05,0.0006331166766155513,0.0,0.0,0.0,0.0
2022-10-17,0.0007053706705839904,2.76661117943567e-05,0.0006777045587896337,0.1029807726812042,-0.0016962778583893522,3.385819515166922e-05,-0.0017301360535410214,0.12602938657325602,0.0,0.0,0.0,0.0
2022-10-18,-0.0017776927314903527,0.0001020300543804177,-0.0018797227858707703,0.20811399161234995,-0.001033947653358329,1.0035028581790575e-06,-0.001034951156216508,0.002046877135156444,0.0,0.0,0.0,0.0
2022-10-19,0.0011885090703435618,3.610465255849022e-07,0.0011881480238179769,0.0007220930511698045,0.0005691409396707115,5.222026783921692e-05,0.0005169206718314945,0.10444053567843385,0.0,0.0,0.0,0.0
2022-10-20,7.002328060892865e-05,2.5777655454042622e-05,4.424562515488602e-05,0.09720386281096885,-0.0011907684233201717,2.753421801917421e-05,-0.0012183026413393459,0.10382760975740253,0.0,0.0,0.0,0.0
2022-10-21,-0.0015476781750182903,1.8626438945266632e-06,-0.001549540818912817,0.0037252877890533217,-0.0003320899426523297,1.9672593991001777e-06,-0.0003340572020514299,0.003934518798200351,0.0,0.0,0.0,0.0
2022-10-24,0.00056755593155045,4.871975668439693e-05,0.0005188361748660531,0.09743951336879386,-0.001067761071687782,1.0361898647069727e-06,-0.0010687972615524889,0.002072379729413945,0.0,0.0,0.0,0.0
2022-10-25,0.000243935627081054,2.5088856864818866e-06,0.0002414267413945721,0.005139126979619962,0.0005686102247914966,2.997640952433299e-08,0.0005685802483819723,6.140278760753681e-05,0.0,0.0,0.0,0.0
2022-10-26,0.0010663850735287378,5.054065134370267e-05,0.001015844422185035,0.10287005409316022,0.0015740353114170283,4.432657990899468e-07,0.0015735920456179384,0.0009022198075750026,0.0,0.0,0.0,0.0
2022-10-27,-0.0009831453686347707,4.824064587173163e-05,-0.0010313860145065024,0.10121464412095241,-0.0010382710855564015,4.9957876508642064e-05,-0.0010882289620650436,0.10481759936020503,0.0,0.0,0.0,0.0
2022-10-28,0.003403483227409093,4.964604365949798e-05,0.003353837183749595,0.10681949256938847,0.00040708978819102353,1.8131241820866808e-06,0.00040527666400893685,0.0039011568862191426,0.0,0.0,0.0,0.0
2022-10-31,-0.0007191249808497953,3.776828142942397e-06,-0.0007229018089927377,0.007553656285884782,-0.0012026911068464504,2.7524743525984175e-07,-0.0012029663542817103,0.0005504948705196827,0.0,0.0,0.0,0.0
2022-11-01,-0.0008221661517881103,1.6911510997226636e-07,-0.0008223352668980826,0.00033823021994453493,0.0003403069115628163,2.264802153660996e-07,0.0003400804313474502,0.00045296043073220216,0.0,0.0,0.0,0.0
2022-11-02,0.0002600723886104849,1.618155688749382e-08,0.0002600562070535974,0.0003644119992663383,0.0033115665775773815,1.3541847140618093e-08,0.003311553035730241,0.00030496519121010757,0.0,0.0,0.0,0.0
2022-11-03,0.0009576884927247001,1.6281481670643584e-07,0.0009575256779079936,0.00032562963341287166,-0.00038545962593290067,0.00010838402505612436,-0.000493843650989025,0.2167680501122487,0.0,0.0,0.0,0.0
2022-11-04,0.0017354828850973045,0.00010947939979867722,0.0016260034852986272,0.2189587995973544,0.0038186181326393125,5.35875227915858e-07,0.0038180822574113964,0.001071750455831716,0.0,0.0,0.0,0.0
2022-11-07,-0.0013297429538049422,7.807387469259129e-07,-0.0013305236925518682,0.001561477493851826,0.0011530225075641522,5.052608012434377e-05,0.0011024964274398085,0.10105216024868754,0.0,0.0,0.0,0.0
2022-11-08,-0.00042814067686575835,6.170412595196997e-05,-0.0004898448028177283,0.12575335784530467,-7.123905047746917e-06,5.80758458425081e-07,-7.704663506171998e-06,0.0011835890245145766,0.0,0.0,0.0,0.0
2022-11-09,-0.00019866325762774072,1.0730085579992862e-07,-0.00019877055848354066,0.0002146017115998572,0.0002657018991013948,3.155623685054815e-08,0.0002656703428645443,6.31124737010963e-05,0.0,0.0,0.0,0.0
2022-11-10,0.0,5.3759637535431245e-05,-5.3759637535431245e-05,0.10751927507086248,0.0007183346304862075,1.7610938895653087e-07,0.000718158521097251,0.0003522187779130617,0.0,0.0,0.0,0.0
2022-11-11,0.0,0.0,0.0,0.0,-0.0008049023394162086,0.00012069969328294871,-0.0009256020326991573,0.24139938656589743,0.0,0.0,0.0,0.0
2022-11-14,0.0,0.0,0.0,0.0,-0.0009753892603976302,5.400049019395027e-05,-0.0010293897505915806,0.10800098038790054,0.0,0.0,0.0,0.0
2022-11-15,0.0,0.0,0.0,0.0,0.00019348689464266573,4.3934057930400393e-07,0.00019304755406336172,0.0008786811586080079,0.0,0.0,0.0,0.0
2022-11-16,0.0,0.0,0.0,0.0,0.0011339688871678337,2.439657669004412e-07,0.0011337249214009332,0.00048793153380088244,0.0,0.0,0.0,0.0
2022-11-17,0.0,0.0,0.0,0.0,0.001585782264825554,2.89864826229818e-07,0.0015854923999993242,0.000579729652459636,0.0,0.0,0.0,0.0
2022-11-18,0.0,0.0,0.0,0.0,0.0008897232609540912,7.628411241385885e-08,0.0008896469768416773,0.0001525682248277177,0.0,0.0,0.0,0.0
2022-11-21,0.0,0.0,0.0,0.0,-0.001412806648352343,3.748340846937565e-07,-0.0014131814824370366,0.0007496681693875129,0.0,0.0,0.0,0.0
2022-11-22,0.0,0.0,0.0,0.0,-0.0019938394578634254,0.00011492380515421675,-0.002108763263017642,0.22984761030843348,0.0,0.0,0.0,0.0
2022-11-23,0.0,0.0,0.0,0.0,5.608537209679824e-05,6.171355352936862e-05,-5.628181432570378e-06,0.12342710705873725,0.0,0.0,0.0,0.0
2022-11-25,0.0,0.0,0.0,0.0,0.0,0.0,0.0,0.2219145075303689,0.0,0.0,0.0,0.0
2022-11-28,0.0,0.0,0.0,0.0,0.0,0.0,0.0,0.0,0.0,0.0,0.0,0.0
2022-11-29,0.0,0.0,0.0,0.0,0.0,0.0,0.0,0.0,0.0,0.0,0.0,0.0
2022-11-30,0.0,0.0,0.0,0.0,0.0,0.0,0.0,0.0,0.0,0.0,0.0,0.0
2022-12-01,0.0,0.0,0.0,0.0,9.448678181496504e-05,4.973098520830123e-05,4.4755796606663806e-05,0.09946197041660246,0.0,0.0,0.0,0.0
2022-12-02,0.0,0.0,0.0,0.0,9.020945214491935e-05,5.106562744238964e-05,3.914382470252971e-05,0.10213125488477928,0.0,0.0,0.0,0.0
2022-12-05,0.0,0.0,0.0,0.0,-0.002827539260115082,5.06605725599206e-08,-0.0028275899206876417,0.0001013211451198412,0.0,0.0,0.0,0.0
2022-12-06,0.0,0.0,0.0,0.0,0.0002839224946029427,4.413748745826056e-07,0.00028348111972836007,0.0008827497491652112,0.0,0.0,0.0,0.0
2022-12-07,0.0,0.0,0.0,0.0,-0.00034205197146743575,2.6253160357029087e-07,-0.00034231450307100605,0.0005250632071405817,0.0,0.0,0.0,0.0
2022-12-08,0.0,0.0,0.0,0.0,-0.0013953859990795516,4.617039513476265e-07,-0.0013958477030308993,0.000923407902695253,0.0,0.0,0.0,0.0
2022-12-09,0.0,0.0,0.0,0.0,-0.0008734816439028329,3.5651705941823484e-07,-0.0008738381609622512,0.0007130341188364697,0.0,0.0,0.0,0.0
2022-12-12,0.0,0.0,0.0,0.0,-7.041247947647171e-06,5.142477677195612e-05,-5.846602471960329e-05,0.10284955354391223,0.0,0.0,0.0,0.0
2022-12-13,0.0,0.0,0.0,0.0,-0.0006934997129801675,2.913804169354939e-08,-0.0006935288510218611,5.8276083387098776e-05,0.0,0.0,0.0,0.0
2022-12-14,0.0003749726370946754,5.158650584977458e-05,0.00032338613124490085,0.10317301169954918,-0.0007204713749932331,1.5770930863746866e-07,-0.0007206290843018706,0.00031541861727493736,0.0,0.0,0.0,0.0
2022-12-15,-2.342442004044142e-05,1.2667010396149905e-09,-2.3425686741481034e-05,2.5334020792300294e-06,-0.00044385166940949733,1.7990282556684672e-07,-0.0004440315722350642,0.0003598056511337003,0.0,0.0,0.0,0.0
2022-12-16,-0.0002820087159496444,4.101743616415033e-08,-0.00028204973338580855,8.216660951226862e-05,-0.0002983433431795455,5.112545749492373e-05,-0.00034946880067446924,0.10241511647168805,0.0,0.0,0.0,0.0
2022-12-19,-0.001281616849180323,4.953896417677033e-05,-0.0013311558133570934,0.09953150616402998,-0.00022569537483443946,1.1313548603462581e-07,-0.0002258085103204741,0.00022730683842005217,0.0,0.0,0.0,0.0
2022-12-20,0.0020799091463091783,4.746273122891935e-07,0.002079434518996889,0.000949254624578393,0.0003876615846588526,1.0877394920939742e-07,0.00038755281070964324,0.00021754789841879618,0.0,0.0,0.0,0.0
2022-12-21,-0.0003493916001640912,5.109661036019032e-05,-0.00040048821052428155,0.10219322072038062,-0.0004215369876116892,3.356294120065995e-08,-0.00042157055055288986,6.712588240131989e-05,0.0,0.0,0.0,0.0
2022-12-22,0.0,4.979283491051566e-05,-4.979283491051566e-05,0.09958566982103133,-0.0005880436194715126,8.285071544004291e-08,-0.0005881264701869526,0.00016570143088008582,0.0,0.0,0.0,0.0
2022-12-23,0.0,0.0,0.0,0.0,5.283964879238827e-05,1.7825990285184195e-07,5.266138888953643e-05,0.0003565198057036839,0.0,0.0,0.0,0.0
2022-12-27,0.0,0.0,0.0,0.0,-0.0006985317034102187,3.6317856031115036e-08,-0.0006985680212662498,7.263571206223007e-05,0.0,0.0,0.0,0.0
2022-12-28,0.0,0.0,0.0,0.0,-0.00035342884844543026,3.598447547245587e-08,-0.0003534648329209027,7.196895094491174e-05,0.0,0.0,0.0,0.0
2022-12-29,0.0,0.0,0.0,0.0,0.00010105132852875585,2.7907416202427315e-08,0.00010102342111255342,5.581483240485463e-05,0.0,0.0,0.0,0.0
2022-12-30,0.0,0.0,0.0,0.0,-8.58892227655178e-06,4.702583343326877e-07,-9.059180610884468e-06,0.0009405166686653754,0.0,0.0,0.0,0.0
2023-01-03,0.0,0.0,0.0,0.0,-0.00040441480224132943,5.350033333129112e-09,-0.00040442015227466256,1.0700066666258223e-05,0.0,0.0,0.0,0.0
2023-01-04,-0.0003712663017101746,5.2166371516381164e-05,-0.0004234326732265558,0.10469179401799461,0.0018908606819213558,8.960855674280218e-08,0.001890771073364613,0.00017983387174669296,0.0,0.0,0.0,0.0
2023-01-05,-0.0005567263682096736,4.3094981836169864e-07,-0.0005571573180280353,0.0008765792956979129,-0.00045385918601260395,5.103641586314976e-05,-0.0005048956018757537,0.10381131065872083,0.0,0.0,0.0,0.0
2023-01-06,-0.00019476889484721835,8.924848610880747e-08,-0.00019485814333332715,0.00025622895514636895,-0.001606728560547522,4.991334252342897e-07,-0.0016072276939727563,0.0014329927778325563,0.0,0.0,0.0,0.0
2023-01-09,-0.0016418434737666921,6.020302442570006e-05,-0.0017020464981923923,0.12040604885140012,0.001531753802798717,6.346868395286018e-07,0.0015311191159591885,0.0012693736790572036,0.0,0.0,0.0,0.0
2023-01-10,-0.00041805947326105077,3.0603415134830145e-08,-0.0004180900766761856,0.0005193703574886965,0.0004547966822508513,3.878013774389108e-08,0.0004547579021131074,0.000658137463246139,0.0,0.0,0.0,0.0
2023-01-11,0.0,6.268132333470052e-05,-6.268132333470052e-05,0.1267500214777277,0.0005270767846899153,3.4493502284618444e-07,0.0005267318496670691,0.0006975047626343045,0.0,0.0,0.0,0.0
2023-01-12,0.0,0.0,0.0,0.0,8.01832981807178e-05,3.594104179009532e-05,4.4242256390622486e-05,0.07188208358019063,0.0,0.0,0.0,0.0
2023-01-13,0.0,0.0,0.0,0.0,0.00021041403191415434,3.713787944768579e-07,0.00021004265311967747,0.0007427575889537158,0.0,0.0,0.0,0.0
2023-01-17,0.0,0.0,0.0,0.0,0.0006247417974327007,1.2569189332080345e-07,0.0006246161055393799,0.0002513837866416069,0.0,0.0,0.0,0.0
2023-01-18,0.0,0.0,0.0,0.0,-0.00018189647253372766,3.559467092681047e-05,-0.00021749114346053815,0.07118934185362094,0.0,0.0,0.0,0.0
2023-01-19,0.0,0.0,0.0,0.0,0.0004207118094797205,9.794045242213223e-09,0.0004207020154344783,1.9588090484426446e-05,0.0,0.0,0.0,0.0
2023-01-20,0.0,0.0,0.0,0.0,0.0,4.8532999230536776e-05,-4.8532999230536776e-05,0.09706599846107355,0.0,0.0,0.0,0.0
2023-01-23,0.0,0.0,0.0,0.0,0.0,0.0,0.0,0.0,0.0,0.0,0.0,0.0
2023-01-24,0.0,0.0,0.0,0.0,0.0,0.0,0.0,0.0,0.0,0.0,0.0,0.0
2023-01-25,0.0,0.0,0.0,0.0,0.0,0.0,0.0,0.0,0.0,0.0,0.0,0.0
2023-01-26,0.0,0.0,0.0,0.0,0.0,0.0,0.0,0.0,0.0,0.0,0.0,0.0
2023-01-27,0.0,0.0,0.0,0.0,0.000154393886235926,4.55743343298184e-05,0.00010881955190610758,0.0911486686596368,0.0,0.0,0.0,0.0
2023-01-30,7.59499934860808e-06,2.8276198574457064e-05,-2.0681199225848984e-05,0.10300037692091302,0.0016500591456918273,3.625402167164573e-05,0.0016138051240201816,0.1320608174131186,0.0,0.0,0.0,0.0
2023-01-31,-0.000281868940024067,1.1312965010919864e-07,-0.0002819820696741762,0.00022625930021839824,0.0007821490773909053,7.201668262651379e-07,0.0007814289105646402,0.0014403336525302818,0.0,0.0,0.0,0.0
2023-02-01,-0.0008336500956061018,1.2502158173349985e-08,-0.0008336625977642751,2.500970718530976e-05,0.00076848131260815,0.00011598997453698376,0.0006524913380711662,0.2320299630974995,0.0,0.0,0.0,0.0
2023-02-02,0.00043707727503174967,6.364619933007041e-09,0.00043707091041181664,0.001431138732033814,-0.0014910537890978023,6.478856018186577e-09,-0.0014910602679538204,0.001456825683936236,0.0,0.0,0.0,0.0
2023-02-03,0.0016449929443387223,2.9496178537843924e-07,0.001644697982553344,0.0012780271331799473,-0.000606603235758677,8.007138819219883e-07,-0.000607403949640599,0.003469378467780823,0.0,0.0,0.0,0.0
2023-02-06,-0.00026429332385274136,1.8101649532526963e-07,-0.0002644743403480666,0.0004471231794080585,0.001028775314603979,1.9035543848525716e-08,0.0010287562790601305,4.701910106048868e-05,0.0,0.0,0.0,0.0
2023-02-07,-0.00033998983451231674,1.1597804517410271e-07,-0.00034010581255749085,0.00023312726438118325,-3.250983241550416e-05,4.6055886491423385e-05,-7.856571890692754e-05,0.09257685633757617,0.0,0.0,0.0,0.0
2023-02-08,-0.0002634261263223958,3.3268952009720894e-07,-0.00026375881584249296,0.0006653790401944179,-0.0005055796601706837,2.174013500156162e-07,-0.0005057970615206993,0.0004348027000312324,0.0,0.0,0.0,0.0
2023-02-09,-6.604112504601594e-05,4.086443476783997e-07,-6.644976939369434e-05,0.0008172886953567993,0.0003513308821999094,5.1301994845337765e-05,0.00030002888735457164,0.10260398969067552,0.0,0.0,0.0,0.0
2023-02-10,0.0,5.044966633203868e-05,-5.044966633203868e-05,0.10089933266407736,-0.00045636076435145436,2.2468144982755806e-07,-0.0004565854458012819,0.00044936289965511605,0.0,0.0,0.0,0.0
2023-02-13,0.0,0.0,0.0,0.0,-0.0007445210511451352,2.497848991560546e-07,-0.0007447708360442913,0.0004995697983121092,0.0,0.0,0.0,0.0
2023-02-14,0.0,0.0,0.0,0.0,-1.76624674731487e-05,7.47971055232808e-07,-1.8410438528381507e-05,0.001495942110465616,0.0,0.0,0.0,0.0
2023-02-15,0.0,0.0,0.0,0.0,0.001020509319194052,6.407654374620265e-07,0.00101986855375659,0.0012815308749240528,0.0,0.0,0.0,0.0
2023-02-16,0.0,0.0,0.0,0.0,0.0005747193479453695,9.712249754096833e-08,0.0005746222254478285,0.00019424499508193666,0.0,0.0,0.0,0.0
2023-02-17,0.0,0.0,0.0,0.0,0.00012560141827425332,5.1659231116129565e-05,7.394218715812376e-05,0.10331846223225913,0.0,0.0,0.0,0.0
2023-02-21,0.0,0.0,0.0,0.0,-0.00015344286715155537,2.0166040595248625e-07,-0.00015364452755750786,0.0004033208119049725,0.0,0.0,0.0,0.0
2023-02-22,-0.00019381175070764465,3.1082163852693076e-05,-0.00022489391456033772,0.11333241591371986,0.0,2.5584044104166853e-05,-2.5584044104166853e-05,0.09328506023293376,0.0,0.0,0.0,0.0
2023-02-23,0.0,5.6666207956859926e-05,-5.6666207956859926e-05,0.11333241591371986,0.0,0.0,0.0,0.0,0.0,0.0,0.0,0.0
2023-02-24,0.0,0.0,0.0,0.0,0.0,0.0,0.0,0.0,0.0,0.0,0.0,0.0
2023-02-27,6.293519182169467e-06,5.146677531974572e-05,-4.517325613757625e-05,0.10293355063949144,0.0,0.0,0.0,0.0,0.0,0.0,0.0,0.0
2023-02-28,0.0,5.146677531974572e-05,-5.146677531974572e-05,0.10293355063949144,0.0,0.0,0.0,0.0,0.0,0.0,0.0,0.0
2023-03-01,0.0,0.0,0.0,0.0,0.00029777120380775117,5.1239855908564145e-05,0.000246531347899187,0.10247971181712828,0.0,0.0,0.0,0.0
2023-03-02,0.0,0.0,0.0,0.0,-0.003988330917323136,4.765729015502234e-05,-0.004035988207478158,0.09531458031004468,0.0,0.0,0.0,0.0
2023-03-03,0.0,0.0,0.0,0.0,0.001508623153157551,1.4668712872335128e-06,0.0015071562818703176,0.0029337425744670256,0.0,0.0,0.0,0.0
2023-03-06,0.0,0.0,0.0,0.0,0.0004141847542899239,4.7144823106397156e-05,0.0003670399311835267,0.09428964621279431,0.0,0.0,0.0,0.0
2023-03-07,0.0,0.0,0.0,0.0,5.0601448430560966e-05,4.6313562255585405e-07,5.013831280800511e-05,0.000926271245111708,0.0,0.0,0.0,0.0
2023-03-08,0.0,0.0,0.0,0.0,0.0001550188953153752,1.0607775898154038e-07,0.00015491281755639367,0.00021215551796308074,0.0,0.0,0.0,0.0
2023-03-09,0.0,0.0,0.0,0.0,0.0002495920188249984,6.091869164888408e-07,0.00024898283190850955,0.0012183738329776816,0.0,0.0,0.0,0.0
2023-03-10,0.0,0.0,0.0,0.0,0.00018846823928080569,4.000724738021239e-07,0.00018806816680700357,0.0008001449476042477,0.0,0.0,0.0,0.0
2023-03-13,0.0,0.0,0.0,0.0,-0.0018654879167446065,8.08189225504935e-07,-0.0018662961059701115,0.00161637845100987,0.0,0.0,0.0,0.0
2023-03-14,0.0,0.0,0.0,0.0,-0.00039423416478305963,3.53418537877008e-07,-0.00039458758332093665,0.000706837075754016,0.0,0.0,0.0,0.0
2023-03-15,0.0009579114686246848,3.770478491208828e-05,0.0009202066837125965,0.07588839261633228,-6.974692505326639e-05,1.1932685740123946e-07,-6.986625191066763e-05,0.00024016907735323334,0.0,0.0,0.0,0.0
2023-03-16,-0.00038772182004043415,1.3299038066516235e-07,-0.0003878548104210993,0.00026598076133032417,0.0018589582086486047,1.5389698306239906e-06,0.0018574192388179807,0.003077939661247975,0.0,0.0,0.0,0.0
2023-03-17,-0.00029551656137029466,4.0140718114882807e-07,-0.0002959179685514435,0.0008028143622976561,0.0008007325814324847,5.206501164547609e-05,0.0007486675697870087,0.10413002329095217,0.0,0.0,0.0,0.0
2023-03-20,-0.0009735884450473381,6.788595413865663e-07,-0.0009742673045887247,0.0013577190827731324,0.0005024090245457452,5.332178849018157e-05,0.00044908723605556364,0.10664357698036311,0.0,0.0,0.0,0.0
2023-03-21,-0.00013254272863269417,1.383291425776819e-08,-0.00013255656154695193,0.00011916767572744263,-0.0005810670500908518,8.620220660369638e-09,-0.0005810756703115122,7.426140589117391e-05,0.0,0.0,0.0,0.0
2023-03-22,-0.0004608959212159723,9.20314257875705e-08,-0.00046098795264175985,0.00018406285157514593,-0.0002043587100202665,2.3075264807134113e-07,-0.00020458946266833786,0.00046150529614269464,0.0,0.0,0.0,0.0
2023-03-23,0.0,3.729400642075766e-05,-3.729400642075766e-05,0.07784784047592044,0.0008947870738959928,7.97529125086494e-07,0.0008939895447709063,0.0016647693842321287,0.0,0.0,0.0,0.0
2023-03-24,0.0,0.0,0.0,0.0,-0.0006678713893540076,5.025021842606859e-05,-0.0007181216077800762,0.10050043685213718,0.0,0.0,0.0,0.0
2023-03-27,0.0,0.0,0.0,0.0,0.0005757771931897978,6.179102458458986e-08,0.0005757154021652132,0.0001235820491691797,0.0,0.0,0.0,0.0
2023-03-28,0.0,0.0,0.0,0.0,-7.274731608137897e-05,8.243916332553724e-08,-7.282975524470451e-05,0.0001648783266510745,0.0,0.0,0.0,0.0
2023-03-29,0.0,0.0,0.0,0.0,0.00018302666540073145,1.0906865338482231e-07,0.00018291759674734663,0.0002181373067696446,0.0,0.0,0.0,0.0
2023-03-30,0.0,0.0,0.0,0.0,0.00027627473041236125,5.515961313615697e-05,0.0002211151172762043,0.11031922627231394,0.0,0.0,0.0,0.0
2023-03-31,0.0,0.0,0.0,0.0,-0.0008668929642624945,3.3744316634276573e-07,-0.0008672304074288373,0.0006748863326855314,0.0,0.0,0.0,0.0
2023-04-03,0.0,0.0,0.0,0.0,-0.0013891238085828122,2.3591853988379903e-07,-0.001389359727122696,0.00047183707976759803,0.0,0.0,0.0,0.0
2023-04-04,0.0,0.0,0.0,0.0,-0.0010367766134739683,7.22015135154356e-07,-0.0010374986286091226,0.0014440302703087118,0.0,0.0,0.0,0.0
2023-04-05,0.0,0.0,0.0,0.0,0.0008715983441829898,1.591412789908958e-06,0.0008700069313930809,0.003182825579817916,0.0,0.0,0.0,0.0
2023-04-06,0.0,0.0,0.0,0.0,-0.0015501718334705625,7.209840761447215e-05,-0.0016222702410850346,0.1441968152289443,0.0,0.0,0.0,0.0
2023-04-10,0.0,0.0,0.0,0.0,0.0027265427847337994,3.687483219330171e-07,0.002726174036411866,0.0007374966438660341,0.0,0.0,0.0,0.0
2023-04-11,0.0,0.0,0.0,0.0,0.0010113291975920697,4.772345830682693e-05,0.0009636057392852428,0.09544691661365386,0.0,0.0,0.0,0.0
2023-04-12,0.0,0.0,0.0,0.0,-0.0021892258227568222,8.676404689087341e-07,-0.002190093463225731,0.0017352809378174683,0.0,0.0,0.0,0.0
2023-04-13,0.0,0.0,0.0,0.0,-0.002574873888797506,8.047082258163599e-07,-0.0025756785970233224,0.0016094164516327197,0.0,0.0,0.0,0.0
2023-04-14,0.0,0.0,0.0,0.0,0.000988704279411399,5.228164073839847e-05,0.0009364226386730005,0.10456328147679694,0.0,0.0,0.0,0.0
2023-04-17,0.0,0.0,0.0,0.0,-0.00042273685122769857,8.661668146905943e-07,-0.0004236030180423892,0.0017323336293811886,0.0,0.0,0.0,0.0
2023-04-18,0.0,0.0,0.0,0.0,0.0009315219683066346,5.46949706358378e-05,0.0008768269976707968,0.1093899412716756,0.0,0.0,0.0,0.0
2023-04-19,0.0,0.0,0.0,0.0,0.0007380647948940675,5.412839364389438e-07,0.0007375235109576285,0.0010825678728778876,0.0,0.0,0.0,0.0
2023-04-20,0.0,0.0,0.0,0.0,-0.000928861625608787,4.943320778218954e-05,-0.0009782948333909764,0.09886641556437907,0.0,0.0,0.0,0.0
2023-04-21,0.0,0.0,0.0,0.0,0.0006598445447054651,3.9004757820396144e-07,0.0006594544971272612,0.0007800951564079228,0.0,0.0,0.0,0.0
2023-04-24,0.0,0.0,0.0,0.0,-4.53220814142101e-05,6.901047970319166e-08,-4.5391091893913295e-05,0.00013802095940638331,0.0,0.0,0.0,0.0
2023-04-25,0.0,0.0,0.0,0.0,-8.52990912743345e-05,2.524263540946356e-07,-8.555151762842913e-05,0.0005048527081892712,0.0,0.0,0.0,0.0
2023-04-26,0.0,0.0,0.0,0.0,0.0006980845469002805,1.1809881319379406e-07,0.0006979664480870867,0.00023619762638758812,0.0,0.0,0.0,0.0
2023-04-27,0.0,0.0,0.0,0.0,-0.002661648946569711,6.177074343839467e-05,-0.0027234196900081057,0.12354148687678934,0.0,0.0,0.0,0.0
2023-04-28,-0.001292369281852885,3.701082936618221e-05,-0.0013293801112190672,0.1127560898129343,0.0008237566899695684,2.7490835476539855e-05,0.0007962658544930285,0.08375276012749018,0.0,0.0,0.0,0.0
2023-05-01,0.001276865166772769,6.492855048310515e-07,0.001276215881267938,0.0012985710096621028,0.0030753801250480205,3.838989367628158e-06,0.0030715411356803924,0.007677978735256316,0.0,0.0,0.0,0.0
2023-05-02,0.0002859520438242509,2.600299094779046e-07,0.00028569201391477297,0.0005200598189558092,-0.003266065217194876,3.465233909004769e-06,-0.003269530451103881,0.006930467818009538,0.0,0.0,0.0,0.0
2023-05-03,0.0,5.67673005018203e-05,-5.67673005018203e-05,0.11353460100364059,0.00011512221492208826,6.608710288146074e-07,0.00011446134389327365,0.0013217420576292147,0.0,0.0,0.0,0.0
2023-05-04,0.0,0.0,0.0,0.0,-0.0029935725528546318,5.256666329007125e-05,-0.003046139216144703,0.10513332658014249,0.0,0.0,0.0,0.0
2023-05-05,-0.00018411007725631693,3.275558950271675e-05,-0.00021686566675903368,0.11674558186861332,0.0009579888477615935,2.7180182480573323e-05,0.0009308086652810201,0.09687403790203318,0.0,0.0,0.0,0.0
2023-05-08,0.0005907965173072425,6.119533142511098e-07,0.0005901845639929914,0.0012239066285022193,0.0004295723984678942,4.908119397300831e-05,0.00038049120449488587,0.09816238794601662,0.0,0.0,0.0,0.0
2023-05-09,0.0,3.3337618980409574e-05,-3.3337618980409574e-05,0.11796948849711554,-0.0005011320398700724,5.501305916067231e-05,-0.0005561450990307446,0.19467084477927932,0.0,0.0,0.0,0.0
2023-05-10,0.0,0.0,0.0,0.0,-0.001591023991554933,5.8351568321043124e-05,-0.0016493755598759761,0.11670313664208624,0.0,0.0,0.0,0.0
2023-05-11,0.0,0.0,0.0,0.0,-0.0008049922581534023,6.310502687582459e-07,-0.0008056233084221605,0.0012621005375164918,0.0,0.0,0.0,0.0
2023-05-12,0.0,0.0,0.0,0.0,-0.000471450228927983,3.6587079899240425e-07,-0.00047181609972697544,0.0007317415979848085,0.0,0.0,0.0,0.0
2023-05-15,0.0,0.0,0.0,0.0,0.0029982867491835314,1.1089875310806019e-07,0.002998175850430423,0.00022179750621612038,0.0,0.0,0.0,0.0
2023-05-16,0.0,0.0,0.0,0.0,-0.0006608985179867103,1.0474694096108198e-06,-0.0006619459873963211,0.0020949388192216395,0.0,0.0,0.0,0.0
2023-05-17,0.00021534748622752554,5.160698177594509e-05,0.00016374050445158044,0.10321396355189018,0.0022246999759176255,2.993146028623661e-07,0.002224400661314763,0.0005986292057247322,0.0,0.0,0.0,0.0
2023-05-18,5.898960336691108e-05,9.6027039355389e-08,5.889357632755569e-05,0.000192054078710778,0.00042910397111877536,0.000103807577261731,0.00032529639385704435,0.20761515452346202,0.0,0.0,0.0,0.0
2023-05-19,0.0004930327534964597,1.217839931101686e-07,0.0004929109695033495,0.0006244689020051195,0.0009946942470551736,2.775341146062046e-07,0.0009944167129405674,0.0014231051174378728,0.0,0.0,0.0,0.0
2023-05-22,0.0,1.1768929272122153e-05,-1.1768929272122153e-05,0.10364637837518452,-0.00012078315594692345,3.871687250211733e-05,-0.00015950002844904079,0.3409710028901072,0.0,0.0,0.0,0.0
2023-05-23,0.0,0.0,0.0,0.0,-0.0001003017073929539,3.260875936080786e-07,-0.00010062779498656198,0.0006521751872161571,0.0,0.0,0.0,0.0
2023-05-24,0.0,0.0,0.0,0.0,0.0009654514385423964,2.2510577903787563e-07,0.0009652263327633586,0.00045021155807575125,0.0,0.0,0.0,0.0
2023-05-25,0.0,0.0,0.0,0.0,-0.006475153002757595,4.9968660215608224e-05,-0.006525121662973203,0.09993732043121645,0.0,0.0,0.0,0.0
2023-05-26,0.000445597041269595,4.546201984510036e-05,0.00040013502142449464,0.09092403969020071,0.0030847984591499313,0.00015285658823840657,0.0029319418709115247,0.30571317647681306,0.0,0.0,0.0,0.0
2023-05-30,-0.00031719277575554584,4.7019071602283453e-07,-0.00031766296647156865,0.0009403814320456741,0.002228432833422343,1.4980762330229897e-06,0.00222693475718932,0.0029961524660459954,0.0,0.0,0.0,0.0
2023-05-31,-0.000306757575260409,7.900410291751284e-07,-0.0003075476162895841,0.0016271664370759858,0.007565156328469653,5.3815256157607664e-05,0.007511341072312046,0.11083776081064155,0.0,0.0,0.0,0.0
2023-06-01,0.0,3.566501384571483e-05,-3.566501384571483e-05,0.08835649182107905,-0.0030670806530464756,3.8027573071372838e-06,-0.003070883410353613,0.009420949515374838,0.0,0.0,0.0,0.0
2023-06-02,0.0,0.0,0.0,0.0,0.001193234726962379,3.204706274260449e-06,0.0011900300206881187,0.006409412548520899,0.0,0.0,0.0,0.0
2023-06-05,0.0,0.0,0.0,0.0,-0.0028408848391502086,6.861513041947667e-05,-0.0029094999695696852,0.13723026083895334,0.0,0.0,0.0,0.0
2023-06-06,0.0,0.0,0.0,0.0,0.0023629348275469096,0.00010539968404460648,0.002257535143502303,0.21079936808921296,0.0,0.0,0.0,0.0
2023-06-07,0.0,0.0,0.0,0.0,0.0024045209236869948,4.803308995731226e-05,0.0023564878337296825,0.09606617991462452,0.0,0.0,0.0,0.0
2023-06-08,0.0,0.0,0.0,0.0,-0.00010756067226190308,5.029616035478135e-05,-0.00015785683261668442,0.1005923207095627,0.0,0.0,0.0,0.0
2023-06-09,0.0,0.0,0.0,0.0,-0.0006042055041022335,4.5338852106381195e-05,-0.0006495443562086147,0.09067770421276239,0.0,0.0,0.0,0.0
2023-06-12,0.0006339632218406953,6.190752260046159e-05,0.0005720556992402338,0.12381504520092315,0.0010621530714663482,4.1749788866098096e-09,0.0010621488964874615,8.349957773219618e-06,0.0,0.0,0.0,0.0
2023-06-13,1.6558753070744286e-05,5.082543159028724e-07,1.6050498754841413e-05,0.0010289362561414217,0.0005060412382458173,8.365284982553962e-05,0.0004223883884202777,0.16935114453902636,0.0,0.0,0.0,0.0
2023-06-14,-0.0006943935300039986,1.8900226069367523e-07,-0.0006945825322646922,0.00037960343362182514,-0.002051207911029326,8.955439399916967e-05,-0.0021407623050284956,0.1798663959533485,0.0,0.0,0.0,0.0
2023-06-15,0.00024244537110347248,2.2730366248430168e-07,0.00024221806744098817,0.00045460732496860334,0.0014551787941244057,8.011419570817121e-05,0.0013750645984162344,0.16022839141634243,0.0,0.0,0.0,0.0
2023-06-16,0.0010326798324364521,1.0459120176196577e-07,0.0010325752412346902,0.00029083318723378826,-0.0012133104208722897,6.404988312531773e-07,-0.0012139509197035428,0.0017810132532640743,0.0,0.0,0.0,0.0
2023-06-20,-0.000334172490324064,1.5073911975184129e-06,-0.0003356798815215824,0.00301478239503683,-0.0013680905958719397,6.482174789654839e-07,-0.001368738813350905,0.0012964349579309697,0.0,0.0,0.0,0.0
2023-06-21,-3.9529826162511186e-05,5.797288088829612e-05,-9.75027070508073e-05,0.11594576177659224,-0.0005372319406585761,7.703595451542163e-05,-0.0006142678951739977,0.15407190903084328,0.0,0.0,0.0,0.0
2023-06-22,-0.0014014741016270128,1.552629084313614e-07,-0.001401629364535444,0.0003105258168627223,0.0014482686642312678,4.041179390826958e-07,0.0014478645462921852,0.0008082358781653903,0.0,0.0,0.0,0.0
2023-06-23,0.0009925431851321217,5.083179103491535e-07,0.0009920348672217726,0.0010166358206983028,0.00022680591745882816,5.493298800350439e-07,0.0002262565875787931,0.0010986597600700834,0.0,0.0,0.0,0.0
2023-06-26,0.0004418024306464898,4.534529854586469e-05,0.0003964571321006251,0.11889443937986119,-7.396474370686626e-05,4.9373617182214416e-05,-0.00012333836088908068,0.129456607923703,0.0,0.0,0.0,0.0
2023-06-27,0.0,3.1730656524739795e-05,-3.1730656524739795e-05,0.11575070186405981,-0.00039541977024444867,2.6963829914915608e-05,-0.0004223836001593643,0.09836172898474901,0.0,0.0,0.0,0.0
2023-06-28,0.0,0.0,0.0,0.0,-0.0001509047234534705,3.0597204069286037e-07,-0.00015121069549416336,0.0006119440813857208,0.0,0.0,0.0,0.0
2023-06-29,0.0,0.0,0.0,0.0,0.00032720602098490253,7.887739501023575e-07,0.0003264172470348002,0.001577547900204715,0.0,0.0,0.0,0.0
2023-06-30,0.0,0.0,0.0,0.0,-0.0002127738382328348,1.2423438880333066e-07,-0.00021289807262163813,0.0002484687776066613,0.0,0.0,0.0,0.0
2023-07-03,0.0,0.0,0.0,0.0,0.001020326827737995,1.8099871241052112e-08,0.0010203087278667538,3.6199742482104225e-05,0.0,0.0,0.0,0.0
2023-07-05,0.0,0.0,0.0,0.0,-0.0002762409756215203,8.817977969070648e-07,-0.00027712277341842737,0.0017635955938141296,0.0,0.0,0.0,0.0
2023-07-06,0.00022289579049690342,4.3269937447623816e-05,0.0001796258530492796,0.08653987489524763,2.666674710759311e-05,2.1809228995035845e-07,2.644865481764275e-05,0.0004361845799007169,0.0,0.0,0.0,0.0
2023-07-07,0.0,4.2721293758252884e-05,-4.2721293758252884e-05,0.08653987489524763,0.00024739992693432826,2.7257160868078465e-07,0.00024712735532564747,0.0005521441613802885,0.0,0.0,0.0,0.0
2023-07-10,0.0,0.0,0.0,0.0,-4.9703167587710834e-05,3.563431122136779e-08,-4.97388018989322e-05,7.126862244273557e-05,0.0,0.0,0.0,0.0
2023-07-11,0.0,0.0,0.0,0.0,0.0,6.891004824143038e-05,-6.891004824143038e-05,0.13782009648286075,0.0,0.0,0.0,0.0
2023-07-12,0.0,0.0,0.0,0.0,0.0,0.0,0.0,0.0,0.0,0.0,0.0,0.0
2023-07-13,0.0,0.0,0.0,0.0,-0.0011078744466916607,5.3101331089057916e-05,-0.0011609757777807186,0.10620266217811583,0.0,0.0,0.0,0.0
2023-07-14,0.0,0.0,0.0,0.0,0.00014254643580357233,8.205282062654431e-07,0.0001417259075973069,0.0016410564125308863,0.0,0.0,0.0,0.0
2023-07-17,0.0,0.0,0.0,0.0,0.0003936434242953776,1.2977880162554773e-08,0.000393630446415215,2.5955760325109545e-05,0.0,0.0,0.0,0.0
2023-07-18,0.0,0.0,0.0,0.0,0.0008708281347671305,2.676139677575476e-08,0.0008708013733703547,5.352279355150952e-05,0.0,0.0,0.0,0.0
2023-07-19,0.0004123989622115296,7.049604862602956e-05,0.00034190291358550005,0.14107795492513464,-0.0007752771881320253,2.1457884838653593e-08,-0.0007752986460168639,4.294190339823589e-05,0.0,0.0,0.0,0.0
2023-07-20,0.0,7.053897746256732e-05,-7.053897746256732e-05,0.14107795492513464,0.00035817085854288554,3.435519765595495e-07,0.000357827306566326,0.0006871039531190989,0.0,0.0,0.0,0.0
2023-07-21,0.0,0.0,0.0,0.0,-0.0016594294835366194,3.877874684966101e-07,-0.001659817271005116,0.0007755749369932202,0.0,0.0,0.0,0.0
2023-07-24,0.0,0.0,0.0,0.0,0.00034923338897595947,4.816439500932406e-07,0.0003487517450258662,0.0009632879001864811,0.0,0.0,0.0,0.0
2023-07-25,0.0,0.0,0.0,0.0,0.00027024244900654133,5.19504902143534e-07,0.0002697229441043978,0.001039009804287068,0.0,0.0,0.0,0.0
2023-07-26,0.0,0.0,0.0,0.0,-0.00039936474249123867,1.3460485234636394e-06,-0.0004007107910147023,0.002692097046927279,0.0,0.0,0.0,0.0
2023-07-27,0.0,0.0,0.0,0.0,0.0,5.531474979446204e-05,-5.531474979446204e-05,0.11062949958892407,0.0,0.0,0.0,0.0
2023-07-28,0.0,0.0,0.0,0.0,0.0,0.0,0.0,0.0,0.0,0.0,0.0,0.0
2023-07-31,-0.001544789539373389,4.338600712971094e-05,-0.0015881755465031,0.08677201425942188,0.0,0.0,0.0,0.0,0.0,0.0,0.0,0.0
2023-08-01,0.0001247413801486091,6.155931774394285e-05,6.318206240466624e-05,0.1231186354878857,0.0,0.0,0.0,0.0,0.0,0.0,0.0,0.0
2023-08-02,0.0,0.0001049453248736538,-0.0001049453248736538,0.2098906497473076,0.0,0.0,0.0,0.0,0.0,0.0,0.0,0.0
2023-08-03,0.0,0.0,0.0,0.0,0.0,0.0,0.0,0.0,0.0,0.0,0.0,0.0
2023-08-04,0.0,0.0,0.0,0.0,0.00015721855450647097,3.897398762565266e-05,0.00011824456688081832,0.07794797525130533,0.0,0.0,0.0,0.0
2023-08-07,0.0,0.0,0.0,0.0,0.0,3.897398762565266e-05,-3.897398762565266e-05,0.07794797525130533,0.0,0.0,0.0,0.0
2023-08-08,-0.0005061826345524062,4.06277416482298e-05,-0.000546810376200636,0.0812554832964596,0.0,0.0,0.0,0.0,0.0,0.0,0.0,0.0
2023-08-09,4.947976731472782e-05,2.344574421089575e-07,4.9245309872618864e-05,0.000468914884217915,0.0,0.0,0.0,0.0,0.0,0.0,0.0,0.0
2023-08-10,-0.000508076680499343,4.029493006466106e-05,-0.0005483716105640041,0.08058986012932212,0.0004198882320052863,5.195783714497094e-05,0.0003679303948603153,0.10391567428994189,0.0,0.0,0.0,0.0
2023-08-11,-0.00017901357757529998,4.0178534426720875e-05,-0.00021919211200202086,0.08035706885344174,3.9572869102074196e-05,2.900590154385104e-07,3.9282810086635685e-05,0.0005801180308770207,0.0,0.0,0.0,0.0
2023-08-14,1.956199460413497e-05,1.0920316470663272e-07,1.945279143942834e-05,0.00021840632941326835,0.0011006691360079686,2.317757638015086e-08,0.0011006459584315886,4.635515276030233e-05,0.0,0.0,0.0,0.0
2023-08-15,0.0,4.04004766793544e-05,-4.04004766793544e-05,0.0808009533587088,0.0005249583022480551,7.877898992164623e-07,0.0005241705123488386,0.0015755797984329245,0.0,0.0,0.0,0.0
2023-08-16,0.0,0.0,0.0,0.0,0.00018739037593317983,3.7287697342856116e-07,0.00018701749895975127,0.0007457539468571223,0.0,0.0,0.0,0.0
2023-08-17,0.0,0.0,0.0,0.0,0.0,0.0,0.0,0.10245937525472876,0.0,0.0,0.0,0.0
2023-08-18,0.00033533964686378274,7.30884617578948e-05,0.00026225118510588794,0.1461769235157896,0.0,0.0,0.0,0.0,0.0,0.0,0.0,0.0
2023-08-21,-0.0005820434072608179,1.5667680481343192e-06,-0.0005836101753089523,0.003133536096268638,0.0,0.0,0.0,0.0,0.0,0.0,0.0,0.0
2023-08-22,0.0,7.465522980602913e-05,-7.465522980602913e-05,0.14931045961205824,0.0,0.0,0.0,0.0,0.0,0.0,0.0,0.0
2023-08-23,0.0,0.0,0.0,0.0,8.110139575267096e-05,7.090397477430956e-05,1.0197420978361394e-05,0.14180794954861914,0.0,0.0,0.0,0.0
2023-08-24,0.0,0.0,0.0,0.0,-0.002316756104870022,2.7056818293007825e-06,-0.002319461786699323,0.0054113636586015645,0.0,0.0,0.0,0.0
2023-08-25,0.0,0.0,0.0,0.0,0.0021327591921558543,3.983663988169586e-06,0.002128775528167685,0.007967327976339172,0.0,0.0,0.0,0.0
2023-08-28,0.0,0.0,0.0,0.0,-0.0002010613484848937,2.9607727542752676e-06,-0.00020402212123916898,0.005921545508550535,0.0,0.0,0.0,0.0
2023-08-29,0.0,0.0,0.0,0.0,-0.00042441323032120157,1.0058787974512596e-06,-0.0004254191091186528,0.002011757594902519,0.0,0.0,0.0,0.0
2023-08-30,0.0,0.0,0.0,0.0,0.00013416824734963832,8.005401919836814e-07,0.00013336770715765463,0.0016010803839673626,0.0,0.0,0.0,0.0
2023-08-31,0.0,0.0,0.0,0.0,0.0003094744971158026,4.7929224805107196e-08,0.0003094265678909975,9.585844961021439e-05,0.0,0.0,0.0,0.0
2023-09-01,0.0,0.0,0.0,0.0,0.001117640918621683,1.735994896085724e-07,0.0011174673191320745,0.0003471989792171448,0.0,0.0,0.0,0.0
2023-09-05,0.0,0.0,0.0,0.0,-0.000262830586434216,0.00012524823419713128,-0.0003880788206313473,0.25049646839426254,0.0,0.0,0.0,0.0
2023-09-06,0.0,0.0,0.0,0.0,0.0007279825290060392,4.224194742201426e-08,0.0007279402870586173,8.448389484402852e-05,0.0,0.0,0.0,0.0
2023-09-07,0.0,0.0,0.0,0.0,9.358406401340023e-05,5.031666876980922e-07,9.308089732570214e-05,0.0010063333753961845,0.0,0.0,0.0,0.0
2023-09-08,0.0,0.0,0.0,0.0,-9.870997503870756e-05,2.529391242278946e-06,-0.00010123936628098651,0.005058782484557892,0.0,0.0,0.0,0.0
2023-09-11,0.0,0.0,0.0,0.0,-0.00023133248474171845,2.4348722134722236e-07,-0.00023157597196306567,0.00048697444269444473,0.0,0.0,0.0,0.0
2023-09-12,0.0,0.0,0.0,0.0,0.0,5.617856899979521e-05,-5.617856899979521e-05,0.1123571379995904,0.0,0.0,0.0,0.0
2023-09-13,-0.0008891525415441213,5.412479384554995e-05,-0.0009432773353896713,0.1082495876910999,0.0,0.0,0.0,0.0,0.0,0.0,0.0,0.0
2023-09-14,0.0005565027903509782,6.188464023775681e-07,0.0005558839439486007,0.001237692804755136,0.0,0.0,0.0,0.0,0.0,0.0,0.0,0.0
2023-09-15,0.0010246550983180175,6.776952530648979e-07,0.0010239774030649526,0.0013553905061297958,0.0,0.0,0.0,0.0,0.0,0.0,0.0,0.0
2023-09-18,-0.00019119942860635686,3.4236340075696596e-05,-0.00022543576868205346,0.06847268015139318,0.0,0.0,0.0,0.0,0.0,0.0,0.0,0.0
2023-09-19,-0.0008958457244445017,3.2466015876520094e-05,-0.0009283117403210218,0.06493203175304019,0.0,0.0,0.0,0.0,0.0,0.0,0.0,0.0
2023-09-20,-0.0004602201547996014,1.0045124456930962e-06,-0.00046122466724529454,0.002009024891386192,0.0,0.0,0.0,0.0,0.0,0.0,0.0,0.0
2023-09-21,0.0011234905853000723,4.844958270999048e-07,0.0011230060894729724,0.0009874402705953578,-0.00031348872871417353,5.137963103818551e-05,-0.00036486835975235905,0.10471569400116619,0.0,0.0,0.0,0.0
2023-09-22,0.00023645934653857866,1.3331179673664406e-07,0.000236326034741842,0.003476278035523195,0.00013602792074473763,1.554600191948868e-07,0.00013587246072554275,0.0040538216673862495,0.0,0.0,0.0,0.0
2023-09-25,0.00033991503863790124,8.822742832981234e-09,0.00033990621589506827,1.7645485665962468e-05,-2.0535238071811362e-05,1.429964609259149e-08,-2.0549537717903952e-05,2.859929218518298e-05,0.0,0.0,0.0,0.0
2023-09-26,0.0,5.809402326502911e-05,-5.809402326502911e-05,0.11618804653005821,3.277238838193461e-06,6.314020013018646e-08,3.2140986380632744e-06,0.0001262804002603729,0.0,0.0,0.0,0.0
2023-09-27,0.0,0.0,0.0,0.0,1.8565445566424877e-05,4.5003517289038816e-05,-2.643807172261394e-05,0.09000703457807763,0.0,0.0,0.0,0.0
2023-09-28,0.0,0.0,0.0,0.0,-0.00016356128488137972,5.0050645762602785e-05,-0.0002136119306439825,0.10010129152520557,0.0,0.0,0.0,0.0
2023-09-29,0.0,0.0,0.0,0.0,-0.00024001917166080564,1.8236582197711168e-07,-0.00024020153748278275,0.00036473164395422336,0.0,0.0,0.0,0.0
2023-10-02,0.0,0.0,0.0,0.0,-0.00019378200444767,1.694467452294096e-07,-0.0001939514511928994,0.0003388934904588192,0.0,0.0,0.0,0.0
2023-10-03,0.0,0.0,0.0,0.0,0.0,4.478498651553693e-05,-4.478498651553693e-05,0.08956997303107385,0.0,0.0,0.0,0.0
2023-10-04,0.0,0.0,0.0,0.0,0.0,0.0,0.0,0.0,0.0,0.0,0.0,0.0
2023-10-05,0.0,0.0,0.0,0.0,0.0,0.0,0.0,0.0,0.0,0.0,0.0,0.0
2023-10-06,0.0,0.0,0.0,0.0,0.0,0.0,0.0,0.0,0.0,0.0,0.0,0.0
2023-10-09,0.0002331360207214821,4.432422447330742e-05,0.00018881179624817467,0.08864844894661483,0.0,0.0,0.0,0.0,0.0,0.0,0.0,0.0
2023-10-10,0.0,4.432422447330742e-05,-4.432422447330742e-05,0.08864844894661483,0.00022718142364863008,4.837210081345816e-05,0.00017880932283517194,0.09674420162691633,0.0,0.0,0.0,0.0
2023-10-11,0.00037432035759043625,4.488881655340172e-05,0.00032943154103703455,0.08977763310680345,-0.0005338125355914317,1.251458122770374e-07,-0.0005339376814037088,0.00025029162455407483,0.0,0.0,0.0,0.0
2023-10-12,0.0003211550208045095,1.708303796636272e-07,0.00032098419042484583,0.0003416607593272544,-0.0007895060026317809,8.945908572390721e-09,-0.0007895149485403533,1.789181714478144e-05,0.0,0.0,0.0,0.0
2023-10-13,0.0,4.493909311561739e-05,-4.493909311561739e-05,0.0901192938661307,-6.248232856449233e-05,6.019616746641824e-08,-6.254252473195876e-05,0.0001207152999630895,0.0,0.0,0.0,0.0
2023-10-16,0.0,0.0,0.0,0.0,6.216946212248844e-05,2.9468204345260706e-08,6.213999391814318e-05,5.8936408690521414e-05,0.0,0.0,0.0,0.0
2023-10-17,0.0,0.0,0.0,0.0,0.0002033655064518819,1.0782150757159339e-07,0.00020325768494431032,0.0002156430151431868,0.0,0.0,0.0,0.0
2023-10-18,0.0,0.0,0.0,0.0,-0.0011932059474310283,6.692910104763158e-05,-0.0012601350484786598,0.13385820209526314,0.0,0.0,0.0,0.0
2023-10-19,0.0,0.0,0.0,0.0,0.0003554253136837447,5.901707873694067e-07,0.0003548351428963753,0.0011803415747388135,0.0,0.0,0.0,0.0
2023-10-20,0.0,0.0,0.0,0.0,0.0005567899145165384,6.205434243340691e-07,0.0005561693710922043,0.0012410868486681381,0.0,0.0,0.0,0.0
2023-10-23,0.0,0.0,0.0,0.0,0.0,6.639582000518856e-05,-6.639582000518856e-05,0.13279164001037713,0.0,0.0,0.0,0.0
2023-10-24,0.0,0.0,0.0,0.0,0.0,0.0,0.0,0.0,0.0,0.0,0.0,0.0
2023-10-25,0.0012597482021509806,4.6791027124445125e-05,0.0012129571750265356,0.09358205424889025,0.0,0.0,0.0,0.0,0.0,0.0,0.0,0.0
2023-10-26,-0.0016518749127778412,8.589736350270542e-07,-0.0016527338864128682,0.0017839053344892372,0.0006565193285206872,4.5604720011333825e-05,0.0006109146085093533,0.09471129262721101,0.0,0.0,0.0,0.0
2023-10-27,0.0005386800915507165,2.2971510326264554e-06,0.00053638294051809,0.005856173481820076,-0.00017326989382007181,2.7737582032053595e-07,-0.00017354726964039234,0.0007071197759260933,0.0,0.0,0.0,0.0
2023-10-30,0.0,4.4260569777067155e-05,-4.4260569777067155e-05,0.08950978610155941,0.00021744400737548105,2.4578909161991315e-07,0.00021719821828386114,0.0004970683641852755,0.0,0.0,0.0,0.0
2023-10-31,0.0,0.0,0.0,0.0,7.335943358864958e-05,5.450438973946814e-07,7.281438969125489e-05,0.0010900877947893628,0.0,0.0,0.0,0.0
2023-11-01,0.0,0.0,0.0,0.0,-9.252508240319233e-05,6.0597063029563245e-09,-9.253114210949529e-05,1.211941260591265e-05,0.0,0.0,0.0,0.0
2023-11-02,0.0,0.0,0.0,0.0,0.0020052628957660016,7.376010248633306e-05,0.0019315027932796686,0.1475202049726661,0.0,0.0,0.0,0.0
2023-11-03,0.0,0.0,0.0,0.0,-0.0010557342168507902,4.505651683067369e-05,-0.0011007907336814638,0.09011303366134737,0.0,0.0,0.0,0.0
2023-11-06,0.0,0.0,0.0,0.0,0.0008424583010555672,6.930758272709683e-07,0.0008417652252282963,0.0013861516545419367,0.0,0.0,0.0,0.0
2023-11-07,0.0,0.0,0.0,0.0,0.0,7.221715870963618e-05,-7.221715870963618e-05,0.14443431741927235,0.0,0.0,0.0,0.0
2023-11-08,0.0,0.0,0.0,0.0,0.0,0.0,0.0,0.0,0.0,0.0,0.0,0.0
2023-11-09,0.0,0.0,0.0,0.0,0.0,0.0,0.0,0.0,0.0,0.0,0.0,0.0
2023-11-10,0.00011673683620428213,3.8201730257783675e-05,7.853510594649845e-05,0.07640346051556735,0.0,0.0,0.0,0.0,0.0,0.0,0.0,0.0
2023-11-13,0.00017433693478750313,1.2124675706036773e-06,0.00017312446721689945,0.0024249351412073544,0.0,0.0,0.0,0.0,0.0,0.0,0.0,0.0
2023-11-14,-0.00031928045199899836,3.945486265127149e-05,-0.00035873531465026987,8.132964576828064e-05,0.0,0.0,0.0,0.0,0.0,0.0,0.0,0.0
2023-11-15,-6.538434052182573e-05,5.731585735527546e-07,-6.595749909537848e-05,0.0011463171471055092,0.0,0.0,0.0,0.0,0.0,0.0,0.0,0.0
2023-11-16,0.005326222761677183,1.8780225424749538e-08,0.005326203981451758,3.756045084949908e-05,0.0,0.0,0.0,0.0,0.0,0.0,0.0,0.0
2023-11-17,0.00024040048287969705,1.2959016411606719e-06,0.00023910458123853638,0.0025918032823213435,0.0,0.0,0.0,0.0,0.0,0.0,0.0,0.0
2023-11-20,-0.00013319768873170165,2.536880522361965e-07,-0.00013345137678393785,0.0005073761044723929,0.0,0.0,0.0,0.0,0.0,0.0,0.0,0.0
2023-11-21,0.0002603245804012721,8.806675275749215e-08,0.0002602365136485146,0.00017661933657119738,0.0001720445946480374,6.394362182330562e-05,0.00010810097282473178,0.12823999648869744,0.0,0.0,0.0,0.0
2023-11-22,-0.000167697507834443,4.749383855074442e-08,-0.00016774500167299373,0.0002316876313833531,-0.0015902783040899066,1.1349721688789111e-07,-0.0015903918013067944,0.0005536697422606207,0.0,0.0,0.0,0.0
2023-11-24,-0.0003455140814615974,1.6902349464484325e-07,-0.0003456831049562422,0.00033804698928968646,-0.0008270195112312987,1.108535797843771e-06,-0.0008281280470291425,0.002217071595687542,0.0,0.0,0.0,0.0
2023-11-27,0.0,3.914607720856329e-05,-3.914607720856329e-05,0.07829215441712657,0.0004894385087557785,1.516574548333441e-07,0.0004892868513009452,0.00030331490966668817,0.0,0.0,0.0,0.0
2023-11-28,0.0,0.0,0.0,0.0,-0.0005820043346561359,1.683019548120307e-08,-0.0005820211648516171,3.366039096240614e-05,0.0,0.0,0.0,0.0
2023-11-29,0.0,0.0,0.0,0.0,0.00027481242168770427,1.272401387614544e-07,0.0002746851815489428,0.0002544802775229088,0.0,0.0,0.0,0.0
2023-11-30,0.004409299240895337,4.6351661215170586e-05,0.0043629475796801665,0.09270332243034117,-0.001554661598920252,3.290141068131025e-08,-0.0015546945003309335,6.58028213626205e-05,0.0,0.0,0.0,0.0
2023-12-01,0.0014806815385569232,1.064348158447112e-06,0.0014796171903984762,0.0022227745557581793,-0.0002978127813226468,4.92300883368074e-05,-0.0003470428696594542,0.10281164754626718,0.0,0.0,0.0,0.0
2023-12-04,-0.0012524773304591354,1.071671573110731e-06,-0.0012535490020322462,0.0021433431462214575,-0.0010841208042245802,4.0074836467316445e-06,-0.001088128287871312,0.008014967293463272,0.0,0.0,0.0,0.0
2023-12-05,-0.00022511800289498873,1.2773680151909066e-06,-0.00022639537091017964,0.002554736030381817,0.0006416737801188092,9.15768615353875e-07,0.0006407580115034554,0.0018315372307077527,0.0,0.0,0.0,0.0
2023-12-06,4.292596303507093e-05,4.3533299683994745e-08,4.288242973538694e-05,8.70665993679895e-05,-0.0006347019792109403,4.559886739704872e-05,-0.000680300846607989,0.09119773479409743,0.0,0.0,0.0,0.0
2023-12-07,-0.0006557672984759332,7.290020963810575e-08,-0.0006558401986855713,0.00014580041927621246,-0.000366700486638185,5.190072677241022e-07,-0.00036721949390590913,0.0010380145354482112,0.0,0.0,0.0,0.0
2023-12-08,-2.1647508735736986e-05,4.952042428026139e-07,-2.21427129785396e-05,0.0009904084856052278,0.0012518236676300513,7.320637389927064e-05,0.0011786172937307807,0.14641274779854127,0.0,0.0,0.0,0.0
2023-12-11,0.0,4.8224580024876556e-05,-4.8224580024876556e-05,0.09869250149700562,-0.002642442612844252,5.543880188814957e-07,-0.0026429970008631336,0.0011345654094895158,0.0,0.0,0.0,0.0
2023-12-12,0.0,0.0,0.0,0.0,1.6944243542993355e-05,2.359598121847488e-06,1.4584645421145866e-05,0.004719196243694976,0.0,0.0,0.0,0.0
2023-12-13,0.0,0.0,0.0,0.0,0.000256517765539769,4.747900568944967e-05,0.00020903875985031932,0.09495801137889934,0.0,0.0,0.0,0.0
2023-12-14,0.0,0.0,0.0,0.0,-0.0009233133029390629,4.733806644699941e-05,-0.0009706513693860623,0.09467613289399882,0.0,0.0,0.0,0.0
2023-12-15,0.00012127431526321945,6.655109456880111e-05,5.4723220694418345e-05,0.1331021891376022,0.0002468718983444176,6.909815281416072e-07,0.000246180916816276,0.0013819630562832141,0.0,0.0,0.0,0.0
2023-12-18,-0.001214183268288599,4.1583501948627606e-05,-0.0012557667702372266,0.0831670038972552,0.001858480740475251,4.745775762852836e-05,0.0018110229828467227,0.09491551525705672,0.0,0.0,0.0,0.0
2023-12-19,-0.0001976572960022012,1.8911755135017287e-07,-0.00019784641355355138,0.0003782351027003458,-0.0011484493252627989,7.229737224035657e-05,-0.0012207466975031555,0.14459474448071316,0.0,0.0,0.0,0.0
2023-12-20,7.308407581380939e-05,6.465972919094632e-05,8.424346622863075e-06,0.12931945838189263,-0.0003342718472440669,4.849431412914819e-05,-0.0003827661613732151,0.09698862825829638,0.0,0.0,0.0,0.0
2023-12-21,-0.00033721081693305636,4.269965519337774e-05,-0.0003799104721264341,0.0853993103867555,-2.7082414577653453e-05,2.5425834386781086e-06,-2.962499801633156e-05,0.0050851668773562175,0.0,0.0,0.0,0.0
2023-12-22,0.000353601961572866,4.329372576709655e-05,0.0003103082358057694,0.0865874515341931,5.964983280716329e-05,6.180730373345904e-05,-2.157470926295748e-06,0.12361460746691806,0.0,0.0,0.0,0.0
2023-12-26,0.0,3.9277197801386846e-05,-3.9277197801386846e-05,0.07857436709680836,-2.3119098651725596e-05,4.992238900838206e-09,-2.3124090890626433e-05,9.987016233005755e-06,0.0,0.0,0.0,0.0
2023-12-27,0.0,0.0,0.0,0.0,0.000393648615622953,2.5279996365611125e-08,0.00039362333562658735,5.055999273122225e-05,0.0,0.0,0.0,0.0
2023-12-28,0.0,0.0,0.0,0.0,0.0002641682594704617,1.0680955557001922e-06,0.0002631001639147615,0.0021361911114003845,0.0,0.0,0.0,0.0
2023-12-29,0.0,0.0,0.0,0.0,0.0006111838068673836,4.934737364926161e-05,0.000561836433218122,0.09869474729852322,0.0,0.0,0.0,0.0
2024-01-02,0.0,0.0,0.0,0.0,0.00023516851388699438,8.140520579987612e-07,0.00023435446182899563,0.0016281041159975224,0.0,0.0,0.0,0.0
2024-01-03,-0.0005051069991100232,5.638935478987055e-05,-0.0005614963538998937,0.11277870957974111,0.0008297111751675529,6.543816563744697e-05,0.0007642730095301059,0.13087633127489395,0.0,0.0,0.0,0.0
2024-01-04,-0.00013474178762258815,1.2765255520731233e-07,-0.00013486944017779547,0.0009648350757625948,-0.0003475152180110573,2.1951717345758825e-07,-0.00034773473518451487,0.001659174533092389,0.0,0.0,0.0,0.0
2024-01-05,0.00039067821972299597,2.8573120462653024e-07,0.00039039248851836946,0.0005714624092530724,-2.2917058584679054e-05,8.802533821378699e-08,-2.300508392289284e-05,0.00017605067642757766,0.0,0.0,0.0,0.0
2024-01-08,-5.250880487360542e-05,4.241613747328979e-05,-9.49249423468952e-05,0.08483227494657958,-9.853752103138654e-06,2.18026867024948e-08,-9.875554789841149e-06,4.36053734049896e-05,0.0,0.0,0.0,0.0
2024-01-09,0.00015674956780553376,3.401196310045028e-05,0.0001227376047050835,0.08552355283537001,-0.001598212629587016,0.00010407392792691921,-0.0017022865575139353,0.261695334890109,0.0,0.0,0.0,0.0
2024-01-10,-0.0007143868260683268,4.817062053650654e-05,-0.0007625574466048334,0.09634124107301306,0.0005922390089275751,2.4760165214826605e-08,0.0005922142487623603,4.95203304296532e-05,0.0,0.0,0.0,0.0
2024-01-11,0.0003997625708756481,8.961906331772804e-05,0.00031014350755792004,0.18276126776844231,-0.00041884815516978814,8.722130842078151e-07,-0.00041972036825399593,0.0017787149645706046,0.0,0.0,0.0,0.0
2024-01-12,6.4059622011121e-05,1.784896867510613e-07,6.388113232436993e-05,0.00035697937350208375,0.00125634735286256,1.3999036516297718e-07,0.001256207362497397,0.00027998073032592385,0.0,0.0,0.0,0.0
2024-01-16,-0.00012127125917225513,9.515725483659014e-05,-0.00021642851400884526,0.19031450967318023,-0.0030996006491799933,6.526026854217614e-05,-0.0031648609177221693,0.13052053708435224,0.0,0.0,0.0,0.0
2024-01-17,0.00014871052044712204,2.0396978953353803e-07,0.0001485065506575885,0.00040793957906707506,-0.0016163561000980867,1.26295494875667e-06,-0.0016176190550468434,0.0025259098975133343,0.0,0.0,0.0,0.0
2024-01-18,0.0,4.669715448869049e-05,-4.669715448869049e-05,0.09339430897738096,0.0017371142137987663,2.415582737648192e-07,0.0017368726555250014,0.0004831165475296384,0.0,0.0,0.0,0.0
2024-01-19,0.0,0.0,0.0,0.0,-0.001497046769573203,6.139502418432181e-05,-0.0015584417937575248,0.12279004836864361,0.0,0.0,0.0,0.0
2024-01-22,0.0,0.0,0.0,0.0,0.0027399089576798643,1.998519849884889e-06,0.0027379104378299794,0.003997039699769778,0.0,0.0,0.0,0.0
2024-01-23,0.0,0.0,0.0,0.0,0.0012985228182659393,3.7246697504650373e-07,0.0012981503512908927,0.0007449339500930074,0.0,0.0,0.0,0.0
2024-01-24,0.0,0.0,0.0,0.0,-0.002906014085273695,5.40966140130238e-05,-0.0029601106992867185,0.1081932280260476,0.0,0.0,0.0,0.0
2024-01-25,0.0,0.0,0.0,0.0,-5.69416104691529e-05,9.432551285476765e-07,-5.7884865597700576e-05,0.001886510257095353,0.0,0.0,0.0,0.0
2024-01-26,0.0,0.0,0.0,0.0,-0.0006548310183512747,8.342083465284756e-08,-0.0006549144391859276,0.0001668416693056951,0.0,0.0,0.0,0.0
2024-01-29,-0.00020458386251237493,3.495511478655897e-05,-0.00023953897729893391,0.09229846165415248,0.00019729603775803188,9.712745225706786e-05,0.00010016858550096402,0.2564635957414061,0.0,0.0,0.0,0.0
2024-01-30,0.000865189344993518,3.1846773778303884e-08,0.0008651574982197396,6.369354755660778e-05,0.000817782022415296,6.731530081146721e-05,0.0007504667216038289,0.13463060162293444,0.0,0.0,0.0,0.0
2024-01-31,-0.00036101836392597687,4.5448458415083283e-07,-0.0003614728485101277,0.002878035995075398,-0.0007258168618024606,8.740868737677735e-07,-0.0007266909486762283,0.005535178910912611,0.0,0.0,0.0,0.0
2024-02-01,0.0006589190317084081,5.198668260506549e-07,0.0006583991648823575,0.0033415315682190985,0.00038374651593141144,2.7312393034600604e-07,0.00038347339200106546,0.0017555500554257836,0.0,0.0,0.0,0.0
2024-02-02,0.0005659819621591726,9.104683444604837e-07,0.0005650714938147121,0.001820936688920964,-0.0010900316503561765,1.0137965507267273e-06,-0.001091045446906903,0.002027593101453451,0.0,0.0,0.0,0.0
2024-02-05,0.00018555593717856398,4.2180154155014594e-08,0.00018551375702440898,8.436030831002889e-05,0.001193880028874699,9.508672415504508e-07,0.0011929291616331486,0.0019017344831008948,0.0,0.0,0.0,0.0
2024-02-06,0.0,4.508104162397722e-05,-4.508104162397722e-05,0.09016208324795444,0.0,7.322145225716989e-05,-7.322145225716989e-05,0.14644290451433975,0.0,0.0,0.0,0.0
2024-02-07,0.0,0.0,0.0,0.0,0.0,0.0,0.0,0.0,0.0,0.0,0.0,0.0
2024-02-08,0.0,0.0,0.0,0.0,0.0,0.0,0.0,0.0,0.0,0.0,0.0,0.0
2024-02-09,0.0,0.0,0.0,0.0,0.0,0.0,0.0,0.0,0.0,0.0,0.0,0.0
2024-02-12,0.0,0.0,0.0,0.0,0.0,0.0,0.0,0.0,0.0,0.0,0.0,0.0
2024-02-13,-0.0002725568588954044,6.211505383936942e-05,-0.00033467191273477386,0.12423010767873882,0.0,0.0,0.0,0.0,0.0,0.0,0.0,0.0
2024-02-14,-0.00041740664661173664,4.94492220574433e-07,-0.0004179011388323111,0.0009889844411488657,0.0008640883719816631,5.089904513336221e-05,0.0008131893268483009,0.1017980902667244,0.0,0.0,0.0,0.0
2024-02-15,6.637654907871434e-06,4.4230386904633994e-07,6.1953510388250944e-06,0.0008846077380926798,0.0005912222687107515,5.375740727662505e-07,0.0005906846946379853,0.0010751481455325007,0.0,0.0,0.0,0.0
2024-02-16,-5.60706300771611e-05,2.366973606071651e-07,-5.630732743776826e-05,0.00047339472121432635,0.00010334288708231036,1.855852019864207e-07,0.00010315730188032394,0.00037117040397283835,0.0,0.0,0.0,0.0
2024-02-20,0.0,6.14149551103558e-05,-6.14149551103558e-05,0.1228299102207116,-4.049865044177133e-05,4.297612957362972e-08,-4.054162657134496e-05,8.595225914725946e-05,0.0,0.0,0.0,0.0
2024-02-21,0.0,0.0,0.0,0.0,-0.000163355998733083,2.729831866562227e-07,-0.00016362898191973923,0.0005459663733124454,0.0,0.0,0.0,0.0
2024-02-22,0.0,0.0,0.0,0.0,-0.0050151863063004455,6.442934636166239e-05,-0.0050796156526621075,0.12885869272332479,0.0,0.0,0.0,0.0
2024-02-23,0.0,0.0,0.0,0.0,-0.0004337443539478632,1.1008678763727741e-05,-0.00044475303271159097,0.022017357527455483,0.0,0.0,0.0,0.0
2024-02-26,0.0,0.0,0.0,0.0,0.0011518106067740516,6.155591495152906e-08,0.0011517490508591002,0.00012311182990305813,0.0,0.0,0.0,0.0
2024-02-27,0.0,0.0,0.0,0.0,-0.0006213719822120117,5.046185584271247e-05,-0.0006718338380547242,0.10092371168542494,0.0,0.0,0.0,0.0
2024-02-28,0.0,0.0,0.0,0.0,0.0006645430973932534,7.309973539066858e-08,0.0006644699976578627,0.00014619947078133716,0.0,0.0,0.0,0.0
2024-02-29,0.0,0.0,0.0,0.0,0.0003983284906141808,5.208830530796806e-05,0.0003462401853062127,0.10417661061593612,0.0,0.0,0.0,0.0
2024-03-01,0.0,0.0,0.0,0.0,-0.001097903334383631,4.413003831730948e-05,-0.0011420333727009404,0.08826007663461896,0.0,0.0,0.0,0.0
2024-03-04,0.0,0.0,0.0,0.0,-0.0033139734072651383,1.2074204138155104e-08,-0.0033139854814692765,2.4148408276310207e-05,0.0,0.0,0.0,0.0
2024-03-05,0.0,0.0,0.0,0.0,-0.004235359315785887,3.562684848455594e-07,-0.004235715584270733,0.0007125369696911188,0.0,0.0,0.0,0.0
2024-03-06,0.0,0.0,0.0,0.0,-0.002041592442842534,7.092341971481349e-06,-0.0020486847848140153,0.014184683942962698,0.0,0.0,0.0,0.0
2024-03-07,0.0,0.0,0.0,0.0,-0.0010441106876837884,1.2862173114836125e-06,-0.001045396904995272,0.002572434622967225,0.0,0.0,0.0,0.0
2024-03-08,0.0,0.0,0.0,0.0,0.004282013105914323,5.3127301560358534e-05,0.0042288858043539644,0.10625460312071706,0.0,0.0,0.0,0.0
2024-03-11,0.0,0.0,0.0,0.0,0.0026232886340323744,6.227838971999556e-06,0.002617060795060375,0.012455677943999113,0.0,0.0,0.0,0.0
2024-03-12,0.0,0.0,0.0,0.0,-0.002408374131892072,1.2751757268680484e-06,-0.00240964930761894,0.0025503514537360966,0.0,0.0,0.0,0.0
2024-03-13,0.0,0.0,0.0,0.0,-0.0003638220569117095,0.00010718421661899571,-0.0004710062735307052,0.21436843323799143,0.0,0.0,0.0,0.0
2024-03-14,0.0,0.0,0.0,0.0,0.001438720517838817,4.057650502027266e-05,0.0013981440128185444,0.08115301004054531,0.0,0.0,0.0,0.0
2024-03-15,0.0,0.0,0.0,0.0,-0.0026677953566505933,4.0665463684834416e-05,-0.002708460820335428,0.08133092736966883,0.0,0.0,0.0,0.0
2024-03-18,0.0,0.0,0.0,0.0,0.0003381148012884267,2.0254492174307872e-06,0.0003360893520709959,0.0040508984348615745,0.0,0.0,0.0,0.0
2024-03-19,0.0,0.0,0.0,0.0,0.00011737473415735362,6.237025500818727e-08,0.00011731236390234544,0.00012474051001637454,0.0,0.0,0.0,0.0
2024-03-20,0.0,0.0,0.0,0.0,0.0016807954757235234,8.723286186275922e-07,0.0016799231471048958,0.0017446572372551844,0.0,0.0,0.0,0.0
2024-03-21,0.0,0.0,0.0,0.0,-4.990262081680852e-05,4.010688357362781e-05,-9.000950439043633e-05,0.08021376714725562,0.0,0.0,0.0,0.0
2024-03-22,0.0,0.0,0.0,0.0,-0.0007575178940454106,6.027237431535217e-05,-0.0008177902683607627,0.12054474863070433,0.0,0.0,0.0,0.0
2024-03-25,0.0,0.0,0.0,0.0,-0.0009057953501073424,7.533662828138054e-08,-0.0009058706867356237,0.0001506732565627611,0.0,0.0,0.0,0.0
2024-03-26,0.0,0.0,0.0,0.0,0.0006286479060220026,5.75147795315669e-05,0.0005711331264904357,0.1150295590631338,0.0,0.0,0.0,0.0
2024-03-27,0.0,0.0,0.0,0.0,0.0027503078532502747,4.774956570493088e-07,0.0027498303575932254,0.0009549913140986174,0.0,0.0,0.0,0.0
2024-03-28,0.0,0.0,0.0,0.0,-0.00010824837112471246,6.103885933258738e-05,-0.00016928723045729984,0.12207771866517475,0.0,0.0,0.0,0.0
2024-04-01,0.0,0.0,0.0,0.0,-3.212175234768433e-05,8.084666548264572e-05,-0.00011296841783033005,0.16169333096529143,0.0,0.0,0.0,0.0
2024-04-02,0.0,0.0,0.0,0.0,0.0008247184415925406,4.442007316784076e-07,0.0008242742408608622,0.0008884014633568152,0.0,0.0,0.0,0.0
2024-04-03,0.0,0.0,0.0,0.0,-0.0002938465322260967,3.661945471470536e-07,-0.00029421272677324377,0.0007323890942941072,0.0,0.0,0.0,0.0
2024-04-04,0.0,0.0,0.0,0.0,5.228569484873563e-07,3.6189733306355584e-08,4.866672151810007e-07,7.237946661271116e-05,0.0,0.0,0.0,0.0
2024-04-05,0.0,0.0,0.0,0.0,-0.000237462070235473,6.644425806769799e-08,-0.00023752851449354071,0.00013288851613539598,0.0,0.0,0.0,0.0
2024-04-08,0.0,0.0,0.0,0.0,-0.0006338015308808028,4.0587090605528204e-08,-0.0006338421179714083,8.11741812110564e-05,0.0,0.0,0.0,0.0
2024-04-09,0.0,0.0,0.0,0.0,-0.0004661446075524729,3.0382661629577495e-07,-0.00046644843416876865,0.0006076532325915499,0.0,0.0,0.0,0.0
2024-04-10,0.0,0.0,0.0,0.0,0.0011319492664419691,3.520891627461324e-07,0.001131597177279223,0.0007041783254922648,0.0,0.0,0.0,0.0
2024-04-11,0.0,0.0,0.0,0.0,-0.0014838325638319994,1.2745549520427092e-06,-0.0014851071187840421,0.0025491099040854184,0.0,0.0,0.0,0.0
2024-04-12,0.0,0.0,0.0,0.0,-0.00018487204827060834,4.20482188961178e-05,-0.00022692026716672614,0.08409643779223559,0.0,0.0,0.0,0.0
2024-04-15,0.0,0.0,0.0,0.0,0.0005292187163395347,2.89532686800785e-07,0.0005289291836527339,0.00057906537360157,0.0,0.0,0.0,0.0
2024-04-16,0.0,0.0,0.0,0.0,0.0012460539259361908,2.5924888810748836e-06,0.0012434614370551158,0.005184977762149767,0.0,0.0,0.0,0.0
2024-04-17,0.0,0.0,0.0,0.0,0.00012333054174308317,5.309486676024122e-05,7.023567498284195e-05,0.10618973352048244,0.0,0.0,0.0,0.0
2024-04-18,0.0,0.0,0.0,0.0,0.00023486341188196178,2.584713067514816e-07,0.0002346049405752103,0.0005169426135029631,0.0,0.0,0.0,0.0
2024-04-19,0.0,0.0,0.0,0.0,0.0005554477423537957,3.779293702599159e-05,0.0005176548053278041,0.07558587405198318,0.0,0.0,0.0,0.0
2024-04-22,0.0,0.0,0.0,0.0,-0.0008723383982943139,3.918358890102164e-05,-0.0009115219871953356,0.07836717780204328,0.0,0.0,0.0,0.0
2024-04-23,0.0,0.0,0.0,0.0,-1.5420432484659886e-05,8.894444716751257e-07,-1.6309876956335013e-05,0.0017788889433502514,0.0,0.0,0.0,0.0
2024-04-24,0.0,0.0,0.0,0.0,-0.0030936868342762193,3.1687962434522736e-07,-0.0030940037139005646,0.0006337592486904547,0.0,0.0,0.0,0.0
2024-04-25,0.0,0.0,0.0,0.0,-0.0005217432059298417,9.973809165470111e-07,-0.0005227405868463887,0.001994761833094022,0.0,0.0,0.0,0.0
2024-04-26,0.0,0.0,0.0,0.0,0.00024227701327217952,8.388899178780191e-07,0.0002414381233543015,0.001677779835756038,0.0,0.0,0.0,0.0
2024-04-29,0.0,0.0,0.0,0.0,-0.0011199320532373424,4.394878661052974e-05,-0.0011638808398478722,0.08789757322105947,0.0,0.0,0.0,0.0
2024-04-30,0.0,0.0,0.0,0.0,-0.000272637209376745,4.2762357183476164e-05,-0.00031539956656022116,0.08552471436695233,0.0,0.0,0.0,0.0
2024-05-01,0.0,0.0,0.0,0.0,0.0002608722916117342,4.258648516626707e-07,0.0002604464267600715,0.0008517297033253414,0.0,0.0,0.0,0.0
2024-05-02,0.0,0.0,0.0,0.0,-0.001022189475930951,2.461658449560422e-07,-0.001022435641775907,0.0004923316899120844,0.0,0.0,0.0,0.0
2024-05-03,0.0,0.0,0.0,0.0,-0.0005708508636859111,5.926350167804928e-05,-0.0006301143653639604,0.11852700335609856,0.0,0.0,0.0,0.0
2024-05-06,0.0,0.0,0.0,0.0,0.000642320650839853,6.535708925228604e-07,0.0006416670799473301,0.0013071417850457206,0.0,0.0,0.0,0.0
2024-05-07,0.0,0.0,0.0,0.0,-0.00037710620698293474,7.150215653532154e-07,-0.00037782122854828796,0.0014300431307064307,0.0,0.0,0.0,0.0
2024-05-08,0.0,0.0,0.0,0.0,0.0,0.0,0.0,0.20704795022541778,0.0,0.0,0.0,0.0
2024-05-09,0.0,0.0,0.0,0.0,0.0,0.0,0.0,0.0,0.0,0.0,0.0,0.0
2024-05-10,0.0,0.0,0.0,0.0,0.0,0.0,0.0,0.0,0.0,0.0,0.0,0.0
2024-05-13,0.0,0.0,0.0,0.0,0.0,0.0,0.0,0.0,0.0,0.0,0.0,0.0
2024-05-14,1.936286058599405e-06,4.233007216991877e-05,-4.039378611131937e-05,0.08466014433983754,0.0,0.0,0.0,0.0,0.0,0.0,0.0,0.0
2024-05-15,0.0,4.233007216991877e-05,-4.233007216991877e-05,0.08466014433983754,0.0,0.0,0.0,0.0,0.0,0.0,0.0,0.0
2024-05-16,0.00015100487922655971,4.2154937755587595e-05,0.00010884994147097212,0.08430987551117519,0.0,0.0,0.0,0.0,0.0,0.0,0.0,0.0
2024-05-17,8.45526267362706e-05,1.3698095874532455e-07,8.441564577752528e-05,0.0002739619174906491,0.0,0.0,0.0,0.0,0.0,0.0,0.0,0.0
2024-05-20,0.0,4.229191871433293e-05,-4.229191871433293e-05,0.08458383742866585,0.0,0.0,0.0,0.0,0.0,0.0,0.0,0.0
2024-05-21,0.0,0.0,0.0,0.0,0.0,0.0,0.0,0.0,0.0,0.0,0.0,0.0
2024-05-22,0.0,0.0,0.0,0.0,0.0,0.0,0.0,0.0,0.0,0.0,0.0,0.0
2024-05-23,0.0,0.0,0.0,0.0,0.0,0.0,0.0,0.0,0.0,0.0,0.0,0.0
2024-05-24,0.0,0.0,0.0,0.0,0.0,0.0,0.0,0.0,0.0,0.0,0.0,0.0
2024-05-28,0.0,0.0,0.0,0.0,-0.00021548770207524383,3.263794214794863e-05,-0.00024812564422319245,0.06527588429589726,0.0,0.0,0.0,0.0
2024-05-29,0.0,0.0,0.0,0.0,-0.00011700503710834508,1.8767003187721879e-07,-0.0001171927071402223,0.00037534006375443754,0.0,0.0,0.0,0.0
2024-05-30,0.0,0.0,0.0,0.0,0.00040684904423377754,4.713722036624873e-08,0.0004068019070134113,9.427444073249747e-05,0.0,0.0,0.0,0.0
2024-05-31,0.0,0.0,0.0,0.0,0.003906632679910363,6.0585419051342024e-05,0.0038460472608590215,0.12117083810268404,0.0,0.0,0.0,0.0
2024-06-03,0.0,0.0,0.0,0.0,-8.853231150526524e-05,7.549011077592085e-05,-0.0001640224222811861,0.1509802215518417,0.0,0.0,0.0,0.0
2024-06-04,-0.0002126764943208801,4.7698036836135226e-05,-0.0002603745311570153,0.09539607367227045,-4.272439678419015e-06,6.16913730856761e-05,-6.596381276409511e-05,0.1233827461713522,0.0,0.0,0.0,0.0
2024-06-05,0.0,4.573372771860033e-05,-4.573372771860033e-05,0.09539607367227045,0.00047726624164126397,9.615057444823964e-07,0.0004763047358967816,0.0020056067461049973,0.0,0.0,0.0,0.0
2024-06-06,0.0,0.0,0.0,0.0,0.0002286782074325193,6.618189424302292e-07,0.00022801638849008908,0.0013236378848604582,0.0,0.0,0.0,0.0
2024-06-07,0.0,0.0,0.0,0.0,-0.0009789384278974607,3.104678386345739e-05,-0.001009985211760918,0.06209356772691478,0.0,0.0,0.0,0.0
2024-06-10,0.0,0.0,0.0,0.0,0.001042310984345238,3.137345325606722e-07,0.0010419972498126773,0.0006274690651213444,0.0,0.0,0.0,0.0
2024-06-11,0.0,0.0,0.0,0.0,-0.0031312141049277043,1.497977921519067e-07,-0.003131363902719856,0.0002995955843038134,0.0,0.0,0.0,0.0
2024-06-12,0.0,0.0,0.0,0.0,-0.0008170579530786694,4.722423996726699e-06,-0.0008217803770753961,0.009444847993453399,0.0,0.0,0.0,0.0
2024-06-13,0.001994093618639313,5.911424957835904e-05,0.001934979369060954,0.11822849915671808,0.0005134120962847678,5.264341320744442e-05,0.0004607686830773234,0.10528682641488885,0.0,0.0,0.0,0.0
2024-06-14,-0.0003815619496218571,7.32805417383786e-07,-0.0003822947550392409,0.0014656108347675806,0.001536897596971325,4.5956245715772234e-07,0.0015364380345141673,0.0009191249143154501,0.0,0.0,0.0,0.0
2024-06-17,0.001316423238527942,1.1341638133783443e-07,0.0013163098221466041,0.00022683276267566888,-0.0004913932548296257,4.832634155808556e-05,-0.0005397195963877113,0.09665268311617112,0.0,0.0,0.0,0.0
2024-06-18,-0.0010390291882102598,4.692802887156265e-05,-0.0010859572170818224,0.1370309147280148,-0.0010994353783447851,2.9100445773780433e-05,-0.0011285358241185657,0.08497396543732863,0.0,0.0,0.0,0.0
2024-06-20,-0.0037991669426358375,2.2083713239549883e-08,-0.003799189026349077,4.416742647909977e-05,0.0004746688263076982,1.5901841486729712e-07,0.0004745098078928309,0.00031803682973459424,0.0,0.0,0.0,0.0
2024-06-21,-0.003642178581325591,2.7953801035850947e-05,-0.0036701323823614415,0.08258917675859331,-7.479913899307931e-05,4.033237575261746e-05,-0.00011513151474569677,0.11916153033553015,0.0,0.0,0.0,0.0
2024-06-24,-0.0008511446762017358,7.295922400817718e-07,-0.0008518742684418176,0.001536806924279488,0.0006899991504969031,2.8160052223662547e-05,0.0006618390982732406,0.05931609585176812,0.0,0.0,0.0,0.0
2024-06-25,0.0006729552034149958,7.364686083590659e-05,0.0005993083425790892,0.14729372167181315,0.000375431018198191,1.7829442936204787e-06,0.00037364807390457053,0.003565888587240957,0.0,0.0,0.0,0.0
2024-06-26,0.0,2.5564995469807908e-05,-2.5564995469807908e-05,0.10780706491090791,7.518433539551888e-05,2.6584392246248223e-05,4.8599943149270664e-05,0.11210584034302018,0.0,0.0,0.0,0.0
2024-06-27,0.0,0.0,0.0,0.0,-0.0023433618422652757,5.526145429918944e-08,-0.002343417103719575,0.00011052290859837888,0.0,0.0,0.0,0.0
2024-06-28,0.0,0.0,0.0,0.0,-0.0012028604514754543,1.0734947938736279e-07,-0.0012029678009548416,0.00021469895877472556,0.0,0.0,0.0,0.0
2024-07-01,0.00024420368008260706,4.211250756325482e-05,0.00020209117251935224,0.08481854309290962,-0.00044542319780238625,1.4786100835370942e-07,-0.00044557105881074,0.0002978059496925589,0.0,0.0,0.0,0.0
2024-07-02,0.0,4.24092715464548e-05,-4.24092715464548e-05,0.08481854309290962,-0.000343128260798073,4.809313576937811e-07,-0.0003436091921557668,0.0009618627153875625,0.0,0.0,0.0,0.0
2024-07-03,0.0,0.0,0.0,0.0,0.0005093811716340431,5.880348667371138e-07,0.0005087931367673059,0.0011760697334742276,0.0,0.0,0.0,0.0
2024-07-05,0.0,0.0,0.0,0.0,-0.0006194838818687331,4.689627476951383e-07,-0.0006199528446164282,0.0009379254953902766,0.0,0.0,0.0,0.0
2024-07-08,0.0,0.0,0.0,0.0,0.0011519367371112383,4.479271252882378e-05,0.0011071440245824145,0.08958542505764755,0.0,0.0,0.0,0.0
2024-07-09,0.0,0.0,0.0,0.0,0.0029706371193145196,4.4948831336937694e-07,0.00297018763100115,0.0008989766267387539,0.0,0.0,0.0,0.0
2024-07-10,0.0,0.0,0.0,0.0,0.0008596195113698829,4.277687445654789e-05,0.000816842636913335,0.08555374891309578,0.0,0.0,0.0,0.0
2024-07-11,0.0,0.0,0.0,0.0,-0.00019307503414333846,5.140879838621125e-05,-0.00024448383252954973,0.1028175967724225,0.0,0.0,0.0,0.0
2024-07-12,0.0,0.0,0.0,0.0,0.0001559495985383187,5.228827720115542e-08,0.00015589731026111753,0.00010457655440231084,0.0,0.0,0.0,0.0
2024-07-15,-0.0005827248035971956,5.014110162118737e-05,-0.0006328659052183829,0.10028220324237475,-0.0006235779256795308,4.208526291801758e-05,-0.0006656631885975484,0.08417052583603517,0.0,0.0,0.0,0.0
2024-07-16,-0.0004862090013682418,2.3912567081572736e-06,-0.0004886002580763991,0.0047825134163145475,0.0011222073243791493,3.6014323893070883e-07,0.0011218471811402185,0.0007202864778614176,0.0,0.0,0.0,0.0
2024-07-17,0.0,3.114884479309017e-05,-3.114884479309017e-05,0.09549968982606019,0.0007042758612242063,2.62937727296587e-05,0.0006779820884945476,0.08061445478056245,0.0,0.0,0.0,0.0
2024-07-18,0.0,0.0,0.0,0.0,0.0003900962411767999,2.292410339644479e-06,0.00038780383083715546,0.004584820679288958,0.0,0.0,0.0,0.0
2024-07-19,0.0,0.0,0.0,0.0,-0.0012460283751553852,3.176148799329953e-07,-0.001246345990035318,0.0006352297598659906,0.0,0.0,0.0,0.0
2024-07-22,0.0,0.0,0.0,0.0,0.0010346023564911538,3.7395795110410235e-05,0.0009972065613807436,0.07479159022082046,0.0,0.0,0.0,0.0
2024-07-23,0.0,0.0,0.0,0.0,-0.001230617403849874,6.741067471110144e-07,-0.0012312915105969849,0.0013482134942220288,0.0,0.0,0.0,0.0
2024-07-24,0.0,0.0,0.0,0.0,0.0021025157109901852,2.433482921330703e-07,0.0021022723626980522,0.0004866965842661407,0.0,0.0,0.0,0.0
2024-07-25,0.0,0.0,0.0,0.0,0.0005800405624951622,4.4474057695013265e-05,0.000535566504800149,0.08894811539002653,0.0,0.0,0.0,0.0
2024-07-26,0.0,0.0,0.0,0.0,4.982102972964574e-05,4.0226028922778213e-07,4.941876944041796e-05,0.0008045205784555642,0.0,0.0,0.0,0.0
2024-07-29,0.0,0.0,0.0,0.0,0.0006832741480801809,6.501961363498781e-07,0.0006826239519438311,0.001300392272699756,0.0,0.0,0.0,0.0
2024-07-30,0.0,0.0,0.0,0.0,0.0002575291437569475,3.04159401456762e-07,0.0002572249843554907,0.0006083188029135239,0.0,0.0,0.0,0.0
2024-07-31,0.0,0.0,0.0,0.0,0.0,4.250374069612084e-05,-4.250374069612084e-05,0.08500748139224168,0.0,0.0,0.0,0.0
2024-08-01,0.0,0.0,0.0,0.0,0.0,0.0,0.0,0.0,0.0,0.0,0.0,0.0
2024-08-02,0.0,0.0,0.0,0.0,0.0017541722652354619,5.6031751140575526e-05,0.0016981405140948863,0.11206350228115106,0.0,0.0,0.0,0.0
2024-08-05,0.0,0.0,0.0,0.0,0.0004903566646023388,6.944027585586328e-05,0.00042091638874647557,0.1731829505694245,0.0,0.0,0.0,0.0
2024-08-06,0.0,0.0,0.0,0.0,-0.00071183421957906,9.022178000543043e-07,-0.0007127364373791143,0.0018044356001086087,0.0,0.0,0.0,0.0
2024-08-07,0.0,0.0,0.0,0.0,-0.001060159472333574,6.661117489826383e-05,-0.0011267706472318378,0.13322234979652767,0.0,0.0,0.0,0.0
2024-08-08,0.0,0.0,0.0,0.0,0.001805093998388474,6.809261625706617e-05,0.0017370013821314078,0.13618523251413234,0.0,0.0,0.0,0.0
2024-08-09,0.0,0.0,0.0,0.0,-0.0031394556029705808,2.0830204000394024e-06,-0.00314153862337062,0.004166040800078805,0.0,0.0,0.0,0.0
2024-08-12,0.0,0.0,0.0,0.0,-0.0015905690394165365,3.9859551230997383e-07,-0.0015909676349288465,0.0007971910246199476,0.0,0.0,0.0,0.0
2024-08-13,0.0,0.0,0.0,0.0,0.0012685827254812429,1.8772888113258863e-07,0.0012683949966001103,0.00037545776226517724,0.0,0.0,0.0,0.0
2024-08-14,0.0,0.0,0.0,0.0,-0.001719447503772142,1.614407967543932e-06,-0.001721061911739686,0.0032288159350878642,0.0,0.0,0.0,0.0
2024-08-15,0.0,0.0,0.0,0.0,0.003013662396519527,6.126974877032493e-05,0.0029523926477492022,0.12253949754064986,0.0,0.0,0.0,0.0
2024-08-16,0.0,0.0,0.0,0.0,0.0012016323368812237,2.5455947759630214e-06,0.0011990867421052607,0.0050911895519260425,0.0,0.0,0.0,0.0
2024-08-19,0.0,0.0,0.0,0.0,0.001186236538535956,2.3844397507008507e-08,0.001186212694138449,4.7688795014017016e-05,0.0,0.0,0.0,0.0
2024-08-20,0.0,0.0,0.0,0.0,0.0005192518652327564,4.740902984675249e-07,0.0005187777749342888,0.0009481805969350499,0.0,0.0,0.0,0.0
2024-08-21,0.0,0.0,0.0,0.0,0.0001550270547911959,6.761943520844806e-05,8.740761958274784e-05,0.1352388704168961,0.0,0.0,0.0,0.0
2024-08-22,0.0,0.0,0.0,0.0,-1.2455139118928076e-05,7.93160108925519e-08,-1.2534455129820629e-05,0.0001586320217851038,0.0,0.0,0.0,0.0
2024-08-23,0.0,0.0,0.0,0.0,0.00036365936787969926,7.077213996494174e-08,0.0003635885957397343,0.00014154427992988348,0.0,0.0,0.0,0.0
2024-08-26,0.0,0.0,0.0,0.0,9.686499047068962e-05,6.209734476512499e-05,3.4767645705564634e-05,0.12419468953024998,0.0,0.0,0.0,0.0
2024-08-27,0.0,0.0,0.0,0.0,-0.00041786017236214164,3.421726939270175e-05,-0.0004520774417548434,0.0684345387854035,0.0,0.0,0.0,0.0
2024-08-28,0.0,0.0,0.0,0.0,-9.46458502168343e-05,3.654372769078263e-08,-9.468239394452509e-05,7.308745538156525e-05,0.0,0.0,0.0,0.0
2024-08-29,0.0,0.0,0.0,0.0,0.0028035617668979284,8.81468454973916e-08,0.002803473620052431,0.0001762936909947832,0.0,0.0,0.0,0.0
2024-08-30,0.0,0.0,0.0,0.0,0.0040921441927611905,7.373074777721291e-05,0.004018413444983978,0.14746149555442584,0.0,0.0,0.0,0.0
2024-09-03,0.0,0.0,0.0,0.0,-0.00032160313185907504,6.166953031927108e-05,-0.0003832726621783461,0.12333906063854216,0.0,0.0,0.0,0.0
2024-09-04,0.0,0.0,0.0,0.0,-0.000889260342112316,2.257746694138557e-07,-0.0008894861167817299,0.0004515493388277114,0.0,0.0,0.0,0.0
2024-09-05,0.0,0.0,0.0,0.0,0.0003448877001996631,7.429182489934045e-08,0.00034481340837476377,0.00014858364979868088,0.0,0.0,0.0,0.0
2024-09-06,0.0,0.0,0.0,0.0,6.66322829462598e-05,2.101689487588737e-08,6.661126605138392e-05,4.203378975177474e-05,0.0,0.0,0.0,0.0
2024-09-09,0.0,0.0,0.0,0.0,-1.4510749474208086e-05,7.434961075793819e-05,-8.886036023214628e-05,0.1486992215158764,0.0,0.0,0.0,0.0
2024-09-10,-0.0014282465041163975,6.39262205959888e-05,-0.0014921727247123864,0.13027015377851714,0.00016183969989147487,5.987667533037653e-07,0.0001612409331381711,0.0012201790799320194,0.0,0.0,0.0,0.0
2024-09-11,-0.0009682550524223173,2.484611751795221e-07,-0.0009685035135974968,0.0004969223503590442,0.0006025921592931719,4.041417606367152e-05,0.0005621779832295003,0.08082835212734304,0.0,0.0,0.0,0.0
2024-09-12,-0.0013669783415015254,5.5772716626597815e-09,-0.0013669839187731882,0.0010118235994651392,-0.001238362255348832,5.7016123085836284e-09,-0.0012383679569611405,0.001034381367407626,0.0,0.0,0.0,0.0
2024-09-13,0.0,6.438070391434647e-05,-6.438070391434647e-05,0.12876140782869297,-4.427037323138778e-05,1.9635447478571696e-07,-4.4466727706173495e-05,0.00039270894957143393,0.0,0.0,0.0,0.0
2024-09-16,0.0,0.0,0.0,0.0,-0.0018889748153342921,5.720570822977805e-08,-0.001889032021042522,0.0001144114164595561,0.0,0.0,0.0,0.0
2024-09-17,0.0,0.0,0.0,0.0,0.0006900067969996597,1.1732459344515959e-07,0.0006898894724062146,0.00023464918689031916,0.0,0.0,0.0,0.0
2024-09-18,-0.0009372226836148467,6.425388998088917e-05,-0.0010014765735957359,0.12855439638278748,0.0010185689930781309,1.1651991862114282e-08,0.0010185573410862688,2.3312437284914167e-05,0.0,0.0,0.0,0.0
2024-09-19,-0.0014765800568448534,1.0308053244896185e-06,-0.001477610862169343,0.002061610648979237,-0.0015100531721908752,1.7712771465221155e-07,-0.0015102302999055275,0.0003542554293044231,0.0,0.0,0.0,0.0
2024-09-20,0.0020187032151431188,4.109458626350634e-07,0.002018292269280484,0.0008218917252701269,2.9997875811364137e-05,1.2496777466319448e-06,2.874819806473219e-05,0.0024993554932638898,0.0,0.0,0.0,0.0
2024-09-23,0.0017787594980345775,2.3540750424654486e-07,0.001778524090530331,0.0004720585326422194,0.0016952779313701763,0.00017849231741425854,0.0015167856139559179,0.35792750836965237,0.0,0.0,0.0,0.0
2024-09-24,1.1093967841790757e-05,8.063825859893487e-08,1.1013329583191823e-05,0.00016127651719786973,0.0006859385941004991,3.7109565819928176e-05,0.000648829028280571,0.07421913163985636,0.0,0.0,0.0,0.0
2024-09-25,0.001348607632458245,4.393417726736987e-08,0.0013485636982809776,8.786835453473973e-05,-0.0007862373104898899,1.4184143549946655e-07,-0.0007863791519253894,0.0002836828709989331,0.0,0.0,0.0,0.0
2024-09-26,-0.000247499124391934,2.0898650825973202e-07,-0.0002477081109001937,0.0004179730165194684,-0.0013326754165143748,1.2872754907356168e-07,-0.0013328041440634484,0.000257455098147126,0.0,0.0,0.0,0.0
2024-09-27,0.0007252653986343343,3.302778468393386e-08,0.0007252323708496504,6.605556936786772e-05,-0.0006478796149053642,2.966933401832156e-07,-0.0006481763082455475,0.0005933866803664312,0.0,0.0,0.0,0.0
2024-09-30,0.0,6.480028302917143e-05,-6.480028302917143e-05,0.12960056605834286,-0.00010309229150116755,1.1226264446193013e-07,-0.00010320455414562947,0.00022452528892386026,0.0,0.0,0.0,0.0
2024-10-01,0.0,0.0,0.0,0.0,-0.0002670042393076214,7.397838895334077e-05,-0.00034098262826096217,0.14795677790668155,0.0,0.0,0.0,0.0
2024-10-02,0.0,0.0,0.0,0.0,-0.0011896876654473826,3.725661655923225e-05,-0.0012269442820066149,0.0745132331184645,0.0,0.0,0.0,0.0
2024-10-03,0.0,0.0,0.0,0.0,-0.000442147551646138,3.9859028631673725e-05,-0.00048200658027781174,0.07971805726334745,0.0,0.0,0.0,0.0
2024-10-04,0.0,0.0,0.0,0.0,-0.00248000161543714,5.9539539233304744e-05,-0.0025395411546704446,0.11907907846660949,0.0,0.0,0.0,0.0
2024-10-07,0.0,0.0,0.0,0.0,-0.001984464123077502,1.3944054083620192e-06,-0.001985858528485864,0.0027888108167240383,0.0,0.0,0.0,0.0
2024-10-08,0.0,0.0,0.0,0.0,0.0005408050082556222,1.4304730935946197e-07,0.0005406619609462628,0.00028609461871892394,0.0,0.0,0.0,0.0
2024-10-09,0.0,0.0,0.0,0.0,0.001753306383560193,2.328245497815254e-07,0.0017530735590104115,0.0004656490995630508,0.0,0.0,0.0,0.0
2024-10-10,0.0,0.0,0.0,0.0,0.002583884484236873,4.959870188396414e-07,0.0025833884972180335,0.000991974037679283,0.0,0.0,0.0,0.0
2024-10-11,0.0,0.0,0.0,0.0,-0.0014591467907369717,3.0852197065966566e-06,-0.0014622320104435683,0.006170439413193313,0.0,0.0,0.0,0.0
2024-10-14,0.0,0.0,0.0,0.0,0.002458889610237159,2.2835866429454787e-08,0.0024588667743707295,4.5671732858909575e-05,0.0,0.0,0.0,0.0
2024-10-15,0.0,0.0,0.0,0.0,0.0003780197874249378,5.778825578899019e-05,0.00032023153163594764,0.11557651157798038,0.0,0.0,0.0,0.0
2024-10-16,-0.001039112661683594,6.706503505074099e-05,-0.001106177696734335,0.13413007010148198,-0.0009729346660307732,8.243020063299425e-08,-0.0009730170962314063,0.0001648604012659885,0.0,0.0,0.0,0.0
2024-10-17,0.0,6.706503505074098e-05,-6.706503505074098e-05,0.13413007010148198,-0.0006097595367238443,1.554219418417723e-07,-0.000609914958665686,0.0003108438836835446,0.0,0.0,0.0,0.0
2024-10-18,0.0,0.0,0.0,0.0,-0.0005021578330663905,6.369824084322822e-08,-0.0005022215313072337,0.00012739648168645645,0.0,0.0,0.0,0.0
2024-10-21,0.0,0.0,0.0,0.0,0.00057639557869832,3.5303351384848547e-07,0.0005760425451844715,0.0007060670276969709,0.0,0.0,0.0,0.0
2024-10-22,0.0,0.0,0.0,0.0,4.416985992109459e-05,7.943617188049812e-08,4.409042374921409e-05,0.00015887234376099624,0.0,0.0,0.0,0.0
2024-10-23,0.0,0.0,0.0,0.0,-0.00017514117306986532,4.7121410883687114e-08,-0.000175188294480749,9.424282176737422e-05,0.0,0.0,0.0,0.0
2024-10-24,0.0,0.0,0.0,0.0,-0.000626857274480368,3.171439428182165e-07,-0.0006271744184231862,0.000634287885636433,0.0,0.0,0.0,0.0
2024-10-25,0.0,0.0,0.0,0.0,-0.0005297835080243394,1.525777547768073e-06,-0.0005313092855721075,0.003051555095536146,0.0,0.0,0.0,0.0
2024-10-28,0.0,0.0,0.0,0.0,-0.0008452262752470539,8.12786547980596e-07,-0.0008460390617950345,0.001625573095961192,0.0,0.0,0.0,0.0
2024-10-29,0.0,0.0,0.0,0.0,-0.0003787660137992319,1.2499951224823753e-07,-0.00037889101331148013,0.00024999902449647504,0.0,0.0,0.0,0.0
2024-10-30,0.0,0.0,0.0,0.0,0.0004865450232743217,7.003773611630078e-07,0.0004858446459131587,0.0014007547223260156,0.0,0.0,0.0,0.0
2024-10-31,0.0,0.0,0.0,0.0,0.0005448475823537495,5.4790785401875307e-05,0.0004900567969518742,0.21360233199493428,0.0,0.0,0.0,0.0
2024-11-01,0.0,0.0,0.0,0.0,-0.004609797025986116,4.446413173155167e-07,-0.004610241667303431,0.0008892826346310334,0.0,0.0,0.0,0.0
2024-11-04,0.0,0.0,0.0,0.0,0.0010893783706561952,6.469897803130856e-07,0.0010887313808758822,0.0012939795606261711,0.0,0.0,0.0,0.0
2024-11-05,0.0,0.0,0.0,0.0,-0.0015667582881222402,2.382012419202967e-07,-0.0015669964893641605,0.00047640248384059336,0.0,0.0,0.0,0.0
2024-11-06,0.0,0.0,0.0,0.0,-0.002631183727667811,1.1431463253854385e-06,-0.0026323268739931963,0.002286292650770877,0.0,0.0,0.0,0.0
2024-11-07,0.0,0.0,0.0,0.0,-0.0005891738931879703,3.796970050899773e-05,-0.000627143593696968,0.07593940101799546,0.0,0.0,0.0,0.0
2024-11-08,0.0,0.0,0.0,0.0,-0.000572951395719938,3.756283865785394e-07,-0.0005733270241065165,0.0007512567731570788,0.0,0.0,0.0,0.0
2024-11-11,0.0,0.0,0.0,0.0,0.0014789644941078943,2.195637064840897e-06,0.0014767688570430533,0.004391274129681794,0.0,0.0,0.0,0.0
2024-11-12,0.0,0.0,0.0,0.0,0.000480136820265797,4.5107783840797266e-07,0.00047968574242738903,0.0009021556768159453,0.0,0.0,0.0,0.0
2024-11-13,0.0,0.0,0.0,0.0,-0.0035300269821888055,4.035382427271528e-07,-0.0035304305204315327,0.0008070764854543055,0.0,0.0,0.0,0.0
2024-11-14,0.0,0.0,0.0,0.0,0.0006449676984736467,8.265083393442577e-07,0.0006441411901343025,0.0016530166786885153,0.0,0.0,0.0,0.0
2024-11-15,0.0,0.0,0.0,0.0,5.349317064241575e-05,3.397991043849586e-05,1.9513260203919888e-05,0.06795982087699172,0.0,0.0,0.0,0.0
2024-11-18,0.0,0.0,0.0,0.0,0.0004533460363144254,1.1494063573742192e-06,0.0004521966299570512,0.0022988127147484383,0.0,0.0,0.0,0.0
2024-11-19,0.0,0.0,0.0,0.0,0.0014141518726974382,5.526556066760835e-09,0.0014141463461413714,1.105311213352167e-05,0.0,0.0,0.0,0.0
2024-11-20,0.0,0.0,0.0,0.0,-0.0002455691165181872,3.4594987303124965e-07,-0.00024591506639121846,0.0006918997460624993,0.0,0.0,0.0,0.0
2024-11-21,0.0,0.0,0.0,0.0,-0.0010020903907203673,1.0743450857868265e-07,-0.001002197825228946,0.00021486901715736528,0.0,0.0,0.0,0.0
2024-11-22,0.0,0.0,0.0,0.0,0.00018562666955225082,2.310121709084359e-07,0.00018539565738134238,0.0004620243418168718,0.0,0.0,0.0,0.0
2024-11-25,0.0,0.0,0.0,0.0,0.0002455273585797735,5.683545153915282e-07,0.00024495900406438197,0.0011367090307830563,0.0,0.0,0.0,0.0
2024-11-26,0.0,0.0,0.0,0.0,0.00040750353331669894,1.7091044755838254e-06,0.00040579442884111514,0.0034182089511676506,0.0,0.0,0.0,0.0
2024-11-27,0.0,0.0,0.0,0.0,0.0005045449709835319,2.9635673866108755e-06,0.0005015814035969209,0.005927134773221751,0.0,0.0,0.0,0.0
2024-11-29,0.0,0.0,0.0,0.0,-0.0002955465727382499,6.194069847251639e-05,-0.0003574872712107663,0.12388139694503277,0.0,0.0,0.0,0.0
2024-12-02,0.0,0.0,0.0,0.0,0.0008070792738299254,7.73995574858341e-08,0.0008070018742724395,0.0001547991149716682,0.0,0.0,0.0,0.0
2024-12-03,0.0,0.0,0.0,0.0,0.0033586690868087593,1.100534473754515e-07,0.0033585590333613836,0.000220106894750903,0.0,0.0,0.0,0.0
2024-12-04,0.0,0.0,0.0,0.0,0.0022172790490762495,1.5794436141158484e-07,0.0022171211047148378,0.00031588872282316965,0.0,0.0,0.0,0.0
2024-12-05,-0.00035572027396874137,6.26660328497797e-05,-0.0004183863068185211,0.1253320656995594,0.003074487023282743,4.763568228481734e-05,0.0030268513409979253,0.09527136456963468,0.0,0.0,0.0,0.0
2024-12-06,-0.0023115514106968734,6.881336675371452e-07,-0.0023122395443644105,0.0035819170492528973,6.266924680665758e-05,1.5468882401315765e-06,6.1122358566526e-05,0.008051960864590327,0.0,0.0,0.0,0.0
2024-12-09,-0.0006879055134644943,4.737624003353048e-05,-0.0007352817534980248,0.09475248006706098,0.0009838908071335495,4.1188267209852487e-07,0.000983478924461451,0.0008237653441970499,0.0,0.0,0.0,0.0
2024-12-10,0.0,0.00010721547666864928,-0.00010721547666864928,0.2165026287173675,0.00038358785296065405,5.154289956186857e-07,0.00038307242396503537,0.0010408173888315914,0.0,0.0,0.0,0.0
2024-12-11,0.0,0.0,0.0,0.0,0.0008591307827443989,4.611318697107851e-05,0.0008130175957733203,0.09222637394215702,0.0,0.0,0.0,0.0
2024-12-12,0.0,0.0,0.0,0.0,-0.0029973764518281994,3.67254808007908e-07,-0.002997743706636207,0.000734509616015816,0.0,0.0,0.0,0.0
2024-12-13,0.0,0.0,0.0,0.0,0.002495315865836174,2.1148168076346176e-06,0.0024932010490285395,0.004229633615269235,0.0,0.0,0.0,0.0
2024-12-16,0.0,0.0,0.0,0.0,-0.0005806763318308584,3.1400586213681246e-07,-0.0005809903376929952,0.000628011724273625,0.0,0.0,0.0,0.0
2024-12-17,0.00010356982456864538,4.571775912954221e-05,5.7852065439103166e-05,0.09143551825908441,-4.074425026677313e-05,3.773174133896524e-05,-7.847599160573837e-05,0.07546348267793047,0.0,0.0,0.0,0.0
2024-12-18,-0.0005265365244590561,6.569917163434252e-08,-0.0005266022236306905,0.0001316191691441565,0.002338046919103916,7.825184731616899e-05,0.002259795071787747,0.15676671214475085,0.0,0.0,0.0,0.0
2024-12-19,0.0,3.676107537063852e-05,-3.676107537063852e-05,0.09156713742822856,0.001263685394315837,4.018147531050565e-06,0.0012596672467847865,0.010008691624850408,0.0,0.0,0.0,0.0
2024-12-20,0.0,0.0,0.0,0.0,0.0011198662989175788,2.706706508238399e-07,0.001119595628266755,0.0005413413016476798,0.0,0.0,0.0,0.0
2024-12-23,-0.00021001569054455624,3.045242043131906e-05,-0.0002404681109758753,0.07038491570669902,-0.00047540228432914566,0.00010051068561341828,-0.0005759129699425639,0.23231112779617363,0.0,0.0,0.0,0.0
2024-12-24,-0.0005178987704145495,2.2831656167692815e-07,-0.0005181270869762264,0.00045663312335385634,-0.001100886376889577,0.000116525354737863,-0.00121741173162744,0.233050709475726,0.0,0.0,0.0,0.0
2024-12-26,0.0,3.176716859391335e-05,-3.176716859391335e-05,0.07084154883005288,-0.0013018735543170758,4.900851885059514e-05,-0.001350882073167671,0.1092901739410359,0.0,0.0,0.0,0.0
2024-12-27,0.0,0.0,0.0,0.0,-0.000776691423265656,7.639272444170953e-08,-0.0007767678159900977,0.00015278544888341905,0.0,0.0,0.0,0.0
2024-12-30,0.0,0.0,0.0,0.0,0.0007453152763554536,2.2615696184719036e-07,0.0007450891193936064,0.0004523139236943807,0.0,0.0,0.0,0.0
2024-12-31,0.0,0.0,0.0,0.0,-0.0010108819163262154,8.792480066765751e-07,-0.001011761164332892,0.0017584960133531502,0.0,0.0,0.0,0.0
2025-01-02,0.0,0.0,0.0,0.0,0.00042928678995393817,5.707987504512679e-07,0.0004287159912034869,0.0011415975009025359,0.0,0.0,0.0,0.0
2025-01-03,0.0,0.0,0.0,0.0,0.0019116383790767463,5.970332418034771e-05,0.0018519350548963987,0.11940664836069541,0.0,0.0,0.0,0.0
2025-01-06,0.0,0.0,0.0,0.0,-9.921292191965715e-05,8.399268027040539e-05,-0.00018320560219006255,0.16798536054081076,0.0,0.0,0.0,0.0
2025-01-07,0.0,0.0,0.0,0.0,-0.0003518302017421341,6.275002272679194e-07,-0.000352457701969402,0.0012550004545358387,0.0,0.0,0.0,0.0
2025-01-08,0.0,0.0,0.0,0.0,-0.0005256032143502964,1.1706153610630682e-07,-0.0005257202758864027,0.00023412307221261364,0.0,0.0,0.0,0.0
2025-01-10,0.0,0.0,0.0,0.0,-0.0016609715418940073,5.536817418270307e-08,-0.00166102691006819,0.00011073634836540613,0.0,0.0,0.0,0.0
2025-01-13,0.0,0.0,0.0,0.0,-0.00025823766987548595,1.3010542533740955e-08,-0.0002582506804180197,2.6021085067481908e-05,0.0,0.0,0.0,0.0
2025-01-14,0.0,0.0,0.0,0.0,0.0007707132761275747,1.0619955026410326e-06,0.0007696512806249337,0.002123991005282065,0.0,0.0,0.0,0.0
2025-01-15,0.0,0.0,0.0,0.0,0.0007603193906305919,2.29430756139945e-07,0.0007600899598744519,0.00045886151227989,0.0,0.0,0.0,0.0
2025-01-16,0.0,0.0,0.0,0.0,0.0028638457492613447,4.0351968750918786e-05,0.0028234937805104257,0.08070393750183757,0.0,0.0,0.0,0.0
2025-01-17,0.0,0.0,0.0,0.0,-0.0006518093407987413,4.12974342878195e-05,-0.0006931067750865608,0.082594868575639,0.0,0.0,0.0,0.0
2025-01-21,0.00051102374383787,0.00010190694499706382,0.00040911679884080617,0.20381388999412764,0.00038378468481834084,6.907340994592906e-05,0.0003147112748724118,0.13814681989185812,0.0,0.0,0.0,0.0
2025-01-22,-0.001654980720069272,1.629222267602053e-07,-0.001655143642296032,0.0003258444535204075,-0.000845069461453979,1.971960821496711e-07,-0.0008452666575361287,0.0003943921642993384,0.0,0.0,0.0,0.0
2025-01-23,0.0001238674526717223,3.728029802349358e-05,8.658715464822871e-05,0.07456059604698717,-7.753572657592678e-05,8.869875778544436e-07,-7.842271415378123e-05,0.0017739751557088873,0.0,0.0,0.0,0.0
2025-01-24,-6.584089305726424e-05,0.00010234039092141874,-0.00016818128397868298,0.20468078184283747,0.0,4.54977086388208e-05,-4.54977086388208e-05,0.09099541727764161,0.0,0.0,0.0,0.0
2025-01-27,-0.0028170188943747745,8.831089757418282e-08,-0.0028171072052723487,0.00017662179514836562,0.0,0.0,0.0,0.0,0.0,0.0,0.0,0.0
2025-01-28,-0.0014459509156101143,6.757332493993008e-06,-0.0014527082481041074,0.011680116163558407,0.0016960454011316103,8.560323254224895e-05,0.0016104421685893613,0.14796603555595375,0.0,0.0,0.0,0.0
2025-01-29,-0.0003638377470646456,3.1843282527680047e-07,-0.0003641561798899224,0.0031080559343871807,-0.0012553872312075745,4.825633900125328e-07,-0.0012558697945975871,0.004710048364965844,0.0,0.0,0.0,0.0
2025-01-30,0.00039975256478474964,4.457927580761604e-07,0.0003993067720266735,0.000902185167806685,0.0,7.544115661848031e-05,-7.544115661848031e-05,0.15267608392091958,0.0,0.0,0.0,0.0
2025-01-31,0.0002527906431052269,6.663201434847525e-07,0.00025212432296174215,0.001332640286969505,0.0,0.0,0.0,0.0,0.0,0.0,0.0,0.0
2025-02-03,0.0015218158247162967,3.234211629091462e-07,0.0015214924035533875,0.0006468423258182924,0.0,0.0,0.0,0.0,0.0,0.0,0.0,0.0
2025-02-04,-0.0008021708351138967,9.148827763835309e-07,-0.0008030857178902802,0.0018297655527670618,0.0,0.0,0.0,0.0,0.0,0.0,0.0,0.0
2025-02-05,-0.001053609604380003,9.550541698517335e-05,-0.0011491150213651762,0.19101083397034668,0.0,0.0,0.0,0.0,0.0,0.0,0.0,0.0
2025-02-06,-0.0012151197512323439,1.8337184636652225e-06,-0.001216953469696009,0.0036674369273304447,0.0,0.0,0.0,0.0,0.0,0.0,0.0,0.0
2025-02-07,-0.0014177839617845053,7.039126834685057e-07,-0.0014184878744679737,0.0014593634626412222,-0.0004903226162115747,3.916036391066043e-05,-0.0005294829801222351,0.0811879166508991,0.0,0.0,0.0,0.0
2025-02-10,0.00020128375970280958,5.851408593462819e-07,0.00020069861884346329,0.001170281718692559,-0.00025024512992301274,2.716183623266328e-07,-0.0002505167482853394,0.0005432367246532635,0.0,0.0,0.0,0.0
2025-02-11,0.00034090515857991896,1.1384168632468106e-07,0.0003407913168935943,0.00022768337264936211,-0.0004450565945314848,6.118872790769197e-07,-0.0004456684818105617,0.0012237745581538395,0.0,0.0,0.0,0.0
2025-02-12,0.0,8.066072200302076e-05,-8.066072200302076e-05,0.1613344131106426,0.0003355840287765882,3.2421458274509018e-09,0.00033558078663076073,6.4848129461489434e-06,0.0,0.0,0.0,0.0
2025-02-13,0.0,0.0,0.0,0.0,0.000105224177989363,6.829223791957051e-10,0.0001052234950669838,1.3658447583914102e-06,0.0,0.0,0.0,0.0
2025-02-14,0.0,0.0,0.0,0.0,-0.0006147785116691905,1.3409333732749066e-07,-0.000614912605006518,0.0002681866746549813,0.0,0.0,0.0,0.0
2025-02-18,0.0,0.0,0.0,0.0,7.66398831016184e-05,2.398920452157047e-07,7.63999910564027e-05,0.00047978409043140935,0.0,0.0,0.0,0.0
2025-02-19,0.0,0.0,0.0,0.0,0.0,4.110091910021603e-05,-4.110091910021603e-05,0.08220183820043206,0.0,0.0,0.0,0.0
2025-02-20,0.0,0.0,0.0,0.0,-0.0008676686751199394,4.910233857264165e-05,-0.0009167710136925811,0.09820467714528329,0.0,0.0,0.0,0.0
2025-02-21,0.0,0.0,0.0,0.0,0.0010807157123807454,1.846752387997877e-07,0.0010805310371419456,0.0003693504775995754,0.0,0.0,0.0,0.0
2025-02-24,0.0005319760338663756,6.604580779168402e-05,0.0004659302260746916,0.13679674251746315,0.0004973063857062682,1.1556986376040518e-06,0.0004961506870686642,0.0023937296588870047,0.0,0.0,0.0,0.0
2025-02-25,0.00024563053949393964,4.147532842935487e-05,0.00020415521106458478,0.08295065685870975,0.0020458127242015765,3.116175791204496e-07,0.002045501106622456,0.0006232351582408993,0.0,0.0,0.0,0.0
2025-02-26,-0.0020840455136092732,7.699661755454155e-08,-0.0020841225102268277,0.00015399323510908308,-0.0005646046709073121,1.10081818825088e-06,-0.000565705489095563,0.00220163637650176,0.0,0.0,0.0,0.0
2025-02-27,-0.0001971635196360809,3.331307635489517e-05,-0.00023047659599097605,0.06662615270979033,-0.0010978384754422791,7.124628529591899e-07,-0.0010985509382952384,0.0014249257059183798,0.0,0.0,0.0,0.0
2025-02-28,0.0008562950471410407,1.0202628098176986e-06,0.0008552747843312231,0.0020405256196354,-0.0006940994541048851,1.59777004014164e-06,-0.0006956972241450268,0.0031955400802832837,0.0,0.0,0.0,0.0
2025-03-03,7.850458995286398e-05,2.30293562935884e-07,7.827429638992809e-05,0.000460587125871768,0.0007575751362485362,7.889964907278507e-05,0.0006786754871757511,0.15779929814557014,0.0,0.0,0.0,0.0
2025-03-04,0.0010929801371453152,5.0088804440406684e-08,0.0010929300483408747,0.00010017760888081373,0.003272435435105669,9.074999726325364e-07,0.0032715279351330367,0.0018149999452650792,0.0,0.0,0.0,0.0
2025-03-05,-0.0004719951207733062,8.757953595296992e-08,-0.0004720827003092592,0.00048009478817077726,0.0015668854236906976,1.8819320248819296e-07,0.0015666972304882094,0.0010316402650530979,0.0,0.0,0.0,0.0
2025-03-06,-0.0006828511006833523,3.456805386838364e-06,-0.0006863079060701907,0.0069136107736767274,-0.0015996419536048634,2.787896915592454e-07,-0.0015999207432964226,0.0005575793831184908,0.0,0.0,0.0,0.0
2025-03-07,0.000889125582971343,7.678969413054112e-07,0.0008883576860300376,0.0015357938826108183,0.0035738299878899805,1.9844769503350475e-06,0.0035718455109396453,0.003968953900670084,0.0,0.0,0.0,0.0
2025-03-10,0.0006967192888699447,4.2948895969314786e-07,0.0006962897999102515,0.0008683956060732377,-0.0004687953640960154,7.877601826356622e-05,-0.0005475713823595817,0.15927941005259194,0.0,0.0,0.0,0.0
2025-03-11,-0.003276797592119179,4.5883854641059516e-07,-0.0032772564306655897,0.0009176770928211904,0.0014406488397894536,6.219917684597319e-05,0.0013784496629434804,0.12439835369194636,0.0,0.0,0.0,0.0
2025-03-12,-0.0017786362768294234,2.7732946391095196e-08,-0.0017786640097758146,5.8394234848161775e-05,-0.0025750976966005456,1.0783155603128807e-06,-0.0025761760121608586,0.0022704912482561096,0.0,0.0,0.0,0.0
2025-03-13,0.0016454362291671782,7.556357427156435e-07,0.0016446805934244625,0.0015112714854312868,-0.008181603377564623,2.2358577238118583e-06,-0.008183839235288435,0.004471715447623717,0.0,0.0,0.0,0.0
2025-03-14,-0.0007714041148631952,6.628994692265406e-05,-0.0008376940617858493,0.1477585091466041,0.002290551055386607,3.589196456652873e-06,0.0022869618589299538,0.008000222387990252,0.0,0.0,0.0,0.0
2025-03-17,7.54501550051035e-06,3.038598124344966e-07,7.241155688075853e-06,0.002020461910927515,-0.004056816905454521,5.652826820516393e-07,-0.004057382188136572,0.003758746899899759,0.0,0.0,0.0,0.0
2025-03-18,-3.683877943499108e-05,3.78626853454416e-05,-7.470146478043269e-05,0.08058960850201735,-0.0007599079318456362,1.1782178946593056e-06,-0.0007610861497402956,0.002507802021815553,0.0,0.0,0.0,0.0
2025-03-19,-0.0003053544922676583,2.6098014581122254e-08,-0.00030538059028223944,6.599374626863747e-05,0.0041284522378989535,2.2355281375543388e-07,0.004128228685085198,0.0005652954029417845,0.0,0.0,0.0,0.0
2025-03-20,0.00010576783041965575,5.883243282852443e-08,0.00010570899798682722,0.00011784029658766168,-0.001798708940560604,7.897889836262846e-05,-0.0018776878389232324,0.1581933018875016,0.0,0.0,0.0,0.0
2025-03-21,-0.0009039386669319211,2.81386207679566e-08,-0.0009039668055526891,5.627724153591321e-05,0.00013476785386243008,6.332464736977846e-05,7.144320649265162e-05,0.12664929473955694,0.0,0.0,0.0,0.0
2025-03-24,-0.00018837619611383164,2.1559258647336698e-07,-0.00018859178870030501,0.0004311851729467339,0.0011933357882092002,3.7671717278350375e-05,0.0011556640709308498,0.07534343455670074,0.0,0.0,0.0,0.0
2025-03-25,-0.0006062943596169909,1.1299713058311764e-07,-0.000606407356747574,0.0002780864241609983,0.000755997185152399,1.0934403132785013e-06,0.0007549037448391204,0.0026909613118842324,0.0,0.0,0.0,0.0
2025-03-26,0.0,2.5251427360569726e-05,-2.5251427360569726e-05,0.07215071292696232,0.0012818092307346368,2.642455029430703e-05,0.0012553846804403297,0.0755026682367158,0.0,0.0,0.0,0.0
2025-03-27,0.0,0.0,0.0,0.0,-0.000769794179571416,9.516069297482305e-07,-0.0007707457865011642,0.001903213859496461,0.0,0.0,0.0,0.0
2025-03-28,0.0,0.0,0.0,0.0,-0.0008928477897665664,4.8295527644709456e-09,-0.0008928526193193308,9.659105528941891e-06,0.0,0.0,0.0,0.0
2025-03-31,0.0,0.0,0.0,0.0,0.0006634767002336139,2.231577882047253e-07,0.0006632535424454092,0.00044631557640945063,0.0,0.0,0.0,0.0
2025-04-01,0.0,0.0,0.0,0.0,0.0017457027295204907,8.836994283986655e-09,0.0017456938925262068,1.767398856797331e-05,0.0,0.0,0.0,0.0
2025-04-02,0.0,0.0,0.0,0.0,0.00042397675776798005,8.122056625410251e-05,0.0003427561915138775,0.16244113250820502,0.0,0.0,0.0,0.0
2025-04-03,0.0,0.0,0.0,0.0,-0.003522454040925214,2.1320852999951595e-07,-0.0035226672494552136,0.0004264170599990319,0.0,0.0,0.0,0.0
2025-04-04,0.0,0.0,0.0,0.0,0.003931125269019822,4.493735849246225e-05,0.0038861879105273594,0.0898747169849245,0.0,0.0,0.0,0.0
2025-04-07,0.0,0.0,0.0,0.0,-0.0003132094832628409,3.9078810684636284e-05,-0.00035228829394747717,0.07815762136927257,0.0,0.0,0.0,0.0
2025-04-08,0.0,0.0,0.0,0.0,-0.0006071796912125284,3.972304371119888e-05,-0.0006469027349237273,0.07944608742239775,0.0,0.0,0.0,0.0
2025-04-09,0.0,0.0,0.0,0.0,-0.0008544462529463137,3.1524972587041596e-07,-0.000854761502672184,0.0006304994517408319,0.0,0.0,0.0,0.0
2025-04-10,0.0,0.0,0.0,0.0,-0.0009656443201185136,6.729239109883895e-05,-0.0010329367112173525,0.1345847821976779,0.0,0.0,0.0,0.0
2025-04-11,0.0,0.0,0.0,0.0,-0.00018868948415813754,4.224958849479571e-07,-0.0001891119800430855,0.0008449917698959142,0.0,0.0,0.0,0.0
2025-04-14,-0.0007094007339455555,4.795184546542282e-05,-0.0007573525794109783,0.09652985551996551,0.0009754577016814953,1.5603177391459285e-07,0.0009753016699075807,0.0003141010412906903,0.0,0.0,0.0,0.0
2025-04-15,0.00010302566748998769,2.3862122420829908e-08,0.00010300180536756686,4.7724244841659824e-05,-0.000293728057709619,1.526135477639204e-07,-0.0002938806712573829,0.0003052270955278408,0.0,0.0,0.0,0.0
2025-04-16,-7.851921591278503e-05,1.4166529953251028e-07,-7.866088121231754e-05,0.00028333059906502506,0.0013470409458054117,7.786417698200809e-08,0.0013469630816284298,0.00015572835396401863,0.0,0.0,0.0,0.0
2025-04-17,-0.0008903281309088592,7.165101352167952e-08,-0.0008903997819223808,0.0002249120497148302,0.00153878370129411,3.2328028995753566e-07,0.0015384604210041525,0.0010147746566732674,0.0,0.0,0.0,0.0
2025-04-21,0.0,4.7986944313172e-05,-4.7986944313172e-05,0.095973888626344,0.0001668130579065871,5.423167545838548e-07,0.00016627074115200326,0.0010846335091677095,0.0,0.0,0.0,0.0
2025-04-22,0.0007132766329453549,4.797324976702686e-05,0.000665303383178328,0.09594649953405374,0.0004495453549406632,4.7257578115536535e-08,0.00044949809736254766,9.45151562310731e-05,0.0,0.0,0.0,0.0
2025-04-23,-0.0005158102165230079,4.4748847821110653e-07,-0.000516257705001219,0.0008949769564222179,-0.0001282800691079812,1.843249681040816e-07,-0.00012846439407608528,0.0003686499362081652,0.0,0.0,0.0,0.0
2025-04-24,-0.001404752113171405,1.3779715694212485e-07,-0.001404889910328347,0.0033111007821335914,-0.0001370072933151562,1.6281842658518905e-07,-0.0001371701117417414,0.003912331949188233,0.0,0.0,0.0,0.0
2025-04-25,0.0,1.704352081984825e-05,-1.704352081984825e-05,0.09836262335976512,-0.0006303563896253833,4.2180657349449395e-05,-0.0006725370469748326,0.2434356231782478,0.0,0.0,0.0,0.0
2025-04-28,0.0,0.0,0.0,0.0,-1.1167726199765717e-05,8.886753959680416e-08,-1.1256593739362521e-05,0.00017773507919360831,0.0,0.0,0.0,0.0
2025-04-29,0.0,0.0,0.0,0.0,0.0,5.9135310629700844e-05,-5.9135310629700844e-05,0.11827062125940169,0.0,0.0,0.0,0.0
2025-04-30,0.0,0.0,0.0,0.0,0.0,0.0,0.0,0.0,0.0,0.0,0.0,0.0
2025-05-01,0.0,0.0,0.0,0.0,0.0,0.0,0.0,0.0,0.0,0.0,0.0,0.0
2025-05-02,0.0,0.0,0.0,0.0,0.0007216047296497454,5.0793508898707753e-05,0.0006708112207510377,0.10158701779741551,0.0,0.0,0.0,0.0
2025-05-05,0.00028817439287969957,4.247490976858578e-05,0.00024569948311111377,0.08494981953717157,-0.0005802569235059812,1.0423448400026514e-07,-0.0005803611579899815,0.00020846896800053027,0.0,0.0,0.0,0.0
2025-05-06,-3.760076227371685e-05,9.564584609156453e-09,-3.761032685832601e-05,2.835052949602679e-05,-0.0003873877114471072,4.924692039937049e-08,-0.0003874369583675066,0.00014597353951307374,0.0,0.0,0.0,0.0
2025-05-07,0.0,4.244668388962148e-05,-4.244668388962148e-05,0.08492146900767553,0.00040151153680983607,7.024144549182876e-09,0.00040150451266528686,1.4052939334201209e-05,0.0,0.0,0.0,0.0
2025-05-08,0.0,0.0,0.0,0.0,0.0011790675640116438,1.1580524715560508e-07,0.0011789517587644882,0.00023161049431121017,0.0,0.0,0.0,0.0
2025-05-09,0.0,0.0,0.0,0.0,0.001054451568115809,7.278505543130073e-08,0.0010543787830603777,0.00014557011086260147,0.0,0.0,0.0,0.0
2025-05-12,0.0,0.0,0.0,0.0,0.00020346492321159874,4.90530624945187e-05,0.00015441186071708004,0.0981061249890374,0.0,0.0,0.0,0.0
2025-05-13,0.0,0.0,0.0,0.0,-0.0014586735634447095,0.00010991402342053749,-0.001568587586865247,0.21982804684107496,0.0,0.0,0.0,0.0
2025-05-14,0.0,0.0,0.0,0.0,5.678062658371392e-05,3.7398886284858993e-07,5.640663772086533e-05,0.0007479777256971798,0.0,0.0,0.0,0.0
2025-05-15,0.0,0.0,0.0,0.0,-0.0002910908500623878,1.1474971736334313e-07,-0.00029120559977975115,0.00022949943472668627,0.0,0.0,0.0,0.0
2025-05-16,0.0,0.0,0.0,0.0,0.000867858145595049,4.182217044512715e-09,0.0008678539633780046,8.36443408902543e-06,0.0,0.0,0.0,0.0
2025-05-19,0.0,0.0,0.0,0.0,-0.001060340199805502,4.54250434719361e-08,-0.0010603856248489738,9.08500869438722e-05,0.0,0.0,0.0,0.0
2025-05-20,5.205736142770655e-05,4.207802830805402e-05,9.97933311965253e-06,0.08415605661610803,-0.0007640106468002611,4.0431403446275667e-07,-0.0007644149608347239,0.0008086280689255133,0.0,0.0,0.0,0.0
2025-05-21,0.0,4.118670982357386e-05,-4.118670982357386e-05,0.08415605661610803,-0.001104906414437964,4.4088862349675836e-07,-0.001105347303061461,0.0009008597219667784,0.0,0.0,0.0,0.0
2025-05-22,0.0,0.0,0.0,0.0,-0.0003499602066085276,3.5734649010852465e-07,-0.0003503175530986361,0.0007146929802170493,0.0,0.0,0.0,0.0
2025-05-23,0.0,0.0,0.0,0.0,-0.0013358263975051653,3.996480110028504e-07,-0.0013362260455161681,0.0007992960220057008,0.0,0.0,0.0,0.0
2025-05-27,0.0,0.0,0.0,0.0,0.00011110834652040201,1.2175403445659726e-06,0.00010989080617583603,0.002435080689131945,0.0,0.0,0.0,0.0
2025-05-28,0.0,0.0,0.0,0.0,-0.0008061153151169363,4.2024612258884096e-08,-0.0008061573397291951,8.40492245177682e-05,0.0,0.0,0.0,0.0
2025-05-29,0.0,0.0,0.0,0.0,-0.0006221237285713808,7.916586717823179e-07,-0.0006229153872431631,0.0015833173435646358,0.0,0.0,0.0,0.0
2025-05-30,-0.0012709816902403068,5.859028923416007e-05,-0.001329571979474467,0.11718057846832015,-1.3272452966610988e-06,4.5602964627784654e-05,-4.693020992444575e-05,0.0912059292555693,0.0,0.0,0.0,0.0
2025-06-02,0.00023254197215668887,1.2657661599606693e-07,0.0002324153955406928,0.0002531532319921398,-0.002096761333704793,2.1384120263516688e-08,-0.0020967827178250565,4.2768240527034374e-05,0.0,0.0,0.0,0.0
2025-06-03,0.0,5.677370277349112e-05,-5.677370277349112e-05,0.1174337317003123,-0.0011227560177867867,9.552343907363376e-07,-0.0011237112521775231,0.0019758573718573827,0.0,0.0,0.0,0.0
2025-06-04,0.0,0.0,0.0,0.0,-0.0009114846331975061,4.524602808389707e-05,-0.0009567306612814032,0.09049205616779414,0.0,0.0,0.0,0.0
2025-06-05,0.0,0.0,0.0,0.0,-0.0003523291644035306,9.378274581001156e-08,-0.0003524229471493406,0.00018756549162002312,0.0,0.0,0.0,0.0
2025-06-06,3.279393282161166e-05,4.2055066310613775e-05,-9.261133489002118e-06,0.08411013262122756,0.0034826337704201202,1.9698911370656657e-07,0.003482436781306414,0.00039397822741313315,0.0,0.0,0.0,0.0
2025-06-09,0.0,4.205506631061378e-05,-4.205506631061378e-05,0.08411013262122756,-2.1333834840330432e-05,5.788507395841185e-07,-2.191268557991455e-05,0.001157701479168237,0.0,0.0,0.0,0.0
2025-06-10,0.0,0.0,0.0,0.0,0.0002881908774253526,2.35326740863899e-07,0.0002879555506844887,0.000470653481727798,0.0,0.0,0.0,0.0
2025-06-11,0.0,0.0,0.0,0.0,-0.0008500689344970673,5.718792733359869e-05,-0.000907256861830666,0.11437585466719738,0.0,0.0,0.0,0.0
2025-06-12,0.005784798585233038,5.012086262165538e-05,0.005734677722611383,0.10024172524331075,-0.00039395794530661094,4.150690532675472e-08,-0.0003939994522119377,8.301381065350943e-05,0.0,0.0,0.0,0.0
2025-06-13,0.0,5.0120862621655375e-05,-5.0120862621655375e-05,0.10024172524331075,-0.004348920597947766,5.032922711467666e-05,-0.004399249825062443,0.10065845422935334,0.0,0.0,0.0,0.0
2025-06-16,0.0,0.0,0.0,0.0,0.001384190005000105,8.159307823602663e-07,0.0013833740742177447,0.0016318615647205326,0.0,0.0,0.0,0.0
2025-06-17,0.0,0.0,0.0,0.0,3.123267167694499e-05,3.076707209164684e-07,3.092500095602852e-05,0.0006153414418329367,0.0,0.0,0.0,0.0
2025-06-18,0.0,0.0,0.0,0.0,-0.00040895397055355515,5.503428553102138e-08,-0.00040900900483908616,0.00011006857106204276,0.0,0.0,0.0,0.0
2025-06-20,0.0,0.0,0.0,0.0,0.00250665490791086,6.114840899240637e-09,0.0025066487930699606,1.2229681798481273e-05,0.0,0.0,0.0,0.0
2025-06-23,0.0,0.0,0.0,0.0,-0.0003786810423418859,2.4306686350446595e-07,-0.0003789241092053904,0.0004861337270089319,0.0,0.0,0.0,0.0
2025-06-24,0.0,0.0,0.0,0.0,-0.002359998183981769,6.120192759837377e-07,-0.0023606102032577526,0.0012240385519674754,0.0,0.0,0.0,0.0
2025-06-25,0.0,0.0,0.0,0.0,0.001330328477779605,1.3398743588060106e-07,0.0013301944903437242,0.0002679748717612021,0.0,0.0,0.0,0.0
2025-06-26,0.0,0.0,0.0,0.0,-0.0006827358704496214,4.55206538460106e-07,-0.0006831910769880815,0.0009104130769202121,0.0,0.0,0.0,0.0
2025-06-27,0.0,0.0,0.0,0.0,0.0006381805166067828,5.021227273461007e-08,0.0006381303043340482,0.00010042454546922014,0.0,0.0,0.0,0.0
2025-06-30,0.0,0.0,0.0,0.0,-0.0010175534215582868,5.4209686672225536e-08,-0.001017607631244959,0.00010841937334445106,0.0,0.0,0.0,0.0
2025-07-01,0.0,0.0,0.0,0.0,0.0006284374989572432,4.8123793227709824e-09,0.0006284326865779204,9.624758645541964e-06,0.0,0.0,0.0,0.0
2025-07-02,0.0,0.0,0.0,0.0,-0.0019502347865366946,5.2503858313359726e-05,-0.0020027386448500544,0.10500771662671946,0.0,0.0,0.0,0.0
2025-07-03,0.0,0.0,0.0,0.0,-0.0009476070017338166,2.174916460343894e-07,-0.000947824493379851,0.0004349832920687788,0.0,0.0,0.0,0.0
2025-07-07,0.0,0.0,0.0,0.0,0.0006963105174144268,9.997965936943062e-08,0.0006962105377550574,0.00019995931873886125,0.0,0.0,0.0,0.0
2025-07-08,0.0,0.0,0.0,0.0,-0.00022265566958601715,7.974757576310194e-08,-0.00022273541716178025,0.00015949515152620386,0.0,0.0,0.0,0.0
2025-07-09,0.0,0.0,0.0,0.0,3.7876383701981485e-05,2.410311642500003e-06,3.5466072059481485e-05,0.004820623285000006,0.0,0.0,0.0,0.0
2025-07-10,0.0,0.0,0.0,0.0,-1.7002032194805372e-06,1.009773446445407e-07,-1.801180564125078e-06,0.0002019546892890814,0.0,0.0,0.0,0.0
2025-07-11,0.0,0.0,0.0,0.0,0.0007100098388863462,1.3432935994461652e-06,0.0007086665452869,0.0026865871988923304,0.0,0.0,0.0,0.0
2025-07-14,-3.3434106368632427e-06,5.97130759533727e-05,-6.305648659023595e-05,0.12083090591608685,0.0002323686100802954,3.491351455634095e-07,0.00023201947493473198,0.0007064837182146344,0.0,0.0,0.0,0.0
2025-07-15,0.0,6.041545295804343e-05,-6.041545295804343e-05,0.12083090591608685,-0.0007268268791800088,9.062676117999741e-08,-0.0007269175059411888,0.0001812535223599948,0.0,0.0,0.0,0.0
2025-07-16,-2.2127768834046327e-05,5.918114875136502e-05,-8.130891758541134e-05,0.12038759844455615,-0.001154100449257574,5.020301090768032e-07,-0.0011546024793666508,0.0010212407236725174,0.0,0.0,0.0,0.0
2025-07-17,0.0,5.960309812734223e-05,-5.960309812734223e-05,0.12038759844455615,-0.0010084115891532924,2.938942168313276e-07,-0.0010087054833701238,0.0005936137562090327,0.0,0.0,0.0,0.0
2025-07-18,-0.0010341309014383264,5.832460840999378e-05,-0.0010924555098483202,0.11664921681998756,0.0006334193843979305,1.9526885477285856e-06,0.0006314666958502019,0.0039053770954571715,0.0,0.0,0.0,0.0
2025-07-21,-8.914647759586316e-05,1.9298580171435547e-06,-9.107633561300671e-05,0.004244911964803033,0.000459516211638366,9.172209443304267e-08,0.00045942448954393295,0.00020175174164983878,0.0,0.0,0.0,0.0
2025-07-22,-7.603371332553209e-05,2.3690533108663286e-07,-7.627061865661872e-05,0.00047381066217326573,0.0006260399828406776,4.790636438700182e-07,0.0006255609191968076,0.0009581272877400362,0.0,0.0,0.0,0.0
2025-07-23,0.0,0.0,0.0,0.12042031812261733,0.0,0.0,0.0,0.10387128886779667,0.0,0.0,0.0,0.0
2025-07-24,0.0,0.0,0.0,0.0,0.0,0.0,0.0,0.0,0.0,0.0,0.0,0.0
2025-07-25,0.0,0.0,0.0,0.0,0.0,0.0,0.0,0.0,0.0,0.0,0.0,0.0
2025-07-28,0.0,0.0,0.0,0.0,0.0,0.0,0.0,0.0,0.0,0.0,0.0,0.0
2025-07-29,0.0,0.0,0.0,0.0,-0.001073835468277353,6.226873418323773e-05,-0.0011361042024605908,0.12453746836647546,0.0,0.0,0.0,0.0
2025-07-30,0.0,0.0,0.0,0.0,-0.0004081197977349301,3.841010226200312e-05,-0.00044652989999693324,0.07682020452400623,0.0,0.0,0.0,0.0
2025-07-31,0.0,0.0,0.0,0.0,0.0024674997507024812,1.127815582597086e-06,0.002466371935119884,0.002255631165194172,0.0,0.0,0.0,0.0
2025-08-01,0.0,0.0,0.0,0.0,-0.00043123312630717267,4.025792914612815e-05,-0.0004714910554533008,0.0805158582922563,0.0,0.0,0.0,0.0
2025-08-04,0.0,0.0,0.0,0.0,0.00012353802878574361,9.106305538707644e-07,0.00012262739823187284,0.0018212611077415286,0.0,0.0,0.0,0.0
2025-08-05,0.0,0.0,0.0,0.0,5.614274310439629e-05,3.7035875442013175e-07,5.5772384349976156e-05,0.0007407175088402634,0.0,0.0,0.0,0.0
2025-08-06,0.0,0.0,0.0,0.0,0.003974874267664819,4.971681567435598e-05,0.003925157451990463,0.09943363134871197,0.0,0.0,0.0,0.0
2025-08-07,0.0,0.0,0.0,0.0,-0.0048537271197258425,4.104826311250107e-05,-0.004894775382838343,0.08209652622500213,0.0,0.0,0.0,0.0
2025-08-08,1.0893792880413064e-05,4.320926734793001e-05,-3.231547446751694e-05,0.08641853469586,-1.0301174995072925e-05,4.608346086618233e-06,-1.4909521081691158e-05,0.009216692173236465,0.0,0.0,0.0,0.0
2025-08-11,0.0006857473861105895,9.442469401423118e-07,0.0006848031391704472,0.0019431166959086171,-0.001132701000560327,6.623581228936491e-05,-0.001198936812849692,0.1363032351549231,0.0,0.0,0.0,0.0
2025-08-12,-0.0018466222551171438,7.386359835772524e-07,-0.0018473608911007211,0.0014772719671545045,5.146663019530676e-05,6.0840614762864896e-05,-9.373984567558138e-06,0.12168122952572977,0.0,0.0,0.0,0.0
2025-08-13,-6.604115538292841e-05,1.6933699796535694e-06,-6.773452536258198e-05,0.005241136685231837,0.0007475311100298973,3.639574225990276e-07,0.0007471671526072982,0.001126481880726643,0.0,0.0,0.0,0.0
2025-08-14,0.0,4.7540030022077484e-05,-4.7540030022077484e-05,0.09508006004415497,0.00025020066019259814,6.065411392716209e-05,0.00018954654626543606,0.12130822785432416,0.0,0.0,0.0,0.0
2025-08-15,0.0,0.0,0.0,0.0,1.923664755276616e-05,9.638209805092404e-08,1.9140265454715236e-05,0.00019276419610184808,0.0,0.0,0.0,0.0
2025-08-18,0.0,0.0,0.0,0.0,-0.0003638571068467336,2.1319217590576312e-08,-0.00036387842606432416,4.263843518115262e-05,0.0,0.0,0.0,0.0
2025-08-19,0.0,0.0,0.0,0.0,-0.00015953237752008224,1.0813830410874234e-07,-0.000159640515824191,0.00021627660821748468,0.0,0.0,0.0,0.0
2025-08-20,0.0,0.0,0.0,0.0,0.0032092249803577404,4.197412005214087e-05,0.0031672508603055997,0.08394824010428174,0.0,0.0,0.0,0.0
2025-08-21,0.0,0.0,0.0,0.0,-8.526130737840498e-05,2.0345438579491075e-06,-8.729585123635408e-05,0.004069087715898215,0.0,0.0,0.0,0.0
2025-08-22,0.0,0.0,0.0,0.0,-0.00233704729679677,4.241816093890584e-05,-0.0023794654577356756,0.08483632187781168,0.0,0.0,0.0,0.0
2025-08-25,0.0,0.0,0.0,0.0,0.00019023613975717007,3.1571089323119347e-06,0.00018707903082485814,0.0063142178646238695,0.0,0.0,0.0,0.0
2025-08-26,0.0,0.0,0.0,0.0,0.0012462332506654715,4.517554118705497e-08,0.0012461880751242845,9.035108237410994e-05,0.0,0.0,0.0,0.0
2025-08-27,5.984519841116198e-05,4.3274972568562394e-05,1.6570225842599585e-05,0.0865499451371248,-0.0016100938252304447,1.4992165132536104e-06,-0.0016115930417436983,0.0029984330265072218,0.0,0.0,0.0,0.0
2025-08-28,0.0,4.3274972568562394e-05,-4.3274972568562394e-05,0.0865499451371248,-0.0003716420643591712,1.1693488609673048e-06,-0.0003728114132201385,0.00233869772193461,0.0,0.0,0.0,0.0
2025-08-29,0.0,0.0,0.0,0.0,-0.0007441036862682266,6.129716562057599e-05,-0.0008054008518888025,0.12259433124115199,0.0,0.0,0.0,0.0
2025-09-02,0.0,0.0,0.0,0.0,0.00010548328969477454,1.5728885505476784e-06,0.00010391040114422686,0.0031457771010953567,0.0,0.0,0.0,0.0
2025-09-03,0.0,0.0,0.0,0.0,-0.0004619924207727423,2.206891038968317e-07,-0.00046221310987663915,0.00044137820779366344,0.0,0.0,0.0,0.0
2025-09-04,0.0,0.0,0.0,0.0,0.0016485660409616574,5.639145916255736e-07,0.0016480021263700318,0.0011278291832511472,0.0,0.0,0.0,0.0
2025-09-05,0.0,0.0,0.0,0.0,-0.0038145668190599368,4.535645864720152e-05,-0.0038599232777071384,0.09071291729440303,0.0,0.0,0.0,0.0
2025-09-08,0.0,0.0,0.0,0.0,-0.0011414745058342948,5.238278842431867e-05,-0.0011938572942586133,0.10476557684863734,0.0,0.0,0.0,0.0
2025-09-09,0.0,0.0,0.0,0.0,0.004128258218607549,4.179461417120056e-07,0.004127840272465837,0.0008358922834240112,0.0,0.0,0.0,0.0
2025-09-10,0.0,0.0,0.0,0.0,-0.0026314265054046913,4.177100877407997e-05,-0.002673197514178771,0.08354201754815994,0.0,0.0,0.0,0.0
2025-09-11,0.0,0.0,0.0,0.0,0.0032385191435035827,8.873898258173285e-05,0.00314978016092185,0.1774779651634657,0.0,0.0,0.0,0.0
2025-09-12,0.0,0.0,0.0,0.0,0.0052446663825284475,7.045185392104441e-05,0.005174214528607403,0.1409037078420888,0.0,0.0,0.0,0.0
2025-09-15,0.0,0.0,0.0,0.0,-0.0004043925102332909,7.012570237334287e-07,-0.00040509376725702433,0.0014025140474668574,0.0,0.0,0.0,0.0
2025-09-16,0.0,0.0,0.0,0.0,-0.002561600655507884,4.2538694797057126e-05,-0.002604139350304941,0.08507738959411425,0.0,0.0,0.0,0.0
2025-09-17,-0.0007913495912839841,2.5717053169865034e-05,-0.0008170666444538492,0.0631263474362463,0.002721813429342974,2.6247276092497868e-06,0.002719188701733724,0.006442785878016666,0.0,0.0,0.0,0.0
2025-09-18,-0.00018296367488611787,5.595265397685338e-07,-0.0001835232014258864,0.0025165456519020586,-0.007166539965648564,1.4556170232421986e-06,-0.0071679955826718066,0.006546832777923534,0.0,0.0,0.0,0.0
2025-09-19,0.0007035184646711855,1.329241097993019e-06,0.0007021892235731925,0.0026584821959860384,-0.00019277604208967146,0.00020128739941664974,-0.0003940634415063212,0.4025747988332995,0.0,0.0,0.0,0.0
2025-09-22,2.2724807221598763e-05,1.8126426770282457e-07,2.254354295389594e-05,0.001016912048117143,-0.0008038291081889757,3.821051147449305e-07,-0.0008042112133037207,0.002143650813012654,0.0,0.0,0.0,0.0
2025-09-23,-0.0007286474772542288,3.566021934717002e-08,-0.000728683137473576,7.138249287211382e-05,0.0001159762155530616,8.200604735583238e-05,3.397016819722922e-05,0.1641547976432312,0.0,0.0,0.0,0.0
2025-09-24,-0.0006851838189506153,8.760617141367184e-07,-0.0006860598806647521,0.001752123428273437,-0.003043530700866026,6.442148449433686e-05,-0.0031079521853603627,0.12884296898867376,0.0,0.0,0.0,0.0
2025-09-25,0.0006475473705326409,8.560652976616241e-07,0.0006466913052349792,0.00171213059532325,-0.003019969336816297,3.038181321848802e-06,-0.003023007518138146,0.006076362643697611,0.0,0.0,0.0,0.0
2025-09-26,0.0,2.3688568438907728e-05,-2.3688568438907728e-05,0.05339877102377226,-0.002993205450515648,3.0523520664886425e-06,-0.0029962578025821366,0.006880612034564998,0.0,0.0,0.0,0.0
2025-09-29,0.00037716355972472086,2.6712388447340318e-05,0.0003504511712773805,0.05342477689468063,0.0025124193358918682,4.244439589070587e-06,0.0025081748963027978,0.008488879178141173,0.0,0.0,0.0,0.0
2025-09-30,0.0,2.671238844734032e-05,-2.671238844734032e-05,0.05342477689468063,0.003191094158583743,9.839063425426734e-05,0.0030927035243294757,0.1967812685085346,0.0,0.0,0.0,0.0
2025-10-01,0.0,0.0,0.0,0.0,-0.003654124939837724,3.6582873283697935e-05,-0.003690707813121422,0.07316574656739587,0.0,0.0,0.0,0.0
2025-10-02,0.0,0.0,0.0,0.0,-0.0015473811710638606,2.0391882413951514e-06,-0.0015494203593052558,0.004078376482790302,0.0,0.0,0.0,0.0
2025-10-03,0.0,0.0,0.0,0.0,-0.0002651900126487346,6.563192165222543e-05,-0.00033082193430096,0.13126384330445084,0.0,0.0,0.0,0.0
2025-10-06,0.0,0.0,0.0,0.0,0.0011471720842791376,5.6514051899724645e-05,0.001090658032379413,0.11302810379944929,0.0,0.0,0.0,0.0
2025-10-07,0.0,0.0,0.0,0.0,-0.0016743642084858599,2.1386963611955204e-06,-0.0016765029048470554,0.004277392722391041,0.0,0.0,0.0,0.0
2025-10-08,0.0,0.0,0.0,0.0,-0.0016882289159660603,1.405960565380969e-06,-0.0016896348765314414,0.002811921130761938,0.0,0.0,0.0,0.0
2025-10-09,0.0,0.0,0.0,0.0,0.002407131684331304,0.00010193780604454363,0.0023051938782867607,0.20387561208908728,0.0,0.0,0.0,0.0
2025-10-10,0.0,0.0,0.0,0.0,0.005974423292560012,1.2899015233738543e-06,0.005973133391036638,0.0025798030467477084,0.0,0.0,0.0,0.0
2025-10-13,0.0,0.0,0.0,0.0,0.004123213707798667,9.759699307790595e-05,0.004025616714720761,0.1951939861558119,0.0,0.0,0.0,0.0
2025-10-14,0.0,0.0,0.0,0.0,-0.00168257339892943,7.616421460459624e-06,-0.0016901898203898896,0.015232842920919247,0.0,0.0,0.0,0.0
2025-10-15,0.0,0.0,0.0,0.0,-0.006106619502224618,1.2150610848512995e-06,-0.00610783456330947,0.002430122169702599,0.0,0.0,0.0,0.0
2025-10-16,0.0,0.0,0.0,0.0,0.001675658020839668,7.209513657528642e-05,0.0016035628842643818,0.14419027315057284,0.0,0.0,0.0,0.0
2025-10-17,0.0,0.0,0.0,0.0,0.001381387321885823,3.680668559213245e-05,0.0013445806362936906,0.07361337118426489,0.0,0.0,0.0,0.0
2025-10-20,0.0,0.0,0.0,0.0,-0.0006041273971923996,6.894769541388436e-05,-0.0006730750926062839,0.21976798131583597,0.0,0.0,0.0,0.0
2025-10-21,0.0,0.0,0.0,0.0,0.0005746268974318111,2.392643365900851e-07,0.000574387633095221,0.00047852867318017023,0.0,0.0,0.0,0.0
2025-10-22,0.0,0.0,0.0,0.0,0.0007983968284142282,5.2094392664985e-07,0.0007978758844875783,0.0010418878532997,0.0,0.0,0.0,0.0
2025-10-23,0.0,0.0,0.0,0.0,9.144985783182506e-05,8.097804753642232e-07,9.064007735646084e-05,0.0016195609507284464,0.0,0.0,0.0,0.0
2025-10-24,0.0,0.0,0.0,0.0,-0.0023105198890252176,1.6021531994398625e-07,-0.0023106801043451617,0.0003204306398879725,0.0,0.0,0.0,0.0
2025-10-27,0.0,0.0,0.0,0.0,0.00037068186859524487,1.8103447270268054e-06,0.00036887152386821806,0.0036206894540536105,0.0,0.0,0.0,0.0
2025-10-28,0.0,0.0,0.0,0.0,0.0036100397606518295,5.427750812577107e-05,0.0035557622525260583,0.10855501625154214,0.0,0.0,0.0,0.0
2025-10-29,0.0,0.0,0.0,0.0,-0.0005445650471682279,5.393902123573339e-05,-0.0005985040684039612,0.10787804247146679,0.0,0.0,0.0,0.0
2025-10-30,0.0,0.0,0.0,0.0,0.000675094600606095,1.2775224154534109e-07,0.0006749668483645497,0.0002555044830906822,0.0,0.0,0.0,0.0
2025-10-31,0.0,0.0,0.0,0.0,0.0,7.159216483785466e-05,-7.159216483785466e-05,0.14318432967570932,0.0,0.0,0.0,0.0
2025-11-03,0.0,0.0,0.0,0.0,-0.00011554269933358074,3.267979997745741e-05,-0.00014822249931103815,0.06535959995491482,0.0,0.0,0.0,0.0
2025-11-04,0.0,0.0,0.0,0.0,0.0017469888012080575,3.679860156121301e-05,0.0017101901996468445,0.07359720312242601,0.0,0.0,0.0,0.0
2025-11-05,0.0,0.0,0.0,0.0,0.0006677136471234145,2.0750454782816758e-06,0.0006656386016451329,0.0041500909565633515,0.0,0.0,0.0,0.0
2025-11-06,0.0,0.0,0.0,0.0,0.0025813134814816506,2.639458432608238e-07,0.0025810495356383897,0.0005278916865216476,0.0,0.0,0.0,0.0
2025-11-07,0.0,0.0,0.0,0.0,-0.0003242871018625484,3.565588455391573e-06,-0.00032785269031793997,0.007131176910783146,0.0,0.0,0.0,0.0
2025-11-10,0.0,0.0,0.0,0.0,-7.136711652631369e-05,3.7689498073749526e-05,-0.0001090566146000632,0.07537899614749904,0.0,0.0,0.0,0.0
2025-11-11,0.0,0.0,0.0,0.0,6.489640048286516e-05,1.0535337091801162e-06,6.384286677368504e-05,0.0021070674183602325,0.0,0.0,0.0,0.0
2025-11-12,0.0,0.0,0.0,0.0,-0.0014722671255965297,4.104547718282274e-08,-0.0014723081710737126,8.209095436564548e-05,0.0,0.0,0.0,0.0
2025-11-13,0.0,0.0,0.0,0.0,-0.002870652737670222,4.0484216792448065e-07,-0.0028710575798381465,0.0008096843358489612,0.0,0.0,0.0,0.0
2025-11-14,0.0,0.0,0.0,0.0,-0.0003129437654238864,4.157382321440903e-06,-0.00031710114774532734,0.008314764642881806,0.0,0.0,0.0,0.0
2025-11-17,0.0,0.0,0.0,0.0,-0.00010937183228022405,1.4213267226548948e-08,-0.0001093860455474506,2.8426534453097896e-05,0.0,0.0,0.0,0.0
2025-11-18,0.0,0.0,0.0,0.0,2.3240909460145e-06,4.978021922222298e-08,2.2743107267922766e-06,9.956043844444595e-05,0.0,0.0,0.0,0.0
2025-11-19,0.0,0.0,0.0,0.0,-0.0005432634508053335,6.109385285231819e-08,-0.0005433245446581858,0.00012218770570463638,0.0,0.0,0.0,0.0
2025-11-20,0.0,0.0,0.0,0.0,0.0014042744825202395,1.0294672168481567e-09,0.0014042734530530228,2.0589344336963133e-06,0.0,0.0,0.0,0.0
2025-11-21,0.0,0.0,0.0,0.0,-0.00035504483834438604,2.3982616564806325e-06,-0.0003574431000008667,0.004796523312961265,0.0,0.0,0.0,0.0
2025-11-24,0.0,0.0,0.0,0.0,0.0003942794593572772,1.281587928083517e-07,0.00039415130056446885,0.0002563175856167034,0.0,0.0,0.0,0.0
2025-11-25,0.0,0.0,0.0,0.0,2.1583417842851207e-07,4.908492694569757e-07,-2.750150910284636e-07,0.0009816985389139513,0.0,0.0,0.0,0.0
2025-11-26,0.0,0.0,0.0,0.0,0.0003849295404931938,4.4727884850224477e-07,0.0003844822616446916,0.0008945576970044895,0.0,0.0,0.0,0.0
2025-11-28,0.0,0.0,0.0,0.0,-0.0004107625718978643,1.667885529214406e-07,-0.00041092936045078574,0.00033357710584288117,0.0,0.0,0.0,0.0
2025-12-01,0.0,0.0,0.0,0.0,0.0005967838194331008,1.0289734000846693e-07,0.0005966809220930924,0.00020579468001693385,0.0,0.0,0.0,0.0
2025-12-02,0.0,0.0,0.0,0.0,-0.0003516263730827657,5.92114159264634e-09,-0.00035163229422435836,1.1842283185292679e-05,0.0,0.0,0.0,0.0
2025-12-03,0.0,0.0,0.0,0.0,-0.0005238509529446267,1.7980162184001032e-07,-0.0005240307545664667,0.0003596032436800206,0.0,0.0,0.0,0.0
2025-12-04,0.0,0.0,0.0,0.0,6.435070773030702e-05,1.4064041727221769e-08,6.43366436885798e-05,2.8128083454443537e-05,0.0,0.0,0.0,0.0
2025-12-05,0.0,0.0,0.0,0.0,-0.002348639408922451,4.067023545403944e-05,-0.0023893096443764906,0.08134047090807887,0.0,0.0,0.0,0.0
2025-12-08,0.0,0.0,0.0,0.0,0.00043006890688552455,3.375757632285456e-05,0.00039631133056267,0.06751515264570912,0.0,0.0,0.0,0.0
2025-12-09,0.0,0.0,0.0,0.0,-0.00020052161746246077,1.8843416268700744e-07,-0.00020071005162514778,0.0003768683253740149,0.0,0.0,0.0,0.0
2025-12-10,0.0,0.0,0.0,0.0,-0.00044863936382989354,1.4229313354243574e-07,-0.00044878165696343595,0.00028458626708487145,0.0,0.0,0.0,0.0
2025-12-11,0.0,0.0,0.0,0.0,0.00018413891900019515,6.783381986794762e-08,0.0001840710851803272,0.00013566763973589524,0.0,0.0,0.0,0.0
2025-12-12,0.0,0.0,0.0,0.0,-0.0009487228593318266,2.3210196728474035e-07,-0.0009489549612991113,0.00046420393456948067,0.0,0.0,0.0,0.0
2025-12-15,0.0,0.0,0.0,0.0,0.0011810206759457992,1.1550515640521114e-06,0.001179865624381747,0.0023101031281042225,0.0,0.0,0.0,0.0
2025-12-16,0.0,0.0,0.0,0.0,-6.8782271303465445e-06,4.608384362852422e-07,-7.339065566631787e-06,0.0009216768725704844,0.0,0.0,0.0,0.0
2025-12-17,0.0,0.0,0.0,0.0,-0.0013403251730458596,5.355556339925113e-08,-0.0013403787286092588,0.00010711112679850227,0.0,0.0,0.0,0.0
2025-12-18,0.0,0.0,0.0,0.0,0.0,4.080340062467643e-05,-4.080340062467643e-05,0.08160680124935285,0.0,0.0,0.0,0.0
2025-12-19,0.0,0.0,0.0,0.0,0.0,0.0,0.0,0.0,0.0,0.0,0.0,0.0
2025-12-22,0.0,0.0,0.0,0.0,-0.0005906360609373204,4.075972790402942e-05,-0.0006313957888413498,0.08151945580805883,0.0,0.0,0.0,0.0
2025-12-23,0.0,0.0,0.0,0.0,0.0,4.075972790402942e-05,-4.075972790402942e-05,0.08151945580805883,0.0,0.0,0.0,0.0
2025-12-24,0.0,0.0,0.0,0.0,0.0,0.0,0.0,0.0,0.0,0.0,0.0,0.0
2025-12-26,0.0,0.0,0.0,0.0,0.0,0.0,0.0,0.0,0.0,0.0,0.0,0.0
2025-12-29,0.0,0.0,0.0,0.0,0.0,0.0,0.0,0.0,0.0,0.0,0.0,0.0
2025-12-30,0.0,0.0,0.0,0.0,0.0,0.0,0.0,0.0,0.0,0.0,0.0,0.0
2025-12-31,0.0,0.0,0.0,0.0,0.0,0.0,0.0,0.0,0.0,0.0,0.0,0.0
