date,long_gross,short_gross,stock_gross,hedge_gross,gross_exposure,net_exposure,turnover,net_SPY_exposure,net_XLK_exposure,net_QQQ_exposure
2020-07-01,0.06026898904344746,0.05,0.05,0.06026898904344746,0.11026898904344747,0.01026898904344746,0.11026898904344747,0.0,0.0,0.0
2020-07-02,0.0585742113728337,0.05,0.05,0.0585742113728337,0.10857421137283371,0.0085742113728337,0.033258916189530204,0.0,0.0,0.0
2020-07-06,0.0610262621241844,0.05361556389793945,0.05,0.06464182602212384,0.11464182602212385,0.007410698226244947,0.03317853117547472,0.0,0.0,0.0
2020-07-07,0.05787013255662043,0.05006766351442001,0.05,0.05793779607104044,0.10793779607104044,0.007802469042200419,0.017042056894119896,0.0,0.0,0.0
2020-07-08,0.05864309338145815,0.05,0.05,0.05864309338145815,0.10864309338145815,0.008643093381458147,0.015004399948299706,0.0,0.0,0.0
2020-07-09,0.06387739641726145,0.05583107927757871,0.05,0.06970847569484015,0.11970847569484015,0.008046317139682742,0.02187263333206694,0.0,0.0,0.0
2020-07-10,0.1222770919794036,0.11567837549876818,0.05,0.18795546747817177,0.23795546747817176,0.006598716480635425,0.21824699178333162,0.0,0.0,0.0
2020-07-13,0.12331436798256282,0.11710528495975116,0.05,0.19041965294231397,0.240419652942314,0.006209083022811673,0.0046473857276378774,0.0,0.0,0.0
2020-07-14,0.0,-0.0,0.0,0.0,0.0,0.0,0.240419652942314,0.0,0.0,0.0
2020-07-15,0.0,-0.0,0.0,0.0,0.0,0.0,0.0,0.0,0.0,0.0
2020-07-16,0.0,-0.0,0.0,0.0,0.0,0.0,0.0,0.0,0.0,0.0
2020-07-17,0.0,-0.0,0.0,0.0,0.0,0.0,0.0,0.0,0.0,0.0
2020-07-20,0.0,-0.0,0.0,0.0,0.0,0.0,0.0,0.0,0.0,0.0
2020-07-21,0.0,-0.0,0.0,0.0,0.0,0.0,0.0,0.0,0.0,0.0
2020-07-22,0.0,-0.0,0.0,0.0,0.0,0.0,0.0,0.0,0.0,0.0
2020-07-23,0.17232876247904994,0.1738277443743446,0.1,0.24615650685339452,0.3461565068533945,-0.0014989818952946404,0.3461565068533945,0.0,0.0,0.0
2020-07-24,0.2117546923453193,0.20747545321033214,0.15000000000000002,0.2692301455556514,0.4192301455556514,0.004279239134987151,0.10910447700044522,0.0,0.0,0.0
2020-07-27,0.18680329097392076,0.19536987326763255,0.15000000000000002,0.2321731642415533,0.38217316424155334,-0.008566582293711815,0.28941021999784533,0.0,0.0,0.0
2020-07-28,0.13483493492684862,0.13869166137426994,0.1,0.17352659630111855,0.27352659630111853,-0.003856726447421313,0.10864656794043473,0.0,0.0,0.0
2020-07-29,0.15936114051141095,0.16306622024813167,0.15000000000000002,0.17242736075954262,0.32242736075954265,-0.003705079736720719,0.15772711713803586,0.0,0.0,0.0
2020-07-30,0.15904337435294474,0.16266513843727823,0.15000000000000002,0.17170851279022298,0.321708512790223,-0.003621764084333491,0.0023772012733883074,0.0,0.0,0.0
2020-07-31,0.11105487817931141,0.10825155822265911,0.15000000000000002,0.06930643640197051,0.21930643640197053,0.002803319956652301,0.20240207638825244,0.0,0.0,0.0
2020-08-03,0.09615892328361439,0.093832378099002,0.1,0.08999130138261638,0.18999130138261638,0.002326545184612401,0.09952322522796012,0.0,0.0,0.0
2020-08-04,0.18292493817404315,0.17619240022029078,0.2,0.15911733839433392,0.3591173383943339,0.006732537953752359,0.21870470912045237,0.0,0.0,0.0
2020-08-05,0.18253814199851082,0.17445840666074813,0.2,0.15699654865925894,0.35699654865925895,0.00807973533776269,0.0031298173259305256,0.0,0.0,0.0
2020-08-06,0.18321464835902465,0.17486601252296355,0.2,0.1580806608819882,0.3580806608819882,0.008348635836061102,0.0024189281081374372,0.0,0.0,0.0
2020-08-07,0.18315487286922819,0.17585242245968047,0.2,0.15900729532890864,0.3590072953289086,0.00730245040954771,0.004149034103955472,0.0,0.0,0.0
2020-08-10,0.1863849087008397,0.17688497366504402,0.2,0.16326988236588372,0.36326988236588376,0.009499935035795666,0.012136072221752794,0.0,0.0,0.0
2020-08-11,0.18726504995505047,0.1761832383993932,0.2,0.16344828835444364,0.36344828835444365,0.011081811555657281,0.001581876519861615,0.0,0.0,0.0
2020-08-12,0.22551242977420133,0.200887133544761,0.25,0.17639956331896228,0.4263995633189623,0.024625296229440298,0.08685568473201606,0.0,0.0,0.0
2020-08-13,0.2738801828684116,0.24465203992670115,0.3,0.21853222279511275,0.5185322227951128,0.02922814294171043,0.1536635030812974,0.0,0.0,0.0
2020-08-14,0.2713998843421676,0.24724477916030455,0.3,0.21864466350247214,0.5186446635024722,0.024155105181863062,0.026655613101931083,0.0,0.0,0.0
2020-08-17,0.33817626048750565,0.3120091152847101,0.35,0.3001853757722157,0.6501853757722157,0.026167145202795547,0.19484686519795352,0.0,0.0,0.0
2020-08-18,0.3408041998182108,0.31507786670666577,0.35,0.3058820665248765,0.6558820665248765,0.025726333111545097,0.006804607673383076,0.0,0.0,0.0
2020-08-19,0.3373934382693912,0.3162109564717257,0.3,0.3536043947411169,0.6536043947411169,0.021182481797665506,0.1437401396385844,0.0,0.0,0.0
2020-08-20,0.2925391211140578,0.2843979240129312,0.25,0.32693704512698896,0.576937045126989,0.008141197101126513,0.3561018011392789,0.0,0.0,0.0
2020-08-21,0.31195862101269745,0.3028757978583083,0.3,0.31483441887100566,0.6148344188710057,0.00908282315438913,0.1222212767536873,0.0,0.0,0.0
2020-08-24,0.2614057008172955,0.2518671048017076,0.25,0.2632728056190031,0.5132728056190031,0.009538596015587902,0.1330862633498736,0.0,0.0,0.0
2020-08-25,0.2725423813031234,0.2609942239926881,0.25,0.28353660529581154,0.5335366052958115,0.011548157310435264,0.02026379967680844,0.0,0.0,0.0
2020-08-26,0.3045252094142743,0.2942617539759907,0.3,0.29878696339026495,0.5987869633902649,0.010263455438283664,0.16250555854210474,0.0,0.0,0.0
2020-08-27,0.199470271031449,0.19581483882066414,0.15000000000000002,0.24528510985211316,0.3952851098521132,0.003655432210784862,0.5003646409679929,0.0,0.0,0.0
2020-08-28,0.12703890222298614,0.12566265064793453,0.1,0.15270155287092066,0.25270155287092066,0.0013762515750516055,0.18109201794037127,0.0,0.0,0.0
2020-08-31,0.0866278274116778,0.08511243832537195,0.05,0.12174026573704974,0.17174026573704976,0.0015153890863058364,0.15504844698960757,0.0,0.0,0.0
2020-09-01,0.13073195493264894,0.1300112925072861,0.1,0.16074324743993504,0.26074324743993504,0.0007206624253628321,0.15182870399141551,0.0,0.0,0.0
2020-09-02,0.09178254291725346,0.08496869760202516,0.1,0.07675124051927862,0.17675124051927862,0.006813845315228294,0.216903551794753,0.0,0.0,0.0
2020-09-03,0.09488749307884853,0.086341282180881,0.1,0.08122877525972952,0.18122877525972952,0.00854621089796754,0.009366434356802025,0.0,0.0,0.0
2020-09-04,0.08934207711250086,0.07613449069964229,0.1,0.06547656781214314,0.16547656781214315,0.013207586412858567,0.01622443152529318,0.0,0.0,0.0
2020-09-08,0.11149898868912703,0.1,0.15000000000000002,0.06149898868912701,0.21149898868912703,0.011498988689127007,0.16731626163697555,0.0,0.0,0.0
2020-09-09,0.10873388465484995,0.1,0.15000000000000002,0.05873388465484995,0.20873388465485,0.00873388465484995,0.0027651040342770578,0.0,0.0,0.0
2020-09-10,0.10861242902799345,0.1,0.15000000000000002,0.05861242902799344,0.20861242902799346,0.008612429027993446,0.00983046580389642,0.0,0.0,0.0
2020-09-11,0.1605620827826248,0.1706238553308139,0.2,0.13118593811343868,0.33118593811343866,-0.010061772548189067,0.12355936755457919,0.0,0.0,0.0
2020-09-14,0.2146952260081622,0.2283549452013522,0.2,0.2430501712095144,0.4430501712095144,-0.013659719193189993,0.3318636234726843,0.0,0.0,0.0
2020-09-15,0.21351095068103237,0.22206940092749378,0.2,0.2355803516085262,0.4355803516085262,-0.008558450246461388,0.012433451600973592,0.0,0.0,0.0
2020-09-16,0.20353859041497147,0.1909489892670142,0.15000000000000002,0.24448757968198562,0.39448757968198567,0.01258960114795725,0.10322149792380492,0.0,0.0,0.0
2020-09-17,0.1723786515751152,0.151524432893689,0.1,0.2239030844688042,0.3239030844688042,0.0208542186814262,0.14042695201787034,0.0,0.0,0.0
2020-09-18,0.18896055100060805,0.173577588587982,0.15000000000000002,0.21253813958859002,0.36253813958859005,0.015382962412626044,0.10230626706644577,0.0,0.0,0.0
2020-09-21,0.18793364016937553,0.1712061018817176,0.15000000000000002,0.20913974205109306,0.3591397420510931,0.016727538287657925,0.0044519109422413924,0.0,0.0,0.0
2020-09-22,0.19133581646944137,0.17745871241636654,0.15000000000000002,0.2187945288858079,0.3687945288858079,0.013877104053074824,0.009654786834714824,0.0,0.0,0.0
2020-09-23,0.19091931416573815,0.17890550899660557,0.15000000000000002,0.2198248231623437,0.3698248231623437,0.012013805169132585,0.009204689171179094,0.0,0.0,0.0
2020-09-24,0.18703195555662766,0.1710856667182022,0.15000000000000002,0.20811762227482983,0.35811762227482985,0.015946288838425457,0.01170720088751389,0.0,0.0,0.0
2020-09-25,0.1870345155407948,0.17174091473968767,0.15000000000000002,0.20877543028048245,0.3587754302804825,0.01529360080110713,0.0026594151052971096,0.0,0.0,0.0
2020-09-28,0.18524592587156444,0.16679679145660337,0.15000000000000002,0.20204271732816778,0.35204271732816783,0.01844913441496107,0.04663010018773478,0.0,0.0,0.0
2020-09-29,0.12140401956278056,0.12451573009130311,0.1,0.14591974965408366,0.24591974965408367,-0.003111710528522549,0.13835832005970328,0.0,0.0,0.0
2020-09-30,0.12131494336958706,0.12485922385299139,0.1,0.14617416722257845,0.24617416722257845,-0.0035442804834043273,0.0013966391905023343,0.0,0.0,0.0
2020-10-01,0.18606163705226567,0.16905312526021557,0.15000000000000002,0.2051147623124812,0.35511476231248124,0.017008511792050096,0.1402118782399014,0.0,0.0,0.0
2020-10-02,0.1235191742372689,0.1,0.1,0.1235191742372689,0.2235191742372689,0.023519174237268885,0.2223886883533946,0.0,0.0,0.0
2020-10-05,0.06224165378258899,0.057746881154689476,0.05,0.06998853493727847,0.11998853493727847,0.004494772627899513,0.1381163995937418,0.0,0.0,0.0
2020-10-06,0.07204050411638474,0.06530530957389549,0.05,0.08734581369028022,0.1373458136902802,0.006735194542489241,0.017357278753001755,0.0,0.0,0.0
2020-10-07,0.125379157488904,0.1,0.1,0.125379157488904,0.225379157488904,0.025379157488903972,0.13692325408441375,0.0,0.0,0.0
2020-10-08,0.12026069037992353,0.1,0.1,0.12026069037992353,0.22026069037992352,0.02026069037992352,0.020551981790693896,0.0,0.0,0.0
2020-10-09,0.12166296811600738,0.1,0.1,0.12166296811600738,0.2216629681160074,0.021662968116007396,0.017025095678534094,0.0,0.0,0.0
2020-10-12,0.12536672238945645,0.12065747989944951,0.1,0.14602420228890595,0.24602420228890595,0.004709242490006933,0.29600325658333776,0.0,0.0,0.0
2020-10-13,0.12438524782713366,0.11757119151907784,0.1,0.1419564393462115,0.2419564393462115,0.006814056308055816,0.02805620803787002,0.0,0.0,0.0
2020-10-14,0.14133220868687799,0.131209289523846,0.15000000000000002,0.12254149821072399,0.27254149821072404,0.010122919163031999,0.1114064805912969,0.0,0.0,0.0
2020-10-15,0.14507109619319142,0.13356696723511455,0.15000000000000002,0.12863806342830594,0.278638063428306,0.011504128958076877,0.008198143111070127,0.0,0.0,0.0
2020-10-16,0.17923727891910643,0.16382620732021283,0.15000000000000002,0.19306348623931924,0.34306348623931926,0.015411071598893586,0.0644254228110133,0.0,0.0,0.0
2020-10-19,0.05638390023562147,0.053971610818575565,0.05,0.06035551105419703,0.11035551105419703,0.002412289417045902,0.26308227850544663,0.0,0.0,0.0
2020-10-20,0.056388476078473505,0.053164877139090516,0.05,0.05955335321756402,0.10955335321756401,0.0032235989393829883,0.004822187229390064,0.0,0.0,0.0
2020-10-21,0.05684482233636818,0.05363852763483908,0.05,0.06048334997120726,0.11048334997120726,0.0032062947015290945,0.0018115831818705662,0.0,0.0,0.0
2020-10-22,0.05729236771888596,0.05405635629557949,0.05,0.06134872401446545,0.11134872401446545,0.003236011423306472,0.0015577031050601005,0.0,0.0,0.0
2020-10-23,0.05561943290575935,0.051148261696369726,0.05,0.056767694602129076,0.10676769460212908,0.004471171209389627,0.006222499026908678,0.0,0.0,0.0
2020-10-26,0.05621630060069874,0.05199785716777265,0.05,0.05821415776847138,0.10821415776847138,0.004218443432926084,0.0041749486061603384,0.0,0.0,0.0
2020-10-27,0.06097372073108989,0.05709164639391285,0.05,0.06806536712500273,0.11806536712500273,0.003882074337177045,0.027683603319408594,0.0,0.0,0.0
2020-10-28,0.10718872759485755,0.09305211255288383,0.1,0.10024084014774137,0.20024084014774138,0.014136615041973721,0.21630356732300338,0.0,0.0,0.0
2020-10-29,0.10785398711600491,0.09354508988709959,0.1,0.10139907700310449,0.2013990770031045,0.014308897228905333,0.003479654416291368,0.0,0.0,0.0
2020-10-30,0.10972368545573409,0.09443297692378944,0.1,0.10415666237952353,0.20415666237952354,0.015290708531944648,0.003032398228404811,0.0,0.0,0.0
2020-11-02,0.20552062881698324,0.1944776924373899,0.15000000000000002,0.24999832125437316,0.3999983212543732,0.01104293637959336,0.20698725668137427,0.0,0.0,0.0
2020-11-03,0.20239927012931663,0.19352936122373185,0.15000000000000002,0.24592863135304846,0.39592863135304845,0.00886990890558477,0.008909807136130057,0.0,0.0,0.0
2020-11-04,0.2046912770826344,0.19467359486466057,0.15000000000000002,0.24936487194729498,0.399364871947295,0.010017682217973833,0.0046801325753052375,0.0,0.0,0.0
2020-11-05,0.3022692479046974,0.26736408724821037,0.25,0.3196333351529077,0.5696333351529077,0.034905160656486994,0.24025826242207268,0.0,0.0,0.0
2020-11-06,0.3392010886001487,0.30045639082110254,0.3,0.33965747942125124,0.6396574794212513,0.03874469777904613,0.42598762625304665,0.0,0.0,0.0
2020-11-09,0.3385133177657882,0.2999880338886042,0.3,0.3385013516543923,0.6385013516543923,0.03852528387718393,0.008126373381878466,0.0,0.0,0.0
2020-11-10,0.3461290241834635,0.30540615557055306,0.3,0.3515351797540165,0.6515351797540165,0.04072286861291047,0.02312432576354695,0.0,0.0,0.0
2020-11-11,0.38792138220171857,0.34429186000869083,0.35,0.3822132422104094,0.7322132422104094,0.04362952219302765,0.1243959854650807,0.0,0.0,0.0
2020-11-12,0.3890838853567774,0.3442936518333057,0.35,0.38337753719008305,0.733377537190083,0.04479023352347168,0.03224642694319156,0.0,0.0,0.0
2020-11-13,0.3818349679553788,0.34057787703825343,0.35,0.37241284499363225,0.7224128449936322,0.04125709091712537,0.0162915265095757,0.0,0.0,0.0
2020-11-16,0.3830842027193678,0.34176947218798526,0.35,0.3748536749073531,0.7248536749073531,0.04131473053138249,0.0024408299137208267,0.0,0.0,0.0
2020-11-17,0.39968220983549896,0.35270517598111534,0.35,0.4023873858166143,0.7523873858166144,0.046977033854383635,0.07230743501611309,0.0,0.0,0.0
2020-11-18,0.40014069034170213,0.35282812493198906,0.35,0.4029688152736912,0.7529688152736912,0.047312565409713084,0.00634312171520271,0.0,0.0,0.0
2020-11-19,0.16275657695372567,0.14832878187583817,0.2,0.11108535882956382,0.31108535882956384,0.014427795077887492,0.4418834564441274,0.0,0.0,0.0
2020-11-20,0.1650950282657249,0.15094542992416418,0.2,0.11604045818988908,0.3160404581898891,0.014149598341560706,0.00495509936032526,0.0,0.0,0.0
2020-11-23,0.16539714644169748,0.1511316839524329,0.2,0.11652883039413038,0.3165288303941304,0.014265462489264583,0.009793375837830277,0.0,0.0,0.0
2020-11-24,0.18640156203838687,0.1748236541981185,0.15000000000000002,0.21122521623650534,0.3612252162365054,0.011577907840268376,0.15749480428129065,0.0,0.0,0.0
2020-11-25,0.11296583328581228,0.10403101121279063,0.1,0.1169968444986029,0.2169968444986029,0.008934822073021662,0.25864876786545293,0.0,0.0,0.0
2020-11-27,0.1121482483501133,0.10330562409912944,0.1,0.11545387244924274,0.21545387244924274,0.008842624250983866,0.0037707243165037655,0.0,0.0,0.0
2020-11-30,0.1157282113293414,0.10128638530907329,0.1,0.11701459663841468,0.2170145966384147,0.014441826020268115,0.0277368024991406,0.0,0.0,0.0
2020-12-01,0.05756679446886269,0.0605594730149257,0.05,0.06812626748378839,0.11812626748378839,-0.002992678546063013,0.27193278908941365,0.0,0.0,0.0
2020-12-02,0.1228407207442561,0.14482757423963669,0.1,0.16766829498389277,0.2676682949838928,-0.02198685349538059,0.22788369147061924,0.0,0.0,0.0
2020-12-03,0.1939321254370438,0.20839153701965113,0.15000000000000002,0.25232366245669496,0.402323662456695,-0.014459411582607336,0.1687343314847069,0.0,0.0,0.0
2020-12-04,0.2135331024291372,0.22302387054495582,0.2,0.23655697297409303,0.436556972974093,-0.009490768115818612,0.09503135653321129,0.0,0.0,0.0
2020-12-07,0.12579154993997735,0.14554637335069492,0.1,0.1713379232906723,0.2713379232906723,-0.019754823410717586,0.18707095358800985,0.0,0.0,0.0
2020-12-08,0.12111694353103267,0.14013980417816552,0.1,0.16125674770919818,0.26125674770919816,-0.01902286064713286,0.010081175581474089,0.0,0.0,0.0
2020-12-09,0.1183451816129606,0.1378279722126606,0.1,0.15617315382562122,0.2561731538256212,-0.019482790599700005,0.005083593883576976,0.0,0.0,0.0
2020-12-10,0.1,0.09465629540102954,0.15000000000000002,0.044656295401029535,0.19465629540102955,0.005343704598970467,0.2858962015371004,0.0,0.0,0.0
2020-12-11,0.10238602953100388,0.09720228360681593,0.15000000000000002,0.04958831313781981,0.19958831313781983,0.005183745924187947,0.01002664890075779,0.0,0.0,0.0
2020-12-14,0.2204661545279422,0.22114446247404856,0.2,0.24161061700199074,0.4416106170019908,-0.0006783079461064045,0.29601129547691774,0.0,0.0,0.0
2020-12-15,0.1641586390672729,0.20925101407100072,0.25,0.1234096531382736,0.37340965313827357,-0.045092375003727814,0.3122113113961428,0.0,0.0,0.0
2020-12-16,0.17619707251743172,0.1970063256088174,0.25,0.12320339812624907,0.3732033981262491,-0.02080925309138569,0.22428312191234215,0.0,0.0,0.0
2020-12-17,0.1821067969064501,0.20109031628508717,0.25,0.13319711319153724,0.38319711319153726,-0.01898351937863707,0.010414018669821744,0.0,0.0,0.0
2020-12-18,0.17707713159668215,0.2019956869999336,0.25,0.12907281859661573,0.37907281859661573,-0.02491855540325144,0.01502010555884858,0.0,0.0,0.0
2020-12-21,0.18860225913767353,0.20916855453185879,0.15000000000000002,0.2477708136695323,0.3977708136695323,-0.020566295394185218,0.3482536258129203,0.0,0.0,0.0
2020-12-22,0.18510116967700774,0.20823924756585505,0.15000000000000002,0.24334041724286282,0.39334041724286284,-0.023138077888847315,0.004430396426669515,0.0,0.0,0.0
2020-12-23,0.0872466464954006,0.07868773905797613,0.1,0.06593438555337672,0.16593438555337672,0.008558907437424481,0.4428943125683462,0.0,0.0,0.0
2020-12-24,0.08608294704934999,0.07749775007479799,0.1,0.06358069712414799,0.163580697124148,0.008585196974552008,0.005156127794379272,0.0,0.0,0.0
2020-12-28,0.08104242328733846,0.07594118307032302,0.05,0.10698360635766148,0.15698360635766148,0.005101240217015438,0.1014127688766377,0.0,0.0,0.0
2020-12-29,0.08176368882135089,0.07533914303500783,0.05,0.10710283185635872,0.1571028318563587,0.00642454578634306,0.0023521158021923795,0.0,0.0,0.0
2020-12-30,0.08349543187875347,0.07697558729760862,0.05,0.11047101917636208,0.16047101917636208,0.006519844581144855,0.008237147943376724,0.0,0.0,0.0
2020-12-31,0.08374678364487441,0.07772186221520676,0.05,0.11146864586008116,0.16146864586008117,0.0060249214296676555,0.0019333853740242648,0.0,0.0,0.0
2021-01-04,0.08499698888808649,0.08136095325219717,0.05,0.11635794214028365,0.16635794214028365,0.003636035635889327,0.013995917488933134,0.0,0.0,0.0
2021-01-05,0.08491312187687203,0.0799731397902895,0.05,0.11488626166716154,0.16488626166716153,0.004939982086582535,0.0014716804731221144,0.0,0.0,0.0
2021-01-06,0.08421083469943276,0.07847492983363286,0.05,0.11268576453306561,0.1626857645330656,0.005735904865799899,0.004614516923273445,0.0,0.0,0.0
2021-01-07,0.08539422850318118,0.0797444168824508,0.05,0.11513864538563198,0.165138645385632,0.005649811620730373,0.0038863143773886152,0.0,0.0,0.0
2021-01-08,0.10566509445350178,0.10974321625176256,0.1,0.11540831070526433,0.21540831070526434,-0.004078121798260802,0.11258312940648098,0.0,0.0,0.0
2021-01-11,0.16813617851555474,0.17843584195956982,0.15000000000000002,0.19657202047512454,0.3465720204751246,-0.010299663444015096,0.16125425093969084,0.0,0.0,0.0
2021-01-12,0.1216772756884046,0.13428270007652565,0.1,0.15595997576493026,0.25595997576493024,-0.012605424388121067,0.16115991473844563,0.0,0.0,0.0
2021-01-13,0.11189841048965753,0.12316903350930236,0.1,0.1350674439989599,0.2350674439989599,-0.011270623019644842,0.02991639934239149,0.0,0.0,0.0
2021-01-14,0.196418955881917,0.2024226068645006,0.15000000000000002,0.24884156274641758,0.3988415627464176,-0.006003650982583597,0.18860648969262828,0.0,0.0,0.0
2021-01-15,0.14571216524651576,0.14565694330629725,0.1,0.19136910855281303,0.29136910855281306,5.522194021850835e-05,0.10747245419360454,0.0,0.0,0.0
2021-01-19,0.19475819856086207,0.1955259883410183,0.15000000000000002,0.24028418690188036,0.3902841869018804,-0.0007677897801562222,0.1057606456995704,0.0,0.0,0.0
2021-01-20,0.19230961647786665,0.19161499402411944,0.15000000000000002,0.23392461050198607,0.3839246105019861,0.0006946224537471846,0.006359576399894304,0.0,0.0,0.0
2021-01-21,0.19753970690523137,0.1786837920545739,0.15000000000000002,0.22622349895980529,0.37622349895980534,0.018855914850657476,0.19610604272597001,0.0,0.0,0.0
2021-01-22,0.20601672630088766,0.18409562468716323,0.15000000000000002,0.2401123509880509,0.3901123509880509,0.021921101613724417,0.040110851215979945,0.0,0.0,0.0
2021-01-25,0.20411718329900094,0.17871320566395418,0.2,0.18283038896295511,0.3828303889629551,0.02540397763504676,0.16495611531757154,0.0,0.0,0.0
2021-01-26,0.20157014632797413,0.16530978263582063,0.15000000000000002,0.21687992896379477,0.3668799289637948,0.03626036369215348,0.1593509259286638,0.0,0.0,0.0
2021-01-27,0.20410406568902095,0.16537070134176896,0.15000000000000002,0.21947476703078989,0.3694747670307899,0.03873336434725201,0.0030923109211919153,0.0,0.0,0.0
2021-01-28,0.20980457660398577,0.2087850954930062,0.2,0.21858967209699193,0.41858967209699194,0.0010194811109795615,0.2661853347739053,0.0,0.0,0.0
2021-01-29,0.21243261982507877,0.2152886396260429,0.2,0.22772125945112168,0.4277212594511217,-0.002856019800964088,0.01025783991288036,0.0,0.0,0.0
2021-02-01,0.1813255659630756,0.17589845880793326,0.15000000000000002,0.20722402477100887,0.3572240247710089,0.00542710715514233,0.20952307892615335,0.0,0.0,0.0
2021-02-02,0.1336543977606932,0.13043087372712422,0.1,0.16408527148781743,0.26408527148781746,0.003223524033569,0.206536633984086,0.0,0.0,0.0
2021-02-03,0.06918424843007431,0.07599488451908523,0.05,0.09517913294915954,0.14517913294915955,-0.0068106360890109255,0.19586652373608238,0.0,0.0,0.0
2021-02-04,0.163971748782404,0.20488455487825258,0.15000000000000002,0.21885630366065656,0.3688563036606566,-0.04091280609584856,0.24854288439752503,0.0,0.0,0.0
2021-02-05,0.16218960220221756,0.2057035889031797,0.15000000000000002,0.21789319110539723,0.36789319110539725,-0.04351398670096213,0.005621826695760897,0.0,0.0,0.0
2021-02-08,0.14452474993397676,0.1888729179427405,0.15000000000000002,0.18339766787671727,0.3333976678767173,-0.04434816800876372,0.060368754597906235,0.0,0.0,0.0
2021-02-09,0.16879092621697458,0.22144954055814448,0.2,0.19024046677511902,0.39024046677511903,-0.052658614341169876,0.21110429110030507,0.0,0.0,0.0
2021-02-10,0.1663419293558061,0.21942627657749897,0.2,0.18576820593330504,0.3857682059333051,-0.05308434722169286,0.007733094374559886,0.0,0.0,0.0
2021-02-11,0.2383816171232952,0.2985761760135981,0.2,0.3369577931368933,0.5369577931368933,-0.060194558890302896,0.36138547835051316,0.0,0.0,0.0
2021-02-12,0.1698905595808714,0.21179804651358955,0.2,0.1816886060944609,0.3816886060944609,-0.04190748693271816,0.2682479351861623,0.0,0.0,0.0
2021-02-16,0.18001143686626858,0.198186318120187,0.2,0.17819775498645557,0.3781977549864556,-0.018174881253918432,0.2619611939622435,0.0,0.0,0.0
2021-02-17,0.2570462653368153,0.2460535598160474,0.25,0.25309982515286267,0.5030998251528627,0.010992705520767906,0.12490207016640713,0.0,0.0,0.0
2021-02-18,0.245498073989268,0.22828259355570207,0.25,0.22378066754497006,0.47378066754497006,0.017215480433565925,0.029319157607892637,0.0,0.0,0.0
2021-02-19,0.2447201537995221,0.2283255271514277,0.25,0.2230456809509498,0.4730456809509498,0.01639462664809438,0.003750052090796277,0.0,0.0,0.0
2021-02-22,0.24015542400231205,0.22822050920830003,0.25,0.218375933210612,0.468375933210612,0.011934914794012,0.007158514126525677,0.0,0.0,0.0
2021-02-23,0.16892493903507325,0.18940596891573358,0.2,0.15833090795080682,0.3583309079508068,-0.020481029880660334,0.1100450252598052,0.0,0.0,0.0
2021-02-24,0.16409799607146902,0.1566468840621477,0.15000000000000002,0.17074488013361672,0.32074488013361674,0.007451112009321331,0.13436471717735635,0.0,0.0,0.0
2021-02-25,0.05963332296051823,0.06809662239936104,0.1,0.027729945359879257,0.12772994535987925,-0.008463299438842805,0.20262673982835264,0.0,0.0,0.0
2021-02-26,0.06836848366915557,0.06276034880390784,0.1,0.0311288324730634,0.1311288324730634,0.005608134865247732,0.014071434304090536,0.0,0.0,0.0
2021-03-01,0.07862563880698765,0.07760840350100187,0.1,0.05623404230798952,0.15623404230798954,0.0010172353059857957,0.025105209834926118,0.0,0.0,0.0
2021-03-02,0.09195511775994944,0.09435033546025916,0.05,0.1363054532202086,0.18630545322020858,-0.002395217700309725,0.22103707118863491,0.0,0.0,0.0
2021-03-03,0.09413870182226737,0.09626563767112746,0.05,0.14040433949339481,0.1904043394933948,-0.002126935848860095,0.004098886273186239,0.0,0.0,0.0
2021-03-04,0.09645807955538696,0.09796331033343693,0.05,0.1444213898888239,0.1944213898888239,-0.001505230778049961,0.007732477228306117,0.0,0.0,0.0
2021-03-05,0.09601078464133252,0.09776604107556147,0.05,0.14377682571689399,0.19377682571689397,-0.0017552564342289516,0.005871649797621333,0.0,0.0,0.0
2021-03-08,0.18391631249340823,0.2179138468002936,0.15000000000000002,0.25183015929370184,0.40183015929370186,-0.033997534306885374,0.2781791928670445,0.0,0.0,0.0
2021-03-09,0.21071742330269203,0.24089341543700174,0.15000000000000002,0.30161083873969374,0.45161083873969377,-0.030175992134309715,0.061708154358483314,0.0,0.0,0.0
2021-03-10,0.20573468086533817,0.2361094387380294,0.15000000000000002,0.29184411960336754,0.44184411960336756,-0.030374757872691255,0.014099863619798009,0.0,0.0,0.0
2021-03-11,0.20279774092486044,0.23421541401842894,0.15000000000000002,0.2870131549432894,0.4370131549432894,-0.03141767309356849,0.008151070487972784,0.0,0.0,0.0
2021-03-12,0.15752580478959244,0.1635240079866965,0.1,0.22104981277628893,0.32104981277628897,-0.005998203197104056,0.24301598289507112,0.0,0.0,0.0
2021-03-15,0.07772866986671237,0.08415631442501376,0.05,0.11188498429172614,0.16188498429172615,-0.0064276445583013875,0.19581443003675036,0.0,0.0,0.0
2021-03-16,0.07853976554610746,0.08577151731495884,0.05,0.11431128286106632,0.16431128286106633,-0.00723175176885138,0.002426298569340176,0.0,0.0,0.0
2021-03-17,0.07852527748837726,0.08570294656427978,0.05,0.11422822405265703,0.16422822405265702,-0.007177669075902518,0.0002468090998449732,0.0,0.0,0.0
2021-03-18,0.0,-0.0,0.0,0.0,0.0,0.0,0.16422822405265702,0.0,0.0,0.0
2021-03-19,0.0,-0.0,0.0,0.0,0.0,0.0,0.0,0.0,0.0,0.0
2021-03-22,0.0,-0.0,0.0,0.0,0.0,0.0,0.0,0.0,0.0,0.0
2021-03-23,0.09237068955289288,0.10342223739567602,0.05,0.1457929269485689,0.19579292694856892,-0.011051547842783158,0.1957929269485689,0.0,0.0,0.0
2021-03-24,0.09126167212145145,0.10221248442413856,0.05,0.14347415654559,0.19347415654559003,-0.010950812302687116,0.003952150200148538,0.0,0.0,0.0
2021-03-25,0.15669627269052308,0.14468551802390248,0.1,0.20138179071442555,0.30138179071442556,0.012010754666620597,0.12296156696930774,0.0,0.0,0.0
2021-03-26,0.16066471329902407,0.14708472362680186,0.1,0.20774943692582593,0.3077494369258259,0.013579989672222195,0.006367646211400381,0.0,0.0,0.0
2021-03-29,0.18970165189204818,0.1713196195639143,0.1,0.2610212714559625,0.3610212714559625,0.018382032328133874,0.05327183453013655,0.0,0.0,0.0
2021-03-30,0.3068031051990273,0.31010870760408316,0.15000000000000002,0.46691181280311045,0.6169118128031105,-0.003305602405055841,0.25589054134714806,0.0,0.0,0.0
2021-03-31,0.31596182805250683,0.333326831434313,0.2,0.44928865948681984,0.6492886594868199,-0.017365003381806132,0.14444473383965695,0.0,0.0,0.0
2021-04-01,0.2624762771801629,0.30447917016838977,0.25,0.31695544734855263,0.5669554473485526,-0.042002892988226875,0.18233321213826723,0.0,0.0,0.0
2021-04-05,0.17429940487766554,0.20525944014134656,0.2,0.17955884501901215,0.37955884501901216,-0.030960035263681032,0.20803050474722623,0.0,0.0,0.0
2021-04-06,0.20657103724411802,0.22517248678027388,0.2,0.23174352402439188,0.43174352402439187,-0.018601449536155848,0.05933731370840074,0.0,0.0,0.0
2021-04-07,0.20668161732899992,0.2252922334187409,0.2,0.23197385074774082,0.43197385074774086,-0.018610616089740975,0.003977247415718005,0.0,0.0,0.0
2021-04-08,0.18627509043451945,0.23017031205588442,0.15000000000000002,0.2664454024904039,0.4164454024904039,-0.04389522162136497,0.12530685571616318,0.0,0.0,0.0
2021-04-09,0.1785337744171885,0.2255876618104764,0.15000000000000002,0.2541214362276649,0.40412143622766494,-0.047053887393287905,0.0514834987895738,0.0,0.0,0.0
2021-04-12,0.18407538140666116,0.22978244059121236,0.15000000000000002,0.26385782199787355,0.4138578219978736,-0.04570705918455123,0.03415954904911135,0.0,0.0,0.0
2021-04-13,0.2811055147025472,0.3307197871395703,0.2,0.4118253018421174,0.6118253018421174,-0.04961427243702307,0.19796747984424393,0.0,0.0,0.0
2021-04-14,0.2006339545462414,0.2439356479383475,0.15000000000000002,0.2945696024845889,0.44456960248458893,-0.043301693392106114,0.16725569935752854,0.0,0.0,0.0
2021-04-15,0.20373616908792908,0.24420682286590045,0.15000000000000002,0.29794299195382956,0.4479429919538296,-0.04047065377797136,0.0136470533445823,0.0,0.0,0.0
2021-04-16,0.09056002449977145,0.12368960756114533,0.15000000000000002,0.06424963206091677,0.2142496320609168,-0.033129583061373896,0.44136202008503644,0.0,0.0,0.0
2021-04-19,0.08908518196619343,0.12278461117014927,0.15000000000000002,0.06186979313634269,0.21186979313634272,-0.03369942920395584,0.0043921536382881335,0.0,0.0,0.0
2021-04-20,0.15305970041670383,0.20042227955272612,0.2,0.15348197996942992,0.3534819799694299,-0.047362579136022306,0.27911747518412294,0.0,0.0,0.0
2021-04-21,0.10138644676948701,0.15394057788671828,0.15000000000000002,0.10532702465620528,0.25532702465620527,-0.05255413111723129,0.23535856296514845,0.0,0.0,0.0
2021-04-22,0.08427866655393551,0.12130407696220377,0.1,0.10558274351613925,0.20558274351613925,-0.037025410408268254,0.26090976817234457,0.0,0.0,0.0
2021-04-23,0.08336852524002891,0.11996763396236763,0.1,0.10333615920239655,0.20333615920239656,-0.036599108722338715,0.0022465843137427152,0.0,0.0,0.0
2021-04-26,0.10748838406782846,0.1273848479977711,0.1,0.13487323206559956,0.23487323206559957,-0.019896463929942633,0.09022436084973065,0.0,0.0,0.0
2021-04-27,0.24647129226705305,0.2614110753864719,0.2,0.30788236765352495,0.5078823676535249,-0.014939783119418876,0.3747037759031723,0.0,0.0,0.0
2021-04-28,0.24379703343958387,0.25498033497262784,0.2,0.2987773684122117,0.4987773684122117,-0.011183301533043977,0.010502207518913564,0.0,0.0,0.0
2021-04-29,0.2549677020821829,0.23601451493005352,0.25,0.24098221701223638,0.4909822170122364,0.018953187152129403,0.17157022177408676,0.0,0.0,0.0
2021-04-30,0.26380345325734167,0.24075062694086882,0.25,0.25455408019821046,0.5045540801982105,0.023052826316472874,0.03141410617340595,0.0,0.0,0.0
2021-05-03,0.24990848926487297,0.22578422710912344,0.25,0.2256927163739964,0.4756927163739964,0.024124262155749504,0.028861363824214052,0.0,0.0,0.0
2021-05-04,0.20009117602787369,0.17812933270631037,0.2,0.17822050873418405,0.37822050873418406,0.021961843321563326,0.21954350673860243,0.0,0.0,0.0
2021-05-05,0.2344296021623803,0.19960545505478666,0.25,0.18403505721716695,0.43403505721716695,0.034824147107593614,0.20602884318253015,0.0,0.0,0.0
2021-05-06,0.16293790684125395,0.1332555171336488,0.15000000000000002,0.14619342397490273,0.2961934239749028,0.02968238970760516,0.23031983201703465,0.0,0.0,0.0
2021-05-07,0.17272403822018334,0.16462015248323886,0.1,0.23734419070342222,0.33734419070342225,0.008103885736944483,0.14115076672851948,0.0,0.0,0.0
2021-05-10,0.17238949355905248,0.16377632600703268,0.1,0.23616581956608515,0.33616581956608516,0.00861316755201981,0.0030543935831007785,0.0,0.0,0.0
2021-05-11,0.1753117313549153,0.17102710643648972,0.1,0.246338837791405,0.346338837791405,0.0042846249184255725,0.031000286763596327,0.0,0.0,0.0
2021-05-12,0.17555456919789772,0.1716591758102953,0.1,0.24721374500819301,0.347213745008193,0.0038953933876024194,0.0013135440483308947,0.0,0.0,0.0
2021-05-13,0.170280811663086,0.15413070117514252,0.15000000000000002,0.1744115128382285,0.32441151283822856,0.01615011048794348,0.1228022321699645,0.0,0.0,0.0
2021-05-14,0.16884051411327847,0.15377324918886653,0.15000000000000002,0.172613763302145,0.32261376330214503,0.015067264924411919,0.033470138384793326,0.0,0.0,0.0
2021-05-17,0.1697420894135903,0.15790799825022395,0.15000000000000002,0.17765008766381424,0.32765008766381426,0.011834091163366395,0.00828620242871931,0.0,0.0,0.0
2021-05-18,0.10318579869571479,0.0882464471692581,0.1,0.09143224586497288,0.19143224586497287,0.014939351526456701,0.138935510523918,0.0,0.0,0.0
2021-05-19,0.10439279801777836,0.0907275509501889,0.1,0.09512034896796726,0.19512034896796726,0.013665247067589453,0.004722557857638657,0.0,0.0,0.0
2021-05-20,0.14603961495368512,0.14070297855486683,0.15000000000000002,0.13674259350855195,0.28674259350855197,0.005336636398818262,0.09330545851101704,0.0,0.0,0.0
2021-05-21,0.14547104776843486,0.14188474032542167,0.15000000000000002,0.1373557880938565,0.28735578809385653,0.0035863074430132064,0.035176538011417374,0.0,0.0,0.0
2021-05-24,0.2588682947881067,0.25036475815852427,0.2,0.30923305294663095,0.5092330529466309,0.008503536629582448,0.22187726485277443,0.0,0.0,0.0
2021-05-25,0.27578282298007534,0.28168721981226497,0.2,0.3574700427923403,0.5574700427923402,-0.005904396832189629,0.06755514201684186,0.0,0.0,0.0
2021-05-26,0.2700517478165765,0.2574880498212348,0.2,0.32753979763781127,0.5275397976378113,0.01256369799534171,0.033346581947442694,0.0,0.0,0.0
2021-05-27,0.26902948390135734,0.25682126200715,0.2,0.3258507459085073,0.5258507459085073,0.012208221894207366,0.005195906475862551,0.0,0.0,0.0
2021-05-28,0.26968988313241693,0.2568076466548623,0.2,0.3264975297872792,0.5264975297872792,0.012882236477554682,0.002830572831539535,0.0,0.0,0.0
2021-06-01,0.2490364713436677,0.21791252520866833,0.15000000000000002,0.316948996552336,0.466948996552336,0.031123946134999414,0.13812946586557603,0.0,0.0,0.0
2021-06-02,0.24784912400105746,0.20937114562865405,0.15000000000000002,0.3072202696297115,0.4572202696297115,0.03847797837240341,0.01867424628824367,0.0,0.0,0.0
2021-06-03,0.11415405642318552,0.10656381211498325,0.1,0.12071786853816877,0.22071786853816877,0.007590244308202265,0.23650240109154277,0.0,0.0,0.0
2021-06-04,0.1111078690378515,0.10358399852193109,0.1,0.11469186755978258,0.2146918675597826,0.0075238705159204056,0.006026000978386181,0.0,0.0,0.0
2021-06-07,0.11176999971172638,0.10448267422885874,0.1,0.11625267394058511,0.21625267394058512,0.007287325482867639,0.005019960230605795,0.0,0.0,0.0
2021-06-08,0.10058347909834678,0.09363372852389638,0.1,0.09421720762224314,0.19421720762224315,0.006949750574450388,0.022035466318341954,0.0,0.0,0.0
2021-06-09,0.10292228475857067,0.09745082393550966,0.1,0.10037310869408031,0.20037310869408032,0.005471460823061013,0.0085525973399974,0.0,0.0,0.0
2021-06-10,0.07315902971137439,0.06317215824898287,0.05,0.08633118796035726,0.13633118796035726,0.009986871462391519,0.21362826642422647,0.0,0.0,0.0
2021-06-11,0.08899022108145965,0.09391776649878195,0.1,0.0829079875802416,0.1829079875802416,-0.004927545417322279,0.17707467381499659,0.0,0.0,0.0
2021-06-14,0.08663272421971185,0.09232416088430527,0.1,0.07895688510401712,0.17895688510401714,-0.005691436664593416,0.007272358010242046,0.0,0.0,0.0
2021-06-15,0.09054318763828254,0.09677293443068286,0.1,0.08731612206896538,0.1873161220689654,-0.006229746792400327,0.011255763739754798,0.0,0.0,0.0
2021-06-16,0.09353638888459784,0.09982063128423635,0.1,0.09335702016883421,0.19335702016883421,-0.006284242399638519,0.006040898099868824,0.0,0.0,0.0
2021-06-17,0.1894462196527119,0.19885694393457054,0.15000000000000002,0.23830316358728243,0.38830316358728245,-0.009410724281858643,0.1949461434184482,0.0,0.0,0.0
2021-06-18,0.13861253704948934,0.14147265857694846,0.1,0.18008519562643777,0.28008519562643774,-0.002860121527459139,0.176694364146215,0.0,0.0,0.0
2021-06-21,0.19072691764970257,0.2071298896650735,0.15000000000000002,0.24785680731477605,0.3978568073147761,-0.01640297201537093,0.18915287084826382,0.0,0.0,0.0
2021-06-22,0.1677367412407164,0.18613888748851504,0.1,0.2538756287292314,0.3538756287292314,-0.018402146247798595,0.1120541287476771,0.0,0.0,0.0
2021-06-23,0.16990466267903653,0.18992806671826226,0.1,0.2598327293972988,0.3598327293972988,-0.020023404039225756,0.04753902717453681,0.0,0.0,0.0
2021-06-24,0.1791009812510952,0.1978733087081915,0.1,0.2769742899592867,0.3769742899592867,-0.01877232745709634,0.02129447592970302,0.0,0.0,0.0
2021-06-25,0.17838780253213282,0.19611551220209045,0.1,0.27450331473422324,0.37450331473422327,-0.017727709669957625,0.0024709752250634508,0.0,0.0,0.0
2021-06-28,0.1780512871355907,0.1953571679381039,0.1,0.2734084550736946,0.3734084550736946,-0.01730588080251319,0.002515940027144243,0.0,0.0,0.0
2021-06-29,0.19992807054177716,0.21017993576194854,0.15000000000000002,0.2601080063037257,0.41010800630372574,-0.01025186522017138,0.11924292193514488,0.0,0.0,0.0
2021-06-30,0.1986752916933961,0.20453989998381522,0.15000000000000002,0.2532151916772113,0.4032151916772113,-0.005864608290419127,0.02772302621507828,0.0,0.0,0.0
2021-07-01,0.11534889316917722,0.10499392883399278,0.1,0.12034282200317,0.22034282200317,0.010354964335184444,0.1933253149989896,0.0,0.0,0.0
2021-07-02,0.11048246042460803,0.1050267886083321,0.05,0.16550924903294012,0.2155092490329401,0.005455671816275931,0.10489929251890853,0.0,0.0,0.0
2021-07-06,0.0,-0.0,0.0,0.0,0.0,0.0,0.21550924903294016,0.0,0.0,0.0
2021-07-07,0.08264926756607716,0.08756372814287053,0.05,0.1202129957089477,0.1702129957089477,-0.0049144605767933655,0.1702129957089477,0.0,0.0,0.0
2021-07-08,0.08711202262313261,0.09864133788650585,0.1,0.08575336050963844,0.18575336050963845,-0.011529315263373245,0.25596635621858616,0.0,0.0,0.0
2021-07-09,0.09418114402850192,0.10544490614302406,0.1,0.09962605017152595,0.19962605017152596,-0.011263762114522145,0.01387268966188751,0.0,0.0,0.0
2021-07-12,0.09991869226346178,0.10911043566264836,0.1,0.10902912792611014,0.20902912792611014,-0.009191743399186568,0.009403077754584169,0.0,0.0,0.0
2021-07-13,0.0956601824884233,0.10611821990465721,0.1,0.1017784023930805,0.2017784023930805,-0.010458037416233912,0.008310320369287354,0.0,0.0,0.0
2021-07-14,0.13098414122122798,0.14886256980073254,0.2,0.07984671102196053,0.27984671102196057,-0.017878428579504554,0.2675329902904091,0.0,0.0,0.0
2021-07-15,0.1318225639997092,0.14956823743499967,0.2,0.08139080143470885,0.28139080143470885,-0.01774567343529047,0.0015440904127483335,0.0,0.0,0.0
2021-07-16,0.13088202285848058,0.14557348218405097,0.2,0.07645550504253153,0.2764555050425315,-0.014691459325570403,0.007288635846316912,0.0,0.0,0.0
2021-07-19,0.25075743023730507,0.2548418826439325,0.2,0.30559931288123754,0.5055993128812375,-0.004084452406627442,0.428150913441472,0.0,0.0,0.0
2021-07-20,0.2443012469273068,0.2541913558511119,0.15000000000000002,0.3484926027784187,0.4984926027784187,-0.009890108923805124,0.1562848025802031,0.0,0.0,0.0
2021-07-21,0.3778700616191869,0.39305265035724285,0.2,0.5709227119764297,0.7709227119764297,-0.015182588738056002,0.27243010919801103,0.0,0.0,0.0
2021-07-22,0.2485559407553082,0.27354706094885645,0.1,0.42210300170416465,0.5221030017041647,-0.024991120193548266,0.3122231518771818,0.0,0.0,0.0
2021-07-23,0.23348401894145718,0.2718656372979133,0.15000000000000002,0.3553496562393705,0.5053496562393704,-0.03838161835645609,0.11675334546479418,0.0,0.0,0.0
2021-07-26,0.15000000000000002,0.18350939941088706,0.15000000000000002,0.18350939941088706,0.3335093994108871,-0.03350939941088704,0.3032107553977749,0.0,0.0,0.0
2021-07-27,0.15430737934316663,0.1824007311942078,0.15000000000000002,0.1867081105373744,0.3367081105373744,-0.02809335185104117,0.04827257982335809,0.0,0.0,0.0
2021-07-28,0.16214994836562152,0.19328620599692697,0.15000000000000002,0.20543615436254847,0.3554361543625485,-0.031136257631305453,0.09176240010830716,0.0,0.0,0.0
2021-07-29,0.15000000000000002,0.18921429444163776,0.2,0.13921429444163774,0.33921429444163775,-0.03921429444163775,0.3595469600048407,0.0,0.0,0.0
2021-07-30,0.15000000000000002,0.17363220576946975,0.25,0.07363220576946979,0.32363220576946977,-0.02363220576946978,0.11558208867216797,0.0,0.0,0.0
2021-08-02,0.16554515066394898,0.16022372783597144,0.1,0.22576887849992042,0.3257688784999204,0.00532142282797754,0.4414791416524611,0.0,0.0,0.0
2021-08-03,0.16891104396253812,0.16426494088529406,0.1,0.23317598484783217,0.3331759848478322,0.004646103077244057,0.00948211469007032,0.0,0.0,0.0
2021-08-04,0.2526028266869611,0.2575226989503381,0.15000000000000002,0.3601255256372992,0.5101255256372992,-0.0049198722633770064,0.17694954078946706,0.0,0.0,0.0
2021-08-05,0.2667179180044695,0.27713006214610625,0.15000000000000002,0.39384798015057576,0.5438479801505758,-0.010412144141636798,0.057554359925417575,0.0,0.0,0.0
2021-08-06,0.218308501288823,0.236930441346904,0.1,0.355238942635727,0.45523894263572695,-0.01862194005808096,0.10820979591644415,0.0,0.0,0.0
2021-08-09,0.13371475179618814,0.14287769176025483,0.05,0.22659244355644298,0.27659244355644297,-0.009162939964066696,0.17864649907928404,0.0,0.0,0.0
2021-08-10,0.11720433562859708,0.1272197131924837,0.05,0.19442404882108077,0.24442404882108076,-0.010015377563886624,0.03216839473536219,0.0,0.0,0.0
2021-08-11,0.11799552612005339,0.12613838488307913,0.05,0.1941339110031325,0.24413391100313248,-0.008142858763025729,0.0088437210597434,0.0,0.0,0.0
2021-08-12,0.1196832134094231,0.12829090073036484,0.05,0.19797411413978794,0.24797411413978793,-0.008607687320941748,0.003840203136655446,0.0,0.0,0.0
2021-08-13,0.14908070633524986,0.15808223393183082,0.1,0.2071629402670807,0.3071629402670807,-0.009001527596580947,0.11406621957063072,0.0,0.0,0.0
2021-08-16,0.1948536881825453,0.19383445535839064,0.15000000000000002,0.23868814354093593,0.38868814354093595,0.00101923282415467,0.11002076042073562,0.0,0.0,0.0
2021-08-17,0.11257679545021146,0.10119433456235426,0.1,0.11377113001256571,0.2137711300125657,0.011382460887857201,0.258674386497838,0.0,0.0,0.0
2021-08-18,0.059970619271095746,0.06133798604226385,0.05,0.07130860531335959,0.12130860531335959,-0.0013673667711681069,0.11274982765902532,0.0,0.0,0.0
2021-08-19,0.058280028584359225,0.061559391991535706,0.05,0.06983942057589493,0.11983942057589493,-0.003279363407176484,0.0019119966360083736,0.0,0.0,0.0
2021-08-20,0.09411847182388143,0.1054949679531434,0.05,0.14961343977702485,0.19961343977702484,-0.011376496129261976,0.23602451429719618,0.0,0.0,0.0
2021-08-23,0.11212097579566976,0.11740637277712539,0.1,0.12952734857279513,0.22952734857279514,-0.005285396981455623,0.09390890085219365,0.0,0.0,0.0
2021-08-24,0.09304917239627225,0.10241239828976045,0.05,0.1454615706860327,0.1954615706860327,-0.009363225893488196,0.09592217108796744,0.0,0.0,0.0
2021-08-25,0.0,-0.0,0.0,0.0,0.0,0.0,0.19546157068603268,0.0,0.0,0.0
2021-08-26,0.0,-0.0,0.0,0.0,0.0,0.0,0.0,0.0,0.0,0.0
2021-08-27,0.08108686640817987,0.09449442181995124,0.05,0.1255812882281311,0.17558128822813113,-0.013407555411771362,0.17558128822813113,0.0,0.0,0.0
2021-08-30,0.13949717620999286,0.14953151892629402,0.1,0.1890286951362869,0.28902869513628693,-0.010034342716301145,0.11344740690815577,0.0,0.0,0.0
2021-08-31,0.11951215858419453,0.11544867393470311,0.15000000000000002,0.08496083251889763,0.23496083251889766,0.004063484649491432,0.22221965900150276,0.0,0.0,0.0
2021-09-01,0.13341424897308118,0.1286216362056144,0.15000000000000002,0.11203588517869559,0.2620358851786956,0.004792612767466779,0.028847057505004187,0.0,0.0,0.0
2021-09-02,0.0872900548748715,0.0881951059157255,0.1,0.07548516079059701,0.175485160790597,-0.0009050510408539943,0.11280327313007786,0.0,0.0,0.0
2021-09-03,0.08207744309317008,0.08409791225706967,0.1,0.06617535535023976,0.16617535535023975,-0.002020469163899582,0.009309805440357248,0.0,0.0,0.0
2021-09-07,0.13691221145706628,0.1489017715159112,0.2,0.08581398297297746,0.28581398297297744,-0.011989560058844932,0.15302469248162825,0.0,0.0,0.0
2021-09-08,0.15772316535060574,0.16189654678875684,0.25,0.06961971213936256,0.3196197121393626,-0.004173381438151089,0.17863641986738277,0.0,0.0,0.0
2021-09-09,0.1600915564807281,0.16323540971838593,0.25,0.073326966199114,0.323326966199114,-0.003143853237657819,0.0037072540597514383,0.0,0.0,0.0
2021-09-10,0.1415035772874858,0.12014548320502315,0.2,0.061649060492508956,0.26164906049250897,0.021358094082462673,0.1472845160220351,0.0,0.0,0.0
2021-09-13,0.25187688061238345,0.24234512398135066,0.25,0.2442220045937341,0.4942220045937341,0.009531756631032812,0.4105554211808593,0.0,0.0,0.0
2021-09-14,0.16034376156506747,0.1631226782002226,0.15000000000000002,0.17346643976529005,0.3234664397652901,-0.002778916635155129,0.2456351071098478,0.0,0.0,0.0
2021-09-15,0.21763403841463863,0.22178680480090543,0.2,0.23942084321554408,0.4394208432155441,-0.004152766386266771,0.22051622566665638,0.0,0.0,0.0
2021-09-16,0.30104891692844593,0.32961244757202696,0.3,0.3306613645004728,0.6306613645004728,-0.028563530643581053,0.2244107642573143,0.0,0.0,0.0
2021-09-17,0.30771936019296364,0.3323640822660789,0.3,0.34008344245904243,0.6400834424590425,-0.02464472207311527,0.009422077958569634,0.0,0.0,0.0
2021-09-20,0.2625770776198903,0.29246716724031,0.25,0.30504424486020026,0.5550442448602002,-0.029890089620419738,0.1233139674736218,0.0,0.0,0.0
2021-09-21,0.28919728483698504,0.30573498523846687,0.25,0.34493227007545185,0.5949322700754518,-0.016537700401481864,0.03988802521525159,0.0,0.0,0.0
2021-09-22,0.28704750599168316,0.3029258430691641,0.25,0.3399733490608472,0.5899733490608472,-0.01587833707748096,0.0074354426014121774,0.0,0.0,0.0
2021-09-23,0.26344883647816497,0.27950997376189246,0.25,0.29295881024005743,0.5429588102400574,-0.01606113728372753,0.04701453882078978,0.0,0.0,0.0
2021-09-24,0.3931531225961067,0.37507482260185676,0.3,0.4682279451979634,0.7682279451979634,0.018078299994249897,0.28448325403077446,0.0,0.0,0.0
2021-09-27,0.3909632244312453,0.37323940843209097,0.3,0.4642026328633362,0.7642026328633362,0.01772381599915432,0.004025312334627218,0.0,0.0,0.0
2021-09-28,0.3416504469759665,0.33641999190263683,0.3,0.37807043887860337,0.6780704388786034,0.005230455073329671,0.20769931646464615,0.0,0.0,0.0
2021-09-29,0.3403199062883737,0.335308759132451,0.3,0.3756286654208247,0.6756286654208247,0.005011147155922713,0.006604111242129812,0.0,0.0,0.0
2021-09-30,0.26537918401118726,0.25502153470080957,0.25,0.2704007187119968,0.5204007187119968,0.01035764931037772,0.16794972777030465,0.0,0.0,0.0
2021-10-01,0.25891793628813536,0.24914590869546838,0.25,0.2580638449836037,0.5080638449836037,0.009772027592667015,0.017038135771565217,0.0,0.0,0.0
2021-10-04,0.34113831256484917,0.3073598352499605,0.25,0.39849814781480963,0.6484981478148096,0.033778477314888616,0.24043430283120593,0.0,0.0,0.0
2021-10-05,0.3444318251532711,0.30899488213780746,0.25,0.40342670729107843,0.6534267072910784,0.0354369430154636,0.01033537636044575,0.0,0.0,0.0
2021-10-06,0.31509191940521974,0.27548256433184365,0.2,0.3905744837370634,0.5905744837370634,0.039609355073376096,0.10446680991526179,0.0,0.0,0.0
2021-10-07,0.24614248293626034,0.21327960497817747,0.15000000000000002,0.3094220879144378,0.45942208791443784,0.03286287795808289,0.1817509167065725,0.0,0.0,0.0
2021-10-08,0.24506233928813784,0.21929822107530966,0.15000000000000002,0.3143605603634475,0.4643605603634475,0.025764118212828174,0.1005142004869545,0.0,0.0,0.0
2021-10-11,0.24093614752655834,0.21536849210206277,0.15000000000000002,0.3063046396286211,0.4563046396286211,0.025567655424495545,0.008055920734826402,0.0,0.0,0.0
2021-10-12,0.19732642164601105,0.19081065935499988,0.2,0.18813708100101093,0.38813708100101096,0.006515762291011168,0.24983715425506967,0.0,0.0,0.0
2021-10-13,0.17809315564932235,0.16294257240327,0.2,0.14103572805259235,0.34103572805259236,0.015150583246052347,0.05313036428430836,0.0,0.0,0.0
2021-10-14,0.176621052765073,0.15858939126688057,0.2,0.13521044403195354,0.33521044403195355,0.018031661498192436,0.02063447375382057,0.0,0.0,0.0
2021-10-15,0.16966494306246824,0.1626715408534178,0.2,0.13233648391588607,0.3323364839158861,0.006993402209050439,0.02984731729702733,0.0,0.0,0.0
2021-10-18,0.11766090297117546,0.13556185732357118,0.05,0.20322276029474665,0.25322276029474666,-0.017900954352395748,0.41997372581002823,0.0,0.0,0.0
2021-10-19,0.10314097075631892,0.11142318033731247,0.05,0.1645641510936314,0.21456415109363142,-0.00828220958099355,0.04930679460826154,0.0,0.0,0.0
2021-10-20,0.10234497480163574,0.11061003333374614,0.05,0.16295500813538186,0.21295500813538187,-0.008265058532110403,0.002702107994506899,0.0,0.0,0.0
2021-10-21,0.10294673125883741,0.11384885677809407,0.05,0.16679558803693148,0.2167955880369315,-0.010902125519256664,0.018128139718690376,0.0,0.0,0.0
2021-10-22,0.0,-0.0,0.0,0.0,0.0,0.0,0.2167955880369315,0.0,0.0,0.0
2021-10-25,0.13388605923821315,0.14445601625974452,0.05,0.22834207549795765,0.27834207549795764,-0.010569957021531379,0.2783420754979577,0.0,0.0,0.0
2021-10-26,0.1265384057168203,0.13610044297073315,0.05,0.21263884868755345,0.26263884868755344,-0.009562037253912845,0.020795469399379433,0.0,0.0,0.0
2021-10-27,0.16245618904251097,0.16881744487292888,0.1,0.2312736339154398,0.33127363391543985,-0.006361255830417911,0.2702157512539821,0.0,0.0,0.0
2021-10-28,0.38972785454430253,0.38535082042851976,0.2,0.5750786749728223,0.7750786749728222,0.00437703411578276,0.464287271246713,0.0,0.0,0.0
2021-10-29,0.2901194390132329,0.28672079701259173,0.15000000000000002,0.4268402360258246,0.5768402360258247,0.0033986420006412305,0.25921452971906933,0.0,0.0,0.0
2021-11-01,0.29556424279456744,0.2948231680022869,0.15000000000000002,0.4403874107968544,0.5903874107968544,0.0007410747922804994,0.013547174771029805,0.0,0.0,0.0
2021-11-02,0.2986053441681693,0.29765950599231533,0.15000000000000002,0.44626485016048467,0.5962648501604847,0.0009458381758539608,0.014904952471086239,0.0,0.0,0.0
2021-11-03,0.2899542329514566,0.29377308113605344,0.2,0.38372731408751004,0.5837273140875101,-0.0038188481845968375,0.1334997629130502,0.0,0.0,0.0
2021-11-04,0.36141841756892884,0.3482544824125734,0.25,0.45967289998150224,0.7096728999815023,0.01316393515635543,0.20314000250183145,0.0,0.0,0.0
2021-11-05,0.24815250033598144,0.2506671043367492,0.2,0.2988196046727306,0.4988196046727306,-0.0025146040007677645,0.31085329530877165,0.0,0.0,0.0
2021-11-08,0.15498260597226649,0.15622225080489038,0.15000000000000002,0.16120485677715687,0.3112048567771569,-0.0012396448326238985,0.18761474789557375,0.0,0.0,0.0
2021-11-09,0.1221139244897142,0.13745204359884622,0.1,0.15956596808856044,0.2595659680885605,-0.015338119109132034,0.22856685725373327,0.0,0.0,0.0
2021-11-10,0.12452768948332833,0.13915876603877428,0.1,0.1636864555221026,0.26368645552210257,-0.014631076555445946,0.00412048743354218,0.0,0.0,0.0
2021-11-11,0.15000000000000002,0.15554793668431338,0.15000000000000002,0.15554793668431338,0.3055479366843134,-0.005547936684313387,0.26294484506330273,0.0,0.0,0.0
2021-11-12,0.1520194956520793,0.15409459628055608,0.15000000000000002,0.15611409193263537,0.3061140919326354,-0.00207510062847676,0.01720660622580434,0.0,0.0,0.0
2021-11-15,0.1562088640348479,0.1575279126316707,0.15000000000000002,0.1637367766665186,0.3137367766665186,-0.0013190485968228131,0.007622684733883205,0.0,0.0,0.0
2021-11-16,0.15254782612656265,0.1550379429380408,0.15000000000000002,0.15758576906460342,0.30758576906460344,-0.002490116811478149,0.006151007601915188,0.0,0.0,0.0
2021-11-17,0.15000000000000002,0.15013090479764796,0.15000000000000002,0.15013090479764796,0.300130904797648,-0.0001309047976479523,0.02542370716676758,0.0,0.0,0.0
2021-11-18,0.12561601100684663,0.11863283910027686,0.1,0.1442488501071235,0.2442488501071235,0.006983171906569774,0.10711407670421774,0.0,0.0,0.0
2021-11-19,0.13382387791927286,0.1276729641709105,0.1,0.1614968420901834,0.2614968420901834,0.006150913748362373,0.017247991983059895,0.0,0.0,0.0
2021-11-22,0.1339396492895042,0.1279014106828611,0.1,0.1618410599723653,0.2618410599723653,0.006038238606643119,0.0004487818794500775,0.0,0.0,0.0
2021-11-23,0.1825480470500606,0.1696440711908625,0.15000000000000002,0.2021921182409231,0.3521921182409231,0.012903975859198141,0.10686573725255502,0.0,0.0,0.0
2021-11-24,0.1645905948717329,0.15018580029876194,0.15000000000000002,0.16477639517049483,0.3147763951704948,0.014404794572970933,0.03901698597462358,0.0,0.0,0.0
2021-11-26,0.16107054667769222,0.1451463048967087,0.15000000000000002,0.15621685157440096,0.306216851574401,0.0159242417809835,0.029415808289357977,0.0,0.0,0.0
2021-11-29,0.1578190333073311,0.13668864758788446,0.15000000000000002,0.14450768089521554,0.29450768089521556,0.021130385719446663,0.017260711896875558,0.0,0.0,0.0
2021-11-30,0.17530343786365685,0.14561592644291504,0.15000000000000002,0.17091936430657187,0.32091936430657186,0.02968751142074181,0.2957480826331711,0.0,0.0,0.0
2021-12-01,0.1498291167527277,0.15017544353303924,0.15000000000000002,0.15000456028576692,0.30000456028576694,-0.00034632678031155245,0.17676545853747422,0.0,0.0,0.0
2021-12-02,0.14813065765334177,0.1351687742602562,0.1,0.18329943191359793,0.28329943191359797,0.012961883393085571,0.15677954305296418,0.0,0.0,0.0
2021-12-03,0.14248419316715485,0.12324612266792254,0.1,0.16573031583507739,0.2657303158350774,0.01923807049923231,0.03159978735529722,0.0,0.0,0.0
2021-12-06,0.06662767208402175,0.06144289860192226,0.05,0.078070570685944,0.12807057068594402,0.005184773482099492,0.208889296995031,0.0,0.0,0.0
2021-12-07,0.06575688273990954,0.061068570822183546,0.05,0.07682545356209308,0.12682545356209307,0.0046883119177259895,0.0018294904522262734,0.0,0.0,0.0
2021-12-08,0.17363979307539773,0.17388072611089236,0.15000000000000002,0.19752051918629007,0.3475205191862901,-0.00024093303549464762,0.3061910284785628,0.0,0.0,0.0
2021-12-09,0.05676010445381219,0.05421342518736833,0.05,0.06097352964118052,0.11097352964118051,0.0025466792664438544,0.2966702257221479,0.0,0.0,0.0
2021-12-10,0.32488396402329833,0.3603749503796698,0.15000000000000002,0.5352589144029681,0.6852589144029682,-0.03549098635637146,0.6527035572034039,0.0,0.0,0.0
2021-12-13,0.39112469758722945,0.43521634546216714,0.2,0.6263410430493965,0.8263410430493965,-0.044091647874937745,0.373008896783204,0.0,0.0,0.0
2021-12-14,0.39979747895893736,0.44301963732323824,0.2,0.6428171162821755,0.8428171162821756,-0.04322215836430088,0.02195030616859864,0.0,0.0,0.0
2021-12-15,0.4849726665377987,0.5453843832609951,0.25,0.7803570497987938,1.030357049798794,-0.06041171672319651,0.1875399335166183,0.0,0.0,0.0
2021-12-16,0.4733725915330648,0.5375100577483495,0.2,0.8108826492814143,1.0108826492814142,-0.06413746621528466,0.18216645589030328,0.0,0.0,0.0
2021-12-17,0.5416700992428919,0.6173649359547329,0.25,0.9090350351976247,1.1590350351976246,-0.07569483671184096,0.3435823250529955,0.0,0.0,0.0
2021-12-20,0.4409667986483017,0.5258207004527773,0.2,0.7667874991010789,0.966787499101079,-0.08485390180447555,0.4105906993519057,0.0,0.0,0.0
2021-12-21,0.44112218531626424,0.5251947043394969,0.2,0.7663168896557611,0.966316889655761,-0.08407251902323265,0.01155504079214513,0.0,0.0,0.0
2021-12-22,0.3341422950606242,0.4047411609295607,0.15000000000000002,0.5888834559901848,0.7388834559901848,-0.07059886586893649,0.22743343366557628,0.0,0.0,0.0
2021-12-23,0.31168905170429817,0.38033470535921216,0.2,0.4920237570635103,0.6920237570635104,-0.06864565365491404,0.40303265511452324,0.0,0.0,0.0
2021-12-27,0.2431307214394532,0.299517983807042,0.15000000000000002,0.3926487052464952,0.5426487052464952,-0.056387262367588814,0.219378568232769,0.0,0.0,0.0
2021-12-28,0.24286428647788338,0.2994926624246378,0.15000000000000002,0.39235694890252115,0.5423569489025212,-0.05662837594675438,0.001149808163772345,0.0,0.0,0.0
2021-12-29,0.2365441190203868,0.2952685529011532,0.15000000000000002,0.38181267192154,0.53181267192154,-0.058724433880766425,0.04232366954385469,0.0,0.0,0.0
2021-12-30,0.14010005506317913,0.16306244265983227,0.1,0.2031624977230114,0.3031624977230114,-0.022962387596653158,0.29387166970773304,0.0,0.0,0.0
2021-12-31,0.1418272299896766,0.16432935819660266,0.1,0.20615658818627924,0.3061565881862792,-0.02250212820692607,0.0029940904632678594,0.0,0.0,0.0
2022-01-03,0.14136302683635138,0.1640093502793513,0.1,0.2053723771157027,0.3053723771157027,-0.022646323442999897,0.0013543788075830038,0.0,0.0,0.0
2022-01-04,0.2443362300300735,0.2526378637511163,0.15000000000000002,0.34697409378118976,0.4969740937811898,-0.00830163372104284,0.19160171666548712,0.0,0.0,0.0
2022-01-05,0.24216517611803884,0.25075117303842087,0.15000000000000002,0.3429163491564597,0.4929163491564597,-0.008585996920382047,0.012828621877613695,0.0,0.0,0.0
2022-01-06,0.2234423434938151,0.2428951251734916,0.15000000000000002,0.31633746866730666,0.4663374686673067,-0.01945278167967654,0.026578880489153037,0.0,0.0,0.0
2022-01-07,0.22315158428593812,0.24374001024899133,0.15000000000000002,0.3168915945349295,0.4668915945349295,-0.020588425963053214,0.0015868390149999523,0.0,0.0,0.0
2022-01-10,0.23346126386948418,0.2526149089907592,0.15000000000000002,0.3360761728602434,0.4860761728602434,-0.019153645121275056,0.02693860245247094,0.0,0.0,0.0
2022-01-11,0.11897519565673426,0.14797426669366914,0.05,0.2169494623504034,0.2669494623504034,-0.0289990710369349,0.45100443035157195,0.0,0.0,0.0
2022-01-12,0.11702434195068978,0.1479144332974119,0.05,0.21493877524810168,0.26493877524810167,-0.03089009134672213,0.007550823775261943,0.0,0.0,0.0
2022-01-13,0.11465317661847547,0.14549634200956396,0.05,0.21014951862803943,0.2601495186280394,-0.030843165391088487,0.007832345680395134,0.0,0.0,0.0
2022-01-14,0.1294503374107705,0.16366731728505127,0.1,0.19311765469582176,0.29311765469582174,-0.034216979874280753,0.11043616565451059,0.0,0.0,0.0
2022-01-18,0.056866814740602595,0.06256294165256146,0.05,0.06942975639316405,0.11942975639316405,-0.005696126911958869,0.2603507961809176,0.0,0.0,0.0
2022-01-19,0.05918233997724044,0.06436108334933041,0.05,0.07354342332657085,0.12354342332657085,-0.005178743372089968,0.004113666933406795,0.0,0.0,0.0
2022-01-20,0.0658891966622155,0.07035289529340527,0.05,0.08624209195562077,0.13624209195562076,-0.004463698631189766,0.012698668629049916,0.0,0.0,0.0
2022-01-21,0.0981849129675241,0.1109765489471955,0.1,0.10916146191471959,0.2091614619147196,-0.012791635979671395,0.17079040122727238,0.0,0.0,0.0
2022-01-24,0.09432195996128587,0.11084007370702745,0.1,0.10516203366831331,0.20516203366831332,-0.016518113745741574,0.02668699241283002,0.0,0.0,0.0
2022-01-25,0.08326541481142169,0.1028006514715471,0.1,0.08606606628296877,0.1860660662829688,-0.01953523666012541,0.035901824909250014,0.0,0.0,0.0
2022-01-26,0.08255614261581701,0.1012795235918935,0.1,0.0838356662077105,0.18383566620771052,-0.01872338097607648,0.0037253399497236273,0.0,0.0,0.0
2022-01-27,0.08492769726278039,0.09185884832010052,0.05,0.1267865455828809,0.17678654558288093,-0.006931151057320128,0.12112370307585504,0.0,0.0,0.0
2022-01-28,0.1626888625329843,0.14345049741688903,0.1,0.20613935994987334,0.30613935994987335,0.019238365116095307,0.16615884514650373,0.0,0.0,0.0
2022-01-31,0.2544144433062294,0.23373176761413994,0.15000000000000002,0.33814621092036934,0.48814621092036936,0.02068267569208951,0.2970375890549364,0.0,0.0,0.0
2022-02-01,0.2548630783308956,0.23441845467803168,0.15000000000000002,0.33928153300892727,0.4892815330089273,0.020444623652863897,0.00495247837197349,0.0,0.0,0.0
2022-02-02,0.25709536379307607,0.24169639447916774,0.15000000000000002,0.3487917582722438,0.4987917582722438,0.0153989693139083,0.043895844416510794,0.0,0.0,0.0
2022-02-03,0.23316476252214058,0.2287765621924755,0.15000000000000002,0.311941324714616,0.461941324714616,0.0043882003296651095,0.25032581404534204,0.0,0.0,0.0
2022-02-04,0.23562229067207136,0.22054807931107298,0.1,0.35617036998314433,0.4561703699831443,0.015074211360998374,0.09656845264295832,0.0,0.0,0.0
2022-02-07,0.23515195224287921,0.21995822346684085,0.1,0.3551101757097201,0.4551101757097201,0.015193728776038362,0.0010601942734242281,0.0,0.0,0.0
2022-02-08,0.23437339181646571,0.2191284500061889,0.1,0.3535018418226546,0.4535018418226546,0.015244941810276802,0.00639559290576594,0.0,0.0,0.0
2022-02-09,0.23416770725488617,0.2189288248035186,0.1,0.3530965320584048,0.45309653205840483,0.015238882451367564,0.0017255560810314208,0.0,0.0,0.0
2022-02-10,0.09694192653294967,0.07567490961378276,0.05,0.12261683614673241,0.1726168361467324,0.02126701691916691,0.3034399471425758,0.0,0.0,0.0
2022-02-11,0.0980394503594668,0.07824501008140516,0.05,0.12628446044087197,0.17628446044087198,0.019794440278061654,0.007127201321339734,0.0,0.0,0.0
2022-02-14,0.13971675544004591,0.13484784551671525,0.15000000000000002,0.12456460095676115,0.27456460095676116,0.004868909923330701,0.21492553035473094,0.0,0.0,0.0
2022-02-15,0.2254579573596043,0.2200828946315796,0.2,0.2455408519911839,0.4455408519911839,0.005375062728024696,0.17385424854459258,0.0,0.0,0.0
2022-02-16,0.32541660623676116,0.28676065505599113,0.25,0.3621772612927523,0.6121772612927523,0.03865595118077006,0.23540571760216494,0.0,0.0,0.0
2022-02-17,0.3206609219213683,0.2794955020329588,0.25,0.3501564239543271,0.6001564239543271,0.04116541988840941,0.016679517710820935,0.0,0.0,0.0
2022-02-18,0.31759149337210385,0.2648971336212629,0.25,0.33248862699336673,0.5824886269933667,0.05269435975084094,0.01766779696096038,0.0,0.0,0.0
2022-02-22,0.2301158771152786,0.18535308222943664,0.2,0.21546895934471522,0.4154689593447152,0.044762794885841936,0.2670196676486515,0.0,0.0,0.0
2022-02-23,0.32196745382668546,0.2638814703840002,0.25,0.3358489242106857,0.5858489242106857,0.058085983442685146,0.222064151878696,0.0,0.0,0.0
2022-02-24,0.3107790183947514,0.24871581384708724,0.25,0.3094948322418386,0.5594948322418386,0.06206320454766413,0.02635409196884706,0.0,0.0,0.0
2022-02-25,0.31462785169342733,0.25338696229073276,0.25,0.3180148139841601,0.5680148139841601,0.06124088940269454,0.008519981742321478,0.0,0.0,0.0
2022-02-28,0.3552224911565436,0.30965033005347126,0.3,0.36487282121001474,0.6648728212100148,0.045572161103072356,0.40242693430039556,0.0,0.0,0.0
2022-03-01,0.3553146061753933,0.3117098147511312,0.3,0.36702442092652443,0.6670244209265244,0.043604791424262074,0.005367862564757801,0.0,0.0,0.0
2022-03-02,0.24331247046710358,0.2367643743280406,0.25,0.23007684479514418,0.4800768447951442,0.006548096139062959,0.18730935383344569,0.0,0.0,0.0
2022-03-03,0.22083340363145115,0.22114253230163597,0.2,0.24197593593308714,0.44197593593308715,-0.00030912867018483003,0.11450803911356068,0.0,0.0,0.0
2022-03-04,0.21547079029562538,0.21254093512210986,0.2,0.22801172541773523,0.42801172541773524,0.0029298551735155026,0.015582759565958504,0.0,0.0,0.0
2022-03-07,0.23452680351339789,0.23859705914978557,0.25,0.22312386266318343,0.4731238626631834,-0.00407025563638766,0.09299988919009683,0.0,0.0,0.0
2022-03-08,0.23892291642717461,0.24523055962982673,0.25,0.23415347605700132,0.4841534760570013,-0.006307643202652119,0.011029613393817882,0.0,0.0,0.0
2022-03-09,0.22239512638490458,0.2164828465134075,0.3,0.13887797289831205,0.43887797289831204,0.005912279871497086,0.327380042422608,0.0,0.0,0.0
2022-03-10,0.2153156117823017,0.20802929597546763,0.3,0.12334490775776932,0.42334490775776934,0.007286315806834073,0.10318059107701683,0.0,0.0,0.0
2022-03-11,0.2110660692326195,0.2,0.3,0.11106606923261952,0.4110660692326195,0.011066069232619519,0.06437327068417356,0.0,0.0,0.0
2022-03-14,0.20939313693833828,0.2,0.3,0.10939313693833827,0.40939313693833823,0.009393136938338265,0.010203647549661443,0.0,0.0,0.0
2022-03-15,0.20495955252004677,0.2,0.25,0.15495955252004678,0.4049595525200468,0.004959552520046762,0.18191281715650087,0.0,0.0,0.0
2022-03-16,0.16776055358954556,0.17214985998913573,0.15000000000000002,0.18991041357868127,0.3399104135786813,-0.004389306399590155,0.18304822103870033,0.0,0.0,0.0
2022-03-17,0.14608583290982888,0.16562752127392655,0.15000000000000002,0.16171335418375538,0.3117133541837554,-0.019541688364097642,0.0569781190070376,0.0,0.0,0.0
2022-03-18,0.13209345727718064,0.1549163694838375,0.15000000000000002,0.1370098267610181,0.28700982676101816,-0.02282291220665688,0.02470352742273728,0.0,0.0,0.0
2022-03-21,0.10595954656890334,0.12375970692243865,0.1,0.129719253491342,0.229719253491342,-0.017800160353535308,0.14372246867379979,0.0,0.0,0.0
2022-03-22,0.10543556858949885,0.12287942975008159,0.1,0.12831499833958043,0.22831499833958044,-0.017443861160582753,0.0014042551517615652,0.0,0.0,0.0
2022-03-23,0.08031006109853199,0.12290904831739616,0.15000000000000002,0.05321910941592814,0.20321910941592816,-0.04259898721886417,0.2067185537192282,0.0,0.0,0.0
2022-03-24,0.09220371955656745,0.13079642431558394,0.15000000000000002,0.07300014387215137,0.2230001438721514,-0.03859270475901651,0.01978103445622323,0.0,0.0,0.0
2022-03-25,0.11003387025292524,0.1365620345090529,0.1,0.14659590476197815,0.24659590476197815,-0.02652816425612768,0.1568956031916318,0.0,0.0,0.0
2022-03-28,0.10930146953893113,0.13621835800755352,0.1,0.14551982754648465,0.24551982754648466,-0.02691688846862239,0.003791495896862465,0.0,0.0,0.0
2022-03-29,0.09364957453085791,0.11651451124785658,0.05,0.1601640857787145,0.21016408577871448,-0.02286493671699867,0.09594804824837629,0.0,0.0,0.0
2022-03-30,0.09355054373072344,0.11601897818778696,0.05,0.1595695219185104,0.20956952191851042,-0.02246843445706352,0.004748162006300405,0.0,0.0,0.0
2022-03-31,0.09293961559166415,0.11520045002398843,0.05,0.15814006561565258,0.20814006561565257,-0.02226083443232428,0.003626445233732456,0.0,0.0,0.0
2022-04-01,0.055750988472978116,0.09181501375294146,0.05,0.09756600222591957,0.1475660022259196,-0.03606402527996335,0.06357605642727196,0.0,0.0,0.0
2022-04-04,0.056503332928254095,0.09220667978289264,0.05,0.09871001271114672,0.14871001271114673,-0.035703346854638544,0.0011440104852271458,0.0,0.0,0.0
2022-04-05,0.053645779905837174,0.08988987278785911,0.05,0.09353565269369628,0.14353565269369628,-0.036244092882021926,0.010061465571938474,0.0,0.0,0.0
2022-04-06,0.050520345096604836,0.08729550724673209,0.05,0.08781585234333691,0.13781585234333693,-0.03677516215012725,0.006364981990630376,0.0,0.0,0.0
2022-04-07,0.15792904829627474,0.18867675028941328,0.1,0.246605798585688,0.346605798585688,-0.030747701993138532,0.2094592876285415,0.0,0.0,0.0
2022-04-08,0.15808947067620846,0.18803913896804647,0.1,0.24612860964425493,0.34612860964425496,-0.02994966829183801,0.008219176856943691,0.0,0.0,0.0
2022-04-11,0.20390838633198496,0.23835607613880877,0.15000000000000002,0.29226446247079374,0.44226446247079376,-0.03444768980682382,0.10449802151498583,0.0,0.0,0.0
2022-04-12,0.12947932603761195,0.16640034399727852,0.15000000000000002,0.14587967003489047,0.29587967003489046,-0.03692101795966656,0.37406297926715143,0.0,0.0,0.0
2022-04-13,0.18204075730031666,0.21847788597807077,0.15000000000000002,0.2505186432783874,0.40051864327838743,-0.036437128677754116,0.2598986795666188,0.0,0.0,0.0
2022-04-14,0.15000000000000002,0.2178484285831602,0.15000000000000002,0.2178484285831602,0.36784842858316025,-0.06784842858316018,0.41058028128420954,0.0,0.0,0.0
2022-04-18,0.15000000000000002,0.2167885684149562,0.15000000000000002,0.2167885684149562,0.3667885684149562,-0.06678856841495617,0.006538615171744054,0.0,0.0,0.0
2022-04-19,0.15000000000000002,0.21257423174540882,0.15000000000000002,0.21257423174540882,0.3625742317454088,-0.0625742317454088,0.015790447329764375,0.0,0.0,0.0
2022-04-20,0.15000000000000002,0.21300789125300734,0.15000000000000002,0.21300789125300734,0.36300789125300736,-0.06300789125300732,0.006705826113029695,0.0,0.0,0.0
2022-04-21,0.15000000000000002,0.22501644284188121,0.2,0.17501644284188123,0.37501644284188124,-0.0750164428418812,0.09511312783619846,0.0,0.0,0.0
2022-04-22,0.22018017214226204,0.29717874190909865,0.25,0.2673589140513607,0.5173589140513607,-0.07699856976683657,0.2105358411143249,0.0,0.0,0.0
2022-04-25,0.21992998151812979,0.28231150817486916,0.3,0.20224148969299896,0.502241489692999,-0.06238152665673939,0.1151174243583617,0.0,0.0,0.0
2022-04-26,0.23622630540642103,0.30240661933052404,0.25,0.2886329247369451,0.538632924736945,-0.06618031392410301,0.21066270409889262,0.0,0.0,0.0
2022-04-27,0.24515827616500394,0.30960554545203733,0.25,0.30476382161704124,0.5547638216170412,-0.06444726928703341,0.0632596174355064,0.0,0.0,0.0
2022-04-28,0.2,0.2558399584251927,0.3,0.1558399584251927,0.45583995842519265,-0.05583995842519267,0.48135996275317594,0.0,0.0,0.0
2022-04-29,0.25872176140445546,0.27390568340811006,0.3,0.23262744481256542,0.5326274448125654,-0.015183922003654593,0.40603130367643075,0.0,0.0,0.0
2022-05-02,0.24966098665709774,0.2381696429867109,0.2,0.2878306296438086,0.48783062964380863,0.011491343670386844,0.15520318483124318,0.0,0.0,0.0
2022-05-03,0.24707385607102728,0.23414365360376982,0.2,0.2812175096747971,0.4812175096747971,0.012930202467257457,0.015164713220322375,0.0,0.0,0.0
2022-05-04,0.2550429483537081,0.24683801549752854,0.15000000000000002,0.3518809638512367,0.5018809638512367,0.00820493285617957,0.12066345417643959,0.0,0.0,0.0
2022-05-05,0.255595698069981,0.24889960525872695,0.15000000000000002,0.35449530332870793,0.504495303328708,0.006696092811254037,0.003500776098348521,0.0,0.0,0.0
2022-05-06,0.25392102669368055,0.2508861500514763,0.15000000000000002,0.3548071767451568,0.5048071767451568,0.0030348766422042678,0.011981656978964805,0.0,0.0,0.0
2022-05-09,0.2544899527875391,0.2511339923534933,0.15000000000000002,0.35562394514103235,0.5056239451410324,0.003355960434045832,0.0008167683958756056,0.0,0.0,0.0
2022-05-10,0.18742706658346392,0.1899954703638836,0.1,0.2774225369473475,0.3774225369473475,-0.002568403780419684,0.12820140819368492,0.0,0.0,0.0
2022-05-11,0.2473174349051367,0.2579690040359005,0.15000000000000002,0.3552864389410371,0.5052864389410372,-0.01065156913076383,0.12786390199368963,0.0,0.0,0.0
2022-05-12,0.24174961474607767,0.2516414701857307,0.15000000000000002,0.34339108493180837,0.4933910849318084,-0.009891855439653013,0.011895354009228795,0.0,0.0,0.0
2022-05-13,0.18277399372726136,0.19584509070331013,0.2,0.17861908443057148,0.37861908443057146,-0.013071096976048809,0.3147720005012369,0.0,0.0,0.0
2022-05-16,0.16699222743699313,0.17493598791786638,0.25,0.09192821535485948,0.3419282153548595,-0.007943760480873238,0.15961991244439,0.0,0.0,0.0
2022-05-17,0.2251267005884065,0.22467965255968403,0.3,0.1498063531480905,0.4498063531480905,0.00044704802872248817,0.12346093967748811,0.0,0.0,0.0
2022-05-18,0.2812797001202278,0.24327580745646463,0.35,0.1745555075766924,0.5245555075766923,0.03800389266376315,0.1375568446350407,0.0,0.0,0.0
2022-05-19,0.24600210207117496,0.1972746510305491,0.3,0.143276753101724,0.443276753101724,0.04872745104062588,0.08927644162313728,0.0,0.0,0.0
2022-05-20,0.26937485296352326,0.25392975037884347,0.2,0.3233046033423667,0.5233046033423667,0.015445102584679793,0.4274688319345072,0.0,0.0,0.0
2022-05-23,0.3004409005553181,0.2544033535713397,0.25,0.3048442541266577,0.5548442541266577,0.046037546983978384,0.14954176632819838,0.0,0.0,0.0
2022-05-24,0.33437905287761166,0.2869597718796341,0.3,0.32133882475724573,0.6213388247572458,0.047419280997977556,0.10367026313899405,0.0,0.0,0.0
2022-05-25,0.27125202779707114,0.2283959853200594,0.25,0.24964801311713053,0.49964801311713053,0.04285604247701176,0.1504674659376866,0.0,0.0,0.0
2022-05-26,0.29383196380595833,0.2570406516262986,0.25,0.30087261543225685,0.5508726154322569,0.03679131217965975,0.05426130339567266,0.0,0.0,0.0
2022-05-27,0.24603650713963193,0.23511174677427452,0.2,0.28114825391390647,0.4811482539139065,0.010924760365357417,0.15666973010993834,0.0,0.0,0.0
2022-05-31,0.22706613846166368,0.2231511679000385,0.15000000000000002,0.3002173063617022,0.4502173063617022,0.003914970561625181,0.12588712060146662,0.0,0.0,0.0
2022-06-01,0.18570284202463677,0.178440848431866,0.1,0.26414369045650277,0.36414369045650274,0.007261993592770771,0.2104231122841342,0.0,0.0,0.0
2022-06-02,0.21494674678534598,0.21902890681706427,0.15000000000000002,0.2839756536024102,0.43397565360241025,-0.004082160031718254,0.20099020629408743,0.0,0.0,0.0
2022-06-03,0.30269343565326146,0.300936678751405,0.2,0.40363011440466645,0.6036301144046665,0.001756756901856421,0.18111020118971294,0.0,0.0,0.0
2022-06-06,0.3016126311237339,0.29963336702419163,0.2,0.4012459981479255,0.6012459981479255,0.001979264099542244,0.0023841162567409674,0.0,0.0,0.0
2022-06-07,0.30008255841395953,0.2981636191829823,0.2,0.3982461775969418,0.5982461775969419,0.001918939230977218,0.0029998205509836756,0.0,0.0,0.0
2022-06-08,0.31850746461427326,0.31362673754551007,0.25,0.38213420215978333,0.6321342021597833,0.004880727068763163,0.09946305084572386,0.0,0.0,0.0
2022-06-09,0.2984740138003452,0.2865451478691662,0.2,0.3850191616695114,0.5850191616695114,0.011928865931179047,0.19271409442695397,0.0,0.0,0.0
2022-06-10,0.2152469279400988,0.2093632853804801,0.15000000000000002,0.2746102133205789,0.4246102133205789,0.005883642559618721,0.1839948629972391,0.0,0.0,0.0
2022-06-13,0.1,0.09612043597188125,0.1,0.09612043597188125,0.19612043597188125,0.0038795640281187723,0.23069374695333872,0.0,0.0,0.0
2022-06-14,0.1,0.09591973428780491,0.1,0.09591973428780491,0.1959197342878049,0.004080265712195093,0.0019179442673002284,0.0,0.0,0.0
2022-06-15,0.05,0.050071743742481634,0.05,0.050071743742481634,0.10007174374248164,-7.174374248162564e-05,0.11151360398815822,0.0,0.0,0.0
2022-06-16,0.05,0.049976721462234586,0.05,0.049976721462234586,0.09997672146223459,2.327853776541884e-05,0.0006883412790093402,0.0,0.0,0.0
2022-06-17,0.10451949554908527,0.11249754135319567,0.15000000000000002,0.06701703690228093,0.21701703690228097,-0.007978045804110413,0.1789429245341092,0.0,0.0,0.0
2022-06-21,0.1,0.09729218629828455,0.1,0.09729218629828455,0.19729218629828454,0.0027078137017154565,0.14876088453220854,0.0,0.0,0.0
2022-06-22,0.13428236435870644,0.13571326816318138,0.15000000000000002,0.1199956325218878,0.26999563252188785,-0.001430903804474963,0.2109998968042167,0.0,0.0,0.0
2022-06-23,0.12961193918058198,0.1301172060722776,0.15000000000000002,0.10972914525285955,0.25972914525285956,-0.0005052668916956243,0.010266487269028256,0.0,0.0,0.0
2022-06-24,0.11917719624311558,0.12572453884017845,0.1,0.14490173508329401,0.24490173508329402,-0.006547342597062869,0.12014295067646506,0.0,0.0,0.0
2022-06-27,0.12097557067946427,0.1273450891040252,0.1,0.14832065978348946,0.24832065978348947,-0.006369518424560933,0.003418924700195433,0.0,0.0,0.0
2022-06-28,0.12458302402346734,0.1314922472704851,0.1,0.15607527129395246,0.25607527129395247,-0.00690922324701778,0.007754611510462993,0.0,0.0,0.0
2022-06-29,0.1263017180768507,0.13170430778385459,0.1,0.15800602586070528,0.2580060258607053,-0.005402589707003885,0.008873823757956208,0.0,0.0,0.0
2022-06-30,0.13492586874396834,0.1430468797168285,0.1,0.17797274846079683,0.27797274846079684,-0.008121010972860152,0.019966722600091566,0.0,0.0,0.0
2022-07-01,0.20002195628933278,0.21860128609961657,0.15000000000000002,0.2686232423889493,0.4186232423889493,-0.018579329810283818,0.1611564416030353,0.0,0.0,0.0
2022-07-05,0.26323549559427895,0.2930742351056099,0.15000000000000002,0.40630973069988885,0.5563097306998889,-0.029838739511331036,0.35177563096922204,0.0,0.0,0.0
2022-07-06,0.25085440366659506,0.2831491914008595,0.15000000000000002,0.3840035950674545,0.5340035950674545,-0.03229478773426442,0.023888051945066435,0.0,0.0,0.0
2022-07-07,0.25040630496642424,0.28274815021091837,0.15000000000000002,0.3831544551773426,0.5331544551773426,-0.0323418452444941,0.0018394204325352381,0.0,0.0,0.0
2022-07-08,0.2496475416683608,0.28396840779434274,0.15000000000000002,0.38361594946270355,0.5336159494627035,-0.03432086612598195,0.008208257563722926,0.0,0.0,0.0
2022-07-11,0.30316444230891004,0.3362312482596447,0.2,0.43939569056855476,0.6393956905685547,-0.03306680595073466,0.11591735630960522,0.0,0.0,0.0
2022-07-12,0.3035075110864236,0.3365272289821493,0.2,0.4400347400685729,0.6400347400685729,-0.03301971789572569,0.0009888541027989889,0.0,0.0,0.0
2022-07-13,0.22930300434896525,0.2556345424242627,0.15000000000000002,0.33493754677322796,0.484937546773228,-0.02633153807529745,0.1842962105210852,0.0,0.0,0.0
2022-07-14,0.23002308733688087,0.25636508632523103,0.15000000000000002,0.3363881736621119,0.4863881736621119,-0.0263419989883501,0.003261322560173807,0.0,0.0,0.0
2022-07-15,0.2544452740213866,0.28227553227077484,0.2,0.3367208062921614,0.5367208062921613,-0.027830258249388173,0.15761611502743936,0.0,0.0,0.0
2022-07-18,0.30493470093535957,0.3627574583940123,0.25,0.4176921593293718,0.6676921593293719,-0.0578227574586527,0.13629986624370363,0.0,0.0,0.0
2022-07-19,0.23261585212153837,0.26972900577850745,0.25,0.2523448579000458,0.5023448579000458,-0.037113153656969045,0.28211071430999085,0.0,0.0,0.0
2022-07-20,0.2290819415539875,0.26564509669240577,0.25,0.24472703824639325,0.49472703824639325,-0.03656315513841825,0.007617819653652536,0.0,0.0,0.0
2022-07-21,0.22468317069104843,0.2652353423725028,0.25,0.23991851306355116,0.48991851306355116,-0.04055217168145432,0.01655605060843727,0.0,0.0,0.0
2022-07-22,0.22537380893745412,0.26549062319159383,0.25,0.24086443212904793,0.49086443212904796,-0.040116814254139696,0.00343835280594032,0.0,0.0,0.0
2022-07-25,0.17043515661388703,0.20963533098214537,0.2,0.1800704875960324,0.3800704875960324,-0.03920017436825833,0.12607709102596448,0.0,0.0,0.0
2022-07-26,0.1733161064978108,0.2109310533585067,0.2,0.1842471598563175,0.3842471598563175,-0.03761494686069593,0.012815839971075708,0.0,0.0,0.0
2022-07-27,0.15909446420518078,0.19821850081446837,0.2,0.15731296501964914,0.35731296501964915,-0.03912403660928761,0.043446140110467366,0.0,0.0,0.0
2022-07-28,0.1607126326843645,0.20662127703352717,0.2,0.16733390971789167,0.3673339097178917,-0.04590864434916265,0.032043076655898256,0.0,0.0,0.0
2022-07-29,0.13154997070592211,0.17699752984651712,0.15000000000000002,0.15854750055243924,0.3085475005524393,-0.04544755914059502,0.1090054569072031,0.0,0.0,0.0
2022-08-01,0.19234120379296665,0.2295687134113769,0.2,0.22190991720434353,0.42190991720434357,-0.037227509618410315,0.143733527153953,0.0,0.0,0.0
2022-08-02,0.17225461209220078,0.1731577064326547,0.15000000000000002,0.19541231852485547,0.3454123185248555,-0.0009030943404539638,0.13632441527795636,0.0,0.0,0.0
2022-08-03,0.1441647090518894,0.13532013889840994,0.1,0.17948484795029934,0.2794848479502994,0.008844570153479475,0.19514301418653418,0.0,0.0,0.0
2022-08-04,0.1414134723454127,0.13267739180291727,0.1,0.17409086414832997,0.27409086414832995,0.00873608054249543,0.008216095778697294,0.0,0.0,0.0
2022-08-05,0.14389089222297002,0.1345976079558759,0.1,0.17848850017884593,0.27848850017884597,0.009293284267094137,0.0043976360305159334,0.0,0.0,0.0
2022-08-08,0.07294752793313294,0.06440831157509837,0.05,0.08735583950823131,0.13735583950823133,0.008539216358034576,0.1411326606706146,0.0,0.0,0.0
2022-08-09,0.20530383586690526,0.21080921692525867,0.1,0.31611305279216395,0.41611305279216393,-0.005505381058353409,0.27875721328393266,0.0,0.0,0.0
2022-08-10,0.21030725023460092,0.2150455307266683,0.1,0.3253527809612692,0.42535278096126916,-0.0047382804920673705,0.024534800567516682,0.0,0.0,0.0
2022-08-11,0.208227829843214,0.21346259820888971,0.1,0.3216904280521037,0.42169042805210366,-0.005234768365675713,0.008435218406409532,0.0,0.0,0.0
2022-08-12,0.29787701630635566,0.3050861283197243,0.15000000000000002,0.45296314462608,0.60296314462608,-0.007209112013368685,0.18127271657397626,0.0,0.0,0.0
2022-08-15,0.2744742939325907,0.29769594145439526,0.2,0.372170235386986,0.572170235386986,-0.023221647521804584,0.17239427220434317,0.0,0.0,0.0
2022-08-16,0.2765833208363671,0.2985229001015849,0.2,0.375106220937952,0.575106220937952,-0.02193957926521775,0.00519052692240525,0.0,0.0,0.0
2022-08-17,0.2794016664385157,0.30185011489178143,0.2,0.38125178133029713,0.5812517813302971,-0.022448448453265685,0.038491845982732115,0.0,0.0,0.0
2022-08-18,0.29978942668333586,0.3090059173542457,0.15000000000000002,0.45879534403758154,0.6087953440375815,-0.00921649067090985,0.15190663184619155,0.0,0.0,0.0
2022-08-19,0.17374071096927293,0.16876406588274098,0.1,0.2425047768520139,0.3425047768520139,0.004976645086531957,0.26629056718556765,0.0,0.0,0.0
2022-08-22,0.1732048696543889,0.16848834613626756,0.1,0.24169321579065645,0.3416932157906565,0.004716523518121324,0.0023592638035131105,0.0,0.0,0.0
2022-08-23,0.17315603822507986,0.1693950935912766,0.1,0.24255113181635646,0.34255113181635644,0.0037609446338032412,0.010483542313575657,0.0,0.0,0.0
2022-08-24,0.17203362805263459,0.16917099327805496,0.1,0.2412046213306895,0.3412046213306895,0.0028626347745796393,0.005052374609361636,0.0,0.0,0.0
2022-08-25,0.16841167384745204,0.1684363538257678,0.1,0.23684802767321983,0.33684802767321986,-2.467997831576141e-05,0.0075145082215120895,0.0,0.0,0.0
2022-08-26,0.08985380385366565,0.08289636088581956,0.1,0.0727501647394852,0.1727501647394852,0.006957442967846082,0.2707180237410176,0.0,0.0,0.0
2022-08-29,0.09018958581466263,0.08248287562633698,0.1,0.07267246144099959,0.1726724614409996,0.007706710188325645,0.01853105086675748,0.0,0.0,0.0
2022-08-30,0.08997605230387318,0.08025207107261392,0.1,0.07022812337648711,0.17022812337648713,0.009723981231259254,0.017618103474695286,0.0,0.0,0.0
2022-08-31,0.08723855886911885,0.07780430118468633,0.1,0.06504286005380518,0.1650428600538052,0.009434257684432528,0.005302496277226969,0.0,0.0,0.0
2022-09-01,0.08683083405246661,0.07757011544400974,0.1,0.06440094949647633,0.16440094949647632,0.009260718608456878,0.0024518568281799782,0.0,0.0,0.0
2022-09-02,0.29376832849744594,0.32213186368250546,0.25,0.3659001921799514,0.6159001921799514,-0.02836353518505952,0.4514992426834751,0.0,0.0,0.0
2022-09-06,0.2937257154903362,0.32243672446158167,0.25,0.3661624399519179,0.6161624399519179,-0.028711008971245372,0.0032956666010170305,0.0,0.0,0.0
2022-09-07,0.28897513003692377,0.3199858656388636,0.25,0.3589609956757874,0.6089609956757873,-0.031010735601939787,0.007201444276130481,0.0,0.0,0.0
2022-09-08,0.24109007802667587,0.2623024208395272,0.2,0.30339249886620306,0.5033924988662031,-0.021212342812851365,0.1826999035785557,0.0,0.0,0.0
2022-09-09,0.2841032385997414,0.30654619556370344,0.25,0.34064943416344484,0.5906494341634448,-0.02244295696396209,0.10123061415111075,0.0,0.0,0.0
2022-09-12,0.3073159181522755,0.3202330293173053,0.3,0.32754894746958074,0.6275489474695808,-0.012917111165029777,0.15383080292348716,0.0,0.0,0.0
2022-09-13,0.25026271431326663,0.26685996378917093,0.25,0.26712267810243756,0.5171226781024376,-0.01659724947590424,0.11042626936714317,0.0,0.0,0.0
2022-09-14,0.26217018826385974,0.28367229856800674,0.2,0.3458424868318664,0.5458424868318664,-0.021502110304147046,0.1287198087294289,0.0,0.0,0.0
2022-09-15,0.23800604317802956,0.24403155597603757,0.1,0.3820375991540671,0.4820375991540671,-0.006025512798008004,0.2310566040524234,0.0,0.0,0.0
2022-09-16,0.2132735734858479,0.20187129693514105,0.1,0.31514487042098893,0.4151448704209889,0.011402276550706872,0.19478093279795927,0.0,0.0,0.0
2022-09-19,0.11598620660551293,0.09547865597563379,0.1,0.11146486258114671,0.21146486258114672,0.020507550629879134,0.32749545444430733,0.0,0.0,0.0
2022-09-20,0.11729062257018993,0.09760142886915923,0.1,0.11489205143934916,0.21489205143934917,0.019689193701030692,0.0034271888582024512,0.0,0.0,0.0
2022-09-21,0.10834908682618796,0.08580867125880975,0.1,0.09415775808499771,0.19415775808499772,0.0225404155673782,0.024177369036714684,0.0,0.0,0.0
2022-09-22,0.1008701218589607,0.09440807969087595,0.05,0.14527820154983664,0.19527820154983666,0.006462042168084756,0.19966400934684617,0.0,0.0,0.0
2022-09-23,0.10202484927399469,0.10593477356678041,0.1,0.1079596228407751,0.2079596228407751,-0.003909924292785728,0.21620724731578791,0.0,0.0,0.0
2022-09-26,0.10064956122838171,0.10556824213953349,0.1,0.1062178033679152,0.2062178033679152,-0.004918680911151774,0.0017418194728598957,0.0,0.0,0.0
2022-09-27,0.10037360922053379,0.10905269273687865,0.15000000000000002,0.059426301957412435,0.20942630195741246,-0.008679083516344853,0.1214845929124922,0.0,0.0,0.0
2022-09-28,0.1664817478533305,0.1827826524505068,0.2,0.14926440030383728,0.3492644003038373,-0.016300904597176293,0.13983809834642488,0.0,0.0,0.0
2022-09-29,0.10359412990942224,0.11645685262422764,0.15000000000000002,0.07005098253364989,0.2200509825336499,-0.012862722714805395,0.1292134177701874,0.0,0.0,0.0
2022-09-30,0.18648746825377346,0.19683339262086033,0.2,0.18332086087463378,0.3833208608746338,-0.010345924367086881,0.32614280584554556,0.0,0.0,0.0
2022-10-03,0.18458469850625053,0.19364928624373304,0.2,0.1782339847499836,0.3782339847499836,-0.00906458773748249,0.00735390198432169,0.0,0.0,0.0
2022-10-04,0.1677780918843001,0.17989229928786155,0.2,0.14767039117216163,0.34767039117216164,-0.01211420740356145,0.030563593577821947,0.0,0.0,0.0
2022-10-05,0.17890394873181747,0.18464421156801517,0.2,0.16354816029983266,0.36354816029983267,-0.005740262836197663,0.01688720125917113,0.0,0.0,0.0
2022-10-06,0.14682305868530685,0.155842758831438,0.2,0.10266581751674485,0.3026658175167449,-0.009019700146131154,0.0608823427830878,0.0,0.0,0.0
2022-10-07,0.14092071924823435,0.15114639642883324,0.2,0.09206711567706755,0.29206711567706756,-0.010225677180598892,0.010598701839677292,0.0,0.0,0.0
2022-10-10,0.13437757778578013,0.15256888877543057,0.2,0.08694646656121066,0.2869464665612107,-0.018191310989650426,0.007965633809051537,0.0,0.0,0.0
2022-10-11,0.15518010078175365,0.17436616393288296,0.2,0.12954626471463657,0.32954626471463655,-0.0191860631511293,0.06017284417230448,0.0,0.0,0.0
2022-10-12,0.18581397007368478,0.18988284515429418,0.2,0.17569681522797892,0.37569681522797893,-0.004068875080609411,0.30212367020888536,0.0,0.0,0.0
2022-10-13,0.22853241080814343,0.23219146474769184,0.25,0.21072387555583524,0.46072387555583527,-0.0036590539395484033,0.12020617159604885,0.0,0.0,0.0
2022-10-14,0.23400700180300849,0.23327592825968865,0.25,0.2172829300626971,0.4672829300626971,0.0007310735433198462,0.04900064988267851,0.0,0.0,0.0
2022-10-17,0.23690095190268062,0.2370515228326367,0.25,0.22395247473531732,0.4739524747353173,-0.00015057092995605925,0.006669544672620181,0.0,0.0,0.0
2022-10-18,0.2578681778968275,0.25034104268244894,0.3,0.2082092205792764,0.5082092205792764,0.007527135214378505,0.18353087969728799,0.0,0.0,0.0
2022-10-19,0.29253532061172716,0.2733950681019478,0.35,0.21593038871367493,0.5659303887136748,0.01914025250977934,0.3178896017714333,0.0,0.0,0.0
2022-10-20,0.27708675091469803,0.2599489431841203,0.3,0.23703569409881836,0.5370356940988184,0.01713780773057766,0.11860601283500623,0.0,0.0,0.0
2022-10-21,0.3573646399308724,0.3481202344273737,0.35,0.35548487435824605,0.705484874358246,0.009244405503498726,0.24771839973839135,0.0,0.0,0.0
2022-10-24,0.3045045552025602,0.30140461098885846,0.3,0.3059091661914186,0.6059091661914187,0.003099944213701744,0.16785821497869152,0.0,0.0,0.0
2022-10-25,0.28118663527605947,0.272527505586203,0.3,0.25371414086226246,0.5537141408622624,0.008659129689856493,0.05219502532915617,0.0,0.0,0.0
2022-10-26,0.3479899863833791,0.34449129303022585,0.39999999999999997,0.2924812794136049,0.6924812794136048,0.0034986933531531983,0.21347743919073686,0.0,0.0,0.0
2022-10-27,0.3295736186171069,0.32693940618851647,0.3,0.3565130248056233,0.6565130248056232,0.0026342124285903823,0.3021741803286866,0.0,0.0,0.0
2022-10-28,0.2581908635267489,0.2582438817505357,0.2,0.31643474527728466,0.5164347452772846,-5.301822378678267e-05,0.2215377893625326,0.0,0.0,0.0
2022-10-31,0.27402652923848314,0.27648176892811005,0.2,0.35050829816659324,0.5505082981665932,-0.002455239689626895,0.170845236940405,0.0,0.0,0.0
2022-11-01,0.27969933758034116,0.2817655168381937,0.2,0.3614648544185349,0.5614648544185349,-0.0020661792578525184,0.021154283581368637,0.0,0.0,0.0
2022-11-02,0.27726176142711284,0.2794915067431837,0.2,0.3567532681702965,0.5567532681702965,-0.0022297453160708136,0.008029774501507915,0.0,0.0,0.0
2022-11-03,0.27568054327576375,0.27770907492331953,0.2,0.35338961819908327,0.5533896181990833,-0.0020285316475558424,0.0033636499712132104,0.0,0.0,0.0
2022-11-04,0.2752423983374966,0.25336431473109716,0.25,0.27860671306859375,0.5286067130685937,0.021878083606399396,0.18193018558174634,0.0,0.0,0.0
2022-11-07,0.2806851484401343,0.2584810817429164,0.25,0.28916623018305065,0.5391662301830507,0.02220406669721793,0.012494216023376789,0.0,0.0,0.0
2022-11-08,0.23697322379311989,0.21064548276926637,0.15000000000000002,0.2976187065623862,0.4476187065623862,0.026327741023853518,0.4234199704920445,0.0,0.0,0.0
2022-11-09,0.2375213686822178,0.2112317563511088,0.15000000000000002,0.29875312503332657,0.4487531250333266,0.026289612331109005,0.0032567732456275783,0.0,0.0,0.0
2022-11-10,0.08871577616247132,0.0643274706555067,0.05,0.10304324681797802,0.15304324681797804,0.024388305506964622,0.33555136472341707,0.0,0.0,0.0
2022-11-11,0.09702858183288036,0.07087028825905552,0.05,0.11789887009193588,0.16789887009193588,0.026158293573824848,0.015726466279091536,0.0,0.0,0.0
2022-11-14,0.18316107464050946,0.15567750906660935,0.1,0.2388385837071188,0.33883858370711883,0.02748356557390011,0.22217091418086743,0.0,0.0,0.0
2022-11-15,0.10790256459279932,0.10563222274108207,0.05,0.16353478733388138,0.21353478733388137,0.0022703418517172475,0.18453306449862011,0.0,0.0,0.0
2022-11-16,0.0,-0.0,0.0,0.0,0.0,0.0,0.21353478733388137,0.0,0.0,0.0
2022-11-17,0.0,-0.0,0.0,0.0,0.0,0.0,0.0,0.0,0.0,0.0
2022-11-18,0.08207031733193754,0.08808196179292171,0.05,0.12015227912485925,0.17015227912485925,-0.006011644460984178,0.17015227912485925,0.0,0.0,0.0
2022-11-21,0.08602185894517428,0.09080641324087389,0.05,0.12682827218604817,0.17682827218604819,-0.004784554295699607,0.0072911589140832525,0.0,0.0,0.0
2022-11-22,0.11829882881211604,0.12360569100012549,0.1,0.1419045198122415,0.2419045198122415,-0.005306862188009458,0.12081021421583311,0.0,0.0,0.0
2022-11-23,0.11687978307839803,0.12254926477580551,0.1,0.13942904785420351,0.23942904785420352,-0.005669481697407476,0.00320705520907745,0.0,0.0,0.0
2022-11-25,0.11672430895658413,0.1229428267349946,0.1,0.1396671356915787,0.23966713569157871,-0.006218517778410461,0.003959362342732475,0.0,0.0,0.0
2022-11-28,0.1139606275802774,0.12051180639299297,0.1,0.13447243397327036,0.23447243397327036,-0.006551178812715566,0.00519470171830835,0.0,0.0,0.0
2022-11-29,0.07917484629933655,0.08574346938590466,0.05,0.1149183156852412,0.1649183156852412,-0.006568623086568116,0.1261053935681081,0.0,0.0,0.0
2022-11-30,0.08002737976710686,0.08667176802486777,0.05,0.11669914779197463,0.16669914779197464,-0.006644388257760911,0.0020375671263065456,0.0,0.0,0.0
2022-12-01,0.07988703129155257,0.08650104140780163,0.05,0.1163880726993542,0.16638807269935418,-0.006614010116249059,0.0006558183405220123,0.0,0.0,0.0
2022-12-02,0.10230460448660242,0.11263745504793357,0.1,0.11494205953453598,0.214942059534536,-0.010332850561331146,0.10519327034358919,0.0,0.0,0.0
2022-12-05,0.10488729669228461,0.11427506257556261,0.1,0.11916235926784721,0.21916235926784722,-0.009387765883278006,0.008183359249483064,0.0,0.0,0.0
2022-12-06,0.08443263577097573,0.09937155385313184,0.1,0.08380418962410757,0.18380418962410758,-0.014938918082156125,0.03535816964373964,0.0,0.0,0.0
2022-12-07,0.08283728512588151,0.09718553551487871,0.1,0.08002282064076022,0.18002282064076022,-0.014348250388997206,0.0037813689833473517,0.0,0.0,0.0
2022-12-08,0.08244114427506335,0.10176374419548616,0.1,0.08420488847054951,0.1842048884705495,-0.019322599920422803,0.02533668025322983,0.0,0.0,0.0
2022-12-09,0.07884846270230672,0.08887274278837771,0.05,0.11772120549068443,0.16772120549068442,-0.010024280086070994,0.10929831983435181,0.0,0.0,0.0
2022-12-12,0.0,-0.0,0.0,0.0,0.0,0.0,0.16772120549068445,0.0,0.0,0.0
2022-12-13,0.12882791072504046,0.12356644412241638,0.05,0.20239435484745685,0.25239435484745687,0.005261466602624096,0.25239435484745687,0.0,0.0,0.0
2022-12-14,0.13070950615253146,0.1248396814972807,0.05,0.20554918764981214,0.25554918764981216,0.005869824655250752,0.0037942940241579293,0.0,0.0,0.0
2022-12-15,0.13483328820878704,0.12744067563102926,0.05,0.2122739638398163,0.2622739638398163,0.007392612577757786,0.008641442023941522,0.0,0.0,0.0
2022-12-16,0.13055697232156116,0.12410968323621417,0.05,0.20466665555777533,0.25466665555777535,0.006447289085346988,0.007607308282040981,0.0,0.0,0.0
2022-12-19,0.1299473598010804,0.12420330723503686,0.05,0.20415066703611726,0.2541506670361173,0.005744052566043538,0.0043745641956652315,0.0,0.0,0.0
2022-12-20,0.1358390700764115,0.1284261485185601,0.05,0.21426521859497158,0.2642652185949716,0.0074129215578514,0.01011455155885433,0.0,0.0,0.0
2022-12-21,0.11647561293361858,0.1247201574691874,0.1,0.14119577040280595,0.24119577040280596,-0.008244544535568818,0.2035217578563473,0.0,0.0,0.0
2022-12-22,0.1181535448619677,0.12773026699988904,0.1,0.14588381186185675,0.24588381186185676,-0.00957672213792135,0.006439354119604675,0.0,0.0,0.0
2022-12-23,0.10498023797934758,0.11763804814333921,0.1,0.1226182861226868,0.2226182861226868,-0.012657810163991624,0.028960626382584058,0.0,0.0,0.0
2022-12-27,0.0,-0.0,0.0,0.0,0.0,0.0,0.2226182861226868,0.0,0.0,0.0
2022-12-28,0.0,-0.0,0.0,0.0,0.0,0.0,0.0,0.0,0.0,0.0
2022-12-29,0.0667801905840816,0.06579325324406887,0.05,0.08257344382815048,0.13257344382815048,0.00098693734001273,0.13257344382815048,0.0,0.0,0.0
2022-12-30,0.06655717555122795,0.06551977266640296,0.05,0.08207694821763092,0.13207694821763094,0.0010374028848249908,0.0004964956105195598,0.0,0.0,0.0
2023-01-03,0.06634688189742172,0.06536991378963788,0.05,0.08171679568705961,0.13171679568705963,0.000976968107783839,0.002338884522121826,0.0,0.0,0.0
2023-01-04,0.083622706029639,0.11615881309763035,0.1,0.09978151912726936,0.19978151912726938,-0.03253610706799134,0.15511348379503873,0.0,0.0,0.0
2023-01-05,0.15547364848894718,0.1896684889755077,0.1,0.2451421374644549,0.3451421374644549,-0.03419484048656052,0.24536061833718556,0.0,0.0,0.0
2023-01-06,0.2037889971685226,0.2402462038550872,0.15000000000000002,0.2940352010236098,0.4440352010236098,-0.03645720668656456,0.10955441072534927,0.0,0.0,0.0
2023-01-09,0.19352920174594918,0.22471369781101053,0.15000000000000002,0.26824289955695974,0.41824289955695976,-0.031184496065061337,0.025792301466650087,0.0,0.0,0.0
2023-01-10,0.25280430090963224,0.2906403477123105,0.2,0.3434446486219427,0.5434446486219426,-0.03783604680267823,0.1652946341101002,0.0,0.0,0.0
2023-01-11,0.2439336661070412,0.2829700989111035,0.2,0.32690376501814467,0.5269037650181447,-0.0390364328040623,0.01654088360379803,0.0,0.0,0.0
2023-01-12,0.23237122724279435,0.26573569903557637,0.2,0.2981069262783707,0.4981069262783707,-0.03336447179278197,0.036640317181681765,0.0,0.0,0.0
2023-01-13,0.22810237547106918,0.2597370402461611,0.2,0.28783941571723026,0.4878394157172303,-0.031634664775091914,0.012898393554867042,0.0,0.0,0.0
2023-01-17,0.25199886347670397,0.2787694561006242,0.2,0.33076831957732816,0.5307683195773282,-0.026770592623920203,0.0429289038600979,0.0,0.0,0.0
2023-01-18,0.11518006229807234,0.10021631926911614,0.15000000000000002,0.06539638156718847,0.2153963815671885,0.014963743028956193,0.4153719380101397,0.0,0.0,0.0
2023-01-19,0.128465062122226,0.10609292278528315,0.1,0.13455798490750914,0.23455798490750915,0.022372139336942855,0.19675578168625363,0.0,0.0,0.0
2023-01-20,0.12740183526650706,0.10392634484580125,0.1,0.13132818011230832,0.23132818011230832,0.023475490420705812,0.00630479244234898,0.0,0.0,0.0
2023-01-23,0.17332111544412776,0.12647999721164205,0.2,0.0998011126557698,0.2998011126557698,0.0468411182324857,0.17580323928921093,0.0,0.0,0.0
2023-01-24,0.18021455991946167,0.13523621703414437,0.2,0.115450776953606,0.315450776953606,0.04497834288531728,0.015649664297836215,0.0,0.0,0.0
2023-01-25,0.18258840874709042,0.15000000000000002,0.25,0.0825884087470904,0.3325884087470904,0.03258840874709041,0.10487912983380591,0.0,0.0,0.0
2023-01-26,0.25070827353689007,0.2220961270182396,0.35,0.12280440055512969,0.4728044005551297,0.02861214651865048,0.15998195379375132,0.0,0.0,0.0
2023-01-27,0.27321379883057556,0.2321499458779276,0.3,0.20536374470850313,0.5053637447085031,0.04106385295264797,0.16900385769647042,0.0,0.0,0.0
2023-01-30,0.312669514213965,0.30981780630196987,0.39999999999999997,0.22248732051593484,0.6224873205159348,0.002851707911995141,0.23821214504065286,0.0,0.0,0.0
2023-01-31,0.26251084098908006,0.28184110742394414,0.35,0.19435194841302417,0.5443519484130241,-0.019330266434864025,0.15048744000429662,0.0,0.0,0.0
2023-02-01,0.3231222570617408,0.3570629382523623,0.39999999999999997,0.28018519531410313,0.6801851953141032,-0.03394068119062152,0.13583324690107892,0.0,0.0,0.0
2023-02-02,0.3943677091235148,0.3882192983743424,0.3,0.4825870074978572,0.7825870074978571,0.006148410749172495,0.44649753720942653,0.0,0.0,0.0
2023-02-03,0.2498091150468121,0.23158445798342975,0.2,0.2813935730302418,0.48139357303024183,0.018224657063382346,0.3011934344676154,0.0,0.0,0.0
2023-02-06,0.2,0.18289143447655853,0.25,0.13289143447655855,0.38289143447655855,0.01710856552344148,0.2055078084253287,0.0,0.0,0.0
2023-02-07,0.2872373891246095,0.2563551867383378,0.3,0.2435925758629473,0.5435925758629473,0.03088220238627168,0.16770681125803416,0.0,0.0,0.0
2023-02-08,0.2872047187166501,0.26279669321694543,0.3,0.2500014119335955,0.5500014119335954,0.02440802549970464,0.02707827553607073,0.0,0.0,0.0
2023-02-09,0.26397259730611683,0.2508734795108032,0.3,0.21484607681692003,0.5148460768169201,0.013099117795313642,0.05452523767465456,0.0,0.0,0.0
2023-02-10,0.3,0.2984425098133693,0.35,0.24844250981336927,0.5984425098133692,0.0015574901866307299,0.24055340592476393,0.0,0.0,0.0
2023-02-13,0.3,0.3015202038900971,0.35,0.2515202038900971,0.6015202038900971,-0.0015202038900970806,0.011094235259747245,0.0,0.0,0.0
2023-02-14,0.28069690279469073,0.29368827612339005,0.3,0.2743851789180808,0.5743851789180807,-0.012991373328699332,0.18116398645418907,0.0,0.0,0.0
2023-02-15,0.2090253678462801,0.2309244978897754,0.25,0.18994986573605546,0.43994986573605543,-0.021899130043495287,0.13443531318202528,0.0,0.0,0.0
2023-02-16,0.21489535438747714,0.2368375170218046,0.25,0.20173287140928176,0.45173287140928176,-0.021942162634327463,0.01178300567322625,0.0,0.0,0.0
2023-02-17,0.21086901441675457,0.23740851714465921,0.25,0.19827753156141378,0.4482775315614138,-0.026539502727904663,0.01786860341971252,0.0,0.0,0.0
2023-02-21,0.21753260858413373,0.2383282957502204,0.2,0.2558609043343541,0.4558609043343541,-0.020795687166086697,0.14397184207652763,0.0,0.0,0.0
2023-02-22,0.2046360070483832,0.21958594489256272,0.2,0.2242219519409459,0.4242219519409459,-0.014949937844179535,0.031638952393408235,0.0,0.0,0.0
2023-02-23,0.15000000000000002,0.16300617749644322,0.15000000000000002,0.16300617749644322,0.3130061774964432,-0.013006177496443208,0.13098524907834783,0.0,0.0,0.0
2023-02-24,0.12360174093180448,0.14265962504781038,0.1,0.16626136597961488,0.2662613659796149,-0.019057884116005903,0.16260590794986438,0.0,0.0,0.0
2023-02-27,0.12260163109718127,0.14143452861455053,0.1,0.1640361597117318,0.2640361597117318,-0.018832897517369274,0.0022252062678830703,0.0,0.0,0.0
2023-02-28,0.12163481148669143,0.13164440011422618,0.05,0.2032792116009176,0.2532792116009176,-0.010009588627534736,0.11684298732791076,0.0,0.0,0.0
2023-03-01,0.12187373746672092,0.1359000959753991,0.05,0.20777383344212003,0.25777383344212,-0.014026358508678186,0.011632423631169998,0.0,0.0,0.0
2023-03-02,0.0,-0.0,0.0,0.0,0.0,0.0,0.25777383344212,0.0,0.0,0.0
2023-03-03,0.0,-0.0,0.0,0.0,0.0,0.0,0.0,0.0,0.0,0.0
2023-03-06,0.0,-0.0,0.0,0.0,0.0,0.0,0.0,0.0,0.0,0.0
2023-03-07,0.1174316624519857,0.1302775845967503,0.05,0.197709247048736,0.24770924704873598,-0.012845922144764585,0.24770924704873598,0.0,0.0,0.0
2023-03-08,0.0,-0.0,0.0,0.0,0.0,0.0,0.24770924704873598,0.0,0.0,0.0
2023-03-09,0.0,-0.0,0.0,0.0,0.0,0.0,0.0,0.0,0.0,0.0
2023-03-10,0.0,-0.0,0.0,0.0,0.0,0.0,0.0,0.0,0.0,0.0
2023-03-13,0.0,-0.0,0.0,0.0,0.0,0.0,0.0,0.0,0.0,0.0
2023-03-14,0.1742255509465604,0.18208145392467165,0.05,0.3063070048712321,0.35630700487123207,-0.007855902978111246,0.356307004871232,0.0,0.0,0.0
2023-03-15,0.17407817328233993,0.18190037037341894,0.05,0.3059785436557589,0.3559785436557589,-0.007822197091078998,0.0016502506762119812,0.0,0.0,0.0
2023-03-16,0.169488887996763,0.18327649119584502,0.05,0.30276537919260804,0.35276537919260803,-0.013787603199082014,0.03377193094687146,0.0,0.0,0.0
2023-03-17,0.13127754259691288,0.15000000000000002,0.2,0.08127754259691289,0.2812775425969129,-0.018722457403087114,0.4649010113552915,0.0,0.0,0.0
2023-03-20,0.1232787271352028,0.15000000000000002,0.2,0.07327872713520278,0.2732787271352028,-0.026721272864797217,0.04049511936492711,0.0,0.0,0.0
2023-03-21,0.12643952955613702,0.15878258116752925,0.2,0.08522211072366623,0.2852221107236662,-0.032343051611392205,0.032591359196055686,0.0,0.0,0.0
2023-03-22,0.13294301966645833,0.182922483495273,0.15000000000000002,0.16586550316173132,0.31586550316173134,-0.049979463828814685,0.2781443081457578,0.0,0.0,0.0
2023-03-23,0.14103621166743505,0.18553399850802416,0.15000000000000002,0.1765702101754592,0.32657021017545923,-0.04449778684058911,0.010704707013727862,0.0,0.0,0.0
2023-03-24,0.13047243454276902,0.17640887766949598,0.15000000000000002,0.156881312212265,0.306881312212265,-0.04593644312672695,0.019688897963194202,0.0,0.0,0.0
2023-03-27,0.15236004786852314,0.19823627588973652,0.15000000000000002,0.2005963237582597,0.3505963237582597,-0.04587622802121337,0.07100643956435844,0.0,0.0,0.0
2023-03-28,0.15254193596544013,0.20075973647212927,0.15000000000000002,0.2033016724375694,0.3533016724375694,-0.04821780050668914,0.01397489926270918,0.0,0.0,0.0
2023-03-29,0.15306982806278033,0.20262125612000662,0.15000000000000002,0.20569108418278692,0.35569108418278694,-0.04955142805722629,0.004336663704482796,0.0,0.0,0.0
2023-03-30,0.15018096743298498,0.19667707590484362,0.15000000000000002,0.19685804333782858,0.3468580433378286,-0.046496108471858644,0.01610356439535459,0.0,0.0,0.0
2023-03-31,0.14304074173753345,0.18850206022184568,0.15000000000000002,0.1815428019593791,0.33154280195937913,-0.045461318484312216,0.015315241378449473,0.0,0.0,0.0
2023-04-03,0.2864539148209101,0.3166124910220769,0.25,0.35306640584298693,0.6030664058429869,-0.030158576201166805,0.36210255201676456,0.0,0.0,0.0
2023-04-04,0.2843515951385289,0.31456876181198196,0.25,0.3489203569505109,0.5989203569505108,-0.03021716667345304,0.004146048892476106,0.0,0.0,0.0
2023-04-05,0.2746967394759875,0.3125319107647133,0.25,0.3372286502407008,0.5872286502407008,-0.037835171288725794,0.034160824496076374,0.0,0.0,0.0
2023-04-06,0.3104973276173416,0.3459442607402051,0.2,0.4564415883575468,0.6564415883575467,-0.035446933122863525,0.169212938116846,0.0,0.0,0.0
2023-04-10,0.3396673170755644,0.36196260219784065,0.2,0.5016299192734051,0.701629919273405,-0.02229528512227627,0.24082632765105288,0.0,0.0,0.0
2023-04-11,0.13318491911617522,0.1582175979195592,0.15000000000000002,0.14140251703573437,0.2914025170357344,-0.02503267880338396,0.5102274022376707,0.0,0.0,0.0
2023-04-12,0.1375039927366401,0.161127347725192,0.15000000000000002,0.14863134046183207,0.2986313404618321,-0.023623354988551913,0.009556565996230948,0.0,0.0,0.0
2023-04-13,0.16341060244835814,0.19868526152267554,0.1,0.2620958639710337,0.36209586397103366,-0.0352746590743174,0.2427104613249235,0.0,0.0,0.0
2023-04-14,0.16387373752540943,0.19616704864026024,0.1,0.2600407861656696,0.3600407861656696,-0.03229331111485083,0.0037841096365990486,0.0,0.0,0.0
2023-04-17,0.15759119773882754,0.18688886885423023,0.1,0.24448006659305777,0.34448006659305774,-0.029297671115402678,0.02312872135592774,0.0,0.0,0.0
2023-04-18,0.2906092386494722,0.323527284950374,0.15000000000000002,0.46413652359984614,0.6141365235998462,-0.03291804630090176,0.3088714353623153,0.0,0.0,0.0
2023-04-19,0.2904169686622209,0.3229319868785722,0.15000000000000002,0.46334895554079303,0.613348955540793,-0.032515018216351346,0.004072093632382997,0.0,0.0,0.0
2023-04-20,0.19661753382941655,0.18833697993146784,0.15000000000000002,0.23495451376088436,0.3849545137608844,0.008280553897948705,0.34541466876006355,0.0,0.0,0.0
2023-04-21,0.1959168675448819,0.1883085253841638,0.15000000000000002,0.23422539292904568,0.3842253929290457,0.007608342160718113,0.004205226618424745,0.0,0.0,0.0
2023-04-24,0.19807591777055847,0.18999271201621154,0.15000000000000002,0.23806862978677,0.38806862978677004,0.008083205754346932,0.00902063465064349,0.0,0.0,0.0
2023-04-25,0.19822889778565833,0.18909566782238188,0.15000000000000002,0.2373245656080402,0.3873245656080402,0.009133229963276448,0.009458270014036138,0.0,0.0,0.0
2023-04-26,0.19953568038519504,0.19111856163191115,0.15000000000000002,0.24065424201710614,0.3906542420171062,0.008417118753283884,0.009723582822202884,0.0,0.0,0.0
2023-04-27,0.21127931488565949,0.2073212320588467,0.2,0.21860054694450617,0.4186005469445062,0.0039580828268127935,0.13268663084357776,0.0,0.0,0.0
2023-04-28,0.25,0.24147380693019682,0.25,0.24147380693019682,0.4914738069301968,0.00852619306980318,0.19055356057143563,0.0,0.0,0.0
2023-05-01,0.2657789641601239,0.2553986869669967,0.25,0.2711776511271206,0.5211776511271207,0.010380277193127202,0.05013559029226558,0.0,0.0,0.0
2023-05-02,0.25,0.24047341223901558,0.25,0.24047341223901558,0.4904734122390156,0.009526587760984404,0.10671158075192841,0.0,0.0,0.0
2023-05-03,0.20193451381357855,0.1859423651128006,0.2,0.18787687892637914,0.3878768789263791,0.015992148700777947,0.10646556093979354,0.0,0.0,0.0
2023-05-04,0.20919946368630843,0.19760022859511867,0.2,0.20679969228142708,0.4067996922814271,0.011599235091189751,0.027615586778336268,0.0,0.0,0.0
2023-05-05,0.25,0.2614550120647323,0.25,0.2614550120647323,0.5114550120647323,-0.011455012064732345,0.1230542471559221,0.0,0.0,0.0
2023-05-08,0.26600608736085124,0.27174106291940475,0.3,0.23774715028025603,0.537747150280256,-0.0057349755585534325,0.11063738552736449,0.0,0.0,0.0
2023-05-09,0.23863623685704827,0.24881163004027032,0.25,0.23744786689731856,0.48744786689731856,-0.010175393183222026,0.28801550819830896,0.0,0.0,0.0
2023-05-10,0.23833834870766052,0.25525286376628864,0.2,0.29359121247394915,0.49359121247394916,-0.016914515058628093,0.10673912187540606,0.0,0.0,0.0
2023-05-11,0.23895984470221268,0.25640895771312644,0.2,0.2953688024153391,0.4953688024153391,-0.017449113010913737,0.0017775899413899551,0.0,0.0,0.0
2023-05-12,0.18249339553294192,0.20390750786138281,0.15000000000000002,0.2364009033943247,0.38640090339432476,-0.02141411232844089,0.10896789902101436,0.0,0.0,0.0
2023-05-15,0.1,0.13869935125286795,0.1,0.13869935125286795,0.23869935125286795,-0.03869935125286794,0.15544229275519775,0.0,0.0,0.0
2023-05-16,0.10190329384760381,0.14091648189538142,0.1,0.14281977574298524,0.24281977574298524,-0.03901318804777759,0.011861165103858241,0.0,0.0,0.0
2023-05-17,0.1,0.1378828384770593,0.1,0.1378828384770593,0.2378828384770593,-0.03788283847705928,0.018063934094142257,0.0,0.0,0.0
2023-05-18,0.15000000000000002,0.17822303050924282,0.15000000000000002,0.17822303050924282,0.32822303050924284,-0.028223030509242825,0.24357603890872687,0.0,0.0,0.0
2023-05-19,0.15274820316081836,0.18830531013074953,0.2,0.14105351329156787,0.34105351329156786,-0.03555710696993119,0.14745034521666292,0.0,0.0,0.0
2023-05-22,0.14722394932556562,0.15252878645928786,0.15000000000000002,0.14975273578485346,0.2997527357848535,-0.005304837133722224,0.1336046903446036,0.0,0.0,0.0
2023-05-23,0.14567728917098083,0.14960636556888918,0.15000000000000002,0.14528365473987004,0.29528365473987006,-0.003929076397908342,0.004469081044983423,0.0,0.0,0.0
2023-05-24,0.19062081655670077,0.19609838062070648,0.15000000000000002,0.23671919717740725,0.38671919717740727,-0.00547756406400568,0.392557788810187,0.0,0.0,0.0
2023-05-25,0.1931845649458764,0.1994333467929572,0.15000000000000002,0.24261791173883362,0.39261791173883365,-0.006248781847080831,0.005898714561426405,0.0,0.0,0.0
2023-05-26,0.47296474660835297,0.45699105018331176,0.25,0.6799557967916647,0.9299557967916647,0.015973696425041206,0.7921882412996475,0.0,0.0,0.0
2023-05-30,0.4683502192222193,0.44196330763025193,0.3,0.6103135268524712,0.9103135268524711,0.026386911591967377,0.27016723706088885,0.0,0.0,0.0
2023-05-31,0.4677930544707037,0.4378048628049519,0.3,0.6055979172756556,0.9055979172756556,0.029988191665751812,0.005990898587485777,0.0,0.0,0.0
2023-06-01,0.42610566031000313,0.38639366612912074,0.25,0.5624993264391238,0.8124993264391238,0.03971199418088239,0.3329922116819879,0.0,0.0,0.0
2023-06-02,0.4289780069380617,0.38320316864209614,0.25,0.5621811755801578,0.8121811755801578,0.045774838295965514,0.01490317658136598,0.0,0.0,0.0
2023-06-05,0.41580626980585356,0.37466524736708506,0.25,0.5404715171729386,0.7904715171729386,0.04114102243876849,0.02241849297388557,0.0,0.0,0.0
2023-06-06,0.36659392077943365,0.3423235556238766,0.25,0.4589174764033102,0.7089174764033102,0.024270365155557,0.08155404076962834,0.0,0.0,0.0
2023-06-07,0.4619345491687695,0.4471142467185899,0.3,0.6090487958873594,0.9090487958873594,0.014820302450179595,0.3247078164061284,0.0,0.0,0.0
2023-06-08,0.4349920479362363,0.42062801651798354,0.3,0.5556200644542197,0.8556200644542198,0.014364031418252793,0.12223246551625301,0.0,0.0,0.0
2023-06-09,0.4314328793828245,0.41578889848901457,0.3,0.547221777871839,0.8472217778718389,0.01564398089380989,0.012404848242472066,0.0,0.0,0.0
2023-06-12,0.41667370115944513,0.40558878094596523,0.3,0.5222624821054103,0.8222624821054103,0.011084920213479899,0.06522654484352933,0.0,0.0,0.0
2023-06-13,0.20995554532901337,0.23560546574205674,0.15000000000000002,0.29556101107107013,0.44556101107107016,-0.025649920413043332,0.40095222403464476,0.0,0.0,0.0
2023-06-14,0.3317747893849444,0.30652225978116776,0.15000000000000002,0.48829704916611216,0.6382970491661122,0.025252529603776663,0.6745931284078823,0.0,0.0,0.0
2023-06-15,0.2887398273752079,0.2553283727486635,0.1,0.4440682001238714,0.5440682001238714,0.03341145462654446,0.12187627803001257,0.0,0.0,0.0
2023-06-16,0.29960338662100966,0.27764833245921694,0.1,0.47725171908022657,0.5772517190802265,0.02195505416179272,0.0331835189563552,0.0,0.0,0.0
2023-06-20,0.2952058564260549,0.2743225831252427,0.1,0.46952843955129764,0.5695284395512976,0.02088327330081219,0.011274808999840874,0.0,0.0,0.0
2023-06-21,0.30590557008243807,0.2972870030320424,0.15000000000000002,0.45319257311448047,0.6031925731144805,0.008618567050395654,0.08808336978656867,0.0,0.0,0.0
2023-06-22,0.30520202272320096,0.29617334027848957,0.15000000000000002,0.45137536300169046,0.6013753630016905,0.009028682444711389,0.008534841794189715,0.0,0.0,0.0
2023-06-23,0.3567161153493217,0.33176095030789965,0.2,0.48847706565722127,0.6884770656572212,0.02495516504142206,0.346189746103259,0.0,0.0,0.0
2023-06-26,0.24791768483889498,0.2386023947369265,0.15000000000000002,0.3365200795758215,0.4865200795758215,0.00931529010196852,0.2019569860813998,0.0,0.0,0.0
2023-06-27,0.3556799744219874,0.3273555421017647,0.2,0.48303551652375215,0.6830355165237522,0.028324432320222748,0.19651543694793067,0.0,0.0,0.0
2023-06-28,0.3694477292673418,0.3264574101809722,0.2,0.49590513944831394,0.695905139448314,0.04299031908636963,0.4111346728639762,0.0,0.0,0.0
2023-06-29,0.37142570765203065,0.3281719068306871,0.2,0.49959761448271767,0.6995976144827176,0.04325380082134364,0.0036924750344037444,0.0,0.0,0.0
2023-06-30,0.38071019856795085,0.3345871108685238,0.2,0.5152973094364747,0.7152973094364747,0.04612308769942705,0.017270996212952784,0.0,0.0,0.0
2023-07-03,0.3752613062351991,0.33188239668470193,0.2,0.5071437029199011,0.707143702919901,0.0433789095504972,0.008153606516573604,0.0,0.0,0.0
2023-07-05,0.37181126494024097,0.3285005426750005,0.2,0.5003118076152415,0.7003118076152415,0.043310722265240464,0.008108914005172753,0.0,0.0,0.0
2023-07-06,0.31871303759122005,0.28788301758453705,0.15000000000000002,0.4565960551757571,0.6065960551757571,0.030830020006682973,0.3331420938313471,0.0,0.0,0.0
2023-07-07,0.312999480304167,0.27994999872232096,0.15000000000000002,0.44294947902648796,0.592949479026488,0.033049481581846035,0.014183280350546723,0.0,0.0,0.0
2023-07-10,0.3122839540775257,0.2799442316505607,0.15000000000000002,0.4422281857280864,0.5922281857280864,0.03233972242696495,0.000721293298401593,0.0,0.0,0.0
2023-07-11,0.3410587391268627,0.309366733443259,0.15000000000000002,0.5004254725701216,0.6504254725701216,0.03169200568360367,0.058197286842035234,0.0,0.0,0.0
2023-07-12,0.3401837068265418,0.30647938741636477,0.15000000000000002,0.49666309424290656,0.6466630942429066,0.03370431941017704,0.005249014799266788,0.0,0.0,0.0
2023-07-13,0.2757180166469444,0.2324517464391589,0.1,0.4081697630861033,0.5081697630861033,0.043266270207785534,0.13849333115680323,0.0,0.0,0.0
2023-07-14,0.13100465601827,0.10977246745761454,0.05,0.19077712347588455,0.24077712347588454,0.02123218856065543,0.26739263961021875,0.0,0.0,0.0
2023-07-17,0.1319044068927111,0.11051354939261124,0.05,0.19241795628532232,0.2424179562853223,0.021390857500099864,0.0016408328094378102,0.0,0.0,0.0
2023-07-18,0.13115599332945158,0.10987665759948206,0.05,0.19103265092893362,0.2410326509289336,0.02127933572996952,0.0013853053563887066,0.0,0.0,0.0
2023-07-19,0.12649617631877844,0.10572667550093115,0.05,0.1822228518197096,0.23222285181970959,0.020769500817847286,0.008809799109224047,0.0,0.0,0.0
2023-07-20,0.12826579399445892,0.10756648902313937,0.05,0.1858322830175983,0.2358322830175983,0.020699304971319533,0.0038174971568450122,0.0,0.0,0.0
2023-07-21,0.1189739500804353,0.09792820592402304,0.05,0.16690215600445835,0.21690215600445834,0.02104574415641227,0.018930127013139945,0.0,0.0,0.0
2023-07-24,0.12173665720882386,0.10366921342852209,0.05,0.17540587063734595,0.22540587063734596,0.018067443780301763,0.008776262696668466,0.0,0.0,0.0
2023-07-25,0.12171337635665261,0.11304591099326394,0.05,0.18475928734991653,0.23475928734991652,0.00866746536338868,0.055197612238515215,0.0,0.0,0.0
2023-07-26,0.11936429273329496,0.10639276931792445,0.05,0.1757570620512194,0.22575706205121943,0.012971523415370528,0.017185310005176854,0.0,0.0,0.0
2023-07-27,0.0,-0.0,0.0,0.0,0.0,0.0,0.22575706205121943,0.0,0.0,0.0
2023-07-28,0.0,-0.0,0.0,0.0,0.0,0.0,0.0,0.0,0.0,0.0
2023-07-31,0.04629222577977443,0.05,0.05,0.04629222577977443,0.09629222577977443,-0.0037077742202255674,0.09629222577977443,0.0,0.0,0.0
2023-08-01,0.05232125950061624,0.05,0.05,0.05232125950061624,0.10232125950061624,0.002321259500616235,0.01045380748376303,0.0,0.0,0.0
2023-08-02,0.05779579506248705,0.05,0.05,0.05779579506248705,0.10779579506248704,0.007795795062487041,0.015256825212591783,0.0,0.0,0.0
2023-08-03,0.07432735248021662,0.05,0.05,0.07432735248021662,0.12432735248021662,0.024327352480216616,0.03155745637459342,0.0,0.0,0.0
2023-08-04,0.0723759580779545,0.05,0.05,0.0723759580779545,0.1223759580779545,0.022375958077954484,0.01153140406681771,0.0,0.0,0.0
2023-08-07,0.08850681684458381,0.05908592032492357,0.1,0.04759273716950736,0.14759273716950738,0.029420896519660237,0.09901153051948902,0.0,0.0,0.0
2023-08-08,0.20802881289351255,0.1983740294235739,0.15000000000000002,0.25640284231708643,0.40640284231708645,0.00965478346993865,0.43330480151802836,0.0,0.0,0.0
2023-08-09,0.2405906849336389,0.22005939123773433,0.2,0.2606500761713732,0.4606500761713732,0.02053129369590455,0.15374872723220218,0.0,0.0,0.0
2023-08-10,0.2748640433150305,0.23241565351854016,0.25,0.25727969683357066,0.5072796968335707,0.04244838979649036,0.21039570247804307,0.0,0.0,0.0
2023-08-11,0.2188969212675826,0.18831275487315005,0.2,0.20720967614073263,0.40720967614073267,0.030584166394432538,0.3551109496453755,0.0,0.0,0.0
2023-08-14,0.20673586603402222,0.1826051402070144,0.2,0.1893410062410366,0.3893410062410366,0.024130725827007815,0.02017819940254418,0.0,0.0,0.0
2023-08-15,0.2230462746412652,0.18871360445238558,0.2,0.21175987909365077,0.41175987909365075,0.034332670188879616,0.024405123615191975,0.0,0.0,0.0
2023-08-16,0.24801479334773138,0.22275300420005772,0.25,0.22076779754778908,0.4707677975477891,0.02526178914767367,0.24687620372351182,0.0,0.0,0.0
2023-08-17,0.2246475047582376,0.22478809634330527,0.25,0.19943560110154282,0.4494356011015428,-0.00014059158506765645,0.6202033986493319,0.0,0.0,0.0
2023-08-18,0.22683244465062352,0.23505379192349052,0.25,0.21188623657411398,0.461886236574114,-0.008221347272866955,0.02203503986434177,0.0,0.0,0.0
2023-08-21,0.2256356054439999,0.23732720428632625,0.25,0.21296280973032616,0.46296280973032616,-0.011691598842326303,0.010942604798913041,0.0,0.0,0.0
2023-08-22,0.23685615611066713,0.2726796299477191,0.2,0.3095357860583862,0.5095357860583862,-0.035823473837052006,0.22149457486570878,0.0,0.0,0.0
2023-08-23,0.2008206551739159,0.22536636647821348,0.2,0.22618702165212937,0.4261870216521294,-0.02454571130429753,0.22376745164064804,0.0,0.0,0.0
2023-08-24,0.25067817719821034,0.24011557304313477,0.15000000000000002,0.34079375024134506,0.4907937502413451,0.010562604155075567,0.16460672858921574,0.0,0.0,0.0
2023-08-25,0.2796571947565579,0.2967643026570932,0.2,0.37642149741365105,0.576421497413651,-0.017107107900535296,0.12766971205561084,0.0,0.0,0.0
2023-08-28,0.30255960581810515,0.33466676957268277,0.2,0.4372263753907879,0.6372263753907879,-0.03210716375457756,0.06080487797713684,0.0,0.0,0.0
2023-08-29,0.2983390828029545,0.3423166346905926,0.2,0.44065571749354704,0.640655717493547,-0.043977551887638106,0.026990113610018393,0.0,0.0,0.0
2023-08-30,0.28898574418347045,0.31872643212425156,0.2,0.40771217630772205,0.607712176307722,-0.029740687940781108,0.046890678256338025,0.0,0.0,0.0
2023-08-31,0.2656768898005245,0.2961428797427216,0.15000000000000002,0.41181976954324606,0.5618197695432461,-0.030465989942197097,0.1268514930856588,0.0,0.0,0.0
2023-09-01,0.15973069120829497,0.17298558069580744,0.1,0.23271627190410238,0.33271627190410236,-0.013254889487512467,0.35503800683156594,0.0,0.0,0.0
2023-09-05,0.14877755814250257,0.15657302868699424,0.1,0.2053505868294968,0.3053505868294968,-0.007795470544491682,0.06754146202733463,0.0,0.0,0.0
2023-09-06,0.17351497586121536,0.19509862798284874,0.1,0.2686136038440641,0.36861360384406405,-0.021583652121633393,0.2643668428920637,0.0,0.0,0.0
2023-09-07,0.21081950292925167,0.20650246805249325,0.2,0.21732197098174488,0.4173219709817449,0.004317034876758455,0.258812960489844,0.0,0.0,0.0
2023-09-08,0.2612081039103866,0.2559654192798755,0.2,0.31717352319026204,0.5171735231902621,0.005242684630511141,0.19985155220851714,0.0,0.0,0.0
2023-09-11,0.24799885279252482,0.23073178469665828,0.3,0.17873063748918305,0.47873063748918304,0.017267068095866547,0.4544676190109402,0.0,0.0,0.0
2023-09-12,0.2803009418105997,0.25554535993535815,0.3,0.23584630174595783,0.5358463017459578,0.024755581875241572,0.057115664256774765,0.0,0.0,0.0
2023-09-13,0.209938185534025,0.18988511379372852,0.2,0.19982329932775347,0.3998232993277535,0.02005307174029647,0.31153014097228393,0.0,0.0,0.0
2023-09-14,0.26610426628476036,0.24640106415676052,0.25,0.26250533044152086,0.5125053304415208,0.019703202127999815,0.21496621857927237,0.0,0.0,0.0
2023-09-15,0.26172823188405275,0.2526313656878185,0.25,0.2643595975718713,0.5143595975718713,0.00909686619623417,0.06144894547181427,0.0,0.0,0.0
2023-09-18,0.2659071209094577,0.25778453008156754,0.25,0.2736916509910252,0.5236916509910252,0.00812259082789011,0.04314862978843871,0.0,0.0,0.0
2023-09-19,0.2848510721561463,0.27325776754030806,0.25,0.30810883969645436,0.5581088396964544,0.011593304615838233,0.05838735547306988,0.0,0.0,0.0
2023-09-20,0.2546574300027262,0.2708062946804798,0.2,0.325463724683206,0.525463724683206,-0.016148864677753588,0.13141943151210939,0.0,0.0,0.0
2023-09-21,0.2680976615758306,0.2764497494247609,0.15000000000000002,0.3945474110005915,0.5445474110005915,-0.008352087848930323,0.11908368631738551,0.0,0.0,0.0
2023-09-22,0.23549081975667535,0.2668597274384999,0.15000000000000002,0.35235054719517517,0.5023505471951752,-0.03136890768182453,0.04219686380541632,0.0,0.0,0.0
2023-09-25,0.23856699191703962,0.26976886427998076,0.15000000000000002,0.35833585619702035,0.5083358561970204,-0.03120187236294114,0.01482613571008247,0.0,0.0,0.0
2023-09-26,0.2460288079404427,0.2742636155810167,0.15000000000000002,0.37029242352145936,0.5202924235214594,-0.028234807640573997,0.01593871442877315,0.0,0.0,0.0
2023-09-27,0.2696991648653484,0.2949051032332288,0.2,0.36460426809857727,0.5646042680985772,-0.025205938367880404,0.2392595960365873,0.0,0.0,0.0
2023-09-28,0.26958500923914097,0.2953286384757928,0.2,0.36491364771493373,0.5649136477149337,-0.025743629236651827,0.014271754196116093,0.0,0.0,0.0
2023-09-29,0.20540399964194114,0.20915096100315675,0.25,0.16455496064509786,0.4145549606450979,-0.00374696136121562,0.2503586870698359,0.0,0.0,0.0
2023-10-02,0.2099663552711532,0.21165174818147742,0.25,0.17161810345263057,0.42161810345263057,-0.0016853929103241988,0.010768560326642827,0.0,0.0,0.0
2023-10-03,0.2237051897537497,0.22235723881946362,0.25,0.19606242857321327,0.44606242857321327,0.0013479509342860935,0.02444432512058268,0.0,0.0,0.0
2023-10-04,0.21290260942039685,0.21676293433137642,0.25,0.17966554375177324,0.42966554375177324,-0.0038603249109795817,0.026677530497295016,0.0,0.0,0.0
2023-10-05,0.22098636614194317,0.21159668757753047,0.2,0.2325830537194736,0.4325830537194736,0.009389678564412692,0.21239620718010618,0.0,0.0,0.0
2023-10-06,0.21331933335404957,0.20673373692898347,0.2,0.22005307028303303,0.42005307028303307,0.006585596425066058,0.0311253669524103,0.0,0.0,0.0
2023-10-09,0.23627765421430294,0.19715032081976863,0.2,0.23342797503407153,0.43342797503407154,0.03912733339453431,0.2751627142726388,0.0,0.0,0.0
2023-10-10,0.23318592969083368,0.19310137612873976,0.2,0.2262873058195734,0.4262873058195734,0.04008455356209391,0.007140669214498137,0.0,0.0,0.0
2023-10-11,0.2361544591386536,0.1944009171837482,0.2,0.23055537632240178,0.4305553763224018,0.04175354195490537,0.015401132583934257,0.0,0.0,0.0
2023-10-12,0.20318968962454664,0.19164682258033788,0.15000000000000002,0.2448365122048845,0.3948365122048845,0.011542867044208753,0.23579638092270322,0.0,0.0,0.0
2023-10-13,0.2543472246843451,0.23937337911652093,0.2,0.293720603800866,0.493720603800866,0.014973845567824162,0.17179601671836553,0.0,0.0,0.0
2023-10-16,0.25187691449551175,0.23555035001145547,0.2,0.2874272645069672,0.4874272645069672,0.016326564484056304,0.019509233235345064,0.0,0.0,0.0
2023-10-17,0.2574383748324544,0.23943112994386356,0.2,0.29686950477631796,0.49686950477631797,0.01800724488859086,0.027039157257178426,0.0,0.0,0.0
2023-10-18,0.2758989930400398,0.25241882125560067,0.2,0.32831781429564044,0.5283178142956404,0.023480171784439147,0.035644217253271215,0.0,0.0,0.0
2023-10-19,0.27775063478325257,0.2637060490171394,0.15000000000000002,0.3914566838003919,0.5414566838003919,0.014044585766113116,0.3647847109258965,0.0,0.0,0.0
2023-10-20,0.22263935281146635,0.2042268313033949,0.2,0.22686618411486123,0.4268661841148612,0.018412521508071433,0.2145904996855307,0.0,0.0,0.0
2023-10-23,0.2480019111781837,0.2417829886916817,0.2,0.28978489986986533,0.48978489986986534,0.006218922486502021,0.06291871575500413,0.0,0.0,0.0
2023-10-24,0.2363524412152283,0.23910354810894283,0.15000000000000002,0.3254559893241711,0.4754559893241711,-0.0027511068937145222,0.10897002938021656,0.0,0.0,0.0
2023-10-25,0.15000000000000002,0.1523358577047447,0.2,0.10233585770474468,0.3023358577047447,-0.0023358577047446864,0.33054561174846636,0.0,0.0,0.0
2023-10-26,0.15000000000000002,0.1607903987889746,0.15000000000000002,0.1607903987889746,0.31079039878897463,-0.0107903987889746,0.2122360806303928,0.0,0.0,0.0
2023-10-27,0.11518054370976802,0.14018954173386056,0.15000000000000002,0.10537008544362858,0.2553700854436286,-0.025008998024092538,0.25586363823772346,0.0,0.0,0.0
2023-10-30,0.12018914450510393,0.14822364674086946,0.15000000000000002,0.1184127912459734,0.2684127912459734,-0.02803450223576555,0.32378287668960204,0.0,0.0,0.0
2023-10-31,0.13851630326489317,0.15742290960477007,0.1,0.19593921286966326,0.2959392128696633,-0.018906606339876897,0.14065800271370293,0.0,0.0,0.0
2023-11-01,0.2752254519195174,0.2909392612274996,0.15000000000000002,0.416164713147017,0.566164713147017,-0.015713809307982107,0.2702255002773537,0.0,0.0,0.0
2023-11-02,0.3718676521181139,0.3492188858698287,0.2,0.5210865379879426,0.7210865379879425,0.022648766248285268,0.21927685196568902,0.0,0.0,0.0
2023-11-03,0.36975194328731115,0.34526602450735133,0.2,0.5150179677946625,0.7150179677946624,0.024485918779959814,0.010505182680687522,0.0,0.0,0.0
2023-11-06,0.33007182659414086,0.3131331477981362,0.15000000000000002,0.49320497439227706,0.6432049743922771,0.016938678796004636,0.1184297181267196,0.0,0.0,0.0
2023-11-07,0.3327407496824195,0.31623219715385453,0.15000000000000002,0.498972946836274,0.648972946836274,0.016508552528565035,0.009552673986846241,0.0,0.0,0.0
2023-11-08,0.34060144158716793,0.3255477537290916,0.15000000000000002,0.5161491953162596,0.6661491953162596,0.01505368785807637,0.0171762484799855,0.0,0.0,0.0
2023-11-09,0.21913316915509384,0.19936119696664306,0.1,0.31849436612173687,0.41849436612173685,0.01977197218845081,0.24765482919452264,0.0,0.0,0.0
2023-11-10,0.2161535872007686,0.1979479640242427,0.1,0.31410155122501127,0.41410155122501124,0.018205623176525937,0.00533213760660068,0.0,0.0,0.0
2023-11-13,0.3191693330521976,0.2997066181239292,0.15000000000000002,0.46887595117612674,0.6188759511761268,0.0194627149282684,0.259319437548831,0.0,0.0,0.0
2023-11-14,0.31632491350798597,0.2974415354132147,0.15000000000000002,0.46376644892120067,0.6137664489212007,0.018883378094771308,0.01620685106265564,0.0,0.0,0.0
2023-11-15,0.30863391676809265,0.28930289073464294,0.15000000000000002,0.44793680750273557,0.5979368075027356,0.019331026033449744,0.02567207842560784,0.0,0.0,0.0
2023-11-16,0.21886322925037985,0.24227498628565353,0.15000000000000002,0.3111382155360334,0.4611382155360334,-0.023411757035273706,0.38957990389590824,0.0,0.0,0.0
2023-11-17,0.34524294919356896,0.3827208627600842,0.2,0.5279638119536532,0.7279638119536531,-0.03747791356651528,0.2668255964176198,0.0,0.0,0.0
2023-11-20,0.34642299987550357,0.38374843581468726,0.2,0.5301714356901909,0.7301714356901909,-0.03732543593918372,0.005283998227538153,0.0,0.0,0.0
2023-11-21,0.3372693052925041,0.3708045930431565,0.2,0.5080738983356605,0.7080738983356605,-0.03353528775065234,0.022097537354530253,0.0,0.0,0.0
2023-11-22,0.338631420343136,0.3729131415326849,0.2,0.5115445618758209,0.7115445618758209,-0.03428172118954889,0.0191390073614896,0.0,0.0,0.0
2023-11-24,0.23018282314914743,0.2637562895491779,0.15000000000000002,0.34393911269832533,0.49393911269832536,-0.03357346640003048,0.24139537859648405,0.0,0.0,0.0
2023-11-27,0.14562725228167317,0.17697529840987808,0.1,0.22260255069155122,0.3226025506915512,-0.03134804612820491,0.2112237728941405,0.0,0.0,0.0
2023-11-28,0.1479411319810298,0.18013708161372705,0.1,0.22807821359475683,0.32807821359475686,-0.03219594963269727,0.00734223818351043,0.0,0.0,0.0
2023-11-29,0.1741513396280018,0.21056878247374583,0.1,0.28472012210174763,0.38472012210174766,-0.03641744284574404,0.0566419085069908,0.0,0.0,0.0
2023-11-30,0.18955755112667994,0.22234473363892163,0.15000000000000002,0.26190228476560157,0.4119022847656016,-0.032787182512241664,0.10363026033350237,0.0,0.0,0.0
2023-12-01,0.11987344778442939,0.15779946918189885,0.15000000000000002,0.12767291696632824,0.27767291696632823,-0.037926021397469464,0.33741422569565993,0.0,0.0,0.0
2023-12-04,0.1054746800799653,0.14546985060726653,0.15000000000000002,0.10094453068723182,0.2509445306872318,-0.03999517052730123,0.03657798624548865,0.0,0.0,0.0
2023-12-05,0.10242013197287674,0.1418884196233631,0.15000000000000002,0.09430855159623983,0.24430855159623985,-0.039468287650486364,0.00919427613777786,0.0,0.0,0.0
2023-12-06,0.30737297519919393,0.3365140325821734,0.15000000000000002,0.4938870077813673,0.6438870077813673,-0.02914105738297945,0.511324280042712,0.0,0.0,0.0
2023-12-07,0.30797694628494543,0.3381916826735269,0.15000000000000002,0.49616862895847225,0.6461686289584723,-0.030214736388581465,0.01419972722583368,0.0,0.0,0.0
2023-12-08,0.19285118990988767,0.20397586836031598,0.2,0.19682705827020364,0.39682705827020365,-0.011124678450428332,0.3902737189290134,0.0,0.0,0.0
2023-12-11,0.1940633175163216,0.20507946909350705,0.2,0.1991427866098286,0.3991427866098286,-0.011016151577185482,0.02407421187247593,0.0,0.0,0.0
2023-12-12,0.26377862805044033,0.2617846025658196,0.2,0.3255632306162599,0.5255632306162599,0.0019940254846207567,0.42268223588794174,0.0,0.0,0.0
2023-12-13,0.5027881797023557,0.5023446798108617,0.3,0.7051328595132175,1.0051328595132174,0.0004434998914939481,0.4795696288969576,0.0,0.0,0.0
2023-12-14,0.5011368587405233,0.5011477653995967,0.3,0.7022846241401199,1.00228462414012,-1.0906659073384173e-05,0.003092643758506375,0.0,0.0,0.0
2023-12-15,0.5491250395204472,0.5329607671235683,0.3,0.7820858066440155,1.0820858066440155,0.016164272396878898,0.2873536656435357,0.0,0.0,0.0
2023-12-18,0.43687389545596433,0.4155271503815189,0.25,0.6024010458374832,0.8524010458374832,0.021346745074445395,0.3075851047187627,0.0,0.0,0.0
2023-12-19,0.32177203444269886,0.3201923337872631,0.2,0.441964368229962,0.6419643682299621,0.0015797006554357784,0.4020244571085741,0.0,0.0,0.0
2023-12-20,0.3230359270109591,0.3213472474734426,0.2,0.44438317448440173,0.6443831744844017,0.0016886795375165228,0.002418806254439791,0.0,0.0,0.0
2023-12-21,0.32652807592354693,0.32891923646764076,0.2,0.4554473123911877,0.6554473123911877,-0.002391160544093808,0.02261122519630865,0.0,0.0,0.0
2023-12-22,0.3266213813405955,0.3305694144967029,0.2,0.4571907958372984,0.6571907958372984,-0.003948033156107422,0.0066560599084002706,0.0,0.0,0.0
2023-12-26,0.3292620546527134,0.33283039991598623,0.2,0.46209245456869963,0.6620924545686997,-0.0035683452632728277,0.006015157859212243,0.0,0.0,0.0
2023-12-27,0.33255817889680334,0.33573936134924903,0.2,0.46829754024605236,0.6682975402460524,-0.0031811824524457036,0.0062050856773527285,0.0,0.0,0.0
2023-12-28,0.33061043285002284,0.3338535422258535,0.2,0.46446397507587633,0.6644639750758763,-0.0032431093758306592,0.0038335651701760093,0.0,0.0,0.0
2023-12-29,0.40079247351857417,0.38350857338221,0.25,0.5343010469007842,0.7843010469007842,0.017283900136364216,0.35507606343398,0.0,0.0,0.0
2024-01-02,0.45092138166868967,0.41646060036650767,0.2,0.6673819820351974,0.8673819820351973,0.03446078130218205,0.25023070522537694,0.0,0.0,0.0
2024-01-03,0.2932125511905494,0.2613666141870279,0.15000000000000002,0.4045791653775772,0.5545791653775772,0.03184593700352151,0.42073413084426636,0.0,0.0,0.0
2024-01-04,0.2533771320166294,0.22831139653607874,0.1,0.3816885285527082,0.48168852855270816,0.025065735480550688,0.19055572336255183,0.0,0.0,0.0
2024-01-05,0.3753139376946004,0.33694351279165363,0.15000000000000002,0.5622574504862541,0.7122574504862541,0.03837042490294679,0.2305689219335459,0.0,0.0,0.0
2024-01-08,0.37563011531887075,0.338117571074283,0.15000000000000002,0.5637476863931538,0.7137476863931538,0.03751254424458772,0.0014902359068996937,0.0,0.0,0.0
2024-01-09,0.3649006175737235,0.33676707548253376,0.2,0.5016676930562572,0.7016676930562573,0.02813354209118979,0.1431608573681868,0.0,0.0,0.0
2024-01-10,0.3701884914135296,0.3446864246041642,0.2,0.5148749160176938,0.7148749160176937,0.025502066809365398,0.013675893035477636,0.0,0.0,0.0
2024-01-11,0.3695457588400548,0.3434366536890838,0.2,0.5129824125291387,0.7129824125291386,0.026109105150971007,0.0027011865364019033,0.0,0.0,0.0
2024-01-12,0.1,0.1121003119199809,0.1,0.1121003119199809,0.2121003119199809,-0.012100311919980903,0.5995829810821862,0.0,0.0,0.0
2024-01-16,0.1,0.11208996183100234,0.1,0.11208996183100234,0.21208996183100234,-0.012089961831002322,0.005811146839367214,0.0,0.0,0.0
2024-01-17,0.21287923883454624,0.22078279901483677,0.1,0.333662037849383,0.43366203784938295,-0.007903560180290564,0.5030916448634928,0.0,0.0,0.0
2024-01-18,0.21416040918352014,0.22506775371188803,0.1,0.3392281628954082,0.4392281628954082,-0.01090734452836789,0.005566125046025189,0.0,0.0,0.0
2024-01-19,0.19833842631949195,0.20919382336921943,0.2,0.20753224968871137,0.4075322496887114,-0.010855397049727517,0.38901033206566993,0.0,0.0,0.0
2024-01-22,0.26210207702815147,0.26742574369100364,0.2,0.3295278207191551,0.5295278207191552,-0.005323666662852167,0.25765586705077903,0.0,0.0,0.0
2024-01-23,0.2768099406168061,0.28326655320813154,0.2,0.36007649382493767,0.5600764938249376,-0.006456612591325489,0.03054867310578256,0.0,0.0,0.0
2024-01-24,0.4035871205490872,0.403414226663436,0.2,0.6070013472125232,0.8070013472125233,0.00017289388565122632,0.24692485338758557,0.0,0.0,0.0
2024-01-25,0.4191025085870135,0.42102712421399374,0.2,0.6401296328010072,0.8401296328010073,-0.0019246156269802084,0.033128285588484005,0.0,0.0,0.0
2024-01-26,0.34652646242383583,0.36535045841557956,0.15000000000000002,0.5618769208394154,0.7118769208394155,-0.01882399599174378,0.1911037362772362,0.0,0.0,0.0
2024-01-29,0.3093603346822961,0.3489370183737458,0.2,0.45829735305604197,0.658297353056042,-0.03957668369144968,0.2914179585488061,0.0,0.0,0.0
2024-01-30,0.33265784652589386,0.3785633771499061,0.2,0.5112212236758,0.7112212236758,-0.04590553062401226,0.05292387061975803,0.0,0.0,0.0
2024-01-31,0.2745554356871608,0.2992784213269839,0.15000000000000002,0.4238338570141447,0.5738338570141448,-0.024722985639823114,0.13832681501219757,0.0,0.0,0.0
2024-02-01,0.26629075921534556,0.27004989300492194,0.15000000000000002,0.3863406522202675,0.5363406522202675,-0.0037591337895763743,0.03932103420577775,0.0,0.0,0.0
2024-02-02,0.23896882115731888,0.2178114008276495,0.2,0.2567802219849684,0.4567802219849684,0.021157420329669385,0.22574113388166384,0.0,0.0,0.0
2024-02-05,0.2783955671098565,0.2831914676600146,0.25,0.31158703476987104,0.561587034769871,-0.004795900550158022,0.4024864380517238,0.0,0.0,0.0
2024-02-06,0.20377628233779718,0.19763073870220066,0.15000000000000002,0.2514070210399978,0.4014070210399978,0.006145543635596551,0.5962015680128578,0.0,0.0,0.0
2024-02-07,0.16505158748196697,0.1594404080518874,0.15000000000000002,0.17449199553385436,0.3244919955338544,0.005611179430079577,0.07691502550614349,0.0,0.0,0.0
2024-02-08,0.17108651692185908,0.16239756601423075,0.15000000000000002,0.1834840829360898,0.33348408293608983,0.00868895090762832,0.008992087402235473,0.0,0.0,0.0
2024-02-09,0.17710290277606477,0.16137232152902647,0.15000000000000002,0.18847522430509125,0.33847522430509125,0.015730581247038314,0.007041630339409986,0.0,0.0,0.0
2024-02-12,0.17781407309863584,0.16198390172449995,0.15000000000000002,0.1897979748231358,0.3397979748231358,0.015830171374135865,0.0028881071397955094,0.0,0.0,0.0
2024-02-13,0.15428545581211253,0.18101852586687728,0.15000000000000002,0.18530398167898982,0.33530398167898984,-0.026733070054764746,0.4751019565021256,0.0,0.0,0.0
2024-02-14,0.1514522276970834,0.180884895369764,0.15000000000000002,0.1823371230668474,0.33233712306684743,-0.02943266767268061,0.005426496418443429,0.0,0.0,0.0
2024-02-15,0.15273983478755696,0.18416330717206947,0.15000000000000002,0.1869031419596264,0.33690314195962645,-0.031423472384512506,0.004566018892779002,0.0,0.0,0.0
2024-02-16,0.21560784673979955,0.24836460641436203,0.1,0.36397245315416155,0.4639724531541616,-0.03275675967456253,0.22706931119453516,0.0,0.0,0.0
2024-02-20,0.21681031595239691,0.24951288131152483,0.1,0.36632319726392176,0.4663231972639218,-0.03270256535912787,0.002350744109760161,0.0,0.0,0.0
2024-02-21,0.2113259782422824,0.24073575017192958,0.1,0.35206172841421196,0.452061728414212,-0.029409771929647208,0.014261468849709788,0.0,0.0,0.0
2024-02-22,0.18173723401110498,0.20427752784091374,0.05,0.33601476185201873,0.3860147618520187,-0.022540293829808766,0.11453924266424498,0.0,0.0,0.0
2024-02-23,0.18203287433568732,0.20406552858143207,0.05,0.3360984029171194,0.3860984029171194,-0.022032654245744743,0.0005076395840640097,0.0,0.0,0.0
2024-02-26,0.17729920794924375,0.19914992906321263,0.05,0.32644913701245637,0.37644913701245636,-0.02185072111396888,0.009649265904663043,0.0,0.0,0.0
2024-02-27,0.17291158149365504,0.19068396974827836,0.05,0.3135955512419334,0.3635955512419334,-0.017772388254623323,0.016646552689865785,0.0,0.0,0.0
2024-02-28,0.16825334895796507,0.1869198414237705,0.05,0.30517319038173557,0.35517319038173556,-0.0186664924658054,0.008422360860197833,0.0,0.0,0.0
2024-02-29,0.05,0.05745950198650668,0.05,0.05745950198650668,0.10745950198650668,-0.007459501986506673,0.2625852767716596,0.0,0.0,0.0
2024-03-01,0.30592907724871493,0.28145813712866546,0.05,0.5373872143773805,0.5873872143773805,0.024470940120049467,0.6123831223515726,0.0,0.0,0.0
2024-03-04,0.49926732740736185,0.43896745791705394,0.15000000000000002,0.7882347853244158,0.9382347853244158,0.06029986949030791,0.3545687361913651,0.0,0.0,0.0
2024-03-05,0.46993160195933986,0.4128479041344139,0.15000000000000002,0.7327795060937538,0.8827795060937538,0.057083697824926005,0.05545527923066207,0.0,0.0,0.0
2024-03-06,0.48303454779963995,0.4308491654675678,0.15000000000000002,0.7638837132672078,0.9138837132672079,0.05218538233207215,0.031104207173454013,0.0,0.0,0.0
2024-03-07,0.5326396788287567,0.5055407502320537,0.2,0.8381804290608105,1.0381804290608105,0.027098928596703042,0.1766479049707649,0.0,0.0,0.0
2024-03-08,0.5184300245560914,0.4933811237892128,0.25,0.7618111483453042,1.0118111483453043,0.025048900766878657,0.13659629464702205,0.0,0.0,0.0
2024-03-11,0.29486681547504473,0.3043984158881483,0.15000000000000002,0.44926523136319296,0.599265231363193,-0.009531600413103553,0.4305661236583035,0.0,0.0,0.0
2024-03-12,0.31503698416452247,0.32454697663559046,0.15000000000000002,0.4895839608001129,0.6395839608001129,-0.00950999247106793,0.05833893611311222,0.0,0.0,0.0
2024-03-13,0.21674594155670826,0.2309600028532619,0.25,0.19770594440997014,0.44770594440997014,-0.014214061296553615,0.5950332850036453,0.0,0.0,0.0
2024-03-14,0.12700275607249967,0.1676457201907397,0.15000000000000002,0.1446484762632394,0.2946484762632394,-0.04064296411824003,0.43773180525195576,0.0,0.0,0.0
2024-03-15,0.16221504140601936,0.2081057502370942,0.2,0.17032079164311356,0.3703207916431136,-0.04589070883107486,0.09475225528716519,0.0,0.0,0.0
2024-03-18,0.17085625975800042,0.23775793105388912,0.25,0.15861419081188952,0.40861419081188954,-0.06690167129588871,0.37893498245500307,0.0,0.0,0.0
2024-03-19,0.15000000000000002,0.2215146981249172,0.25,0.12151469812491718,0.37151469812491716,-0.07151469812491718,0.144752519675164,0.0,0.0,0.0
2024-03-20,0.247748245607101,0.28491299109607676,0.2,0.3326612367031777,0.5326612367031778,-0.0371647454889758,0.28039417455864296,0.0,0.0,0.0
2024-03-21,0.5779352462100147,0.5822371587722651,0.25,0.9101724049822798,1.16017240498228,-0.004301912562250487,0.7170605860309069,0.0,0.0,0.0
2024-03-22,0.39804251804122404,0.39719399842422687,0.2,0.5952365164654508,0.7952365164654509,0.0008485196169971121,0.3747705566074333,0.0,0.0,0.0
2024-03-25,0.37601576390570535,0.38102395335364414,0.2,0.5570397172593495,0.7570397172593495,-0.005008189447938849,0.058872098759499475,0.0,0.0,0.0
2024-03-26,0.38476576779945415,0.3863350856120317,0.2,0.5711008534114859,0.7711008534114858,-0.0015693178125776308,0.02844571917423612,0.0,0.0,0.0
2024-03-27,0.38700909194814803,0.3880316794723341,0.2,0.5750407714204822,0.7750407714204821,-0.0010225875241860471,0.01128236194694144,0.0,0.0,0.0
2024-03-28,0.3510428915814754,0.35783326827173045,0.15000000000000002,0.5588761598532058,0.7088761598532058,-0.006790376690255034,0.14826784636074322,0.0,0.0,0.0
2024-04-01,0.3515678001360048,0.35778329114596835,0.15000000000000002,0.5593510912819731,0.7093510912819732,-0.006215491009963547,0.0053621691980283714,0.0,0.0,0.0
2024-04-02,0.3317743488582453,0.36707101583729856,0.2,0.49884536469554386,0.6988453646955439,-0.035296666979053204,0.31706608947917325,0.0,0.0,0.0
2024-04-03,0.330388952881925,0.3644031780945923,0.2,0.49479213097651725,0.6947921309765173,-0.03401422521266728,0.006566484157184055,0.0,0.0,0.0
2024-04-04,0.34834350704897954,0.35315164395915155,0.15000000000000002,0.5514951510081312,0.7014951510081312,-0.004808136910172012,0.3318024825779719,0.0,0.0,0.0
2024-04-05,0.3238219054692641,0.3465621685392202,0.15000000000000002,0.5203840740084842,0.6703840740084842,-0.02274026306995605,0.04598245209432107,0.0,0.0,0.0
2024-04-08,0.3386045419620355,0.36125010025030546,0.2,0.4998546422123409,0.6998546422123408,-0.022645558288269946,0.10789365718373727,0.0,0.0,0.0
2024-04-09,0.3362827967621403,0.36048307289368847,0.2,0.49676586965582875,0.6967658696558288,-0.024200276131548182,0.009033828589397386,0.0,0.0,0.0
2024-04-10,0.4939664014506857,0.525504734102689,0.2,0.8194711355533747,1.0194711355533748,-0.03153833265200329,0.5533561119856998,0.0,0.0,0.0
2024-04-11,0.34355024991014727,0.3378053326326852,0.2,0.4813555825428324,0.6813555825428323,0.005744917277462069,0.7769515196875714,0.0,0.0,0.0
2024-04-12,0.3573857715538062,0.3717992289577655,0.25,0.47918500051157165,0.7291850005115716,-0.014413457403959329,0.2266954604824476,0.0,0.0,0.0
2024-04-15,0.3317482193939236,0.3641088665564419,0.25,0.4458570859503655,0.6958570859503654,-0.03236064716251835,0.03793978780528788,0.0,0.0,0.0
2024-04-16,0.3375414432079603,0.36999334954114105,0.25,0.45753479274910136,0.7075347927491014,-0.032451906333180736,0.06122182672350311,0.0,0.0,0.0
2024-04-17,0.34909342710097513,0.3779234897569119,0.25,0.47701691685788705,0.727016916857887,-0.028830062655936795,0.019482124108785706,0.0,0.0,0.0
2024-04-18,0.34639422952484944,0.37537952896522736,0.25,0.47177375849007674,0.7217737584900767,-0.028985299440377976,0.018415236393316145,0.0,0.0,0.0
2024-04-19,0.42076704785107377,0.4595312334003392,0.3,0.5802982812514129,0.8802982812514129,-0.03876418554926542,0.23592384958794282,0.0,0.0,0.0
2024-04-22,0.4505586048705419,0.48816581656313685,0.3,0.6387244214336787,0.9387244214336787,-0.03760721169259498,0.0910957266667309,0.0,0.0,0.0
2024-04-23,0.4205984069735478,0.4663057577975487,0.25,0.6369041647710965,0.8869041647710965,-0.0457073508240009,0.12583922633095157,0.0,0.0,0.0
2024-04-24,0.40510059238913826,0.45413159388425867,0.25,0.6092321862733969,0.8592321862733969,-0.04903100149512046,0.09126786703965457,0.0,0.0,0.0
2024-04-25,0.45712917276105663,0.5238920855996612,0.35,0.6310212583607178,0.9810212583607177,-0.06676291283860447,0.27226701761173894,0.0,0.0,0.0
2024-04-26,0.46056395449859355,0.5177893448321744,0.35,0.6283532993307679,0.9783532993307679,-0.05722539033358082,0.05464046139979209,0.0,0.0,0.0
2024-04-29,0.4665897999491056,0.5202522283498214,0.39999999999999997,0.586842028298927,0.986842028298927,-0.05366242840071578,0.20448311882764708,0.0,0.0,0.0
2024-04-30,0.4063799479835092,0.45101975195229344,0.35,0.5073996999358026,0.8573996999358026,-0.04463980396878425,0.286321513985732,0.0,0.0,0.0
2024-05-01,0.37802492678889943,0.40729825927699626,0.35,0.4353231860658957,0.7853231860658957,-0.029273332488096798,0.2811411386189701,0.0,0.0,0.0
2024-05-02,0.336232765396851,0.3731318948433744,0.3,0.40936466024022533,0.7093646602402253,-0.03689912944652343,0.18203413088945278,0.0,0.0,0.0
2024-05-03,0.4723644337235704,0.5003928102828625,0.3,0.672757244006433,0.9727572440064329,-0.02802837655929219,0.4019550131494216,0.0,0.0,0.0
2024-05-06,0.4665226054019322,0.49307274621000297,0.3,0.659595351611935,0.9595953516119351,-0.02655014080807072,0.09018287404196274,0.0,0.0,0.0
2024-05-07,0.4653170628080247,0.4927395582710333,0.3,0.6580566210790579,0.958056621079058,-0.02742249546300851,0.005838769474402837,0.0,0.0,0.0
2024-05-08,0.2691480256576191,0.2633547683325598,0.25,0.28250279399017886,0.5325027939901789,0.0057932573250592395,0.5336716572834128,0.0,0.0,0.0
2024-05-09,0.27913311459073537,0.2694810323139624,0.25,0.29861414690469773,0.5486141469046977,0.009652082276772937,0.036317075384958965,0.0,0.0,0.0
2024-05-10,0.2739628460019967,0.26757316317471674,0.25,0.29153600917671346,0.5415360091767134,0.006389682827279912,0.008786822246841894,0.0,0.0,0.0
2024-05-13,0.2813013839676787,0.2684336052663093,0.25,0.299734989233988,0.549734989233988,0.012867778701369403,0.02201189153852986,0.0,0.0,0.0
2024-05-14,0.31091048905475105,0.28379741480509196,0.25,0.344707903859843,0.5947079038598431,0.027113074249659128,0.07569577308550261,0.0,0.0,0.0
2024-05-15,0.26639646738717015,0.2442712737133527,0.15000000000000002,0.3606677411005228,0.5106677411005228,0.02212519367381746,0.24604696661716485,0.0,0.0,0.0
2024-05-16,0.27667633959220167,0.2513816322732976,0.1,0.4280579718654992,0.5280579718654992,0.025294707318904097,0.3927961219852431,0.0,0.0,0.0
2024-05-17,0.2704650433505319,0.24539193736022755,0.1,0.4158569807107595,0.5158569807107595,0.02507310599030438,0.014797071393776715,0.0,0.0,0.0
2024-05-20,0.06463314070685339,0.07773234702453963,0.05,0.09236548773139301,0.14236548773139301,-0.01309920631768623,0.3802832838846512,0.0,0.0,0.0
2024-05-21,0.0,-0.0,0.0,0.0,0.0,0.0,0.14236548773139301,0.0,0.0,0.0
2024-05-22,0.18935458974390912,0.1957512472858653,0.05,0.33510583702977437,0.38510583702977436,-0.006396657541956174,0.3851058370297744,0.0,0.0,0.0
2024-05-23,0.18341588688311766,0.19313674184705457,0.05,0.3265526287301722,0.3765526287301722,-0.009720854963936904,0.017660498874745207,0.0,0.0,0.0
2024-05-24,0.18665965264976192,0.19625263111854732,0.05,0.3329122837683092,0.3829122837683092,-0.009592978468785401,0.010431883245462691,0.0,0.0,0.0
2024-05-28,0.2067713062807039,0.19362217084302946,0.15000000000000002,0.25039347712373333,0.40039347712373335,0.01314913543767443,0.2851675005431328,0.0,0.0,0.0
2024-05-29,0.20026145279521163,0.1853783624486008,0.15000000000000002,0.23563981524381242,0.3856398152438124,0.014883090346610839,0.014753661879920943,0.0,0.0,0.0
2024-05-30,0.22330928937734634,0.22729291329541473,0.1,0.3506022026727611,0.4506022026727611,-0.0039836239180684185,0.16496238742894864,0.0,0.0,0.0
2024-05-31,0.24351130549494804,0.24802675018856557,0.15000000000000002,0.3415380556835136,0.4915380556835136,-0.004515444693617518,0.21787828033358347,0.0,0.0,0.0
2024-06-03,0.25464633335467557,0.25688326120204086,0.15000000000000002,0.3615295945567164,0.5115295945567164,-0.002236927847365261,0.02528741321707703,0.0,0.0,0.0
2024-06-04,0.18434407303396202,0.1749113278202645,0.1,0.2592554008542265,0.35925540085422647,0.009432745213697524,0.3567274640868314,0.0,0.0,0.0
2024-06-05,0.18435525998346114,0.17482300999229408,0.1,0.2591782699757552,0.3591782699757552,0.00953224999116703,0.00024525921980247944,0.0,0.0,0.0
2024-06-06,0.2686110247780183,0.24266479822970383,0.15000000000000002,0.3612758230077221,0.5112758230077221,0.025946226548314466,0.15209755303196687,0.0,0.0,0.0
2024-06-07,0.16306546529935334,0.146932374862023,0.1,0.20999784016137635,0.3099978401613763,0.016133090437330314,0.21168562452440842,0.0,0.0,0.0
2024-06-10,0.15705225676613377,0.14120369243606837,0.1,0.19825594920220213,0.2982559492022021,0.01584856433006538,0.01174189095917421,0.0,0.0,0.0
2024-06-11,0.14717948180989993,0.13374571084327339,0.1,0.1809251926531733,0.2809251926531733,0.013433770966626554,0.019394722678545397,0.0,0.0,0.0
2024-06-12,0.14076628263829258,0.12526592308082574,0.1,0.1660322057191183,0.26603220571911834,0.015500359557466828,0.014892986934054997,0.0,0.0,0.0
2024-06-13,0.16340659307883265,0.16254522096296806,0.15000000000000002,0.17595181404180069,0.32595181404180074,0.0008613721158646018,0.23399723800078046,0.0,0.0,0.0
2024-06-14,0.16096609776613907,0.1605319501356141,0.15000000000000002,0.17149804790175316,0.3214980479017532,0.0004341476305249545,0.007206098215466805,0.0,0.0,0.0
2024-06-17,0.285322375078252,0.3527061406884571,0.3,0.33802851576670906,0.638028515766709,-0.06738376561020515,0.3165304678649559,0.0,0.0,0.0
2024-06-18,0.3989691243775784,0.4547296550938,0.35,0.5036987794713784,0.8536987794713784,-0.05576053071622154,0.36397111211512295,0.0,0.0,0.0
2024-06-20,0.4214872192009352,0.4484736905228062,0.3,0.5699609097237414,0.8699609097237413,-0.02698647132187104,0.1287740593943505,0.0,0.0,0.0
2024-06-21,0.3123134214395645,0.3870119651468532,0.3,0.39932538658641764,0.6993253865864176,-0.07469854370728873,0.2745906308473607,0.0,0.0,0.0
2024-06-24,0.30730417506118046,0.3953766828086953,0.25,0.45268085786987566,0.7026808578698757,-0.08807250774751485,0.7778577509454747,0.0,0.0,0.0
2024-06-25,0.3072345348846367,0.37926561114211244,0.25,0.43650014602674914,0.6865001460267491,-0.07203107625747573,0.10591875733634042,0.0,0.0,0.0
2024-06-26,0.3058481205280467,0.3776502073180519,0.25,0.4334983278460986,0.6834983278460987,-0.07180208679000519,0.003252893896617738,0.0,0.0,0.0
2024-06-27,0.28539375001062195,0.3289020554499453,0.2,0.4142958054605672,0.6142958054605672,-0.043508305439323325,0.13136979760890655,0.0,0.0,0.0
2024-06-28,0.2723722151857504,0.313203167563887,0.2,0.3855753827496373,0.5855753827496373,-0.040830952378136554,0.02872042271092986,0.0,0.0,0.0
2024-07-01,0.38553270111806054,0.4195903732485684,0.2,0.6051230743666289,0.8051230743666289,-0.034057672130507866,0.3195476916169916,0.0,0.0,0.0
2024-07-02,0.715063480570393,0.7495712610104857,0.3,1.1646347415808787,1.4646347415808787,-0.03450778044009273,0.6595116672142498,0.0,0.0,0.0
2024-07-03,0.6889164176579621,0.7138508708624032,0.3,1.1027672885203652,1.4027672885203653,-0.024934453204441265,0.0618674530605135,0.0,0.0,0.0
2024-07-05,0.6826984248856087,0.7073852264784919,0.3,1.0900836513641006,1.3900836513641006,-0.024686801592883056,0.016963300984972424,0.0,0.0,0.0
2024-07-08,0.39757986752070074,0.3822031492310194,0.2,0.5797830167517202,0.7797830167517201,0.015376718289681346,0.6103006346123804,0.0,0.0,0.0
2024-07-09,0.3911887007419564,0.37388846704514855,0.2,0.5650771677871049,0.7650771677871049,0.017300233696807832,0.01625622282446186,0.0,0.0,0.0
2024-07-10,0.2729653281402392,0.2675461680721687,0.1,0.4405114962124078,0.5405114962124078,0.005419160068070555,0.2975341401172652,0.0,0.0,0.0
2024-07-11,0.3039328898186293,0.24385639252411484,0.15000000000000002,0.3977892823427442,0.5477892823427442,0.060076497294514475,0.24602154385601818,0.0,0.0,0.0
2024-07-12,0.30992485871062553,0.25229143997631936,0.15000000000000002,0.41221629868694487,0.5622162986869449,0.05763341873430618,0.01890494224386617,0.0,0.0,0.0
2024-07-15,0.3068839635344511,0.2502553979365877,0.15000000000000002,0.40713936147103874,0.5571393614710387,0.05662856559786342,0.01120852742959301,0.0,0.0,0.0
2024-07-16,0.3110247385738058,0.25803073449515246,0.15000000000000002,0.41905547306895824,0.5690554730689583,0.052994004078653345,0.015127562719418605,0.0,0.0,0.0
2024-07-17,0.3160073287870403,0.282792391603842,0.2,0.3987997203908823,0.5987997203908824,0.03321493718319826,0.11977906689545507,0.0,0.0,0.0
2024-07-18,0.27572959631885713,0.30365008251954806,0.15000000000000002,0.4293796788384052,0.5793796788384052,-0.02792048620069093,0.2787357765733266,0.0,0.0,0.0
2024-07-19,0.09705588156546453,0.13049635965784306,0.05,0.1775522412233076,0.22755224122330758,-0.03344047809237852,0.3952028138458039,0.0,0.0,0.0
2024-07-22,0.0,-0.0,0.0,0.0,0.0,0.0,0.2275522412233076,0.0,0.0,0.0
2024-07-23,0.0,-0.0,0.0,0.0,0.0,0.0,0.0,0.0,0.0,0.0
2024-07-24,0.0,-0.0,0.0,0.0,0.0,0.0,0.0,0.0,0.0,0.0
2024-07-25,0.0,-0.0,0.0,0.0,0.0,0.0,0.0,0.0,0.0,0.0
2024-07-26,0.0,-0.0,0.0,0.0,0.0,0.0,0.0,0.0,0.0,0.0
2024-07-29,0.0,-0.0,0.0,0.0,0.0,0.0,0.0,0.0,0.0,0.0
2024-07-30,0.0,-0.0,0.0,0.0,0.0,0.0,0.0,0.0,0.0,0.0
2024-07-31,0.0,-0.0,0.0,0.0,0.0,0.0,0.0,0.0,0.0,0.0
2024-08-01,0.166437336970355,0.15126820951800476,0.1,0.2177055464883598,0.3177055464883598,0.015169127452350259,0.3177055464883598,0.0,0.0,0.0
2024-08-02,0.2036217146229376,0.25714480725270195,0.15000000000000002,0.3107665218756395,0.46076652187563955,-0.05352309262976434,0.23417560809761306,0.0,0.0,0.0
2024-08-05,0.24594651173542645,0.4201058897954369,0.2,0.46605240153086336,0.6660524015308633,-0.17415937806001047,0.29529268841575285,0.0,0.0,0.0
2024-08-06,0.3333682574743726,0.42453472988515395,0.25,0.5079029873595264,0.7579029873595264,-0.09116647241078135,0.38177399701728343,0.0,0.0,0.0
2024-08-07,0.3334544916020262,0.4227354506708767,0.25,0.5061899422729029,0.7561899422729029,-0.08928095906885046,0.006611729229506966,0.0,0.0,0.0
2024-08-08,0.3329308822780158,0.42222430401060884,0.25,0.5051551862886245,0.7551551862886245,-0.08929342173259308,0.00103475598427831,0.0,0.0,0.0
2024-08-09,0.3362306608767798,0.4239393385569515,0.25,0.5101699994337313,0.7601699994337313,-0.0877086776801718,0.005014813145106642,0.0,0.0,0.0
2024-08-12,0.33139543411212274,0.4139424436337584,0.25,0.49533787774588106,0.745337877745881,-0.08254700952163561,0.014832121687850197,0.0,0.0,0.0
2024-08-13,0.3242201038759313,0.40992796367693185,0.25,0.4841480675528632,0.7341480675528632,-0.08570785980100062,0.026250230154494972,0.0,0.0,0.0
2024-08-14,0.32401752518987426,0.4148142360307181,0.25,0.48883176122059235,0.7388317612205924,-0.0907967108408439,0.00508885103984328,0.0,0.0,0.0
2024-08-15,0.2842903780754299,0.2645883947940448,0.2,0.3488787728694747,0.5488787728694747,0.019701983281385144,0.2588855999311693,0.0,0.0,0.0
2024-08-16,0.2608460875971795,0.2482531615006116,0.15000000000000002,0.3590992490977911,0.5090992490977911,0.012592926096567897,0.24006341163810557,0.0,0.0,0.0
2024-08-19,0.3121524861495791,0.29368758711054743,0.25,0.3558400732601265,0.6058400732601266,0.018464899039031604,0.21328252208103826,0.0,0.0,0.0
2024-08-20,0.3911777938505854,0.35725572966182495,0.25,0.4984335235124103,0.7484335235124103,0.03392206418876051,0.40154830487929044,0.0,0.0,0.0
2024-08-21,0.3864517661836541,0.3536660213234577,0.25,0.4901177875071118,0.7401177875071119,0.032785744860196475,0.008315736005298516,0.0,0.0,0.0
2024-08-22,0.38430693025138757,0.3504195634276608,0.25,0.4847264936790483,0.7347264936790483,0.033887366823726756,0.005391293828063498,0.0,0.0,0.0
2024-08-23,0.3909452505712586,0.3556746388978028,0.25,0.4966198894690613,0.7466198894690613,0.035270611673455826,0.011893395790013028,0.0,0.0,0.0
2024-08-26,0.21594564166141553,0.1980375370759641,0.25,0.1639831787373796,0.4139831787373796,0.01790810458545139,0.760603068206441,0.0,0.0,0.0
2024-08-27,0.17069627706455548,0.1554355739583187,0.25,0.07613185102287415,0.3261318510228741,0.015260703106236784,0.08785132771450548,0.0,0.0,0.0
2024-08-28,0.19099737255501242,0.18103646086495417,0.25,0.1220338334199666,0.3720338334199666,0.009960911690058236,0.04590198239709245,0.0,0.0,0.0
2024-08-29,0.30962561119963383,0.3086961411425628,0.2,0.4183217523421966,0.6183217523421967,0.0009294700570710579,0.34628791892223,0.0,0.0,0.0
2024-08-30,0.24092004960412933,0.2208822259553894,0.25,0.2118022755595187,0.4618022755595187,0.020037823648739933,0.25651947678267795,0.0,0.0,0.0
2024-09-03,0.3549617987120573,0.331931118130923,0.3,0.3868929168429803,0.6868929168429803,0.02303068058113429,0.2437375933510123,0.0,0.0,0.0
2024-09-04,0.2089489876360693,0.19341795429802733,0.15000000000000002,0.25236694193409664,0.40236694193409667,0.015531033338041976,0.45374102629746493,0.0,0.0,0.0
2024-09-05,0.3391369177537291,0.3147805576818214,0.25,0.40391747543555045,0.6539174754355505,0.024356360071907744,0.2775768224938772,0.0,0.0,0.0
2024-09-06,0.35278072276076644,0.3265358852479181,0.25,0.42931660800868454,0.6793166080086845,0.02624483751284827,0.0658013645340566,0.0,0.0,0.0
2024-09-09,0.31984562348858014,0.2985849830065662,0.2,0.41843060649514635,0.6184306064951464,0.02126064048201387,0.3108800821463047,0.0,0.0,0.0
2024-09-10,0.3346942631170752,0.31397345301606666,0.2,0.44866771613314177,0.6486677161331418,0.020720810101008513,0.032924141710456975,0.0,0.0,0.0
2024-09-11,0.11653236711620103,0.1405203381266868,0.2,0.057052705242887816,0.2570527052428878,-0.02398797101048576,0.7038721377260371,0.0,0.0,0.0
2024-09-12,0.16195854451365266,0.17813478213884276,0.15000000000000002,0.1900933266524954,0.3400933266524954,-0.01617623762519009,0.23958351805728845,0.0,0.0,0.0
2024-09-13,0.249912981186719,0.2835609319582637,0.2,0.33347391314498265,0.5334739131449826,-0.033647950771544685,0.2812844946574995,0.0,0.0,0.0
2024-09-16,0.2631399159554102,0.2903382474840688,0.25,0.303478163439479,0.553478163439479,-0.027198331528658568,0.12084366037801507,0.0,0.0,0.0
2024-09-17,0.23516458580186844,0.24603248540740508,0.2,0.2811970712092735,0.4811970712092735,-0.010867899605536649,0.09301273732559424,0.0,0.0,0.0
2024-09-18,0.26062383891445107,0.2979059586685848,0.3,0.2585297975830359,0.5585297975830359,-0.03728211975413376,0.3735857798514029,0.0,0.0,0.0
2024-09-19,0.2540187047874394,0.28687185543377136,0.3,0.2408905602212107,0.5408905602212106,-0.032853150646331986,0.02071944730011116,0.0,0.0,0.0
2024-09-20,0.2566286979334059,0.2998998104300982,0.3,0.25652850836350405,0.5565285083635041,-0.04327111249669233,0.03535159324385338,0.0,0.0,0.0
2024-09-23,0.31486491418735163,0.33617621510717904,0.3,0.3510411292945306,0.6510411292945306,-0.021311300919827456,0.4659566857970895,0.0,0.0,0.0
2024-09-24,0.3041635154468993,0.3272880224633472,0.3,0.33145153791024645,0.6314515379102464,-0.02312450701644797,0.02542767581259857,0.0,0.0,0.0
2024-09-25,0.2664151284916175,0.2797865158851447,0.25,0.2962016443767622,0.5462016443767622,-0.013371387393527182,0.10926324305380497,0.0,0.0,0.0
2024-09-26,0.19539396877387866,0.21158089804900118,0.2,0.20697486682287985,0.40697486682287987,-0.01618692927512251,0.4036418045472106,0.0,0.0,0.0
2024-09-27,0.3065733080378459,0.2999377814800982,0.2,0.40651108951794407,0.6065110895179441,0.006635526557747726,0.41418775087154397,0.0,0.0,0.0
2024-09-30,0.3036888863234031,0.2982703616342132,0.2,0.4019592479576163,0.6019592479576164,0.005418524689189838,0.007512354867840354,0.0,0.0,0.0
2024-10-01,0.2626927079569442,0.2597756106556652,0.15000000000000002,0.3724683186126094,0.5224683186126093,0.0029170973012790716,0.17792439051227607,0.0,0.0,0.0
2024-10-02,0.2395435606675015,0.22947143316204177,0.1,0.3690149938295432,0.46901499382954326,0.010072127505459688,0.15141640797695444,0.0,0.0,0.0
2024-10-03,0.24077720344899625,0.23104353625724422,0.1,0.3718207397062405,0.4718207397062405,0.00973366719175206,0.008883275904319726,0.0,0.0,0.0
2024-10-04,0.28679233466861653,0.2949197420699618,0.15000000000000002,0.43171207673857837,0.5817120767385784,-0.008127407401345266,0.30224719039518433,0.0,0.0,0.0
2024-10-07,0.11314004041582358,0.12225040047491695,0.1,0.13539044089074054,0.23539044089074054,-0.009110360059093367,0.34632163584783787,0.0,0.0,0.0
2024-10-08,0.23616411816996596,0.13939449707585344,0.15000000000000002,0.22555861524581938,0.3755586152458194,0.09676962109411255,0.33468357226751766,0.0,0.0,0.0
2024-10-09,0.23668572908227992,0.13920363334979846,0.15000000000000002,0.22588936243207838,0.3758893624320784,0.09748209573248148,0.01156358040740399,0.0,0.0,0.0
2024-10-10,0.2607892642065767,0.15277793133865944,0.15000000000000002,0.2635671955452361,0.41356719554523613,0.10801133286791732,0.04643691987955269,0.0,0.0,0.0
2024-10-11,0.24690456352755816,0.14824558478664895,0.15000000000000002,0.2451501483142071,0.39515014831420714,0.0986589787409092,0.11716047811340041,0.0,0.0,0.0
2024-10-14,0.2627207027373923,0.15526248999123224,0.15000000000000002,0.26798319272862453,0.41798319272862455,0.10745821274616005,0.029623663344807413,0.0,0.0,0.0
2024-10-15,0.3594422481971187,0.2594202346596775,0.15000000000000002,0.4688624828567962,0.6188624828567962,0.1000220135374412,0.38194902262866715,0.0,0.0,0.0
2024-10-16,0.3601348190420134,0.25953861204602396,0.15000000000000002,0.4696734310880374,0.6196734310880374,0.10059620699598942,0.008250357331756122,0.0,0.0,0.0
2024-10-17,0.34044292783094376,0.24336624875008908,0.15000000000000002,0.4338091765810329,0.5838091765810329,0.09707667908085471,0.054337308728811706,0.0,0.0,0.0
2024-10-18,0.2050626069913944,0.11148626177419163,0.1,0.21654886876558604,0.3165488687655861,0.09357634521720276,0.4866723799537463,0.0,0.0,0.0
2024-10-21,0.21122421537585867,0.11712975941575506,0.1,0.2283539747916137,0.3283539747916137,0.0940944559601036,0.02420538283055932,0.0,0.0,0.0
2024-10-22,0.45284501510501063,0.33083419346579335,0.15000000000000002,0.6336792085708038,0.7836792085708039,0.12201082163921734,0.9337203183224599,0.0,0.0,0.0
2024-10-23,0.5768146986829168,0.43163594960065294,0.25,0.7584506482835697,1.0084506482835698,0.14517874908226386,0.38678456986751086,0.0,0.0,0.0
2024-10-24,0.5803555470269774,0.4273658823649878,0.25,0.7577214293919652,1.0077214293919652,0.15298966466198965,0.04136500842889445,0.0,0.0,0.0
2024-10-25,0.4932012844598776,0.34572386130066296,0.25,0.5889251457605406,0.8389251457605406,0.1474774231592147,0.16879628363142463,0.0,0.0,0.0
2024-10-28,0.3930224151667554,0.36619946859483354,0.2,0.559221883761589,0.759221883761589,0.026822946571921857,0.29428183933302915,0.0,0.0,0.0
2024-10-29,0.37218485220854747,0.3559012260338883,0.2,0.5280860782424357,0.7280860782424357,0.016283626174659116,0.03515373541240112,0.0,0.0,0.0
2024-10-30,0.2212141736189038,0.2805999060584481,0.15000000000000002,0.3518140796773519,0.5018140796773519,-0.0593857324395443,0.4309161146923958,0.0,0.0,0.0
2024-10-31,0.20959942166408027,0.2706769723783581,0.15000000000000002,0.33027639404243836,0.4802763940424384,-0.06107755071427785,0.09727141242557058,0.0,0.0,0.0
2024-11-01,0.234659014899403,0.2586393156134591,0.15000000000000002,0.34329833051286207,0.4932983305128621,-0.02398030071405613,0.40107106076770666,0.0,0.0,0.0
2024-11-04,0.2742811539134199,0.2842104216294558,0.2,0.3584915755428757,0.5584915755428757,-0.009929267716035972,0.08937126704295219,0.0,0.0,0.0
2024-11-05,0.2749855572423696,0.2847964647278483,0.2,0.35978202197021786,0.5597820219702179,-0.00981090748547872,0.00129044642734219,0.0,0.0,0.0
2024-11-06,0.2759991027540536,0.281456854101149,0.2,0.3574559568552026,0.5574559568552027,-0.005457751347095446,0.015578416898629752,0.0,0.0,0.0
2024-11-07,0.30397063511779154,0.2906431051601311,0.2,0.3946137402779226,0.5946137402779226,0.013327529957660428,0.05936016309882952,0.0,0.0,0.0
2024-11-08,0.313773753741918,0.2999768046858975,0.2,0.4137505584278155,0.6137505584278156,0.013796949056020524,0.01913681814989293,0.0,0.0,0.0
2024-11-11,0.3107779009155127,0.2954827267025216,0.2,0.40626062761803433,0.6062606276180343,0.015295174212991092,0.0074899308097811645,0.0,0.0,0.0
2024-11-12,0.35384797958380226,0.3330349506270435,0.25,0.4368829302108458,0.6868829302108458,0.02081302895675874,0.09448214525623236,0.0,0.0,0.0
2024-11-13,0.24148712152069773,0.22728230637974622,0.2,0.2687694279004439,0.4687694279004439,0.014204815140951482,0.5485367860702828,0.0,0.0,0.0
2024-11-14,0.1947905614829633,0.18734602727137795,0.15000000000000002,0.23213658875434123,0.38213658875434126,0.007444534211585335,0.09606190379544521,0.0,0.0,0.0
2024-11-15,0.17919008808905176,0.16167599905923646,0.15000000000000002,0.1908660871482882,0.34086608714828825,0.0175140890298153,0.04127050160605303,0.0,0.0,0.0
2024-11-18,0.17644049663786465,0.15814236569368642,0.15000000000000002,0.18458286233155108,0.3345828623315511,0.01829813094417823,0.016181236564819804,0.0,0.0,0.0
2024-11-19,0.16406735998063582,0.16402201976910336,0.05,0.2780893797497392,0.3280893797497392,4.534021153246304e-05,0.20255912127464365,0.0,0.0,0.0
2024-11-20,0.163912089238894,0.16444077759982548,0.05,0.27835286683871946,0.32835286683871945,-0.0005286883609314785,0.011188585614697238,0.0,0.0,0.0
2024-11-21,0.1437703490827037,0.15639527840941164,0.1,0.20016562749211533,0.30016562749211534,-0.012624929326707966,0.15415731363025575,0.0,0.0,0.0
2024-11-22,0.06599588649067145,0.07773564775339675,0.05,0.09373153424406822,0.1437315342440682,-0.011739761262725301,0.32578798817340865,0.0,0.0,0.0
2024-11-25,0.06745441986298831,0.08009029687579072,0.05,0.09754471673877903,0.14754471673877903,-0.012635877012802426,0.00405613383689073,0.0,0.0,0.0
2024-11-26,0.19105986159085514,0.22292494657402404,0.15000000000000002,0.2639848081648791,0.41398480816487915,-0.03186508498316891,0.26644009142610015,0.0,0.0,0.0
2024-11-27,0.18203341643081056,0.2091882667864393,0.15000000000000002,0.24122168321724982,0.3912216832172498,-0.02715485035562873,0.022763124947629318,0.0,0.0,0.0
2024-11-29,0.18254542566425985,0.2103596224414791,0.15000000000000002,0.24290504810573899,0.392905048105739,-0.027814196777219247,0.0024909289610399454,0.0,0.0,0.0
2024-12-02,0.24510780697970683,0.30151684086406094,0.2,0.3466246478437678,0.5466246478437677,-0.05640903388435414,0.1537195997380288,0.0,0.0,0.0
2024-12-03,0.21943414115614857,0.26382996521051466,0.15000000000000002,0.33326410636666326,0.4832641063666633,-0.04439582405436612,0.1235995663619758,0.0,0.0,0.0
2024-12-04,0.12808907231343913,0.14672664392717108,0.1,0.17481571624061018,0.2748157162406102,-0.018637571613731946,0.20844839012605307,0.0,0.0,0.0
2024-12-05,0.2416294423498512,0.32296214083925573,0.2,0.36459158318910695,0.564591583189107,-0.08133269848940455,0.2897758669484968,0.0,0.0,0.0
2024-12-06,0.33562684255503683,0.4272419685015729,0.3,0.4628688110566097,0.7628688110566098,-0.09161512594653609,0.19827722786750274,0.0,0.0,0.0
2024-12-09,0.24527549586930625,0.3509972369477397,0.25,0.34627273281704596,0.596272732817046,-0.1057217410784335,0.1665960782395637,0.0,0.0,0.0
2024-12-10,0.4347109885144243,0.5352853236342424,0.35,0.6199963121486667,0.9699963121486667,-0.10057433511981811,0.3737235793316208,0.0,0.0,0.0
2024-12-11,0.4151682574986236,0.5059985699329572,0.35,0.5711668274315808,0.9211668274315807,-0.09083031243433348,0.07160777347980629,0.0,0.0,0.0
2024-12-12,0.4054434333310427,0.4962455038930437,0.35,0.5516889372240864,0.9016889372240864,-0.09080207056200099,0.019477890207494408,0.0,0.0,0.0
2024-12-13,0.4062430869318642,0.4916171267839249,0.35,0.547860213715789,0.897860213715789,-0.08537403985206068,0.005992450176254771,0.0,0.0,0.0
2024-12-16,0.6675614324130039,0.7875079681317303,0.39999999999999997,1.0550694005447343,1.4550694005447342,-0.11994653571872632,0.5572091868289453,0.0,0.0,0.0
2024-12-17,0.7636662080042977,0.9245008652517708,0.44999999999999996,1.2381670732560686,1.6881670732560685,-0.16083465724747298,0.2330976727113343,0.0,0.0,0.0
2024-12-18,0.6302412145504597,0.7828955297639751,0.39999999999999997,1.0131367443144348,1.4131367443144347,-0.15265431521351547,0.2791988880983596,0.0,0.0,0.0
2024-12-19,0.5644095503060185,0.664266366962827,0.35,0.8786759172688455,1.2286759172688455,-0.09985681665680851,0.18446082704558922,0.0,0.0,0.0
2024-12-20,0.48735539703494957,0.5414063978784761,0.3,0.7287617949134256,1.0287617949134256,-0.05405100084352654,0.1999141223554199,0.0,0.0,0.0
2024-12-23,0.39538422999218237,0.451498691014522,0.25,0.5968829210067044,0.8468829210067044,-0.05611446102233969,0.1818788739067213,0.0,0.0,0.0
2024-12-24,0.31234051985922734,0.36241303131621416,0.15000000000000002,0.5247535511754415,0.6747535511754416,-0.050072511456986823,0.18079430579291142,0.0,0.0,0.0
2024-12-26,0.3080757740827529,0.3323982801753243,0.1,0.5404740542580773,0.6404740542580772,-0.024322506092571416,0.07822426164883733,0.0,0.0,0.0
2024-12-27,0.05,0.06598088729382602,0.05,0.06598088729382602,0.11598088729382602,-0.015980887293826015,0.5679683333500845,0.0,0.0,0.0
2024-12-30,0.05,0.06454047774473763,0.05,0.06454047774473763,0.11454047774473763,-0.014540477744737627,0.004667044733164384,0.0,0.0,0.0
2024-12-31,0.0,-0.0,0.0,0.0,0.0,0.0,0.11454047774473763,0.0,0.0,0.0
2025-01-02,0.0,-0.0,0.0,0.0,0.0,0.0,0.0,0.0,0.0,0.0
2025-01-03,0.0,-0.0,0.0,0.0,0.0,0.0,0.0,0.0,0.0,0.0
2025-01-06,0.0,-0.0,0.0,0.0,0.0,0.0,0.0,0.0,0.0,0.0
2025-01-07,0.07044066400878464,0.08057952508474125,0.05,0.10102018909352589,0.15102018909352588,-0.010138861075956605,0.15102018909352588,0.0,0.0,0.0
2025-01-08,0.07900410820847303,0.08782394364459252,0.1,0.06682805185306555,0.16682805185306554,-0.00881983543611949,0.11593379585678999,0.0,0.0,0.0
2025-01-10,0.0889842083830685,0.1027670281206125,0.1,0.091751236503681,0.191751236503681,-0.013782819737543993,0.024923184650615448,0.0,0.0,0.0
2025-01-13,0.10452288133787818,0.12666237091340632,0.1,0.13118525225128447,0.23118525225128447,-0.022139489575528123,0.05722088149344099,0.0,0.0,0.0
2025-01-14,0.10603941396644383,0.1273350557509599,0.1,0.13337446971740374,0.23337446971740375,-0.02129564178451608,0.011069935425064376,0.0,0.0,0.0
2025-01-15,0.09478215037435397,0.11365294778269797,0.1,0.10843509815705193,0.20843509815705194,-0.018870797408344013,0.024939371560351795,0.0,0.0,0.0
2025-01-16,0.10133544649273435,0.10968281540336712,0.1,0.11101826189610145,0.21101826189610146,-0.008347368910632778,0.03009956745733692,0.0,0.0,0.0
2025-01-17,0.10520027384640104,0.11383992438756999,0.1,0.11904019823397102,0.21904019823397103,-0.008639650541168935,0.008021936337869573,0.0,0.0,0.0
2025-01-21,0.10599802801625485,0.11489541194363821,0.1,0.12089343995989306,0.22089343995989308,-0.00889738392738336,0.00399359848870727,0.0,0.0,0.0
2025-01-22,0.09182898912537386,0.09649063681080713,0.1,0.088319625936181,0.188319625936181,-0.0046616476854332775,0.03257381402371205,0.0,0.0,0.0
2025-01-23,0.08496711611948513,0.09088936726627217,0.1,0.07585648338575729,0.1758564833857573,-0.005922251146787051,0.012463142550423703,0.0,0.0,0.0
2025-01-24,0.09116742071284642,0.09719445083787154,0.05,0.13836187155071794,0.18836187155071793,-0.006027030125025125,0.11358024498943176,0.0,0.0,0.0
2025-01-27,0.11543086266232616,0.12656829070678616,0.1,0.14199915336911229,0.2419991533691123,-0.011137428044459982,0.12412208473915434,0.0,0.0,0.0
2025-01-28,0.18818958127854363,0.17400943620274079,0.15000000000000002,0.2121990174812844,0.3621990174812844,0.014180145075802855,0.2783716886867266,0.0,0.0,0.0
2025-01-29,0.1202872264661718,0.11189507344627499,0.1,0.1321822999124468,0.2321822999124468,0.008392153019896806,0.15975322082545634,0.0,0.0,0.0
2025-01-30,0.15070743811918114,0.13015906408602015,0.1,0.18086650220520128,0.28086650220520126,0.020548374033160996,0.14868420229275453,0.0,0.0,0.0
2025-01-31,0.14976756073257175,0.1281386883291541,0.1,0.17790624906172584,0.27790624906172584,0.02162887240341768,0.0029602531434754567,0.0,0.0,0.0
2025-02-03,0.13992926101724235,0.11408731157212468,0.1,0.15401657258936702,0.25401657258936705,0.025841949445117682,0.023889676472358814,0.0,0.0,0.0
2025-02-04,0.06610171300629597,0.05170587512131041,0.05,0.06780758812760637,0.11780758812760637,0.014395837884985552,0.16778976264174328,0.0,0.0,0.0
2025-02-05,0.07013067950885156,0.05431245826460951,0.05,0.07444313777346107,0.12444313777346107,0.015818221244242044,0.006635549645854689,0.0,0.0,0.0
2025-02-06,0.07607181294115622,0.057212374978110506,0.05,0.08328418791926673,0.13328418791926672,0.01885943796304572,0.2577273256927278,0.0,0.0,0.0
2025-02-07,0.07649315488990165,0.057811991622044034,0.05,0.08430514651194568,0.1343051465119457,0.01868116326785761,0.0016561444543459133,0.0,0.0,0.0
2025-02-10,0.07414623139494156,0.05704822069938517,0.05,0.08119445209432671,0.13119445209432673,0.017098010695556394,0.005041278865260349,0.0,0.0,0.0
2025-02-11,0.07251517561867288,0.0557378515605348,0.05,0.07825302717920768,0.12825302717920767,0.01677732405813808,0.0031697717195477045,0.0,0.0,0.0
2025-02-12,0.06989884697040549,0.054399168691467055,0.05,0.07429801566187254,0.12429801566187254,0.015499678278938438,0.004568187639692248,0.0,0.0,0.0
2025-02-13,0.24523914011679665,0.18085889768411484,0.15000000000000002,0.27609803780091147,0.4260980378009115,0.06438024243268184,0.30180002213903895,0.0,0.0,0.0
2025-02-14,0.255209717080231,0.18223964668002574,0.15000000000000002,0.2874493637602567,0.4374493637602567,0.07297007040020523,0.018713947134261427,0.0,0.0,0.0
2025-02-18,0.3116853569560234,0.2605699806128759,0.2,0.3722553375688993,0.5722553375688992,0.05111537634314754,0.18537683382026798,0.0,0.0,0.0
2025-02-19,0.2392758166120782,0.23018546959800895,0.2,0.26946128621008714,0.46946128621008715,0.009090347014069286,0.20279405135881215,0.0,0.0,0.0
2025-02-20,0.24273278843417015,0.23176137816057257,0.2,0.27449416659474274,0.47449416659474275,0.01097141027359759,0.005032880384655597,0.0,0.0,0.0
2025-02-21,0.14656069770333163,0.11937583592937215,0.1,0.16593653363270378,0.26593653363270375,0.027184861773959464,0.25455478200323844,0.0,0.0,0.0
2025-02-24,0.14157665045255383,0.11564859272186376,0.1,0.15722524317441758,0.2572252431744176,0.025928057730690075,0.016238423127820374,0.0,0.0,0.0
2025-02-25,0.14230989743287836,0.11644085166437536,0.1,0.15875074909725373,0.2587507490972537,0.025869045768503005,0.0015788945933564655,0.0,0.0,0.0
2025-02-26,0.18008126871841967,0.17546307691698518,0.15000000000000002,0.20554434563540486,0.3555443456354049,0.004618191801434524,0.15026448957836452,0.0,0.0,0.0
2025-02-27,0.1773822071498181,0.17193404901514373,0.15000000000000002,0.19931625616496182,0.34931625616496187,0.005448158134674377,0.008822156757097722,0.0,0.0,0.0
2025-02-28,0.18013736123575455,0.17382676966862323,0.15000000000000002,0.20396413090437776,0.3539641309043778,0.0063105915671313045,0.012643287685081914,0.0,0.0,0.0
2025-03-03,0.17180819578952902,0.1715475297578646,0.15000000000000002,0.19335572554739364,0.3433557255473937,0.0002606660316644138,0.01663971571762384,0.0,0.0,0.0
2025-03-04,0.3846771204369788,0.3751218382192674,0.2,0.5597989586562462,0.7597989586562461,0.009555282217711403,0.4164432331088526,0.0,0.0,0.0
2025-03-05,0.6018395438748452,0.5910899730215449,0.3,0.89292951689639,1.19292951689639,0.010749570853300416,0.49151085477880235,0.0,0.0,0.0
2025-03-06,0.5704485548458784,0.5720520036857815,0.25,0.8925005585316599,1.1425005585316599,-0.0016034488399031543,0.0876469803067965,0.0,0.0,0.0
2025-03-07,0.33385656535254793,0.359958981928591,0.2,0.49381554728113897,0.6938155472811389,-0.026102416576043064,0.4703396748557665,0.0,0.0,0.0
2025-03-10,0.32539216252935593,0.35355161064070023,0.2,0.47894377317005615,0.6789437731700562,-0.02815944811134427,0.03886757050031494,0.0,0.0,0.0
2025-03-11,0.30547752530176114,0.3062380602020389,0.15000000000000002,0.46171558550380004,0.6117155855038001,-0.0007605349002777206,0.13001634001921444,0.0,0.0,0.0
2025-03-12,0.3015292891302184,0.3041940192913909,0.15000000000000002,0.45572330842160924,0.6057233084216093,-0.002664730161172385,0.012523880304390632,0.0,0.0,0.0
2025-03-13,0.30561374125138197,0.27966042567043103,0.1,0.48527416692181297,0.585274166921813,0.02595331558095096,0.2713819542578766,0.0,0.0,0.0
2025-03-14,0.25043183680147935,0.22925655318585908,0.1,0.37968838998733845,0.4796883899873384,0.021175283615620266,0.8161415321510803,0.0,0.0,0.0
2025-03-17,0.24457311798512832,0.22617181664988636,0.1,0.3707449346350147,0.47074493463501466,0.018401301335241968,0.03747225557660712,0.0,0.0,0.0
2025-03-18,0.07508714353986788,0.056578163311556476,0.05,0.08166530685142435,0.13166530685142436,0.01850898022831141,0.45071406599404507,0.0,0.0,0.0
2025-03-19,0.07397597148322231,0.055893333246571,0.05,0.07986930472979331,0.1298693047297933,0.0180826382366513,0.00179600212163104,0.0,0.0,0.0
2025-03-20,0.07358247914214563,0.05584536068484594,0.05,0.07942783982699157,0.12942783982699158,0.01773711845729969,0.0009341781261002734,0.0,0.0,0.0
2025-03-21,0.07631000281277481,0.05869902374974868,0.05,0.08500902656252349,0.1350090265625235,0.01761097906302612,0.005581186735531915,0.0,0.0,0.0
2025-03-24,0.07687366960822756,0.05946364665687019,0.05,0.08633731626509775,0.13633731626509776,0.01741002295135736,0.0024425653118071433,0.0,0.0,0.0
2025-03-25,0.07696692518316911,0.05946175172208157,0.05,0.08642867690525068,0.13642867690525068,0.017505173461087542,0.0001513153543788344,0.0,0.0,0.0
2025-03-26,0.0795204493461638,0.0609270106129841,0.05,0.0904474599591479,0.1404474599591479,0.018593438733179694,0.005116443161495919,0.0,0.0,0.0
2025-03-27,0.08192948663729455,0.06216179150769997,0.05,0.09409127814499452,0.1440912781449945,0.019767695129594563,0.004203941452011899,0.0,0.0,0.0
2025-03-28,0.08215337351264843,0.06216976086261357,0.05,0.09432313437526199,0.144323134375262,0.019983612650034864,0.0011635336676837811,0.0,0.0,0.0
2025-03-31,0.08251292319852699,0.06215018730851975,0.05,0.09466311050704673,0.14466311050704672,0.020362735890007245,0.0012255806950471453,0.0,0.0,0.0
2025-04-01,0.202174267522786,0.23007433054896836,0.05,0.3822485980717544,0.43224859807175436,-0.027900063026182365,0.38758548756470756,0.0,0.0,0.0
2025-04-02,0.1980920590322931,0.22572514946626837,0.05,0.3738172084985615,0.42381720849856147,-0.027633090433975244,0.008431389573192866,0.0,0.0,0.0
2025-04-03,0.19505027591537316,0.22592013710469283,0.05,0.370970413020066,0.420970413020066,-0.03086986118931967,0.008047511795303247,0.0,0.0,0.0
2025-04-04,0.28852056070030563,0.3150933455493831,0.15000000000000002,0.4536139062496888,0.6036139062496888,-0.02657278484907752,0.7581209847393819,0.0,0.0,0.0
2025-04-07,0.3701936132784409,0.3930776155875064,0.2,0.5632712288659473,0.7632712288659473,-0.022884002309065538,0.3244047181587245,0.0,0.0,0.0
2025-04-08,0.4476302023651119,0.48865455834843424,0.25,0.686284760713546,0.936284760713546,-0.04102435598332231,0.17301353184759882,0.0,0.0,0.0
2025-04-09,0.44387691277234476,0.49112910902500645,0.25,0.6850060217973512,0.9350060217973512,-0.047252196252661735,0.02683879627079011,0.0,0.0,0.0
2025-04-10,0.4024154417329261,0.4705599598679937,0.25,0.6229754016009199,0.8729754016009199,-0.06814451813506764,0.39285581896188215,0.0,0.0,0.0
2025-04-11,0.3824346005556325,0.44397045079062525,0.25,0.5764050513462577,0.8264050513462577,-0.06153585023499281,0.05874367376721693,0.0,0.0,0.0
2025-04-14,0.4517202233556035,0.5394918017008421,0.3,0.6912120250564455,0.9912120250564456,-0.08777157834523858,0.1758351383270803,0.0,0.0,0.0
2025-04-15,0.4754995653964611,0.5656339173132192,0.3,0.7411334827096803,1.0411334827096803,-0.09013435191675806,0.06548096452558017,0.0,0.0,0.0
2025-04-16,0.47590637741131725,0.5648815712608639,0.3,0.7407879486721812,1.0407879486721812,-0.08897519384954668,0.011023583251225752,0.0,0.0,0.0
2025-04-17,0.48981136698949784,0.5803130294122225,0.3,0.7701243964017203,1.0701243964017202,-0.0905016624227246,0.04292574503134036,0.0,0.0,0.0
2025-04-21,0.6514551095303242,0.7572641510544342,0.35,1.0587192605847584,1.4087192605847583,-0.10580904152411007,0.3919724124721621,0.0,0.0,0.0
2025-04-22,0.2468349558496017,0.2840538665717714,0.1,0.4308888224213731,0.5308888224213731,-0.037218910722169735,0.8778304381633852,0.0,0.0,0.0
2025-04-23,0.2501370671364622,0.28717234135256847,0.1,0.4373094084890307,0.5373094084890307,-0.03703527421610624,0.022240484356751536,0.0,0.0,0.0
2025-04-24,0.21363773777323297,0.23972771576267748,0.1,0.3533654535359104,0.4533654535359104,-0.026089977989444547,0.14053253687398604,0.0,0.0,0.0
2025-04-25,0.265668711453923,0.3073960811406832,0.15000000000000002,0.4230647925946063,0.5730647925946063,-0.04172736968676016,0.13985684684765087,0.0,0.0,0.0
2025-04-28,0.3047289555681267,0.34604658940558447,0.15000000000000002,0.5007755449737111,0.6507755449737112,-0.04131763383745782,0.3315746291336284,0.0,0.0,0.0
2025-04-29,0.306141171108381,0.34869197995661844,0.15000000000000002,0.5048331510649995,0.6548331510649995,-0.04255080884823742,0.011099475548205354,0.0,0.0,0.0
2025-04-30,0.3504037832674688,0.40341496455305925,0.2,0.5538187478205281,0.753818747820528,-0.053011181285590514,0.09898559675552857,0.0,0.0,0.0
2025-05-01,0.3089109188727531,0.3509260493346124,0.2,0.4598369682073655,0.6598369682073655,-0.042015130461859285,0.5894165658089426,0.0,0.0,0.0
2025-05-02,0.30879465289865193,0.3505878649084293,0.2,0.45938251780708117,0.6593825178070811,-0.041793212009777425,0.0028314171692102735,0.0,0.0,0.0
2025-05-05,0.33229221893674665,0.3932763709666762,0.3,0.4255685899034229,0.7255685899034229,-0.06098415202992957,0.2877696217196376,0.0,0.0,0.0
2025-05-06,0.3529890551132942,0.413029743341518,0.3,0.4660187984548122,0.7660187984548121,-0.06004068822822378,0.04045020855138931,0.0,0.0,0.0
2025-05-07,0.37244653401582345,0.4310580829772017,0.3,0.5035046169930252,0.8035046169930251,-0.058611548961378296,0.037485818538213006,0.0,0.0,0.0
2025-05-08,0.37236245759367975,0.4311510014947582,0.3,0.503513459088438,0.8035134590884381,-0.05878854390107849,0.002510848384485287,0.0,0.0,0.0
2025-05-09,0.335644645112527,0.39478937506961354,0.3,0.4304340201821405,0.7304340201821404,-0.059144729957086445,0.07307943890629748,0.0,0.0,0.0
2025-05-12,0.2468044074348164,0.29083311794811073,0.25,0.28763752538292714,0.5376375253829271,-0.044028710513294364,0.19279649479921335,0.0,0.0,0.0
2025-05-13,0.276060927697312,0.3175873812080142,0.25,0.34364830890532616,0.5936483089053262,-0.04152645351070222,0.05601078352239901,0.0,0.0,0.0
2025-05-14,0.2855226566777724,0.3256051959121758,0.25,0.3611278525899481,0.6111278525899482,-0.040082539234403414,0.023694556866980257,0.0,0.0,0.0
2025-05-15,0.22606531047604017,0.2698577919302311,0.25,0.24592310240627124,0.49592310240627124,-0.04379248145419094,0.11520475018367692,0.0,0.0,0.0
2025-05-16,0.2086798702178247,0.25729173862700466,0.2,0.26597160884482934,0.46597160884482935,-0.048611868409180026,0.10481938695498909,0.0,0.0,0.0
2025-05-19,0.24986529866350385,0.31044228225087345,0.2,0.3603075809143773,0.5603075809143774,-0.060576983587369626,0.3924006660195355,0.0,0.0,0.0
2025-05-20,0.25108157708598916,0.31108268972668873,0.2,0.3621642668126779,0.5621642668126778,-0.060001112640699544,0.01770777950852291,0.0,0.0,0.0
2025-05-21,0.25968267407663126,0.3207033096100971,0.2,0.3803859836867283,0.5803859836867283,-0.06102063553346587,0.01822171687405047,0.0,0.0,0.0
2025-05-22,0.26544856047268195,0.31762251721345947,0.15000000000000002,0.4330710776861414,0.5830710776861414,-0.05217395674077757,0.10712157486445206,0.0,0.0,0.0
2025-05-23,0.266842896916478,0.3189410537979433,0.15000000000000002,0.4357839507144213,0.5857839507144214,-0.05209815688146535,0.002712873028279869,0.0,0.0,0.0
2025-05-27,0.26596568107257523,0.3187141578535594,0.15000000000000002,0.4346798389261346,0.5846798389261346,-0.0527484767809841,0.006063335251870153,0.0,0.0,0.0
2025-05-28,0.3293051299597322,0.3759955505109895,0.2,0.5053006804707217,0.7053006804707218,-0.0466904205512573,0.13634763267435554,0.0,0.0,0.0
2025-05-29,0.3116499969231468,0.3600052529355209,0.2,0.4716552498586676,0.6716552498586676,-0.048355256012373976,0.04000544591974892,0.0,0.0,0.0
2025-05-30,0.4168818787523686,0.4747206570959383,0.25,0.641602535848307,0.891602535848307,-0.05783877834356965,0.3723976482671346,0.0,0.0,0.0
2025-06-02,0.30848275705483985,0.34311758442864293,0.2,0.4516003414834827,0.6516003414834828,-0.034634827373803134,0.24000219436482417,0.0,0.0,0.0
2025-06-03,0.1801179342985987,0.19063849473472205,0.2,0.17075642903332075,0.37075642903332073,-0.010520560436123344,0.4705828324698407,0.0,0.0,0.0
2025-06-04,0.19050006875252196,0.2002460344722292,0.2,0.1907461032247511,0.3907461032247511,-0.009745965719707247,0.019989674191430377,0.0,0.0,0.0
2025-06-05,0.1966317280150212,0.2064402450484706,0.2,0.20307197306349178,0.4030719730634918,-0.009808517033449413,0.01232586983874067,0.0,0.0,0.0
2025-06-06,0.20287090040078698,0.21528161830118364,0.2,0.2181525187019706,0.4181525187019706,-0.012410717900396676,0.023374770717964156,0.0,0.0,0.0
2025-06-09,0.12819545109134783,0.13823883603301407,0.2,0.06643428712436189,0.2664342871243619,-0.01004338494166624,0.38458680582633253,0.0,0.0,0.0
2025-06-10,0.2829396853120928,0.2809533913902277,0.25,0.3138930767023204,0.5638930767023205,0.001986293921865112,0.29745878957795857,0.0,0.0,0.0
2025-06-11,0.16595301599097684,0.15588395623788426,0.2,0.1218369722288611,0.3218369722288611,0.010069059753092566,0.24205610447345932,0.0,0.0,0.0
2025-06-12,0.15740235730645558,0.14871132296429815,0.2,0.10611368027075371,0.3061136802707537,0.008691034342157407,0.016202015869227558,0.0,0.0,0.0
2025-06-13,0.15012844169783113,0.14021876530770258,0.15000000000000002,0.14034720700553371,0.29034720700553374,0.00990967639012856,0.158470898998026,0.0,0.0,0.0
2025-06-16,0.14398580442072473,0.11769498146356243,0.1,0.16168078588428714,0.2616807858842871,0.0262908229571623,0.11638114656703374,0.0,0.0,0.0
2025-06-17,0.1435821589101248,0.11711308313042205,0.1,0.16069524204054686,0.26069524204054684,0.02646907577970274,0.0030058358419177422,0.0,0.0,0.0
2025-06-18,0.15205019574576817,0.10071876998646774,0.15000000000000002,0.1027689657322359,0.25276896573223595,0.05133142575930043,0.27434979616187816,0.0,0.0,0.0
2025-06-20,0.14703819555421577,0.1,0.15000000000000002,0.09703819555421579,0.2470381955542158,0.04703819555421578,0.060487342908652465,0.0,0.0,0.0
2025-06-23,0.25881170700701606,0.21991717063780958,0.2,0.2787288776448256,0.47872887764482563,0.03889453636920655,0.2502377073457259,0.0,0.0,0.0
2025-06-24,0.23808816824425333,0.20158077759592263,0.2,0.23966894584017595,0.43966894584017596,0.03650739064833071,0.05320427396458139,0.0,0.0,0.0
2025-06-25,0.23437343192034374,0.1964000092750133,0.2,0.23077344119535703,0.43077344119535704,0.03797342264533046,0.016695578705616068,0.0,0.0,0.0
2025-06-26,0.2218598007319038,0.1845227825973898,0.2,0.2063825833292936,0.4063825833292936,0.037337018134514045,0.026652940385332502,0.0,0.0,0.0
2025-06-27,0.195503300975729,0.1613050587905146,0.2,0.15680835976624352,0.35680835976624353,0.0341982421852144,0.05103851523591993,0.0,0.0,0.0
2025-06-30,0.18252385368708407,0.1604703104161168,0.15000000000000002,0.19299416410320086,0.3429941641032009,0.022053543270967257,0.1303214936768581,0.0,0.0,0.0
2025-07-01,0.14249734192778693,0.13040697250598218,0.1,0.1729043144337691,0.2729043144337691,0.012090369421804747,0.18343964536666438,0.0,0.0,0.0
2025-07-02,0.23496923062717837,0.18354231729352266,0.2,0.218511547920701,0.418511547920701,0.051426913333655705,0.4370816903690974,0.0,0.0,0.0
2025-07-03,0.11710481175156899,0.09359600928672311,0.1,0.1107008210382921,0.2107008210382921,0.02350880246484588,0.42921236895899306,0.0,0.0,0.0
2025-07-07,0.1266764227620655,0.12949770523729995,0.05,0.20617412799936544,0.25617412799936545,-0.0028212824752344434,0.2972540797178449,0.0,0.0,0.0
2025-07-08,0.12858995003280171,0.1326295943211557,0.05,0.2112195443539574,0.2612195443539574,-0.0040396442883539815,0.005341541023509609,0.0,0.0,0.0
2025-07-09,0.24234528556770318,0.2217512024487632,0.1,0.36409648801646644,0.4640964880164664,0.020594083118939982,0.3390738974055673,0.0,0.0,0.0
2025-07-10,0.22863719529162818,0.19239806841673618,0.2,0.22103526370836435,0.42103526370836436,0.036239126874892044,0.3771893471767091,0.0,0.0,0.0
2025-07-11,0.2274116503332702,0.1811783905241643,0.25,0.15859004085743447,0.40859004085743444,0.046233259809105934,0.29549718169719175,0.0,0.0,0.0
2025-07-14,0.2669883653481153,0.22893265434794427,0.25,0.2459210196960596,0.4959210196960596,0.03805571100017108,0.1351016267738513,0.0,0.0,0.0
2025-07-15,0.26485643505648504,0.2291536992504595,0.25,0.24401013430694452,0.4940101343069445,0.03570273580602552,0.035754132430652494,0.0,0.0,0.0
2025-07-16,0.24822596754623547,0.21559571296644187,0.2,0.26382168051267735,0.46382168051267736,0.032630254579793586,0.4332634987334292,0.0,0.0,0.0
2025-07-17,0.20697540933681927,0.1759777209218195,0.3,0.08295313025863876,0.38295313025863875,0.030997688414999724,0.4467748107713161,0.0,0.0,0.0
2025-07-18,0.206265760375412,0.17814730386548594,0.3,0.08441306424089791,0.3844130642408979,0.028118456509926046,0.004637376838671783,0.0,0.0,0.0
2025-07-21,0.20383453508608826,0.18234529934434995,0.3,0.08617983443043817,0.38617983443043813,0.021489235741738305,0.019995432181974734,0.0,0.0,0.0
2025-07-22,0.38308620019947826,0.33489289218720586,0.25,0.4679790923866841,0.7179790923866841,0.04819330801227237,0.6711526679557771,0.0,0.0,0.0
2025-07-23,0.39130269397738066,0.3398316092216105,0.25,0.48113430319899114,0.7311343031989912,0.05147108475577011,0.01675643204214481,0.0,0.0,0.0
2025-07-24,0.24606164654472523,0.20216081590892127,0.3,0.1482224624536465,0.4482224624536465,0.04390083063580397,0.48291184074534466,0.0,0.0,0.0
2025-07-25,0.2,0.1925566353394126,0.25,0.1425566353394126,0.3925566353394126,0.007443364660587426,0.2678296162460035,0.0,0.0,0.0
2025-07-28,0.1539129969430085,0.14364848866219326,0.2,0.09756148560520173,0.29756148560520174,0.010264508280815217,0.17557859891850003,0.0,0.0,0.0
2025-07-29,0.15106001357611348,0.14095390218348214,0.2,0.0920139157595956,0.2920139157595956,0.010106111392631359,0.008102364387606139,0.0,0.0,0.0
2025-07-30,0.15000000000000002,0.13696397445293082,0.2,0.0869639744529308,0.2869639744529308,0.013036025547069195,0.048452406084610856,0.0,0.0,0.0
2025-07-31,0.15000000000000002,0.1307352714564576,0.15000000000000002,0.1307352714564576,0.2807352714564576,0.019264728543542407,0.0937712970035268,0.0,0.0,0.0
2025-08-01,0.15901658624618853,0.17297396376685908,0.15000000000000002,0.1819905500130476,0.3319905500130476,-0.013957377520670555,0.24552060241940554,0.0,0.0,0.0
2025-08-04,0.16382156584432506,0.16595112640180198,0.15000000000000002,0.17977269224612702,0.32977269224612704,-0.0021295605574769144,0.01182781696319364,0.0,0.0,0.0
2025-08-05,0.15000000000000002,0.16285318872391677,0.2,0.11285318872391678,0.31285318872391676,-0.012853188723916761,0.12304905078987721,0.0,0.0,0.0
2025-08-06,0.15000000000000002,0.14625564945291641,0.15000000000000002,0.14625564945291641,0.29625564945291644,0.003744350547083601,0.08340246072899965,0.0,0.0,0.0
2025-08-07,0.15000000000000002,0.14800285427322954,0.15000000000000002,0.14800285427322954,0.2980028542732296,0.00199714572677049,0.030343504879449687,0.0,0.0,0.0
2025-08-08,0.15000000000000002,0.11094006595625637,0.15000000000000002,0.11094006595625637,0.2609400659562564,0.03905993404374365,0.14593969531155299,0.0,0.0,0.0
2025-08-11,0.21982353561761236,0.19118998108746826,0.2,0.21101351670508062,0.41101351670508063,0.0286335545301441,0.1546911984329869,0.0,0.0,0.0
2025-08-12,0.23265892751534123,0.20494624963122313,0.2,0.23760517714656437,0.4376051771465644,0.027712677884118117,0.02659166044148374,0.0,0.0,0.0
2025-08-13,0.23758322841385454,0.2177114655040365,0.2,0.25529469391789106,0.45529469391789107,0.019871762909818055,0.017689516771326685,0.0,0.0,0.0
2025-08-14,0.1570143057258206,0.13391194136803986,0.15000000000000002,0.14092624709386042,0.29092624709386045,0.023102364357780736,0.16436844682403062,0.0,0.0,0.0
2025-08-15,0.25026626052850764,0.18953907506615653,0.2,0.2398053355946641,0.4398053355946641,0.06072718546235109,0.20638990192089063,0.0,0.0,0.0
2025-08-18,0.1515672653305483,0.1001152614406158,0.1,0.1516825267711641,0.2516825267711641,0.05145200388993249,0.19593659964996754,0.0,0.0,0.0
2025-08-19,0.15459886294949432,0.10023570891265302,0.1,0.15483457186214733,0.2548345718621473,0.054363154036841284,0.012529287332482392,0.0,0.0,0.0
2025-08-20,0.3370499622217278,0.2839109878841097,0.15000000000000002,0.4709609501058375,0.6209609501058375,0.05313897433761816,0.42467324674956386,0.0,0.0,0.0
2025-08-21,0.33893414033391417,0.2853316424597684,0.15000000000000002,0.47426578279368253,0.6242657827936826,0.05360249787414578,0.0469633916218999,0.0,0.0,0.0
2025-08-22,0.3543051350657867,0.28917340476332976,0.15000000000000002,0.4934785398291165,0.6434785398291165,0.06513173030245692,0.019212757035433903,0.0,0.0,0.0
2025-08-25,0.3684126766407767,0.2959794782210462,0.15000000000000002,0.5143921548618229,0.6643921548618229,0.07243319841973045,0.020913615032706417,0.0,0.0,0.0
2025-08-26,0.3677264922761928,0.2963562698826643,0.15000000000000002,0.5140827621588571,0.6640827621588571,0.07137022239352847,0.0037043076710806533,0.0,0.0,0.0
2025-08-27,0.3292907090853124,0.2799007239323141,0.1,0.5091914330176264,0.6091914330176263,0.049389985152998334,0.08458751581061828,0.0,0.0,0.0
2025-08-28,0.3183730093796746,0.26844315859504714,0.1,0.4868161679747218,0.5868161679747218,0.049929850784627486,0.03981227582951473,0.0,0.0,0.0
2025-08-29,0.35335995026060874,0.29388640873947647,0.2,0.44724635900008514,0.6472463590000852,0.05947354152113224,0.2548235047504823,0.0,0.0,0.0
2025-09-02,0.3554261928206275,0.2970458249044996,0.2,0.45247201772512713,0.6524720177251271,0.05838036791612791,0.03288092015165671,0.0,0.0,0.0
2025-09-03,0.3677660999806984,0.30956852612972374,0.2,0.4773346261104221,0.6773346261104221,0.0581975738509746,0.042093638110565185,0.0,0.0,0.0
2025-09-04,0.3719437421833268,0.3478590663264328,0.2,0.5198028085097596,0.7198028085097596,0.024084675856894,0.3137199641711216,0.0,0.0,0.0
2025-09-05,0.40283955174113484,0.3815547981616594,0.2,0.5843943499027942,0.7843943499027941,0.0212847535794754,0.18340299727043746,0.0,0.0,0.0
2025-09-08,0.49013022364140446,0.4982208734187589,0.3,0.6883510970601634,0.9883510970601634,-0.008090649777354464,0.28617820844000463,0.0,0.0,0.0
2025-09-09,0.4009204171641485,0.39669808102345555,0.25,0.547618498187604,0.797618498187604,0.0042223361406929505,1.0613800610808188,0.0,0.0,0.0
2025-09-10,0.3572713812261197,0.35748021804585817,0.3,0.4147515992719778,0.7147515992719777,-0.00020883681973843382,0.5014345210595414,0.0,0.0,0.0
2025-09-11,0.6135994278179673,0.6071005301895787,0.2,1.0206999580075462,1.2206999580075462,0.006498897628388733,1.4394764169711998,0.0,0.0,0.0
2025-09-12,0.5176671249956175,0.5039406589790231,0.15000000000000002,0.8716077839746406,1.0216077839746407,0.013726466016594496,0.23689594339034792,0.0,0.0,0.0
2025-09-15,0.5500391759848875,0.5438510581397916,0.15000000000000002,0.9438902341246791,1.0938902341246792,0.00618811784509582,0.07228245015003859,0.0,0.0,0.0
2025-09-16,0.5411439562836973,0.5328622459495079,0.15000000000000002,0.9240062022332052,1.074006202233205,0.00828171033418934,0.01988403189147403,0.0,0.0,0.0
2025-09-17,0.5112000991527963,0.5120954030796818,0.15000000000000002,0.8732955022324781,1.0232955022324781,-0.0008953039268854157,0.050710700000727,0.0,0.0,0.0
2025-09-18,0.6645257578384045,0.6796434300963606,0.2,1.144169187934765,1.344169187934765,-0.015117672257956127,0.420873685702287,0.0,0.0,0.0
2025-09-19,0.6905600426216569,0.7018361902267365,0.15000000000000002,1.2423962328483933,1.3923962328483932,-0.011276147605079556,0.17724665699427866,0.0,0.0,0.0
2025-09-22,0.9161146830118594,0.9006170893441856,0.2,1.616731772356045,1.816731772356045,0.015497593667673892,0.4243355395076515,0.0,0.0,0.0
2025-09-23,0.31240452615786374,0.3018537458444459,0.15000000000000002,0.4642582720023096,0.6142582720023096,0.010550780313417829,1.2024735003537352,0.0,0.0,0.0
2025-09-24,0.3048707905912874,0.3000143139143416,0.15000000000000002,0.45488510450562897,0.6048851045056289,0.004856476676945831,0.009373167496680615,0.0,0.0,0.0
2025-09-25,0.28558781863982957,0.28694954359258745,0.15000000000000002,0.422537362232417,0.572537362232417,-0.0013617249527578812,0.03234774227321194,0.0,0.0,0.0
2025-09-26,0.11917124487264281,0.13588649864987334,0.1,0.15505774352251617,0.2550577435225162,-0.016715253777230543,0.3174796187099008,0.0,0.0,0.0
2025-09-29,0.12261111899349306,0.13699148692271604,0.1,0.1596026059162091,0.2596026059162091,-0.014380367929222967,0.004544862393692922,0.0,0.0,0.0
2025-09-30,0.05827072526081511,0.07054445391328241,0.05,0.07881517917409751,0.12881517917409752,-0.012273728652467304,0.13801458541663714,0.0,0.0,0.0
2025-10-01,0.05252560178444739,0.06627494716414217,0.05,0.06880054894858956,0.11880054894858956,-0.013749345379694775,0.016341712066474313,0.0,0.0,0.0
2025-10-02,0.0,-0.0,0.0,0.0,0.0,0.0,0.11880054894858955,0.0,0.0,0.0
2025-10-03,0.0,-0.0,0.0,0.0,0.0,0.0,0.0,0.0,0.0,0.0
2025-10-06,0.0,-0.0,0.0,0.0,0.0,0.0,0.0,0.0,0.0,0.0
2025-10-07,0.0,-0.0,0.0,0.0,0.0,0.0,0.0,0.0,0.0,0.0
2025-10-08,0.0,-0.0,0.0,0.0,0.0,0.0,0.0,0.0,0.0,0.0
2025-10-09,0.0,-0.0,0.0,0.0,0.0,0.0,0.0,0.0,0.0,0.0
2025-10-10,0.0,-0.0,0.0,0.0,0.0,0.0,0.0,0.0,0.0,0.0
2025-10-13,0.0,-0.0,0.0,0.0,0.0,0.0,0.0,0.0,0.0,0.0
2025-10-14,0.054584554293503534,0.0639872289521153,0.05,0.06857178324561883,0.11857178324561883,-0.009402674658611766,0.11857178324561884,0.0,0.0,0.0
2025-10-15,0.0,-0.0,0.0,0.0,0.0,0.0,0.11857178324561884,0.0,0.0,0.0
2025-10-16,0.0,-0.0,0.0,0.0,0.0,0.0,0.0,0.0,0.0,0.0
2025-10-17,0.054866897665362103,0.08688663684520961,0.05,0.09175353451057172,0.1417535345105717,-0.03201973917984752,0.1417535345105717,0.0,0.0,0.0
2025-10-20,0.060389848647968904,0.1,0.1,0.060389848647968904,0.1603898486479689,-0.0396101513520311,0.14554470184632648,0.0,0.0,0.0
2025-10-21,0.06688964425148003,0.1,0.1,0.06688964425148003,0.16688964425148003,-0.033110355748519976,0.023158470129828593,0.0,0.0,0.0
2025-10-22,0.06495439195207257,0.1,0.1,0.06495439195207257,0.16495439195207257,-0.03504560804792743,0.011547188777521682,0.0,0.0,0.0
2025-10-23,0.07127693525349504,0.10698583829541078,0.1,0.07826277354890582,0.17826277354890582,-0.03570890304191572,0.0150249574275069,0.0,0.0,0.0
2025-10-24,0.07184228141731955,0.10925904133753611,0.1,0.08110132275485565,0.18110132275485566,-0.03741675992021658,0.011185008979806309,0.0,0.0,0.0
2025-10-27,0.07093840124498894,0.11023206450460937,0.1,0.0811704657495983,0.1811704657495983,-0.03929366325962043,0.007117121274452274,0.0,0.0,0.0
2025-10-28,0.1495682188740894,0.15000000000000002,0.15000000000000002,0.1495682188740894,0.2995682188740894,-0.00043178112591062134,0.14369657915717637,0.0,0.0,0.0
2025-10-29,0.19620356476594633,0.2,0.2,0.19620356476594633,0.3962035647659463,-0.00379643523405368,0.09663534589185693,0.0,0.0,0.0
2025-10-30,0.0323325563718157,0.05,0.05,0.0323325563718157,0.0823325563718157,-0.0176674436281843,0.3138710083941306,0.0,0.0,0.0
2025-10-31,0.18513119503078168,0.14047785819326783,0.1,0.2256090532240495,0.32560905322404954,0.04465333683751385,0.3834448198071999,0.0,0.0,0.0
2025-11-03,0.19330156467366305,0.1455921104248,0.1,0.23889367509846304,0.338893675098463,0.04770945424886303,0.015388026944303933,0.0,0.0,0.0
2025-11-04,0.18454241739588134,0.13974937730311002,0.1,0.22429179469899135,0.3242917946989914,0.044793040092771325,0.014601880399471676,0.0,0.0,0.0
2025-11-05,0.07387718260955595,0.09226435219243435,0.05,0.1161415348019903,0.1661415348019903,-0.018387169582878414,0.1857312127857433,0.0,0.0,0.0
2025-11-06,0.19163303923311809,0.13164025402953308,0.15000000000000002,0.17327329326265117,0.3232732932626512,0.059992785203585,0.2075789216772694,0.0,0.0,0.0
2025-11-07,0.1784037657310842,0.12021774579005903,0.15000000000000002,0.14862151152114322,0.29862151152114325,0.058186019941025166,0.024651781741507946,0.0,0.0,0.0
2025-11-10,0.168380406720017,0.11226725473712505,0.15000000000000002,0.13064766145714207,0.2806476614571421,0.05611315198289196,0.017973850064001165,0.0,0.0,0.0
2025-11-11,0.15880434954511743,0.15267501006670825,0.15000000000000002,0.1614793596118257,0.3114793596118257,0.006129339478409171,0.32122370518932364,0.0,0.0,0.0
2025-11-12,0.1642004336203261,0.16280580156488994,0.15000000000000002,0.17700623518521605,0.3270062351852161,0.0013946320554361902,0.02520060742432456,0.0,0.0,0.0
2025-11-13,0.10879987745120079,0.11418636217996667,0.1,0.12298623963116745,0.22298623963116745,-0.005386484728765878,0.14395656562976789,0.0,0.0,0.0
2025-11-14,0.12603546617412245,0.06882136567404554,0.1,0.09485683184816798,0.194856831848168,0.05721410050007693,0.27790650140361617,0.0,0.0,0.0
2025-11-17,0.11705424925743824,0.06907897780599241,0.05,0.13613322706343065,0.18613322706343066,0.04797527145144582,0.09127639521526265,0.0,0.0,0.0
2025-11-18,0.11998599322891979,0.12066250468755516,0.05,0.19064849791647492,0.2406484979164749,-0.0006765114586353704,0.4267817249799056,0.0,0.0,0.0
2025-11-19,0.11970002580051227,0.11813780692043371,0.05,0.18783783272094598,0.237837832720946,0.0015622188800785627,0.00885439014208559,0.0,0.0,0.0
2025-11-20,0.23745842140029275,0.22278232014803767,0.15000000000000002,0.3102407415483304,0.46024074154833045,0.014676101252255047,0.22240290882738448,0.0,0.0,0.0
2025-11-21,0.2369978019994792,0.22295590744980706,0.15000000000000002,0.30995370944928624,0.45995370944928626,0.014041894549672133,0.029182297171670375,0.0,0.0,0.0
2025-11-24,0.24053900944468318,0.23203096400106868,0.15000000000000002,0.3225699734457518,0.4725699734457518,0.008508045443614512,0.025666137814196376,0.0,0.0,0.0
2025-11-25,0.22949084482077667,0.21856220151966144,0.15000000000000002,0.2980530463404381,0.44805304634043813,0.010928643301115204,0.03971483306728778,0.0,0.0,0.0
2025-11-26,0.27999873484873233,0.31823448966833123,0.2,0.39823322451706356,0.5982332245170636,-0.03823575481959893,0.15018017817662543,0.0,0.0,0.0
2025-11-28,0.28137147094209947,0.32070915972318664,0.2,0.4020806306652861,0.6020806306652862,-0.03933768878108719,0.003847406148222529,0.0,0.0,0.0
2025-12-01,0.28299231317218265,0.3248998329399879,0.25,0.3578921461121706,0.6078921461121706,-0.04190751976780533,0.2834435152067887,0.0,0.0,0.0
2025-12-02,0.23803851077246113,0.2503157022860708,0.25,0.23835421305853194,0.48835421305853194,-0.012277191513609731,0.14540265735900865,0.0,0.0,0.0
2025-12-03,0.23975175351682884,0.2519898739581751,0.25,0.2417416274750039,0.49174162747500394,-0.012238120441346277,0.003387414416471994,0.0,0.0,0.0
2025-12-04,0.20274683397742366,0.1715028501223065,0.15000000000000002,0.2242496840997302,0.37424968409973025,0.031243983855117154,0.14348210429646344,0.0,0.0,0.0
2025-12-05,0.22319504208008267,0.20160383250324476,0.2,0.22479887458332742,0.42479887458332743,0.021591209576837918,0.3112101583899607,0.0,0.0,0.0
2025-12-08,0.17805814843911105,0.15000000000000002,0.25,0.07805814843911107,0.3280581484391111,0.028058148439111065,0.227743274842874,0.0,0.0,0.0
2025-12-09,0.2780272484291794,0.2467908189135825,0.3,0.22481806734276188,0.5248180673427618,0.031236429515596922,0.3438573147093144,0.0,0.0,0.0
2025-12-10,0.2597339133316704,0.2316224322766536,0.3,0.19135634560832393,0.4913563456083239,0.028111481055016763,0.040436282410899166,0.0,0.0,0.0
2025-12-11,0.28553216294923595,0.2489132965347954,0.3,0.2344454594840313,0.5344454594840313,0.03661886641444054,0.04522105552710723,0.0,0.0,0.0
2025-12-12,0.29776993882849756,0.25781151858650886,0.3,0.2555814574150064,0.5555814574150064,0.03995842024198866,0.025055467952231698,0.0,0.0,0.0
2025-12-15,0.4166087999972225,0.39578463712878487,0.25,0.5623934371260073,0.8123934371260073,0.020824162868437635,0.36935104309164835,0.0,0.0,0.0
2025-12-16,0.5156505809683749,0.4439351610473586,0.3,0.6595857420157334,0.9595857420157334,0.07171541992101632,0.1508912570525787,0.0,0.0,0.0
2025-12-17,0.504982943667146,0.43477827622608184,0.3,0.6397612198932279,0.9397612198932279,0.07020466744106424,0.019824522122505607,0.0,0.0,0.0
2025-12-18,0.3871166723175006,0.3637729896637483,0.25,0.5008896619812488,0.7508896619812488,0.023343682653752307,0.4341977988988208,0.0,0.0,0.0
2025-12-19,0.38165848686667747,0.3575993021921211,0.25,0.4892577890587986,0.7392577890587986,0.024059184674556422,0.013483162984834055,0.0,0.0,0.0
2025-12-22,0.2698581081046137,0.30592193326117556,0.2,0.37578004136578924,0.5757800413657892,-0.03606382515656188,0.1823761860299695,0.0,0.0,0.0
2025-12-23,0.26613579054010683,0.30479087301193175,0.2,0.37092666355203857,0.5709266635520386,-0.038655082471824864,0.01133901977657327,0.0,0.0,0.0
2025-12-24,0.26379578265312653,0.3037962536034504,0.2,0.36759203625657694,0.567592036256577,-0.04000047095032393,0.004240690336255362,0.0,0.0,0.0
2025-12-26,0.28490587344240637,0.31950538391566036,0.2,0.40441125735806677,0.6044112573580668,-0.03459951047325398,0.06234541513404476,0.0,0.0,0.0
2025-12-29,0.2911270947002508,0.3252156594799785,0.2,0.41634275418022926,0.6163427541802293,-0.034088564779727715,0.037257489009129036,0.0,0.0,0.0
2025-12-30,0.2952097100493488,0.32775942657028123,0.2,0.42296913661963004,0.62296913661963,-0.03254971652093247,0.006626382439400752,0.0,0.0,0.0
2025-12-31,0.2734860818942402,0.27802924481568575,0.15000000000000002,0.40151532670992596,0.551515326709926,-0.004543162921445576,0.2714116762458133,0.0,0.0,0.0
