timestamp,AAPL,MSFT,NVDA
2019-01-02 10:15:00-05:00,,,
2019-01-02 10:30:00-05:00,,,
2019-01-02 10:45:00-05:00,,,
2019-01-02 11:00:00-05:00,,,
2019-01-02 11:15:00-05:00,,,
2019-01-02 11:30:00-05:00,3.9357818475438205e-05,-9.825457453518862e-06,0.00017948997735449713
2019-01-02 11:45:00-05:00,0.000335044662577857,-5.678215774135677e-06,-0.000116623349982977
2019-01-02 12:00:00-05:00,7.006774611394143e-05,-3.9677698170392796e-05,-0.00019085752354907712
2019-01-02 12:15:00-05:00,5.0379783275947e-05,3.0164742346785755e-05,0.0002711415632201501
2019-01-02 12:30:00-05:00,0.0002695349217107397,3.2242692793009044e-05,0.0007309775307466325
2019-01-02 12:45:00-05:00,0.00016460833676636266,6.561568279744174e-05,0.0005954680938429493
2019-01-02 13:00:00-05:00,-0.00042392730123430404,3.323656372388546e-05,-0.00013029279784110138
2019-01-02 13:15:00-05:00,-0.0001898348388584185,-1.726568959077337e-05,-5.976119253112835e-05
2019-01-02 13:30:00-05:00,-0.0005873221619368803,7.974604088475499e-05,0.000528049050469936
2019-01-02 13:45:00-05:00,-0.00036964019165150816,9.202795523287578e-05,0.000425276277063485
2019-01-02 14:00:00-05:00,-0.00049714297575006,2.1165858032435482e-05,0.0001533999668858361
2019-01-02 14:15:00-05:00,-0.0007280782518576884,4.638220225552659e-06,4.93172128126469e-05
2019-01-02 14:30:00-05:00,-9.117504800941335e-05,0.00010626654317553602,-2.2281500142638007e-05
2019-01-02 14:45:00-05:00,-0.00041334211880061087,4.4159331999610795e-05,-1.5408842442862115e-05
2019-01-02 15:00:00-05:00,-9.521873222415567e-05,5.1638048083979434e-05,0.00013975170506497946
2019-01-02 15:15:00-05:00,-0.00044186536011048884,3.1722919414144426e-05,8.95535370605653e-05
2019-01-02 15:30:00-05:00,-0.00023576683008992788,9.533508439187186e-05,9.142624348396955e-05
2019-01-03 10:15:00-05:00,-0.0002757150359907694,7.18700250783258e-05,-4.5875929494085375e-05
2019-01-03 10:30:00-05:00,-0.0003993162969387141,6.975430563047488e-05,0.0002382093025081821
2019-01-03 10:45:00-05:00,-0.0008709692227352512,7.616052467296653e-06,9.066188691887818e-05
2019-01-03 11:00:00-05:00,-0.0002931880010756211,6.25394142216677e-05,0.00011712160166766535
2019-01-03 11:15:00-05:00,-0.0004140716274118848,-3.466501504272066e-05,0.0003662370703875825
2019-01-03 11:30:00-05:00,-0.00041000922993190676,-2.8660252965688337e-05,0.0002610507501176679
2019-01-03 11:45:00-05:00,-0.0006848488538945487,-8.261547524356581e-05,4.206619381491444e-05
2019-01-03 12:00:00-05:00,-0.0007295098758844927,1.478544221473641e-05,0.0009556478690222987
2019-01-03 12:15:00-05:00,0.0003004104980966395,1.817127356493679e-05,0.0002647833311765228
2019-01-03 12:30:00-05:00,0.0002470918592839062,-4.0046072082303053e-05,0.00040727840933614675
2019-01-03 12:45:00-05:00,-0.00013646490236244753,-7.486697565636799e-05,0.00044062219733540897
2019-01-03 13:00:00-05:00,-0.00020155865988146377,-2.4804698847117306e-05,0.00022902506122245622
2019-01-03 13:15:00-05:00,0.0001259328424490376,9.974151709056566e-05,0.0005772301815280639
2019-01-03 13:30:00-05:00,-0.00024739965383315416,-7.489421026565136e-06,0.00024549549340024853
2019-01-03 13:45:00-05:00,-0.0006354726470508674,-3.4651123187581064e-05,0.00029175249062224514
2019-01-03 14:00:00-05:00,-0.0008195290612918415,-7.651314257347092e-05,0.0004019377341122166
2019-01-03 14:15:00-05:00,-0.0003614759687569289,-8.213848551390403e-07,5.6587414124297875e-05
2019-01-03 14:30:00-05:00,-0.0005935669028506043,4.147664969273691e-07,0.0004743504987495005
2019-01-03 14:45:00-05:00,-0.0004584046143998105,-7.7562107991356e-06,0.00035477710180360534
2019-01-03 15:00:00-05:00,-0.0006630692403153716,5.6750238245062625e-05,0.0004727099978177805
2019-01-03 15:15:00-05:00,-0.0006403473742217332,-5.668752516959001e-05,0.00010256117031374386
2019-01-03 15:30:00-05:00,1.5586856718890748e-05,4.399884593472213e-05,-0.00022309509718243924
2019-01-04 10:15:00-05:00,-2.0052141395963925e-05,1.9399546591514033e-05,0.00048750570539265743
2019-01-04 10:30:00-05:00,-0.0007675790766372243,-8.44897413068558e-05,0.00041566485032867477
2019-01-04 10:45:00-05:00,-0.00041908221762542217,-7.250591705538497e-05,0.0001320237419857652
2019-01-04 11:00:00-05:00,-0.0002023405727542373,-1.1954402839665926e-05,-0.0002557077398806119
2019-01-04 11:15:00-05:00,-0.0002373779697380491,,-9.510295597662719e-05
2019-01-04 11:30:00-05:00,3.505567436155516e-05,3.384936801143945e-05,2.1720364327122726e-05
2019-01-04 11:45:00-05:00,-0.0001093218550159625,4.303102729470306e-05,0.00026092928870701746
2019-01-04 12:00:00-05:00,-0.000709939474217829,-1.990923139955668e-05,0.0002128853569104364
2019-01-04 12:15:00-05:00,-0.0008298678652449402,1.466210666615151e-05,-0.00014183051590257607
2019-01-04 12:30:00-05:00,-0.00058543305274297,7.57830258763291e-05,4.884671466383115e-05
2019-01-04 12:45:00-05:00,-0.0005942144104029096,5.555688060860122e-05,0.00017611586907936722
2019-01-04 13:00:00-05:00,-0.0006597512591485029,2.638561420414216e-05,-0.00019457111291756868
2019-01-04 13:15:00-05:00,-0.000586378831149617,3.793083310046569e-05,0.00013496692265532064
2019-01-04 13:30:00-05:00,0.00026205864358038003,0.0001254541127047423,0.0003443736603322503
2019-01-04 13:45:00-05:00,9.411063455694392e-05,3.0120035744821592e-05,-2.2289160349027086e-05
2019-01-04 14:00:00-05:00,8.811361363513564e-05,4.282131841991812e-05,0.0006977918304836675
2019-01-04 14:15:00-05:00,-1.937243556533429e-05,5.427733728946686e-05,0.0005812058925315248
2019-01-04 14:30:00-05:00,-0.00010386309091828693,2.888366262410334e-05,8.596553951169935e-05
2019-01-04 14:45:00-05:00,1.9920187992058524e-05,5.440393704898825e-05,0.0003645618947839671
2019-01-04 15:00:00-05:00,-0.0002616487123531684,7.122351737885018e-05,0.00023865509096722756
2019-01-04 15:15:00-05:00,-0.0006437014021293374,8.525485028696243e-05,-0.00015995637165975432
2019-01-04 15:30:00-05:00,1.7194064658841373e-05,6.248307002832882e-05,0.0002230672732315864
2019-01-07 10:15:00-05:00,-0.00018049887930443451,5.9188929960757635e-05,0.0003090448357704052
2019-01-07 10:30:00-05:00,0.00016481921669610474,8.339306357509012e-05,0.00036333139991058625
2019-01-07 10:45:00-05:00,-0.0005735665946545933,-8.980795825971384e-05,-4.707663980586111e-05
2019-01-07 11:00:00-05:00,-0.00047985241915316965,6.667556791147225e-05,1.2039148861350215e-06
2019-01-07 11:15:00-05:00,-0.0017300149170550042,-0.00011905032922143362,0.0005735984888811414
2019-01-07 11:30:00-05:00,-0.0014972759124320277,-7.667651505217944e-05,4.3568572836294404e-05
2019-01-07 11:45:00-05:00,-0.0016559581515561985,-7.408646334010316e-05,9.716894393861483e-05
2019-01-07 12:00:00-05:00,-0.0018873768989850664,-3.8824666525451313e-05,6.672703932198917e-05
2019-01-07 12:15:00-05:00,-0.0013059569291116683,1.447751654195169e-05,-1.0294512105987143e-05
2019-01-07 12:30:00-05:00,-0.0012573725157523923,3.0506392237677737e-06,-0.00023302169290522693
2019-01-07 12:45:00-05:00,-0.0004535087010067993,3.066590938268574e-05,-0.0004360655834920026
2019-01-07 13:00:00-05:00,-0.00013382554060525166,3.6982962453350334e-05,-0.0002531552939743544
2019-01-07 13:15:00-05:00,-0.0003694822647330808,5.318274302253521e-05,-0.0001912620186933185
2019-01-07 13:30:00-05:00,-0.0003962078865386933,7.928839787474593e-05,-8.080941807369603e-05
2019-01-07 13:45:00-05:00,-0.0005502404683288856,7.371954689847307e-05,-0.000196803671315546
2019-01-07 14:00:00-05:00,-0.0005266738804363653,6.538067296679293e-05,0.0001457072677878942
2019-01-07 14:15:00-05:00,-9.768279777499009e-05,9.402415899140753e-05,3.4720070889762376e-05
2019-01-07 14:30:00-05:00,-0.0003230824026824129,9.810788283868375e-05,-0.00012310524923218438
2019-01-07 14:45:00-05:00,-0.00025385057947693455,4.1202099733883644e-05,0.00016366323177406078
2019-01-07 15:00:00-05:00,0.0002770705890592959,8.291877794820513e-05,5.0137909503682326e-05
2019-01-07 15:15:00-05:00,0.0002657283015210827,8.22227481814865e-05,-6.63748153318952e-05
2019-01-07 15:30:00-05:00,0.0005446836959861672,8.919815644944133e-05,-5.220832779191861e-05
2019-01-08 10:15:00-05:00,0.0006083699312252034,-1.69262558038422e-05,-0.00013708651442688246
2019-01-08 10:30:00-05:00,0.0008222934313366139,0.00011256328078909433,0.0002648057977845904
2019-01-08 10:45:00-05:00,0.000629330032466554,5.430782383529953e-05,0.0007826103144431347
2019-01-08 11:00:00-05:00,0.000621311015832303,8.014916027618941e-05,-0.0001085606180957568
2019-01-08 11:15:00-05:00,0.001153288452661922,4.4500901947628825e-05,-0.0003864521475428835
2019-01-08 11:30:00-05:00,0.00047477081142393966,5.726107978789627e-05,0.0003374929026432661
2019-01-08 11:45:00-05:00,0.0006329620883721069,0.0001346289584539324,0.0005569911580879698
2019-01-08 12:00:00-05:00,-0.00012371905190458596,-2.4339515643323693e-05,-0.0004175365661738992
2019-01-08 12:15:00-05:00,0.000314788365731739,3.662112425265489e-05,5.823198520152477e-05
2019-01-08 12:30:00-05:00,2.400846018833685e-05,5.926089950259674e-05,-5.8624395218862506e-05
2019-01-08 12:45:00-05:00,1.5751556923563726e-05,5.2711637378136616e-05,9.456158260803402e-05
2019-01-08 13:00:00-05:00,-0.0006641794751326698,1.911373266669019e-05,3.876397854566878e-05
2019-01-08 13:15:00-05:00,-0.00043510450777506913,6.163561218312466e-05,0.0002273989421854049
2019-01-08 13:30:00-05:00,7.085634173580637e-05,7.733009373686805e-05,0.0006182747870497681
2019-01-08 13:45:00-05:00,-0.00038542746832035936,3.0270648186190936e-05,0.0003077725714865969
2019-01-08 14:00:00-05:00,-0.00029719757218375634,7.438057290961481e-05,7.38280707162848e-05
2019-01-08 14:15:00-05:00,-0.0003337068221037929,2.103096744195883e-05,0.0002699954765106759
2019-01-08 14:30:00-05:00,-0.00020819853522655076,7.730965886009551e-06,0.0001722112863730413
2019-01-08 14:45:00-05:00,-0.00014804386039211069,3.957092057364071e-05,7.675740832117928e-06
2019-01-08 15:00:00-05:00,-0.0004637777802963095,4.6439553937628745e-05,-0.00040423795857778263
2019-01-08 15:15:00-05:00,-0.0004044506649401262,2.2640035600166505e-05,-5.591185968907658e-05
2019-01-08 15:30:00-05:00,-0.00017539445637534276,8.107501972798883e-05,-0.00020762534442130348
2019-01-09 10:15:00-05:00,4.443555925877677e-05,-1.8427426107175506e-05,0.0005585099208169611
2019-01-09 10:30:00-05:00,-0.00039682418414345704,8.068377397178236e-05,0.00046928516683202167
2019-01-09 10:45:00-05:00,0.00035136617253108565,6.383253988875079e-05,0.00012643928106337808
2019-01-09 11:00:00-05:00,-0.00018223564510960768,-3.539456691344138e-05,0.0008300515607390988
2019-01-09 11:15:00-05:00,-1.4443898397528814e-05,-7.395540327329111e-05,0.0005281648403623768
2019-01-09 11:30:00-05:00,-0.0001523659958923239,-1.1738828146820578e-06,0.00013900208344191345
2019-01-09 11:45:00-05:00,0.00020019757724481994,3.3284805217455005e-05,-0.0001899721979958831
2019-01-09 12:00:00-05:00,-1.1371787011906076e-05,1.1658579434702194e-05,0.00015466081519304952
2019-01-09 12:15:00-05:00,-8.972324081163582e-05,4.655905805712686e-05,0.00011666252138414487
2019-01-09 12:30:00-05:00,-0.00026185066112444907,-1.1548638967863057e-05,6.652041043262898e-05
2019-01-09 12:45:00-05:00,5.1503439926960296e-05,9.936031572319152e-06,0.0005791388693360413
2019-01-09 13:00:00-05:00,-3.795157526834981e-05,1.179702222671062e-06,0.0007558686158582678
2019-01-09 13:15:00-05:00,-0.00016425909395309762,4.531944356546458e-05,-0.000242515804691827
2019-01-09 13:30:00-05:00,-0.00022677792229496788,8.858509656962452e-06,3.623467850220392e-05
2019-01-09 13:45:00-05:00,-0.00034498276763922104,6.427618334749434e-05,-0.00013399771135117852
2019-01-09 14:00:00-05:00,-0.0010817487115787987,4.2945542516256694e-05,-9.094503201810129e-06
2019-01-09 14:15:00-05:00,-0.0002733959934860004,4.117466762992706e-05,-0.0001713206458736635
2019-01-09 14:30:00-05:00,-0.0005992254272334976,3.769730931633032e-05,-0.00015728045625003193
2019-01-09 14:45:00-05:00,-3.3324499584613175e-05,7.410659541394264e-05,0.00023276622383261848
2019-01-09 15:00:00-05:00,-0.00027250447889216623,9.596846469582267e-05,0.00043886351204118284
2019-01-09 15:15:00-05:00,-9.934454169402746e-05,5.070408501156692e-05,-0.00012582933114731144
2019-01-09 15:30:00-05:00,-0.00013255497028860657,6.767382707900176e-05,-0.00017947515798836627
2019-01-10 10:15:00-05:00,-0.00012332159259878926,0.00013215146778072705,0.00013968441903598113
2019-01-10 10:30:00-05:00,-0.0005124150891244271,-3.310986900241363e-05,0.00026548930049967125
2019-01-10 10:45:00-05:00,-0.0002705334004004316,2.9951718712951005e-05,-9.168586393000525e-05
2019-01-10 11:00:00-05:00,-1.2586125578437939e-05,5.396170759175932e-05,0.00021880629201817686
2019-01-10 11:15:00-05:00,-0.0005660848675925698,4.203142253711363e-05,-0.00019339583610414717
2019-01-10 11:30:00-05:00,-0.0002536689289441605,1.8019445154088936e-05,0.00025012964405577294
2019-01-10 11:45:00-05:00,-0.0004561298881231113,4.28723597917443e-05,0.0005240110323965423
2019-01-10 12:00:00-05:00,0.0003049082060629417,0.00010665689594328098,-0.00016933000606715931
2019-01-10 12:15:00-05:00,0.00017584864255212591,0.00013332284544003873,1.2006917884994768e-05
2019-01-10 12:30:00-05:00,0.0001533268751029611,0.00013723152859434665,-5.049685407186297e-05
2019-01-10 12:45:00-05:00,0.00043658360022153246,8.946828800669535e-05,0.0004610726986063354
2019-01-10 13:00:00-05:00,0.0003629619232074303,4.739044752742128e-05,0.0002261586702757688
2019-01-10 13:15:00-05:00,-0.00038881149010178167,4.7998798757563296e-05,-2.0936919954650185e-05
2019-01-10 13:30:00-05:00,3.107261700087526e-05,6.6490285995635e-05,0.00023686197648173748
2019-01-10 13:45:00-05:00,1.97237635846102e-05,6.547463664134457e-05,0.00028544302525782374
2019-01-10 14:00:00-05:00,-0.00025396231692104815,-4.164757410014306e-06,0.0004205361555111347
2019-01-10 14:15:00-05:00,-0.00010049722603192352,0.0001253368077391543,-5.480127069393274e-05
2019-01-10 14:30:00-05:00,-0.0003105690225258813,8.29564422128799e-05,0.00033237966920600555
2019-01-10 14:45:00-05:00,-1.918221711881383e-05,4.263344263247616e-05,0.00029170642026484964
2019-01-10 15:00:00-05:00,-7.626276323768294e-05,1.486634147933011e-05,-2.8960569798346656e-05
2019-01-10 15:15:00-05:00,-0.0003486788809142173,-4.892216583860578e-06,-3.290918247149379e-05
2019-01-10 15:30:00-05:00,-0.00012632201137246842,7.501368229567712e-05,-0.00019761234675451101
2019-01-11 10:15:00-05:00,-0.00039107374956937757,2.678343088341558e-06,0.000547403137011193
2019-01-11 10:30:00-05:00,-0.0007952671098819292,4.7521987862908826e-05,0.00025530358090641706
2019-01-11 10:45:00-05:00,-0.0005083963591708353,1.2907026827310088e-05,0.00015527574588710942
2019-01-11 11:00:00-05:00,-0.0005677737485744238,2.9905328534915343e-05,6.930649361833177e-05
2019-01-11 11:15:00-05:00,-0.0006208213898052419,-8.683315977848803e-06,0.00019634777049319334
2019-01-11 11:30:00-05:00,-0.000562286807347756,6.778412159442447e-05,-9.361914058801291e-05
2019-01-11 11:45:00-05:00,-0.0005460496443251092,7.651795593875244e-05,-9.810189887071895e-05
2019-01-11 12:00:00-05:00,-0.0003963477000449564,3.537488406438044e-07,0.0001254442660246314
2019-01-11 12:15:00-05:00,-0.00020515051899612713,1.0861783821213938e-05,-0.0002777366959337665
2019-01-11 12:30:00-05:00,-0.00039127625497749357,0.00011590219492189727,-0.0002947161454880905
2019-01-11 12:45:00-05:00,0.00011468384595971629,0.0001068039213357301,-0.00039472977069914585
2019-01-11 13:00:00-05:00,-9.908270319829611e-05,6.678766000854997e-05,-0.0004904317392727737
2019-01-11 13:15:00-05:00,-0.00021719001300776059,1.9313128552074113e-05,-0.00016681357722692896
2019-01-11 13:30:00-05:00,-0.00010170053442905424,-1.4768456235931596e-06,-0.0006211775911523675
2019-01-11 13:45:00-05:00,-0.0001289055387113315,7.259279007790778e-06,-0.00016851896803619595
2019-01-11 14:00:00-05:00,-0.0001404386954887993,1.7982168475662374e-05,-1.703397427596774e-05
2019-01-11 14:15:00-05:00,-0.00011571665119588601,2.6150097257810233e-05,-0.00045486992283777587
2019-01-11 14:30:00-05:00,-0.00015130085821299393,-5.905046877087058e-05,-0.0002954151020542299
2019-01-11 14:45:00-05:00,-0.0001923145686134841,-5.33015417830309e-05,0.00019432260308041213
2019-01-11 15:00:00-05:00,-0.0001391779815691576,-5.45999428052387e-05,-0.00013446641422150087
2019-01-11 15:15:00-05:00,-0.0003887059456079329,6.119877552485493e-07,-0.00033783706042710024
2019-01-11 15:30:00-05:00,-3.866442843553006e-05,2.4522079470994716e-05,-0.0003856950302095363
2019-01-14 10:15:00-05:00,-0.00019057295972103956,-5.7688589319738964e-05,-1.198024671491568e-05
2019-01-14 10:30:00-05:00,-1.5359579981666378e-05,3.684560923719842e-05,-7.584303330079506e-05
2019-01-14 10:45:00-05:00,-0.0002771550382125244,-1.4692505051015201e-05,0.0002806208664178133
2019-01-14 11:00:00-05:00,-0.000498259043953431,4.254422102313459e-05,0.00022522123626993542
2019-01-14 11:15:00-05:00,-0.0006930785592740466,-5.3448465458592744e-05,-0.00024722647766819246
2019-01-14 11:30:00-05:00,-0.0005942254244548489,6.071889732723673e-05,9.380935512713826e-05
2019-01-14 11:45:00-05:00,-0.0005332455778598052,7.535140592284971e-05,-7.826293685933779e-05
2019-01-14 12:00:00-05:00,-0.0005488697640413611,3.162771485264978e-05,-2.0142779553171278e-07
2019-01-14 12:15:00-05:00,-0.00047609751422503525,4.414330132550024e-05,-4.282636677629713e-05
2019-01-14 12:30:00-05:00,-0.00024769707168605386,7.991014550159386e-05,-0.0003988351241011227
2019-01-14 12:45:00-05:00,0.00019457101185113955,6.197621529703533e-05,-0.00014274308153529262
2019-01-14 13:00:00-05:00,0.00045297533083851884,8.580503464852032e-05,-7.561645194842395e-05
2019-01-14 13:15:00-05:00,1.898601846355357e-05,9.314410611114034e-05,-0.0003915711827530065
2019-01-14 13:30:00-05:00,0.0001729861015865235,9.31176228728015e-05,-0.00025406566672500473
2019-01-14 13:45:00-05:00,0.0002504564209215983,7.532475062522132e-05,-0.0003843396069260414
2019-01-14 14:00:00-05:00,2.987992523763266e-05,7.79000004937058e-05,5.6909008068263065e-05
2019-01-14 14:15:00-05:00,1.4305979858795747e-05,2.084841883908663e-05,-0.0001079732290372489
2019-01-14 14:30:00-05:00,5.871545486444651e-05,4.84094084455332e-05,0.00012525147490725246
2019-01-14 14:45:00-05:00,-0.0003100415096067042,-2.2274062909408223e-05,-0.00011874789211207497
2019-01-14 15:00:00-05:00,2.5869581187830588e-05,1.5644380431803862e-05,-0.00025959003484497405
2019-01-14 15:15:00-05:00,-6.845762765524989e-05,1.0998961781627905e-05,-0.0002743158711331718
2019-01-14 15:30:00-05:00,-0.00036561884216718653,-7.734028968316735e-05,-0.00029961778991352295
2019-01-15 10:15:00-05:00,-0.000170951517041274,3.239285026961019e-05,-0.00022183364569598144
2019-01-15 10:30:00-05:00,-0.0007153809040618621,1.8997705468676872e-05,7.921368961745331e-05
2019-01-15 10:45:00-05:00,-2.0890426093867538e-05,2.1710068727791823e-05,-0.00021255263739267764
2019-01-15 11:00:00-05:00,-0.00020638362089591772,6.334494174222134e-05,-0.0005141322590150856
2019-01-15 11:15:00-05:00,-0.0004966974392438364,6.984710241645334e-05,0.0001555902351598845
2019-01-15 11:30:00-05:00,-0.00023886333550377807,2.4570627295065295e-05,0.0001505381237592582
2019-01-15 11:45:00-05:00,-0.00040668363804593734,6.323422275871406e-05,0.00039118431729572
2019-01-15 12:00:00-05:00,-2.1366572198307482e-05,3.2360755591707303e-06,-0.00016700683815427597
2019-01-15 12:15:00-05:00,-0.00034049560804578263,0.00010423063633191786,-0.0001313117635889349
2019-01-15 12:30:00-05:00,-4.9777909479575534e-05,8.729040550964808e-05,0.0001793210690134517
2019-01-15 12:45:00-05:00,5.547734201804911e-05,1.4247335991276674e-05,-1.4056492014546856e-05
2019-01-15 13:00:00-05:00,0.00012478595100643428,3.4492522265771064e-05,-9.492478104900645e-06
2019-01-15 13:15:00-05:00,4.196086981469443e-05,-2.7948788245903805e-05,-0.0001120120881663928
2019-01-15 13:30:00-05:00,-6.340514338437509e-05,4.856221718875987e-06,0.00010594805458368816
2019-01-15 13:45:00-05:00,0.0002593933242335689,5.1114051664587524e-05,-0.0003197355030580439
2019-01-15 14:00:00-05:00,0.00026844929949524244,6.079493285478523e-05,0.0001363151176310986
2019-01-15 14:15:00-05:00,1.101675483674789e-05,0.00012479558190960793,-8.040319013267119e-05
2019-01-15 14:30:00-05:00,0.00016479978642866517,3.085425070303143e-05,0.00027831746386077784
2019-01-15 14:45:00-05:00,0.00011375560374917623,4.1363007842077895e-05,7.823536785979585e-05
2019-01-15 15:00:00-05:00,-0.00014622783156411758,7.56592615616868e-05,-0.000121329683560635
2019-01-15 15:15:00-05:00,0.00038354306506385244,-7.82130880552176e-06,0.00012969866704888401
2019-01-15 15:30:00-05:00,4.708921456788758e-05,6.036675531000248e-07,-0.00031647241710590064
2019-01-16 10:15:00-05:00,1.5130118744995428e-05,5.808123364793423e-05,-1.6759641595952283e-05
2019-01-16 10:30:00-05:00,-0.00011908656072566117,3.938589942968732e-05,3.0501358317993554e-05
2019-01-16 10:45:00-05:00,0.00025950230447344526,8.657955552986271e-05,0.000313479223438672
2019-01-16 11:00:00-05:00,0.00044425034726423303,5.240670501711503e-05,-1.833873383504209e-05
2019-01-16 11:15:00-05:00,0.0001889228690188601,-2.5922195219904702e-05,0.0002669797310659016
2019-01-16 11:30:00-05:00,-9.021053491404979e-06,3.395066543973643e-05,0.00031305601134027825
2019-01-16 11:45:00-05:00,9.274003230748578e-06,3.957473958821401e-05,8.775223245990791e-05
2019-01-16 12:00:00-05:00,0.0003795482002764895,-1.8597261327588375e-05,7.016468131236782e-05
2019-01-16 12:15:00-05:00,2.9277857397086917e-05,3.814020915735149e-05,-7.360422758075868e-05
2019-01-16 12:30:00-05:00,-8.773860074647772e-05,4.859703270212277e-05,-2.7958701663000714e-05
2019-01-16 12:45:00-05:00,4.046641407147998e-05,6.940408903221681e-05,0.00015404560365553664
2019-01-16 13:00:00-05:00,0.0002632283970545296,-1.1642282445419593e-05,0.00014982742669381255
2019-01-16 13:15:00-05:00,7.311546584413854e-05,2.2843727018181745e-05,0.000274109896643881
2019-01-16 13:30:00-05:00,0.00021770440762627886,9.879873100598851e-05,0.00018187754339290928
2019-01-16 13:45:00-05:00,0.0001365628420408451,5.053240161714985e-05,3.502447658034366e-05
2019-01-16 14:00:00-05:00,0.00037896430786521,4.339619751880762e-05,-6.518974924419186e-05
2019-01-16 14:15:00-05:00,-0.00013199390245031043,5.189708192090937e-05,-0.00012718295278304142
2019-01-16 14:30:00-05:00,-0.00010278839581283331,5.4526950388636814e-05,1.7472618131397333e-05
2019-01-16 14:45:00-05:00,-1.7296789251826426e-05,3.5343046849121984e-05,4.3553246422724214e-05
2019-01-16 15:00:00-05:00,-0.00022735937325841805,7.065540499762519e-05,1.2856349679323502e-05
2019-01-16 15:15:00-05:00,-0.0002579122786454167,1.1730001263531246e-05,-0.0002157270623140162
2019-01-16 15:30:00-05:00,-5.551740080815511e-05,5.864208283810626e-05,-0.0003663280137376587
2019-01-17 10:15:00-05:00,-6.1663590413309e-05,0.00013215436936933158,3.341679383828561e-05
2019-01-17 10:30:00-05:00,0.0001719881941737499,2.1846384980291143e-05,-0.00022424154180848265
2019-01-17 10:45:00-05:00,0.0002112410710963175,6.538811761393135e-06,0.00011190540651156884
2019-01-17 11:00:00-05:00,1.1867093629060297e-05,-1.923968601348709e-05,-5.2214080197388124e-05
2019-01-17 11:15:00-05:00,0.00016862594840482545,-3.2187447010426045e-05,2.6266505387425572e-05
2019-01-17 11:30:00-05:00,0.0001818215548276521,6.519927928872132e-05,-1.5276166347068424e-06
2019-01-17 11:45:00-05:00,0.00034499650611250073,8.138798875178354e-05,-0.00021028376516669625
2019-01-17 12:00:00-05:00,-0.00010482768673086275,-6.0789508123506585e-05,-0.0002677001467348975
2019-01-17 12:15:00-05:00,-0.00030902769299042727,1.6529829110709403e-05,-2.661756403442365e-05
2019-01-17 12:30:00-05:00,-0.00018221011818669378,-1.1361392836262838e-05,0.0003125337580575339
2019-01-17 12:45:00-05:00,-0.00021115809726118392,,7.329013004116868e-05
2019-01-17 13:00:00-05:00,1.620028092185154e-05,7.203708786542301e-05,0.0001815514543098354
2019-01-17 13:15:00-05:00,-0.00016546241681567744,-1.2941111921426667e-05,0.00022160212607102872
2019-01-17 13:30:00-05:00,0.000301009538037165,4.422780395666654e-05,0.0003482798967321246
2019-01-17 13:45:00-05:00,0.000563134906076654,9.4633814963807e-05,5.810537323358114e-05
2019-01-17 14:00:00-05:00,-1.1720476428510555e-05,7.005077867739345e-05,-0.00029064246442878994
2019-01-17 14:15:00-05:00,6.247802013878405e-05,6.0310906523358384e-05,-7.446685419596548e-05
2019-01-17 14:30:00-05:00,-0.000240739724421901,3.55295948786211e-05,-0.00010744933290575351
2019-01-17 14:45:00-05:00,3.939225456981052e-06,0.00011865204798738153,-0.0001429384779701487
2019-01-17 15:00:00-05:00,-0.0003196815266001439,8.702801522356695e-05,0.0004539098976882039
2019-01-17 15:15:00-05:00,-0.0004489178156654491,5.862675911762203e-05,0.00024014596840099786
2019-01-17 15:30:00-05:00,-9.232459386182405e-05,5.7056313157056646e-05,-0.0003173159593215272
2019-01-18 10:15:00-05:00,0.0004848401550184298,0.00015876579160811885,-0.0003379565231417366
2019-01-18 10:30:00-05:00,-0.0004857071633527747,8.271092577548876e-06,6.943605253754355e-05
2019-01-18 10:45:00-05:00,-0.0009845279460955942,-0.00010477385464907862,-2.171690968329028e-05
2019-01-18 11:00:00-05:00,-0.0008315742652121002,-1.2919090883134226e-05,4.186819409798187e-05
2019-01-18 11:15:00-05:00,-0.0009124633601673971,-0.00010360995999678339,-6.13543132519024e-05
2019-01-18 11:30:00-05:00,-0.0012019282766818169,-3.1120135538650914e-05,-0.00023316773835974547
2019-01-18 11:45:00-05:00,-0.001295362931379641,1.359509501117255e-05,-0.00021166571062514354
2019-01-18 12:00:00-05:00,-0.0005566443590434392,3.09564940030899e-05,-0.00019352079516466982
2019-01-18 12:15:00-05:00,-0.000812056196692571,3.0260778330856053e-05,9.665575506205805e-05
2019-01-18 12:30:00-05:00,-0.00039108749615768414,6.521259434391069e-06,0.00034509678297202996
2019-01-18 12:45:00-05:00,-0.000192559800381878,4.201719447868117e-05,0.00013598276596256937
2019-01-18 13:00:00-05:00,-0.0002445748332625925,8.608635036136104e-07,-0.0003455994114341026
2019-01-18 13:15:00-05:00,-0.0003233059617195558,-1.9068504357452945e-05,2.824879597050733e-05
2019-01-18 13:30:00-05:00,-1.9242801995439585e-05,6.944581552367399e-05,-0.00031851952080906137
2019-01-18 13:45:00-05:00,0.0002754856502115137,7.95660787292801e-05,-5.6983895389374054e-05
2019-01-18 14:00:00-05:00,3.42681685714131e-06,3.420542469103806e-05,-0.00012598402399813108
2019-01-18 14:15:00-05:00,-8.377890058362046e-05,6.401098382189364e-05,0.00014117156989465894
2019-01-18 14:30:00-05:00,-8.407134759323434e-05,2.0328677415755715e-05,0.00010045166334889044
2019-01-18 14:45:00-05:00,-0.00023625342479977418,0.00012893898274043224,1.9380563327622462e-05
2019-01-18 15:00:00-05:00,-0.00048094053407701543,-6.5436550824872185e-06,-4.422342334241608e-05
2019-01-18 15:15:00-05:00,-0.00027469238112535956,9.995397611278632e-06,-0.00030011939417312107
2019-01-18 15:30:00-05:00,-0.00030763525464948743,3.554836817013349e-05,-0.0002490139224678309
2019-01-21 10:15:00-05:00,,,
2019-01-21 10:30:00-05:00,,,
2019-01-21 10:45:00-05:00,,,
2019-01-21 11:00:00-05:00,,,
2019-01-21 11:15:00-05:00,,,
2019-01-21 11:30:00-05:00,,,
2019-01-21 11:45:00-05:00,,,
2019-01-21 12:00:00-05:00,,,
2019-01-21 12:15:00-05:00,,,
2019-01-21 12:30:00-05:00,,,
2019-01-21 12:45:00-05:00,,,
2019-01-21 13:00:00-05:00,,,
2019-01-21 13:15:00-05:00,,,
2019-01-21 13:30:00-05:00,,,
2019-01-21 13:45:00-05:00,,,
2019-01-21 14:00:00-05:00,,,
2019-01-21 14:15:00-05:00,,,
2019-01-21 14:30:00-05:00,,,
2019-01-21 14:45:00-05:00,,,
2019-01-21 15:00:00-05:00,,,
2019-01-21 15:15:00-05:00,,,
2019-01-21 15:30:00-05:00,,,
2019-01-22 10:15:00-05:00,,,
2019-01-22 10:30:00-05:00,,,
2019-01-22 10:45:00-05:00,,,
2019-01-22 11:00:00-05:00,,,
2019-01-22 11:15:00-05:00,,,
2019-01-22 11:30:00-05:00,-0.0003873011048227316,6.223959675043029e-05,-0.0001893688426595347
2019-01-22 11:45:00-05:00,-0.000524287291137859,1.1293269579424457e-05,8.028174765308429e-05
2019-01-22 12:00:00-05:00,2.2884362676637145e-05,4.979768135731283e-05,0.0003372753300080984
2019-01-22 12:15:00-05:00,9.749466731628787e-05,0.00010384811925643325,0.00013142106251571879
2019-01-22 12:30:00-05:00,0.0002001555326870939,6.147884644646572e-05,0.0001488390243023782
2019-01-22 12:45:00-05:00,0.0002272762929574566,6.917502208905095e-05,-2.783704336816653e-06
2019-01-22 13:00:00-05:00,-0.00017641978994374833,9.195772988740563e-05,-2.5964750326079976e-05
2019-01-22 13:15:00-05:00,-0.00017466749874369577,4.8102777362922556e-05,0.00021140218795297907
2019-01-22 13:30:00-05:00,3.276242396955272e-05,2.429360438350805e-05,0.0004479601461277381
2019-01-22 13:45:00-05:00,-1.4859990062591208e-05,0.00010761781331516673,0.0001643919894205961
2019-01-22 14:00:00-05:00,-0.0005029609328656468,-4.3097900565477874e-05,-0.00019900925216910617
2019-01-22 14:15:00-05:00,-0.00045733344070852873,-2.5896602736132493e-05,5.1131555741104424e-05
2019-01-22 14:30:00-05:00,-0.00010857989376975691,0.00010568693358316657,0.00023385271802865126
2019-01-22 14:45:00-05:00,-0.00038278988851658683,-7.789414698306897e-05,0.0004469438945699941
2019-01-22 15:00:00-05:00,-0.00025523318559791556,2.77295103666277e-06,0.00014928216552463592
2019-01-22 15:15:00-05:00,-0.0004886289620942128,-1.597541679941151e-05,0.0002651472318252183
2019-01-22 15:30:00-05:00,-0.00010570512786369456,-1.5499907056704576e-05,4.727695473576477e-05
2019-01-23 10:15:00-05:00,6.107043921427104e-05,-6.801117560055665e-05,-3.229343603820864e-05
2019-01-23 10:30:00-05:00,-0.000515861771980772,5.7110811917747803e-05,0.00021314121976310187
2019-01-23 10:45:00-05:00,8.06995516449265e-06,2.85006063278608e-05,-9.447071784269355e-05
2019-01-23 11:00:00-05:00,-0.00018906282418371115,1.5794219690345148e-05,0.0002511889998575772
2019-01-23 11:15:00-05:00,-0.0005572170842483447,-1.3892354387534243e-05,-9.87970160596135e-06
2019-01-23 11:30:00-05:00,-0.00035403203963636244,1.3160061696211624e-05,0.000383688020201489
2019-01-23 11:45:00-05:00,-0.0005648161822296468,-2.2701224779772803e-05,0.000257063101490223
2019-01-23 12:00:00-05:00,-0.0003598375195406281,4.11069391242166e-05,9.670774497421002e-06
2019-01-23 12:15:00-05:00,-0.0005300116657511215,5.4681866995150125e-05,-2.5460050322119525e-05
2019-01-23 12:30:00-05:00,-0.00014858057977230608,4.931718289335423e-05,-5.074216036738582e-05
2019-01-23 12:45:00-05:00,0.0002963817544960102,-2.6664374249112783e-05,9.539363857750465e-05
2019-01-23 13:00:00-05:00,0.00011147755754307814,-2.845254809967699e-05,0.00014825227199892816
2019-01-23 13:15:00-05:00,-2.619642708165093e-05,2.5984359666584846e-05,0.0004192876428944086
2019-01-23 13:30:00-05:00,4.543838817974113e-05,7.296652062071969e-05,0.00028321120228549566
2019-01-23 13:45:00-05:00,0.00011577604998913987,1.7562069489944532e-05,0.00028686928142206857
2019-01-23 14:00:00-05:00,3.559195113078074e-05,1.7324130436774004e-05,9.58067953148235e-05
2019-01-23 14:15:00-05:00,-0.00013710537963568622,5.783239479939407e-05,0.00021647589226897967
2019-01-23 14:30:00-05:00,0.00018428359731861217,7.049188783698264e-05,0.00034872884578232604
2019-01-23 14:45:00-05:00,-0.0001435504847467491,9.73562569526064e-05,9.898810432542251e-05
2019-01-23 15:00:00-05:00,0.00014996509608336238,3.428178774849426e-05,3.126900282553318e-05
2019-01-23 15:15:00-05:00,9.975971394465046e-05,6.560092621286329e-05,0.00013478803101204417
2019-01-23 15:30:00-05:00,-0.0002697493582951876,5.203754224332623e-05,-0.0002966185112606539
2019-01-24 10:15:00-05:00,-0.00012008918886478425,6.345258555957785e-06,8.579176875013932e-05
2019-01-24 10:30:00-05:00,-0.00019826673898506062,9.977743089884962e-05,0.00018011790406604686
2019-01-24 10:45:00-05:00,-0.0003523240886672908,-1.088624706427125e-06,0.00014592892534276506
2019-01-24 11:00:00-05:00,-6.485744931780783e-05,-4.189728420617543e-05,0.00022558065646333626
2019-01-24 11:15:00-05:00,-0.0001545262866778606,4.339936356553795e-05,0.000677349228411005
2019-01-24 11:30:00-05:00,-0.0007406516285726635,-2.6835293708534524e-05,0.00011099300132153277
2019-01-24 11:45:00-05:00,-0.00014802714032665623,-7.678033799297488e-06,4.144254640668396e-05
2019-01-24 12:00:00-05:00,-0.00037564087454869274,-1.613979708185721e-05,0.00034455066977321714
2019-01-24 12:15:00-05:00,-0.0002773705435189369,8.535331647533093e-05,-0.0002920419440516944
2019-01-24 12:30:00-05:00,-0.00021845441678696486,5.363872910038952e-05,-0.00011302638137986652
2019-01-24 12:45:00-05:00,-0.00031746208923337304,9.27037138683042e-05,-0.0003335711707182927
2019-01-24 13:00:00-05:00,-0.000256494633266867,4.8077716591482585e-05,-0.00033510000729636784
2019-01-24 13:15:00-05:00,-3.216787653936776e-05,1.372653949206942e-05,-0.00045872428466292494
2019-01-24 13:30:00-05:00,-0.00016750005892598253,5.4439822556352274e-05,5.292047960231023e-05
2019-01-24 13:45:00-05:00,-0.00044908415808320255,5.322636111370475e-05,0.00015421482566058088
2019-01-24 14:00:00-05:00,-0.0002057198569512729,0.00012077649135099118,5.859805057020201e-06
2019-01-24 14:15:00-05:00,-2.4311612139406457e-05,9.554357532794895e-05,0.00022144461200732048
2019-01-24 14:30:00-05:00,-0.0003618705996325941,6.890426966050855e-05,7.121896187325176e-05
2019-01-24 14:45:00-05:00,-0.0003085780362329384,2.3510038012743368e-05,-0.00023214287064444108
2019-01-24 15:00:00-05:00,-0.000273106923406738,8.176445816273338e-05,-0.00012592587995889247
2019-01-24 15:15:00-05:00,3.0371343500217942e-05,2.2206112340782653e-05,-7.16403132788296e-06
2019-01-24 15:30:00-05:00,-4.122328094242615e-05,-5.9046687338464204e-05,-3.6583367037565385e-05
2019-01-25 10:15:00-05:00,-0.00021468704005383446,6.764392755002717e-05,0.00018956217678996605
2019-01-25 10:30:00-05:00,0.00020709841316664528,-3.5153590804282484e-05,0.00044286602549355885
2019-01-25 10:45:00-05:00,0.0002056926682323515,6.113913710338775e-05,1.5081542700139714e-05
2019-01-25 11:00:00-05:00,-0.00019848179132892868,-5.205373920075117e-05,0.0003211363080369134
2019-01-25 11:15:00-05:00,-0.0003633558781023637,-3.824319537212851e-05,-0.0003354885876220967
2019-01-25 11:30:00-05:00,-0.000683655893740898,3.587726424864477e-05,-0.00040869107726629236
2019-01-25 11:45:00-05:00,-0.00068020621458854,6.091918935573859e-05,-0.00029743501108857643
2019-01-25 12:00:00-05:00,-0.0005624771205690448,5.63196900467981e-05,-0.0002429121447939744
2019-01-25 12:15:00-05:00,-0.0005098447512474632,0.00010006988613524639,-0.0004761732714789906
2019-01-25 12:30:00-05:00,-0.0007172217748250857,6.733853415025715e-05,-0.00036342953921878894
2019-01-25 12:45:00-05:00,-0.00040545551521112885,0.00011991765632613353,0.0001323164887864017
2019-01-25 13:00:00-05:00,-1.4548978038610646e-05,0.00011135820504309223,-0.0005872828500260341
2019-01-25 13:15:00-05:00,-0.00021618622554130722,6.692927425616098e-05,-0.0005905180277158519
2019-01-25 13:30:00-05:00,0.00013479373874132297,0.00013949862032715648,-0.00044770807860055283
2019-01-25 13:45:00-05:00,0.00022317349898991868,8.056684325637974e-05,-9.485894980629657e-06
2019-01-25 14:00:00-05:00,0.00030322475677140926,0.00010339605430267207,4.942309442820641e-05
2019-01-25 14:15:00-05:00,0.00039702105744468226,7.511819680634612e-05,-0.0002533141541096701
2019-01-25 14:30:00-05:00,0.0002279987875759986,6.862312135896977e-05,0.00010639118461182973
2019-01-25 14:45:00-05:00,0.0004815706165507883,6.390652329878486e-05,-0.00016735369837264215
2019-01-25 15:00:00-05:00,0.00021462759361107967,0.00011651208159566307,0.00011730533149082478
2019-01-25 15:15:00-05:00,-8.371902199756255e-05,8.96444271975166e-05,-8.80271002952532e-05
2019-01-25 15:30:00-05:00,0.00030763450117928534,3.985080102590485e-05,-0.00014119417010137144
2019-01-28 10:15:00-05:00,0.0003114388996660655,9.571982895906062e-05,-2.8459472502047044e-05
2019-01-28 10:30:00-05:00,-0.00040847910706820907,7.955600153479823e-05,7.800690664083581e-05
2019-01-28 10:45:00-05:00,-0.0003555386797272877,3.487255387766511e-05,-0.0002154721277330387
2019-01-28 11:00:00-05:00,-0.0003381601843267529,-4.31969815194374e-05,-0.0006765722688336275
2019-01-28 11:15:00-05:00,-0.00010463828274389794,3.880194521598573e-05,-0.0007604780855125838
2019-01-28 11:30:00-05:00,-0.00022507371455033915,-1.5418178352197432e-05,-0.0004345268601223977
2019-01-28 11:45:00-05:00,-0.0003420479510937318,-2.5309368888062767e-05,-0.0008118393685378918
2019-01-28 12:00:00-05:00,-0.0004380591452533126,1.6342429637790849e-06,-0.0004358196382819546
2019-01-28 12:15:00-05:00,5.7006798528258585e-06,5.279992851654195e-05,-0.00020910424383025695
2019-01-28 12:30:00-05:00,0.00029434610299155405,4.314034913205702e-05,-0.0007009004612883143
2019-01-28 12:45:00-05:00,-4.566524557757921e-05,6.46110585873621e-05,-0.0007165285182234644
2019-01-28 13:00:00-05:00,0.0002552664621042553,3.2023935875725185e-05,-0.00040836640758735906
2019-01-28 13:15:00-05:00,-8.144991606372173e-05,7.383777832994247e-05,3.214646751192478e-06
2019-01-28 13:30:00-05:00,-2.8852384716904863e-05,3.27328458609558e-05,-0.0002303696600393225
2019-01-28 13:45:00-05:00,0.00047017880133753796,4.76453448949736e-05,0.0001653803819057405
2019-01-28 14:00:00-05:00,0.00018261685129350346,7.035707977837238e-05,-1.2967898470715907e-05
2019-01-28 14:15:00-05:00,0.0005632378272283566,3.5437410646588524e-05,-0.0002515105986205832
2019-01-28 14:30:00-05:00,0.00030326018175193915,5.7707375380128126e-05,-0.0007484585235086791
2019-01-28 14:45:00-05:00,-8.446955980482068e-05,5.6002025429419634e-05,-0.0003089428960185942
2019-01-28 15:00:00-05:00,3.345060511851983e-05,0.00011599744743346033,-0.0005077938539725996
2019-01-28 15:15:00-05:00,-0.0002643393850561518,6.112691126403889e-05,-0.0006105435217217127
2019-01-28 15:30:00-05:00,-9.618546189491487e-05,8.656078450824516e-05,-0.0006515209714799236
2019-01-29 10:15:00-05:00,-0.0005794005824692545,-2.084169725707433e-05,-0.0006177710810741587
2019-01-29 10:30:00-05:00,-0.0003617708580625339,8.118167515780632e-05,-0.00026444490538432574
2019-01-29 10:45:00-05:00,-0.0005071284342074092,2.7899133788868803e-05,-0.0002159549862149624
2019-01-29 11:00:00-05:00,-0.0002936901814869166,4.378895208026518e-05,-0.00021037863579898645
2019-01-29 11:15:00-05:00,-0.0004523928294139829,-2.728327202666315e-05,-0.0004883936132115002
2019-01-29 11:30:00-05:00,-0.000256190913925903,0.00010084628328314422,-0.0004027852518905345
2019-01-29 11:45:00-05:00,-1.405258239789391e-05,0.00010998981732954631,-0.0002842157707565866
2019-01-29 12:00:00-05:00,0.0003161587132083854,9.9617418644618e-05,-0.0003734608832574942
2019-01-29 12:15:00-05:00,-1.3778532679062376e-05,9.712339545897576e-06,-0.0001159879566452776
2019-01-29 12:30:00-05:00,-0.0002932176175141996,-4.556424268212138e-06,2.866375525025283e-05
2019-01-29 12:45:00-05:00,0.0003708908872505719,7.069074232713005e-05,-7.44069195778819e-05
2019-01-29 13:00:00-05:00,8.893892305330237e-05,-1.023872914072763e-05,-0.0002683428061579952
2019-01-29 13:15:00-05:00,-0.0003408683314181885,-2.474485772260798e-05,-0.00045990367147854107
2019-01-29 13:30:00-05:00,-0.0005086956905622817,4.547481318385294e-05,-0.00017094999226053594
2019-01-29 13:45:00-05:00,-0.00025542612386383364,6.644656492155134e-05,-0.0004775048228113562
2019-01-29 14:00:00-05:00,-0.0004442643019624939,-2.6243913632307287e-05,-0.00022429211733243057
2019-01-29 14:15:00-05:00,-0.0006149085472805711,1.8021732364069287e-05,-0.00037668096065124416
2019-01-29 14:30:00-05:00,-0.0008380037176569178,5.9882251369352024e-05,-0.00016687107216726977
2019-01-29 14:45:00-05:00,-0.0005886454720313814,7.79701300759639e-05,-0.00018601112726436913
2019-01-29 15:00:00-05:00,-0.0005781962116679922,6.080101942676642e-05,-0.000351339413289828
2019-01-29 15:15:00-05:00,-0.0006913848439297689,-6.467567969265399e-06,-0.0002550776938891958
2019-01-29 15:30:00-05:00,-0.0008065659221237082,3.923515268157771e-05,-0.0005293641748880155
2019-01-30 10:15:00-05:00,-0.0007627883604650151,7.245834484463417e-05,-1.4506164692600501e-05
2019-01-30 10:30:00-05:00,-0.0006583466381272275,6.840719084566811e-05,-0.0001853931712948366
2019-01-30 10:45:00-05:00,-0.0006754189232942764,4.569889174085183e-05,-6.173941691416133e-05
2019-01-30 11:00:00-05:00,7.118002789898585e-05,0.00010589977692823931,-0.00041850711134406215
2019-01-30 11:15:00-05:00,7.42667337356894e-07,1.6270488962139236e-05,7.626288393996263e-05
2019-01-30 11:30:00-05:00,0.00020477620266377426,-7.561881108284227e-05,-0.00010482425481821477
2019-01-30 11:45:00-05:00,-0.00044255799685434077,-0.00010620375874933808,-0.00025553686885883135
2019-01-30 12:00:00-05:00,-0.0005750645880873569,-4.819594242755126e-05,-4.3518702095061504e-05
2019-01-30 12:15:00-05:00,-0.0005399101566426576,-9.240722533394837e-05,-0.00018389461687733078
2019-01-30 12:30:00-05:00,-0.0008522279864464481,-5.66031849087637e-05,-0.0003580493048347384
2019-01-30 12:45:00-05:00,-0.0007827026561067274,6.798558023905141e-05,-0.00022673183449917507
2019-01-30 13:00:00-05:00,-0.0005895360665131154,2.281597155679535e-05,-4.198938942959069e-06
2019-01-30 13:15:00-05:00,-0.00031681911989826116,4.217605958037813e-05,-9.052072898302297e-05
2019-01-30 13:30:00-05:00,-0.00016429496899460637,3.264414022103012e-05,-0.00013858168344169845
2019-01-30 13:45:00-05:00,0.0002320011568866182,7.484098310071483e-05,-0.00017334616561649464
2019-01-30 14:00:00-05:00,-0.00020267890899173125,5.2504420267821674e-05,0.00015477685972386387
2019-01-30 14:15:00-05:00,-4.193421892732232e-05,0.00015110622253806374,-8.942523719513974e-05
2019-01-30 14:30:00-05:00,0.00019364728875047204,0.00010027080165985808,-0.00010598194309628001
2019-01-30 14:45:00-05:00,8.412807926374282e-06,9.266134374415716e-05,-0.0001896173387947435
2019-01-30 15:00:00-05:00,-1.1127826090489593e-05,0.0001483578128367938,-0.0001718604018018845
2019-01-30 15:15:00-05:00,-0.00029328712523307146,5.1275482312615234e-05,-0.0003334922876028125
2019-01-30 15:30:00-05:00,0.00016714808945639088,5.87623196385807e-05,-9.27554494361636e-05
2019-01-31 10:15:00-05:00,-2.7131877264803293e-05,0.00012238513894375738,-0.00034193205431810576
2019-01-31 10:30:00-05:00,0.0003953474917310057,-6.675850682317051e-05,-0.000262885606175977
2019-01-31 10:45:00-05:00,0.0005102626095934867,-7.465352567409353e-05,-0.0002149269437600866
2019-01-31 11:00:00-05:00,0.0006450090083539755,4.850689752975264e-05,-0.0003605799890085503
2019-01-31 11:15:00-05:00,1.5274820765726048e-05,-2.2279562397090593e-05,-0.0005036417056497363
2019-01-31 11:30:00-05:00,0.00020350415288114535,-7.230454057193512e-05,-0.00015149861156549865
2019-01-31 11:45:00-05:00,-8.872560305775024e-05,-0.00011186251074793903,-0.0003953597594415461
2019-01-31 12:00:00-05:00,-0.0003426541278713131,-4.37767880769555e-05,-0.0001789977058247558
2019-01-31 12:15:00-05:00,-0.00034832326353374885,-6.507032088331344e-05,-0.000652168078778408
2019-01-31 12:30:00-05:00,-0.00039376228945351804,7.436328956405982e-05,-0.00048134553303909056
2019-01-31 12:45:00-05:00,-0.0004303773292457172,-1.1489893121165135e-05,-0.0004317450108557443
2019-01-31 13:00:00-05:00,-0.0005795728338482896,-0.0003098543659194016,-0.00020323775227236757
2019-01-31 13:15:00-05:00,-0.0007844997761177822,-0.00013165235741498132,-2.271411662056974e-06
2019-01-31 13:30:00-05:00,-0.0008242849930239985,-3.179874054555459e-05,-0.00010087882348631598
2019-01-31 13:45:00-05:00,-0.0006601373425642635,-0.0001134182943069225,-0.0004895957590279083
2019-01-31 14:00:00-05:00,-0.00030563884867996046,-2.6650128650557588e-05,-0.0002838322548686315
2019-01-31 14:15:00-05:00,-0.00031022176478807316,-1.4245608958421942e-05,-0.00021721855614357843
2019-01-31 14:30:00-05:00,-0.00012070111498557217,4.2779304497917743e-05,-0.00027132163066958463
2019-01-31 14:45:00-05:00,0.000186997352518705,1.0114073721996959e-05,-0.000303652040178372
2019-01-31 15:00:00-05:00,0.00012150587668426885,7.64636544459804e-05,-2.543661152241982e-05
2019-01-31 15:15:00-05:00,0.0004316067793225953,-1.871426994316801e-05,-0.00036090387521237944
2019-01-31 15:30:00-05:00,0.00018657798620177373,8.831550610455256e-05,-0.00026250484246157966
2019-02-01 10:15:00-05:00,2.0657439331387047e-07,0.00013518877988466459,-0.0004367622192005
2019-02-01 10:30:00-05:00,9.748413883446675e-05,8.015991505338268e-05,-0.00019607517693382204
2019-02-01 10:45:00-05:00,0.00013629675175003158,0.00010072413138706616,6.845000073016804e-05
2019-02-01 11:00:00-05:00,-0.0001470257779738842,-7.829685400345377e-05,-5.3561396064125735e-05
2019-02-01 11:15:00-05:00,-0.0005421396091066964,4.4384091121246176e-05,-0.00037109969237927463
2019-02-01 11:30:00-05:00,-0.0002099882922276972,2.208191218768938e-05,-0.0003500711186031325
2019-02-01 11:45:00-05:00,-0.00040672040233655156,4.146433952566522e-05,-0.0005283655977104788
2019-02-01 12:00:00-05:00,-0.0004644806929876793,1.834164344660242e-05,-0.00023121303106642281
2019-02-01 12:15:00-05:00,-0.0005435090219923689,5.368499855518981e-05,-0.00013455834426600558
2019-02-01 12:30:00-05:00,-0.00048519283498998163,7.898498689502209e-05,-0.0002393129628181715
2019-02-01 12:45:00-05:00,-0.0003157790762178813,4.602363465238475e-06,-6.98420661973311e-05
2019-02-01 13:00:00-05:00,-0.00023842037759120061,8.324096266143442e-05,-0.000274776381142729
2019-02-01 13:15:00-05:00,-0.00010774714507877886,0.00010309703460137264,-0.00047802542368310784
2019-02-01 13:30:00-05:00,-0.0002975561380349646,5.625254706604215e-05,-0.00020125050902787658
2019-02-01 13:45:00-05:00,-5.348662856827822e-05,4.415609312566544e-05,-0.00014160066681078722
2019-02-01 14:00:00-05:00,0.0003188228151685343,7.613549726939876e-05,-0.00018103339129161124
2019-02-01 14:15:00-05:00,-6.961305860221627e-05,-5.548651678071805e-05,-0.00023562132766289658
2019-02-01 14:30:00-05:00,-0.00028742333129312783,6.022954044261682e-05,-0.00017817843298613647
2019-02-01 14:45:00-05:00,-3.4003493895336554e-05,2.1475165731805728e-05,-1.2895754166624867e-05
2019-02-01 15:00:00-05:00,-0.00020959843831612615,6.44477662762836e-05,-0.0001756700800098649
2019-02-01 15:15:00-05:00,-0.00028389233103879224,5.830768640391693e-05,9.570398380365609e-06
2019-02-01 15:30:00-05:00,-0.00022380923120186624,-2.620437676151069e-06,-6.476712820234033e-05
2019-02-04 10:15:00-05:00,-0.00012381736495908238,5.381856003784198e-06,-0.00012610882973582732
2019-02-04 10:30:00-05:00,-0.0005138571349850378,-6.355450565258469e-05,0.0003885071182026613
2019-02-04 10:45:00-05:00,-0.000621633892863138,-5.1210153298422946e-05,0.00013779718247297086
2019-02-04 11:00:00-05:00,-0.0005612420345813253,-5.3111230775961383e-05,-0.00018108788850978408
2019-02-04 11:15:00-05:00,-0.00041315252696722356,3.4283177423711475e-05,-0.00012055615066660765
2019-02-04 11:30:00-05:00,-0.0005127921374401086,-1.2624584766859008e-05,0.00022081485302446332
2019-02-04 11:45:00-05:00,-0.0004246303610778547,5.936501485317764e-05,0.00015533520997784885
2019-02-04 12:00:00-05:00,9.220952044271876e-05,3.16191202885874e-05,-0.0001917545713647266
2019-02-04 12:15:00-05:00,0.00023802785908070084,2.9991493078381173e-05,-0.0003966577497744986
2019-02-04 12:30:00-05:00,-0.0002655796906560438,1.618908829941391e-05,-6.224715206725395e-05
2019-02-04 12:45:00-05:00,-0.00033056775554400625,0.0001091424770036752,6.187652701435858e-06
2019-02-04 13:00:00-05:00,-8.492038003681618e-05,6.065669228422292e-05,-6.524852208627414e-05
2019-02-04 13:15:00-05:00,4.099615926068809e-05,0.00013081298199933827,-0.0002757576614547866
2019-02-04 13:30:00-05:00,-0.00017807371976163842,5.1337000886049216e-05,8.3290978238924e-05
2019-02-04 13:45:00-05:00,0.00020611508324610073,8.917885570621565e-05,5.933242085689197e-05
2019-02-04 14:00:00-05:00,0.0003849964429648131,2.820951146405759e-05,-7.952982704751088e-05
2019-02-04 14:15:00-05:00,8.06491887394865e-05,6.170356966961605e-05,1.7183543486092252e-06
2019-02-04 14:30:00-05:00,-3.40056483533872e-05,2.8878109594687502e-05,0.00024922272903138654
2019-02-04 14:45:00-05:00,1.9485315004687127e-05,6.70827760559053e-05,3.205814019028777e-05
2019-02-04 15:00:00-05:00,-0.0001638070037443215,9.802491408098485e-06,-0.00010343614960043235
2019-02-04 15:15:00-05:00,-0.00016886373886053805,3.328028197235677e-05,-0.00014494750455686876
2019-02-04 15:30:00-05:00,-0.0001356324399645522,6.854981678319529e-05,-0.00014612018719102114
2019-02-05 10:15:00-05:00,-0.0003810649338847246,6.566305712268158e-05,-4.9511893424699186e-05
2019-02-05 10:30:00-05:00,-0.0007746652731651186,2.8745370473382505e-05,-6.8886208654827e-05
2019-02-05 10:45:00-05:00,9.14166846151142e-06,1.0473905309140853e-05,2.541287105291523e-05
2019-02-05 11:00:00-05:00,-0.00012701652869503635,3.606416067135889e-05,0.00021988170064111298
2019-02-05 11:15:00-05:00,-0.00026775715798227947,0.00013758734693642506,0.00019456228581509296
2019-02-05 11:30:00-05:00,-0.00042790539205178027,-3.3795255001915164e-05,0.0003095511632702326
2019-02-05 11:45:00-05:00,-0.00038366974475339356,-0.00013438212942442376,-0.0002748339424465543
2019-02-05 12:00:00-05:00,-6.134238373026166e-05,-3.658213379450215e-05,-0.0001829988937244107
2019-02-05 12:15:00-05:00,-0.00012617179739591436,-6.193824733220863e-05,2.3151529050643408e-05
2019-02-05 12:30:00-05:00,-0.00010514556761594338,-6.253665201642674e-05,-0.00012915003533244055
2019-02-05 12:45:00-05:00,0.00010865861882340944,1.509814362140687e-06,-4.05882609517072e-05
2019-02-05 13:00:00-05:00,-0.00018678744732459888,-1.3565663993926809e-05,0.00028299637735031325
2019-02-05 13:15:00-05:00,-0.00020904266733743024,8.951509395944991e-05,-0.0002739079020619728
2019-02-05 13:30:00-05:00,-0.0002976055461808789,-2.3712504196106587e-05,1.7401497326470104e-05
2019-02-05 13:45:00-05:00,-1.3095727181823985e-05,7.604795970327338e-05,-9.139807107442536e-06
2019-02-05 14:00:00-05:00,-1.3608794072669057e-05,4.854067220618318e-05,-0.00010424840447909687
2019-02-05 14:15:00-05:00,-5.284358929088232e-05,7.529387099504672e-05,-0.0002875905240980801
2019-02-05 14:30:00-05:00,2.8961757268702825e-05,1.998128804358113e-05,-0.00014705370182911893
2019-02-05 14:45:00-05:00,3.545820984433804e-05,5.2524049879984184e-05,-0.00019225783785561476
2019-02-05 15:00:00-05:00,0.00020611701572085245,9.025522186634624e-05,2.4736790692583736e-05
2019-02-05 15:15:00-05:00,6.063606025199767e-06,6.575358069514525e-05,-0.00015393682444193844
2019-02-05 15:30:00-05:00,7.872844091334526e-05,7.99288505251828e-05,-0.0001604451479154048
2019-02-06 10:15:00-05:00,0.00013068289897975633,6.079419686535476e-05,0.0003465110619478343
2019-02-06 10:30:00-05:00,0.00010376797276493517,0.00010554440105987257,0.00026044250666187765
2019-02-06 10:45:00-05:00,0.0002845596927773856,4.4622896127818104e-05,-0.0001716350370340881
2019-02-06 11:00:00-05:00,9.950229167771084e-05,8.008870416069194e-05,-0.0004025288938386258
2019-02-06 11:15:00-05:00,0.0004708584479751193,6.263297207175816e-05,5.46810283399266e-05
2019-02-06 11:30:00-05:00,0.0004470775772408959,7.058417511367153e-05,-0.00033478182155119706
2019-02-06 11:45:00-05:00,0.0005186187194846113,6.273217091432735e-05,2.1505815212863884e-05
2019-02-06 12:00:00-05:00,-0.00021361680930384982,8.452615111485879e-06,2.148222307148909e-05
2019-02-06 12:15:00-05:00,-0.0002642196137078604,5.584726085266624e-06,5.924909163676471e-06
2019-02-06 12:30:00-05:00,-1.4120980739859752e-05,5.247611303095788e-05,-7.069289554417989e-05
2019-02-06 12:45:00-05:00,-0.00014950070850972626,4.345562052420548e-05,-0.0001241140766566637
2019-02-06 13:00:00-05:00,-0.0008135943500002673,6.963673207864365e-05,5.680937899522655e-06
2019-02-06 13:15:00-05:00,-0.0006448635069605978,4.630728813100557e-05,0.00021486867128729507
2019-02-06 13:30:00-05:00,-0.0006853058348605886,3.4299392014241894e-05,-4.751313492058775e-05
2019-02-06 13:45:00-05:00,-7.235725501966379e-05,7.929499590140528e-05,4.654585491397904e-05
2019-02-06 14:00:00-05:00,-0.0002558121436485316,7.475655832052579e-05,0.00012983324466927064
2019-02-06 14:15:00-05:00,-0.00035354827567779474,9.217829785962264e-05,0.00013078511586050193
2019-02-06 14:30:00-05:00,0.00034498695499686157,0.00010459350560718762,0.0001260326702416704
2019-02-06 14:45:00-05:00,0.00020585137666618856,9.020476141034994e-06,4.542473689947882e-05
2019-02-06 15:00:00-05:00,9.27875771258963e-05,7.737588864491992e-05,-7.340330672461301e-05
2019-02-06 15:15:00-05:00,-0.00016326463506499084,3.723584441512557e-05,4.5164608138019424e-05
2019-02-06 15:30:00-05:00,-0.00021997349938164938,0.0001088825508197296,-0.00031521715884833126
2019-02-07 10:15:00-05:00,0.00017294340708325147,9.113987998043719e-05,0.00013234288137384405
2019-02-07 10:30:00-05:00,-0.00015004067208486372,6.931911122602111e-05,-2.1175414275827483e-05
2019-02-07 10:45:00-05:00,5.505857011449531e-05,1.972588154855987e-05,6.318950249278838e-05
2019-02-07 11:00:00-05:00,-4.734554346862476e-05,-5.4174784801446194e-05,3.0676340417102958e-06
2019-02-07 11:15:00-05:00,-0.0004034813524035248,-2.7111924593144558e-05,-0.00016072234075486863
2019-02-07 11:30:00-05:00,-0.00045356275484274627,-6.177035751751945e-05,-9.269444149745968e-07
2019-02-07 11:45:00-05:00,-0.00042977185305873884,-4.648482238790225e-05,1.5994338003139142e-05
2019-02-07 12:00:00-05:00,-0.00042637388860777923,5.090149145365026e-06,-0.0002007027387680473
2019-02-07 12:15:00-05:00,-0.0002792576971633193,-3.5555967382507224e-05,-3.880624674983252e-05
2019-02-07 12:30:00-05:00,-0.00024323664975927712,7.864446663781258e-05,0.0003036405356404657
2019-02-07 12:45:00-05:00,-0.00044412273877050807,-3.475449496221913e-05,-0.0003736509344156843
2019-02-07 13:00:00-05:00,-0.0002612410225895614,7.475463194619948e-05,0.00017066255733899917
2019-02-07 13:15:00-05:00,-0.00024929295074088313,6.17178911372086e-05,-0.00023299005716370381
2019-02-07 13:30:00-05:00,-0.0003147717595040934,3.700413556988298e-05,-0.00029200812861565796
2019-02-07 13:45:00-05:00,-0.00029188201960253713,5.398812075450552e-05,-0.00010209848386130036
2019-02-07 14:00:00-05:00,-0.0003808895787687269,4.993636049784149e-05,8.905753195982593e-05
2019-02-07 14:15:00-05:00,-0.00014879439882637665,4.889464647513647e-05,0.0002630077973416113
2019-02-07 14:30:00-05:00,-0.00027571918197509554,2.0235387377107244e-05,0.00038997656325079344
2019-02-07 14:45:00-05:00,2.797110777113624e-06,2.2687394207340353e-05,0.0003871202137584364
2019-02-07 15:00:00-05:00,8.79549672364267e-05,6.751111804360827e-05,0.0002528743718225133
2019-02-07 15:15:00-05:00,0.000205832431921713,1.6514781121476432e-05,0.0001459434488103673
2019-02-07 15:30:00-05:00,-0.00034293124614270755,2.030330444407114e-05,-9.359943541281679e-05
2019-02-08 10:15:00-05:00,-3.787665369653128e-05,2.0760507371614396e-05,0.00015181193229760713
2019-02-08 10:30:00-05:00,-6.219184897876018e-05,8.339263656203672e-05,0.0003234754439603595
2019-02-08 10:45:00-05:00,-0.0001809488922491148,0.00010731181794481525,3.479255383469522e-05
2019-02-08 11:00:00-05:00,-0.00044386780359370956,7.16108671355503e-05,0.00020109856842591062
2019-02-08 11:15:00-05:00,-0.000318292437819323,9.66836361500529e-05,-6.638895074641443e-05
2019-02-08 11:30:00-05:00,-0.00027774762682638876,8.32844627287287e-05,0.00031983995160549664
2019-02-08 11:45:00-05:00,-0.0003219387049477655,5.193990833191733e-05,0.0003575858088954187
2019-02-08 12:00:00-05:00,-0.00012481483005701016,9.223990858542112e-05,0.00034051349182196604
2019-02-08 12:15:00-05:00,-0.00010973505632208657,0.00010811982732670295,0.0002388273881373592
2019-02-08 12:30:00-05:00,-2.895956494673009e-05,0.00013445250187510725,-5.508264239097498e-05
2019-02-08 12:45:00-05:00,5.1385407958580664e-05,9.977342684434167e-05,-6.455033062961841e-05
2019-02-08 13:00:00-05:00,5.5763509830580085e-05,6.067297368494376e-05,2.4092472323866697e-06
2019-02-08 13:15:00-05:00,-0.00020094130480037052,9.861524009769183e-05,-0.00016449947287706292
2019-02-08 13:30:00-05:00,7.649382114012883e-05,2.9500046607172683e-05,-9.285252262712148e-05
2019-02-08 13:45:00-05:00,-0.0001332917193057346,8.070518750094418e-05,-0.00024836788700063195
2019-02-08 14:00:00-05:00,-8.595123441987554e-05,0.000108036477934268,2.0919250258276576e-05
2019-02-08 14:15:00-05:00,5.132800915524631e-05,3.815654898532909e-05,-0.00016136781651697064
2019-02-08 14:30:00-05:00,-9.239292513385046e-05,7.984784914473074e-05,-0.00017583733096330706
2019-02-08 14:45:00-05:00,-9.768868411059514e-05,4.354256957799471e-05,-0.00012369669150058145
2019-02-08 15:00:00-05:00,5.4128458563843325e-05,8.613645796134241e-05,3.790667339032099e-05
2019-02-08 15:15:00-05:00,-0.00015256049763036158,3.9047632283642016e-05,-9.140001020178579e-05
2019-02-08 15:30:00-05:00,-0.0001870470578756779,5.739817530810928e-05,-8.218483894350098e-05
2019-02-11 10:15:00-05:00,-0.00013549386905881781,0.00015514077596130683,-4.181877533845545e-05
2019-02-11 10:30:00-05:00,8.692895312845198e-05,0.00011884551007598453,-0.00042107197129694437
2019-02-11 10:45:00-05:00,-0.00031807248130725525,-1.7761571132717693e-05,-0.00030532612116917834
2019-02-11 11:00:00-05:00,-0.00018295631386823044,6.24634774646603e-05,-1.7717769185146874e-05
2019-02-11 11:15:00-05:00,-0.0003357935911994517,4.827578185972412e-05,1.0028216153584082e-05
2019-02-11 11:30:00-05:00,-0.00016896606682832648,-1.2650469295994946e-05,-8.594811058878935e-06
2019-02-11 11:45:00-05:00,-0.00020029873176340704,2.1256424927294975e-05,-9.957416508315169e-05
2019-02-11 12:00:00-05:00,-0.0002800221094221852,3.8146080438654466e-05,8.392044681130433e-05
2019-02-11 12:15:00-05:00,0.00017676098108650775,7.550750166778534e-05,-0.00024041531804754298
2019-02-11 12:30:00-05:00,1.2811400697889001e-05,6.169308003281076e-05,-8.8333892760646e-06
2019-02-11 12:45:00-05:00,2.1013225983608522e-05,7.56060368662681e-05,-1.537851541937061e-05
2019-02-11 13:00:00-05:00,0.0002686832554685013,7.563680597471628e-05,-7.760768603716457e-05
2019-02-11 13:15:00-05:00,0.00019713095348409773,6.643684625081927e-05,-5.3601202719920925e-05
2019-02-11 13:30:00-05:00,0.00018970990637213762,6.870135769780495e-05,6.443808788187331e-06
2019-02-11 13:45:00-05:00,0.0001875954710953679,9.314586422216452e-05,-5.4474938023604985e-05
2019-02-11 14:00:00-05:00,-0.00011356185935781456,9.133193180000116e-05,-0.00022189508343511448
2019-02-11 14:15:00-05:00,-0.00022368813960914216,5.617312131084363e-05,-0.00018090608119419565
2019-02-11 14:30:00-05:00,-0.00019183836299436702,6.195560324902568e-05,0.0002226266469048895
2019-02-11 14:45:00-05:00,8.120308855556889e-05,0.00010336534664220658,1.3405003667101175e-05
2019-02-11 15:00:00-05:00,-0.000136562804525846,6.38307234279201e-05,-0.0002003132321170519
2019-02-11 15:15:00-05:00,0.00016513338521191492,5.224924163602591e-05,-0.0003259255915599694
2019-02-11 15:30:00-05:00,-8.77227563785815e-05,5.772526825922359e-05,-0.0001984918188171519
2019-02-12 10:15:00-05:00,-0.00017887706462294225,4.783353168464699e-05,3.823598034056947e-05
2019-02-12 10:30:00-05:00,-0.0004199815607991417,4.224734379651367e-05,-9.862707004424707e-06
2019-02-12 10:45:00-05:00,-0.0002609254081539803,1.7707607476730335e-05,-0.00010654623852296384
2019-02-12 11:00:00-05:00,-0.00037985486052642133,1.3627693033851097e-05,-0.0001011439734689296
2019-02-12 11:15:00-05:00,-0.0005364733267440151,2.0858115498976515e-05,-0.0002575639014702731
2019-02-12 11:30:00-05:00,-0.0005108332452422048,-4.194149782563884e-05,-4.351360680707064e-05
2019-02-12 11:45:00-05:00,-0.00034718893784994675,7.223810760511857e-06,-0.00019767385601679452
2019-02-12 12:00:00-05:00,-0.0003159867572216032,7.125868608625869e-05,-0.00022187994104271835
2019-02-12 12:15:00-05:00,-0.00016365542112981973,5.4398559799360055e-05,-0.00019383915017340627
2019-02-12 12:30:00-05:00,-0.00028831055514566106,4.358788720884484e-05,-8.327670512027848e-05
2019-02-12 12:45:00-05:00,-0.0001893615718366092,4.264141006270475e-05,-0.00014299835740027846
2019-02-12 13:00:00-05:00,-7.04895105011822e-05,0.00010088534351977614,-0.00020392968462423994
2019-02-12 13:15:00-05:00,0.00011408302030207465,0.00011073396693465,-0.0003732615999198854
2019-02-12 13:30:00-05:00,0.000465226015901923,0.00012601695811645993,-0.0001301322568888773
2019-02-12 13:45:00-05:00,0.00017040753435982098,7.806478310943509e-05,3.020900065665221e-05
2019-02-12 14:00:00-05:00,0.00019274848025521062,6.785130411652362e-05,-0.00014722596037995
2019-02-12 14:15:00-05:00,0.00013075275736128313,8.747816400916182e-05,-8.73364935993256e-05
2019-02-12 14:30:00-05:00,0.00012271386658146714,8.046098882610657e-05,-0.0003433737580840657
2019-02-12 14:45:00-05:00,5.488809389084539e-05,9.677542136349082e-05,-0.0002385511628219442
2019-02-12 15:00:00-05:00,0.00010914870467341704,4.9888125276177196e-05,-0.0001838779146164044
2019-02-12 15:15:00-05:00,0.00024570244238987125,6.231705337856667e-06,-0.00023810351586808255
2019-02-12 15:30:00-05:00,5.7501840270585226e-05,2.060398652127967e-05,-0.0004000817836054685
2019-02-13 10:15:00-05:00,0.0002559557034916693,-1.887996756982574e-05,6.365518906117228e-05
2019-02-13 10:30:00-05:00,0.000230342875158312,8.322185009301029e-05,5.416788901391205e-05
2019-02-13 10:45:00-05:00,0.0003697162616794339,6.032776173314131e-05,-0.000235082073307127
2019-02-13 11:00:00-05:00,0.0002900256642343931,-7.414931471365612e-05,-0.00014784941162567213
2019-02-13 11:15:00-05:00,0.00028880725832277834,-1.0346058963065644e-05,-9.99540912686572e-05
2019-02-13 11:30:00-05:00,6.395926400404966e-05,-3.154441388729825e-05,-0.0001960704618354863
2019-02-13 11:45:00-05:00,-5.048759187000733e-05,7.165420455226055e-05,-0.00026021557434581527
2019-02-13 12:00:00-05:00,1.1356440501881537e-05,3.7181331361022485e-05,-0.00019023701295803276
2019-02-13 12:15:00-05:00,-0.000196870566387303,9.10193033414688e-05,-0.00032114839178173433
2019-02-13 12:30:00-05:00,-0.00027027613916134435,9.574641789702285e-05,-8.167422274356303e-05
2019-02-13 12:45:00-05:00,-7.369647120827872e-05,7.140502897046413e-05,-0.0001992148578206836
2019-02-13 13:00:00-05:00,-8.32966458076334e-05,5.616168638321645e-05,5.676358954903165e-05
2019-02-13 13:15:00-05:00,-0.00010221980896125423,8.144514638030195e-05,-0.0002878342210982676
2019-02-13 13:30:00-05:00,-0.00014531101191032393,6.777493742744763e-05,-0.00032070804243515685
2019-02-13 13:45:00-05:00,0.00013626953402737102,9.676367278315595e-05,-0.0003638068781776466
2019-02-13 14:00:00-05:00,-3.024434422242263e-05,5.879636647007466e-05,-0.00044341082753130714
2019-02-13 14:15:00-05:00,-5.806688212011548e-05,2.5525969073648564e-05,-0.0001565709330808836
2019-02-13 14:30:00-05:00,-2.1029234584330854e-05,5.234370526513769e-05,-0.00025069080600022075
2019-02-13 14:45:00-05:00,7.816699226142318e-05,6.369811502982146e-05,-0.0003074506254513417
2019-02-13 15:00:00-05:00,-2.1639486306221343e-05,0.0001114868371728852,-0.00025058610709110195
2019-02-13 15:15:00-05:00,-0.0001005367970842445,2.0272368566862426e-05,-0.00021586048533654166
2019-02-13 15:30:00-05:00,4.315553856877344e-05,1.8282457687052895e-05,-0.0001770615017764337
2019-02-14 10:15:00-05:00,0.0002011817306609176,2.7244574891100398e-05,-6.969938765154326e-06
2019-02-14 10:30:00-05:00,0.0002815256476832229,6.822580708845719e-05,5.349184344116079e-05
2019-02-14 10:45:00-05:00,0.00010859933050012115,5.581050299712888e-06,0.00010560108884258454
2019-02-14 11:00:00-05:00,-0.00012497490264287695,9.718391315662724e-05,-0.0001792490401251513
2019-02-14 11:15:00-05:00,-1.5075558231997081e-05,5.9315820504213276e-05,-0.00020088724272002733
2019-02-14 11:30:00-05:00,-0.0001792836327255574,9.330881360014142e-05,3.20387322967851e-05
2019-02-14 11:45:00-05:00,-0.0003462102035071177,9.879539121208264e-06,-5.123058414383177e-06
2019-02-14 12:00:00-05:00,-0.00011363702627776631,7.485356951645928e-05,-0.00024224315165917145
2019-02-14 12:15:00-05:00,0.00013982855111971444,-2.7271744827881558e-05,-0.00012009109344066604
2019-02-14 12:30:00-05:00,-6.415820744132011e-05,-0.00011607658387025155,-0.0002927098732389716
2019-02-14 12:45:00-05:00,8.70651737341748e-05,2.036624380294848e-06,-0.00015358759254844098
2019-02-14 13:00:00-05:00,-5.638044377575041e-05,-3.542454504616433e-05,-0.0001814508713933915
2019-02-14 13:15:00-05:00,1.7126815554955968e-05,2.335967873069991e-05,-0.00012759550116707874
2019-02-14 13:30:00-05:00,-0.00015472025296278116,-1.3179246397163024e-05,0.00011274712020632488
2019-02-14 13:45:00-05:00,4.696845229987179e-05,-3.52039418921623e-05,7.104393422181616e-05
2019-02-14 14:00:00-05:00,5.770936428087124e-05,7.16738103301564e-05,-0.0001570910947520702
2019-02-14 14:15:00-05:00,7.655782603315493e-05,0.00010299585821880925,0.00012687720348737946
2019-02-14 14:30:00-05:00,-6.65560005319884e-05,7.341516928991943e-05,-0.00012947139665932307
2019-02-14 14:45:00-05:00,-3.5225338983610275e-05,4.738443830294089e-05,-0.00021244938842271527
2019-02-14 15:00:00-05:00,8.789528303069541e-05,9.709296734356233e-05,7.245175074745795e-06
2019-02-14 15:15:00-05:00,7.033704982624339e-07,1.7462235456139842e-05,-3.718675344539945e-05
2019-02-14 15:30:00-05:00,3.0637318868687016e-06,4.289245009247143e-05,-9.483399573407942e-05
2019-02-15 10:15:00-05:00,-0.00027300354204625994,3.239805247554377e-05,0.0004968614881438847
2019-02-15 10:30:00-05:00,-0.0001789260485877267,7.830660362876024e-05,-0.00014832926512617465
2019-02-15 10:45:00-05:00,-0.00011694880958735543,5.6615856970488806e-05,-0.00022971178815100153
2019-02-15 11:00:00-05:00,-7.568642127474403e-05,3.3661499363310476e-05,-0.00023197008694894632
2019-02-15 11:15:00-05:00,-0.0002451245432610426,6.862952544534328e-05,-0.0005249732043706676
2019-02-15 11:30:00-05:00,-0.0002241748650660518,5.705949364866144e-05,-0.00031995307935323854
2019-02-15 11:45:00-05:00,-3.10301134189058e-05,9.56030952609297e-05,-0.0005061176070618548
2019-02-15 12:00:00-05:00,3.0378200924330956e-06,5.553514176800137e-06,-1.211131690859905e-05
2019-02-15 12:15:00-05:00,-4.068451157117162e-05,5.243082342960739e-05,-0.0005389710392445067
2019-02-15 12:30:00-05:00,0.00013967316515009086,7.110282935983124e-05,-0.0003300609892170903
2019-02-15 12:45:00-05:00,-6.948868980525846e-05,4.217694450487841e-05,-0.000213280189408335
2019-02-15 13:00:00-05:00,-5.923604599629796e-05,1.3631631276142851e-06,-0.0003657631277436888
2019-02-15 13:15:00-05:00,-3.131166414513712e-05,3.809512841368696e-05,-0.00024299603399702404
2019-02-15 13:30:00-05:00,-8.357256324310406e-05,8.44535783146783e-05,-1.9228750852211854e-05
2019-02-15 13:45:00-05:00,1.5072595262979593e-05,7.126518675145976e-05,-0.0003175659236676359
2019-02-15 14:00:00-05:00,-7.059638238138171e-05,0.00010531553213371469,-0.0002303195090175093
2019-02-15 14:15:00-05:00,-0.00020490585230728342,3.019635648225496e-05,0.00011477217746928684
2019-02-15 14:30:00-05:00,0.00021682203585015025,6.05616317197688e-05,-0.00011008775615153412
2019-02-15 14:45:00-05:00,-4.4696694689855385e-05,3.731927809902654e-05,-0.00041242673344331555
2019-02-15 15:00:00-05:00,-2.1219269987715478e-05,0.00010479868128523954,-0.0002817886682100939
2019-02-15 15:15:00-05:00,-2.4693298387991987e-05,4.4901676059652754e-05,-3.405877340435563e-05
2019-02-15 15:30:00-05:00,0.00018763824215706616,4.6229427108065285e-05,-0.00019084870210211869
2019-02-18 10:15:00-05:00,,,
2019-02-18 10:30:00-05:00,,,
2019-02-18 10:45:00-05:00,,,
2019-02-18 11:00:00-05:00,,,
2019-02-18 11:15:00-05:00,,,
2019-02-18 11:30:00-05:00,,,
2019-02-18 11:45:00-05:00,,,
2019-02-18 12:00:00-05:00,,,
2019-02-18 12:15:00-05:00,,,
2019-02-18 12:30:00-05:00,,,
2019-02-18 12:45:00-05:00,,,
2019-02-18 13:00:00-05:00,,,
2019-02-18 13:15:00-05:00,,,
2019-02-18 13:30:00-05:00,,,
2019-02-18 13:45:00-05:00,,,
2019-02-18 14:00:00-05:00,,,
2019-02-18 14:15:00-05:00,,,
2019-02-18 14:30:00-05:00,,,
2019-02-18 14:45:00-05:00,,,
2019-02-18 15:00:00-05:00,,,
2019-02-18 15:15:00-05:00,,,
2019-02-18 15:30:00-05:00,,,
2019-02-19 10:15:00-05:00,,,
2019-02-19 10:30:00-05:00,,,
2019-02-19 10:45:00-05:00,,,
2019-02-19 11:00:00-05:00,,,
2019-02-19 11:15:00-05:00,,,
2019-02-19 11:30:00-05:00,9.254000542098022e-06,0.0001117163256025098,-2.454610677079241e-05
2019-02-19 11:45:00-05:00,0.00024137734545405436,1.5564854274561974e-05,-0.0002584592861321558
2019-02-19 12:00:00-05:00,0.00028899352558541365,7.870075036337494e-05,7.09969575375539e-05
2019-02-19 12:15:00-05:00,0.00043364399433061193,9.060650993051603e-05,-2.5233649870810896e-05
2019-02-19 12:30:00-05:00,9.631383568212018e-06,7.667887356832e-05,7.222000034106559e-05
2019-02-19 12:45:00-05:00,-4.04588928429334e-05,7.216460413775222e-05,-1.082714448429373e-05
2019-02-19 13:00:00-05:00,0.0001778239605801187,6.754593103918641e-05,-0.00012584019680374163
2019-02-19 13:15:00-05:00,0.00019139836626337086,3.70399173143018e-05,-0.00021172573075488378
2019-02-19 13:30:00-05:00,0.00014598829555984274,9.458305880776256e-05,-0.00018652320071057697
2019-02-19 13:45:00-05:00,-8.518922394279809e-05,6.707901790037446e-05,8.455390985305782e-06
2019-02-19 14:00:00-05:00,0.000185601032078265,0.00010253646683217952,-0.00026263581708248706
2019-02-19 14:15:00-05:00,0.0001275293712982145,0.00012821915709638421,-1.0056147665300159e-05
2019-02-19 14:30:00-05:00,0.0002932737776667382,8.802743703217734e-05,-0.00013827710906780076
2019-02-19 14:45:00-05:00,0.00029310218586302213,0.00012622281517302896,-0.00010009082528047037
2019-02-19 15:00:00-05:00,0.0004024601812832183,5.548198834853208e-05,-0.0001248356644784788
2019-02-19 15:15:00-05:00,0.00032745685975908516,7.254561830966234e-05,-8.938268918921785e-05
2019-02-19 15:30:00-05:00,0.0003887388435218564,6.651821859793927e-05,-0.00022658313447965236
2019-02-20 10:15:00-05:00,0.000599388239076258,0.00011107924234076589,-6.849037595123404e-05
2019-02-20 10:30:00-05:00,0.0005676397587613596,0.00012561009766558941,-0.0002874669667478936
2019-02-20 10:45:00-05:00,0.00036534112793836556,5.6670762373230834e-05,-4.2871422241170444e-05
2019-02-20 11:00:00-05:00,9.159501905833334e-05,8.51549017846355e-05,-1.2056587669977977e-05
2019-02-20 11:15:00-05:00,0.0002508590854897402,0.0001049119260151929,-0.00019423767075939165
2019-02-20 11:30:00-05:00,9.54342741603307e-05,6.844820215533889e-05,-0.0002596945939309128
2019-02-20 11:45:00-05:00,0.00013609061117327752,0.0001365896295029648,-0.0001602128162315735
2019-02-20 12:00:00-05:00,5.2445593268938035e-05,1.440188366080195e-05,4.493535840884889e-05
2019-02-20 12:15:00-05:00,2.444899319550992e-05,9.024396197610252e-05,-0.00025189379975243934
2019-02-20 12:30:00-05:00,1.0768254961628515e-05,8.374726875398933e-05,-0.0002981685983390399
2019-02-20 12:45:00-05:00,0.00022431718548563513,2.3914662068584288e-05,-0.0004398678256748566
2019-02-20 13:00:00-05:00,0.000285374286864942,-5.591665751268287e-05,-9.206930093335738e-05
2019-02-20 13:15:00-05:00,0.0001246949193487194,-1.63896741079264e-05,-0.00035210564429532577
2019-02-20 13:30:00-05:00,0.00031437895699437657,5.595353898126706e-05,-0.00016863971057644298
2019-02-20 13:45:00-05:00,0.0002396198932517722,4.9187363989047455e-05,-0.0002239995779758526
2019-02-20 14:00:00-05:00,-0.00023354203379267186,3.3833547658558646e-05,5.06542093588378e-05
2019-02-20 14:15:00-05:00,-0.00026313411049215584,6.318613613729157e-05,-4.5160608275236625e-05
2019-02-20 14:30:00-05:00,-0.00011464671731787159,0.0001017573308115415,-4.764748774945377e-05
2019-02-20 14:45:00-05:00,-0.00023231679789887034,4.636417486729078e-05,-0.0001644843745633897
2019-02-20 15:00:00-05:00,-6.309830309499406e-05,6.141081973759648e-06,-0.00022413822818693376
2019-02-20 15:15:00-05:00,0.0001013577809199323,2.7196604904839382e-05,-0.00019204831987664107
2019-02-20 15:30:00-05:00,0.000102759770426386,1.5601247121406717e-05,6.946636479782955e-06
2019-02-21 10:15:00-05:00,6.0623662151761846e-05,-4.3479059097584514e-05,4.481650919689501e-06
2019-02-21 10:30:00-05:00,-0.00017322760203657345,-8.585034918921465e-05,0.00011098949343832487
2019-02-21 10:45:00-05:00,-0.0002629367853022623,-6.217533139171284e-05,5.863871619698363e-05
2019-02-21 11:00:00-05:00,-0.0005158837726877815,-0.00016649026702273017,0.0001630819936600772
2019-02-21 11:15:00-05:00,-0.0006287837423656666,-0.00011187428293303328,-0.0001837536878616407
2019-02-21 11:30:00-05:00,-0.0007236733388270869,-6.921445325825288e-05,-0.00015428691016098532
2019-02-21 11:45:00-05:00,-0.0007421861162683198,-7.768881764492272e-05,4.430385669516968e-05
2019-02-21 12:00:00-05:00,-0.000544381711213774,-8.710527652276561e-05,-5.075469311904788e-05
2019-02-21 12:15:00-05:00,-0.0004961464959483873,1.7505600406082002e-05,-5.9616014348204014e-05
2019-02-21 12:30:00-05:00,-0.00048273594853038795,1.4023913075994715e-05,-5.637521369371065e-05
2019-02-21 12:45:00-05:00,-5.533325362814915e-05,8.196992388557484e-05,-9.627971589425619e-05
2019-02-21 13:00:00-05:00,1.5491058738019227e-05,1.2283243974065335e-05,0.00014232480372546876
2019-02-21 13:15:00-05:00,7.741186887239524e-05,7.018378302140705e-05,8.274536524596097e-05
2019-02-21 13:30:00-05:00,2.30635211479322e-05,-1.4276232798827375e-06,-4.3487783751954394e-05
2019-02-21 13:45:00-05:00,7.69666126278552e-05,1.2831568553856528e-05,-2.4945148678497674e-05
2019-02-21 14:00:00-05:00,0.0002452069241090917,6.984441707105555e-05,-6.721822446537335e-05
2019-02-21 14:15:00-05:00,0.00016166241983102975,4.581062944023376e-05,-0.00016642161120780798
2019-02-21 14:30:00-05:00,0.00022168991623398358,9.760122273041753e-05,-0.00012075413196640664
2019-02-21 14:45:00-05:00,2.01236278942188e-05,6.625256872629985e-05,-1.1680255985037194e-05
2019-02-21 15:00:00-05:00,0.00014432724116747567,-2.1715172520144466e-05,4.361857338106768e-05
2019-02-21 15:15:00-05:00,0.00018113921680433352,8.398535347815316e-05,-0.00011277688271670254
2019-02-21 15:30:00-05:00,0.0002471007030062865,9.667331648675962e-06,0.00015682979862927993
2019-02-22 10:15:00-05:00,0.00016855746859732062,9.493795768465409e-05,-9.75509231218947e-05
2019-02-22 10:30:00-05:00,-9.112549690809003e-06,-4.2163870338365785e-05,-4.6872406679301286e-05
2019-02-22 10:45:00-05:00,-2.3740553890382283e-05,5.0057336247610876e-05,8.10326644597281e-05
2019-02-22 11:00:00-05:00,0.00024156220951671568,6.882688227516976e-05,-6.751223228080758e-05
2019-02-22 11:15:00-05:00,-0.00016511233736776594,1.975392290345349e-05,-0.00016806441685548326
2019-02-22 11:30:00-05:00,-0.0002331396346604731,-6.789206835423414e-06,3.192181112602866e-05
2019-02-22 11:45:00-05:00,-0.0003021470875240302,5.5351629290706295e-05,-0.00014155859458184385
2019-02-22 12:00:00-05:00,-0.00024130663534774598,5.796113572511595e-05,-3.094701498545552e-05
2019-02-22 12:15:00-05:00,1.7741349266597616e-05,0.00010476174692819134,-0.00010669104585011105
2019-02-22 12:30:00-05:00,-0.00015852913645170654,6.197083819342326e-05,-0.00014679244576445944
2019-02-22 12:45:00-05:00,-1.4183369609608398e-05,6.774582609208518e-05,0.0001667109169763945
2019-02-22 13:00:00-05:00,7.439044109324813e-05,1.9379320032799563e-05,7.124191036643719e-05
2019-02-22 13:15:00-05:00,0.00022969466508557834,3.298337804989961e-05,-0.0001941843507731495
2019-02-22 13:30:00-05:00,0.00039724913082828074,5.0659029890898354e-05,6.712252627628351e-05
2019-02-22 13:45:00-05:00,0.00018127125277643232,2.9027162835385053e-05,2.877948556570191e-05
2019-02-22 14:00:00-05:00,0.00028641920262439724,5.130445409772167e-05,3.61274299475282e-05
2019-02-22 14:15:00-05:00,8.788262818922163e-06,9.02082627652919e-05,3.551228990036534e-05
2019-02-22 14:30:00-05:00,0.00027808677430697095,9.090114888327926e-05,-6.356211152523036e-05
2019-02-22 14:45:00-05:00,0.00028418518031556777,6.557097599099978e-05,0.000182262299876029
2019-02-22 15:00:00-05:00,-0.00023225258504493124,8.636541915106667e-05,-0.0001428248438107289
2019-02-22 15:15:00-05:00,-0.0002862863745678325,4.6112310613637724e-05,-0.0001671959571634295
2019-02-22 15:30:00-05:00,-3.354956785085177e-05,8.994911741747471e-05,-0.00013392682976714573
2019-02-25 10:15:00-05:00,2.9528892870797415e-05,-6.421061770730793e-06,1.884252454832424e-05
2019-02-25 10:30:00-05:00,3.9201316908242574e-05,3.4380275412445155e-05,-0.00013815802666240697
2019-02-25 10:45:00-05:00,-5.1847992078519494e-05,7.948216485480622e-05,-5.561860133245345e-05
2019-02-25 11:00:00-05:00,-9.166720937382568e-05,2.612827301156957e-05,-6.642814249543175e-05
2019-02-25 11:15:00-05:00,-0.00016304156503134056,3.406233101015121e-05,-0.0001929962384144568
2019-02-25 11:30:00-05:00,-0.0003597230596162309,2.6128101140224093e-05,-5.013115941348072e-05
2019-02-25 11:45:00-05:00,-8.875727209990194e-05,5.69835346320172e-05,-0.0001589324826239992
2019-02-25 12:00:00-05:00,-1.5718245840259026e-05,5.093107301932209e-05,-9.162913836068252e-05
2019-02-25 12:15:00-05:00,4.3839134007179144e-05,5.1944517449406534e-05,-0.00021025295105796217
2019-02-25 12:30:00-05:00,0.0003157825041152964,8.348942762812556e-05,-0.0002540423954316474
2019-02-25 12:45:00-05:00,9.963340396192989e-05,6.610545192242081e-05,-2.2122144586850104e-05
2019-02-25 13:00:00-05:00,-2.0409588756358852e-05,-3.0156289036413765e-05,-0.0001665367297612666
2019-02-25 13:15:00-05:00,-0.00012829140896502482,7.973422635278479e-05,-0.00012611164352367634
2019-02-25 13:30:00-05:00,-0.00027357600703293157,5.699999747039549e-05,-0.00017228026854989537
2019-02-25 13:45:00-05:00,-0.00030082185614006466,1.932204389066382e-06,-0.00023451977066462945
2019-02-25 14:00:00-05:00,-0.00010089560022827422,4.3092549150435344e-05,-0.0001542696080970368
2019-02-25 14:15:00-05:00,-0.00018794662223643908,4.018509859534027e-06,-0.00014540698787804453
2019-02-25 14:30:00-05:00,6.92272772068532e-05,3.139299940794534e-05,-8.03089034595522e-05
2019-02-25 14:45:00-05:00,0.00011183421541525443,6.221697738421972e-05,-0.00011472073860436354
2019-02-25 15:00:00-05:00,0.0002166450288295733,8.065103321041243e-05,-0.00023825897740359386
2019-02-25 15:15:00-05:00,2.7175821541127634e-05,5.133033312568804e-05,4.225580722731491e-05
2019-02-25 15:30:00-05:00,0.00010096704479063577,4.648524603413699e-05,-0.00021994467950493013
2019-02-26 10:15:00-05:00,-8.89692316895265e-05,-7.190137697271524e-06,0.00010632414398493345
2019-02-26 10:30:00-05:00,-0.0003727199787701872,-3.840340308186475e-06,-0.00016419039342764808
2019-02-26 10:45:00-05:00,-0.0002978400149612277,6.0092888463503065e-05,-0.00031770914661920777
2019-02-26 11:00:00-05:00,-0.000488866406686829,-7.036877222736218e-05,-6.824225155072674e-05
2019-02-26 11:15:00-05:00,-0.0003807539319688999,-2.2911220841160874e-05,-0.00014482560202448168
2019-02-26 11:30:00-05:00,-0.00046743074712370856,-5.4478376510602334e-05,-0.0003705624635843306
2019-02-26 11:45:00-05:00,-0.00040359386082713976,5.713122511429249e-05,-0.0004025182465085492
2019-02-26 12:00:00-05:00,-0.00024839511582948576,-7.12409288027609e-05,-0.00011298071435697618
2019-02-26 12:15:00-05:00,-4.8569875219647965e-05,1.5657248006804366e-05,-0.00034068155609609307
2019-02-26 12:30:00-05:00,-5.1490033059611685e-05,2.7034454155399745e-05,-0.00017177858497273175
2019-02-26 12:45:00-05:00,9.477600384536667e-05,5.026303662254045e-05,-0.0001235742962279666
2019-02-26 13:00:00-05:00,0.0002758718701615353,-6.086471931655659e-06,-0.00014706589702740991
2019-02-26 13:15:00-05:00,0.00021741492464469973,-1.8378227644252264e-06,-8.588892667144229e-05
2019-02-26 13:30:00-05:00,0.0003079378656224836,9.11606186391215e-05,-9.896583279433408e-05
2019-02-26 13:45:00-05:00,0.00024483809547711286,4.994441347024951e-05,-0.00020379340677633678
2019-02-26 14:00:00-05:00,0.0001810012713464609,9.825268137267842e-05,-0.00022859976062365996
2019-02-26 14:15:00-05:00,2.3112932454505988e-05,0.00011696108635964716,-0.00034525807084052293
2019-02-26 14:30:00-05:00,-1.5058023565475826e-05,5.644552978462781e-05,-0.00015625766414943803
2019-02-26 14:45:00-05:00,-0.00024403856007176807,0.00011175735708463151,-0.00017053639532015944
2019-02-26 15:00:00-05:00,-3.9777265711160196e-05,6.105106805214574e-05,-0.00014458825622391743
2019-02-26 15:15:00-05:00,-7.8699021458596e-05,0.00010113666682062445,-0.00021235546681045147
2019-02-26 15:30:00-05:00,-4.695318031880487e-05,7.847336302643069e-05,-0.0003119544115124769
2019-02-27 10:15:00-05:00,0.0002972262919442669,4.289305941541517e-05,-0.0002862150769494275
2019-02-27 10:30:00-05:00,-0.0005347820006054138,0.0001286062078026223,-1.9028812439849403e-05
2019-02-27 10:45:00-05:00,-6.857973665751845e-05,-6.436716517408909e-05,-0.0004099008593180387
2019-02-27 11:00:00-05:00,-0.0005000345999965304,5.9296567362860194e-05,-0.00017531522978552386
2019-02-27 11:15:00-05:00,-0.00040355706160291724,1.8435696080660294e-05,-0.00029211843117719465
2019-02-27 11:30:00-05:00,-0.00040213369751679535,2.1474917967051813e-05,-0.0002260592597414185
2019-02-27 11:45:00-05:00,-0.0006709240825641978,-1.7431142800988336e-05,-0.00031608698777024806
2019-02-27 12:00:00-05:00,-0.00017651509658892547,7.056726318248141e-06,2.8357562210363367e-05
2019-02-27 12:15:00-05:00,-0.00012986224329234792,2.801398907416981e-05,-0.00012566904771440287
2019-02-27 12:30:00-05:00,9.550689156073141e-05,6.688804211554303e-05,-0.00010193524242328684
2019-02-27 12:45:00-05:00,-0.0002780576647727809,6.850289777377567e-05,-0.0001632457542002006
2019-02-27 13:00:00-05:00,0.0002217686249917602,5.825564219236178e-05,7.268968940206401e-05
2019-02-27 13:15:00-05:00,4.28288720441076e-05,0.0001177476124928734,-0.00035478374254489537
2019-02-27 13:30:00-05:00,8.466280460048419e-05,0.00012608071397134308,-0.0001915246438960969
2019-02-27 13:45:00-05:00,1.7862979115391045e-05,8.878504239249069e-05,-0.00016275422662468476
2019-02-27 14:00:00-05:00,3.5798713998113744e-05,6.692635718621568e-05,-7.134769830591168e-05
2019-02-27 14:15:00-05:00,0.0002537869379634937,1.1349724331378274e-05,-0.0002847070753538162
2019-02-27 14:30:00-05:00,0.00011467540692852824,5.7106015137778535e-05,-0.00015251276655148163
2019-02-27 14:45:00-05:00,-3.0888779087857094e-05,5.662492240994591e-05,4.9425402833604095e-05
2019-02-27 15:00:00-05:00,-2.453416355437422e-05,5.456436494626417e-05,-0.00014598804900901885
2019-02-27 15:15:00-05:00,9.666968004786716e-05,9.434477541258137e-05,-0.00025545905856167876
2019-02-27 15:30:00-05:00,0.00016153230430808487,0.00011486663296842424,-0.00029048873045359414
2019-02-28 10:15:00-05:00,0.0001466443896598647,-1.963860647407049e-05,0.00015584466298107787
2019-02-28 10:30:00-05:00,0.0003079403648797727,3.990042723972767e-05,0.0001485449750487968
2019-02-28 10:45:00-05:00,-4.947094646527931e-06,8.513837633389407e-05,-5.400195276360775e-05
2019-02-28 11:00:00-05:00,0.0002387282902645947,9.992818152305764e-05,-0.00030156929874729216
2019-02-28 11:15:00-05:00,0.0001496863179050563,0.00011370253588169288,-5.034674021015188e-05
2019-02-28 11:30:00-05:00,0.00015155380466188616,6.89713987392178e-05,0.00020877108867169137
2019-02-28 11:45:00-05:00,-7.295549581984581e-05,5.3330141700178e-05,-0.00013987628042632795
2019-02-28 12:00:00-05:00,-7.766613780254594e-07,9.902734753581134e-05,-7.307394115238237e-05
2019-02-28 12:15:00-05:00,-0.0005058145725394319,7.465738641033065e-05,-0.0002888628677113545
2019-02-28 12:30:00-05:00,-0.0003865113523560504,1.6417365356929303e-05,-0.0002944531407220216
2019-02-28 12:45:00-05:00,-0.00014383597382201956,2.16112576730706e-05,-6.793070317365728e-05
2019-02-28 13:00:00-05:00,-9.40566338655385e-05,1.8244254277821472e-05,-5.70451483290589e-05
2019-02-28 13:15:00-05:00,-8.352437851294735e-05,6.730598321622254e-05,-0.0003277451754137462
2019-02-28 13:30:00-05:00,-0.00011888118122253949,3.97023703091336e-05,-0.00019013027940611047
2019-02-28 13:45:00-05:00,-4.794983433450145e-06,3.85243388502813e-05,-1.421222018792197e-05
2019-02-28 14:00:00-05:00,0.00017163805548777258,4.925646368328803e-05,-0.00011050530160094263
2019-02-28 14:15:00-05:00,0.00013168265842770693,3.7039297330485505e-05,6.659413110631008e-06
2019-02-28 14:30:00-05:00,0.00020375162088900534,8.253875209950853e-05,-0.0002946310933229552
2019-02-28 14:45:00-05:00,0.00013490029723216637,0.0001014682045446164,-0.00014441945084548176
2019-02-28 15:00:00-05:00,0.00012096297044920652,0.00010287396342762704,-1.3814938937039626e-05
2019-02-28 15:15:00-05:00,8.080739333248667e-05,8.155261491797236e-05,-0.00031690694381380705
2019-02-28 15:30:00-05:00,6.957166281456617e-05,5.29115250435403e-05,-0.00020025223943020032
2019-03-01 10:15:00-05:00,0.00013934413737489253,1.6567320477562916e-05,8.070125691174646e-05
2019-03-01 10:30:00-05:00,0.00019345288138900935,2.7798599852591434e-05,-7.56715299876047e-05
2019-03-01 10:45:00-05:00,0.00029678622149812003,5.8330936684673475e-05,2.0889025037294902e-05
2019-03-01 11:00:00-05:00,0.0003374279524083208,6.027417195450789e-05,-0.00031416317988901884
2019-03-01 11:15:00-05:00,-0.00020307016727023295,4.885058806272926e-05,7.482814439724287e-05
2019-03-01 11:30:00-05:00,-0.00025980682396827156,6.373332423626877e-05,-0.00022294464902410232
2019-03-01 11:45:00-05:00,0.0001095505242580108,6.484098169285404e-05,-3.9105764148033294e-05
2019-03-01 12:00:00-05:00,0.00020142678494195125,7.37303990623284e-05,-3.0740114832456255e-05
2019-03-01 12:15:00-05:00,0.00017403959138641075,2.267486549474656e-05,-0.00020498132225173907
2019-03-01 12:30:00-05:00,0.0001385044421755521,4.458531301658382e-05,-0.0002860192890744327
2019-03-01 12:45:00-05:00,0.00039416001708098485,1.4201900667403662e-05,-4.20210426371155e-05
2019-03-01 13:00:00-05:00,0.0002996499983521005,7.209955152176135e-05,-0.00010996266913970579
2019-03-01 13:15:00-05:00,-3.830695052102234e-05,2.522480748523894e-05,-5.032401043578651e-05
2019-03-01 13:30:00-05:00,2.4784350744537576e-05,9.263566975342732e-05,-2.0358112120710046e-05
2019-03-01 13:45:00-05:00,0.0001556142615473227,6.569750426977953e-05,-9.413030016664945e-05
2019-03-01 14:00:00-05:00,0.00028286000396349193,5.232440790035308e-05,8.63084438144338e-05
2019-03-01 14:15:00-05:00,-0.0001281924515129022,7.144594557380337e-05,-0.00015269879050907323
2019-03-01 14:30:00-05:00,2.8159238965420235e-05,6.696930811134895e-05,6.598727112604902e-05
2019-03-01 14:45:00-05:00,0.00014283925479488456,0.00010861579471975978,-0.00017608395282510059
2019-03-01 15:00:00-05:00,0.0002609703305447342,0.00011393090633845812,-0.0002167506698460336
2019-03-01 15:15:00-05:00,9.761512260065674e-05,9.421787509790788e-05,-5.473797407106964e-05
2019-03-01 15:30:00-05:00,-8.457440977539068e-06,0.0001222588622848899,-0.00019686477944892315
2019-03-04 10:15:00-05:00,1.2259883019348993e-05,5.308058709418075e-05,4.3453292382166843e-05
2019-03-04 10:30:00-05:00,0.00018506705754685034,0.000110122992095097,9.276698580870501e-05
2019-03-04 10:45:00-05:00,0.00011979395242666073,9.286857892251766e-05,-0.00016218329350133209
2019-03-04 11:00:00-05:00,0.000265100066630523,5.184849788707516e-05,-6.147335968794426e-05
2019-03-04 11:15:00-05:00,6.906902383996005e-05,3.959686223265197e-06,2.082393203612735e-05
2019-03-04 11:30:00-05:00,0.0005808605086869425,5.558553299709239e-05,1.9453481495959462e-05
2019-03-04 11:45:00-05:00,0.0001245058179371078,9.306851928733696e-05,-2.8262842143215695e-05
2019-03-04 12:00:00-05:00,-0.00026215804429280805,-2.797781464018262e-05,0.00022307280472478133
2019-03-04 12:15:00-05:00,-0.0003715141408301274,8.068306187646385e-05,-0.0002602053701496473
2019-03-04 12:30:00-05:00,-0.00031986582987053385,2.133070397747016e-05,7.705980880466246e-06
2019-03-04 12:45:00-05:00,-0.0001681280424795367,9.80908535080394e-05,-0.00010741912290876957
2019-03-04 13:00:00-05:00,-0.0003214236507841729,1.1868687032573924e-05,-0.00014404032261635264
2019-03-04 13:15:00-05:00,-0.0003398576306443727,1.982592725568833e-05,-2.651753009167235e-05
2019-03-04 13:30:00-05:00,-0.0003192528327700522,2.925869373427363e-05,-0.00010264277559280311
2019-03-04 13:45:00-05:00,-0.00027350264334314656,7.286840607175e-05,-0.00010290867449406002
2019-03-04 14:00:00-05:00,0.00014606551593680897,8.862278218031012e-06,0.0001187934126499007
2019-03-04 14:15:00-05:00,-9.151852941047634e-05,7.643272389045934e-05,-8.833181443156401e-07
2019-03-04 14:30:00-05:00,-0.00015593652039239193,2.568340129896821e-05,0.00020082587505734867
2019-03-04 14:45:00-05:00,-0.00029286101571821563,2.9398039280502857e-05,0.00010565622500509886
2019-03-04 15:00:00-05:00,8.648470965509513e-05,3.434168158209243e-05,0.0002055249395668673
2019-03-04 15:15:00-05:00,-0.00015557657442397932,3.759166486401946e-05,-5.400182279832477e-05
2019-03-04 15:30:00-05:00,-1.4435790856546172e-06,3.800268955722525e-05,-0.00018235823118840734
2019-03-05 10:15:00-05:00,-0.00016001356848721452,3.384976233094724e-06,-0.00045422338505593876
2019-03-05 10:30:00-05:00,7.034868736615301e-05,2.3830148298283525e-05,2.1739096241574016e-05
2019-03-05 10:45:00-05:00,-0.00023086015368189777,6.856119866407274e-05,-0.0002585850397100502
2019-03-05 11:00:00-05:00,0.00010328781020010743,5.56314950367099e-05,-0.0003118449596352143
2019-03-05 11:15:00-05:00,0.00015014446852711883,0.00012096627776268589,-0.000268828044320016
2019-03-05 11:30:00-05:00,-0.0002028878171592868,4.382798848179023e-05,-0.00022382173429586548
2019-03-05 11:45:00-05:00,3.91105682225283e-05,7.949825621518078e-05,-0.00025296801553656694
2019-03-05 12:00:00-05:00,-5.288643052631525e-05,9.053775137157264e-05,-0.000353347854762804
2019-03-05 12:15:00-05:00,0.0001566722615163259,9.225119611799456e-05,-0.0002865446238937549
2019-03-05 12:30:00-05:00,-0.00020168288475701023,2.32761288331245e-05,-0.0003177829522054823
2019-03-05 12:45:00-05:00,-0.00021043114873759173,1.4454253813205487e-05,-0.0004084453353105307
2019-03-05 13:00:00-05:00,-7.187248460339592e-05,4.9812183769363134e-05,-7.984647907318933e-05
2019-03-05 13:15:00-05:00,-2.545103683152784e-05,2.6270634216508003e-05,-0.00026201156932336664
2019-03-05 13:30:00-05:00,2.6695256219352658e-05,5.085060242617513e-05,-0.00013393346504471618
2019-03-05 13:45:00-05:00,0.000219364075348979,6.43095855675953e-05,-0.00022179522460606912
2019-03-05 14:00:00-05:00,0.0002471978920820644,7.92729056938423e-05,-0.000228893117753742
2019-03-05 14:15:00-05:00,0.0002137779755472146,9.466885355121266e-05,-0.00030577464382408506
2019-03-05 14:30:00-05:00,0.00042624351730082276,7.858303736736119e-05,-0.0001536599334408728
2019-03-05 14:45:00-05:00,0.0005320754022840769,3.737224809068987e-05,-2.9234275411127886e-05
2019-03-05 15:00:00-05:00,0.00034533425595924326,5.586928755894242e-05,-9.663755736101214e-05
2019-03-05 15:15:00-05:00,0.0002677316961220045,5.5440426669113775e-05,-0.0003186513106932857
2019-03-05 15:30:00-05:00,0.00014409610081583192,7.148483916544575e-05,-0.0003115231804095337
2019-03-06 10:15:00-05:00,0.00028594391113269916,3.544036659376498e-05,0.0001679615861648795
2019-03-06 10:30:00-05:00,9.711253033884069e-05,7.123228242914035e-05,-6.652344946887819e-05
2019-03-06 10:45:00-05:00,0.0004258196426435396,5.880628941277838e-05,-5.318529053350192e-05
2019-03-06 11:00:00-05:00,-3.951947422805083e-05,0.00013261759084600767,-0.00019213628225387013
2019-03-06 11:15:00-05:00,4.615518736714945e-05,2.9801489009262274e-05,-0.00017734519449247286
2019-03-06 11:30:00-05:00,0.0004165409208476663,0.00014991410228947988,-0.00011625355194134773
2019-03-06 11:45:00-05:00,0.0002882813267920376,5.726343693198265e-05,-0.00029745490365566224
2019-03-06 12:00:00-05:00,3.804019865562109e-05,3.396374765192589e-05,5.550954553940891e-05
2019-03-06 12:15:00-05:00,-0.0001908337181333428,0.00011850365991749214,-7.058868564204131e-05
2019-03-06 12:30:00-05:00,0.00010659850383097488,7.698366949573266e-05,-0.0002673683097835105
2019-03-06 12:45:00-05:00,-0.00027652135506388325,0.00011171870521653654,-7.490157366662568e-05
2019-03-06 13:00:00-05:00,8.679410436441033e-05,6.522821137278801e-06,-8.283233598590847e-05
2019-03-06 13:15:00-05:00,-0.0002647402223467675,7.817792259422874e-05,-9.514872758763656e-05
2019-03-06 13:30:00-05:00,-0.00016795650008393043,4.852348125397899e-05,-0.00021050522339029627
2019-03-06 13:45:00-05:00,2.362751387100095e-05,3.540658711950607e-05,-0.00011814640483713939
2019-03-06 14:00:00-05:00,3.5774492089690248e-06,4.196702035858678e-05,-0.0003235137597918963
2019-03-06 14:15:00-05:00,-0.00023954621001434962,6.456320736941237e-05,-0.00017001087057569867
2019-03-06 14:30:00-05:00,0.00010653813198087183,0.00011363965484477144,0.00015281725363872376
2019-03-06 14:45:00-05:00,-7.988000512505034e-05,0.00010502104511164681,-7.093548386098548e-05
2019-03-06 15:00:00-05:00,-5.877736022971688e-05,4.617958740591172e-05,-5.698637224229958e-05
2019-03-06 15:15:00-05:00,0.00019089068746877433,9.61328563275097e-05,-0.0002963993313596943
2019-03-06 15:30:00-05:00,0.00018187418581711468,6.557539806934803e-06,-0.0001455947567427466
2019-03-07 10:15:00-05:00,-0.0008003664783830894,6.707011744994459e-05,1.4891072977753403e-05
2019-03-07 10:30:00-05:00,-0.00042667328545828334,9.935277878465327e-05,-0.00030168790172282355
2019-03-07 10:45:00-05:00,-0.00036069948404805584,8.199450051772316e-05,-0.00016950849507262045
2019-03-07 11:00:00-05:00,-0.0004924508854195841,7.455716666862225e-05,-0.0001943915463868234
2019-03-07 11:15:00-05:00,-0.0003239384595815463,8.099563583294506e-05,-0.00018133719508812103
2019-03-07 11:30:00-05:00,-0.0004900777756121499,0.00014087424017359185,-0.0002835922293137033
2019-03-07 11:45:00-05:00,-0.00023774206409794626,-1.0690505133469925e-05,-0.00023244094535091383
2019-03-07 12:00:00-05:00,3.46678952237931e-05,6.044175240650611e-05,-0.0002196483363038811
2019-03-07 12:15:00-05:00,-0.00013421825243792388,-1.379990971348606e-05,-0.00016941311527066098
2019-03-07 12:30:00-05:00,6.53319328935406e-05,7.264577829186553e-05,-0.00013312668617895972
2019-03-07 12:45:00-05:00,-0.00012363354814694466,-3.580093929557582e-05,-0.00014362078563082205
2019-03-07 13:00:00-05:00,-4.9379965692848105e-05,2.9894042446374336e-05,2.5969476715774903e-05
2019-03-07 13:15:00-05:00,-5.605240015816889e-05,5.6887644653264444e-05,-0.0002310150512014093
2019-03-07 13:30:00-05:00,0.00010202560722200857,4.163906640551216e-05,6.735743936514726e-05
2019-03-07 13:45:00-05:00,0.00012907922971028445,5.6721117907523664e-05,-0.00013162597090043005
2019-03-07 14:00:00-05:00,8.495621737818914e-05,8.082756771213127e-05,-3.4974857470391255e-05
2019-03-07 14:15:00-05:00,0.00016546866484004326,8.313144374162424e-05,-0.00011276470713764163
2019-03-07 14:30:00-05:00,0.00035702843574249017,6.974890183482292e-05,-0.00021057123393993608
2019-03-07 14:45:00-05:00,0.00015841826339228488,7.211256513272805e-05,-0.00029035651099074854
2019-03-07 15:00:00-05:00,0.00016389945725646862,8.70627442544062e-05,-0.00022088035226405274
2019-03-07 15:15:00-05:00,-8.176749476966334e-05,4.853192420254595e-05,-0.00017566646823043467
2019-03-07 15:30:00-05:00,-9.422697476406645e-05,6.663956543099763e-05,-0.00023483349382463436
2019-03-08 10:15:00-05:00,4.839045067932055e-05,7.313132794097458e-05,0.00023392637829285093
2019-03-08 10:30:00-05:00,-4.4066010533664145e-05,5.8397232054667775e-05,6.335592471708302e-05
2019-03-08 10:45:00-05:00,-0.0005194534405179677,5.485906622633126e-05,-0.00013003084989071314
2019-03-08 11:00:00-05:00,-0.00010023304279609464,5.1656662851861014e-05,0.0001700627756651126
2019-03-08 11:15:00-05:00,2.6433056699731928e-05,6.373184325281885e-05,0.0001435537330466037
2019-03-08 11:30:00-05:00,-0.0003197963003711052,9.982994916961179e-05,-5.9517567075631806e-05
2019-03-08 11:45:00-05:00,7.38856924194678e-05,5.7043496428653775e-05,-0.0001575234239100691
2019-03-08 12:00:00-05:00,-0.00037376062402746154,5.19490140390204e-05,-0.0002465116776875303
2019-03-08 12:15:00-05:00,-2.3048952874393498e-05,7.053896284515022e-05,-0.0002550996209741213
2019-03-08 12:30:00-05:00,-1.4557118133279688e-05,9.682453908945237e-05,-0.00028501053512742776
2019-03-08 12:45:00-05:00,0.0002977946415631204,5.767851706725301e-05,-0.00021403973298897221
2019-03-08 13:00:00-05:00,9.704873322248762e-05,4.0935440877376104e-05,-3.521506347963993e-05
2019-03-08 13:15:00-05:00,8.321586085399572e-05,7.032006145959055e-05,-0.00029931854565348515
2019-03-08 13:30:00-05:00,7.680551454144616e-05,5.415742744181667e-05,-0.0002550855179692975
2019-03-08 13:45:00-05:00,-0.0001258956758281786,6.709257375157754e-05,-0.00014858184234392655
2019-03-08 14:00:00-05:00,-5.133780794240439e-05,0.00010265566346315841,-0.0001445036539457944
2019-03-08 14:15:00-05:00,-8.587485986175723e-06,3.3531669221727575e-05,0.00011315634950770174
2019-03-08 14:30:00-05:00,7.073454304757586e-06,8.75972594692565e-05,-0.0001386955383615523
2019-03-08 14:45:00-05:00,3.180148880883157e-05,9.719729600132271e-05,-0.0002003125647247649
2019-03-08 15:00:00-05:00,-1.7169489525298513e-05,0.00011360532524118255,-0.00011888899133095707
2019-03-08 15:15:00-05:00,8.727615414284478e-05,7.429869607921204e-05,-0.00017005385180751854
2019-03-08 15:30:00-05:00,-0.00011897909834434596,6.519084646127627e-05,-5.123772540685537e-06
2019-03-11 10:15:00-04:00,-0.00018944096553751482,3.833368329391857e-05,4.110525882441037e-05
2019-03-11 10:30:00-04:00,8.251322468040398e-05,3.593103461376037e-05,0.00018258814248258646
2019-03-11 10:45:00-04:00,-2.8494347934301733e-05,1.9661514538517937e-05,-0.00018277593529565013
2019-03-11 11:00:00-04:00,0.00010868254138367193,4.358884223493181e-05,-0.0005566497683898559
2019-03-11 11:15:00-04:00,0.0003627372530236313,0.00012965468162367172,-0.00024332565547334183
2019-03-11 11:30:00-04:00,0.0003127389927802014,3.886335609235804e-05,-0.00021673999214999663
2019-03-11 11:45:00-04:00,0.00020603006879847875,1.2660844963940343e-05,-0.0003864736157133287
2019-03-11 12:00:00-04:00,0.0003382032413950676,7.646600234100839e-05,-0.0002822841680197093
2019-03-11 12:15:00-04:00,0.00010335676553322158,5.914805898804362e-05,-0.0004788842343686805
2019-03-11 12:30:00-04:00,-0.00015004058221430115,5.1468444479175534e-05,-0.00035226499798960505
2019-03-11 12:45:00-04:00,-0.00027561310978818263,1.1183378437483493e-05,-0.000628332464554275
2019-03-11 13:00:00-04:00,-9.74618985269688e-05,9.841545876170352e-05,-0.0005055115150542087
2019-03-11 13:15:00-04:00,6.846097200459043e-05,8.385211778071283e-05,-0.00034234975281432275
2019-03-11 13:30:00-04:00,-0.00011216014986016186,6.87890188123941e-05,-0.0004684840258229365
2019-03-11 13:45:00-04:00,0.000135363103894786,1.960068093026181e-05,-0.00023266680401359322
2019-03-11 14:00:00-04:00,0.00015405809554783147,7.122782975099768e-05,-0.0003047144874036793
2019-03-11 14:15:00-04:00,4.304622418729717e-05,3.882692404812198e-05,-0.0001677809019511177
2019-03-11 14:30:00-04:00,0.0002965319568393692,0.00010860999503783219,-0.00012726674278306198
2019-03-11 14:45:00-04:00,-0.00025412155151827295,4.8091118497852594e-05,-3.3814772303412816e-05
2019-03-11 15:00:00-04:00,1.5194331607646147e-05,3.8243804013961826e-05,-0.0004087457614225327
2019-03-11 15:15:00-04:00,7.562168646422153e-07,2.0209052827778392e-05,-0.0001816363886695975
2019-03-11 15:30:00-04:00,3.824272745124119e-05,3.307445986258298e-05,-0.00023881631955545484
2019-03-12 10:15:00-04:00,-4.262414406872849e-05,7.062834910123123e-05,-2.7995589645822934e-05
2019-03-12 10:30:00-04:00,0.0001283470710591844,3.69921563422245e-05,-0.00015464176412883094
2019-03-12 10:45:00-04:00,0.00015267291062205662,7.278952442457921e-05,4.5420611213569797e-05
2019-03-12 11:00:00-04:00,-9.208202855804775e-05,5.068134180019049e-05,-7.510317124387187e-05
2019-03-12 11:15:00-04:00,-5.5716354065207254e-05,4.139988516437695e-05,-0.00012407223082168463
2019-03-12 11:30:00-04:00,5.312200822302454e-05,-5.842964095436611e-09,-0.00013253986129415482
2019-03-12 11:45:00-04:00,-0.0003879496709393215,4.500358035686641e-05,-0.0004290668414523943
2019-03-12 12:00:00-04:00,-0.0005117539687037914,5.998569914413909e-05,-0.00020365208891071852
2019-03-12 12:15:00-04:00,-0.0004577306655401824,5.405374226356322e-05,-0.0003394167376545722
2019-03-12 12:30:00-04:00,-0.000458245144970348,7.248513813624159e-05,-0.0003235050522600754
2019-03-12 12:45:00-04:00,-0.0009572587748547271,-2.9436090958848225e-05,-0.00019707030237171326
2019-03-12 13:00:00-04:00,-0.0010241402155395768,6.828625244509345e-05,-0.0002710584375181286
2019-03-12 13:15:00-04:00,-0.00040817373452327923,0.0001046923549047516,-0.0002667569345473204
2019-03-12 13:30:00-04:00,-0.00031325082734037313,3.1576605325425246e-05,-0.00023437494518907233
2019-03-12 13:45:00-04:00,-0.0004125229947574863,9.747652179102591e-05,-0.00018173945239637125
2019-03-12 14:00:00-04:00,-0.00016309718859177304,9.037662911849081e-05,-9.211962160960121e-05
2019-03-12 14:15:00-04:00,-0.0003321936454790109,0.00010618012284745713,-0.00031759907024111415
2019-03-12 14:30:00-04:00,-2.9467570350598413e-05,7.069299771298431e-05,-0.00022747436935250593
2019-03-12 14:45:00-04:00,-6.571897535335633e-05,4.059786502275452e-05,-0.0002618543374629344
2019-03-12 15:00:00-04:00,-0.00017343595462126184,7.442271735059645e-05,-0.0003055650967464523
2019-03-12 15:15:00-04:00,-3.6765886944803644e-05,3.666055588745315e-05,-0.00019862660301007151
2019-03-12 15:30:00-04:00,2.6061314038345116e-05,7.935289219911486e-05,-0.00037119286588733217
2019-03-13 10:15:00-04:00,7.747297605288453e-05,4.673412638866535e-05,-0.00035474814275363123
2019-03-13 10:30:00-04:00,0.00016133003482883955,4.5015025353826055e-05,-0.00013532180940934574
2019-03-13 10:45:00-04:00,-0.00032314488789880166,8.004594403251786e-05,-0.00038444145260099305
2019-03-13 11:00:00-04:00,-0.0002911273804158513,5.4623315437410515e-05,-0.0005117348695692301
2019-03-13 11:15:00-04:00,-2.0876509428835214e-05,3.618419722525744e-05,-0.0006385266219816716
2019-03-13 11:30:00-04:00,-6.765054099346154e-05,8.643566684159408e-05,-0.0003204051030916313
2019-03-13 11:45:00-04:00,4.410021893783258e-05,7.011442025828099e-05,-0.0003148263505157481
2019-03-13 12:00:00-04:00,-0.00031902146165912587,8.897959971977119e-05,-0.00016270228544520393
2019-03-13 12:15:00-04:00,2.0343833637678258e-05,0.00012151202356222353,-0.00013989641016372712
2019-03-13 12:30:00-04:00,-9.774477367338644e-05,-3.568987319359223e-06,-0.00011827403613896587
2019-03-13 12:45:00-04:00,-2.079323948805293e-05,6.362961306508021e-05,-0.0001291520602113562
2019-03-13 13:00:00-04:00,0.00027640166333072456,9.058952482247981e-05,-8.159849901589378e-05
2019-03-13 13:15:00-04:00,2.5121199946248426e-06,2.143461015061779e-05,-0.00021819134934136764
2019-03-13 13:30:00-04:00,0.00030744259163217424,1.3606307488913075e-05,-8.564800823877096e-06
2019-03-13 13:45:00-04:00,0.00043999970078468045,8.161676474075351e-05,-0.0002868679213415549
2019-03-13 14:00:00-04:00,0.00020574332627455396,7.640394488437031e-05,-0.00025403251477966584
2019-03-13 14:15:00-04:00,0.00025466574324469675,7.20160291318317e-05,-0.00021469175290284593
2019-03-13 14:30:00-04:00,9.907585002517019e-05,4.862746501675946e-05,-0.0002757483763488793
2019-03-13 14:45:00-04:00,0.00039933374838064547,3.462510846361616e-05,-0.00025053769667549903
2019-03-13 15:00:00-04:00,0.00014284131629087402,9.309282959814648e-05,-0.0003971065929143921
2019-03-13 15:15:00-04:00,1.1673795544255175e-05,7.051564339597044e-05,-3.594862464943477e-05
2019-03-13 15:30:00-04:00,0.00010103261732439054,4.644064201180455e-05,-0.00028616858737880315
2019-03-14 10:15:00-04:00,0.00011091570967720123,2.8619388520154523e-05,-0.00013009415067940011
2019-03-14 10:30:00-04:00,0.0001762757382313661,8.20415959114266e-05,-1.09880375341516e-05
2019-03-14 10:45:00-04:00,6.802300666807948e-05,5.951194198449358e-05,-4.44017822373019e-05
2019-03-14 11:00:00-04:00,-0.0001225104705300196,5.3126414466310935e-05,-2.237902231827179e-05
2019-03-14 11:15:00-04:00,-0.00015198432073558403,8.111673062434904e-05,-0.00013414086070120897
2019-03-14 11:30:00-04:00,-8.4255268673276e-05,3.623708939152483e-05,-0.0001038126124479199
2019-03-14 11:45:00-04:00,-4.5672268959589354e-05,6.021004148868433e-05,-1.2522087105292253e-05
2019-03-14 12:00:00-04:00,-0.00012838450223080544,5.0876021407683486e-05,-0.0001274714156113093
2019-03-14 12:15:00-04:00,-0.0002904016483151281,7.735486199396798e-05,-0.00023383527444546315
2019-03-14 12:30:00-04:00,0.00016208048664997687,0.00013458974485398265,-0.00026818832690034565
2019-03-14 12:45:00-04:00,4.2921985976309385e-05,8.984109172578443e-05,-0.00029343869815695345
2019-03-14 13:00:00-04:00,0.00022226942475408294,4.716334899324016e-05,-0.00023282563383500023
2019-03-14 13:15:00-04:00,-7.901822852780097e-05,2.7610437720684634e-05,-0.000263104495161524
2019-03-14 13:30:00-04:00,5.4223460468895096e-05,3.657718282975368e-05,-0.00029733333631451063
2019-03-14 13:45:00-04:00,0.00031987764644951034,7.041675190993724e-05,-0.00016538822557568612
2019-03-14 14:00:00-04:00,3.144059757279208e-05,6.298085174405465e-05,-0.00017618595344153106
2019-03-14 14:15:00-04:00,0.00016603027873956632,9.870437504239835e-05,-1.1571204052982493e-05
2019-03-14 14:30:00-04:00,0.00029808194116963193,9.24391709370818e-05,-4.476420550807509e-05
2019-03-14 14:45:00-04:00,0.00010949419952606995,6.644422493319459e-05,-4.939469469688849e-05
2019-03-14 15:00:00-04:00,-3.5643418840277996e-05,1.8731909466834254e-05,-0.00013045129698338812
2019-03-14 15:15:00-04:00,4.122019798653183e-05,1.5111637363409998e-05,-0.0002226998779988487
2019-03-14 15:30:00-04:00,0.00011349943434976165,5.907138995085863e-05,-0.0001467519045418321
2019-03-15 10:15:00-04:00,-0.00019001902963048146,2.710698436270217e-05,-0.00026070521603148027
2019-03-15 10:30:00-04:00,2.3540317487891278e-05,9.369778232600791e-06,1.0815709420079627e-05
2019-03-15 10:45:00-04:00,-3.2134056015896024e-05,6.086301636884696e-05,-0.00022303264825898947
2019-03-15 11:00:00-04:00,6.489451822568577e-05,-8.106972399144341e-05,-0.00019280798596367775
2019-03-15 11:15:00-04:00,1.3767634176263782e-05,2.330881028498665e-05,-9.786764831049484e-05
2019-03-15 11:30:00-04:00,0.0001039828742093245,-7.942506744167587e-05,-0.00016242376933452138
2019-03-15 11:45:00-04:00,0.00035951730888439767,2.873065631270961e-05,-0.0002678854163788431
2019-03-15 12:00:00-04:00,0.00046167667815131804,-9.700509058409555e-06,-8.348815384549113e-05
2019-03-15 12:15:00-04:00,0.0005117785689944468,-3.4237133112754974e-05,-4.536755049243305e-05
2019-03-15 12:30:00-04:00,9.976815884835214e-05,-3.405369149809509e-05,-9.30309068760196e-05
2019-03-15 12:45:00-04:00,0.00017242537044460937,2.361380637033325e-05,9.300494446256754e-05
2019-03-15 13:00:00-04:00,4.550750949081603e-05,4.391419432447921e-05,-4.598608810598625e-05
2019-03-15 13:15:00-04:00,0.00022520159566156918,3.339297437088026e-05,-7.828327676051118e-05
2019-03-15 13:30:00-04:00,0.00016333475811264016,1.7281439592585656e-05,-2.659497435873596e-05
2019-03-15 13:45:00-04:00,0.00014636983757519362,0.00010473112826572219,-2.159337159386261e-05
2019-03-15 14:00:00-04:00,0.00027861448352953065,7.79899586990075e-05,-9.343922939837697e-05
2019-03-15 14:15:00-04:00,0.0003429156531819308,9.910933056045606e-05,-7.898869075607805e-05
2019-03-15 14:30:00-04:00,0.000200168296009729,7.829057270975261e-05,-7.944606816891612e-05
2019-03-15 14:45:00-04:00,8.9282417112596e-05,4.6204098136638024e-05,6.989028041772701e-05
2019-03-15 15:00:00-04:00,0.00023735387083213523,0.00012545424066805083,-5.5234944820668866e-05
2019-03-15 15:15:00-04:00,-2.1802487224875204e-05,4.710048758401843e-05,-0.0001085540678969336
2019-03-15 15:30:00-04:00,0.00013815756236911048,5.468670232547145e-05,-0.000315857331593007
2019-03-18 10:15:00-04:00,0.00017983761067397265,6.427362786164549e-05,-0.0001173664432042846
2019-03-18 10:30:00-04:00,0.0004111404678721029,3.71522725927146e-05,-4.5270697850541546e-05
2019-03-18 10:45:00-04:00,9.712334569923576e-05,5.024636503907256e-05,-0.0003531400426669146
2019-03-18 11:00:00-04:00,0.0004274285927522387,3.2587744147677104e-05,-0.00040306427976185324
2019-03-18 11:15:00-04:00,0.0004755212711163794,5.2251126601064225e-05,-0.0005161665278736519
2019-03-18 11:30:00-04:00,0.0006582829804169941,8.253669945084561e-05,-2.2631171853102008e-05
2019-03-18 11:45:00-04:00,-2.4591011000652685e-05,5.142639599215763e-05,-0.00036076426952259263
2019-03-18 12:00:00-04:00,0.00012221346012562584,3.0254653346081035e-05,-3.6907871201482494e-05
2019-03-18 12:15:00-04:00,0.0003192985494849021,8.32542502749269e-05,-0.00024713634811349697
2019-03-18 12:30:00-04:00,3.864446665085624e-05,2.685852108485907e-05,-9.494916157729556e-05
2019-03-18 12:45:00-04:00,-4.609530066514283e-05,3.809378014457843e-05,-7.100860891389666e-05
2019-03-18 13:00:00-04:00,-0.00031571952433031756,6.287520490673464e-05,5.565452905238264e-05
2019-03-18 13:15:00-04:00,-0.00021579709605496684,5.999456513359794e-05,-0.0001444835015376114
2019-03-18 13:30:00-04:00,-0.0002111465496708837,9.668514189247013e-05,-7.341398718786209e-05
2019-03-18 13:45:00-04:00,-9.462777770623214e-05,2.3433481154658048e-05,-9.308786430077796e-05
2019-03-18 14:00:00-04:00,-0.00023115406580628383,3.356385752498836e-05,-6.87769492389762e-05
2019-03-18 14:15:00-04:00,-1.9383303755245284e-06,6.653340948277529e-05,-0.0002508275133953787
2019-03-18 14:30:00-04:00,-5.192936668750654e-05,8.269039201435317e-05,-0.0003061920425157073
2019-03-18 14:45:00-04:00,8.58485392496118e-05,0.00010343526585120366,-0.00010423610645088781
2019-03-18 15:00:00-04:00,-0.00010671506486635682,3.823512385548955e-05,5.909252478402228e-05
2019-03-18 15:15:00-04:00,0.00010433546180707841,3.931316977980378e-05,-0.00020588175237349382
2019-03-18 15:30:00-04:00,-0.00020434480709606177,7.473142551253203e-05,-0.00021444887640176255
2019-03-19 10:15:00-04:00,-0.0002736405153911496,5.021827982376497e-05,0.00013321098412344667
2019-03-19 10:30:00-04:00,-0.0003036863291827195,6.373201631645107e-05,-0.0002717183545655044
2019-03-19 10:45:00-04:00,-0.00023683137240930425,5.8934564526678505e-05,-0.00034248445507859216
2019-03-19 11:00:00-04:00,-0.0003693851996045628,5.07538634850002e-05,-0.0002798222373028565
2019-03-19 11:15:00-04:00,-0.00028768558561381507,4.834378904345634e-05,-0.00019935036339813547
2019-03-19 11:30:00-04:00,-0.0002330533763702177,6.245031095444515e-05,-0.0003053336782001448
2019-03-19 11:45:00-04:00,-0.000540165786910301,4.068353993575332e-05,-0.0002858304325749578
2019-03-19 12:00:00-04:00,3.9749647028448704e-05,7.706299509613868e-05,-0.00016128496872959015
2019-03-19 12:15:00-04:00,-5.581669582495683e-05,6.297959620032532e-05,-7.285507309039202e-05
2019-03-19 12:30:00-04:00,0.0002569895580351683,8.45646106320489e-05,-0.00036466431304898783
2019-03-19 12:45:00-04:00,0.0001426691751836804,4.038701000827202e-06,-0.00025082368178004524
2019-03-19 13:00:00-04:00,-0.00028120847056005665,-6.442553134322178e-05,-0.00021360539604813565
2019-03-19 13:15:00-04:00,-0.000431898993018572,6.315918008416891e-05,-0.000228707142092145
2019-03-19 13:30:00-04:00,-0.0005537423483480379,4.246653609517343e-05,-3.289971016587495e-06
2019-03-19 13:45:00-04:00,-0.0002525739398708395,7.205399342905383e-05,-0.00022067238552080876
2019-03-19 14:00:00-04:00,-0.00019486072174802532,3.523892044928295e-05,-0.00021206540994218664
2019-03-19 14:15:00-04:00,-0.0002571933685506324,8.932847611592595e-05,-0.00024346819791725812
2019-03-19 14:30:00-04:00,-0.00022290173873293925,7.571597589422444e-05,7.09161272306494e-05
2019-03-19 14:45:00-04:00,-0.00010580935373981575,9.964422692731748e-05,3.4663407165612366e-05
2019-03-19 15:00:00-04:00,0.0001165567805152007,9.077748334604491e-05,-0.0001300737557537508
2019-03-19 15:15:00-04:00,5.32146544656056e-05,9.42796212491836e-05,-0.00032786204630362304
2019-03-19 15:30:00-04:00,-0.0001100548448858419,4.051438669387989e-05,-5.531726333936314e-05
2019-03-20 10:15:00-04:00,5.852092929558182e-05,4.2870954110145045e-05,-0.0001902986029963288
2019-03-20 10:30:00-04:00,0.00027978059505908397,5.675579498539712e-06,-0.00022220914371734953
2019-03-20 10:45:00-04:00,0.00010836239825136336,7.040846637703228e-05,-0.00023874146699914218
2019-03-20 11:00:00-04:00,0.00021310047371761313,9.254822586892347e-05,-0.000480196362007207
2019-03-20 11:15:00-04:00,1.4616282458043902e-05,-1.4303728943264052e-05,-9.440208450445922e-05
2019-03-20 11:30:00-04:00,-0.00013039499240887333,-5.1172578989885886e-05,0.00012707034852278798
2019-03-20 11:45:00-04:00,0.0003629958914661904,4.701271924108118e-05,-0.0002942692617197734
2019-03-20 12:00:00-04:00,0.00020624239868731977,-6.31811399521426e-05,-0.0001331388216371589
2019-03-20 12:15:00-04:00,2.509641359017329e-05,-9.65767593450177e-07,1.4909558230363645e-05
2019-03-20 12:30:00-04:00,0.00018125921141542964,4.073682801289268e-05,-0.00031271443299774146
2019-03-20 12:45:00-04:00,0.000383390968264481,4.6537531249377265e-05,-0.00016292195652868285
2019-03-20 13:00:00-04:00,0.000331102992367967,3.555997009652248e-05,-0.00018109398580406474
2019-03-20 13:15:00-04:00,0.00014877853601029224,6.40971783190848e-05,-4.430194459868278e-05
2019-03-20 13:30:00-04:00,-9.90661676857753e-06,7.305255252267113e-05,-3.918935783631723e-06
2019-03-20 13:45:00-04:00,8.625423867959878e-05,0.00011429405060440149,0.00011038301867388174
2019-03-20 14:00:00-04:00,-0.0004843965296129863,7.36670679940482e-05,0.00011272441066138036
2019-03-20 14:15:00-04:00,1.1932207113348935e-06,1.4264997947910883e-05,0.0006586440494313645
2019-03-20 14:30:00-04:00,0.00031303603194049115,1.3848038970811164e-05,0.00024928251268146713
2019-03-20 14:45:00-04:00,0.00014257840164285342,5.418015181871808e-05,0.00016455005465576468
2019-03-20 15:00:00-04:00,3.215157859611008e-05,7.695320729640375e-05,-7.759792037114996e-05
2019-03-20 15:15:00-04:00,0.00021628109150200847,3.498263035368425e-05,0.00019990325091989286
2019-03-20 15:30:00-04:00,0.00046715992938841224,5.890917976811338e-05,-0.00010540497555939421
2019-03-21 10:15:00-04:00,0.00039195785772791193,6.342890531294838e-05,-8.833784208918177e-05
2019-03-21 10:30:00-04:00,0.0004965448343224637,9.267012253500415e-05,-5.485415830711816e-05
2019-03-21 10:45:00-04:00,0.0005804810803366467,7.236329591391692e-05,-0.0003103626684843325
2019-03-21 11:00:00-04:00,0.0006575363887711897,0.0001246725477303803,-0.00014207441267329187
2019-03-21 11:15:00-04:00,0.000288111803381434,-4.318921137492297e-05,4.3207926371199024e-05
2019-03-21 11:30:00-04:00,0.0003132609491246176,1.2951681025025163e-05,-9.4551045196863e-06
2019-03-21 11:45:00-04:00,0.00011368023512057744,7.914640731724022e-05,-0.0003964666517096631
2019-03-21 12:00:00-04:00,9.43184997251404e-07,-1.87684352036414e-05,-0.00019730077639243753
2019-03-21 12:15:00-04:00,-5.117864285557204e-05,-1.4980728889421192e-05,-0.00042714072250724577
2019-03-21 12:30:00-04:00,-0.00019780645441826565,-1.880436104477117e-05,-0.0003595865927641106
2019-03-21 12:45:00-04:00,1.4819511351333254e-05,8.19454528526344e-05,-0.0005755202590038694
2019-03-21 13:00:00-04:00,0.0001462410221802901,6.508369981994584e-05,-0.00039944204640170926
2019-03-21 13:15:00-04:00,-0.00030650676499402696,7.859969930159436e-05,-0.00021144591778112838
2019-03-21 13:30:00-04:00,4.649439937142817e-05,0.00012324519655530831,-0.0002710004195581334
2019-03-21 13:45:00-04:00,-6.205911320303107e-06,4.2450741489024866e-05,-0.0002413083866791432
2019-03-21 14:00:00-04:00,-6.675736866915103e-05,8.814829872559843e-05,-0.0001732385214983903
2019-03-21 14:15:00-04:00,-0.0003107083536648859,6.830920659844419e-05,-0.0001423281922940858
2019-03-21 14:30:00-04:00,-7.849221146679124e-05,8.134419625322892e-05,-0.00016055020646429745
2019-03-21 14:45:00-04:00,-0.0003470974501562607,8.285044646105795e-05,-0.00014543946552739132
2019-03-21 15:00:00-04:00,-0.00024310417114786762,2.715447072499702e-05,-0.0002802193735328094
2019-03-21 15:15:00-04:00,-5.0752409375910617e-05,6.202611442034778e-05,-0.00031418284426566376
2019-03-21 15:30:00-04:00,-0.0004127826546636738,1.4919151610620306e-05,-7.137933621988995e-05
2019-03-22 10:15:00-04:00,-0.00023176611419960873,2.9314393818100344e-05,-5.497470218384078e-05
2019-03-22 10:30:00-04:00,-0.00029588930828383533,5.170350558656275e-05,-8.607951224852656e-05
2019-03-22 10:45:00-04:00,0.00013224831951783305,1.4949848194704233e-05,-8.731946725082803e-05
2019-03-22 11:00:00-04:00,-0.0003924645310423455,-3.617454608225169e-05,-0.00013608925162866275
2019-03-22 11:15:00-04:00,-0.00015226407658855705,3.849479984971543e-06,-0.0002890405343057526
2019-03-22 11:30:00-04:00,-8.82767535412166e-05,9.105638649116781e-05,-0.00017024892120665015
2019-03-22 11:45:00-04:00,7.899036237922878e-05,4.765075400162716e-05,-6.619946005137019e-05
2019-03-22 12:00:00-04:00,-0.00030603352515577546,2.9789945641896906e-05,7.359160904193277e-05
2019-03-22 12:15:00-04:00,-0.0006012663868737412,2.369897043984503e-05,8.89150479424341e-05
2019-03-22 12:30:00-04:00,-0.00041690187339937784,4.2207208670433076e-05,-2.579847753930733e-05
2019-03-22 12:45:00-04:00,-0.0003997321982806119,4.6575856269834036e-05,0.000246067062761405
2019-03-22 13:00:00-04:00,-0.00032318040845504247,5.138770785235517e-05,-0.00019802063622044398
2019-03-22 13:15:00-04:00,-0.0003168916860067224,5.421993039209483e-07,0.00012519625634453522
2019-03-22 13:30:00-04:00,-0.0001770263940509427,-6.457810023331013e-05,9.583561229052653e-05
2019-03-22 13:45:00-04:00,5.759359341760137e-05,4.803913634435039e-06,-0.00015190340772403913
2019-03-22 14:00:00-04:00,0.00010200164109988631,3.7569536316021466e-05,0.00015126268281043573
2019-03-22 14:15:00-04:00,0.00021543478244434377,4.545642209908503e-07,0.00011536323849548164
2019-03-22 14:30:00-04:00,8.904211934439327e-05,1.929000911682838e-05,0.00015654855347271146
2019-03-22 14:45:00-04:00,4.751129983307382e-07,3.262864774457681e-05,1.0130970252687678e-05
2019-03-22 15:00:00-04:00,0.00010740547502633566,9.801951435713155e-05,3.201452416849244e-05
2019-03-22 15:15:00-04:00,-0.0002666358261181219,2.3028600960543848e-05,0.0001389709466599193
2019-03-22 15:30:00-04:00,-0.00030164035169181184,9.202755260229753e-05,-0.00024311917851296843
2019-03-25 10:15:00-04:00,-0.00021517974877097344,0.00010685897865462691,-0.00025601375604745297
2019-03-25 10:30:00-04:00,4.097278317183499e-05,0.00016285915628723563,-8.318021771574135e-05
2019-03-25 10:45:00-04:00,0.000333472226876112,0.00014802122255691493,9.211431733254005e-05
2019-03-25 11:00:00-04:00,0.00015221004249592535,-1.4207038024655662e-05,8.510221819418705e-07
2019-03-25 11:15:00-04:00,-0.00012120820200366004,-5.8468428608028555e-05,6.585301147418486e-06
2019-03-25 11:30:00-04:00,0.0002354665105692431,3.3017446132524484e-05,0.00014272346830973963
2019-03-25 11:45:00-04:00,0.0001990480687192855,2.1912984047146346e-05,-6.192638400133446e-05
2019-03-25 12:00:00-04:00,6.785454687870097e-05,4.7142580714239625e-05,0.00024468207000076373
2019-03-25 12:15:00-04:00,-0.000230482846461839,6.990567929206929e-05,-9.451481109261462e-05
2019-03-25 12:30:00-04:00,-0.00020645106799746415,7.879855698400659e-05,-8.83936180692998e-05
2019-03-25 12:45:00-04:00,0.00016365843966889817,-6.3232262930184554e-06,-0.0002174514613833155
2019-03-25 13:00:00-04:00,8.462922557694782e-05,0.00011512319480294603,-0.00026495044699674514
2019-03-25 13:15:00-04:00,-0.0006105305788103063,8.437541393464267e-05,0.00011859988349032634
2019-03-25 13:30:00-04:00,-0.0005413400402722354,-4.3149896673146395e-05,-5.6127817191923254e-05
2019-03-25 13:45:00-04:00,-0.00034170294547158486,7.898398174085034e-05,-5.9872241825456245e-05
2019-03-25 14:00:00-04:00,-0.0011451983690289008,4.1568196044702843e-05,-9.15719855110101e-05
2019-03-25 14:15:00-04:00,-0.0009770740875835052,-4.868523238888043e-06,0.00011158223340657123
2019-03-25 14:30:00-04:00,-0.0006681043232991252,-1.4201359689064422e-05,-0.0002921922455070785
2019-03-25 14:45:00-04:00,-0.0010477172558166219,-1.541713258336084e-05,1.863395089855664e-05
2019-03-25 15:00:00-04:00,-0.0011083465728858335,1.6527778646801376e-05,0.00013959239709759842
2019-03-25 15:15:00-04:00,-0.0010264367306864629,6.03515655505371e-06,-5.710382775398412e-05
2019-03-25 15:30:00-04:00,-0.0008044608103443112,0.00010587071662599441,-0.0003329357808456577
2019-03-26 10:15:00-04:00,-0.0003768937437490872,2.5815463772672825e-05,0.00014544492877194943
2019-03-26 10:30:00-04:00,-0.0003759321988336809,3.8195486457301534e-05,-0.00015900486439375858
2019-03-26 10:45:00-04:00,-0.0003441267041167581,5.491056226469956e-05,-0.00015009064623852991
2019-03-26 11:00:00-04:00,-8.92231145209854e-05,6.54562905851342e-05,8.628218413526652e-05
2019-03-26 11:15:00-04:00,-0.0001842434262942898,-8.537257171742631e-06,-4.440898181831961e-05
2019-03-26 11:30:00-04:00,0.00011543555708126947,5.2017240672921466e-05,0.00010181592833484952
2019-03-26 11:45:00-04:00,4.9942033046518095e-05,4.008925328700411e-05,7.166766754610021e-05
2019-03-26 12:00:00-04:00,-0.0003221739334574024,-5.7071619325597166e-06,-2.8780868513971735e-05
2019-03-26 12:15:00-04:00,-0.00020716277990228283,7.147158187039557e-05,0.00013082978884669682
2019-03-26 12:30:00-04:00,-0.00016889562451220542,-3.4989352636713035e-06,-5.0420041960842544e-05
2019-03-26 12:45:00-04:00,2.0888286497473146e-05,0.00010254484856054995,-0.00011922540087646566
2019-03-26 13:00:00-04:00,-0.00010352856327599311,9.597199759221242e-05,-0.00014197595548099532
2019-03-26 13:15:00-04:00,6.110033044884566e-05,9.48978516809326e-05,-0.00010915517009992086
2019-03-26 13:30:00-04:00,-0.00021582042506530845,6.14523387419055e-05,-0.00010356340831972002
2019-03-26 13:45:00-04:00,-0.0003622366614470451,2.1967455837421572e-05,-0.00012572648432983605
2019-03-26 14:00:00-04:00,-0.0005027863614461438,2.502277783898305e-05,2.449437949872603e-06
2019-03-26 14:15:00-04:00,-0.0008206201002429526,9.329899154864503e-05,-0.00028235584137331485
2019-03-26 14:30:00-04:00,-0.0006933577510824498,5.952541194523827e-05,-0.00011158999808119616
2019-03-26 14:45:00-04:00,-0.0010578606673007816,1.587445042206169e-05,-0.00036442541215393623
2019-03-26 15:00:00-04:00,-0.0011998174976617865,-8.504075589524984e-06,-0.0004454187005120329
2019-03-26 15:15:00-04:00,-0.0012609875371230978,6.237062856456841e-05,-0.00022032184410842402
2019-03-26 15:30:00-04:00,-0.0016634862483142008,-1.402784857056959e-06,-0.0003556069388994823
