date,AAPL,MSFT,NVDA,AVGO,AMD,ADBE,CRM,CSCO,INTC,ORCL,QCOM,TXN,XLK,SPY,QQQ
2020-01-02,33825919,22611967,5923558,1965628,80160699,1989490,5076488,16704651,17708665,13205881,8412900,4306106,13283094,58722535,30914272
2020-01-03,36558544,21109204,5129888,2162265,73083403,1577616,3081068,15576990,14737826,10662506,8339389,3896700,15011650,77665733,27212248
2020-01-06,29575425,19499106,6395114,2077995,47676582,1874054,8830622,22172258,17064000,10975696,8048557,3522728,7815015,55523018,21613362
2020-01-07,27200710,21609781,7843342,1838585,57903624,2500323,8285116,16459066,21336315,12028035,8072701,7137560,7681637,40325582,22160019
2020-01-08,32994300,27727737,6923557,3197004,53682304,2247880,7166922,24916534,23130409,11856655,7617743,3402902,11627095,68063308,26356599
2020-01-09,42475329,21362926,6374872,4237469,76320112,1625991,5951020,18201916,18797842,10669321,9147917,3524395,7777306,48294446,23500554
2020-01-10,35147080,20722288,7905714,4070382,44061015,1480336,5111393,13501610,15200458,9734775,9666953,3234013,7665238,53005322,21895937
2020-01-13,30336736,20974328,7781557,2201909,34091601,1959173,6112272,18232684,16439826,10856220,10363853,4311407,7758480,46016932,22739572
2020-01-14,40428087,23431699,8970305,2862002,38414198,2274378,4341119,17948482,16520348,12557390,7799885,4595280,8058176,62744905,23897967
2020-01-15,30382918,21381434,6567525,2270514,40045926,2213150,3886164,16276537,18493848,9090650,7256080,3392289,7207576,71190565,25626706
2020-01-16,27563193,23749191,7080797,2150368,58626513,2439052,3483962,19203129,21291156,9865546,9286139,5475902,5770439,51832594,18636992
2020-01-17,33835842,33466835,6339583,2642079,57299456,2531209,4567070,27041678,21748410,11160122,23587791,5486030,10830322,95164520,23765632
2020-01-21,27601204,29486556,5444997,2196409,48905417,2120722,6301191,21767769,28340108,8773029,10853052,8630881,8872545,77537260,20903716
2020-01-22,25377748,24101987,5972347,2923765,40520366,1600267,4780287,15182420,29432987,6379240,8330978,8795844,7745124,48620724,20656854
2020-01-23,26044006,19628833,6078670,2958287,39673193,2084262,4365602,16761625,41197175,6583171,11264295,8592631,7476199,51768817,26319788
2020-01-24,36556883,24892220,9328504,5573669,79830349,1639401,4651732,14065291,84630121,6424926,9467932,5606770,11752255,87323583,36924559
2020-01-27,40034022,31322006,11725724,3864930,48580071,2588099,4238581,20558290,30745991,8229829,9232502,5712738,17771077,83729441,41095446
2020-01-28,39677665,24740149,7737612,2312320,60168279,2269464,3444198,14027227,30873223,8620187,9136487,4395064,15582436,63417341,26455899
2020-01-29,53995902,33938615,6438075,2355694,112210148,1520356,2785166,14188322,17782881,6273237,8150856,4532413,10547566,53672532,28729239
2020-01-30,31580446,51505133,7246736,2109817,70109159,1833145,3714947,14806207,18499624,7175071,8360994,5519321,9958272,74989120,39292925
2020-01-31,49713376,36094342,9242803,2209884,59979662,3690894,4189897,20062707,25251128,8884662,9493081,5780249,13437795,113538778,51915440
2020-02-03,43413786,30088124,6382639,2128477,46924055,2692060,4754979,15368836,16641809,8879760,7790724,5396196,12535659,68844148,25335151
2020-02-04,34037612,36368519,6770913,2255324,46121385,3050511,3982501,13937313,20959401,9769796,9219327,4434134,9544760,60611591,30495781
2020-02-05,29639656,39123703,5199568,2481576,42588567,2459644,6161763,17038162,23376712,9612680,13656127,7279643,16346159,64622898,38434592
2020-02-06,25550084,27667119,5442245,2267307,48548039,2224239,4102027,9802695,17366277,8822846,21037655,3683877,6584843,49368474,22263942
2020-02-07,29327735,33489760,4734791,1588161,52967113,2092582,3711939,16807339,18118372,7864051,10717586,4330853,8294855,63938471,25814732
2020-02-10,27252046,35747751,13206493,1921006,60703868,2426707,3872346,19005412,22282323,7198166,7460043,2882461,8171819,41703638,21333557
2020-02-11,23524825,53053400,15922673,1550499,74416930,2004694,4298046,23096272,17966039,8466025,9442706,2986732,7550499,54692348,30067679
2020-02-12,28210907,46923422,9257682,1529028,45653185,2354904,4532076,30878086,15543254,7538831,9787232,2837769,6073645,42784273,23862705
2020-02-13,23606118,35235694,12526888,1382838,51283275,1915717,3128665,47011166,11599553,8480140,8424973,4268692,7397526,53941249,22671567
2020-02-14,19998394,23101631,26025757,1913083,52226721,1690283,3598611,26730771,13403405,7496736,6254958,2605228,6195029,64469325,23409166
2020-02-18,38120781,27773300,15485393,2669258,70076336,2074180,4956537,18545544,12757489,7185644,7246909,3094393,10316290,57146414,24369811
2020-02-19,23428873,29869768,17242920,2051771,58342579,2580320,3901305,27596822,13534708,6819242,7816551,3931530,8303487,48370187,22052386
2020-02-20,24532990,36731541,20208530,2530359,73948389,3788131,5448941,20399297,26429725,6114630,9749726,2487734,13161158,73816643,42022368
2020-02-21,32312913,48544127,19190700,2452067,88371769,2742554,5240681,20028580,20775528,9078635,11592007,4120970,14945835,113299645,65068775
2020-02-24,55320581,68193426,21257237,3676770,86123729,3920919,8452874,35268921,26853188,10991791,12150976,7482138,21171905,160071453,83671139
2020-02-25,56633361,67870684,26300714,3184453,88201543,4184070,11174545,47984635,34439780,12199987,14711202,6346626,31458732,216247051,95735158
2020-02-26,49476222,56030193,18681094,2306669,86160158,3487619,13917846,38508214,26176968,16412441,13118331,5777634,27869168,192581595,79348310
2020-02-27,79660094,92907671,22531017,3475399,105541725,4732439,9910690,51403848,42193944,16159153,17863806,8686605,33888098,281903453,120270065
2020-02-28,106534528,96943867,28286997,4457333,100074680,6462316,12638900,80095330,60690885,24425751,20840678,11431048,55901790,384186870,147714849
2020-03-02,85058546,70814179,22220799,3193825,102019286,5387652,7756792,48822762,43093718,17319734,15022474,7201884,34975033,235821479,111685201
2020-03-03,79574931,71536075,16218976,2981591,141367174,4199072,8312016,49210567,49717505,21828584,16330363,9215448,47487906,298686754,131196233
2020-03-04,54626865,49700130,14830373,2313168,92842570,4047324,5845158,29738057,29201954,14681515,9812335,5448834,22359633,175751232,72560101
2020-03-05,46726653,47743924,13460801,2435708,96332283,3197631,5794246,30224373,29090525,15841139,9393810,6161470,24506807,184507147,78338794
2020-03-06,56420001,72735630,12873505,3013926,124284635,5621084,9755257,48526391,36253534,24580659,11534157,6386184,28814195,228007398,89653781
2020-03-09,71036994,70084263,15179821,4382892,79616660,5281691,9646902,61505013,56045772,25944915,13888928,8450939,29544830,305482033,115038085
2020-03-10,71070066,65211694,14472231,5505973,75818570,5959329,11439636,50519157,36495153,27064159,13608193,9205838,35564006,274420344,100001035
2020-03-11,62940953,56120277,12451048,3598598,101245445,4775961,10323514,63504048,38549564,23662408,13341069,9302295,31647946,254102356,88296198
2020-03-12,103659241,92680320,20249042,6399267,106361677,7169002,13181094,51813225,50503042,24038833,19180206,15155978,32735811,385155449,134397262
2020-03-13,91445974,91590785,15795722,8444835,86122815,8877120,13537741,53563675,48508406,28098242,15864494,15800653,32859567,325047672,133266021
2020-03-16,79773722,87400725,18052751,7686567,83743522,7129537,13831122,44143317,53624606,27419285,15920007,12367895,40600963,294725103,90814913
2020-03-17,80719847,80832153,20619873,7052591,92303496,6180591,12179671,41554722,52059925,25580998,16790288,16178303,50360240,258099791,119766720
2020-03-18,74525583,81062743,21697004,9862143,106054539,7269914,12974704,56748317,49068061,29267315,18301650,16403161,53678743,324413808,112497909
2020-03-19,67727465,85720296,19075836,7434128,88680372,6021621,10438162,58271842,44486810,20155121,17108013,9293685,61714872,283785752,118910197
2020-03-20,100155290,84628817,20085605,7401127,106670286,7458374,12447801,48559585,52321482,26340009,16578117,10253143,45214299,341677147,113064027
2020-03-23,83776481,78643851,16026382,4685999,101022578,6007370,11884322,39765016,46666540,23055097,14893894,9680435,42473780,321199764,123983156
2020-03-24,71493341,82227623,27425337,6279387,106287944,6580450,11825049,48144460,49938450,19319857,18919478,9373199,37640142,232607868,94397881
2020-03-25,75635031,75514136,19767401,6437187,93294184,4828490,10632794,42851963,41087717,25620427,15949401,11857186,28734940,297671854,88312818
2020-03-26,62923185,64498002,17387485,6018531,73550755,4529569,7863796,38461577,41444498,22416235,15815918,10441415,28203714,255603234,78886098
2020-03-27,50958210,56951560,15943426,3941879,74364279,4860411,8270969,31268281,31623027,20019741,9721738,7576718,29240116,222339276,58654904
2020-03-30,41889212,63083410,14928714,5223498,68137734,4265960,7537178,27107230,31589772,20285624,9872294,6780240,23731012,170967924,48872918
2020-03-31,49072709,77699548,23699870,5018093,83154133,6412676,10428589,26007687,48070357,15801419,13210618,8967844,19991223,192985339,61317217
2020-04-01,43917200,57818673,16364863,4184883,91831444,3898572,8733440,26750674,29581510,17914745,14159597,8227644,27487949,188155764,53487743
2020-04-02,41370598,49560934,16839580,4500573,78848024,3589346,8142790,28169536,27786774,16466198,15302191,8353002,22096247,175441326,56152221
2020-04-03,32403223,41188897,16557225,2895538,79213685,3933288,6001941,21230022,23899765,13359262,8594427,6587192,15769973,133926846,47426920
2020-04-06,50189218,66866822,18098222,3872502,81731292,5104583,12279434,31572814,32251841,13812223,12109091,7178611,17177657,186448839,64458866
2020-04-07,50612538,62683743,19558527,4586263,101911706,5416028,7856743,30348949,41388675,14062227,11281188,7761704,22145371,199081143,69449825
2020-04-08,42093349,48215969,13508418,2755738,64710471,3998997,7661572,22656089,26693786,15708111,10690018,5424128,13709455,152511345,45663451
2020-04-09,40394269,50761835,13025574,3452010,80191013,3278293,7003359,27367268,40341428,15453689,15420202,5844243,19628105,189764893,66815598
2020-04-13,32620438,41782702,9923973,2570361,63916257,1836324,5130165,19583475,23233118,12693452,7891573,5208222,12637332,113959243,42658111
2020-04-14,48265540,52067933,13190705,2299394,84901060,3832615,7297763,22803863,25232397,11653754,11154882,8125062,15882603,132292701,63405070
2020-04-15,32716695,40822618,9123012,2590889,83569665,2816079,4040547,18414744,22823724,10398040,9946562,5381343,12927442,121079417,46716075
2020-04-16,38568920,49929943,18445145,2662114,102291700,3910267,4369426,26085697,24332726,14092294,8759473,5770944,11761776,122714416,62106717
2020-04-17,53652423,52641666,13442139,3401858,76795107,3334111,7304432,30676403,27325444,13583320,9875944,6092090,14137798,145039793,62507542
2020-04-20,32421914,36561756,11204667,2379248,72118519,2771221,4679098,23432520,26397176,10346873,7211080,7956814,10196840,98769162,37808689
2020-04-21,45167668,56068766,18316977,2898815,123616744,3544149,13733193,31635025,25182993,14049712,9262268,8768124,16373215,125615124,72383216
2020-04-22,29127768,34602240,12077634,3543308,63004824,2228194,6659004,18325370,23270390,9664967,7345383,10959076,12015888,92744011,40026771
2020-04-23,31095563,32695129,10517445,2165709,68588359,2118827,6274055,16075438,33395599,10329813,7656014,5373730,10583754,103579382,42855119
2020-04-24,31475408,34251810,8803519,2334988,72660627,2143693,6528414,14637604,50172471,9403451,6065361,5569996,8441838,84960699,34207181
2020-04-27,29223124,33141548,11894863,1658324,62390000,2375160,5034933,17932779,25891091,9123143,7215199,4728046,7796005,77423317,36306384
2020-04-28,27897087,34099144,11014980,1897964,77710068,3888886,4729803,16380740,28724825,8348237,6240350,5760236,12626255,104660976,46136148
2020-04-29,34023016,49954123,9442847,2883951,110329922,5003324,5249741,17395236,30376999,9062985,11895230,4930999,11445295,117800653,48240493
2020-04-30,44562561,53571154,9357556,2331379,65060318,3897956,6827852,26659617,26245416,11807046,17094893,5773512,15422326,120754170,42760579
2020-05-01,60064996,39273629,8536549,2681520,69362570,2575496,4266503,22087290,21182809,8680457,9736524,5839751,11963214,124905553,48698165
2020-05-04,32982437,30294143,7900193,1690448,62400221,2367197,5953697,15988499,18784469,7543406,7165707,4955756,10726742,80341211,32703374
2020-05-05,36847443,36757345,9198564,2646111,56412759,2377218,5258345,15048843,17240439,7271771,7538700,5242384,8685552,79112292,37566958
2020-05-06,35458443,32080837,8054607,2260093,47980939,2290021,4097954,16004475,17666026,7042930,8144544,3672056,8466978,72639742,36202169
2020-05-07,28669454,28233372,9300518,1823797,48808928,2464672,6459573,20145282,14705894,7154467,7289709,3596970,10542156,74703380,38259230
2020-05-08,33420123,30863963,8462678,1675650,40645089,2547068,5402729,21955620,20380191,8130814,7886218,4331224,7610222,76310880,31816525
2020-05-11,36386782,30800407,11691223,2080780,68494596,2265364,8686974,25947559,18653164,8133697,6596548,2722892,10377697,78903207,35220933
2020-05-12,40301736,31873649,12264682,1872779,55404421,2069143,5895688,25713240,16718815,8598634,7306581,3546573,13517160,94197086,40589525
2020-05-13,50051371,44621635,15534484,2191741,76408505,3364783,12515716,36074143,21051181,10273839,9541386,4652885,16970991,142369115,65143544
2020-05-14,39627708,41810514,15007063,1990118,73541567,2750278,7431168,50370661,21554560,13793170,9949001,4395898,15234454,121187937,51117433
2020-05-15,41547338,46545583,24640200,2164903,66834468,2626463,5672548,30564248,21367727,39055070,29578472,7237819,14013762,110422879,55616338
2020-05-18,33786952,35258695,19354503,2652963,48551952,2350896,6397702,26962995,20427826,9901396,13189146,6527120,10016281,119541679,42385966
2020-05-19,25337062,26712090,17870994,1868952,60239445,2752710,5260976,24334600,21858175,9801926,8114184,4594729,10043707,94079679,35922499
2020-05-20,27824209,31208995,14573879,1858670,50662533,2773523,4937221,20116644,30572758,9115867,11340035,4935110,9093744,85236578,37190013
2020-05-21,25556953,29072937,18482405,1482124,48291650,2257271,4422912,18643360,20979056,7463626,8125034,4381639,10289463,77799831,42865177
2020-05-22,20262467,20707790,25919694,1724295,43449701,1650135,4945941,12406172,14096146,7107137,5526959,3011516,9244302,63508918,28645247
2020-05-26,31335644,36014498,19240424,2355495,51483831,3525311,8350361,21767697,20925300,11200603,10061406,4822016,12995976,88558713,32823374
2020-05-27,27909784,39293146,29291407,2246118,102194831,3551456,6180533,22122717,19795111,9090416,9121760,4005667,19427118,103913944,55436175
2020-05-28,33336289,33645163,18350370,1851593,53603892,2855807,10012213,19720127,17231656,9449699,11156169,3791530,10573176,90118788,42643242
2020-05-29,38312564,42073945,18388222,2728598,64499398,5888899,19515951,43457857,33334168,14734792,10538803,5951035,17775203,118509748,50644204
2020-06-01,20184978,22613280,9742008,1843954,36845760,2033799,5709524,18706561,14314720,7362564,6472199,2842239,13359413,55651411,25753679
2020-06-02,21800029,30723623,9764325,3181733,42675182,2508287,8566678,17268517,20683107,8754216,13237946,7268376,11205501,73570744,33074714
2020-06-03,26090327,27259870,9114518,3186458,46606937,2536179,5999706,17481079,16726210,9188601,13026881,7646709,11017302,91198246,36673225
2020-06-04,21848264,28730579,10592220,3409708,44728976,2421575,7298022,14090918,21997110,9695977,12103877,5052448,7567505,75359805,38565988
2020-06-05,34249173,39862745,12031639,5095554,53805837,2793670,8228955,22579584,26807186,12208686,11879084,7788493,10374898,150195305,47329247
2020-06-08,23874125,33153012,9664270,2390381,39572249,2590924,4590039,17796571,21519934,11502218,9740909,5602423,8064348,73225993,32833210
2020-06-09,36837411,29718813,11680068,2230904,79577092,2273698,4017657,18587913,23578786,8851838,7321041,4449965,7351973,77098219,34668315
2020-06-10,41486875,43710082,15746468,2588470,78405459,3605425,8114833,18413210,21342011,7422336,9065891,3993937,12175531,93781636,57753526
2020-06-11,50207824,52717288,14525601,4502829,78360588,4074368,6516174,35548266,26933483,12804250,15229582,6013276,19866008,208060324,72504628
2020-06-12,49986673,43330469,14244444,3942090,71051370,8329022,5412915,26113401,30399414,11499784,10105451,5950753,21607845,194369528,71784745
2020-06-15,34551038,32657416,9949659,2981182,56496907,3779875,5998995,21270511,29606762,15930491,9844789,5152723,14960432,134287310,45064863
2020-06-16,41240623,42403831,13364250,3038291,50831663,3763751,5823084,28030607,23190777,18982351,12637023,3504035,13964722,136919254,48593996
2020-06-17,28512212,25645205,10183260,2026559,44977536,2110803,5036459,20388776,20439585,28671778,7617454,2934025,8655646,82615570,34536846
2020-06-18,23891577,22995376,6212679,3360229,40200419,2574654,8670124,22421118,24891902,19247718,5646556,3062540,6853674,80231146,30443207
2020-06-19,65290939,44399014,13091683,5820055,52770332,3928956,11732180,35666968,60334005,33049108,23144523,10323433,15637758,134012602,48432787
2020-06-22,33581176,32707971,9927790,2717503,44597867,3151869,6238849,18374185,22809775,16701120,8022425,3677565,7362850,73744356,23868761
2020-06-23,52862422,30854217,9352616,2240931,47949327,3063582,6943521,23202327,22789171,18691940,7756441,4665714,9505077,67999456,32489919
2020-06-24,48049031,36686079,11210903,1909569,53432787,3326191,4899439,22834212,27755879,18286979,8194374,4746740,12708023,131144589,45795641
2020-06-25,34155627,27134011,9369190,1502537,51011965,2265348,4005434,18766155,21882133,16007548,7051763,2617165,10264304,88835367,36756138
2020-06-26,51064975,54128669,14777426,3135733,65340730,3828371,7593628,106918208,38433066,17968387,9105417,9843878,22134895,127668251,52687817
2020-06-29,32565650,26279555,8512343,1450110,49441978,2623182,3970449,23515411,22126333,14365636,5864374,3516773,9268951,79274037,34122310
2020-06-30,35000005,34281510,9174710,2512215,42166175,2944173,4477964,21879755,31533901,18877708,9374794,5572364,8246248,111661392,38570903
2020-07-01,27622265,32026643,8154886,1565800,32311133,2581093,4753109,17118794,14731082,17854375,6984588,4021979,10853831,71852838,34461049
2020-07-02,28473188,29296001,9092031,1663772,29037905,2502040,4199389,19628931,15575242,15477118,8316261,4798950,9570991,69094913,31883838
2020-07-06,29427746,31759656,7847624,1754935,36623104,2760356,5792417,16138830,20509682,15271659,6687659,4957023,8020796,61089065,34254440
2020-07-07,28042646,33500353,8908003,1614452,32069282,2683367,5429861,17082767,15973882,13232078,6718755,3777994,7931070,82525571,36377818
2020-07-08,29110659,33544849,9099095,1799023,35459305,1998329,4223236,15012549,13272061,12581665,6683272,3584224,6660079,54137824,30159150
2020-07-09,31340463,33048223,12342644,2522326,86796092,2268280,6060247,26002672,20678017,15692131,6285494,4977253,8883877,83018227,40074997
2020-07-10,22524192,26135519,12427678,1327822,59741566,3675789,3781959,13773418,17725596,12611196,5685551,2659212,7354419,57412867,32789549
2020-07-13,47772193,38013604,11341339,2154177,57551431,3476244,5539527,17948322,19053888,15945566,7600145,4857030,14450348,102396216,63592592
2020-07-14,41864524,37480214,13476252,1825092,54678541,5653153,5850048,19249372,24158070,15478356,6547685,4226469,15022320,92123514,71734045
2020-07-15,37835612,32124981,10042513,1524534,42206182,2563336,7646554,15444677,19975578,10569865,6150247,3624635,11888689,86731602,54138420
2020-07-16,27118901,29882373,8609676,1292753,36800294,2677592,7335838,17640034,12417005,8779276,6176201,3337415,8586342,54355497,47330910
2020-07-17,22990812,31564420,6650803,1332550,34658051,2567408,4323228,20314336,16313625,14344774,5984725,4666110,6353496,62092882,35077162
2020-07-20,22511406,36750688,7106151,1432119,44916315,3511076,5724977,15953375,16854979,11468711,5398409,4621370,8507293,56116983,40123568
2020-07-21,25829429,37956328,6922612,1430831,44715114,2027505,5376074,16042266,19778867,11874145,7098303,7687864,9397247,57174701,43189888
2020-07-22,22089638,47951587,9145092,1439823,134858929,1386768,2809301,27093092,18795160,13842147,4337153,10908352,7512198,57492373,29561456
2020-07-23,49079845,67273844,10205365,1940336,104322944,2312681,3638640,23702251,39065078,12575028,9416814,7789200,11668883,75482476,50746527
2020-07-24,46235081,39649594,11808874,1562936,204935853,1892314,3892083,16908809,181859888,8939156,9498834,5076990,11451910,73684306,53986483
2020-07-27,30199637,30092753,7282784,2063812,107633718,1621279,3015060,15563732,107222321,10319606,8010912,3872427,8450598,48055160,35992083
2020-07-28,25364037,23219516,6754020,1397037,91044384,1463319,3113006,13967180,62104922,13029452,5813395,3544473,8908515,57324782,31065530
2020-07-29,22450058,19601827,7092573,1654115,132746147,1488677,3744240,11609286,60325075,7242383,10775899,2817029,6592347,48254169,27292773
2020-07-30,37425570,24875003,7652893,2108097,79991401,1440704,3575645,15342695,39459336,7632242,42023514,4102868,10730173,61349881,40886781
2020-07-31,93371323,50865054,9642799,2466173,71579330,2033781,3730016,17696253,46283522,9338327,16734890,8042993,12588025,84005930,53614858
2020-08-03,76883455,78743657,10280546,2076602,42552545,2072327,6551069,14139925,31677932,9164705,18882922,4308811,12163100,52931951,31944187
2020-08-04,43146678,49227429,7741591,2522325,155440443,2620137,4437941,12830868,28974155,6364074,10200952,5354633,8984339,41605274,24809994
2020-08-05,30374457,28790458,6237986,2223821,65607064,2352924,3615237,13074362,29195556,6629035,7966106,4363846,6480002,42669170,21600908
2020-08-06,50451348,32609827,6096246,1418244,53873249,2361200,5109257,14181306,23742367,8169644,6386814,2961232,8198394,43485070,27923589
2020-08-07,49379219,27774185,8550468,1419225,66466166,3287963,5421267,17000832,36730796,8772060,11151786,2855233,13734465,57073879,44928355
2020-08-10,52976623,36667107,10682827,1198831,70428861,1836564,5527212,14990987,37362395,10046903,10083419,5526378,8240301,43644920,34833123
2020-08-11,46736987,36282002,8827426,1929971,77691560,1897524,5009997,18802113,35248661,8073127,17759903,5382983,9412606,68995997,42532971
2020-08-12,41203797,28002893,11592292,1832012,88337876,2223105,3947382,26423830,30590651,9066032,18584835,3066811,7097353,53651355,38635599
2020-08-13,52331024,22525135,9304387,1496122,57241816,2024876,4690695,91623127,24323353,8260285,9890074,2941759,5725183,41613973,31734090
2020-08-14,41205142,17926084,9122211,1013460,42299604,1108339,2821331,31218814,22297365,5453863,6633792,2062918,4084360,47191135,30743193
2020-08-17,29763463,20076627,15445018,1056056,31316556,1555551,3573229,30493862,19970466,9520358,10279774,2380405,4087104,35244625,24700033
2020-08-18,26334362,21297155,12513717,885333,30863466,2097105,7280676,23320252,19123131,21021622,6383990,2760489,4462712,38576040,23220078
2020-08-19,36227094,27587913,14681338,1127254,37351712,2438566,7077774,20065130,25687034,16739673,7744016,3803146,7098825,67728963,31834974
2020-08-20,31450944,26888697,22941437,890110,42835137,2476156,5168845,18439439,54953855,10961662,7195012,2761185,6364336,41946530,27601938
2020-08-21,84180058,36019609,24953980,1150678,48227143,2635655,5725240,17379483,34270055,9551248,8540527,4379938,7628900,54942518,34240220
2020-08-24,85926060,25408143,12233280,1196234,37947854,1839581,5146859,17726519,36256500,7879819,10225068,2838986,8187448,48328096,36309013
2020-08-25,52730506,22870824,7197708,1113885,49113216,3962356,25652914,15378466,38303162,7417127,6203398,2840541,9270401,38213403,34481264
2020-08-26,40403647,38000079,8004656,1480694,47035674,7738265,62942477,21611581,28554210,11594339,6074846,2974118,8224899,50570191,41975699
2020-08-27,38675751,57491829,7886905,1252509,42068885,3629845,22777912,22443752,24344036,15819514,8201579,2797613,9081668,57841893,49312256
2020-08-28,46618141,26139974,13389613,1447866,40574154,1918351,27887253,16541846,35191302,8582103,6276656,2881758,6537748,48371651,27932253
2020-08-31,224366394,28697199,12397606,2213630,90488186,2323641,15887679,21260185,46006257,18630966,9673211,4340175,9473506,65549545,35938920
2020-09-01,151715921,25687847,12771458,2917839,55787392,2402760,13285997,23319699,30448696,10167559,9088884,3563386,12795480,54826553,36112887
2020-09-02,199230481,33984626,21688308,3690258,50196933,2780902,12950817,29941044,52929725,14294260,9134110,4574822,20177488,69240849,50572715
2020-09-03,252397574,57922379,23188609,4098718,86596386,5813042,13901742,39179283,47216554,15371595,13532283,5853777,27047763,147152757,108613517
2020-09-04,330444199,59432201,36549653,5827878,82202497,3898509,14279645,34810364,43276726,14693928,11059767,5250684,31258821,138708177,123284704
2020-09-08,228903583,52448867,19782164,2662018,54743023,4440760,15060106,29055582,39634301,16020101,10226472,5892609,23844539,112013326,95803214
2020-09-09,175723436,45448526,18325083,2623973,53961612,3305733,9940689,23297158,33382823,13898757,9699220,5414615,18372112,90285162,63995043
2020-09-10,181142083,35316224,17405710,2283863,51304332,4218086,5939682,25015703,32619493,20295770,6163378,3985611,16042272,90066952,69281279
2020-09-11,180293371,33552714,15906891,1735612,54681999,4296746,5449193,21847979,29311621,40199771,6738603,3524387,18531817,83916940,71708693
2020-09-14,139306123,30300451,29939341,1644236,47378805,4448415,4250028,19848134,27187034,50021786,5390569,3105828,12342477,65197631,38214258
2020-09-15,183718413,21741096,18123524,1661273,57807671,5604742,4125909,19005150,27569644,30278123,8771938,2716952,9103170,52639875,41540198
2020-09-16,154456182,26297829,13896980,1849668,38369334,8458971,5440275,24302144,26521713,21139342,6337691,3591661,9776905,81936082,42236582
2020-09-17,177453679,33927417,19764880,2285516,55531253,4554369,5269858,22214576,26938535,22720861,7414330,5644785,15160217,91083736,81109132
2020-09-18,285764560,55102486,17423952,3527875,50923025,7175952,6590944,44414792,50070670,49017760,15423622,7024962,20889121,104137166,85270425
2020-09-21,194321651,39656606,17960058,2390284,61142354,3902867,5546499,28427774,27305012,32512132,8179512,6025825,19161860,98771189,56715241
2020-09-22,182086950,33413209,16110555,1948671,55894751,2622374,3580058,17627117,22257817,13285499,6906268,3213101,12750257,63337709,40672910
2020-09-23,149200969,30663443,16111465,1553862,42177387,2666914,7490165,24811376,30037705,15096283,6543625,5766218,11841993,92034896,48189354
2020-09-24,166321187,31119037,18213341,1361075,57425623,2833233,4112243,30843219,29324246,9333317,6813930,2910913,15904199,76418639,70449201
2020-09-25,149347651,29396220,14670380,1816906,48139333,2536636,5050031,22935748,26616207,9359946,11712509,3036026,9627081,70946619,55118025
2020-09-28,137075694,31934491,14290416,2217563,47899494,2840998,4082501,24235405,29611440,9347767,9035496,3453924,8717505,64254833,58191626
2020-09-29,99263806,24210092,15530256,1372136,61534201,2029375,3981770,16348939,19553946,6328877,5652042,2722751,10423736,51168900,26929873
2020-09-30,142137218,33742969,17173418,2239047,51399436,3497741,8117602,27085050,27636164,10785662,5823348,5599087,11061908,102833688,48656139
2020-10-01,115646243,27096427,13085293,1601532,52053799,2263401,4300778,20726590,22065269,7324441,5312418,4430428,13520929,88002242,49694788
2020-10-02,143718526,33057499,13745658,1706526,52717172,2774482,4486796,24469275,25689758,7106004,5828930,3659867,18587655,88618041,75071194
2020-10-05,105602326,21186889,11938885,1891484,46895073,1982323,3399754,26884495,20844043,6893622,5829105,3051885,6121203,45352499,27709699
2020-10-06,160526708,28457552,19547128,1665660,52620403,2040297,4418400,28389255,25589136,9701679,7628891,3417801,13288822,89326264,49197168
2020-10-07,96364552,25625883,10408153,1274176,42913160,2023866,4959051,20569572,21952276,8681618,7406547,2843879,6477033,56760044,27243684
2020-10-08,82704330,19866854,9427059,1703331,54136486,1589048,4144611,19022572,22325150,7198101,4748771,2321492,5047205,44624004,25085329
2020-10-09,99484727,26393459,8653926,1724708,80132069,1851267,4209022,16160951,24289082,7316357,11065803,4207416,7095990,59406685,30119668
2020-10-12,238807478,40412550,10839629,1882594,47592901,3148852,4312795,22740811,27276842,8267572,7883440,5147318,9560299,80150722,79103604
2020-10-13,261242837,28914594,8598244,1671984,42706727,2436776,3701888,23412465,19988366,8890925,7595716,3523259,8799834,72085718,64023086
2020-10-14,150553817,23411803,6891754,1729457,40384514,2031933,5127447,16438493,21866887,6650253,13172730,3266345,7240262,57580454,36649245
2020-10-15,111946354,22690504,6656185,1433381,33581972,2042294,5255375,15440956,18232626,6241893,7373921,2934564,6569214,59917249,42237621
2020-10-16,114919985,26010541,6050859,1029048,31402041,2440576,3090431,21287709,23410245,6069353,6624141,4596723,5771854,89200522,40071904
2020-10-19,120013309,27557293,7417907,1479601,36600650,1930554,3239558,19576798,43469112,8305317,5755935,4224142,8287536,67949532,36319683
2020-10-20,123847246,22617321,5645144,1321740,38143347,1414575,2986767,16534166,27165675,9223328,4407961,3912875,7253704,59247461,31809024
2020-10-21,89172614,22641258,5469974,1186884,36270646,1368656,2789818,16996397,21791092,10108429,4335858,6698307,6058526,62744423,28871287
2020-10-22,101539192,22314062,7240842,1354496,37309830,2613225,3683642,20380959,39477213,8419777,3894170,2999488,6717065,55096157,31951097
2020-10-23,82207027,18823831,5825062,885911,46396969,1895672,3150120,15543570,97235331,9689809,3941049,3508247,5112433,48883638,24565465
2020-10-26,110124815,36716936,8407032,1548536,69181607,2204841,5652712,29135558,54107619,18661248,6062361,4286045,9049820,90971001,38260426
2020-10-27,91779114,35050836,6238845,959959,155922631,1895378,4256063,37899850,49753124,10805276,5823542,4100327,9443734,65127797,30128814
2020-10-28,143218434,50975878,9373136,2231036,76269145,2673003,4416184,34504125,44997338,13896661,8227674,7409696,16298768,126348770,53009945
2020-10-29,139969107,31230323,7967465,1559281,52596634,2120706,4581008,35296634,36671922,13563686,7038000,5592779,9674744,89842215,42541896
2020-10-30,190085716,36914758,10413426,1851071,51275873,3122199,5692600,29140484,46720719,12505195,7807607,5421563,12823845,118885439,65379795
2020-11-02,122411219,30762948,7473031,1174351,45650520,2476614,3949936,23442694,33811584,11411974,5856999,3753905,12014161,85635835,39525867
2020-11-03,106857270,27416249,6796266,1545595,41108252,1755699,4143563,27310773,33503846,8908698,5820726,3583968,10482765,91021361,42780059
2020-11-04,137572696,42232292,10219616,2121532,66366264,4521782,6498646,30030383,34694524,12026330,11804105,5010406,15310279,126326045,74882302
2020-11-05,125503889,35990350,7928394,2174895,46266932,2395347,8955693,23086729,30973659,8996360,27888022,4636340,11079684,80994041,51446717
2020-11-06,114200379,25205048,9553634,1354280,53720424,1953191,3796386,19469144,36196957,7509922,7275471,4217389,9640863,74523921,40889961
2020-11-09,153718367,44299703,14519658,2407351,58448236,3620499,8769345,42618305,48417494,11482266,10657551,5307871,18736297,169774813,85965128
2020-11-10,137431481,43961560,16020644,2677523,66769660,4916022,6805609,31507836,39203716,9004010,12001361,5686911,11741165,84481408,68579355
2020-11-11,111317024,29378188,10090557,1511706,44512260,2630650,4157965,27298083,31466831,7712655,10209622,3493442,6988330,58123765,35802700
2020-11-12,102026451,21588622,9128749,1214763,37207236,2114670,5606692,29031831,42855126,7323901,8578418,2606973,7170233,67462724,34342291
2020-11-13,81514936,18615819,8647163,1099597,30409845,2964807,5157711,49093575,30877890,5860858,5898903,2439525,5925217,62743166,24778557
2020-11-16,90678949,24840787,10296472,1209322,38538316,2519468,5709705,34549188,36268593,6298739,7571265,3454744,7422485,73711563,29593494
2020-11-17,73864616,24106133,7748136,1194935,29220726,2406663,5088947,23131836,31031310,5567804,7434779,3525184,4962801,65734721,21619618
2020-11-18,76043956,28320147,11492351,1351696,29781914,2060195,5876468,21312010,32774271,8990153,12115020,2996477,4762382,69989792,27722617
2020-11-19,73635430,24671462,14075513,1454302,49879194,3122015,8069395,22072107,29419520,9627026,7697600,2463989,6058620,58526236,22249822
2020-11-20,72448517,22758216,8449676,1613589,34946005,1847772,7284298,19766220,24176051,8275000,5550392,2941191,4956354,70017697,24882513
2020-11-23,126833749,25642459,9006400,1220375,46586704,2369006,5385064,19625121,35439391,8300020,11789727,2877993,4892721,62561716,26517057
2020-11-24,113454754,33881806,8628677,1344693,36766263,2583826,5789046,22822606,33856260,10418073,10797122,4961120,6816419,61903089,24193832
2020-11-25,76286155,20940329,6478344,1175409,41251560,2631416,26254407,22609997,28006317,6846046,6338984,3539080,6082376,47660324,23208137
2020-11-27,46684228,14505138,4181588,684618,22717018,1815283,7394319,10767175,15911592,5625724,3878027,3084248,3506975,28514072,17158478
2020-11-30,168376091,32991567,7133633,1543567,84103529,2774323,18830961,34373886,46282140,26634523,8694052,4750984,13427708,78285348,27371000
2020-12-01,127534190,30891944,7416908,1817268,58495325,2530251,18343011,23938328,57755779,11848313,11903415,4894272,11330766,74012110,27438813
2020-12-02,88718276,23693811,7066348,1002969,57648804,2101088,52120382,17416756,33732919,9323283,7794401,3978411,8000751,45193819,23402349
2020-12-03,78765347,25066618,4971050,1610043,35774816,3059105,21301443,27681384,50208305,9758181,6350834,4776613,6727885,62469981,22656556
2020-12-04,78102537,24736627,5043080,2002610,45509457,2742191,20527376,17313462,39749701,10842907,12711372,3740212,5172093,50606896,19269262
2020-12-07,86506749,24548304,5571629,1967634,39731078,3436708,12820922,14077440,51001052,14919879,7005080,4616112,4451794,48382450,20713533
2020-12-08,81592600,22679624,6701893,1781012,33785856,2170131,12034180,13327553,27242685,15224391,6082258,3240339,3940962,41955841,18070429
2020-12-09,114058833,32380704,10005704,2085852,51986414,3421609,15238285,22626485,34024389,12194437,7936330,5580832,8604413,73792549,48560345
2020-12-10,80771416,26398779,5182863,2540452,33690915,3918118,9190446,17728497,33686272,14104428,7186339,5549441,4985506,57144496,27349692
2020-12-11,86820098,30854725,5225503,2665961,28319632,3559886,8204582,14574993,29385531,16200912,25901265,4143126,6503427,57560666,26707126
2020-12-14,78846554,28746365,6684823,2606765,47608233,3885787,8282808,16084404,33404312,16176248,12153421,5886883,5513585,68525954,28703721
2020-12-15,156941610,26771446,4751943,2115935,57066113,2504116,10661099,18154655,25083300,15490655,6490048,5628220,4548345,63696217,25430162
2020-12-16,97685682,34761673,5445960,2313105,34557049,2452353,8603125,16187170,27944339,16113903,6388292,2951576,5144047,58164985,25205653
2020-12-17,94116248,32401648,5770809,1713197,31968780,2176924,9935653,16126220,26367375,15316212,7037575,5252656,5746931,63541825,23613769
2020-12-18,192011048,63199925,8457668,4519190,51700773,4654753,11752150,41002821,118001711,33612923,13212730,6901142,8451206,133046330,39907710
2020-12-21,117508649,37071502,7542420,1907307,46972755,2410746,9191266,19846066,53687593,18187565,7018101,3074396,7535514,95143906,36810742
2020-12-22,168175257,22476312,4630732,1788950,35623574,1696638,10043941,16020073,32101438,17133597,5737820,2505683,7163823,47903383,26156204
2020-12-23,87942017,18618944,4461970,1051663,25899358,1428159,7071880,12023473,22551026,13072737,5180645,2012427,5648337,45930093,21092397
2020-12-24,54922273,10547065,2446832,412210,16700031,589182,6145919,5718679,11862516,3795280,2120050,1043794,2189213,26457853,16784997
2020-12-28,123813844,17867367,5306417,1062232,30556257,1513218,6396813,13450528,21194372,6460544,4572610,2139052,4082554,38777920,22382975
2020-12-29,120568649,17331185,4246825,958681,31700770,1433842,6102284,11825405,84405375,7766390,3540331,2432525,4417549,53444521,25779375
2020-12-30,96156626,20120978,5592865,1053283,25724154,1502914,4665679,10844639,37158398,6091618,3907699,2003881,4069610,49321027,18044122
2020-12-31,98902269,20911673,4803228,1020366,24910176,1461253,5999330,15097456,28551562,6924857,4940134,2904386,5518546,78147652,21580346
2021-01-04,142935040,37096825,13990453,2413298,51715695,3605550,10304116,24362729,46059307,11246738,9814403,4653370,10507053,109846901,45097482
2021-01-05,97210097,23791237,8031902,1504522,34082362,2006380,8646127,17727160,24819179,10994314,8496168,4730953,6162292,65715412,28923847
2021-01-06,154272654,35820880,14438345,1719567,51803882,4148601,9768488,21790198,36768166,8675192,7159217,5251220,13593660,106442429,52572414
2021-01-07,108448678,27535155,11455766,2126541,42633173,2846913,8419232,18171356,31975868,7374317,7551766,5521915,9798315,68041390,30102245
2021-01-08,104870353,22939273,7293894,1526446,39741452,2264762,7290251,20933524,34598672,7744653,6242051,4554876,6174931,71568084,33880317
2021-01-11,100131521,23010587,12905775,1116533,48413647,2380425,7193395,25049497,32892559,6282983,5145809,4540676,8916942,50889259,32657453
2021-01-12,91263370,23135397,7177717,1382707,67499922,2957786,10682640,20115256,39813937,7737653,4371066,3400831,8538503,52358218,29118047
2021-01-13,88334388,20039233,5221889,1310590,60313643,2101737,6808524,19343100,123931241,8287797,5204082,2771222,6735072,44905558,22651672
2021-01-14,89843209,29290014,7044727,1968653,53232411,3504485,6521040,22294690,74634356,10247402,10054097,3415374,7761898,49569000,23188359
2021-01-15,111069342,31678242,6923897,1816429,49175297,3198484,8503862,30265300,50218918,7530035,8599864,3734285,6304005,105246219,34663185
2021-01-19,90152379,29808439,5605589,1880779,44946575,4405936,7677042,27260528,35117541,8896367,8100253,6220418,5744888,50839447,24030009
2021-01-20,103797460,37629912,6433900,1470594,35066021,3857121,9837780,16488366,28542429,7022734,7928785,4328362,5880955,61538998,30360253
2021-01-21,119630269,30682564,8404604,1574820,52864400,2768235,6778216,17426586,84558601,6940011,6272332,3582444,4462148,47421293,25038349
2021-01-22,113414024,30087104,6153204,1623601,71129182,2533468,10175405,14632245,85406214,9893946,5049560,3736495,5619289,51891499,21416041
2021-01-25,156959322,33058902,6258381,1284605,54889153,2696732,8195133,16570642,61927925,8520321,5238186,5400000,9082215,70039753,38855723
2021-01-26,97061781,47895209,4071516,1072056,57897953,2354128,4986529,12990768,31242698,8182439,6542486,5309458,4273143,42080952,24966198
2021-01-27,135584537,69344744,9232768,2176044,73031058,3579183,7594815,29579996,49560519,14780901,9805927,9992904,12214888,122318319,54499470
2021-01-28,141014212,48864526,5677804,1662085,46832505,2996309,7227770,20993547,49126806,11056326,8050173,6641204,8010693,93208715,41955856
2021-01-29,176973706,42432679,6774398,2206088,56570027,3059841,6436999,22601941,37222029,11440476,9476176,5969185,9368444,125675604,55050257
2021-02-01,105842276,33257599,5405855,1702562,42231134,2552000,5662844,16770582,26908105,10316550,8244561,5714626,5370298,75261043,35446397
2021-02-02,82717559,25813985,5488503,1612483,33753399,3017253,7121459,16492361,23540140,10525858,6890922,4859333,4294288,63697287,33629291
2021-02-03,85046277,27045166,6119332,1784311,32192575,2143259,5349509,13151693,21852270,9927889,13240795,5017672,5764298,51795522,24445057
2021-02-04,83746075,25226246,5021130,1523792,30697312,2003808,4756170,22078807,29671192,9921486,46004878,3517757,4065093,46681583,22123632
2021-02-05,75403689,17931447,4205092,1248737,29728957,1659611,4733740,25271098,23413748,9159549,24647619,3819069,4699218,48507327,22474970
2021-02-08,71032185,22183702,10812074,1760627,47501322,1726249,4331424,25164407,34310285,7001587,12138588,4593740,5849043,37803283,20214728
2021-02-09,76288033,23543460,7173157,1275222,37527879,1569609,5134016,24090378,28735844,5433017,11636784,2775774,5271826,35326643,17454264
2021-02-10,72790380,22138926,12089958,1458607,42313269,1762998,5528651,44465132,16305415,9573855,11682311,3397170,4692429,58645316,27829893
2021-02-11,63998818,15696307,11208492,1712098,35497087,1608992,6057183,18586897,27490984,7684388,11587916,4775562,3759122,42400730,21869533
2021-02-12,59927858,16533791,9333174,1354813,38481438,1450004,4303816,15237945,26150289,6644701,9137443,2532384,3322695,50230340,20287696
2021-02-16,80075462,26482814,8030849,1515242,35034229,1845783,10783064,18533292,26310259,7521372,10194593,3886517,4847365,50504169,26786398
2021-02-17,97866888,21622813,6862942,1372310,32210565,2110963,5881219,12746402,21054382,6243712,11933550,4315092,7622073,52425723,31336800
2021-02-18,96555856,16899669,5839812,1647664,35430506,1802040,4149192,16835922,17822329,6249807,8401601,4194770,5431242,59460102,32006413
2021-02-19,87453495,25164921,6739382,1786086,29498835,2717857,4608829,24790810,28140841,10822591,9985661,4235838,5509945,82900940,38716981
2021-02-22,103312626,36320894,8095322,1690906,36743173,2501750,5038800,21364097,32180117,20924867,12724457,4373276,7116302,66907594,46821401
2021-02-23,157609381,30151209,9747815,2129430,49640852,4161909,8627855,19710575,27324754,18169934,14408389,6513480,12041865,106675724,96898283
2021-02-24,110366299,26244068,10362202,1509523,40526944,3384952,6067932,17809244,24532997,10588591,13097726,5075359,8220613,71992855,57594505
2021-02-25,146898190,39447235,20334467,2312357,54367082,3248521,8514476,21900741,36263208,15320727,12661584,6097196,17011249,145592817,107985020
2021-02-26,163978112,37761929,12495326,2262428,48920799,3152810,20198742,21843238,38188047,20408039,11749895,6024552,17731768,151891508,104353937
2021-03-01,115735505,25276491,8795622,2467071,32695667,2354682,13972565,17391612,28452849,11618028,9415539,4770532,12385091,104515143,48934688
2021-03-02,101800552,22756856,6573239,1805156,34609065,2185001,10129184,14413891,23278638,13153963,8684807,5260706,12399779,78731383,47398368
2021-03-03,112235779,33921787,9394722,2381517,43426372,2803338,11426483,16838491,28646696,15820382,14846742,4714092,14912040,116989302,85538021
2021-03-04,176730983,44505374,14237299,3386681,60138715,4472413,12555536,24454438,40030445,19792230,15740781,8156922,38449528,181901442,138404919
2021-03-05,153494978,41753441,13539153,4235285,58436359,4614122,11391426,33159660,39485284,34199386,13285090,5680443,23040435,151787853,121361712
2021-03-08,153120146,34923550,13479851,4435608,54417171,3850942,9554433,34194705,32891626,23291159,15108546,6003778,17612595,122627972,87593373
2021-03-09,128977525,32976908,13003059,3787319,44954731,3922405,9717633,24023867,36271035,17225201,13038943,7538758,11480534,113141298,79904812
2021-03-10,111657800,29646043,9597103,1989802,45329792,2745476,7176834,19735537,27087002,20392099,12426129,4270458,9183133,109455027,76472538
2021-03-11,102602223,29887677,7478660,2615701,43238412,2761128,6419692,21970278,30670827,38060344,11897701,5002320,6663353,85455811,53165996
2021-03-12,87902519,22643586,6089675,1889828,32874754,2182195,6107155,15193516,20168590,11598669,9353459,3514577,6218727,64568414,69185756
2021-03-15,92135910,26011295,5544794,3123108,38867728,2506690,5729187,15513627,21246107,8908824,7804138,3875892,8285629,73288821,42883641
2021-03-16,114857717,27852437,6775453,3112067,42630058,2589879,5296030,17136540,30055165,14484744,10405165,4122946,6539807,73355073,54573152
2021-03-17,111575356,29541723,6082496,2363757,43172939,2491984,5769059,18097518,32369379,11774519,10770730,3929817,9629369,97357558,77968382
2021-03-18,121036007,34783637,7341804,2872423,50918147,2930474,5470078,18415160,30091036,13729448,9521649,4211083,8743013,114549803,82456605
2021-03-19,184849964,46385069,7382201,10478969,42211440,3921794,6886736,65361604,54928453,30234511,17565666,8292330,13542513,112636313,77096248
2021-03-22,107791486,28829431,7321015,2830582,39376397,2747748,4914918,28798827,34029222,10207637,8944647,4475695,7945252,73317028,55824029
2021-03-23,95095005,31604899,5536221,2469800,39718962,5277801,4567086,28323576,31490926,12388910,7420356,4687682,6463403,90204580,53268850
2021-03-24,88232461,25581512,6124501,2088017,43649262,5209147,4602091,26440182,74535020,10889064,10928641,5055258,7100237,97045447,64496004
2021-03-25,98630291,33980175,7361534,1753551,44570327,3197426,7968936,34527576,35324631,14841980,10453220,4877410,11285489,113782709,78313090
2021-03-26,93888770,25444974,9067343,2889460,49037197,3582989,7325710,31976119,34582290,12615471,11017659,6359378,7426191,110959839,63328290
2021-03-29,80673191,25186982,6829756,2840282,37106270,3140112,5683438,25014106,26128225,15178807,9744511,4981869,8657885,107772471,54446217
2021-03-30,85387187,24755211,4997035,2789393,39093001,2435182,4705226,22449181,20641097,11998541,7061529,4456156,6609888,75986074,44432824
2021-03-31,118049179,43427704,7811364,2865169,43551412,3149760,6765412,22122066,32932285,9953098,8282511,5406552,7692284,112561122,54431564
2021-04-01,74761848,30229107,7606796,2352210,40101592,2653710,7756067,17890468,28450202,13222255,14036329,4580314,7161754,97194031,55410004
2021-04-05,87801246,36841094,6376962,2295489,32522922,2978454,5549826,19830534,27885878,24626739,12510704,4321171,6429794,91453360,42001784
2021-04-06,79418744,22683766,4754693,1799954,29050436,1831242,5425974,15087097,25959924,14694231,9043422,3449778,5653136,61687802,33381938
2021-04-07,82584922,22704080,6262885,1206924,35520286,1569252,4371722,15780712,17772193,12215438,6893351,3678220,5041650,55549687,31900290
2021-04-08,88502849,23599187,6094560,1811571,41853729,2025780,6160707,15108207,22193412,13507397,7290393,3157231,7068619,57661535,29541045
2021-04-09,106301759,24307202,4848350,1661230,32693368,1886824,7310818,13133244,27027493,13281746,5991065,3095699,4699481,60965947,36573248
2021-04-12,91219638,27125034,21631079,1968712,61780478,1577117,6190050,16433829,51195117,10632960,10351404,4504750,7953020,56563870,25706876
2021-04-13,91008141,23815688,16857575,1527605,37715249,2195073,5392786,13348860,26797075,13135705,9222416,4008993,5656961,56354673,30093557
2021-04-14,86972219,23053156,9616060,1821921,34151116,1955361,4607565,15234527,25647336,12724870,9963335,3554861,5599993,61404246,42298755
2021-04-15,89216842,25589914,14925468,1836860,68825477,2119898,5066533,17868105,24912297,13584445,11728623,4471840,5504411,60045873,35975429
2021-04-16,84645201,24839123,8361065,1626225,47159391,2031515,5046281,28305197,24544094,13332294,6437685,5792618,5847713,81944831,40187212
2021-04-19,93933848,23188724,10095999,2630588,39025433,1915812,4250939,20241140,23984867,18357761,8721767,5238062,5125143,78194074,34405953
2021-04-20,94385291,19693510,8335998,1911437,34908744,1676689,4076433,21239682,19835688,12550248,7460545,4243832,4932448,81693755,37881257
2021-04-21,68659005,23975451,5293532,2594522,35001668,1637048,4017573,14014116,19212240,18666905,7234084,4614148,4625903,66213608,36258207
2021-04-22,84402683,25542002,6898398,2705438,38756106,2082680,4935414,15561031,37502056,16747374,8341998,3851584,5825250,96437835,45697131
2021-04-23,79094028,21518772,5702721,2289466,49207083,2257735,5478010,14022990,77392534,10685796,7636267,3518401,4442383,73127395,36352209
2021-04-26,65396713,19333249,4936338,1826945,57258452,1382699,3280911,13737175,37951841,9399683,9696631,3831974,3864167,52064228,30694564
2021-04-27,65570328,29765901,4106692,1326623,60493049,1943952,3438808,13599016,38018427,9298910,9275088,3839187,5393203,51173310,33013570
2021-04-28,101877278,46487333,4944986,1592066,108624974,1468815,4263490,14973200,29864023,6058620,12930727,9428463,5332063,50940479,31589941
2021-04-29,150664925,40531805,4316036,1463832,51137551,1568977,4130762,13868929,23257304,7916926,20421589,4542748,6706054,78210901,37514626
2021-04-30,109634820,30914841,5028645,1936583,46467626,1922097,5020363,19603964,30714974,7801761,11113497,6190960,5291090,85120331,38124038
2021-05-03,74964696,19380646,5086987,1509150,66173002,1458416,5829462,13462291,22268237,15315361,7915956,5126852,5401043,68006648,29541026
2021-05-04,137194741,32643356,10095449,2348641,59064589,2527889,6724404,18143580,35163991,15309687,11987568,5215402,9953555,101363519,64863828
2021-05-05,83724255,21843692,7276503,1638615,42201522,1873665,4198729,15873005,20981710,8716360,6279131,5256500,5618968,38928439,45778094
2021-05-06,77794820,26449997,4815305,1349331,38577181,2536039,5198645,27102777,25506313,14084589,8341845,4521737,7166789,73762079,46543482
2021-05-07,78859543,26996231,5728787,1170348,36919266,1632203,5771035,24142168,19950786,14059460,6886128,4590921,9598202,67619290,53269988
2021-05-10,87471018,29258188,6697571,2518663,44949251,1966882,5252799,22550747,34918412,17348934,19521712,4566448,10130202,81496152,60095313
2021-05-11,125994943,33623118,7132604,1788534,50936079,2293011,6088336,20218076,35954201,12975508,11943456,4641096,13522364,116507780,71739526
2021-05-12,111698033,36617780,7547476,2993177,42414695,2397857,5475995,22115524,30139551,12299981,13509850,5297850,14704593,134295307,90727734
2021-05-13,105667545,29570669,7122107,2174747,48544164,1995560,5328967,15851452,29150370,11378266,10604638,4292884,11303607,106036853,69549242
2021-05-14,81760297,23839105,6450454,1696337,38212261,1856682,4426093,14788358,28134304,9032606,9382731,4432508,8409752,82070647,44035511
2021-05-17,74106999,24902426,5411568,1572440,40676462,1566357,3808971,15726089,19908560,6636802,5913211,4128645,8132304,64408585,39181135
2021-05-18,63061550,20026317,4634562,1780722,31922419,1395092,3538029,20152276,18671334,6641430,8637613,3453829,5865494,59106436,36222305
2021-05-19,90744020,25714116,8509550,2136062,73785886,2036600,8086890,28302826,21990041,8164270,7981525,4742649,15264777,106228947,65878561
2021-05-20,76697756,21786421,8016984,2187935,49072629,1991107,6698352,48802014,23121862,8801139,9204731,5385000,8411888,77539469,46330895
2021-05-21,79174456,21850590,16776134,1321525,40139240,1561045,4905370,24461313,17682143,8627337,8642478,3597607,7048613,76467351,50104463
2021-05-24,62936661,21395986,13824178,1441959,33114745,1831233,5283627,21126628,19149442,7043926,8226205,4164583,6570287,51208057,32247841
2021-05-25,71720691,17662159,10798111,959084,47275345,2293471,6235597,20641272,22245243,7055522,7229065,4265027,5607960,57273368,30908776
2021-05-26,54513353,16413582,8942739,985813,30311024,1686450,5671037,18652809,13936947,12786503,6643791,4086373,6655152,42918931,25257276
2021-05-27,94115027,24373877,14450275,1891717,35800035,2919984,14767884,56212745,31010312,12801971,7209967,10107624,5675615,56509209,27782458
2021-05-28,71168198,18263464,16079972,1994554,40914808,1924375,17802686,14848217,20284205,6929610,7039161,3306500,4611330,58322844,29636922
2021-06-01,67429332,23175633,11789298,1506260,43332409,2187015,8091548,15731513,20319124,10485303,7055512,4584242,6451574,53989313,31011472
2021-06-02,59146022,19380542,14798015,1326751,35163616,1760777,5525609,14516569,18476516,12247167,6020069,3137789,5048508,48681176,21934226
2021-06-03,75988854,25253901,14477167,2024722,29757747,1532866,5104856,17479488,21768854,12036492,6630175,4140826,6360637,58024482,36894773
2021-06-04,75018105,25267354,15402806,2386185,26343632,1634868,6174380,11674876,21484240,14499958,7414885,3462854,5589062,55859444,38704455
2021-06-07,70444683,22967803,14368623,2413425,28951368,1733065,3502564,14894333,17277798,10399775,5527952,2724693,5888797,51307039,32310926
2021-06-08,74177554,22272030,8046358,1634464,26859391,1734271,5825209,15288333,33192866,10723388,9527209,3063546,4449835,47034577,27189819
2021-06-09,56753945,17917986,9499640,1212472,28366046,1701042,3325189,14818479,13863648,9716081,6709404,2866259,4880909,48240269,21382001
2021-06-10,71016990,24480273,7186528,1537917,28559334,3146350,4649962,22177298,26722637,16674582,5521144,3188496,5630961,50907680,33560029
2021-06-11,53368589,18987284,10387988,1449122,24282676,2861125,4622091,17132132,18113955,11055541,6525947,2285144,6049612,45416418,21128391
2021-06-14,96664422,19105812,8013089,1462540,27786188,3517868,6748738,15110503,21765609,10162428,7903173,3356625,5713151,42112973,27660293
2021-06-15,62333344,18017565,6063728,1101877,26057988,2382356,5102402,12539072,20452461,16453315,5640188,2534311,7539387,51423471,35790978
2021-06-16,91625177,27060689,7653984,1894344,29459657,2830716,5095863,15148407,21532093,36524229,7401095,3342673,9595258,79820505,55038762
2021-06-17,96592466,27526939,20167424,2086460,77660907,3518888,5164692,18286159,21342263,14829727,6607515,3222277,7932047,86737824,59304614
2021-06-18,108687209,37049400,24156792,2849093,58554804,6749697,7799532,35583777,54925164,22469761,12631140,7535062,10395832,115439212,54617370
2021-06-21,79524248,26665576,16777230,1857805,44325579,2623304,5891885,17680120,19217681,8921205,6365890,3747233,6137281,72455734,32676002
2021-06-22,74567637,23200651,14473222,1372189,32031768,2370012,4439398,16428017,18668289,9838652,5956738,3294302,4618563,57471631,28786108
2021-06-23,60087450,19505687,8282557,1767344,25951937,1616654,4481410,14748360,20232528,7295567,6610792,2473258,4134937,49288140,27063310
2021-06-24,68572856,20362345,7991769,1232775,42110374,1824574,4983943,13866668,21047129,9621149,7937466,2838778,6138673,44091864,32393914
2021-06-25,70679217,25450875,6945287,1909534,27749458,2132371,15405120,16674486,21089345,12839529,7919450,4638980,7192297,58006816,28602263
2021-06-28,62025328,19432062,12344175,1398463,30201783,1713497,4268546,14003996,22462262,5602808,6641882,3227890,6278405,51701351,38856219
2021-06-29,63752583,19614381,9131905,1413939,46063441,1168440,3869925,10890854,26325034,5382225,6851410,2104591,4913411,35896837,28784682
2021-06-30,63144376,21635146,8150207,1538070,70517629,1702831,4167635,15823701,29860938,7896305,6442426,2687486,5504720,64670924,32329698
2021-07-01,52399528,16482347,11990253,1114906,57869047,1645994,3898194,15072877,24850706,13103695,6093345,3455865,5818116,53325725,29252595
2021-07-02,78791572,26442060,8558867,3705064,51296729,1744598,4050507,15064846,17213237,15257523,5398082,2389648,6389923,57566971,32137019
2021-07-06,107936203,31540254,11118944,1385471,44759793,1657222,5561287,19322758,26162835,14148236,7083534,2615919,5933016,68406483,38709836
2021-07-07,104649021,23232531,10443845,1258084,51381485,2018169,5099503,14410479,14846495,20957747,5033903,2749388,7439511,63386474,35178703
2021-07-08,105366280,24462766,12567156,1596658,45479816,1818917,5157764,15554199,18665108,16375482,7465131,3114430,8543059,97379360,50670249
2021-07-09,99706391,23895723,7403664,1677907,35227716,2144430,4210021,14672501,18702757,15683648,7352585,3109163,4887339,76156711,35145378
2021-07-12,76157638,18922713,8029718,3313723,28492548,1696000,5600911,13999786,15380123,16074857,6784679,4069507,4809784,52794702,25638586
2021-07-13,100647767,26101432,7249630,1179193,30332243,1433709,6697284,9923783,15710352,12782385,5655437,2695061,7600215,52723038,39075833
2021-07-14,126322356,23004684,9486741,1330720,27971934,1358428,6373667,16949004,16252084,13231972,11136511,3566990,6433428,63942468,35131432
2021-07-15,106683598,22588965,13724705,1262370,38836499,1617968,7907150,14940503,18788567,18304574,6663811,4259331,6252840,54871572,53291246
2021-07-16,93021692,26118284,17136989,1397773,35760746,1249063,7286645,14143382,25240577,14616694,5902621,4337374,7539612,75503617,46998597
2021-07-19,121197372,32896971,18641534,1493544,39156595,2044605,8835335,19923133,26978798,15611018,9361875,4179639,12124527,147551843,64176351
2021-07-20,95526111,26110762,43404067,2072499,27485299,1675596,8476802,17245121,19854141,12811189,6013265,4287137,7355616,99375464,42014296
2021-07-21,74874177,24351269,37007724,1383460,29430917,1380983,15309710,14247586,18479111,13106993,6158878,6254281,6114442,64377297,30136107
2021-07-22,75629327,23273804,32295681,1258226,33533708,1423384,7760223,15652295,35611758,13636181,3857645,12653918,4788416,47740739,29933538
2021-07-23,71190204,22743475,19519581,1348573,31648418,2030119,5872876,13041108,67696057,12677819,6308590,5979211,6286558,63469458,31859404
2021-07-26,72025517,23132187,20340083,1081570,26769393,1352482,3842156,9940399,32192961,10452593,6183815,4501548,4493312,43600778,28349177
2021-07-27,101022561,31915698,24704926,1432469,68261328,1536598,6234512,14688090,39733036,8450778,7448858,4532628,9036262,67213173,57426279
2021-07-28,114561731,33388722,19560803,835705,140209715,1424515,4078926,18829594,28438161,6396293,8950733,2950194,6969881,52373299,41796013
2021-07-29,54754290,17842901,18434478,912758,163573823,1003832,3236070,10664419,16817610,6200491,19415722,3066787,6009698,46834232,25080043
2021-07-30,70352972,20936775,18303491,1154718,125497404,1403000,3747279,13436443,16452395,7962229,8400460,2521615,5074238,68851795,36368402
2021-08-02,62777948,16248439,21655251,1561867,115415401,1466717,3522581,12459150,18075738,5578994,10807922,2921995,6101959,58587079,27171607
2021-08-03,64556943,17850535,30103971,1113043,157386897,1066861,3073284,17346045,16358410,9885788,6214324,3682578,5411908,57895888,35398438
2021-08-04,55825107,15966152,23059745,1185403,224432329,1306575,4118340,11637168,17464116,7481995,5553485,3746904,5660308,46497567,29421044
2021-08-05,46293518,13875142,21072210,837047,137680937,1157954,5208625,10782520,15297022,8220142,7166921,2767705,3335670,38826250,21333352
2021-08-06,54057422,16574476,17801535,996383,143725020,1127287,4038792,18384927,19250113,6513489,5731865,2414280,3800815,46621083,33291651
2021-08-09,48854341,16105542,14608937,595239,115567156,1118543,3308459,8706998,14662885,5798262,4965884,2395867,3598362,40842553,25867054
2021-08-10,68895777,18594886,17883811,917649,112886874,1524316,4370229,10440504,16090561,5469121,4186456,3469399,5207555,43231596,35012928
2021-08-11,48413326,13947139,18422597,981545,91698852,1328313,3985532,12593559,18564921,7984327,6213816,2339194,5415567,43928611,34049828
2021-08-12,73640545,14551277,15152972,870051,60539825,1163065,4465916,11209263,15061494,5686374,5775487,3949569,3473926,38861939,25936014
2021-08-13,59261413,18226388,18267641,858166,100029260,931126,5985251,10824976,15236799,6640381,5762078,1922615,2815243,39351093,19215645
2021-08-16,101344312,22408874,20895585,914969,73262630,1103742,4033808,13253875,17405903,7115748,4409274,2499270,4746653,73098586,34669228
2021-08-17,91762990,19993707,20315872,1647927,73950363,1342071,3460846,11982894,21956312,6736893,7254885,3411770,9526193,92329262,44745955
2021-08-18,84704292,21747423,27373678,1558843,78988926,1315397,8221035,16753295,14982937,7650869,6475128,2847169,6738503,85022666,38367090
2021-08-19,86527903,29802666,76543729,1392224,70944161,1693537,6597519,39861419,22955134,8099183,8638112,3871596,9644685,92399206,48151915
2021-08-20,59676241,40688152,66602349,998040,54936489,1432231,5474746,21838147,25604255,8576993,5914961,3832738,7177154,71835607,39165155
2021-08-23,60003973,21969151,57377223,1570640,68674382,1651762,7593147,16223601,23905781,7075795,6935029,3457836,5400288,54865643,33951203
2021-08-24,48528444,18141247,29589935,801998,51096009,866335,6648600,17576485,20281860,6314177,6814254,3263662,4767569,38486281,21604328
2021-08-25,58924476,19297684,34681563,997419,45398674,1046446,9258175,17958587,15032635,5734985,5572273,3151620,4714325,40193171,20390007
2021-08-26,48287299,17572672,23699019,1083511,51386338,1613767,18884500,13661201,19545836,9093004,6815005,3612361,6025812,57212422,29036942
2021-08-27,55716812,22595800,30406753,1644272,60947494,1137288,7984157,14785114,16491032,5425883,6267209,2855923,7039010,77140434,27080300
2021-08-30,90757864,16282993,26213056,1958432,56066289,1340639,5721464,11794490,14561873,5354569,5258137,2354705,5012430,47735925,27155211
2021-08-31,86323841,26249560,25946771,1737665,49299895,1876737,5898553,19871356,22339566,8112271,7816799,4227467,10520074,58580127,29459747
2021-09-01,80018087,18951924,20133833,1253755,38503245,1259827,7178547,11628002,18610183,8196055,6444861,4536526,10144862,48717815,28028399
2021-09-02,71068822,16275814,18770277,1683609,40069850,1402053,4497520,12854940,15866889,7717243,6005926,2061361,10883865,42253877,25368694
2021-09-03,57779759,14731026,28011458,2518281,42581899,1639992,7356141,9732095,13395037,8454610,5505330,2101089,10602317,47073645,24572704
2021-09-07,82030690,16970164,19729908,1239790,28723311,1375214,4672268,15404716,13838557,11014150,6356829,2276410,9857672,51433623,23909938
2021-09-08,74189892,14975010,25376365,1395060,43003589,1363415,3842332,13082747,18194120,8831504,5970620,2009245,5729858,56086475,32854079
2021-09-09,56274003,19891464,19410758,1317292,31340241,1109150,4118052,14951934,13383130,11034623,5930876,1827755,5580452,56633991,29283864
2021-09-10,140477197,19609862,24805190,1610549,32490639,1204070,5273921,13600835,20300295,10543453,6260050,3330138,8537758,89684471,40026994
2021-09-13,102200838,23576221,29706591,1492212,37722437,2241046,5254235,13540628,22624298,18436012,4309912,3685497,11312380,83527295,48433261
2021-09-14,109047013,21534869,19854387,1411729,40576032,2109090,4092627,12793101,22054002,22702322,6437235,3235968,9213778,77410269,41617975
2021-09-15,82711300,28105089,16530736,2315577,37916557,1988099,4762959,37321626,18618118,14939802,11234825,3952366,8168614,78451913,33612024
2021-09-16,67953632,19328496,15589659,1756227,38043967,2040065,5117077,23938565,19057252,12346165,6717724,2653009,8073415,77595366,35145907
2021-09-17,129635665,41270638,29103259,3445913,44425502,3544156,7025942,40197978,35344449,57970265,14518526,5799222,11330167,116554693,59792418
2021-09-20,123194070,38227328,34852264,3008593,45153336,2635124,5982371,21893844,35029493,13895950,9642678,4613715,17760367,165080615,75729737
2021-09-21,75724299,21556593,20438161,1693405,35441431,2396819,6034931,18693021,16741737,11123630,6170251,3093319,9224229,92290506,41733355
2021-09-22,75477485,26585265,26582485,1993475,34057505,5665736,4328999,17821235,18520722,9904129,5125701,3524792,13991599,101495046,46835073
2021-09-23,64709692,18593129,24810912,1836209,32716018,2986165,15577219,16257947,16469260,9720192,5917407,2755830,9766145,75946715,43677226
2021-09-24,53282062,14988162,21637829,1057985,26423058,2807562,13303883,13150692,12967976,7461779,4553532,3184716,5825294,61053416,35957186
2021-09-27,73901907,23535655,24469281,982811,51854623,4147720,5912436,13840647,13881380,11530843,4318061,3020077,7501675,61154660,43163934
2021-09-28,108718247,42518090,34192221,2002716,74181400,5082047,6800228,17551462,24102333,15037226,8396770,4178371,19091130,128245845,97379689
2021-09-29,74351412,26256175,21770275,1573346,52093553,2683465,4326957,14049726,20448499,11975310,7028457,3430332,12497551,82062474,57782378
2021-09-30,88845622,32363091,22064424,1572941,57561572,2740988,5222120,17680751,20429619,15647814,6524230,3262013,16707632,139977857,60946648
2021-10-01,94552095,28782988,23851111,1605120,41450170,2912157,4753278,18337095,18246314,13319484,6856767,2986082,22666120,129046536,56243470
2021-10-04,98095758,31304791,34421429,2009067,41909564,3974815,6390280,17079652,27329449,10853290,8461998,3933924,25382847,127608562,76472185
2021-10-05,80740534,24639765,27870124,1655703,31138701,2336320,3735069,13942944,17941689,9768258,9235376,3619533,16483108,90322177,46894451
2021-10-06,82968404,27915828,29316962,1161811,38968076,2039890,4577483,25881512,19898847,10267294,7805377,3102364,19977124,112332976,56417205
2021-10-07,61601241,20411920,25634625,1320225,41484156,2641566,5242951,14682395,20640528,9122554,8004927,2873154,9947659,72157671,39280109
2021-10-08,58699465,17676322,15095969,1027808,30577884,2049940,2681652,9254806,16060812,13190323,6915260,2573929,9213131,74408371,41797175
2021-10-11,64340424,19281763,16272239,1118486,31241457,1409969,2684942,8113996,14369621,12958157,6280076,2280065,7484268,64903961,34628597
2021-10-12,72395044,17918225,16180529,1998647,33978172,1739589,5968389,14239489,32736473,9959289,10442812,6216133,8922921,70837496,43643046
2021-10-13,78632227,23408570,17999751,1641596,55444810,2140518,6573125,13736961,18513078,9453796,12358642,3795859,9760797,72788833,39925870
2021-10-14,69799425,27227147,24009206,1910411,46737976,2499995,5433485,14454660,26557137,7911108,10633598,3410792,7598626,70031867,43288107
2021-10-15,67847645,25295283,22405403,2510277,34056316,1955723,5109089,15201165,26116272,7422702,7605899,2648911,6388899,66162555,40258537
2021-10-18,85130533,22545606,18774760,1603254,47402952,1903237,5160653,10847156,22233084,7338827,5287156,2804551,5812313,61818658,33801281
2021-10-19,76205988,17646418,16123267,1637852,39530020,2468935,3628152,13139307,18257140,5615112,7309453,2665495,6599777,46828635,28875698
2021-10-20,58324758,16516951,14601229,1345125,34198237,1496206,4485236,11607727,16823417,6572479,4800599,3041905,6011171,49353807,31198508
2021-10-21,61241184,16857496,18650081,1175944,34420680,1583725,2824287,12595075,35695620,6223297,4569121,3273113,4998678,41081926,25058923
2021-10-22,58773466,17434665,24884205,1535954,38915076,1786262,2924746,14948704,109757813,6818443,5205485,3648822,6244831,58682739,36203043
2021-10-25,50604620,17516890,22844328,1237552,47653064,1622808,2982692,10215465,43116306,5082419,4872382,4254802,5168064,45076913,32142104
2021-10-26,60750766,27172829,48513017,2403777,58693045,2153101,3599098,15244011,68305212,7075226,5794182,5786351,6586180,55885316,46882559
2021-10-27,55881060,52525797,24520709,2349035,98162997,1629496,3735568,16273814,41016339,5940693,5082566,10361059,8708471,72222248,42163225
2021-10-28,97262363,26245148,23251734,1183695,57914592,2082885,3444847,11196202,31223942,5174093,4997957,5121275,6374273,50968799,37658751
2021-10-29,124747582,34514256,29195354,1556381,43273453,1927009,4243620,13550158,42244424,7578512,5243154,4552135,10030056,70009947,37170001
2021-11-01,74365255,27019742,26518453,1686873,54472413,2209191,3817226,14311362,27934540,7326266,6894422,4199129,12207083,48271245,30598603
2021-11-02,69030228,26460700,28917681,1626120,52897575,1768991,4176249,22095549,27145266,6229397,6760018,4009243,13405690,48722628,24686108
2021-11-03,54283371,21473434,23914846,1403074,59340366,1968866,3255588,13217503,23894822,5744288,12687081,3666720,12987145,52056172,33473373
2021-11-04,60238888,23975538,115145835,1590535,84520840,2479556,3791738,18033810,24671725,5857530,48088311,4826520,14343186,52596385,40089407
2021-11-05,65387277,22557163,85030512,1866358,64850816,2516775,4680310,15635393,36724157,6153591,27184622,4510478,12111115,66270296,43318290
2021-11-08,54819379,20876623,50132131,1722954,141229162,1496978,3892071,15041819,31588070,5055358,14477784,5213627,6386793,50072775,28944040
2021-11-09,56672839,21264322,64269317,1580140,98180142,1123824,3124717,14446357,22467372,6101273,11614165,4314277,8395969,50924482,50312313
2021-11-10,65035645,25453736,63433275,1844885,82820994,2037112,4346624,17875510,24996890,5827598,11315911,4303808,12886607,69187520,54277852
2021-11-11,40800091,16831026,33015893,1415215,67606262,1270792,2680511,17430710,25392243,3619400,7612821,2554237,5051477,34660826,32049913
2021-11-12,63647517,23673239,41161323,1357944,52087681,1278931,3786183,16643617,23794647,6422478,6872297,3118777,6122052,53374987,34593717
2021-11-15,59051694,16700640,38351894,1396965,52179372,1076846,3594152,19038021,24671429,5699937,12298519,2985203,6243145,46376387,33542670
2021-11-16,59054266,20576900,26208920,1310176,52907872,1382396,2966459,20706039,30606783,7214607,33245357,3126171,6768554,48598914,27542888
2021-11-17,88487004,18824560,41244968,1251926,54353882,1216677,3857147,31028444,23502951,6251119,21649568,4156490,7698296,46653867,28507507
2021-11-18,137493801,22426001,77979209,1270848,60537445,1492678,4441911,70727679,30635597,5724910,15486690,4675082,9901803,50444918,45569733
2021-11-19,116943078,21915218,52864375,1961113,41618422,3088330,4664945,29856803,27339137,8936410,11857896,5121319,8852842,57241763,45122087
2021-11-22,117274342,30988168,75228725,2589598,58600331,2284260,4473558,39947855,33365115,6487994,16027969,4712263,14224213,72500673,61282782
2021-11-23,95872733,30406258,53101875,1710816,62780994,2502607,6429707,25651536,44674952,8905206,10694548,4881289,14618105,73060415,69977612
2021-11-24,69350911,21273876,43446158,1207875,60574019,2423505,5089289,19256595,25995022,10900647,7870710,6493429,9119381,61768507,46337060
2021-11-26,76959752,24217242,28306886,1421903,36245068,2203960,4195279,16730277,25268977,4519322,7835917,3324890,12383935,112669636,51533314
2021-11-29,88632710,28306532,45128491,1869243,57197062,2726396,8152242,25508740,31455988,9537691,10413225,4562013,12181914,84114130,54106423
2021-11-30,173330226,42798507,61977464,2257137,75025717,4700579,13283784,45127731,49416122,23250843,19294121,8771093,27025565,147864273,80746974
2021-12-01,149303734,33313126,48269691,2197618,63936280,2831123,30706409,24118815,35085601,12074006,10616430,7272518,19541128,131643195,77555033
2021-12-02,136436811,30726813,47069438,2260923,56038243,2672907,12192780,22379771,37222008,7089668,13093236,4236678,23332598,127207310,84076971
2021-12-03,117813738,40861771,53634621,2019486,65623218,6689451,8750023,26198913,31993365,10546860,12066839,4833631,24189779,136668566,104912233
2021-12-06,106685840,29923355,65802895,2240652,66672079,3026401,7116107,23045142,39144882,8397062,8556575,4075838,18870389,98615569,67382971
2021-12-07,119838872,30879058,59011295,2954079,53258923,3896923,7393326,24252720,91577154,6804143,9903684,5800832,14317152,94265636,55678109
2021-12-08,116668650,24730274,47459415,1797235,40899560,2415024,4577533,23627208,37059386,7693870,4688344,4252283,11623176,72086598,39047376
2021-12-09,108762007,22182062,48745593,2873135,52931376,2550056,3963701,16477241,31657780,8163218,9390823,3625750,8595144,61088933,49787013
2021-12-10,115121007,38064913,48829351,5704070,42175018,2869409,3478745,19768961,23765276,45807527,6848368,3263689,12203847,76690245,52447155
2021-12-13,152144053,28532142,59505834,2661201,42018322,3795339,3624461,18206745,35414868,16314168,16249606,6114946,10486113,87302501,49911969
2021-12-14,137399680,43849179,66105355,3372231,50521480,5764348,7218488,18081443,33515731,9508890,8237213,5890833,13534434,96613622,74758430
2021-12-15,128099070,35265764,69454860,2862243,72016938,4220106,6379209,27521365,32502368,14426131,11041853,6331969,14126985,116227651,73297765
2021-12-16,149763195,34958720,70478684,4271133,63221870,10948522,6553151,24570745,32244427,8978181,14850063,5447431,15631509,115712463,82010441
2021-12-17,195275491,47585251,71273665,5013713,55559238,7965597,12112870,61373424,50098752,28842169,16226907,8427693,22410051,135026778,79660798
2021-12-20,106435672,28165710,45903481,3268708,37995814,3423074,5577645,21288843,30001473,17172884,6160482,4463973,16322671,106493411,64446226
2021-12-21,89800837,24686856,52193337,3648193,57442100,4080139,5407422,20732254,31940105,14509456,7680328,5619751,8403005,69106879,48612909
2021-12-22,90673802,24602339,39273958,2837053,46605169,4412054,4975872,16982531,21046697,10207009,5214055,3347379,6684060,57324988,36467712
2021-12-23,66963096,19191657,34132486,2311381,48458163,2089530,3747245,17577110,22886302,8995354,4854086,3215241,4859200,55843152,29502948
2021-12-27,74717325,19912393,40211693,1944127,53148830,1979887,3531486,14768994,20981325,7665143,4864867,3405604,6628617,56608955,32716351
2021-12-28,78989707,15626961,41938740,1724697,58613475,2107239,3293167,12863548,19259457,5607080,5397306,2806153,5710571,47104869,32928658
2021-12-29,62234544,15019532,34208281,1479642,51176094,2482269,2591526,15065843,14151496,5625885,5413191,2754892,4843067,54240933,32028265
2021-12-30,59611577,15958571,30735516,1146958,44200884,1563473,2947409,9066102,18339593,7378641,4100907,2108241,5260222,55060534,23638380
2021-12-31,63998920,17945264,26601091,1203764,49388250,1581067,3165522,10355898,16313699,5903782,4110051,2813870,5120570,65183458,34592234
2022-01-03,103257832,28770098,39092646,2233236,59336894,2846072,4315332,17114553,33413931,10469345,5960335,3772449,10142206,71769745,40292411
2022-01-04,95967014,32639956,52273918,2093140,80010399,4333810,7162552,29674392,45507962,11930895,8473594,4137474,8319335,70021629,57700481
2022-01-05,94160740,39749488,49452916,3479795,65103850,7383863,18837222,30217201,59026571,11228720,17113471,5046671,11787582,101184769,74997153
2022-01-06,96454373,39547779,45303065,2857631,64662840,3907952,9363601,19606892,35593087,7913944,9108197,4484935,11879545,86653559,70514393
2022-01-07,86575093,32626817,40885668,2782021,58356756,3604447,6282807,20108293,30692863,9712127,7375794,7413432,15155285,84967247,72462870
2022-01-10,106603360,44228353,59294999,2978064,84101279,5373348,7791640,24708168,48834053,11019209,11147999,7192316,16246475,118832036,91442274
2022-01-11,76014435,29346729,40310461,1903258,77069567,3421569,7631883,22736422,39741543,7246644,9579837,5205301,9583468,73759440,68023360
2022-01-12,74676736,34330349,38236424,1872493,69597368,2900443,6716608,13398611,29092939,5834638,7312185,4197602,9056597,67402268,54382950
2022-01-13,82525213,45123728,53561032,3002146,76488280,3402378,6379218,14811844,29455201,6030300,10178354,5311116,10457217,90229829,77398820
2022-01-14,80346517,39813221,39494836,2566019,70982137,2658859,5802030,18831520,30135857,6052422,9577736,4731331,11167894,95800171,80062790
2022-01-18,90945774,42285543,42382440,3582141,56492255,3441997,6028176,26533084,35302310,6823297,10463705,7299386,12345834,109587563,75298804
2022-01-19,94509821,45811072,48579475,2261810,69618284,2982564,5328141,24234957,30500978,10223314,10029713,5206856,12387943,108040968,80773638
2022-01-20,90270740,35121962,43076540,2512990,90437775,3145704,5652337,17707418,28119221,10684996,9439341,6047223,18742120,120056505,87123482
2022-01-21,122493774,57022195,71649168,3798633,95537874,4209644,8992253,25895242,46329161,11603637,11875722,11506950,24004299,201563494,142471080
2022-01-24,162295346,85669565,90949787,5424431,116154874,7537100,11660682,34176598,64178230,16768090,17484230,11717388,33703508,251357613,198041160
2022-01-25,114974349,67815964,65825384,3808200,84584376,3998562,9076338,24673811,43970388,13444944,10671833,7962407,24393663,166793821,120838909
2022-01-26,107731897,90232200,75309989,4964851,94491506,4443719,9984009,28596232,54118355,13952380,10467543,12844584,26679014,185667872,144783614
2022-01-27,116752752,53292674,57096904,3416800,125702725,5861580,9457745,25947500,89536155,10329792,10716006,6751740,19715913,148331823,93007441
2022-01-28,179483397,49676342,54220769,3010422,98401438,4335689,8248859,30971748,61882077,7852793,10309439,7321318,22113609,163841178,107195923
2022-01-31,115309188,46361481,56267590,4024294,96821475,3988425,7080047,29917184,51796061,10592554,11226037,6975350,14556247,151447711,93877116
2022-02-01,85919073,40832666,51384040,2568266,119422261,2303114,6378955,22416035,35255484,8011714,9628020,6227754,11681548,121591002,73762755
2022-02-02,79202235,36498168,53968293,2436473,179558582,2479344,9353162,23290517,37890579,9279771,25180997,8981704,12730524,116806963,77583617
2022-02-03,89079523,43537565,40856450,3056729,103226580,3057056,11717292,19250201,42056516,8202949,35909560,11683246,13910527,114254222,94063334
2022-02-04,82395943,35068648,35409406,2053548,86091261,2581743,6175059,19671852,32405737,5568003,15691666,11407925,14858280,118243155,85926985
2022-02-07,77046308,28476097,37528861,1867114,81504465,3120337,3920921,14444945,27544668,6287297,10321527,6415653,7310552,84186168,57785703
2022-02-08,74708768,32355991,40858162,1456980,84612875,3205082,5625914,15205516,28033531,6585272,10148502,4621904,10568703,80849097,64180252
2022-02-09,67357040,31100936,52246244,2187075,92132419,2526474,6100809,18999872,30461872,8753854,9621041,7110962,8893392,91545417,55400566
2022-02-10,90554797,45248868,51149292,2486902,108680309,4726607,5309362,19676440,32701714,6335606,14321606,7572679,15841587,139306391,111863755
2022-02-11,98513789,39121864,60361404,2726375,164359947,5021900,8159795,20104451,37169168,7669482,13553755,7563370,17437023,152989864,101429568
2022-02-14,86062118,36311884,43926711,1914678,125772514,3371416,6924867,21642378,28408447,5387708,8373638,7466740,20512632,121665095,79925802
2022-02-15,62530139,27055660,69730154,3401608,141266084,3711509,6209937,17396663,35564516,5712114,11024261,6897173,12217999,86572952,54911987
2022-02-16,61067358,29941630,71206525,2291727,118744645,3748103,7070075,20194943,26003669,6226915,8329181,4593243,10155407,84342037,58436739
2022-02-17,69398920,32382131,80859401,2129941,97730446,4007047,8810688,32847066,31672334,9214167,8866207,6807580,12451445,101827540,61198667
2022-02-18,82610876,34190162,75847274,1969725,113950439,5190201,6669299,35613529,76432469,7775257,9584831,6358901,12653224,132262398,79672898
2022-02-22,91005502,41677659,63150418,2019662,141364878,4286343,8431159,25182398,57070655,8038268,9817473,7292080,13439729,123912601,84966152
2022-02-23,89514791,37656297,56357437,2238087,119938765,4255356,7775443,21999333,38106296,6803477,9725765,5886074,18926639,129844994,85065940
2022-02-24,140769368,56882787,73292369,3516879,142170066,6442564,11786157,27716777,72632518,11229430,12547501,7752927,25427737,209682087,129486183
2022-02-25,91795109,32509191,52786580,2236050,127661451,2868092,5847035,18956580,39247108,8291300,7344517,4829342,14138923,121563923,78668685
2022-02-28,94871345,34583338,47606992,2499645,124486534,3301706,7893283,23864339,41913253,9233922,10632203,5656283,17408516,145232078,77132968
2022-03-01,83329012,31177593,41136023,2487354,125908246,3351210,12332409,17795583,53812629,8751332,10707800,6049575,14961013,137455397,66986779
2022-03-02,79634776,31844454,38883602,2174501,118224431,2946881,16665136,18653598,46896947,8526366,7293672,5304078,12795639,117460231,70259790
2022-03-03,76248739,27218879,36325658,2594526,123530988,2902506,6548991,16780675,36326585,8200672,8534728,5152459,11722954,104022139,69511284
2022-03-04,83709636,32344977,43111149,4475487,100564211,2751466,6810424,16727276,38306713,8841183,9049934,6804691,13364501,113694864,76871424
2022-03-07,96077436,43039496,44885189,2647145,92304866,3671660,7035927,21336299,43763348,11106578,13381187,7062857,16421191,137296914,89353303
2022-03-08,130884964,47952802,55609595,2696784,135181533,3728849,8224313,23637370,44787648,9131267,11867062,7486299,18427494,163820864,115470448
2022-03-09,91226362,35142008,49163613,2254685,102147474,2904202,6879341,19132756,36031470,8951937,9253151,6046702,17661097,116588262,63872331
2022-03-10,105114698,30588275,42734929,1931528,102340634,2716866,5600036,18542859,36431455,13194621,8880493,6078459,13715639,93547626,68943494
2022-03-11,96780682,27183660,36642528,1980809,87485895,4432462,5194783,20322337,27053235,22778173,7390327,4869123,10724443,95438747,66092866
2022-03-14,108384608,30591707,38412034,2522866,89635644,3731103,5663809,17963772,35959818,13306090,16122116,4861369,13922677,95244963,78986713
2022-03-15,92822863,34203697,49032395,2823100,112313635,3200676,5274959,18818777,34427006,16842273,13881668,5138590,11493278,105919623,75985346
2022-03-16,102057422,37751831,66976937,2943726,113485647,4136718,6039035,21810822,38803597,14064627,11713156,5658666,13582866,144452953,104120691
2022-03-17,75474753,30787138,47084675,1813023,103005456,3555436,5837543,18830408,28517114,10462398,8594927,4930632,9253701,102115742,67351555
2022-03-18,123962105,43073692,72807291,4149877,105713929,5868201,12167298,51723551,46130998,24162021,18442482,8932616,13915362,105002663,84952195
2022-03-21,95666570,28243999,58998808,2539900,101711433,3697857,6127961,29147832,32683504,8117441,8978425,5030346,11138676,88034023,73544434
2022-03-22,81440848,27571263,54567565,1925488,101520277,5251180,7012721,29283886,27910486,9291427,7212152,3802920,8695480,74064683,62898232
2022-03-23,97869762,25671799,50051811,1381904,90465142,13967003,8396560,19723977,37096259,7451043,7239290,4820985,6176095,79194822,70366793
2022-03-24,89945436,24434605,87530831,2600500,121778178,5538540,4146382,20545257,51581359,7024004,9253422,4168705,7126965,64482821,53254362
2022-03-25,80421818,22545690,57821352,1453549,95782037,3283132,3655997,18089828,33234866,5682172,7197001,3738750,7437129,76930379,57349825
2022-03-28,90220343,29532026,42463260,1442648,92845356,4469637,4287233,17162277,22907971,6626567,9465015,3116917,9295204,68140877,56563807
2022-03-29,100451906,30367975,48798468,2299850,94014481,4322226,5368381,20032977,27276333,5761235,10202582,5835688,9410918,86361739,67853646
2022-03-30,92501135,28144683,46242297,1862192,99359183,3887903,4946970,16123039,24608056,5533048,14751869,3862705,9335959,79359985,68505770
2022-03-31,102805434,33359624,52239241,2171911,146693798,4139403,7137835,27579946,43558677,9433306,13353182,7169360,9710486,121157566,66622438
2022-04-01,78675407,27079528,51629246,1626210,111780886,2716430,6005573,17463636,46575019,6147091,19750487,4631738,14103689,88893509,54472207
2022-04-04,76398948,24282317,39696073,1648340,90061185,2914866,7842651,19624715,23709307,7877719,12093300,4645447,11522027,58799641,45305677
2022-04-05,73265459,23115502,43554120,1976705,79379442,2480755,7297873,16057845,25764577,5140689,15927365,6956156,11703041,73997472,62438745
2022-04-06,88922548,40038012,70273199,2373761,105152767,3823641,7165304,19640454,31499761,5490466,20674359,6931752,17095571,106436052,89530816
2022-04-07,77487795,31379284,55684568,1657919,91781617,2757227,5243527,15737540,24104795,7099234,10193357,4146458,11589251,77937697,63392444
2022-04-08,76468097,24331119,52272762,2045590,92649229,2259780,3895025,18148048,22123201,6181784,12982048,4504514,13176239,79214192,61881240
2022-04-11,71917957,34468593,57353134,2348650,95375575,2930105,5169877,20976004,30309736,5735835,11199552,4347807,10796032,89453717,65735386
2022-04-12,79133494,30918100,66072371,1734356,89108127,2198313,4828150,25249117,29829227,6174624,10585589,4550572,11083925,84062672,72421386
2022-04-13,70388684,21859894,51570894,2026408,77591667,3077907,8730546,16995040,22151499,4728144,10431237,5228016,7222523,73815570,60966103
2022-04-14,75147326,28042169,56752724,2734097,73187793,2587089,5117271,18003612,35919031,5589651,7985947,4566647,8701718,97527962,73156932
2022-04-18,68862297,20740714,52433346,2134341,80492575,2593027,4890917,13986967,25550920,4953363,8779629,3562554,7025391,65676420,58228462
2022-04-19,67580308,22258161,51174477,1658006,76959230,1961456,6114277,15485922,31446892,5410836,7209734,4671897,6780255,77417100,55842148
2022-04-20,67808590,22846418,46792574,1391372,62391800,2093482,6006534,19514507,22774009,9472461,7725601,4550335,7824320,64939232,64878872
2022-04-21,87092561,29412541,65436276,2034226,76501415,2388909,8922602,17142286,27288781,5615834,8550532,4734512,9250432,85005377,75391017
2022-04-22,84689849,29342075,62305576,2105846,74888992,3194883,8837841,17688942,28197927,9355309,8305751,6355258,11046172,132183624,82265198
2022-04-25,95555104,35537393,64042957,2692070,93237985,3353084,7936523,18645972,35960173,7253488,9658181,8301295,14351187,118670172,101389684
2022-04-26,94710470,43412660,64844406,3576505,88443636,2808963,8054140,19196874,35252598,7552268,9227037,9550007,12943736,103039804,102995690
2022-04-27,87616502,63316470,49744880,1927897,82869359,3073274,9640687,33635067,28240872,7278402,13551060,12564575,20018261,121545537,110219870
2022-04-28,122592846,33106639,56235578,2223726,90156288,2584507,10606385,20112997,39054960,6176781,31060338,8224694,13856100,104620736,97328106
2022-04-29,131464020,36998792,49964017,2609782,82531462,3028288,7106287,20271917,70710373,7944938,13667143,6698001,14790828,145052857,91769877
2022-05-02,122852241,35083525,57091006,2671292,98074712,3008110,6271188,22487239,45403611,7377639,13298340,5851503,18500441,157985606,115127052
2022-05-03,88859007,25941194,47292828,1704901,123459884,2190976,5043459,15826428,40130582,5211411,7536673,5438278,13734146,99748829,77533599
2022-05-04,107795228,33509317,64721163,2387672,225039379,3311350,7553730,23918000,44481246,6759767,11000337,10287887,14323000,143637237,115496844
2022-05-05,130184918,43210267,62519271,3250103,152933735,3503792,8346122,24844194,52979045,7192101,14556298,7739516,18215183,172260677,153865773
2022-05-06,115994628,37722373,63287885,2074132,144177970,3518880,7230251,21735478,40901183,6220574,10077274,5724733,17428823,149985423,139134786
2022-05-09,131028451,47562434,64200800,3004492,144229499,4304947,9955379,22385464,44882985,6980318,11649568,7928931,20555448,155256366,112712166
2022-05-10,115152191,39278571,76069892,2926956,137133428,5332767,8595685,21737386,42756689,8128824,8839133,7032565,18182348,132033959,123774682
2022-05-11,142054856,44496023,66864405,2663834,135980018,3820365,7215456,23862299,40307804,6928774,11518192,5891931,17381666,141710065,139053217
2022-05-12,182083533,50940070,70625220,2550347,128986796,4041615,10182690,25939276,42287527,11698439,10734852,5936121,18247894,124601191,120177716
2022-05-13,113667997,34878705,66895408,1944942,137902835,3378885,6498624,18947550,32019878,6698102,9274634,5328949,12247021,103907463,83421346
2022-05-16,86472515,32489191,52088765,1418890,130974069,2643725,5064928,20249593,25045851,6941880,6372454,3648649,8710987,78378766,58826369
2022-05-17,78161263,28799401,58415835,2465223,164012659,2613555,7311400,18765166,28568383,5952447,9086244,5849946,9298321,82833562,62416246
2022-05-18,109224140,31264943,54316321,3488259,142305742,2913280,7448946,39077621,35132732,7974721,11973060,5746448,11831208,117153343,78014338
2022-05-19,135818503,32655847,62024043,3487434,141342193,2797083,8378115,97337210,29156256,9451586,8411730,5399502,10436231,98276831,79614847
2022-05-20,136047722,39042905,73661102,4025017,163934042,3430153,9046420,45972034,44721979,7530320,11360073,6278207,10124949,131040463,90710765
2022-05-23,116331450,33053694,63476199,5850709,127711388,2305627,6039995,27051062,27128273,7356029,8723051,5380751,8587644,75165922,61276302
2022-05-24,103890421,28982960,58654510,2505505,123155407,2629017,6924475,30035783,29807120,6643744,9148262,5120410,8558207,91213350,73016175
2022-05-25,92310824,28504226,75854478,1782835,111439389,2724702,7435263,25488790,26260197,7103251,9760514,4711802,6826462,91165848,66687764
2022-05-26,90467206,24963308,99501159,3972699,128665700,2418846,6671587,28284737,28764400,6758911,7928263,4536518,7775145,81870894,59195714
2022-05-27,90729408,26858840,73724157,3728881,104199150,3559537,7880178,23772625,30534370,6566298,9174203,5857845,8139163,84560179,66764213
2022-05-31,103564820,37801369,66291712,2991858,124953461,7942176,17649510,64731509,41038610,16872493,15993637,9382421,9708745,95601018,60587688
2022-06-01,74099230,25260184,54336917,1833994,99255613,3407852,37001872,20591221,29809970,5790483,8501079,4660166,6647909,86215098,64785019
2022-06-02,72171842,43948686,64655537,2948314,120812380,3414686,19199068,20538845,28708751,6189533,9584568,6520321,6931355,78734321,58935528
2022-06-03,88411107,28041969,59836972,2053765,110784612,2355233,9221004,17944140,33151981,8169445,7454176,4485492,5631553,71721068,60175436
2022-06-06,71453117,22368286,42171638,1455335,96626647,1563710,5809892,12635965,25411687,5274621,7233864,5602617,6290745,57342407,51605239
2022-06-07,67680417,22827488,37972399,1579399,78873092,1598224,6314072,14663855,25046307,5674070,5907789,4416097,5505710,58989774,44650380
2022-06-08,53848408,17366325,36248424,2400298,97524009,1789277,6220046,16243849,59588178,5252305,6769119,5112524,4406591,64231350,38068340
2022-06-09,68951967,26261532,39412518,1864171,94942399,2553293,8465295,18273793,38843587,6808720,7103859,5323166,4880544,85973698,55458464
2022-06-10,91378903,31412980,46492440,2401603,102083192,4405146,7854982,20261868,43062867,10255419,8543689,6510953,10438652,131953168,85762267
2022-06-13,121915453,46083298,60254584,3161370,97997966,4723818,10713652,29035615,50283473,15211530,12309478,7764938,18164641,165490461,93727748
2022-06-14,84494009,28591856,46849099,2437975,83927617,3196891,8573416,22481295,31324958,29637901,6783537,4769327,9121274,103690408,64188052
2022-06-15,91231941,33039105,56192894,1912318,95531140,3661557,7734743,22513516,37633240,11762649,7855486,5442045,12533084,124475371,84700020
2022-06-16,107692711,33092722,54428720,3722210,102192169,5625485,8084435,27034612,45550510,10639390,16408232,6843124,16340454,133615711,80074655
2022-06-17,133803647,42648057,62497231,4325285,104882204,9410885,12953042,59067049,70254938,16312551,17185604,10743012,13265336,110038632,80512594
2022-06-21,80735144,29897476,48246157,2182118,87675231,5308106,6734630,23265798,33979565,10044037,9145014,6283089,8619405,76423886,51432337
2022-06-22,73182435,25934398,43671475,2471607,86486029,3164687,5863452,19934029,32561540,8216704,9076738,4242917,7577709,89374114,67049443
2022-06-23,72262532,25836451,46289399,1670615,100430171,2532673,7251095,33795426,30132640,8774315,7890649,4317613,8020550,79081915,57112697
2022-06-24,88973019,33865459,47146228,2113965,87887646,3302263,12102176,30541102,38146871,20130997,8101612,6425624,12745129,96839673,58176597
2022-06-27,70118341,24591864,42763442,1320689,74580668,2243586,6170407,22750766,29571616,8840096,9904555,5762340,6957068,65807626,53905258
2022-06-28,66941831,27261929,46031209,1566159,95488203,2642471,6658113,20075635,37701493,7247935,27068330,4686989,7618050,86267014,61400546
2022-06-29,66154597,20039332,48129196,1440960,103936140,2021614,5420735,13438412,25413574,8071850,9961766,4340427,6800217,65447932,57177628
2022-06-30,98807890,31703245,68478214,1888463,105152517,2594513,9534532,24938773,35115252,9888573,9246495,6807931,7858277,112073926,77778962
2022-07-01,70958448,22820551,57625817,2131129,87586344,2471356,4559519,24333336,40574696,7804365,7668207,8735505,6962601,74704569,56601198
2022-07-05,73128768,22927752,65071525,2069832,95533817,3120412,4603755,24358492,33128643,9040339,8033990,8472655,7168850,80983938,61197159
2022-07-06,73923473,23800216,52831415,2297263,85260556,2284100,4082070,17245477,26235728,6042840,6034647,5238198,8082611,68838927,61211025
2022-07-07,66141692,20840172,49186029,2128076,83473284,2367079,3998475,22300434,33122609,7814430,9380697,5169345,6539022,64173951,56273745
2022-07-08,64433901,19642886,46746359,1269968,83335019,1610570,2868539,11815006,22537358,4923107,8390575,3466560,6311064,72194191,59612267
2022-07-11,63123490,19451816,43715979,2144360,76136232,1831891,3689209,15244540,25900479,4543316,5885284,4051065,5704274,58066620,54877139
2022-07-12,77461315,35798538,45763236,2113987,77790165,2638161,7064335,17383597,30536057,7140699,5987472,4074980,8272770,62000636,55377626
2022-07-13,70999979,29468668,51980275,1766318,79026982,1993729,6216686,16836685,26994508,6426467,7160491,3755398,7580630,83891256,73472108
2022-07-14,77959834,25064607,45451348,1995298,83365158,2097824,6094839,17329659,36671340,4915457,10704121,4758782,6863378,89507161,63336162
2022-07-15,75994569,29563749,38358849,1854522,75955840,2467410,6032831,19681674,32822971,5133944,11842688,7458621,6763477,78601185,63003317
2022-07-18,81101335,20943437,66825773,1804175,90280882,1845952,3787924,16723144,30684208,4614975,7844134,4079137,4946376,62966921,58954792
2022-07-19,82632214,24907671,69946879,2724303,84742165,1976410,4370114,22825175,52639174,7159513,9669404,5386590,6159731,78331226,54237671
2022-07-20,64711672,22668996,75856261,2740328,88203563,2746304,5651033,15596516,36359400,5655095,8510322,5888914,6265947,71581235,66486297
2022-07-21,64832848,22355482,55483609,1388340,90248968,2008066,3883005,15356690,29589084,7004128,8044315,5465109,6473180,64551553,54482507
2022-07-22,66561357,21858803,53600125,1784023,76930605,2412535,3803598,14852469,41308600,6658987,7194944,5269402,5289907,70720392,57001573
2022-07-25,53438500,20998535,47971776,1501487,69996137,2336350,4404569,12940228,32218681,5720680,4915965,4200183,6974940,53094190,40173376
2022-07-26,54550624,36306174,39366798,1793707,68845453,2352446,3875375,19475110,35641418,7283809,5892195,6018341,5072616,52408865,48301545
2022-07-27,78317608,45963216,56837609,2551632,78165751,2669190,4956080,22345276,42528458,6674790,12646684,11621779,8528997,82138880,68895728
2022-07-28,77952918,33267918,47225922,1481529,78743423,2411653,4545467,17541573,54823195,5674452,16988757,6455368,6189841,73561447,54099736
2022-07-29,101608237,32119896,43495519,1847994,76488090,2669432,4750086,23697018,125153679,5921361,11741193,6617903,5085462,85028372,57321393
2022-08-01,67695305,21482880,47586903,1146198,96267643,1903977,3987804,14121627,52479258,5215199,7595178,4852551,6226433,69465677,46164644
2022-08-02,59793690,22706602,48746434,1304050,114293805,2162739,4309050,14990894,53794134,6396099,5928860,4438183,7959466,63210261,48477523
2022-08-03,82401670,23486802,41755370,1925384,130977831,2491748,5790394,14941368,59445463,6130845,6886108,6201024,7121267,67426032,53440346
2022-08-04,55381154,18073128,40909522,1628984,125714936,2745185,3758101,15246106,53984941,3652776,6251497,4533862,5833639,45444032,38450114
2022-08-05,56629570,16764817,38565502,1435682,93784365,2480932,4088960,19532683,40131655,4855051,5035220,3689780,3956048,56734022,53847373
2022-08-08,60238808,18732635,98101023,1372077,92573034,2201613,3396721,15464696,41520163,4733350,5551329,3546325,5550855,53745343,43748014
2022-08-09,63056529,23368984,66679978,2007122,89386480,1976976,5850925,12825974,48134401,4243530,6765216,5305022,4282698,44736301,39504769
2022-08-10,70013647,24657338,59666641,1949876,83340398,2634311,4176205,18931587,42184949,5257821,6834621,4272451,9632465,68436469,51259083
2022-08-11,56417443,20039452,50875799,1426644,77445207,1756550,4121875,15587374,35534996,5554367,6241090,3854944,5499110,59215794,45489499
2022-08-12,67842263,22591248,47730551,1839227,72246726,2149381,3843234,16964827,37618094,6688914,4963240,4160506,4045502,61591212,40718160
2022-08-15,53927396,18069757,45704778,1432902,61269912,2503008,2767503,15452393,25385176,3733221,4492927,2862682,3579644,53880008,38164362
2022-08-16,56086130,18041494,45087691,1477035,60164513,2138654,3833486,21144230,24981437,6185030,5251857,4539410,5493386,58497240,41047209
2022-08-17,79120209,18233822,44541234,1900232,63634400,1892185,3179621,27471811,29147160,5185126,5167519,6866896,6313494,63385293,47550776
2022-08-18,62149125,17168207,41507937,2345874,76002125,1402284,2789965,39961917,24576655,4120486,7804605,4390366,4988360,48814848,41766773
2022-08-19,70027603,20531452,44022581,1691897,67122110,2006692,4327595,23045257,31382965,4678392,5395906,4569419,5072752,67850357,51218063
2022-08-22,68912166,24794125,40889467,1854453,61727957,2071769,5164514,19764856,50905276,5676727,6721250,4803252,5371086,77522740,50862331
2022-08-23,54075296,17383110,36853160,898453,52505151,1389462,5051212,13592732,30587414,4423701,4485264,3507130,7388548,48843878,39338868
2022-08-24,53730052,18107049,50214375,1187834,56336503,1882500,10925423,14944898,25001074,3871306,5092581,3037275,4491409,49018590,37836474
2022-08-25,51121145,16554224,76946021,1733414,60962719,3061423,24013929,23036848,29766069,3523352,5615051,4348622,3562398,50724842,37782521
2022-08-26,78652963,27516350,76762736,2566838,65453792,3597150,11062786,20307068,44766820,4904026,7906748,6583452,7159508,101998677,68145622
2022-08-29,73192630,20316974,49491741,1656491,61040402,2408343,9319853,13420455,32889379,4294728,6846737,4621553,6611071,65098301,48069343
2022-08-30,77339200,22017713,52933398,1827749,68995432,1834120,8075913,14276833,40094366,5098347,6140293,5343012,6630275,85380882,50984391
2022-08-31,86800713,24424616,55021434,3230608,64131070,3189685,9125137,22986999,43734141,8600666,8668940,6474940,7080198,75447454,48721786
2022-09-01,74026102,23204598,117562424,3170677,94733180,2573096,9917227,16233150,36396635,8138185,8706156,5593742,7989294,78216822,57507511
2022-09-02,76824567,22833591,74214216,4040052,84861610,2448899,7307774,14719731,34859476,11027667,6118556,4466153,8301376,99501113,64277943
2022-09-06,73570828,21297798,53468323,2473514,68653860,2563095,6368058,14364469,46912987,7090004,6670890,5056896,7494866,75958560,56266278
2022-09-07,87301274,24103973,51174404,2042505,67821224,2384613,6208235,18289174,37295953,5789781,5335112,5331623,5822164,70785557,49041212
2022-09-08,84731757,20298825,62409004,2253087,88939523,2273993,6655512,14229653,37331502,6886549,6608096,5470866,5605001,80651762,55447210
2022-09-09,67992335,22079393,48642123,2301724,68878750,2998852,5638874,15498352,34059695,7762245,5095123,5195868,5706969,76567563,56035464
2022-09-12,104722667,18726604,48320218,1815560,71795773,2853530,6349201,17921356,38274353,15031184,7051142,5216744,5087337,68935548,45553538
2022-09-13,122202659,33144131,71280523,3512717,80691353,4171651,5460594,23027117,71304488,29470739,9602257,7928348,9545039,122598340,78880524
2022-09-14,87783115,23872157,58166161,2058486,71355419,3000664,6033067,27542182,40700479,21589804,7505508,4792327,6612173,84618988,54546521
2022-09-15,90122515,31426231,52102875,3651533,81679746,27763209,7005320,18139186,39792894,12468843,7448920,6097591,7434890,86957248,64748189
2022-09-16,163261843,39683296,66888435,5899311,75184281,14919564,9855100,32684816,71903737,23411210,13812185,13414056,10373510,101948602,77514318
2022-09-19,81143693,26780485,56874762,1793007,64878781,6587068,4868210,13663347,33109039,8360833,5917297,4928886,7840869,72988413,52395936
2022-09-20,107463993,26571281,52385148,1711571,51063006,6545011,5497357,16811365,31085809,8624021,5667387,5220111,6054578,76980933,51004066
2022-09-21,101249026,28476080,80491364,2060994,81848284,4901168,5975262,21404086,39868211,6755748,8110984,6631100,8386475,106078682,82235698
2022-09-22,86514998,31007287,75764337,2352503,101222053,5654268,12402661,16684556,36026442,7184783,8720890,5690217,8016036,89224672,62259342
2022-09-23,95872439,34132752,66141692,2962701,87533238,4735505,9172407,19066834,43458284,9282011,10672345,6933046,9697787,122085612,74266311
2022-09-26,93162805,27598043,54535446,1935317,82760796,6739613,7776546,22689452,44742349,6897048,6413713,4604060,8595827,91923431,70495840
2022-09-27,84255323,26973390,55224179,1741794,94571221,6385853,7044583,15012028,44091271,9284629,5536113,4260358,9356653,107820810,69225258
2022-09-28,146458366,29008092,54144899,2758238,72223940,4979936,7905511,23216265,40395924,8548335,11308754,4881027,9423372,110335465,78728854
2022-09-29,127817928,27422578,53133712,3998399,102407001,5151231,8595831,19486980,41748957,8881201,12113426,6696880,15545030,112496751,80540964
2022-09-30,124355484,35658218,56464851,2718945,81601266,4574906,7570974,27987107,43638643,9791270,7564995,6074498,9749794,153164176,77955968
2022-10-03,114122780,28830933,54619357,2146062,83693823,3735783,6815724,22199406,44055422,9660238,7475695,6668022,8661953,89363357,60770132
2022-10-04,87634600,34838245,58233264,2720626,77022164,4506394,8009348,22883253,42383450,9887706,6629460,7233031,8882306,102785370,66308968
2022-10-05,79289724,20296019,50576732,1846324,86968735,3464558,4254424,14287837,30069852,9200656,7060822,5262117,7298715,87718741,55316440
2022-10-06,68190577,20182394,63962727,1721534,97013964,4882432,3849034,18187396,33720339,6991502,6225536,4164950,7170908,82054198,52975046
2022-10-07,85812533,37713694,67121251,2840989,163294456,3494976,5954024,19048171,57132427,7137862,8615530,8305069,7873821,107547461,71197347
2022-10-10,74803997,29709292,69733568,3344096,112094389,2904215,5492143,16626473,43356442,6406801,9494679,6572451,8348125,75450262,59817396
2022-10-11,76943224,30435818,66637912,2802390,113952607,3206610,7411568,19383398,48066765,7376715,10753342,9525535,10519213,92111503,65893704
2022-10-12,70334535,21878619,49183754,1503552,89176585,3042553,5701928,17276551,39595157,9008424,6976704,4525010,7049787,76707612,49896578
2022-10-13,113051271,42510862,84917966,2797948,131044411,4734564,6547524,26326552,62416462,10147053,10451257,7913800,19051338,146976448,111851340
2022-10-14,88443309,30174788,71210646,2281234,96785090,3562700,5736097,19569476,48131003,8043949,7988883,7470084,11240767,123504763,77074295
2022-10-17,84994286,28084358,57911656,2410152,76742693,4597670,6282996,27838921,39265987,11362814,7874599,5935712,7287047,92273164,63865293
2022-10-18,98838693,26262946,65799846,2032370,102809913,5446541,15833305,18216271,51024648,6688017,8888498,4865218,6991583,96665889,68985653
2022-10-19,61583631,19935605,52226449,1269681,75553215,5525354,6217274,19070665,33839707,5501357,5612812,5060033,5490881,79412550,52250461
2022-10-20,64347495,21735763,65008393,2340091,79419309,3617962,9199659,16825746,33181785,17598489,7726708,6506217,6212681,87935963,60103450
2022-10-21,86331012,26173652,60780013,2677016,95216362,3640460,8325193,24887908,53024917,15650837,7444587,7700359,8561265,128957503,77263713
2022-10-24,75820295,24849406,51676655,2527064,76232949,4815351,6254812,18782979,43330699,11484657,6520904,5466137,6689737,83025556,63593266
2022-10-25,73943468,31586240,50138889,1815186,84762128,3688551,5774913,19135537,31983469,9117052,6170051,8501839,5106791,77925484,56718589
2022-10-26,88052598,82470534,52896471,2928511,79434194,4206191,6609807,20050175,37051908,10691973,7338626,12963635,7579378,103497513,62986154
2022-10-27,102664627,40154455,58156513,1837794,83664820,2863935,4978559,18093493,54909420,7050083,8918042,7046861,5826079,81124601,56214769
2022-10-28,164558834,40600873,52019499,2308855,78082242,3004435,5054420,17976410,91545843,8757764,9409923,6775247,7466713,100286397,62455150
2022-10-31,97773264,28325437,48557108,1925445,73190115,3252861,4877756,17792287,59479187,12348080,6865872,6298720,6644643,96354719,47627768
2022-11-01,80086182,30556530,42826102,1631543,79904553,2466620,4543774,12088391,44372038,7751339,5727666,4971708,4686440,85163914,45613919
2022-11-02,93209378,38308220,67144976,2105829,142454875,3478801,7235846,15129084,51747835,7466071,13583116,6918211,9045227,126489431,79095635
2022-11-03,97021209,36514672,49934424,2387836,95173058,4892129,5993815,17890154,39630001,6759327,24684757,4553745,7998285,86694556,69016199
2022-11-04,140630022,36756460,61179349,2888341,84709515,5736596,14259647,19647731,43037769,7217984,11972756,6689852,8946398,103371221,77678077
2022-11-07,83200643,33447696,40921792,1768196,62653168,3978041,7376733,21381451,34354019,5392292,7565748,4928199,5212037,68034079,47080333
2022-11-08,89788874,28157754,59449745,2067572,75838934,4228739,9100556,17501637,35869150,9103803,9376493,5108766,6357987,84292925,62894454
2022-11-09,74727642,27793756,45373397,2369121,62854164,2777085,5567084,19310441,30404573,6012982,9574137,4799513,5980899,78259108,64317367
2022-11-10,118399329,46208686,69838087,3395498,107805995,5499832,8771844,27187541,62879338,10436475,11661267,9897632,13951919,141003749,98565358
2022-11-11,93852678,34594686,65475690,2672214,111598481,4108378,6481115,25960103,49800478,7711984,9431612,6911832,7985853,93599790,66258201
2022-11-14,73258558,31093500,52688002,2160723,108744947,3464121,6570211,21089493,39370972,7151292,6965266,5442385,7261909,71796093,54859590
2022-11-15,89715320,31355574,54403476,2331285,108792733,2946626,8114460,19315349,40846231,7616237,12466284,6599329,6356521,92724737,73673945
2022-11-16,64152143,24062574,62755061,2537888,79673272,2121063,6450361,24642809,35558913,6011257,9551727,7664819,5045723,68315440,48279557
2022-11-17,80222993,23097069,70993673,2037227,82138694,2740255,7345885,38869894,31953177,5717266,7270797,5339682,4074722,73797012,55097013
2022-11-18,74747197,27544229,49126412,1453460,73153400,3420799,7546896,30838306,27017961,6106066,6432056,5474803,5955007,92669338,53291444
2022-11-21,58612137,26372792,40427974,1861219,51500252,3219339,8014741,17043301,35941299,5235354,8200433,4702624,4180437,51012635,39758832
2022-11-22,51702285,19646957,47168960,1891131,55331432,2572756,7014106,16362351,25566135,8795225,7007048,4672931,4500734,60161309,40008251
2022-11-23,58207404,19482201,42653636,1396315,81516112,2240025,5556711,12064645,23116227,6347431,5478743,3937407,4738851,68102829,46212794
2022-11-25,35195860,9200772,16793430,745539,26018911,1197767,3023746,8492585,11314878,2754876,3153811,1586355,1631466,30545434,15498797
2022-11-28,69029835,24744231,30364178,2350322,45319931,2314748,7931645,14975773,28265047,5112202,7085817,5358792,6502666,67817282,38532551
2022-11-29,83601920,17930671,29729471,1269361,51776527,2391986,6310474,13779114,23636180,4928164,6274448,3131061,5782216,52054300,35275984
2022-11-30,111085296,47512174,56066577,4732623,88235553,4975156,13730212,29899728,71994027,9584578,12753116,9654862,11633788,141523864,73981683
2022-12-01,71146465,26018865,47025180,2300481,59724205,3364381,33651666,18557305,38867793,6127185,7911950,5474540,7579806,76045960,51328637
2022-12-02,65397117,21518749,37110179,1931050,64298637,2741479,15074643,12318672,31528478,4798509,6120322,3822663,4466411,85149864,53486199
2022-12-05,68710255,23416766,35188750,1854704,46956246,2541840,20246132,13785193,33944329,9101017,6088795,4870474,5756996,76930282,41150294
2022-12-06,64640411,22448104,35219747,1965026,64842340,2182147,16966719,15442560,27668790,7652896,5963431,4416270,5899066,76910865,53681372
2022-12-07,69638859,20460555,37184132,1646088,59133912,2055789,12876952,15171613,28225209,4928167,5425744,3242530,5199286,65255999,44584031
2022-12-08,61983119,22592893,51414128,2738684,56655882,2062930,15129865,16014192,28467795,5918076,7344041,3902672,4478505,60521395,42437358
2022-12-09,76029216,20605194,46480395,3696373,58923955,1966798,10279258,14298618,25627856,6847291,6033716,3966674,5201164,81308996,47781475
2022-12-12,70358691,30642555,45598865,2336580,60868497,2912200,11845082,15423295,35073906,15319197,8999077,5346647,7397982,75109759,35421167
2022-12-13,93801513,42171004,65572393,4041052,72339361,3424819,12215072,22641466,57797274,22752026,9709459,6950998,9300393,123190646,80016335
2022-12-14,82213426,35375929,49612171,3520565,67209135,3234246,9607941,19047776,37098481,11179270,9440264,5113510,9768819,107698624,64812132
2022-12-15,98613864,35548602,47803667,3687461,58455306,5381283,10795337,19371523,45363680,8196510,10201313,6005877,9610787,116885303,60052507
2022-12-16,159984198,86060449,47766845,4953244,62389913,11936806,15461484,66118224,81073576,19187921,12729293,10422633,11997082,118773150,67344841
2022-12-19,79321646,29656944,35354400,2509080,46192539,4084049,9431103,17984700,37565670,7738217,7709860,4503346,7135752,78932053,43760594
2022-12-20,77207230,25103533,40239985,2982243,52317792,3872113,8452298,15083599,31821156,6389591,6256291,3774874,6301396,74060266,50637991
2022-12-21,85805406,23675860,32461678,2561107,44097286,2582257,9310918,15598074,28069414,5930550,5839390,3631528,7333447,77949425,45803070
2022-12-22,77634607,28632076,56419668,2754656,73829644,2318040,9967747,23120013,47418080,8180798,12048865,7187605,7612644,99822021,59849989
2022-12-23,63752952,20902968,34898232,1375436,45894252,1627910,5799341,9552641,23587138,4129081,5351362,2595247,4115646,59706378,39293042
2022-12-27,68867709,16470654,46328696,1666429,35980517,1463204,8277869,12058212,29234602,4290641,6148708,3533097,4762820,51491196,37862964
2022-12-28,85144501,17418620,35040200,1534847,39500311,1664121,6241867,9813748,26032453,3785985,5379199,2992814,5180565,70429990,46605863
2022-12-29,75558852,19749382,35432269,1817463,41388214,1789918,7625698,11395169,30876719,3862037,6665692,4081079,5476395,66824028,45691900
2022-12-30,76896604,21928054,31014883,1437286,37079704,1740208,5627779,13197073,30991777,5375347,5640365,3248917,4447193,83906305,37753768
2023-01-03,111915150,25690250,40083714,2017015,46808192,2226793,8188561,17710299,31290799,8995012,8106037,4294130,7597473,74602343,42192307
2023-01-04,88658743,50324750,43062749,1705502,47041266,2164841,14315078,18329749,37591408,7835724,7280818,6283547,5898928,85642281,47342324
2023-01-05,80778636,39534390,38860496,1627698,46077596,2080400,8490291,17369107,33533936,7641445,7543082,6876652,5542063,76505768,44491203
2023-01-06,87645371,43592124,40469630,3524230,70112898,2216000,9143841,20821756,31731064,8640950,10253367,6724533,6911262,103875521,54547256
2023-01-09,70533211,27309974,50368919,3765316,69628063,3131652,13671613,13935336,37402053,7519460,10279756,5732751,10678358,73707052,45309930
2023-01-10,63766054,26949472,38342252,4461682,41097654,1669610,6522651,12466038,22997205,5700603,6381406,4267709,8601886,64886072,35089102
2023-01-11,69276874,28625652,35274876,2249087,44340696,2342511,13590359,12528125,30319296,8358185,7370456,5012995,6829971,68533053,43810546
2023-01-12,71291336,27220048,55046695,1950079,70005350,2121187,11672102,14240924,28882871,6068129,9521867,4324842,7676881,89938117,60294181
2023-01-13,57735705,21308413,44680094,1964683,45695813,2581519,8375753,12649103,31342769,5090004,8031633,3734553,5072527,63765714,44219247
2023-01-17,63461126,29755092,50981301,1573405,42524013,2511966,9399939,19270696,34546860,6512737,6176006,5659050,5116151,62363116,36049720
2023-01-18,69468808,29776615,43842975,1570152,39452167,2079501,7801333,19851800,43621859,6386421,10942140,5874131,6918637,99297726,47233595
2023-01-19,58129979,28568656,45181757,2269147,47091927,2465879,7069059,19108101,36860721,5596494,8709685,5994269,7318429,86622382,43680378
2023-01-20,79897105,35260995,56233598,2290995,47616949,3143123,10114123,21831576,34662793,5502601,8871732,7568262,7055903,91324773,60365275
2023-01-23,81661748,31858401,65360267,2338398,84088249,3186559,19914897,15177365,38750103,7389638,13413502,7845915,11728703,83908324,52544101
2023-01-24,65868694,35559773,48880305,1377719,60333912,2453910,6358990,14807046,24743680,7010226,7928627,5292554,6242059,58728052,42546655
2023-01-25,65617475,66415434,44801796,1373926,49738266,2238307,9383198,14637773,28136688,5895963,6868212,6720311,7168714,84398341,50193372
2023-01-26,53756055,33367579,48742565,2451747,49208650,2348511,13337934,12945210,52317831,7301687,7401769,6282503,5575965,71935200,51230544
2023-01-27,70431351,26463058,54142997,1934207,58041550,2614859,9869610,13414007,148378151,5671671,6578010,6074424,6771470,68226074,56231926
2023-01-30,63912652,25768728,48697847,1666276,48003972,2637646,8056654,18925838,55073290,6194986,9733448,5048946,4847960,73867000,49142585
2023-01-31,65749970,26514241,49579650,2371862,69053023,2570898,6414217,16821207,52470831,6200266,7117223,5849638,4415532,86513073,46307526
2023-02-01,77064498,30002396,65748517,2652095,152031887,3354646,8843343,19619506,63217741,6139508,10471864,7826894,9408640,100664084,66630755
2023-02-02,111898117,39755476,56148753,2413691,97480103,4011207,10653555,17858494,62021408,8268893,17487620,11660887,9397009,101026594,81673967
2023-02-03,154177684,29050392,42856906,1909280,66484536,2694761,6480910,17974770,57569929,5671803,13180263,5730653,8070700,94028103,76038393
2023-02-06,69736898,22457082,45149429,1870717,52955671,2369463,4308262,13988901,48629112,4097190,6828686,4385656,6487838,59924997,40616710
2023-02-07,83110210,50489917,66182556,2400566,65221193,2475053,6176731,16671711,50730222,9226007,7656760,4798462,7802764,90664377,67315796
2023-02-08,64007425,54466405,55870690,1528764,54097283,2667625,7691239,18901913,36439245,7624057,7150057,5655885,6232174,75902971,56561605
2023-02-09,55880679,41623674,52238674,1882923,46428711,2264140,11400423,18586988,43849049,4960172,5711180,5570738,6254914,78351989,48805066
2023-02-10,57368101,25738701,55005660,2102788,49299958,1844394,11272134,17391713,31214191,5318285,5315839,5466105,4929111,70653135,49977229
2023-02-13,61921484,44498627,47380517,1984370,45343437,1876210,8795544,19420439,32243437,5560462,5547304,3441835,4204592,64657644,39428506
2023-02-14,60546958,36942445,67333695,1756585,55896312,2479201,8389796,19130045,27893437,7482382,5576976,4178305,6309363,87831817,63894681
2023-02-15,65528184,28805375,42030080,1266681,46398431,2085314,4970298,26275955,23323211,4322493,3499788,3875773,5245400,61415994,42988194
2023-02-16,66936180,29239201,41000957,1743874,57544613,2914731,7476593,48109671,28916126,5942087,5784358,4211014,6497402,76102557,58966185
2023-02-17,58815794,28767525,46376863,1418109,47756986,2980264,8079708,23644041,32020860,6367158,6009803,3955644,5301486,88023864,56149866
2023-02-21,58702132,28354860,40834813,2273184,43974405,3001642,5208695,25091906,63534865,5259770,8160910,7030259,6137030,82439212,46321941
2023-02-22,50858747,22379752,48464888,2344297,49688134,2368086,4340728,19656545,89053440,5825410,5502332,4576631,7167653,83505668,51013254
2023-02-23,48332197,29170104,111617389,1893808,76292633,2915587,4677537,14064933,56422965,8636309,6437013,4856622,6559444,95786145,69042050
2023-02-24,55366852,24707766,58887586,1534737,46659475,8441041,6565406,16628882,44055177,7658467,7356394,4118274,7173401,108132240,74253444
2023-02-27,44934803,21167614,45224707,1827123,45579561,3499914,6888530,14774042,37414295,6748658,7773393,3309730,4676717,80182653,48771987
2023-02-28,50421017,21366800,44924395,2780447,44115590,2713695,6904791,16620311,50205131,7467449,6474578,3673752,5242826,96046056,47425563
2023-03-01,55303314,27470843,45873169,1546352,44189163,2374648,14972877,13442624,47763326,5117929,5522621,4647840,7533396,99323629,57847206
2023-03-02,52182943,24790808,38885093,2730694,60027535,3844760,37705070,18278631,48284385,5292216,5251585,4550441,5483453,85055904,53181133
2023-03-03,70637600,29389623,41141601,4607198,52724288,3622668,12083036,15964000,36714605,5498030,7043129,4379174,7218522,89952370,60356599
2023-03-06,87323172,23675455,43665406,2497704,53666142,3012200,10763216,13876215,37336903,7422746,5650385,4088112,7998449,72641405,56565165
2023-03-07,56102844,21217394,51425416,1933321,69960304,2252295,9021601,17506076,43133252,5381769,8086086,3844066,7059853,108018722,65759439
2023-03-08,47018250,17266622,51105333,2089127,69353646,2514854,6745330,12036081,36328575,5142460,7625035,3776200,6619455,74451806,50522412
2023-03-09,53534177,26596612,49973898,2164782,79329656,3796884,7097875,12493819,54849828,10071611,8052288,4650957,7810171,111159467,70898347
2023-03-10,68498482,28314474,47433911,2609761,70211277,4147279,14104996,16336506,65152083,16019424,6879656,5925087,15277774,188936689,98240829
2023-03-13,84355054,33268031,42132084,2236325,65216189,4201971,9153459,20277287,50953077,10298970,7668869,5453022,17219160,157486122,96538408
2023-03-14,73561106,33579275,47392683,2588823,66517051,3848941,10134357,17670484,47664845,8731053,8298323,5028486,10597958,149141087,73206664
2023-03-15,77059905,45954032,51840754,2245958,85983737,4495997,7680959,17043792,48949905,11461278,8589329,4641811,11460046,171945656,83254451
2023-03-16,76121464,53705410,57958803,3170977,115737656,6944004,8369143,21424584,75736387,10146924,11202620,5028477,13039535,142949746,98093963
2023-03-17,98684566,69450053,84661675,7927486,93979135,6721005,10487832,47601542,80598751,13062335,12291901,12963316,11538580,139642876,86373471
2023-03-20,73533994,43428358,43187457,2583728,91906226,3945283,5512352,22636448,38756890,9176810,5942758,4964562,5988880,92450162,56228882
2023-03-21,73841342,34514331,54605609,2498185,85175429,4475556,6979711,23331355,55626978,6682824,6894325,4216791,6531926,91270639,49037725
2023-03-22,75430271,34805433,79430217,2578816,110674342,3875209,6572420,21394983,37361840,7232285,7066354,4735763,7100770,111419005,75286755
2023-03-23,67365163,36436915,56305544,2716074,83985798,3137220,8682488,17774584,43754432,10744844,7348468,5082155,8792907,118789131,74057998
2023-03-24,59097673,28157090,45483523,1722610,64703603,2992259,6102437,19435726,55910029,5849760,6986863,5345408,5936020,107149833,57123756
2023-03-27,52294341,26775565,36036130,1470641,57393976,2828825,7503067,15854398,34730778,8168028,4815267,4453176,5404166,72297419,50142164
2023-03-28,45920803,21850591,35519525,1243585,59098165,1778936,4895943,11123781,37357983,6378445,5269465,4060576,4983040,62599237,48458297
2023-03-29,51068595,25032145,39247628,2629120,55271583,2493855,8069244,18458783,85411518,5232419,6406938,5227031,7122976,77328775,53088286
2023-03-30,49428599,25013186,36341319,2151158,59504024,2138390,6926032,11752563,70024350,5639305,8154425,5535744,5596399,69673446,58171032
2023-03-31,68635957,32723882,43278190,2208744,55811683,3062167,6633139,20585455,59733432,10474303,5638111,4793123,7534176,111883693,61728898
2023-04-03,56909650,24853064,39739598,1568190,50592482,2712005,5339597,16883487,57004259,8400896,6360886,4142988,10569132,67011663,46995433
2023-04-04,46219756,25790582,36701646,1342625,43145517,2569393,4656462,13595796,55692664,6647827,6956579,4724116,7906736,66351762,45579168
2023-04-05,51411630,22014097,51360351,1690551,52847800,2277100,3952415,13751722,39582222,7472945,6919211,5903746,7861798,64990482,62613766
2023-04-06,45332291,29700552,39690753,1448948,47723021,1835764,6302701,14746162,28517885,9141187,5258544,3742991,7847057,63395846,46681919
2023-04-10,47653635,23071709,38321053,1539881,52400655,1689041,5263256,10177203,30518740,8680607,5242825,3488542,4757145,63540232,43413456
2023-04-11,47575790,27227192,30502597,1651483,51864877,2160417,4905235,15953132,27008997,8194322,4998807,3296861,6395655,59138714,39948835
2023-04-12,50049070,27352908,44476275,1410020,53297943,1976946,5032401,16099526,37031231,8039310,5258946,3559422,6615464,85980018,62580377
2023-04-13,68327829,24192922,35266688,1725590,40505317,2434021,4714792,15449857,29698460,6239826,6075305,3264220,6819658,85563145,53743872
2023-04-14,49328095,20971109,39484139,1746516,38700796,1525383,5071633,12358538,24608280,6482485,4831897,2741939,6500146,78064266,56210450
2023-04-17,41448097,23800088,32040419,1319805,47134741,1613992,5272320,12041622,29596200,4771475,6367928,2845804,4152774,66299576,42896080
2023-04-18,49855597,20141641,60384414,1680165,46190658,1581544,4664076,15190242,26005976,7218223,4827925,2774686,4605830,63433504,46535636
2023-04-19,47620467,17105952,35251401,1905903,37263054,1774458,3663931,30439925,25671620,4765138,4235373,3091407,4311183,54665085,38761517
2023-04-20,52328360,23208622,42677924,2023393,46993888,1946779,3617644,39755487,30245115,5815427,5121869,4710059,5699554,75572645,62318454
2023-04-21,58021071,21562041,34459563,1480618,40914132,1841055,4858886,20858553,28635618,7335394,4974480,6787569,6118485,73363164,58962572
2023-04-24,41881019,26547667,33183447,1233211,40368843,1530553,4448283,17357302,38699759,4901730,4093392,3358625,4539414,64066089,43921929
2023-04-25,48385335,41019395,36930462,2364193,52102196,2406955,4999441,20243346,38161412,5763449,7033048,7116479,5457524,97430392,55723953
2023-04-26,45392797,64516990,40514058,1711608,47676065,2801197,3991196,22380986,40930635,6392986,4664837,8646348,6798833,79758587,55129547
2023-04-27,64569439,46281642,37505415,1821551,52820667,2333905,4727529,22816004,57327211,5605710,6927774,6689807,5987100,91901912,63881423
2023-04-28,57421737,36032406,29151498,1617639,50620142,2060702,4092568,19660019,80210414,8497592,8650446,6575689,5892920,88217278,58825985
2023-05-01,52395501,21264106,56878257,1685159,59224150,1867601,2881431,13115936,36885751,5459258,6203226,4828611,4096304,61906880,40859796
2023-05-02,48300079,26344878,39972101,2832735,66830566,2280150,6050202,20160021,32807753,5994247,7059711,7308781,6027725,103714090,56241340
2023-05-03,62746068,22234250,38163118,1975338,109198415,6694173,3777430,20722002,45458200,6744689,10991053,4397671,5796188,90315725,58859105
2023-05-04,76376201,22447409,31974863,1766069,122522828,6612727,4385366,17742397,46034607,5035513,22096578,4301405,5422269,94499276,49653080
2023-05-05,113177399,28175491,35401313,2486111,78378361,4259686,4281985,14314210,35005549,8061701,10734700,5494661,6113643,87806306,51750504
2023-05-08,51993378,21302119,34426765,1393339,95339352,3134843,4166344,11995959,30874539,5314392,6688024,3831287,3397608,49976236,36351189
2023-05-09,45270480,21214858,30631006,1697793,68597043,1879342,6993243,15219989,30674263,6332599,7796825,5734623,6235747,49006217,31649400
2023-05-10,53653755,30048390,36876993,1917383,95508059,3385545,6533150,15624809,40513753,5932676,7977629,4427989,5273802,95903671,60320723
2023-05-11,49408848,31102400,32144845,1442270,56999397,2182504,5364906,12521703,46976993,5143080,10624751,3319681,4478105,69580533,44145604
2023-05-12,45481879,19753339,27395479,1193718,53762627,4278369,4732825,14094548,24143836,4994622,7629352,2400800,3952921,70396295,48358050
2023-05-15,37225567,16318028,29322920,1461051,51591193,3328659,4517729,13197920,28696551,4443653,7442598,3788333,3397091,54144536,33231721
2023-05-16,42049890,25605917,44806710,1481494,90471798,2558291,4338510,16393199,22778222,6896539,7025037,4271897,4698419,57078657,39851324
2023-05-17,57890408,23522419,43060267,2410688,75152637,3559560,5770148,28264547,41620283,9435170,9493766,4910336,5956296,86898615,47293542
2023-05-18,65221530,26416389,74024124,2636600,74143666,2894091,5150376,41166806,36436591,9999082,9125929,4910715,7743719,96590442,63573454
2023-05-19,55598052,26912162,47268498,2296245,67800652,3855329,6090366,28560303,40662646,8558604,5778108,4790368,4902271,103271518,60358779
2023-05-22,43470635,23790757,37027861,1775988,65305183,2624078,3888650,18664438,28656027,5889358,7908851,3333808,5371080,60241776,42666626
2023-05-23,50611784,29967957,35519998,3606878,73022018,2967162,4256187,17643161,29349258,10043737,7445850,5601108,5843496,86278743,48072157
2023-05-24,44785557,22982562,63086200,2274837,62712791,2660388,4882923,15417937,27111766,6804649,8116418,7471772,5447238,88530261,61815653
2023-05-25,55999884,43200939,154090372,4922063,108234077,7027616,6487583,21709216,77874675,16727452,11660284,7745152,9037554,90683593,66691288
2023-05-26,54762923,36590633,71285768,8243857,92735386,7829364,6924775,19775978,71860712,13992181,15957869,8321444,7577344,93633690,62750238
2023-05-30,55853113,29430416,91892922,11627596,98656130,5327186,10386359,19024947,54774419,10294622,18277410,5673740,9056576,71896451,72424174
2023-05-31,99467177,45587523,100026816,8989312,87383812,5152103,18984569,51987356,136075268,13703891,14919880,8533935,9647834,109495528,64748802
2023-06-01,65622949,26136409,62502848,7825284,65894467,4441476,20833269,17815446,52628156,7834905,8609628,3918300,8708183,88615902,50336848
2023-06-02,61913135,25855398,48145810,6278475,52315939,4331792,11022471,19153231,36492156,8648043,7867753,4786359,7133972,91302548,53247661
2023-06-05,121453155,21243127,39408719,2620671,52549530,3443585,7800928,13959762,48144231,7441031,7762004,5519158,5442571,65269451,47082467
2023-06-06,64747408,20368254,38053214,3778955,75106995,2340445,6792575,16028032,42269203,7022462,7588489,4030008,4986120,63654712,41143551
2023-06-07,61840554,40667982,50876348,2891545,81613638,4770867,9317312,15948415,39058795,9839379,7552414,4421611,6850401,85087356,68897384
2023-06-08,50079051,23205266,41639256,2190564,65150259,6059383,5544960,13270120,35121883,9521413,5790664,3343727,5331328,61459728,47040367
2023-06-09,48852390,22508039,42509871,1923686,75028933,7926391,7675393,12171374,40211833,12571108,13806126,4179027,7206018,85560158,53119921
2023-06-12,54217309,24241868,38484697,5103956,85303010,6905119,11550780,15494974,59865898,37982230,9673032,4709147,6891793,76030386,44533277
2023-06-13,54831702,22927408,60884621,3897792,131980910,7396281,11675223,24032056,51908676,39140227,8865414,5407522,8296190,95449267,56893862
2023-06-14,57368891,25966579,73583097,4342077,95635327,5134456,8957391,16628891,74183388,26241578,7312417,4748332,8379680,100368051,69238308
2023-06-15,65353597,38820010,56735059,3376685,85401657,9231013,7901139,22492896,67480696,27446065,8129838,4223947,8859668,109353272,70139587
2023-06-16,101188202,46438795,65435168,6829010,81705252,13329031,13667228,37132731,110169743,19446753,12891896,10371812,8681842,114071466,79274524
2023-06-20,49737346,26344543,44970298,2752900,58741803,5329431,9521418,20137536,65860612,16266869,8666587,3515982,7068733,75117792,48825786
2023-06-21,49445800,25000441,54867244,2299521,82616364,5201569,7709711,16820403,70790703,17569909,7864338,3942830,5994164,76819748,53072885
2023-06-22,51113606,23513985,41665104,2345844,70606193,3600356,5687487,14993604,45684176,12200846,7282101,3607744,7611302,70368712,47494389
2023-06-23,53081201,23093322,35587249,3740401,73592245,4450020,14090817,16539493,46191647,19822638,11955136,8575093,7362962,91981670,48853029
2023-06-26,47938998,21464513,59013195,2136291,68418950,3168093,4769708,13026180,38905993,8981094,9367920,4899584,5441243,72584925,52497177
2023-06-27,50574502,24095491,44965043,2479412,58531577,2683237,4011198,12966836,32907891,6961684,7286737,6253172,6908708,72099491,48999547
2023-06-28,51099616,19547534,58046609,1943111,67266353,3208784,4749759,11383962,33702304,9230864,6380826,3425320,5682806,75414003,46348141
2023-06-29,46013518,16980024,37422153,2337903,58262128,1904379,3837640,14245097,38249391,9225105,5136533,3704735,4563597,67724797,45877881
2023-06-30,84877358,26495649,49618967,2312786,53226253,3074431,5958333,18177831,33626646,13693651,6559311,6002520,5697719,104139610,58608762
2023-07-03,31458198,12508692,19820919,903830,31859976,1491011,2399966,7338268,15752979,4284699,2662001,2007584,3091100,32793378,19432862
2023-07-05,46845852,18151459,32278444,1443618,49379316,2189880,5066645,14941937,37613849,8465457,6247541,3728593,4697769,58258544,34347010
2023-07-06,45049639,28146735,30330213,2393644,42326642,2100457,4250035,13930963,41689764,7980638,7542466,4553709,6056420,80508356,49262356
2023-07-07,46770004,21180360,35508884,1940036,37115611,2324011,3019745,15579514,28340550,7000481,6105838,4584758,5811037,85569237,47060419
2023-07-10,59839290,32762567,35314897,3059399,49242561,3351164,3818390,19045731,36281995,6926507,6035378,5562887,8437961,62159954,48396333
2023-07-11,46540415,26646726,29765206,2549494,59782392,2842070,10026670,14974260,28093637,6116872,5783112,2755808,4997607,64246631,38113879
2023-07-12,60670695,29889706,47838550,2817851,57879286,3010501,8897776,26322847,37718882,11008725,8288165,5705692,8051681,91535377,61412669
2023-07-13,41258426,20524935,47304008,2588746,48974746,3046040,5794507,17859175,32693900,9356272,9816770,4430558,4655155,72252379,46759195
2023-07-14,41551239,28212700,77023727,1850075,91812957,2300161,4274376,19557817,29802815,7720458,7545072,3701041,5762451,69662419,55067508
2023-07-17,50405677,20331417,50784639,2681607,68473753,2644363,3557432,16140363,34070670,6734531,6123802,3918464,5928781,52546835,40142170
2023-07-18,48260845,64699124,56871989,2451125,57885474,4092020,5092182,16430462,29652035,8903013,7478848,3040375,8202836,80617428,55185975
2023-07-19,80211127,39613995,42325067,2408967,70006071,3378699,8503469,21731909,26381248,7603954,8852381,3684898,10490196,65340653,53294800
2023-07-20,59354511,33651948,53348118,2822376,76045283,3260173,5297006,22771907,37819381,12911163,9133446,7151388,12171384,70003473,71397500
2023-07-21,71791224,69316451,96230602,7407956,76748605,8096345,3505878,51282954,79712628,9156648,23696023,17251187,7434418,71165603,60301037
2023-07-24,44903341,25726873,36676382,1997359,45452896,2196613,5312482,17134118,25169507,6197899,5844970,4318357,5652889,53946406,40236914
2023-07-25,37097348,36172209,34040613,2001230,44597693,2467205,3196752,16089707,31648707,6258801,5580642,6242336,5370863,54902741,38217782
2023-07-26,47333124,58296093,36234328,1986031,51485448,2916705,4855383,13556201,32472911,8158498,5285398,11899146,7742755,70362685,46853190
2023-07-27,47357458,39528263,45390119,2190593,70428629,2475488,4293052,15778590,55600407,7840433,7907429,8299691,6923254,92052614,63740987
2023-07-28,47919320,28309051,32959156,1862049,55322985,2791030,4238164,27321504,90428523,6909592,11714347,7503180,5643709,79866370,56834231
2023-07-31,38735472,25409702,25007862,1494308,53823771,4059578,5555765,14188811,54293891,6701823,10925741,4064150,5069093,61449286,43826050
2023-08-01,34961517,18221440,23569378,1966012,92149608,2271078,4211317,15272003,24634928,5240846,7107196,3225824,4420571,54400651,40416746
2023-08-02,50135114,27679284,52809207,2685250,172794895,2969335,5120949,17686466,38818279,6373200,13034653,6913276,7902872,93681743,72373585
2023-08-03,58153468,18195994,32282576,1827273,90400232,2179352,5514075,15107482,24802518,5191264,28207163,4511335,5652294,64084101,47301459
2023-08-04,115654344,23713688,36208909,2115185,83033643,2458550,4799175,12266195,26634904,5575226,12648063,6052710,7213767,99924098,61609464
2023-08-07,97361020,17723848,32110020,1113689,65734201,1777101,3613236,11327360,22470502,7340186,7702838,4315579,4767001,58205068,37086529
2023-08-08,67704594,22291673,35202662,1407433,53999345,2624135,4842474,12218227,34729603,4688842,8931750,4627983,5730049,71259351,44595988
2023-08-09,60211165,22322322,58347717,2465263,56131177,1841622,7845291,18082910,28683692,6536881,5637034,4699309,7148861,77652989,50938182
2023-08-10,52705875,20075511,49037062,2017694,57199538,1900259,4001702,16324884,30938144,6003501,6221778,4975210,6363259,92905883,71813052
2023-08-11,51960418,24333090,53163614,2032214,55597315,1929508,2929751,14341292,28736379,5286071,5708994,5454783,5383207,68537340,48574701
2023-08-14,43556956,18797965,67991833,1766767,57087222,2050420,3294866,20701420,36821110,6491622,8530599,5933485,5153628,47699329,41854960
2023-08-15,43524908,16934016,67314583,1403256,53471277,1822421,4075649,20158350,27402539,10408094,6834999,3912901,4681156,75522484,45423218
2023-08-16,46822973,20658756,52572087,1599565,54202721,1538711,2758355,25976229,35729567,5718163,6424720,4558331,4887218,79472384,52629822
2023-08-17,65775872,21199992,45027558,1921322,58922336,2454065,4060722,45274925,39879537,6182726,5439564,3987482,6304191,95286681,62051669
2023-08-18,61087913,24734256,58199594,1774127,59836546,2138916,4251669,28781808,23680668,9410644,6379995,4455705,6828244,98462989,61072197
2023-08-21,46210153,23983459,68666989,2999781,49215485,2425683,4021862,18232635,43685778,5807478,6536650,3939590,6565991,68568659,50430315
2023-08-22,42025059,16079022,75436231,1707726,47265716,1495232,3152603,15659319,23422294,4960159,4584109,3035597,5680866,64875189,44495263
2023-08-23,52348631,20838488,71282818,1937147,53455234,2314295,3824346,18234903,32195290,16476412,6850228,4147791,5029364,67916248,50959091
2023-08-24,54826367,23215944,114965580,3090841,108861821,2948199,3958964,17570293,37885119,11987543,8693469,6001961,6962878,88315070,66433996
2023-08-25,51302822,21668167,92244633,2415254,74690068,2307822,3067455,15730139,27315881,8757215,6665055,3946940,7837146,100848993,69865768
2023-08-28,43723364,14777044,68283962,1429106,53739057,1683442,4082006,15183532,22334064,4511496,4314149,3994966,4481377,61431634,40754419
2023-08-29,52862951,19160314,69858127,2780292,50767810,2163875,5838609,17857565,29919710,11515646,6967075,3981520,6850840,82940527,58295167
2023-08-30,60713889,15191243,73291023,2316731,54793088,1929011,9583303,12143102,26263728,5596701,6488758,5119954,6131201,68959715,41610903
2023-08-31,60632787,26343514,52446643,5373336,58844862,3916047,19249058,22600333,48098360,9101508,7954882,6022777,5980105,65946413,35630403
2023-09-01,45703610,14925723,46286363,6492331,54782702,2232031,5595203,14076674,43763918,6188653,5301321,2609313,4622212,58515828,39662039
2023-09-05,45208774,18107230,37295150,2479595,65989885,2348361,5803805,13884535,43350533,11076172,7293073,2882189,5029700,54973440,32227919
2023-09-06,81559095,17360318,46747370,2011432,47684850,2298578,5064233,11378156,39606578,8726150,7410375,4243916,9050012,70180292,42863413
2023-09-07,112277751,17909104,43244953,2778063,49019501,2086677,4193148,14761993,67567209,11855205,17936598,6272061,6256669,69957685,51940595
2023-09-08,65494738,19523762,46609769,1679308,46217533,2261040,4578221,13991885,44238278,10587775,9818855,3301073,4292381,61483138,35646592
2023-09-11,58816565,16540051,47246858,1569898,50519464,2070474,4412730,15840951,36314677,19676044,18746309,3191864,4129922,60082311,39761668
2023-09-12,90200710,17182640,34834018,1666738,44375475,3958351,3998725,13913956,55291039,68430204,9240535,3738051,6106423,67357824,41253717
2023-09-13,84015595,16523742,39466522,1740687,44633165,3450280,4172781,13090565,35397017,27134502,8126720,3331826,5003092,60097134,46212552
2023-09-14,60768569,20221056,36644296,1963455,45836869,4558968,4294235,15759713,30450876,19825516,7133840,4070635,4735995,83316164,47928854
2023-09-15,109144529,36846910,50497401,5008309,70985602,9767558,9929501,43938436,67908069,23206525,12242288,9418058,6552887,111618427,69352003
2023-09-18,65342722,16662503,49730770,1653324,48999623,2648229,4279175,11823000,29300873,11709916,5062436,3180071,4969218,55668282,36792596
2023-09-19,51744376,16500931,37145018,1310778,41656252,2385358,4001133,10747453,53194520,9508258,5657436,3244316,4118079,65324185,37652430
2023-09-20,55966357,20178297,36077207,1364878,54851315,2597306,2990104,12215363,57545376,8773426,6371030,5035442,5378549,82343694,45210421
2023-09-21,63023774,34559361,44706978,5363851,59566303,3843830,4957089,37428936,45199397,12640067,7005353,4491707,7368424,103621415,69444776
2023-09-22,56613679,21423296,47071149,2776055,52086686,2390173,3848190,17867742,29226622,11148123,6964944,3715111,6186511,100567864,51504299
2023-09-25,46067522,16547440,41732437,1563862,43120947,2217901,4065153,14218539,21720305,8406544,6779841,3107564,5285282,70718077,38957782
2023-09-26,64437882,26265809,40117501,1763483,42792199,2374614,5403968,15617236,34156175,13195374,6557226,4164007,7462572,95907458,53346717
2023-09-27,66794319,19375568,43786572,1534870,51189836,3309411,3880325,15839869,44349001,8911339,7221506,4232727,5828462,104458025,55867529
2023-09-28,56197068,19328313,42324478,1617134,72413597,2709688,4337506,17200140,32245363,7366690,4848357,4269656,6412873,91852847,56293417
2023-09-29,51787079,24129830,39698843,1646871,56013601,2795425,4403216,13948075,28749548,7287968,4866387,3664204,7940889,114943365,64693131
2023-10-02,52092423,19904607,42933332,1466690,45031243,2410159,3743185,13931066,26069497,5960187,5748332,2922329,6826174,83550356,51428142
2023-10-03,49209801,20641854,46910837,1873731,48030969,2003361,4620432,15699581,45047565,8778082,7744179,3508682,7418655,103410779,60193565
2023-10-04,52920346,20275627,36084151,1641100,50914323,2024867,3654306,17008372,39819065,8839104,7184296,4129837,7596241,87256468,54346339
2023-10-05,48475765,16945160,39264057,1146935,51713769,1818693,3592102,14928273,25756258,7647023,5088339,4388469,6010177,70075261,45792400
2023-10-06,57201260,25632473,43252902,2109613,64761503,2522121,4987888,15664904,33243641,8245440,7929475,5016201,8310377,113166522,74913258
2023-10-09,42327580,19863560,40876109,1575252,39534465,1712896,2779588,10163299,19364034,6009641,4711067,2747000,6563039,80247169,45186744
2023-10-10,43729903,20533345,36759769,1471271,57039021,2090147,4502745,13104963,24011051,6906928,6251574,3656880,10201361,78492135,46834345
2023-10-11,47153995,19916985,37629282,1430889,51022772,3286753,3968792,12656534,18778368,5638590,6374377,4452361,5190222,62113165,38013377
2023-10-12,56622526,19272146,48026322,4382826,60895470,4622242,3520651,11842249,23613689,6597986,5328304,5641971,7701839,81001928,49345828
2023-10-13,51333702,21068431,47360313,2830688,52862424,2832313,3677210,14413719,28383580,5878341,6034083,4317993,7591156,94980208,52437188
2023-10-16,52459354,22130357,37437892,2112477,42214784,2178818,3622001,11734147,29543709,5487255,6252955,4872196,7271482,75236883,44050314
2023-10-17,57495555,18259120,80846538,3300267,49551415,2354061,3857337,17104362,24983088,5259692,7331103,5098861,7658444,75118150,50130057
2023-10-18,54603506,23092410,62442712,2036790,50316828,2611392,3378515,13082801,22041802,5121195,7165015,4832021,6398262,93057419,53974759
2023-10-19,59203178,25001735,49840031,2658121,52648353,2793631,4994469,16319835,28849830,7716266,10450659,6039762,9990145,121109204,71878921
2023-10-20,64159647,25000766,47591544,2694306,61265747,2726263,5536658,23886765,32282626,21826748,7754013,5391454,7665085,122450102,72262443
2023-10-23,55899032,24322735,47414130,1644391,50718824,2171727,4561562,17326645,53868790,10715613,6677225,5395744,7578598,91871536,60184312
2023-10-24,43695591,28339529,38591744,1494989,50643993,2331036,3956271,14821890,52648342,6169649,8562663,6964467,5579975,78090847,46379556
2023-10-25,56826782,54890939,38737150,2133436,53018075,2509188,4484981,14372207,44568368,7071723,8553608,12345028,7746532,93656768,70051180
2023-10-26,70074720,37538477,53355348,2772841,49437335,2834261,5126839,17250526,56491548,7554007,7841165,7883944,10320851,114750589,77660752
2023-10-27,58456229,29819729,41547931,1637723,52405797,2984817,3168073,13333197,84041148,5205955,7290445,5325442,8113986,107117996,63383436
2023-10-30,50810006,22795721,38421006,2074922,43611895,2562857,3437652,13236587,36625768,5432791,6631746,6640220,7088181,86372285,55050086
2023-10-31,44799251,20236743,51529325,1473354,74748775,2051194,3424275,13509231,41093570,6257661,6473678,6569866,5444001,79488209,47410192
2023-11-01,56780236,28098917,43487370,1864614,137918425,2581417,3592333,14297793,41666259,8594566,12656059,7502469,10471814,97760041,58515423
2023-11-02,71928464,24211477,39948156,1868492,68392639,2304066,4962389,17433989,35259070,5874134,22068355,6290107,8076980,94578325,57156846
2023-11-03,79380957,23614217,41783163,1801699,65450297,1932521,3858610,17644878,30488114,7277777,10666528,5818684,7829863,100055099,53207060
2023-11-06,63774237,23799055,39954330,1286914,46789994,2072774,3727776,15428214,23678121,6060073,7704395,6601345,5547899,67660003,38717976
2023-11-07,70376556,25783023,34206003,1936296,49159144,3870777,5464761,15151682,32014468,7411399,7894425,5192387,6514125,64114250,50663239
2023-11-08,49235490,26116564,34473418,1527008,41417588,3054651,3431670,13633484,33447558,10973535,7678757,6900830,5360928,61521528,35487929
2023-11-09,53623778,24787665,53666029,2447095,61072082,2332789,4368172,21032200,48914678,6847730,8992567,7060720,7185078,82870462,53558151
2023-11-10,66033252,27199328,41493475,3626468,74428760,3060951,3945463,17364484,38118026,5231668,12190216,7214675,6672714,89270588,58193367
2023-11-13,43558540,19946611,38252124,1688646,46671278,2504018,3305107,14929662,24344224,5738635,7958316,4345319,5861423,52116484,40443228
2023-11-14,60002045,26827952,41515245,2386027,60938200,2882297,4742178,18316789,45130389,6731205,11250169,7049842,8252263,96880702,67604509
2023-11-15,53631191,26790071,47394839,1599541,59371444,3085417,4798874,30737413,46876829,7384020,7782245,5955873,6572137,77080505,53920101
2023-11-16,54253744,26460141,33812890,2617768,49556377,2039169,3710714,78984634,86291926,7472355,11651138,5598381,5776687,66473075,44770950
2023-11-17,50895222,40010767,32489313,1978690,38499335,1968333,3634195,32302651,49726728,4790578,6542317,7524126,6638564,83086006,45612438
2023-11-20,46469007,52397428,41283189,1866186,43120437,2392756,4596385,27413131,44535392,5725585,7142009,5835836,5555484,69410173,44378410
2023-11-21,38045505,27659296,53274997,4321042,40801196,1902424,3783052,21455884,37202519,5993752,14635934,3872658,6672773,49051906,43046822
2023-11-22,39604790,23335782,89838120,3374015,56844129,2063866,3893470,17307636,31475868,4343501,6646738,3159685,5606522,59339476,44107086
2023-11-24,24048344,10176649,29464464,2315789,19001007,942673,1869111,8209530,13037105,2168187,3708239,1604823,2096926,29737375,15718832
2023-11-27,40476684,22146989,39459288,9668846,32702205,1853323,4884103,17643887,31815418,5155608,7630351,4129984,4209724,50254497,33966963
2023-11-28,38312790,20411654,39433368,3901049,32007802,2302222,5521959,16353327,24534231,4889420,8815770,3883766,5504958,61731652,35348797
2023-11-29,42949325,28143333,37495137,3483440,37828104,2594237,11687137,16697616,38958636,6126976,10605489,3647073,5378224,63078247,38691815
2023-11-30,48647004,30512582,52471035,4947499,44431609,3959415,24407363,37149427,46213698,11068537,11725088,6638487,6862395,79651431,52463162
2023-12-01,45597287,32915525,35891651,2959958,36569654,2406931,14478566,18738745,43439502,5737100,8861144,4091792,6993889,88579049,40406719
2023-12-04,43228905,32018471,42946794,2488475,39808317,2540415,11421933,17811904,50400169,5586467,7480882,6571645,9109817,72282786,51081161
2023-12-05,66286972,22929062,36264878,3678462,38778389,2574771,5714768,20982712,31835968,5911855,6224684,4935494,5408809,69649808,42553485
2023-12-06,41015177,21147128,36907488,2478214,60062778,2078550,5356619,19532949,31937237,7813304,6910303,4943346,7363059,68607409,41848432
2023-12-07,47407728,23081960,34464253,4272297,118084215,2603849,6564110,20288832,29102278,6769987,7809715,6495345,6964059,66855081,49519683
2023-12-08,53346066,20134983,35213113,6956915,89230898,2498655,4604541,16038423,42801009,7748321,7675310,4732128,6403771,83032624,46602346
2023-12-11,60858001,27674623,50696973,10110075,98430246,3268629,4762959,25606078,48245509,17609878,11006621,7583286,18894568,63720962,40972944
2023-12-12,52545740,24730524,37100330,9010895,111516198,2962022,5814899,18702431,31408939,57263757,7374109,4709787,7525576,67761842,39025321
2023-12-13,68736621,30521407,43841062,6972823,70376585,5850362,6478055,17903740,34892957,29302024,7468983,5780453,14606570,91446283,53847182
2023-12-14,66754617,43201100,38397794,6692838,76030911,11303853,6611151,28414562,69790987,22821596,11466066,11428086,7712063,116694236,55254006
2023-12-15,128054802,72492721,47878813,11841856,70033072,8659929,13735330,58849070,83831434,30192295,25048074,16336586,8733786,141153764,62583475
2023-12-18,54610036,20625084,40928295,5423920,45129690,5420209,7473334,20413843,26161444,13387507,7828976,4826479,5068909,69962373,46363374
2023-12-19,40621970,20554645,46352426,3598512,63556044,4144854,4663153,16880359,35320035,10068198,5653724,4379374,4500696,55367893,35606378
2023-12-20,50983469,26065943,39509940,3413009,54420248,2582470,4406532,17546866,36836841,9225062,7258537,5084935,6864387,101225257,53596325
2023-12-21,45199112,17676444,29979980,2408110,47089325,3187896,5156369,18764495,28257406,8158197,8354743,3776423,5666862,86276265,45375729
2023-12-22,37066173,17076316,25190588,1906832,35355085,1659127,3109440,12899238,29966553,5606539,4483682,3492251,5107063,67105858,34271158
2023-12-26,28854494,12658638,24357228,1678726,47030033,1583746,3218548,9719457,59929882,5758261,4376939,3202181,3094112,55290474,22631727
2023-12-27,48028627,14882897,23306307,2004206,48952750,1393961,3386531,10410852,52102496,5623898,4469229,3264824,5881539,67883488,31919707
2023-12-28,33979061,14291397,24602015,2124578,63633771,1701771,2957838,8549460,27636551,5687266,4925325,3022808,4806728,76861839,26936673
2023-12-29,42590546,18710931,38840049,2053192,61994977,1888479,3705277,12491078,29260399,6895067,4837679,2920636,6086370,121503947,42613025
2024-01-02,80680243,25221540,41004376,2879546,64695450,2836819,4737751,20227185,45759338,9590651,8482550,5648882,11769785,122281798,57858339
2024-01-03,58308345,22183982,32013062,3471595,61872511,2460830,4842955,20299578,35781884,9451763,8060331,5874649,9089379,103344001,46823075
2024-01-04,71197269,20861168,30571718,2563769,58481068,2089287,4488561,18080421,47766990,6817199,6767723,6442732,5994271,84064348,39296163
2024-01-05,61949135,20982842,41433710,2246945,69572832,1922716,3675157,13988369,34325068,6131290,6825582,3087159,8173630,86000264,44847111
2024-01-08,59028985,22648548,63737333,3308876,71581398,2826909,6625096,18024463,42036164,6990596,7724498,5709696,8213975,74782954,42234939
2024-01-09,42783541,20805081,76600416,2321377,67770129,1925597,4570520,20487064,30019031,6723611,5852144,5018532,5316808,65805639,38967461
2024-01-10,46046017,25289812,53008524,1762274,56830147,2133292,5126484,15168721,31420915,7246225,5644845,4042188,4872909,67168711,33716772
2024-01-11,49016579,27782878,59439031,2569459,62617058,2329747,9002224,16455912,31680979,6112902,7367222,5635447,6647275,77790323,51212475
2024-01-12,40246347,21631770,35216313,2687380,48223932,1470936,4845942,18784418,27445174,9688057,6539017,4205009,4416786,57865275,36406540
2024-01-16,65482123,27141892,44377217,2613134,112175040,2125386,5857962,17013274,43684818,7544413,7474080,6682726,5884362,84872427,43770322
2024-01-17,47245324,21434360,47318434,1830274,103803448,2586933,4704702,17187676,33474855,6839332,6582749,4078745,7048703,68522263,54212874
2024-01-18,77758077,22757910,48848888,3209967,131375384,2791157,4749775,18449001,46639310,10204702,12876082,6582887,9456623,91638126,59381512
2024-01-19,68726100,28022288,53878943,5299346,139420614,3772738,7393233,22859345,55892125,10256062,16158496,13197986,9163269,110440649,70033707
2024-01-22,59885999,25606394,44676760,3120048,122648951,4486071,6733185,17742118,45546455,7480782,9662128,6849764,7430220,75774932,44743321
2024-01-23,42281124,19211310,29201997,1692219,76294534,2720536,6569135,13458893,37137771,9181489,6225746,9208383,6627205,49692885,32747647
2024-01-24,53522896,23352651,55813504,3478054,124886642,2997580,7030040,19137296,48420173,11699235,8316591,15092185,8820897,81446838,46665421
2024-01-25,54609100,20919929,47449254,3622913,126001467,3799108,4173207,18672639,79787356,8863185,7696128,7077238,8528596,72304411,43958613
2024-01-26,44519567,17682637,38951132,2580294,107139149,2134520,4876488,13050167,127517083,5540157,7741410,8800213,5274859,76554015,37024286
2024-01-29,46976233,23577471,34330284,2137646,88647024,3196088,5759615,13447635,51259481,6992519,10755467,6040645,3814477,60440865,38404801
2024-01-30,55562451,30697763,40058106,2060048,118162933,1987829,4755790,14298653,47752359,8190318,9031845,4886324,6101739,58043587,35292597
2024-01-31,55355904,47097219,45181534,2733777,132693215,2661834,4512463,29285380,51505150,7383671,20483687,8664395,8140903,125753007,63817695
2024-02-01,60148022,29742518,36516115,1930413,91047097,1681941,3196958,20168953,38152036,7873080,21955944,6535873,7093553,90930069,50011512
2024-02-02,101959747,27782218,47399216,2665825,81971731,2541918,3628802,19799094,53654273,6498918,10437987,4921550,6434634,99042788,59507219
2024-02-05,69544087,25244867,67337852,2201771,76084379,2129720,5273046,19600079,28840148,6623797,8016705,4188129,5042686,75444536,39751029
2024-02-06,43255743,18337329,67856285,2530890,68628885,3434461,4206827,19263882,33250938,4636641,7282783,4139714,6338212,55707740,35608615
2024-02-07,51883299,22300592,48854615,2570883,53328396,2312170,3619254,16789792,34215688,7669480,7340265,4625844,5678540,70385546,37580713
2024-02-08,39291024,21140195,41258579,2930993,43274287,1814499,4486992,18579016,31977288,4471622,9442230,3485072,4973451,52155276,29785375
2024-02-09,43828734,21831784,43448723,2598848,56085636,2082561,4375419,23449003,51096440,5785798,11976996,3916859,5803984,63898602,36871429
2024-02-12,41028719,20449745,61160816,2428942,58044734,2314262,3748812,18640378,50585175,5437515,11799261,3851660,5373953,56301878,32963224
2024-02-13,55368507,27278507,60045349,3129573,62962315,2983560,4954436,23621788,36593719,8170124,8932727,5357733,9726798,112635101,64235556
2024-02-14,54103964,20331917,50247520,2600660,57158610,1613251,3829016,30024511,34770943,5943961,8708080,4527184,5893851,68133944,44901614
2024-02-15,64055370,21767794,41705869,2165068,50933680,3540798,3984348,42282625,43191880,8275966,9362727,3721750,5395713,61039956,38570829
2024-02-16,48636116,22232754,49306016,2125983,53865973,10320116,4158937,24907971,29722787,8930962,8425306,3167567,5542037,75155978,53623175
2024-02-20,52053857,24204999,69968975,2609198,66306566,6427041,4204210,26373058,61424400,10973287,8653263,5402501,8720581,71523417,53574771
2024-02-21,39326339,18359330,65145122,2009728,47668307,4478804,3795639,15977747,56570350,7862373,9725386,4526686,7973494,58993623,49344880
2024-02-22,51761960,26239343,85094312,4027498,100320384,5018167,5262558,22011918,62650780,8900420,10709438,5036980,9262948,75910839,53679570
2024-02-23,44440869,16280544,82625707,2308593,69130930,4543457,4412804,13141447,33743968,7503201,5286685,3478718,6159617,61247721,39778218
2024-02-26,40785575,16164470,50054873,1626974,45228929,4248893,8675614,12787013,26979875,6336426,6188118,5251245,9104060,50224390,32854931
2024-02-27,53521621,14801780,38988227,1210787,43596985,3227445,6148676,12507193,25100749,6477550,5849517,2886494,4990415,48668807,33417494
2024-02-28,48845047,13138527,39060687,1093124,35837008,2310752,11337951,14379255,26837762,5267459,5124116,2932894,4162598,56269838,32590606
2024-02-29,135841657,31899680,50449904,2750765,104728217,3839311,21723828,22958510,48773233,12192444,8312208,7264813,5931666,83673876,42226446
2024-03-01,73198050,17778684,47509208,4391679,103404033,2901021,9329721,17189683,41371925,7601931,10370291,5233164,6567686,76646543,43747362
2024-03-04,80331054,17570369,60979359,3450230,86569295,2554885,9114080,24216004,59886045,6582948,11809971,4400366,10215488,49556618,34119519
2024-03-05,94307949,26850977,51646510,3574359,65167192,4309946,9232091,16949685,56550317,8238873,9596395,6212646,9013168,72304879,57546976
2024-03-06,67714486,22308985,57860487,4259671,86512797,3207182,7918509,18917288,52392062,6702648,12214330,6312705,7144239,68054514,45700026
2024-03-07,70238871,18465496,59264306,5924152,63495461,2618707,6781122,20625824,49477677,7664190,14152152,5977081,6056276,58309504,44195933
2024-03-08,76054673,17952129,112385482,7383150,120459351,2828554,4840819,18712039,54306512,8300085,11301861,5629063,7453517,86058323,71859856
2024-03-11,59996104,16064273,67208604,3105862,72845820,2850481,4892461,17709660,34960897,17538141,7243731,4205316,7811968,62356413,45611550
2024-03-12,59689785,22415175,66021236,4222199,68659139,3456479,4830509,17585505,31640002,48395373,7630067,5800688,8687784,72870344,54975317
2024-03-13,52179100,17074530,63031641,3720499,69375506,3454662,5548143,16652371,53076374,15814321,8720302,5198580,6406693,54949068,37640690
2024-03-14,72719775,34063286,59927860,3796469,84331284,5556669,4827662,17237583,38047814,10960099,8145349,5028012,8010733,108888453,51846122
2024-03-15,121616630,45014263,63923220,8875695,95176875,19563178,11854254,57047457,66917064,17837062,16410668,19078754,9814076,107075510,72712494
2024-03-18,75293973,20069103,65404801,2533371,58389093,7007183,5239226,17401445,26591070,12197418,6643617,5212308,7087353,88572874,46476836
2024-03-19,55064981,19818806,66848260,2443137,83359725,7079641,3328953,19595503,34561072,10208397,7399565,5640045,6693234,60662143,42893662
2024-03-20,52718267,17807361,47266752,4080398,81294777,4231751,4943107,18106115,74468825,8364025,5982565,4403788,6650069,69157911,43263037
2024-03-21,105769337,21268356,47854056,7237849,75078609,5202196,6083281,22064939,50711681,17690516,8493445,4371156,6154469,60131514,39230092
2024-03-22,70954713,17237888,58379616,3767026,57775709,5405248,3773062,14967026,28414988,6638423,5644749,4056436,5752215,78910807,28117987
2024-03-25,54210266,17849862,54950523,2118542,71822248,4275343,4139660,15395790,47186575,7443180,5680194,3298534,4383447,48340420,27610592
2024-03-26,57236268,16680571,51019908,2349131,65202857,2805113,3892723,13006092,39064326,7063197,5286523,5897641,4265477,65250160,33977735
2024-03-27,59109619,16683438,58374754,2517508,55614505,4226832,3858774,13255030,50951789,8111109,5921526,4272297,6245732,82646961,41190385
2024-03-28,65406493,21852142,43406562,1946088,57555207,3896005,4891409,17996482,54181674,6583538,5322387,4416920,4347376,96046168,36748036
2024-04-01,45336847,16294128,45120973,1723806,74214663,2054823,2916906,14936668,31661607,4126439,6675745,2302557,5826517,61975106,38602066
2024-04-02,49231081,17893986,43198304,2467020,61493082,3082443,4745512,16206098,32186144,4856707,7433746,3303954,5708855,74063746,44152658
2024-04-03,46409176,16470088,36806155,2859232,49725091,2600738,3046834,21479512,83471379,7422994,6934612,3294761,5333152,58758590,39734327
2024-04-04,53541650,19317157,43101481,2695874,87695055,3401292,8344389,17098007,57224699,7487325,9024853,7490304,8226351,96530498,56883223
2024-04-05,42035627,16539657,39849972,1941238,65973152,4971272,4917004,17231963,66500584,4841322,5860547,5012277,6402534,74410378,54682800
2024-04-08,37339723,14256285,28217001,1711857,43920506,3437201,3136932,14642467,56794985,6078872,4810692,3154015,4062389,48338308,28085452
2024-04-09,42347919,12483987,50078179,1797174,42865429,2546163,2997599,25890764,78114685,5561741,5027205,4828218,4699665,67978772,39364802
2024-04-10,49556217,16190359,42973646,1740764,59496109,2483165,3035452,19574588,50960370,4504577,6171652,5658450,6913903,82458248,61341724
2024-04-11,90778962,17936739,42894625,3167851,48885486,2977420,3465565,14867407,41823532,6683814,6259608,4351538,5278225,69926213,45304011
2024-04-12,101439311,19182593,42234940,2777161,63262921,5619325,3816307,16411733,80060330,6189288,8208293,5472272,8091501,92401236,53470600
2024-04-15,73395000,20217244,44002569,2429775,61228864,3350976,18353323,20287905,50667126,5098352,6558746,4738880,8590498,91740347,63052807
2024-04-16,72957857,16746792,36882321,1846899,55212141,2658645,7622561,13949739,30568459,6998134,6385179,3388987,7456106,73167013,47399623
2024-04-17,50236200,15816639,49236162,2435262,75664393,2033840,4197763,14106834,41100927,5349234,8076402,4544786,6542456,75711757,56561335
2024-04-18,42531347,20969716,44544082,2449192,52590032,2388979,5831357,12690380,42233459,6656437,9201963,5605438,7639500,74290174,46348923
2024-04-19,67734930,29882966,86958765,4476150,71170891,3280032,4905912,20235295,58947804,8249532,10282603,10496284,10937806,102018994,75072310
2024-04-22,48030155,19612014,59395000,2514378,49072398,2296161,6741177,19900912,37307966,7120152,7589411,5941228,6642955,67608743,47523359
2024-04-23,49076164,15614498,43303995,2192702,45876974,2056960,6196639,15728217,44083221,5490334,6597214,6748922,6062325,64270937,43643682
2024-04-24,47749033,14881397,50720262,2000090,43219755,2323798,3930935,14355469,50655061,5785321,6112472,13960179,4562204,55506907,47459560
2024-04-25,50098178,38737385,41920137,3033450,41044598,2243604,4807352,18721366,64878227,6667692,6202410,9127497,5776655,68592824,56516876
2024-04-26,44706029,29636949,54858708,2409105,42412476,2459946,3697727,14656476,119408710,8352096,7139181,5401465,5050465,64157239,41776254
2024-04-29,66351903,19307786,38743360,1297112,43358212,2952202,3578466,11486210,58434252,5184614,6618675,4191040,3741033,46315689,29945761
2024-04-30,65737105,28632502,35574641,2203658,57533403,3219634,5215846,17711418,70374004,6230318,6887039,6438006,7453554,77114961,43165033
2024-05-01,50161171,23331732,55673173,3092777,89003491,2488510,3760842,18026464,58402935,5582010,12970200,7163769,10226029,79958202,51416463
2024-05-02,86157895,17639934,36889367,2920798,49799014,2385143,3748160,15055465,48218291,4996311,25825061,4834874,6663132,62229761,36104721
2024-05-03,161048556,17416214,39705503,2478874,49261947,2829513,4041077,17228574,36423300,4482830,10039829,4543817,6655243,72592576,48435943
2024-05-06,76478142,16392800,37100340,1626444,44506525,2103120,3741822,13999004,35840727,5526412,6661346,4125087,4008286,47111416,30067248
2024-05-07,75464075,19249228,43548622,1240496,37300875,2512004,3241976,14135951,43337603,5921710,7642330,5152667,5010291,52314473,30890856
2024-05-08,44081821,11022203,32303477,1390527,28619239,2151335,3032117,15017244,61405535,4109656,5877980,4216926,3587240,41886767,24822036
2024-05-09,47875266,13934874,37625029,1215772,32966377,2299343,4707647,12205848,44554453,3235916,5510011,5843160,4792659,43563762,24477692
2024-05-10,49041001,12662912,33390315,1629169,37588235,2740410,2911559,11932774,42640785,4121130,4698425,5604129,4376941,52058085,27046224
2024-05-13,70355325,15109456,28840926,1849719,27800580,2255336,2897062,14902064,51338046,4137988,6381541,3682412,3290255,36649788,22910999
2024-05-14,50692511,14312839,29556497,1940158,31860488,4285256,3055642,17136973,47673411,17786804,7698599,4917249,4911285,57390655,34381239
2024-05-15,70306833,21494592,41495900,3271556,43046710,3489864,5826789,36116437,36902195,6599495,11339881,5935306,7148493,59325255,41188984
2024-05-16,52784520,17191342,32252040,2837566,76535048,2561149,3558539,47695829,47672752,5155516,8168385,5369734,6032821,49764195,34621249
2024-05-17,41249658,15211050,35851915,1816610,65859932,2260635,3478178,21824287,41381834,6176835,5797100,4533843,3806337,58983596,35762576
2024-05-20,44298828,14851009,31712967,2554304,45559559,1880367,2788816,21848051,31856798,5985521,8706560,5753089,3120788,37706479,24395703
2024-05-21,42187439,20926735,32473500,1532101,29916259,1913180,3490583,25145840,36477494,5533144,11490572,5486374,3069099,33365772,23083086
2024-05-22,34505286,17973992,50308097,2073689,46301312,1869122,3305731,19894765,36475040,5697832,11115347,9109154,5884869,47870751,24609720
2024-05-23,50902959,17172697,83114348,3100462,91287829,2214638,5233405,18815845,61892349,6106703,13455460,7120353,4696856,57069790,40699420
2024-05-24,36279526,11838887,42468896,1671660,54723581,3082013,8318016,11932221,42396032,7165877,13796214,4354052,2952329,40572496,29634337
2024-05-28,52153545,15693597,63634374,2288306,66353096,2573328,9278975,18173014,36743857,6910194,12370834,8659104,4391594,36180209,26133008
2024-05-29,52901978,15407617,55196143,2681824,56269370,2126277,12270843,15617816,35487347,4686021,11867983,5605274,4279192,44955846,29438149
2024-05-30,49808223,28352563,48230526,2170498,46239419,5601844,66714801,19714131,33271596,10834726,11591177,5202159,5224624,46226872,30047244
2024-05-31,75075464,47939975,61086377,7178220,64210523,7485281,36756217,39262974,95742727,12751215,14653183,9136036,6038311,89941998,55462981
2024-06-03,49986218,17421733,43485232,2614886,59044444,3964760,19934273,23119560,35469568,7251080,11637841,4152596,4812234,46782167,32893626
2024-06-04,46691106,14018800,40094115,2275484,48025650,3182727,11180442,23166896,50887434,7343031,6591313,7123510,3200475,34482387,23599481
2024-06-05,54030868,16961837,51691264,3290427,60374590,3218116,10764457,28718767,43944720,5965403,11167686,5986638,4392447,46799507,33606145
2024-06-06,41097684,14835151,65806143,2013848,47069802,3231447,11304766,15439329,34139800,6738500,7235532,3903540,3523755,30699099,21775792
2024-06-07,52970489,13320440,40839431,1783167,44538116,2463254,6365296,15648312,33100995,11518881,5655564,3298746,3197294,43060342,25727968
2024-06-10,96522643,13967749,310552329,3102497,66946202,3205521,7141469,13397868,37342710,10161958,6462836,4202291,3366772,35651282,20631315
2024-06-11,170112246,14359600,221255643,3471207,39834088,2649629,7255110,16638589,24759521,16795763,7762546,4191284,6349151,36251258,21925601
2024-06-12,197254188,22230706,296841262,5274341,48168197,3621232,10251013,16764499,51183966,40786800,9462384,4599643,8908905,62683570,34300696
2024-06-13,97106898,15919663,258980120,8885187,44357860,8141014,13073878,16104767,33731703,13725737,10027914,3409372,6337318,44652822,25727133
2024-06-14,69918178,13531447,307587577,6819737,33998738,14833305,8324574,14821059,27398359,11325540,6433817,3479113,3920332,39915995,23285665
2024-06-17,93526537,20273532,286090553,8471381,44411966,7154258,10105589,16328044,34767079,10582571,11754020,3804033,5793431,55654993,36913573
2024-06-18,79785480,17068961,290613595,8651616,51651133,4223061,7117310,17601783,33238290,11218903,22020389,3036005,4328251,41268459,24360064
2024-06-20,86036433,19836093,511787763,6652399,93028743,5748287,14762541,25559819,43692768,8925973,18675468,5461926,6615946,70191501,32739430
2024-06-21,245853740,34385193,652422450,9955102,61095175,6572623,15856312,64979804,91956156,14853421,22727077,12513369,6773089,63232956,38367782
2024-06-24,79966602,15879902,468103765,5651229,45861425,3063287,7165382,19048832,40541181,7785967,16058125,3654826,6872069,45019547,37532705
2024-06-25,56616480,16717510,419747938,5631470,40859996,3142636,6214149,17680363,29433088,8282997,12043247,3642026,4561266,37860602,29108037
2024-06-26,66076119,15824468,357553415,4446089,36847700,2930854,4265986,13351890,30665493,7669031,9676544,3300411,4728368,38447608,22461764
2024-06-27,49693774,14778443,250489507,3154666,33507284,4541464,12615989,16249795,29062945,6859648,11897495,3871357,3961040,34870067,26046707
2024-06-28,82376720,28308715,312203453,6932143,56131907,5079406,12585541,23421602,41099614,25814052,15542899,8860326,6240829,75788091,34744449
2024-07-01,60255356,17603834,282299247,4746665,50337283,3068364,5869920,14749236,31902196,6546264,6678020,2871732,4637254,39345823,24767875
2024-07-02,57908426,13956049,214875778,3245624,56817000,2874521,5130093,17160967,34837811,5919498,5627753,4167803,3536712,40130046,26512808
2024-07-03,37369801,9932830,215748955,3995382,26980906,1664373,4755729,8118296,24065673,3560778,4996211,2454756,3124564,32789911,18064880
2024-07-05,60295882,15961769,212765733,4515684,61756823,2807584,6561188,14397894,45252225,5361399,6370036,2887685,3330801,41347485,28455377
2024-07-08,58819901,12923854,233173863,3553354,59104988,2830860,6530313,18476964,79827667,8532004,6909484,3925356,3833530,35961342,21886872
2024-07-09,48037239,17197916,281567990,3776736,43358748,2122554,7013648,17343113,97428623,14330484,5271010,3742247,4335493,27234604,25585355
2024-07-10,62515058,18164034,246715983,4007974,90083158,2367219,8939766,18349629,52096785,6343749,5151574,4558750,4364984,38513473,27790376
2024-07-11,64432667,23037935,370554619,5096262,59063320,3188230,5339748,19720251,54975310,5244153,8560039,5583500,7046433,52871657,49523893
2024-07-12,52845400,16231711,250271509,3026623,50709271,2008644,4695741,20891924,62653235,7334042,7202068,3674996,4882863,52873379,36044357
2024-07-15,62144075,14406115,205371227,22893996,42084028,1885858,4402917,15522948,39780185,8594821,7455181,3088892,4312350,40410465,30954885
2024-07-16,41873475,17151166,211919323,22176119,39777819,1538121,4778414,17027094,27939797,6042887,5992146,3133179,3822663,36360955,25920845
2024-07-17,56659487,21721845,385167446,42752361,76498537,2314586,5427460,26093894,111818476,8479365,16100717,7777601,6218029,56787504,55976582
2024-07-18,65908661,20730048,319037816,37776958,69221971,2183098,6154207,18110749,84030576,5269168,9944575,5494945,5416737,55992507,49079249
2024-07-19,48969348,20850314,213550632,26245150,46505571,2596883,4467405,17883628,69178287,5919406,9183847,4867287,4233868,65356096,41938762
2024-07-22,46797113,15770476,254601358,26996749,43716909,2390971,5645010,19893958,48402246,5382700,7577966,6052486,5294873,43081657,40122661
2024-07-23,38447675,13035316,170343315,21344695,31668496,2358616,3903164,16333867,29190622,6030242,5774905,5991062,2758555,33954819,22457344
2024-07-24,60003825,26703843,322721161,35036774,48980939,2627886,4962311,24838741,62108810,7201153,12757573,11020652,7146477,73951436,58340853
2024-07-25,51240867,29451649,456410345,30224675,60402988,2135305,7094505,20569354,49611522,7592250,12669531,9552484,9707109,60966781,58765539
2024-07-26,41563373,23550055,292469754,20808893,48879636,2089324,5949208,15886240,38305651,5136570,6409658,5384390,4886398,53632901,39913237
2024-07-29,36242614,14979718,246600942,16590743,46284245,1589920,5100161,11466593,32220667,4052506,6045376,3386405,3655818,39327787,27886685
2024-07-30,41398538,29563895,474769948,30890839,66013524,1563598,3897801,19666176,47461182,6450154,15235141,6054665,5322692,46228034,40019528
2024-07-31,49520700,42587158,465468536,45587452,113926827,2772860,4646081,19941100,55806641,7185612,18215890,7460162,7289865,65157540,44097714
2024-08-01,59454382,30179278,516730114,39913716,93701427,2070012,5522947,18745512,98943539,5896850,24746616,7946450,8490500,75756370,55804856
2024-08-02,98420899,29382425,476005785,32858644,78390931,2727425,6502745,22100050,299932412,7437177,16596678,8049916,9307102,82497089,66129476
2024-08-05,117797866,39857020,548557171,41170672,74603221,3427348,6895819,29113284,146829288,10327805,12525178,8654656,15697994,145550015,86819689
2024-08-06,69392077,24834451,399876599,24580632,63212364,2070813,5667681,20463728,106174210,8332196,9106293,6199451,12272163,84320995,62401378
2024-08-07,61898929,20321061,406165737,29575971,54153566,1661710,4017196,18195041,96806187,8586761,9147322,5007913,8808836,69833998,54333198
2024-08-08,46585848,19208346,387005787,27160641,48654405,2121407,4467922,18026194,96098243,6236806,9494647,6114616,7244624,62796293,47429219
2024-08-09,41138064,18271188,288153687,18413621,40491333,1272154,2974150,21209513,76101832,5589841,4818176,3066463,4758448,45423066,33514739
2024-08-12,37682191,15991909,322233702,17759375,39639543,1450163,3679118,20263108,54106153,5600157,8539297,5235864,4282018,42334374,27698585
2024-08-13,42705595,18549361,309750481,22007191,42156562,3062748,4031452,20866915,76961184,4323113,10722636,4968730,4992945,52159232,39936094
2024-08-14,39878724,16810798,336759607,20156031,35196614,1915101,4144730,29918376,56146754,4007821,6834229,3071867,4458125,42352040,34500229
2024-08-15,46304477,19999955,313833321,27501091,42940190,2178741,5165516,45929110,84594606,4696917,10735133,5080246,4772389,60631632,38060677
2024-08-16,44023609,22033413,299071047,19266114,31051262,1541432,3493728,27422465,48451425,4892779,5433245,4235586,3350728,44247135,38231723
2024-08-19,40555504,15195778,316108033,20387500,60598835,1421135,4498762,16330192,65799321,3639469,6685853,3784004,5999423,38846002,23471670
2024-08-20,30216170,16345124,294752025,19358937,76593794,1217725,5729839,18683923,84012566,3737396,6211088,7108334,3596015,33365686,28477114
2024-08-21,33398935,15723230,256696393,16049719,42496283,1400773,4592207,19315069,56920539,3773622,5849140,8118677,3759105,41317634,25452225
2024-08-22,43438338,19326729,372082119,30010966,45604076,1626757,5104301,18045059,81147283,5161232,6523253,6877193,4535428,55918426,37499091
2024-08-23,38612538,18462001,321015079,18804639,43615157,2021571,4708392,16467239,71812594,4518987,6818284,6110837,5335704,50476374,35921920
2024-08-26,30475779,13125230,328393636,18465984,49789508,1386506,3815479,12013722,57410878,2727191,7211486,5805336,3132680,35636907,27215224
2024-08-27,35863469,13459708,298901066,16641536,35018292,1403035,5273254,10111080,43691573,3872010,6491815,4372560,3826388,32546572,27272381
2024-08-28,37829001,14762659,415769690,17667592,33257966,1282940,10804699,14543443,49521921,3009929,6504222,3972342,4487909,40502535,36435908
2024-08-29,51671086,16940590,449351511,23465362,31540295,1954043,14287939,16242515,63660649,4586779,12507885,5622335,6659653,38576724,40786481
2024-08-30,52942635,24108938,332776909,25121404,31114301,1982051,10498510,15615054,177272012,7979640,11108018,5860890,5022652,62619208,33413059
2024-09-03,49700304,20225732,471026596,37062138,41893675,2754235,6026584,14864265,114897730,6784988,11604192,9276625,7342115,60340028,44548502
2024-09-04,43763365,15099585,369653427,20260751,41371101,1614282,4704371,15273864,85683534,6242874,6729597,4649333,6162281,47044374,32356943
2024-09-05,36518493,14154544,302249566,29630696,24918772,1572160,4071422,15744542,64884230,8724445,5588804,4102936,4428992,44134814,34220086
2024-09-06,48341856,19356112,408170289,75417585,39884535,2095853,6258448,21036849,92099201,11143584,10698185,6313136,6196699,68289587,50443174
2024-09-09,67003337,15225976,269247697,39102030,26684776,1994411,4585866,18672941,64085685,19297430,7055767,4864115,5457404,40239486,32743598
2024-09-10,51532648,19558722,264596665,36005646,36808617,2027917,3439241,11754524,55411446,37336152,7481348,4859050,5059930,36259004,29582079
2024-09-11,43863746,19105487,433251406,39639077,50541646,2658314,4596181,14882000,70476742,12324744,8183630,5892428,6381373,75058378,57604733
2024-09-12,37392454,16672427,363610885,43464909,29199555,5227270,5218743,13057224,51439494,15977660,6029030,7199900,5301046,51776508,39999835
2024-09-13,36676943,15857181,237414207,28967348,25038572,10412866,4997956,10168383,43655526,25682792,4039200,4616915,4022133,38766313,29023354
2024-09-16,59247974,13458132,242495010,23485364,27617808,5239623,5364137,16180644,144616438,27324787,6507357,3717667,3447625,36460934,22448243
2024-09-17,44630350,18851043,229925696,19799420,29834879,5149957,5417928,13225406,195397011,12545404,5824338,3478157,3488025,49111639,29997187
2024-09-18,59741039,18846164,304841958,26033206,26135622,3990344,4427602,12694606,118266074,12253515,5868505,4260926,6367881,58620666,39515407
2024-09-19,66701666,21668683,292511630,32393574,44402977,3579937,11016195,16271150,99015430,10069046,10892759,5154532,6963389,74978186,52604846
2024-09-20,318487107,55102829,379045480,91361866,40207156,6098788,11424878,44083751,258129921,12163719,27528622,14495346,7242970,77293474,33802063
2024-09-23,50169509,13954972,202043738,28136474,21682762,2105860,6032251,18276115,183780863,7794057,9800761,2756966,3744546,44075351,24786703
2024-09-24,43030449,16835258,352229852,33617352,26518441,2829933,7118284,26476535,108957909,6037016,9662588,5152291,3505949,46704921,25832431
2024-09-25,42062634,13321506,282939106,16556516,35068123,3207533,7915555,22396308,116273518,7132919,5067404,4120432,3051726,38268689,26324875
2024-09-26,36517845,14442778,300538560,24269809,37955890,3278049,5251783,18275224,92655404,7087304,8467252,4519610,4611945,48099756,31707908
2024-09-27,33934297,14820776,268972954,20548603,27015830,2713144,5215466,13865174,85438733,8971372,5874776,3072071,3039773,41867925,22750582
2024-09-30,53570168,16385285,225341895,16885285,21849416,2427932,5019134,16407377,66091292,10209024,7986500,5457527,2749860,63263174,30226549
2024-10-01,62896292,18901987,299474125,23725997,31745913,3725403,4369341,16601109,86089724,7590190,8268992,9038081,5645662,72143406,42405301
2024-10-02,32712880,16495266,216846650,14296293,24519324,1981462,8486366,11022438,58606614,6922978,4451097,4388930,2265275,37974636,23524837
2024-10-03,33895208,13631551,275348182,13051398,29521997,1918065,3866929,11025503,49357999,4733743,6255000,3166497,2889558,40664563,25169190
2024-10-04,37225426,19157680,243357195,17910810,44520415,1947263,6125795,11723464,49783270,6381453,6585403,4092841,2504084,42907530,30464735
2024-10-07,39146432,20746893,344584980,15529501,38269644,4861795,4793037,10937974,54784404,6788486,4351326,2770625,2212521,49761386,24509478
2024-10-08,31425054,19087303,283852086,20706110,34659500,3543657,5210000,12364863,58357190,7818115,7836583,6265314,3929131,37217741,28165986
2024-10-09,32237264,14859452,244518268,25448199,33813660,2867738,4849221,10578783,44652631,8108331,5481115,3214709,3787056,37802207,24805040
2024-10-10,28032274,13802307,241090200,16292955,74824930,2773352,3963234,9375647,44711566,7112176,5044269,3649045,2845367,44028658,25663937
2024-10-11,31330380,14120241,169560688,23039699,42062902,2988823,3596158,12702297,43437003,5612787,3796676,2814046,4422032,42038965,20552517
2024-10-14,39649642,16579743,230901973,17169482,31648803,3407981,3639964,11426562,35322671,4434258,9916310,3290937,4901512,36076789,25962900
2024-10-15,62233813,17676745,375593308,27254028,50637733,3604024,3848190,18627655,68575878,5845947,12599310,6815670,7087221,53203006,34637231
2024-10-16,33974946,15432033,263224683,15268027,30477674,1856811,3494945,32355451,61976649,6381317,6434518,3310571,2878857,30627361,22886773
2024-10-17,32756192,14791886,305155881,25193862,29376377,2766939,2828847,18379807,43642962,5464327,6068813,4686166,3023070,34158856,27042629
2024-10-18,46372722,17094069,175493029,17810449,23755387,2010047,3084718,17677620,39899227,4998127,6429098,4025077,2267890,36923093,25174494
2024-10-21,35293999,13320164,262183317,13663445,25607393,1677874,2710128,13502779,39582757,4190701,7110409,4947215,3156536,35983986,30152338
2024-10-22,38519533,24628168,223366206,11855828,34637204,2386753,3099585,14955385,49329924,5477630,7303560,7656488,3083531,33606125,26581094
2024-10-23,51987778,19569509,284257864,19440680,25954986,2014509,3222519,18702915,45530710,4827959,9766298,10535151,3021325,49135074,39071246
2024-10-24,29953675,13554961,171563196,20064298,22803179,2098397,3209344,14697632,40420296,3486922,4929491,9307890,2414097,34847206,21898471
2024-10-25,38679628,17012389,203497905,19671048,29640032,2422294,3350872,14678188,63327753,3672220,5492979,5102948,4154809,46291860,38514357
2024-10-28,35282713,14851491,172790529,13163064,35528039,2292165,3866196,12910819,41751631,4327986,5020337,4408809,2948797,30095309,20362993
2024-10-29,35256550,17542726,155187606,23332554,68263798,2085162,4275836,18805767,83155892,4117078,6371196,5520007,3720285,42733359,27684303
2024-10-30,46065361,27589764,176417792,17792652,87083054,2722505,2817982,13240177,50629571,5809393,8775115,4896559,4149962,41011126,28873474
2024-10-31,60498645,53801947,267946638,26005919,44191882,2974657,4297606,22005777,107630577,9469279,10250746,6538147,6048631,59844760,40892138
2024-11-01,63534640,23887024,195640541,17711743,38499927,2803573,3500089,19054102,169554515,5657852,6362374,4183727,5778023,44938139,33511372
2024-11-04,43520380,19624574,186207251,13467705,29008786,1954096,4731126,13266801,84387399,4802142,4942569,3692824,3154659,37333062,22978935
2024-11-05,27921873,17578069,159178374,13371491,26945938,1583955,4062906,10149263,58750670,5454804,5355324,5251654,3632706,38973295,23870683
2024-11-06,54428104,26515193,239969116,24126759,32674224,2964471,5867986,20400014,116117074,11036806,16974665,8524576,5475421,67459758,42527852
2024-11-07,41689184,19659596,204858807,18636968,30047917,2610638,5720178,17615377,100988959,7753587,23457406,5961597,5229820,46913592,32666120
2024-11-08,38284631,16865760,174942914,13480431,27430127,2853514,8480940,17506566,76140665,8507990,10724061,5019132,3616104,46340621,22561126
2024-11-11,41912738,20406673,181348255,17012051,29764341,3535257,13944075,17821825,77308467,5972041,7820342,6154679,3629598,37458377,24056091
2024-11-12,40309831,19350042,195525426,15831654,33464545,4117843,7651930,16582363,59769964,6624888,8467834,4988296,3763567,42786576,25668854
2024-11-13,48514472,21462337,191195658,17447920,34941239,3466234,6900103,35559691,58016509,5692134,7900837,7921767,3163981,46191028,24084586
2024-11-14,44834500,29486472,193509155,20591133,31553847,3094258,7619081,33726458,49048559,7798191,7001690,4780645,3299302,38472335,28268299
2024-11-15,47808588,28185460,248659820,20806087,44000552,4603487,7081333,28166517,54889177,8975074,9719917,5968473,5614214,74967620,51339865
2024-11-18,44560885,23987548,220066005,17847932,38649069,2179272,4223625,23759965,59514472,6287662,7811357,7911900,3081599,36905686,27021107
2024-11-19,34972548,17386955,224575892,16804908,23029540,1960468,5467578,17471692,57305791,5603866,6166356,5566245,3447755,49185789,24278993
2024-11-20,35070282,18485410,294636634,16931148,28540177,1872733,3760848,15285536,50001334,4854075,14425696,7341385,4435766,49713285,29098989
2024-11-21,40953742,20587448,399670193,24746647,28586719,2000650,8358669,16138773,54031570,11391701,10678572,8077911,5173488,46404497,34303159
2024-11-22,38151880,23977839,235410596,17150804,21704526,2286573,5647363,14949230,36109526,6877672,5638409,7861275,3534581,37901892,23740191
2024-11-25,89917277,27139901,328281216,26801964,30751738,3316631,7113781,52380196,90892918,15129364,9177130,9272377,5565075,41866117,25922073
2024-11-26,45862031,23071169,188724516,16240793,31974088,2361280,4479369,14178131,67740944,6422553,9399859,5206348,3110217,45434816,26337625
2024-11-27,33468012,18107956,225148431,19520813,30088107,2322501,7464690,12699014,53848161,8361367,6333168,4730180,3182831,33948894,24865348
2024-11-29,28481377,16271921,141863156,11024005,16085714,1450247,3517586,11618360,36616750,4628044,6112016,3167423,2084171,30177351,15333968
2024-12-02,42387069,20181122,169809713,20266549,32990403,2006639,6051426,15977275,146519877,8853246,9807520,6373612,4696497,31641403,25054950
2024-12-03,38664154,18272098,162028535,16974151,22556654,2110110,11466594,11741914,133969635,8902112,6956253,4741145,2780290,26783196,17179063
2024-12-04,42058052,25820463,229789820,31370514,25829477,3175667,24715131,16853402,104010306,8898217,6714775,5364869,5409707,42575300,25868619
2024-12-05,37374655,21657277,171865236,18442311,29500227,2568809,10930094,18783288,167460477,6384315,7270811,6045696,2816153,28591532,18054924
2024-12-06,35843338,18809417,184769425,27762122,33405077,2949386,5732213,14622178,78102192,10447945,9913468,5140399,3326408,31113930,23695106
2024-12-09,44549126,19114479,188217677,20843320,56748108,3583185,6463105,16504391,68502944,18829276,9473275,3879832,4013155,34403666,20446484
2024-12-10,36860112,18447572,209136848,27721009,38721141,2758930,6027064,14476918,89619195,26459021,8674555,6059519,5615431,37117729,24246151
2024-12-11,44396296,17658225,182366215,41156774,45346835,6153451,7542009,26829758,74243454,13166341,7078038,6056067,4272868,28466808,31433761
2024-12-12,32531859,20723281,155931272,40079680,33754143,17308382,5404679,17623337,77224401,8127572,5759896,4012446,3606973,31048103,22227126
2024-12-13,33005138,20164219,229669625,119475424,67322925,11298149,5499320,14107247,54853012,8192093,8439918,4772693,4334572,35849924,28747678
2024-12-16,51597227,23446412,236326226,111296980,41956266,5794836,5477309,26872993,73571965,9559541,9944936,5827548,4720747,43527620,31818349
2024-12-17,51158530,21897484,255335677,70256809,43060549,7380222,6887240,22732345,51451158,8839662,7154937,4939159,4059371,54836710,28114528
2024-12-18,56415608,23282600,269971541,51926234,48864595,6363195,8357273,23017956,84214782,8799295,10110401,8120758,8393838,105401343,53462536
2024-12-19,58934276,21513354,206546966,40301425,45317059,4926764,7414624,21302460,65924956,8170838,8056623,6144355,6675712,84561987,45806347
2024-12-20,125756467,54221383,304318249,130938897,53082391,8093076,14740846,68986030,106943141,13613300,17036817,11440262,7443100,125132361,60267193
2024-12-23,40805459,19098479,175208584,40368992,47607281,3778342,5329101,18666094,57821176,6513637,8856571,4296032,3985686,57547962,29544860
2024-12-24,23234705,7164543,105156989,22827188,24829564,1685003,1810961,9922346,29884026,2451547,2839592,1950853,2326657,33160097,17558215
2024-12-26,27141881,8152152,115316750,27662982,24675405,2126118,3468986,8518665,39483562,4091633,3829307,2016915,3535640,41075108,19054247
2024-12-27,42216888,18072418,170148022,29209741,32824273,2942954,3217931,13015484,48047413,4341451,7228952,3253278,4304812,64805104,33752055
2024-12-30,35415816,13123449,166877181,27193633,30318056,3469086,3410178,12930668,59450814,5247097,5345416,4064673,3970920,55560678,33935542
2024-12-31,39455593,13226198,155140056,17896521,30063843,2281651,3018946,14166453,49616316,4302126,4421370,3048395,4690442,57001679,29052917
2025-01-02,55513209,16834399,194906458,31425125,33569407,2503224,4797219,14859708,46301570,5360424,5000922,4500457,6382134,50038061,36076846
2025-01-03,40176198,15918750,228066217,24900115,35483717,5615946,4098325,16590198,48838260,5871192,5884814,4574084,4558357,37808389,28967742
2025-01-06,44985831,20540866,263140673,33961572,47736319,3989645,5777947,18540700,82939540,6840610,9590975,4681666,4484649,47413504,35963933
2025-01-07,40769593,18112552,349856067,25877102,39094189,4161687,4635432,16856627,61541171,7705690,7661934,5035096,5003329,60562081,36488106
2025-01-08,37144076,15030700,225176273,18626850,45676636,3505340,3786747,14389749,47723474,7578627,7725249,4227401,5010869,47113459,30615933
2025-01-10,61626223,20126025,206688372,23831043,58972902,5546444,6307111,17273664,71075505,12933582,6235225,7223431,5823972,72787474,39869491
2025-01-13,49529238,17568888,202567987,23677139,38635014,4555098,4576392,19337114,50463675,8329484,5710011,4797313,5322572,47559049,31285183
2025-01-14,39350032,16900446,194360015,18079048,36852407,3569763,5931073,16708663,47042321,7403152,6470716,4249768,3610026,48170755,33571011
2025-01-15,39759195,19606926,183700152,21700505,38055245,4341189,6037117,19181082,56163358,10506733,9278671,6287791,5231682,56428052,34577493
2025-01-16,71522602,15266127,208148678,23416987,29296787,4180806,5047109,18432177,44770438,9206878,7183954,7458178,2683772,43013009,27925689
2025-01-17,67874233,25440866,200203434,30496371,34036044,3976411,6283296,23800303,162750546,11593278,8063547,5387692,3371075,57965679,51674658
2025-01-21,97426771,25605784,191830473,29436340,30569572,3823394,6385816,18578507,95614130,28800661,7359337,9612350,3368769,42221620,22901551
2025-01-22,63883083,27756362,235366747,29509281,33919514,3388849,7251065,19424827,60687695,47900675,7262446,7119799,5113042,48059740,33389993
2025-01-23,60120863,18365540,155083210,17614142,23686924,2710404,4350672,14204942,55666143,17260223,7163351,12262350,3800022,40960568,22984793
2025-01-24,54583693,15535150,233301458,25363797,31400684,2629937,3296904,17230503,66047717,12137370,5821843,15848663,3302205,34553877,19805393
2025-01-27,94685610,35596767,805304621,90078880,60638423,4889490,15648688,33691798,82829822,42011418,15611604,11766121,10344602,69851531,60265052
2025-01-28,75161041,23329683,576531944,50179938,39982492,5375312,12084504,25004632,69747632,20291560,8711904,8679150,5628327,44243495,33009235
2025-01-29,45301445,21238435,435459323,30770399,39109932,2992987,6214965,17888920,77332861,9810359,5096364,4179596,4511392,36790584,25763361
2025-01-30,49929920,54243974,389452455,42317837,29478373,3282922,7565504,17062899,102062911,14945252,5882908,5800727,4395559,38634746,26765435
2025-01-31,99323125,34115649,385526568,41080271,40392165,4683741,5773917,16553291,116864386,8681624,7799465,6333601,5368953,66489652,38701935
2025-02-03,72347027,25537952,368198372,24352680,33554117,3341901,4535705,20346633,77040319,8224720,7421651,6153237,6863062,65444964,40005398
2025-02-04,44721239,20448838,254362356,23372496,58757408,2645088,4959911,12723404,44712806,6756661,5434384,5778729,4174511,33164503,25613687
2025-02-05,39071355,16306516,261637278,29155318,110283168,2937385,4501892,18986924,61112714,7854003,14618059,5939284,2696665,30505789,20969744
2025-02-06,29025428,16234605,247925246,20973647,50165295,2564616,13223260,15515725,45335122,7028580,16261822,5047634,3399464,35592755,18974421
2025-02-07,39608079,22840491,226981733,22079698,45835467,2692323,7612373,23859395,57953393,9980396,7836659,5380356,4275623,50085622,29076621
2025-02-10,33013249,20785300,215911821,23847403,34793153,3944772,5978828,15810115,72846753,7615642,6231005,3826508,3025680,25854495,20701983
2025-02-11,52369339,18115150,177560585,18447468,34880177,3254611,5451976,17693051,150467571,6524909,6585338,3795030,3227897,29793099,19180278
2025-02-12,45182714,16689228,159297811,15919241,25186789,3304821,5569603,29458093,161951983,7374139,5501766,5364014,4275840,45015226,24762220
2025-02-13,53518136,23838123,196656933,20916294,40772499,2791734,4306576,43184648,244076016,6411312,6356174,3691621,3912786,40785628,28480671
2025-02-14,40820406,22651228,194618497,16963467,32372042,2621686,5875032,23687514,229462974,7254099,4681793,4136653,2278291,26829020,17819800
2025-02-18,48168754,20622844,218103844,26031781,31607313,2971487,5253159,22036917,278128404,11414821,7284411,4536106,3006218,26633113,20355900
2025-02-19,32158677,24017178,166693151,16348502,28642519,2963401,5006687,14157975,150710904,8679343,6842515,8434667,2801354,30715474,19465263
2025-02-20,32265217,23446001,143258208,16074744,27124951,2335646,6385181,14823504,144378298,8725554,6309259,9187534,2993375,36423011,26338246
2025-02-21,53074260,27424201,226385478,24771753,41065824,3369554,7333404,18884902,111155907,9690889,12514325,7349829,4250709,75694227,46902832
2025-02-24,51161798,26077968,249606918,32964471,28919527,2806024,6524433,17268851,90994625,10507121,9818194,7671992,3609421,50503001,38758654
2025-02-25,47340032,29289951,269419607,33021373,38956121,2610069,7344023,22076637,88543733,8309204,8236712,7439104,5105429,57997473,48447416
2025-02-26,44195219,19567786,307078611,21175418,28997537,1944697,12358685,13417548,67048622,6896240,7299692,5608904,3810444,42928021,33632431
2025-02-27,41032076,21037401,439091545,27451973,46675742,2337297,16681247,24677943,97334048,7424433,9053098,7532379,5047072,73727364,51685949
2025-02-28,56590101,32817547,387303393,39682612,45085257,3936170,10859656,26706288,103938064,12837541,10144564,9023334,7083873,88220951,47502444
2025-03-03,46969535,22927834,407684186,37297714,38094935,2603920,6290056,21804176,138752714,8073614,9585886,6140379,6236479,73507762,43949652
2025-03-04,53117762,29171972,395367034,37803534,53302132,2939712,8954798,24578526,151574750,13164768,8954429,7158617,8853515,109047704,67426342
2025-03-05,47144023,23315935,280686143,25275589,27797749,2404038,6529068,14930483,126838515,7127973,6782692,5483340,5962156,70965167,46113144
2025-03-06,45077425,23263254,318055008,53887882,28798663,2727505,10390540,23134816,95513689,12285508,7796499,7111805,8212796,79211475,57078491
2025-03-07,46213462,21237367,340647669,74279088,33191457,3036739,8207852,21146900,80870648,12619343,8713987,7693994,5631359,80824455,54592129
2025-03-10,71764322,32695731,362032979,43977441,38535196,3991400,10030973,27365687,82353099,20250360,10101460,9152886,10758629,98451457,75593724
2025-03-11,76040455,28243541,353215661,41952132,33913951,3143147,8312174,25779809,80528492,27188441,8674001,7963710,7414630,87494448,68308485
2025-03-12,62416962,23943887,321685911,30327442,34088452,5235873,6877990,18933414,121659129,15364258,7105055,5433313,5488448,69323122,46606111
2025-03-13,61187743,20283616,296304880,27095432,28485468,14350193,9487601,16441056,242721715,14176800,5834214,5256224,6186438,73223264,45967588
2025-03-14,60041100,19918203,276305064,25871826,24665501,6125712,6974214,16246063,116443361,9322220,5305245,4926609,5019367,62495869,43419933
2025-03-17,47945299,21606839,252410399,26760066,43595391,4256468,4483236,15334823,160222143,9873574,5780191,4938232,5069183,48669703,41535640
2025-03-18,42378817,18689707,297598507,24819273,27100752,4294440,5591315,16663485,132215961,9399153,6896625,4076910,5743314,65647090,38812546
2025-03-19,54319965,18957900,270974995,37445354,32146564,4344524,5094932,14840435,134842331,6901393,5868888,5673381,4417275,66245859,40190112
2025-03-20,48780240,18450742,247099406,31389766,26789627,4002839,4809397,16476933,68762499,7043161,5085081,4977649,3568757,62669085,36541917
2025-03-21,93864219,38777530,265691830,41455737,30639387,7577655,9798684,62432422,93982644,17557762,10939797,11789594,5212340,83560596,42081444
2025-03-24,44229815,20213754,227315080,32364306,53142415,5214931,6762174,28294407,68891485,7842579,6030411,5694737,4093022,58476678,34045254
2025-03-25,34441695,15757713,166838735,23368160,28989143,3644711,4300493,20875732,51594894,8512459,3973771,4357167,3740316,38134510,25850214
2025-03-26,34438764,16097970,292514585,30545288,39771304,3424071,5069470,28474343,59376928,13194987,5958670,5812924,3884476,50987965,33999636
2025-03-27,37038396,13741020,235933426,32094267,32723267,2728334,3755262,20994898,57518287,9143597,6093842,5034088,3270217,41831256,33300481
2025-03-28,39763977,21598030,228842671,29388654,30956724,3828543,4580831,24078208,58144201,13137519,8915681,5490500,5317855,71462746,46092962
2025-03-31,65223126,35116550,296633819,35620261,30811070,3959634,7585062,29333891,65605218,15506302,8610421,9222259,7107165,94833608,52667023
2025-04-01,36360995,19430865,216734019,20136050,23426061,3834124,4550473,17375286,63865767,9510632,5703994,5956814,4695987,54260250,40810709
2025-04-02,34001306,15867029,211986326,19166496,20143232,2833768,5341009,18531679,57801394,11521916,5352257,4323532,4611085,71507433,46021722
2025-04-03,103036438,30124240,336185706,44208576,50277391,5318706,8120666,39987676,241710855,14413821,16449663,11878961,9711769,125194724,69733689
2025-04-04,125473772,48745006,528708860,72086066,65651368,5861032,9687917,42917855,174520653,14961776,18965401,14975185,16887469,215430515,116620738
2025-04-07,160131073,50007436,608281155,68259608,70267812,7662091,11960997,46537395,141926789,19472806,17928223,18325716,22271424,255513024,160743620
2025-04-08,120022199,35012838,471563694,58558865,69351854,6411654,9331915,37301618,162061649,11932647,14939062,13872474,12830043,163763669,99414249
2025-04-09,183556143,49263521,607223505,72514022,97502202,7174058,12476691,51560361,223125506,17742826,21202981,21565401,18453958,240539966,140891528
2025-04-10,120895753,37499032,432613186,51121871,64484525,5653595,9367952,31454241,128395513,12286781,14622572,15721948,9867305,161712682,107859810
2025-04-11,87233280,23821561,312478054,33917970,57815359,3940291,6086964,23031550,128159827,10181758,10945421,20769848,7208956,97637142,52377607
2025-04-14,101146065,19222279,263181814,25698523,35888020,3282542,5810466,15657058,101723773,8207760,6926627,10353112,5949120,67541798,43263844
2025-04-15,50893019,17129855,211926591,16883143,25782761,3016961,5222359,14708993,62886968,8616008,6324047,6946184,3588567,56166623,34427920
2025-04-16,59606017,21850583,393516983,34598411,62010493,3686960,7189068,20012297,89259708,8290315,10410204,10855315,6608413,82674938,48609603
2025-04-17,51290393,20935753,290171702,22447536,34673088,5206257,5563477,15841154,85341258,8918384,7090100,5690591,3737815,79245646,44675254
2025-04-21,46647376,20789972,285266036,22271550,33737989,3688816,8850504,15554929,72159808,12196080,8122713,8271516,4480575,68962155,43634309
2025-04-22,52143946,19338619,232766133,18282502,34693128,3243465,7118382,19928577,81582460,11144334,8206251,9128307,4637618,72431218,49534183
2025-04-23,52811174,20504696,245735115,24329170,40937860,3164950,5799868,27425022,96828603,9520096,9067848,14012166,6700903,89957327,55265155
2025-04-24,47123771,22152063,217957529,27476142,33505980,3079623,7508276,21220351,112142233,7286082,8801761,18942856,4654474,63049519,45173410
2025-04-25,38165982,18815464,250038757,21210318,28496200,3497255,5648552,16492277,147262210,5471220,5143774,8381652,3257884,60307805,38571263
2025-04-28,37751122,16529169,206648795,16354731,30387247,3161285,4968491,23100517,96366247,6969524,5732225,5162753,2785967,47372338,33262168
2025-04-29,35336284,14490539,168257239,14577957,20104739,2193623,3138935,13464712,61839429,4843675,6684616,6564916,4568550,47529342,30294627
2025-04-30,50494525,34164201,223080117,22217017,29136842,3296170,4607662,19279266,64690933,9351981,10440754,5946258,5081008,92217972,45723074
2025-05-01,53893132,58816115,234191673,24849086,29176178,2845606,5203708,16399869,72195212,11514601,22787772,6119847,5756750,62693073,42707290
2025-05-02,99381750,30714531,189509629,17742590,29850881,2284432,4322664,18751899,58227410,11337543,13128743,7642247,4055901,60446331,39120370
2025-05-05,67299356,20108905,132542377,13982403,41113140,2093834,4167826,14753120,40543845,5184320,7116063,4802341,3376981,38353532,27995086
2025-05-06,49572846,14990447,154273271,15728590,46189695,2946169,4668951,13216522,50474575,5093938,6900793,4519836,3959365,46522320,31336886
2025-05-07,67139058,23266212,205649399,19692306,86362856,2152410,4267291,14077841,57497004,6048642,10192377,5668341,4084136,55206162,37886750
2025-05-08,49136505,23449148,196934950,18415641,54037121,3380495,4785972,15134943,70390037,6105144,8481841,5168509,4349897,64729333,39320467
2025-05-09,36387739,14617213,132419968,13267279,31624653,2029260,4321941,17473492,50420585,4694445,6211276,8652777,3664688,37449763,27664247
2025-05-12,63611030,22782269,224000795,25382272,50376513,3156302,5934322,22135767,94359484,7867469,11409778,16208012,6735838,78737769,44830179
2025-05-13,51436779,22892151,326086643,28113005,55197898,2621114,6660867,18485140,72720645,11846469,10092843,9836480,6374360,67420254,52908935
2025-05-14,49221617,19855588,277817062,19718490,86408562,2405058,7923896,33777704,91049936,7490070,6961724,6551537,5120079,65912132,46816151
2025-05-15,43891214,21905966,225392781,18755414,43680177,2761046,4632671,60691660,62633985,10162949,6932104,5530171,4767623,71099655,49950987
2025-05-16,53537385,23778662,220869051,22981376,42708909,5384826,3824324,30225883,54942315,8491672,6634595,4503980,4044527,74341648,47577057
2025-05-19,45288976,21310192,192087586,15315738,37526304,3004997,5778499,16235366,64090290,10262125,7234475,6460139,5930172,67875592,52355080
2025-05-20,40941614,15420179,160231802,11745875,28771657,2381890,4024620,14991305,48275259,7568142,5263774,5287718,5136031,59658570,42046123
2025-05-21,59088002,19192562,269203353,17556199,43435339,2493206,5687332,15591783,62659441,6007810,9674560,8976866,9315545,94826672,71059011
2025-05-22,46598925,17988132,185968900,14306331,29082096,1887051,6638533,15624012,52573853,7587848,9523605,7497136,5684456,70651774,55148857
2025-05-23,77979528,16869595,198183555,15372211,30780528,2081717,8869240,15643425,67876680,6524693,8991519,7415919,5994579,75583765,58191766
2025-05-27,55823602,20928923,191518704,17886714,37720126,2675366,10942990,17421772,67312019,6968189,9773105,7936170,7102736,72313440,47000456
2025-05-28,44005187,16968212,281691051,20126860,26740231,2237704,12174650,13739786,45183536,8061575,6999726,5739565,5362842,66133214,44776455
2025-05-29,51262575,13948629,368341054,20708790,30436317,1779125,28032280,13970281,66331874,6989620,5976375,4531043,7004406,69699286,58410965
2025-05-30,70594453,34749904,331873047,27037966,36013026,4229194,12371842,25828462,113845842,17536954,13749158,15099657,6746696,90353651,67570016
2025-06-02,35322027,16600514,194879741,19125344,33980023,4150350,9200263,15806931,67712957,7164219,6415893,5647633,6436616,61363246,44545455
2025-06-03,46316415,15723626,222908789,30295322,37001283,2736369,7827779,15145235,80232942,7148087,6156730,5610101,7153605,63435238,43912142
2025-06-04,43200640,14130615,164289622,31427423,30927051,1841336,7367994,14766584,71013342,6371651,7135358,5778953,5447701,57106369,41139365
2025-06-05,54986278,20078760,228344005,40751783,33962916,2271751,8636145,17131883,72342165,7689862,5594463,6011942,7939610,92058932,60712940
2025-06-06,46447026,15270957,153319995,41031101,26954256,2142644,7499045,20912430,69891119,6827445,5788573,5338056,4512070,66455771,42370822
2025-06-09,72610961,16436792,184265764,25212849,55255505,3032165,5724842,13562022,92593094,9657674,10572389,6867146,5545914,52829285,33381150
2025-06-10,54502892,15350278,154968057,25447376,41530385,2620859,6303774,17174884,170646669,11029890,9023722,6236750,4915592,66008704,40460566
2025-06-11,60720200,16364784,166576396,24544769,32038554,3374876,6556104,20410390,146295856,16823962,8842632,5055917,4799550,73163679,53326703
2025-06-12,43715809,18863740,161102778,19528094,44475224,6097921,8045531,15138603,77978277,54542408,5676772,3254943,5602287,63602853,33816282
2025-06-13,51311642,16802184,177955979,18314429,39597221,10614600,7645662,14628689,87351190,53618173,8443959,5137978,6595728,89244251,55724519
2025-06-16,42848917,15548427,181709720,20291182,100337429,6792029,7173080,16880994,86261263,22597106,8679518,5862969,6929548,78947407,37010342
2025-06-17,38674576,15370924,137837176,21968519,86257559,6855372,9105152,18841872,87335944,17765502,7138698,4655389,5260181,81647302,41718522
2025-06-18,45254843,17490373,160697642,29099656,49408671,4795998,7619612,22654034,93952605,15035347,6699900,3739634,5529737,76334983,43753820
2025-06-20,95699699,37239015,242097212,41899134,79744716,8089543,12150871,50353804,133276477,20821558,15492106,12890122,5734430,93786918,61497632
2025-06-23,55486570,24793692,151658794,19439455,64195012,3709917,9274058,34002279,79931691,11889100,6843284,4542912,6109710,86422758,49838154
2025-06-24,53921745,22292751,186851386,31854388,78200508,4793604,9057971,22951989,130096549,19003731,7685669,7583818,5654454,67044738,45240278
2025-06-25,39418229,17463500,267608837,18851889,74173790,3714121,6067644,19378174,64745293,11787570,5276173,4747483,4613337,61620665,44556521
2025-06-26,50522071,21499180,196989506,23508090,57833874,3133864,6661000,22519490,62980425,10500463,6265072,4571157,5639261,77755224,43567938
2025-06-27,73065815,34515226,258376373,27020828,61502410,5081547,21735467,26204833,95044472,14118390,22078216,8583056,6090668,85843635,57411102
2025-06-30,91419873,28351542,194011465,24686168,42762211,4643063,8535426,29738671,76804255,31695115,7972852,5310729,6668208,92335911,45248523
2025-07-01,78539639,19915207,212346690,28817465,55078289,4513997,6252207,19679497,79010583,16693107,8937684,5854798,7559487,69737758,56003613
2025-07-02,67852575,16304120,170606478,16707446,39112404,6903930,6075067,16579205,137948433,22252392,8909834,5532010,5951191,66352267,36369898
2025-07-03,34955836,13984829,143716055,10592655,28645993,2863680,5031804,17973495,61175951,18441376,4280773,2561140,3556409,51065789,26443524
2025-07-07,49995337,13964727,139656207,16734729,37282575,3542572,6247876,22606281,80586420,16059942,7174241,5220668,5778919,74505230,45099952
2025-07-08,42753011,11832603,137325565,14840758,36003169,3706184,6656500,19766165,119209478,20324342,6873656,6844516,7855468,58871315,35938272
2025-07-09,48637876,18634092,182690163,20102087,36908316,4720124,6369848,23555202,70069611,10822209,4187512,5229655,6463922,65878300,42923721
2025-07-10,44307744,16463398,166977601,17843163,60857211,4019322,7236762,14968941,54482402,11467726,5670906,3969064,4993689,57364886,34522930
2025-07-11,39698191,16450775,191708977,14261873,49917041,3544249,6992123,14674687,49275145,9817686,5810541,5394849,4617012,63558901,39530227
2025-07-14,38639307,12044841,136467228,11904428,44606978,2896424,6528476,16370997,48311768,11321963,7365216,4708611,4051993,51702185,36267319
2025-07-15,42196361,14874459,229710350,17889789,93172989,2546302,5187900,13924711,65922337,10705107,6459278,4418148,7825234,73965329,43032318
2025-07-16,47403141,15138374,158261673,14801101,59116273,3589439,5645183,15154632,58716425,12548866,7100216,6420255,8885903,88717633,52115405
2025-07-17,47926174,17466439,160127802,17195167,50359923,3338680,5828883,20369280,49238143,17599530,7011162,4917037,5975591,68641643,39979560
2025-07-18,48597007,21116177,145619178,14932427,48698181,2445010,6376048,15760606,60074406,9665928,7420664,4535466,5138896,65463607,50361736
2025-07-21,51263393,14047811,121864191,17690146,38752607,2763285,6691144,14668009,61492224,7204349,7652318,8256082,4599447,63254851,39388944
2025-07-22,44986346,13826087,191553406,16145037,48678714,2444860,4992711,14519999,53371053,11352682,6917330,10982057,6718211,59732156,42858093
2025-07-23,46799888,16361249,152319935,20421399,40775558,1992969,5605310,12890693,68000149,7234611,7291535,30692875,5040474,70295233,39906932
2025-07-24,45906974,16071951,128266688,16372624,47441797,2689086,5871290,12942141,120959012,8227196,5007196,9032163,6078742,71181714,42141761
2025-07-25,38740263,19099261,121713073,11912231,53152642,2048374,4009129,11587115,244219059,7144722,4800910,7019540,3994125,56751184,30571907
2025-07-28,36618897,14279577,139259305,13322755,67672259,2982515,4525995,20550619,85542619,6746784,9619494,8578352,5754302,54819265,31388162
2025-07-29,49905901,16432135,153460750,18903791,107744343,4233097,5135345,15260119,100543961,8404007,9453212,7141633,6863198,60234497,45275515
2025-07-30,43590656,24805696,169241906,16528260,63348182,3284945,3911378,15463590,66978526,8375434,13934997,6934787,6947500,79007897,42787050
2025-07-31,73675900,51373652,219530209,25389328,71061131,4503976,7222335,18494620,85754498,15509493,24400531,9530994,8190783,102681411,63839635
2025-08-01,97248227,28942543,203419963,21400851,74873091,4305302,7641625,21648079,86247882,12497617,12698435,6622382,9706604,139864143,69258041
2025-08-04,73479003,25304908,147277079,17069765,52205875,6438002,4398523,17045629,68907228,8555863,8140172,4678463,6173582,73000742,47396255
2025-08-05,42548988,19124428,155048574,18158530,79614416,3900401,6754304,15430926,96872529,11177665,7783633,5757607,5583767,67763221,48251934
2025-08-06,102147702,21277766,133189734,17013241,131905789,3343825,5825520,23095282,61359522,9914933,8442274,6948085,5068656,63737452,40791897
2025-08-07,88488517,16020470,151034515,16269247,94982359,4655695,9994083,22099767,130684152,11925332,6740775,6557017,5157120,73649808,44012784
2025-08-08,111473204,15506164,122559528,12436533,68677763,3503867,8807230,31376667,75088551,8297821,5025988,5942944,5503258,63848697,35144113
2025-08-11,61167461,20170007,137866498,12373099,70207982,4358084,10612227,28711687,171141945,9003055,6209897,6439833,4708683,58558205,32968481
2025-08-12,55600507,18659586,145314611,17591958,52175713,3539965,12854285,21896351,131857349,9917437,9302062,9959195,5576255,64633166,41625562
2025-08-13,69795878,19571963,179208211,17341354,107516166,4370148,10196654,37002164,85727594,13951936,7096048,4965150,6994365,59966945,41087865
2025-08-14,51604487,19667636,129153773,15691880,66126373,3742328,7527801,39246589,180597099,10273911,6286093,3915787,7738494,59204242,45115629
2025-08-15,55786742,24675660,155805835,22463507,51364665,3695906,12818865,40825055,309038341,11511004,7573752,5869107,6682458,68385183,49368933
2025-08-18,36095483,23728118,129962542,14668257,35789951,2919223,8801092,20876649,203696971,6751911,4756943,2763035,6111199,43629324,29687983
2025-08-19,37653019,21109732,183429078,20083792,63643944,2804705,8634058,18713286,296037067,16708607,6387999,5488929,8679415,69321684,53154707
2025-08-20,42158256,27689275,214208450,23570118,59901820,3724829,8185504,14939525,160400856,11229999,7147843,8104007,11531081,88686132,76441218
2025-08-21,30447162,18382301,139440039,14911658,36513703,2357253,5628015,12443260,97303789,7393379,4989975,5286966,7565765,54626277,46167387
2025-08-22,42414621,24290111,172062099,16276229,43851412,3055386,6688914,16411460,195057344,9332605,7709831,6176857,6876921,83920031,51089196
2025-08-25,30940890,21608404,162059230,15103219,36008697,2249200,4757564,11507361,152966349,6172963,4649729,3224841,5340906,51113500,33902654
2025-08-26,54485780,30662038,167537274,25660463,51956530,4060250,8813192,28297019,78136944,11793567,9171291,4548737,5538227,51459663,33908376
2025-08-27,30154346,17207568,224952028,13753224,36620602,2351956,6484950,13814568,89798578,5623779,4544475,4188120,5762642,48028422,36584994
2025-08-28,38010865,17996419,279149680,18872828,36167553,3799280,8439135,15239792,59499006,8686812,8149703,6164597,6188842,61390389,46345248
2025-08-29,39355203,20935390,242455779,21567658,37400980,2636598,7351470,14951886,63362009,16603222,9947939,5372639,8718695,74202069,55648766
2025-09-02,43383751,18060323,230119930,19630232,38567696,4225789,9288384,18923594,57428349,10444810,7515843,6235514,9106669,81686343,65446020
2025-09-03,66256945,16199706,162185816,18474013,30667725,3007256,16413153,14088599,47521447,8756134,6080268,6837140,7816516,70445334,54091983
2025-09-04,46176037,15477741,140472786,28117924,31950700,4913191,30797002,14382494,58140639,10289819,7773497,11297861,12193911,64848036,47177619
2025-09-05,54395369,31945070,223106342,78257963,77802009,4660903,12870106,20879620,55637384,15271836,7950237,9489920,19254458,84526359,68191885
2025-09-08,48810099,16723075,161333194,42588158,41630332,5032849,12593798,14020966,50766415,18689837,7007409,9695711,10277340,62970818,46247365
2025-09-09,65448577,14225663,154167222,26411690,42170264,4304363,9671619,11629841,41372540,37332684,6116934,5846662,9657741,65509304,43651735
2025-09-10,83247860,21580222,225556919,50983756,52214074,4519453,10151579,14681757,61122725,130949430,8253319,5956128,12973229,77685920,49093539
2025-09-11,50054731,17987535,150418790,29343880,48635971,11283708,6935119,17467918,55194750,69657751,8345643,6589210,11701460,69724306,44351760
2025-09-12,55746710,23604670,124489784,31088003,42144342,14108642,8330362,18349831,52256612,51325413,5427998,6264378,7804445,72618253,50690157
2025-09-15,42595147,17102198,146654213,21262772,36621674,6727626,7114048,16199898,83695842,39123630,5602104,11450053,8124775,63561084,44223515
2025-09-16,63347541,19666641,138346924,21182296,27873991,6683678,8729835,18015425,60048360,51459963,7992523,7917373,8029706,60799667,36868268
2025-09-17,46413800,15773246,210693844,37737453,41668159,6433437,10069189,18633829,62671352,27558016,6027194,7203974,9461179,101524539,69037816
2025-09-18,44134688,18862229,191096564,23930577,84336786,4742992,9298300,20253689,522390355,24386456,10414503,7932656,10439809,90229643,60886467
2025-09-19,163348078,52277611,236478215,41138769,55319422,7675173,11771155,47783775,223708624,40278159,19433155,16186247,7834045,95802987,58069972
2025-09-22,105194924,19887289,268047807,28092107,46382072,4702730,7473975,20242782,129451559,44258698,6186969,7027259,7872429,69256607,57017699
2025-09-23,60211053,19776472,191362128,21018345,39283373,3827699,7659662,22228791,125968629,34891063,5464113,5899422,8220882,81525518,64492049
2025-09-24,42245202,13515777,143076123,19652527,38390040,6129383,6668982,17430403,161538132,33669651,9175845,5889327,6733438,67548678,49720099
2025-09-25,54980465,15722665,190966389,21638334,36718222,3332280,8104067,22339518,293241027,38904727,8086335,4025905,10673168,89336612,70755398
2025-09-26,45572011,16154692,148121428,15447750,30254003,3064858,4970537,15075905,267509486,25874478,4843419,6204282,8265138,68781166,54289918
2025-09-29,39621964,17413347,192512438,21265482,39578050,4071811,6346200,14111043,151465545,25679546,7518976,5087984,8039601,73351734,47378642
2025-09-30,37648235,19690534,236224214,20059646,29578483,5350015,10781969,20486591,124198915,23824603,5590079,3869765,9086541,94160509,46673029
2025-10-01,48648664,22598521,173243012,21079085,39744734,6490379,9998696,15526875,161421996,23205647,6147748,7668903,8703556,72276936,46746053
2025-10-02,42543552,21168736,136126571,19857605,55232071,3946031,7668687,15676484,148680513,16057670,5491956,6791874,8802161,56772349,43651719
2025-10-03,49090168,15091155,136391428,14714164,41813609,3118353,8843414,11097930,124831999,13650504,5134052,5165103,8727612,70252086,46404223
2025-10-06,42479823,21353271,156176982,18363977,247548798,5253069,13902022,19248321,110441617,14039885,8260159,5942076,8967543,53832901,41632796
2025-10-07,31905345,14595265,139256002,18026089,115390053,3271631,8341343,16154471,110459778,31626426,7135282,5325083,7792660,71849045,58029444
2025-10-08,36143441,13337957,129599432,21427407,157101938,3279508,7111308,32059663,102705711,18744619,7294065,6374319,7018004,60542944,50353594
2025-10-09,38194134,18286781,182132097,17598034,93857492,2887979,7891553,21190084,89237443,26354469,6912684,5000117,5984582,66176146,45342461
2025-10-10,61479469,23917421,263012837,28693929,116019597,4250329,7944863,20923256,177505044,28585293,15744798,9613064,22272829,157214927,95115794
2025-10-13,37584111,14263856,151746975,45856260,62846871,3016794,8246629,14118815,103022664,21370400,10298222,8608099,11013739,79226469,65403513
2025-10-14,35420857,14661513,202898203,21989166,70853036,3032044,9091289,15397860,117378591,17017118,8670080,9867143,13459995,88553034,68974791
2025-10-15,33759733,14669855,212348099,23876458,107923870,3913622,7817209,16251237,98802042,13369916,7326616,9364378,10464746,81474916,62491477
2025-10-16,39674321,15508932,178763591,19960938,69246683,4559663,24831885,13935938,82837937,32244195,5675496,7184189,11578340,110016094,70466514
2025-10-17,48855678,19793611,171798846,20779610,55340150,4006237,10815854,16260167,118406394,37171064,4823220,5077093,12707446,96037957,71663272
2025-10-20,90109090,14571623,128039472,14811377,56560201,3759464,9948380,12131410,79810808,32264335,8183961,6418185,6900717,60299124,45439330
2025-10-21,46614366,15566275,123740809,15059755,46954969,4382067,13341481,15700348,72756875,18213256,6163885,10004165,6248305,56058442,44129192
2025-10-22,42924013,18173358,161461682,18637298,58571984,3324941,9067150,14953381,86551635,16061851,10072956,25757117,10359587,80337308,61013582
2025-10-23,32632883,13976090,110797887,12766586,38575901,2402648,6103837,14576958,113396514,16707608,6541405,8408181,5960194,65496024,42433146
2025-10-24,38188428,15508839,130770524,16119772,70804612,2013321,5479382,13068815,244969722,12755366,6246819,7686758,7170653,73785477,47544917
2025-10-27,44643142,18663834,151292529,19178126,64337462,2820247,4878213,15881129,156810488,13775569,81602258,8598929,7566847,63027798,53530361
2025-10-28,41411857,29866269,293644412,20159379,47185663,2993979,6427837,19867377,180531603,12068833,20259674,9636812,7516342,61587019,60678661
2025-10-29,50892046,33481412,305835268,24770437,49074110,6728345,7842622,18002257,106483030,17604660,11568599,11949906,10738154,84965259,66692885
2025-10-30,67256891,40825901,176850237,24191590,44833860,4301583,7744975,18072735,80888112,27656487,7831340,9462995,9602261,76151034,60881967
2025-10-31,86045995,33948452,179282179,21575770,34352453,3759254,6874983,24004379,74615049,16345195,9441052,7673613,8151064,86638897,66244081
2025-11-03,50103178,22321665,177898642,16287993,36073479,3856867,7047896,21663163,60889161,15658202,8517327,5205886,6988444,56976521,36812843
2025-11-04,49113197,20876824,185994873,23922072,53574400,3685154,6742418,22152952,100860661,19626471,12281197,10730822,8344639,77635750,62984235
2025-11-05,42621320,22938515,167929637,17052933,67180639,2641058,5205019,15965672,74309937,11898091,18484895,9437851,7198669,73562821,48038760
2025-11-06,51073174,27289473,221772801,19834662,65721213,3879239,11023009,16450559,74886910,18550167,16162967,5794791,12394012,84437051,71439663
2025-11-07,48154140,23934736,263082568,21637290,51899996,4107782,5726630,16899671,95038006,20388695,10594662,8745050,12771429,100017131,81610282
2025-11-10,41244111,26073839,197538152,16381481,43166911,3084308,6473347,22162105,77454778,16277222,10104459,7641190,9139840,75143629,55665899
2025-11-11,46114148,17951823,175402291,16413970,59699979,2824603,5724368,21356722,53479235,20327210,8401043,7260281,7433971,58719675,44640678
2025-11-12,48062013,26524125,153851054,12147722,108354637,2930016,4235308,55333281,53581796,23708993,8769437,6236519,6588056,61557602,46842813
2025-11-13,48490449,25232051,206215670,22553972,62928765,3080406,5484839,57597956,95260798,29587050,9508111,7717538,11190296,102621390,70614303
2025-11-14,47354729,28471987,185793542,18160269,47236788,2745058,5405558,38793183,71443298,36003012,7947095,6040273,13708454,96647163,79931331
2025-11-17,44922529,19057748,172501837,14741480,37773610,3286027,5260016,28681722,72055356,16082490,10199731,7341630,12335312,89776171,63222728
2025-11-18,43695284,32733840,211970858,21592440,45436791,3229729,8011573,26016781,61026683,21027688,11068705,8127018,18369245,113862439,82394069
2025-11-19,40223839,22881796,230394324,21658120,50933299,3723241,9633833,24713678,65928569,21043571,8134354,5562049,13806868,93662506,71945916
2025-11-20,45598424,26631947,338630833,28706225,65666511,3871169,7498278,27338832,95680709,26839182,12049458,7885721,28257942,163436048,116518384
2025-11-21,58742818,31403497,345657743,30231136,67248786,4822070,7383223,24408696,105459547,44472672,10810883,11683394,22475463,122914302,103221929
2025-11-24,64383085,32983679,250511065,46647773,45918330,5278550,8452823,26525054,103451431,31010721,12005167,9251590,9741793,79915004,59293445
2025-11-25,46803830,27946539,318733389,33420514,69469092,3758094,9663971,18788966,62034114,29547172,7751751,7404954,10647032,80879887,57328117
2025-11-26,33299118,25660454,182775896,28635686,43124325,3019261,7928669,15961274,54400920,26190976,7959482,7344495,6677656,71657642,42241658
2025-11-28,20135620,14386730,121332776,13365500,18657987,1802225,3691505,7320910,95799486,13848479,5068827,4018060,3396091,49212030,23034394
2025-12-01,46401955,23917448,187473222,23151751,30695075,3648254,5624939,15513462,74231718,13351556,6813613,6168500,6408159,60375991,40556749
2025-12-02,53512149,19543040,181874955,22133874,41830863,3941460,7599537,14610288,163172507,19579906,9145377,9436173,7857576,62756951,54194238
2025-12-03,43369343,33629023,162264999,21054954,28441478,3029361,13005131,15681952,86012447,18990857,7615311,9182053,5808693,57025975,47593694
2025-12-04,42684393,22129274,166531446,15797349,24396935,3562416,20610963,12562006,105600264,23016719,7239615,6720210,4996594,61746889,46930217
2025-12-05,47233386,22557184,143380928,24689940,33216910,7622577,15710661,12575312,99279460,24063600,8396891,6584427,6619855,78461177,53313272
2025-12-08,36486716,20808389,198209395,30284683,30409213,4225891,10772266,17413986,93330251,24532984,6678587,6418178,8256828,54331759,42595371
2025-12-09,31804347,14666126,143950248,24492622,25101040,4256921,7714145,15730127,61667702,17450455,7716633,3759595,6971002,58044988,37004829
2025-12-10,32107402,34576451,159358378,29501292,22737757,6615335,8884520,21281066,75593248,42183157,11084107,5231137,8886966,84152657,54151474
2025-12-11,32762863,24589763,180333838,40297443,30383866,10140764,7457261,18654823,58647193,99966710,6312670,4819641,9762895,85299875,56931316
2025-12-12,38789271,21151183,202968435,95260513,36598971,5449145,5979162,16664719,86299791,54891443,8599860,5979754,14820856,111965579,74925624
2025-12-15,49769841,23451930,163654728,65423202,26890051,5421483,10236779,17155083,58026361,43636838,6948741,8944808,10748500,89573066,49022392
2025-12-16,37349217,20293598,147616871,57866653,23091630,4051974,6004810,17462215,50156321,32283983,7130639,5701332,10678433,120782414,54610984
2025-12-17,49422051,23839576,221221788,72990601,31312520,4260288,6258339,25384531,51391049,49546111,8496202,8857885,18084625,108320570,70194106
2025-12-18,51514825,27439127,174503281,54304245,29555284,3298855,5543738,18808316,64229149,33167017,8802235,8164610,12276696,107782628,78238595
2025-12-19,144264188,70595960,323428023,158677774,58246737,8611583,20522136,84387554,156402953,76481657,25209768,18892790,14190051,102870142,59806443
2025-12-22,36452695,16538393,126130210,28229360,24851934,2953508,5599493,17492709,48476177,27007141,6407245,5089896,8839462,69128042,43602014
2025-12-23,29363196,14580567,173377421,27793308,20198871,2911510,4660901,13676862,35629203,18215964,4683166,3475971,7297732,64186849,40721376
2025-12-24,17910574,5855880,65528545,11424403,7956797,1166487,2076637,9104399,37443756,9282733,1645260,1266543,3676257,39445560,18468707
2025-12-26,21440476,8804649,139103497,14868783,15698922,1440152,2454556,6319103,28427156,11193364,2440484,3169985,5015747,41357642,28495465
2025-12-29,23540122,10840372,119441424,21897552,20056769,2790562,4202207,14637329,36699391,14648204,3975993,4074272,9751132,62459327,32322829
2025-12-30,22090857,12931924,97080005,14877355,16141210,2143714,3279365,13192072,58913722,14137806,3415993,3721792,6375717,46991122,30739923
2025-12-31,27189445,15103824,119511970,15273371,17485093,2114148,3293557,13503268,51336434,10260143,4678097,3416496,9501647,73925084,40349505
