date,AAPL,MSFT,NVDA,AVGO,AMD,ADBE,CRM,CSCO,INTC,ORCL,QCOM,TXN,SPY,XLK,QQQ
2020-07-01,-0.0,0.0,0.0,-0.0,-0.0,0.0,0.0,-0.0,-0.0,0.0,0.0007901153419140484,-0.0,1.8742298153897287e-05,1.9968902342869274e-05,0.0003508368600537994
2020-07-02,0.0,0.0,0.0,0.0,-0.0,0.0,0.0,-0.0,0.0,0.0,-0.0011506150464794492,0.0,4.1471907551484776e-06,0.00014017492962399886,0.00012888459066205375
2020-07-06,0.0,0.0,0.0,0.0,0.0,0.0,0.0,0.0,0.0,0.0,-0.0005682186809416596,0.0,-4.154118708691309e-05,0.0006259863403441879,0.000234219531366463
2020-07-07,-0.0,-0.0,0.0,-0.0,-0.0,-0.0,-0.0,-0.0,-0.0,-0.0,0.00042148741972187586,-0.0,5.261203666973415e-07,-0.00042049268421297904,-2.350194698206356e-05
2020-07-08,0.0,0.0,0.0,0.0,0.0,0.0,0.0,0.0,0.0,0.0,-0.0007486540469344359,0.0,3.991331096263424e-05,0.0005616707094957339,5.303285379442075e-05
2020-07-09,0.0,0.0,0.0,0.0,0.0,0.0,0.0,0.0,-0.0,0.0,0.00014990909612673704,0.0,-5.029235818667795e-05,0.00014130250534502805,-3.668385342008831e-05
2020-07-10,0.0,-0.0,-0.0,0.0003214040461354018,-0.0,0.0,-0.0,-0.0,0.0,-0.0,-0.0,0.0,0.00028656148705903466,-1.7623278544248228e-05,-0.0003351651022880544
2020-07-13,-0.0,-0.0,-0.0,0.001289013123483459,-0.0,-0.0,-0.0,-0.0,-0.0,-0.0,-0.0,-0.0,-0.00023819751058145369,-0.001363322426019329,0.0010460894973893188
2020-07-14,0.0,0.0,0.0,0.0,0.0,-0.0,0.0,0.0,0.0,0.0,0.0,0.0,-0.0,-0.0,-0.0
2020-07-15,0.0,-0.0,-0.0,-0.0,0.0,-0.0,-0.0,0.0,0.0,-0.0,0.0,0.0,-0.0,-0.0,-0.0
2020-07-16,-0.0,-0.0,-0.0,-0.0,-0.0,-0.0,-0.0,-0.0,0.0,-0.0,-0.0,0.0,0.0,0.0,0.0
2020-07-17,-0.0,-0.0,0.0,0.0,0.0,0.0,0.0,0.0,0.0,-0.0,0.0,0.0,-0.0,-0.0,-0.0
2020-07-20,0.0,0.0,0.0,0.0,0.0,0.0,0.0,0.0,0.0,0.0,0.0,0.0,-0.0,-0.0,-0.0
2020-07-21,-0.0,-0.0,-0.0,-0.0,-0.0,-0.0,-0.0,0.0,-0.0,0.0,-0.0,-0.0,-0.0,0.0,0.0
2020-07-22,0.0,0.0,0.0,-0.0,0.0,0.0,0.0,-0.0,0.0,0.0,0.0,-0.0,-0.0,-0.0,-0.0
2020-07-23,-0.0,-0.0,-0.0,-0.0006624312974244807,0.0018294723716146086,-0.0,-0.0,0.0,-0.0,-0.0,-0.0,-0.0,0.0006945050211105713,0.0009215099338660674,-0.002428283700846399
2020-07-24,-0.00012401602389362993,-0.0,0.0,-0.0006304311251005682,-0.007636738793608141,-0.0,-0.0,-0.0,-0.0,-0.0,-0.0,0.0,0.0003377794574196051,0.0008023084567412545,-0.0007996993787830933
2020-07-27,0.0011711886677590701,0.0,0.0,0.0011140855751849198,-0.0,0.0,0.0,0.0,-0.0010184058135681141,-0.0,0.0,0.0,-0.00017123044739032897,-0.0019251159362950244,0.0004881730373105086
2020-07-28,-0.0008282010556920317,-0.0,-0.0,-0.0008596569999555602,-0.0,-0.0,-0.0,-0.0,-0.0,0.0,-0.0,-0.0,0.00011044283747192255,0.0010196932771062658,-0.00033458653152570084
2020-07-29,0.0009493493899153858,-0.0005023682923060509,0.0,0.000243427939444493,0.0,0.0,0.0,0.0,-0.0,0.0,0.0,0.0,-0.00047610172874713115,-0.0006594871813067027,0.0005102140006165174
2020-07-30,0.0006013773275094653,3.92195333374807e-05,0.0,0.0005233963567412815,0.0,0.0,-0.0,-0.0,-0.0,-0.0,0.0,-0.0,0.00013591666347259975,-0.0002595279973802878,0.00023123201644267152
2020-07-31,0.004978175942913655,0.0,0.0,0.0007394584962257322,-0.0,0.0,0.0,0.0,-0.0,0.0,0.0007424948472522502,-0.0,-0.00011293471418595248,-0.0007235696124838152,0.000146655304760232
2020-08-03,0.0,0.0,0.0,0.0007022279130403517,0.0,0.0,0.0,0.0,0.0,0.0,-0.0018496532858458888,0.0,-9.894831074800075e-05,-0.00045239055935050813,0.0004644683566132032
2020-08-04,-0.0003327970566574607,-0.0,0.0,0.001102227449133589,0.0,-0.0,-0.0,0.0005378096773782159,0.0,0.0,-0.0006166759951651015,0.0,-0.00022030310721877214,3.381377693890752e-05,0.0001815016193532635
2020-08-05,-0.00018090609215179167,-0.0,0.0,0.00017479080922790896,0.0,0.0,0.0,-0.0003578962649288832,-0.0,-0.0,-0.00019789537392476766,0.0,-0.0003457727350567429,5.0217082719907994e-05,0.00011957647682778407
2020-08-06,-0.0017147216516986354,0.0,0.0,-5.768939458865706e-05,0.0,0.0,0.0,0.00046267417418568513,-0.0,-0.0,0.0001483480521818653,0.0,-0.00037408430441788956,0.00018263588927837964,0.0006489850257759
2020-08-07,0.0012399808861302214,-0.0,-0.0,-0.0004930660176833865,-0.0,-0.0,-0.0,-0.00035714437561901126,-0.0,-0.0,0.0012813614465430946,-0.0,-4.082355099009609e-05,-0.0002139008783161477,-0.0005585877110308892
2020-08-10,-0.0007215100179959297,-0.0,-0.0,0.00021889241897085802,-0.0,-0.0,-0.0,0.0003152595564157436,0.0,-0.0,0.0008806900253890082,0.0,-0.00017209470573162426,-5.529592417704826e-05,-0.00019339256916723794
2020-08-11,0.0015095528624966689,-0.0,-0.0,-0.0005112189332384578,-0.0,-0.0,-0.0,-0.0005689062639754434,-0.0,-0.0,-0.0011478732666575606,0.0,0.0004736046918443288,-0.0003624091565832944,-0.0008697343075012121
2020-08-12,-0.0016346982847140472,0.0,0.0,0.0014613231637459207,0.0,0.0,0.0,0.0009550085686709608,0.0,-9.221692027529745e-05,-0.003099558695810572,0.0,-0.0010476630272300892,0.0002471445745935101,0.001133504720842543
2020-08-13,-0.0008771385366215325,-0.0,0.0,-0.0006364517509440602,-0.0,0.0,0.0006498956773542865,-0.005930749122988809,-0.0,-0.00013864506526689788,0.0010384317398471304,-0.0,0.00011506585284210451,-1.9701766243868828e-05,0.00012622368332234932
2020-08-14,4.4581211430439426e-05,0.0,0.0,-0.0002434427546657786,-0.0,-0.0,-0.00043232384627014454,-0.00025815593607840916,0.0,0.00016632800405654642,-0.00014527855257072156,0.0,-2.1860149957538574e-06,2.5843363608495567e-05,-6.29258747574374e-05
2020-08-17,0.0001307104855248181,0.0,-0.0032353026467613986,0.00037986021583103353,0.0,0.0,0.0008406143665105483,-0.0004846946573945906,0.0,-0.00019410321077024582,0.000690520889923133,0.0,-0.0003439406935866953,-8.687645453814916e-05,0.001196322693249754
2020-08-18,-0.00041491309909793216,0.0,0.00030998869504810585,-0.00025494774188207964,-0.0,0.0,0.001814297608301296,-0.00013084341949962602,-0.0,0.0010900862279472198,6.69015754779464e-05,0.0,-0.00023313013405129696,-5.9071198088836964e-05,0.0010115870051480196
2020-08-19,-6.269728845054673e-05,-0.0,0.000501044183767044,8.664591360383163e-05,-0.0,-0.0,0.0,-0.00013118671807174092,-0.0,0.0009158094055252751,0.0004438097906068749,-0.0,0.0005201247028686592,-4.433792609220153e-05,-0.0007028491830598795
2020-08-20,-0.0010973483300428571,0.001150234565036296,-1.0296752440683622e-05,-5.774725582640509e-05,0.0,0.0,0.0,0.0005226942350462048,0.0,-0.0,-0.0,0.0,-0.0002293964383757701,-0.0008530966653864133,0.0014727626246576146
2020-08-21,-0.0025124286074218946,-0.00036482855967902826,-0.0021856890797938874,0.0001806179394458565,0.0,-0.0,0.000474778169317595,-7.095554643966762e-05,0.0,-0.0,0.0,0.0,-0.0002895544443006722,-0.00041529905965419087,0.000838913244031412
2020-08-24,-0.0005944660447819902,0.00015701543216762052,-0.00014466378245856607,0.0005993867146020754,-0.0,0.0,0.0,-8.290893762771868e-05,-0.0,0.0,0.0,0.0,-0.0006976022796560557,-0.00038499750449673127,0.000520091953640937
2020-08-25,0.00041187790873082496,0.0006462801526695953,-0.00011680298987738533,0.00031933734358599824,0.0,0.0,0.0,-0.000261469576126602,0.0,0.0,0.0,0.0,-0.0002553038837680802,-0.00023978291657302114,0.0007197779777503209
2020-08-26,-0.000675370078866867,0.001069461730128587,-9.011482281024023e-05,0.0005223409100365617,-0.0,0.0,-0.011573399150353353,0.00034437851375432554,0.0,0.0,0.0,0.0,-0.0009677005307401012,-0.0002251520573212578,0.002447056515140328
2020-08-27,-0.0,0.0012128439565503414,-0.0,-7.80778285085128e-05,-0.0,0.0017492951860851908,0.0,0.0,-0.0,-0.0,-0.0,-0.0,-5.3180436265051065e-05,-6.966043952489796e-05,-0.0002328897106782465
2020-08-28,-0.0,0.0005115414879285551,0.0,0.0008304770134361906,0.0,0.0,-0.0,-0.0,0.0,0.0,0.0,0.0,3.3527697788802095e-05,-0.0008223846442753609,7.644694516761317e-05
2020-08-31,0.0,-0.0,0.0,0.0003367210725788691,0.0,-0.0,0.0,0.0,0.0,-0.0,0.0,-0.0,5.5829727044476554e-05,-0.000153181928895636,0.0002198018086974321
2020-09-01,0.0,0.00038427750989519414,0.0,0.001753423670949373,0.0,0.0,0.0,-0.0,-0.0,0.0,0.0,0.0,3.519212520359328e-05,-0.0018450000267714558,0.00032699664129907284
2020-09-02,-0.0,0.0009544436938368211,-0.0018658417697839443,0.0,-0.0,0.0,-0.0,0.0,0.0,0.0,0.0,0.0,-4.306064835679122e-06,-0.0002296042974459332,0.00029533906937684345
2020-09-03,-0.0,-0.003197436230013671,0.00486825275490257,-0.0,-0.0,-0.0,-0.0,-0.0,-0.0,-0.0,-0.0,-0.0,-0.00013525565669109642,0.0015994634852891068,-0.001550691531887038
2020-09-04,0.0,-0.000706766489224742,0.001533000958429169,0.0,-0.0,-0.0,-0.0,-0.0,-0.0,-0.0,-0.0,-0.0,1.4517697514884366e-06,0.00027269347277975617,-0.0003958451511314336
2020-09-08,-0.0,-0.0027806929728858842,0.0028925347466854817,0.0017395130542909834,-0.0,-0.0,-0.0,-0.0,-0.0,-0.0,-0.0,-0.0,-0.00031993273802330386,-0.0014319663539816372,-0.00017842231821757089
2020-09-09,0.0,0.0020850949702628544,-0.003257607902842945,-0.0013356269333214994,0.0,0.0,0.0,0.0,0.0,0.0,0.0,0.0,0.00020180948407867095,0.0009870003159718904,8.65984608993894e-05
2020-09-10,-0.0,-0.0014209183536713422,0.0016114153968387287,0.00041137575001492913,-0.0,-0.0,-0.0,-0.0,-0.0,0.0,-0.0,-0.0,-0.00016131607930004605,-0.0007853014875885012,-7.444986317450481e-06
2020-09-11,-0.0,-0.00032730942481724195,0.0006016108533634739,-0.00036552521952085484,-0.0,-0.0,-0.0,0.0,0.0,0.00028863895428706427,0.0,-0.0,1.5032321851125456e-05,-0.00040962345217240875,0.00010771912924597078
2020-09-14,0.0,0.0,-0.0028275978816340768,-0.00034630973738672736,0.0,-0.0015211251862127853,0.0,0.0,0.0,-0.0021126274867700715,0.0,0.0,-0.0002782747109584471,0.001842991416255184,0.0012476338024295839
2020-09-15,0.0,0.0,-0.0004591489255437645,-0.0006460020461720195,0.0,-0.0011956892602939173,0.0,0.0,0.0,-0.001229297799380576,0.0,0.0,-8.341531200600873e-05,0.0008913627597409229,0.0009783173499335184
2020-09-16,-0.0,-0.0,0.0018684418992746953,-1.7712378412626113e-05,-0.0,0.002225967627043669,-0.0,-0.0,0.0,-0.0,-0.0,-0.0,0.0001221252338512244,-0.00115262291775085,-0.001264301488904275
2020-09-17,-0.0,-0.0,0.0002041799618546532,-0.0,-0.0,0.00017889106739419833,-0.0,-0.0,-0.0,-0.0,0.0,0.0,0.0003413804181081291,-0.00026932425336404777,-0.001525892921151327
2020-09-18,-0.0,-0.0,0.0011124978515736942,-0.0,-0.0,0.0007166869001040146,-0.0,-0.0,-0.0,-0.0,-0.0,0.0006235299038683227,0.0002754058386175839,-0.0008297612192289534,-0.001207326003088307
2020-09-21,0.0,0.0,-0.0013276638611919465,-0.0,0.0,-0.0008577485343961128,0.0,-0.0,-0.0,0.0,0.0,0.0006094981872292617,0.00017800386891822536,0.0002919099689854395,0.0002223513278200707
2020-09-22,0.0,0.0,-0.00047903367806085244,0.0,-0.0,-0.0011575505032825244,0.0,0.0,0.0,-0.0,0.0,-0.0006058921146014024,-0.0002086774720749179,0.0007801033144973825,0.001727336981240952
2020-09-23,-0.0,-0.0,0.002076101390948761,-0.0,-0.0,0.0017125068889989,-0.0,-0.0,-0.0,-0.0,-0.0,0.0012746755107848936,0.0005086830892741564,-0.001659826839858102,-0.0028147820334433345
2020-09-24,0.0,0.0,-0.0009163883957148703,0.0,0.0,0.0002899609431175626,0.0,-0.0,0.0,0.0,0.0,-0.0005628163159236234,-4.2096954419308354e-05,0.0002825378096386064,0.000416718326376086
2020-09-25,0.0,0.0,-0.0020848123908980792,0.0,0.0,-0.0012782373254538327,0.0,0.0,0.0,0.0,0.0,-0.0005927126605236651,-0.0002615045793849056,0.0012123536047513935,0.002044395231489376
2020-09-28,0.0,0.0,-0.0006223846463795238,0.0,0.0,-0.0009016138300302724,0.0,0.0,0.0,-0.0,0.0,-0.001291729586090088,-0.00020751950885843494,0.0006636878132603236,0.0021360994139518427
2020-09-29,-0.0,-0.0,0.0,-0.0,0.0,-8.385831958336235e-05,0.0,-0.0,-0.0,-0.0,-0.0,0.00015523580067722373,3.439561947632816e-05,4.0667886417449216e-05,-0.0004115211500670713
2020-09-30,0.0,0.0,0.0,0.0,0.0,-0.00011227244041264923,0.0,0.0,0.0,0.0,0.0,-0.00045376511794558924,-5.225145636294171e-05,-9.787889070587414e-05,0.0006210462445405594
2020-10-01,0.0,0.0,-0.0003094502417619931,0.0,0.0,-0.0009172530302964239,0.0,-0.0,0.0,-0.0,0.0,-0.0007368920307814409,-9.144782740457115e-05,0.0003966446906946588,0.0016017928748923785
2020-10-02,-0.0,-0.0,0.002070450523211187,-0.0,-0.0,-0.0,-0.0,-0.0,-0.0,-0.0,-0.0,0.001335743771638324,-0.00024635950625788173,-0.001182707086158103,-0.0005924049924476757
2020-10-05,0.0,0.0,0.0,0.0,0.0,0.0,0.0,0.0,0.0,0.0,0.0,-0.0010485358121317147,0.0005797801197968063,-0.00012600842745321162,0.0002890406635286383
2020-10-06,-0.0,-0.0,0.0,-0.0,-0.0,-0.0,-0.0,0.0,-0.0,-0.0,-0.0,7.988054350719151e-05,-0.0005201759762564116,0.0001792550160204112,-0.00031874360514653783
2020-10-07,0.0,0.0,-0.000821303280560555,0.0,0.0,0.0,0.0,0.0,0.0,0.0,0.0,-0.0009979684355324444,0.000545043032135924,0.0008512701578146359,0.00026741158990818616
2020-10-08,-0.0,0.0,0.00045049805256250466,0.0,-0.0,-0.0,0.0,0.0,0.0,0.0,-0.0,-0.00044435691533732625,0.00021223483856587763,0.0002312754730211619,0.00011349795257373165
2020-10-09,0.0,0.0,0.0002753480501729814,0.0,-0.0,0.0,0.0,0.0,-0.0,0.0,0.0,-0.0009533017807753352,0.00023898947153800333,0.0007412414474667527,0.00023536297674607126
2020-10-12,0.0,0.0,0.0,0.0,0.0007109266073994098,0.0,0.0,0.0,0.0,0.0,0.0,-0.001304805739618194,0.0009021176867192992,-0.00044348758905425926,-0.0011104250242781253
2020-10-13,-0.0,0.0,0.0,-0.0,0.0005838363204071813,0.0,-0.0,-0.0,-0.0,-0.0,0.0,0.0001325189049432285,-0.00036527844142442964,0.0001634757015166427,8.560388635310036e-07
2020-10-14,0.0,0.00045073774999615404,-0.0,-0.0,-0.0006313140687816745,-0.0,-0.0,0.0,-0.0,-0.0,0.0,0.0005597923473163423,-0.00033250869130132903,-8.36606466809769e-05,0.00019632949215283503
2020-10-15,-0.0,0.0002724060129392511,-0.0,-0.0,-0.0006454015749452044,-0.0,-0.0,0.0,0.0,-0.0,-0.0,7.205556074763688e-05,-6.967825750410539e-05,-6.757828711572849e-05,0.0001695191297079405
2020-10-16,-0.0,-0.0,-0.0,-0.0,2.4052916879970913e-05,0.0,0.0,0.0,0.0,-0.0,0.0,-0.00018647582709826978,-3.8114697184480274e-05,-9.775095896596762e-05,0.00026308893318097225
2020-10-19,-0.0,0.0012538686011858132,-0.0,-0.0,-0.0,-0.0,-0.0,-0.0,0.0,-0.0,-0.0,-0.0,4.563437242517424e-05,-0.0006928095804181615,-7.961209561553351e-05
2020-10-20,0.0,-0.00010026351670430224,0.0,0.0,-0.0,-0.0,0.0,-0.0,-0.0,0.0,-0.0,0.0,-9.489241428601296e-06,0.00013410935886168555,7.155464060908418e-06
2020-10-21,-0.0,-3.492839820700327e-05,-0.0,-0.0,-0.0,0.0,-0.0,-0.0,0.0,-0.0,0.0,-0.0,5.170549190790537e-06,-5.832130252499717e-05,-3.099563660022341e-06
2020-10-22,-0.0,-2.0945332987987522e-05,-0.0,0.0,0.0,-0.0,-0.0,-0.0,0.0,0.0,-0.0,0.0,-1.664235062613626e-05,-0.00018078591884894285,-1.6189326741222912e-07
2020-10-23,-0.0,-0.0003108193345667093,0.0,-0.0,0.0,0.0,0.0,0.0,-0.0,0.0,0.0,0.0,-2.918931627546915e-06,-4.003859958562255e-05,1.026906173587313e-05
2020-10-26,0.0,0.0014427122715658727,-0.0,-0.0,0.0,-0.0,-0.0,-0.0,-0.0,-0.0,-0.0,-0.0,2.7949291665449262e-05,-0.0007782391370820421,-0.00010104090190016286
2020-10-27,0.0,-0.0007488387908651209,0.0,-0.0,-0.0,0.0,0.0,-0.0,-0.0,-0.0,-0.0,0.0,1.5773872120383746e-05,0.00022833698023024514,-5.841195994532393e-06
2020-10-28,-0.0,0.0025418402882039738,-0.0,-0.0,-0.0,-0.002308192582820872,-0.0,-0.0,-0.0,-0.0,-0.0,-0.0,-0.0014916262755207909,0.00013188065451739665,0.0011630562944389008
2020-10-29,0.0,-0.0005007405621912151,0.0,0.0,0.0,0.00045094415109233694,-0.0,-0.0,-0.0,0.0,0.0,0.0,0.0004387720987751448,-7.084594529569702e-05,-0.0004919079306931598
2020-10-30,-0.0,0.000552573221405428,-0.0,-0.0,-0.0,-0.0015427171503566105,-0.0,0.0,0.0,0.0,-0.0,-0.0,-0.0004694099757853673,9.357563343752506e-05,0.0007487352629205835
2020-11-02,-0.0,3.4584981616075573e-05,0.0,0.0,-0.0,-0.00024214208124737437,0.0,-0.0,0.0,0.0,0.0,0.0,0.0010225733840638963,6.28047654297601e-05,-0.00015764972980664212
2020-11-03,0.0,-0.0010030672045697533,0.0,0.0,0.0,0.001010090415974881,0.0,-0.0010747175947015447,0.0,0.0,0.0,0.0,0.001532936630805965,0.00046698266518779955,-0.0012029987938982655
2020-11-04,0.0,-0.0023560481650596386,0.0,0.0,0.0,0.0035297520460067996,0.0,0.00015017076134871067,0.0,-0.0,0.0,0.0,0.001984246784634168,0.0010017102036564219,-0.003100869194944388
2020-11-05,0.0,-0.0015694519928119014,0.0,0.0,0.0,0.0009393383922170215,0.0018555440693725413,-0.0008943327861667827,-0.0,0.0001502431532599834,0.0,0.0,0.0022058195932152876,-0.0014309834091865204,-0.0020266557245536445
2020-11-06,-0.0,0.0,0.0013997153853472855,-0.0,0.0,-0.00018565251881412913,-1.345196695087634e-05,0.0,-0.00031843744396902645,0.00012339156623675663,0.00013773164827952472,0.0,-1.528288217956451e-05,-0.0004261639169198778,-5.0469370222999787e-05
2020-11-09,-0.0,-0.0,-0.0033043563049642588,-0.0,-0.0,-0.002432735927910934,-0.00016749144515101962,0.0,0.00023079500259831347,3.519887508971663e-05,0.0008344536905564009,-0.0,0.0008289753214182337,0.0008927601058868752,0.0013335934164461726
2020-11-10,-0.0,-0.0,-0.0032614799914393077,-0.0,-0.0,-0.002073655496611461,-0.0022925860523169777,0.0,-0.00017574710537221927,-0.00014976665236860224,0.000884290168276776,-0.0,-0.00010581520226179079,0.0022413552987941713,0.0013095511554563374
2020-11-11,0.0,0.0,0.0024749209548124134,0.0017307728960007233,0.0,0.0017125892660983873,0.0012992919833485974,0.0,0.0009914258799484136,0.0004654464102112222,-0.0026343827027539325,0.0,0.0004880351142369398,-0.0037165499348407152,-0.0013761464886391506
2020-11-12,-0.0,-0.0,0.00014418748771164247,-0.0007666477327581614,0.0,-0.0005557225093423002,-0.0009452227480661675,-0.0,-0.0015335265547117448,-0.0006599303895040603,0.0012963689128068336,-0.0,-0.0006513058915430194,0.0015224234837291667,0.00023780877422070472
2020-11-13,0.0,0.0,-0.0005971196510180213,0.0004437302216737428,-0.0,0.0007253968763547947,1.803860280524348e-05,0.0,0.0005641028753383927,0.00040578910096806544,-0.00012145614467221766,0.0,0.0008438921798415335,-0.0013977656863441016,-0.0004589500875247026
2020-11-16,0.0,0.0,0.0008140115823990359,0.0009691279251869483,0.0,-0.0009018937624922642,7.609132425682223e-05,0.0,0.000796525300905846,0.0002104158812893681,-0.0016399383603406155,0.0,0.000773012229375356,-0.001594901028158676,-0.00041049726513176475
2020-11-17,-0.0,-0.0,-0.00034524499118860643,-2.758041072809193e-05,-0.0,0.0007535937679331098,0.0012410232776891123,-0.0,-0.000719593754791171,-2.6253610474536496e-05,0.0001108089503592339,-0.0,-0.0004031736755114536,0.0010643506266332335,0.00011445042752512265
2020-11-18,-0.0,-0.0,2.4207664991878173e-05,2.627361341617986e-06,-0.0,-0.0009143900647905561,0.00019285863429307164,-0.0,-0.0005188257171296171,-0.0007674138473399745,0.0005713575137575065,-0.0,-0.0009093651252958266,0.002028239156599019,0.00028394306542016347
2020-11-19,0.0,0.0,4.2800255693223705e-05,0.00048500282237852536,0.0,0.0,0.0,-0.0,0.0006175640926071857,0.0,-0.00016294399647356957,0.0,4.0195978440259116e-05,-0.0005307315423182625,-5.9318879649491984e-05
2020-11-20,-0.0,-0.0,-0.0013288628950758287,-0.0001302660768623647,-0.0,-0.0,-0.0,-0.0,-0.00025272001939338876,-0.0,0.0005109732438547726,-0.0,-7.779227208371216e-05,0.000698025545683657,5.689351238832251e-05
2020-11-23,-0.0,-0.0,0.000199216742275066,0.00047642280152885793,0.0,-0.0,-0.0,0.0,0.0007326538962082454,0.0,0.0007624781189016072,0.0,6.901616087570164e-05,1.7748288376504513e-05,-1.6527737021756417e-07
2020-11-24,0.0,0.0,-0.000698347415780013,0.0006711854696528762,-0.0,0.0,0.0,0.0,0.0010207725321750006,0.0,0.0,0.0,0.00032868012850418183,-0.0018109424612673829,9.403420434623632e-05
2020-11-25,0.0,0.0,0.0,-0.00017878597957665803,0.0,0.0,-0.0,-0.0,4.252604976746136e-05,-0.0,-0.0,-0.0,6.15993543933408e-05,-8.127730384199936e-05,5.958924676293357e-05
2020-11-27,0.0,0.0,0.0,0.0005243245889561046,0.0,0.0,0.0,0.0,0.0004232829512274231,0.0,-0.0,0.0,-0.00011335340987818472,-0.0001951085168497733,8.356838809368159e-05
2020-11-30,0.0,-0.0,0.0,0.0008323795865088851,0.0,0.0,-0.0,0.0,0.0009394848421683226,-0.0,0.0,0.0,0.00013728870920588743,-0.0002999799740350123,2.4040422877925934e-05
2020-12-01,0.0,0.0004973546632664197,-0.0,0.0,-0.0,0.0,-0.0,0.0,0.0,0.0,0.0,0.0,6.17338786433527e-05,-0.000301370314390065,-0.0002765562818772698
2020-12-02,0.0,-0.0001946339173979001,0.0,-0.0,-0.0005955964614311971,0.0,-0.0,0.0,0.0,0.0,-0.0,-0.0,-0.00010192298214060523,-8.306169491965656e-05,-2.9052799780092982e-05
2020-12-03,5.690594874888748e-05,-0.00026302986568194666,-0.0,-0.0,0.0007686257246249908,0.0,0.0,0.0,0.0,0.0,-0.0,-0.0,1.9483198837949e-05,-6.918150942721545e-05,-1.3916819477970901e-05
2020-12-04,0.0002814151561940998,2.7998134189354376e-05,0.0,0.0,-0.0009283872834904369,0.0,0.0,0.0,0.0,0.0,0.0,0.0013821275752965486,-0.0006656096598949522,0.0008486876741815498,-5.977333197037005e-05
2020-12-07,0.0,-1.6330339582941815e-05,0.0,0.0,-1.5948115599554144e-05,0.0,0.0,-0.0,-0.0,-0.0,0.0,-0.0,0.00010031552075699588,0.00016212749450342354,-0.00012925943624111276
2020-12-08,0.0,0.0003997232536914997,-0.0,0.0,0.0006150139040825783,0.0,0.0,0.0,0.0,-0.0,0.0,0.0,-0.00013298084108249666,0.00017272998102509665,-7.465283237846143e-05
2020-12-09,-0.0,-0.0009841134870757348,-0.0,-0.0,0.0016909956330546556,-0.0,-0.0,0.0,-0.0,0.0,-0.0,-0.0,0.00040782078904691085,-0.0009917829479131398,0.00047186693059552516
2020-12-10,-0.0005958767774019593,-0.0003030886340863938,0.0,-0.0,0.0,-0.0,0.0,-0.0,0.0,-0.0,-0.0,-0.00023401939505526077,7.682327990941377e-06,-1.3220904208901239e-05,-3.479903959369125e-06
2020-12-11,0.0003378803820523024,0.0006465709052227631,0.0,-0.0,-0.0,-0.0,-0.0,0.0,-0.0,0.0,-0.0,-0.0004308634578789058,2.632628411254702e-05,2.708495875838277e-05,-3.967702998172198e-06
2020-12-14,0.0002579963953496521,0.0002199039711807429,0.0,0.0,0.0,0.0,-0.0,-0.0,0.0,0.0,0.000691754847732824,-0.00015277659752165583,9.84328925761388e-06,-0.00045592606838632736,0.0003820533854544753
2020-12-15,0.0,-1.634253977614997e-05,0.0,0.0,-0.0012194455385873002,-0.0,-0.0,0.0,0.0,-0.000897104476467566,0.0007025399815697695,0.0007007866654963717,-0.000251086167663165,-0.0010457413208703483,0.00011290794780018334
2020-12-16,2.73769024008803e-05,0.0,-0.0,0.0,0.0001391968729091663,0.0,0.0,0.0,0.0,-0.0007381392078442023,0.00046293520905745764,-8.01232837096271e-05,-1.7609092637025367e-05,-0.00016235723153735793,0.0003134341490509399
2020-12-17,-0.00034696642292288984,0.0,0.0,0.0,5.162889157351546e-06,0.0,0.0,0.0,-0.0,-0.0006567069638452769,-7.017076033934657e-05,0.00017548738804855466,-6.174314149794796e-05,-0.0002146589834938695,0.0004012782266636564
2020-12-18,0.0008008630027433614,-0.0,-0.0,0.0,0.0004772810675299477,0.0,0.0,0.0,-0.0,-0.001126961517724621,-0.0007105692917304737,0.00042233082528560033,0.00012512183618394222,8.349818998758214e-05,-0.000174989274045668
2020-12-21,0.0,0.0,0.0,-0.0,-0.0,-0.0,-0.0,-0.0,-0.0,0.00044774114234162696,-0.00021072697903637942,-0.0005023013147743249,-0.00015068744825760417,0.00015834271195888026,-8.981269532371558e-05
2020-12-22,0.0,0.0,-0.0,0.0,-0.0,0.0,0.0,-0.0,-0.0,-0.0005168602686240668,-0.00015692173622656547,2.769656941108321e-05,-6.898673157704792e-05,-0.0010240991256419462,6.226277685615324e-05
2020-12-23,0.0003500242570325348,-0.0,-0.0,-0.0,-0.0,-0.0,-0.0,-0.0,0.0,0.0,0.0,-0.0004760468726969171,-1.9325311016967083e-05,-0.00016594062321321205,-3.101368094789246e-05
2020-12-24,-0.0003841345482929266,0.0,-0.0,0.0,0.0,0.0,-0.0,0.0,0.0,-0.0,0.0,0.0002045753272342599,-8.007758667276789e-05,0.00013128916225743954,3.167349746754465e-05
2020-12-28,-0.0017570482067911794,0.0,-0.0,0.0,-0.0,-0.0,-0.0,0.0,0.0,-0.0,-0.0,-0.0,-0.00016642751008974635,0.0006234733811401661,5.372524657224581e-05
2020-12-29,0.0006702118317897678,-0.0,0.0,-0.0,-0.0,0.0,-0.0,-0.0,0.0,-0.0,0.0,-0.0,3.628981554330184e-05,-0.0002620693533642657,5.6247758127656744e-06
2020-12-30,0.0004281644988434221,-0.0,0.0,0.0,0.0,-0.0,-0.0,-0.0,-0.0,-0.0,0.0,0.0,-2.8846049545493337e-05,-3.135128730224649e-05,1.4245104848910067e-07
2020-12-31,0.00038662405017763843,0.0,-0.0,0.0,-0.0,0.0,0.0,0.0,0.0,0.0,0.0,0.0,-0.00010536909594252843,8.584590962821175e-05,1.009280235935848e-05
2021-01-04,0.001251496085738316,-0.0,0.0,-0.0,0.0,-0.0,-0.0,-0.0,-0.0,-0.0,-0.0,-0.0,0.00032241052854274286,-0.0010366042973651605,-9.845307135502649e-06
2021-01-05,-0.0006143998666000241,0.0,0.0,0.0,0.0,0.0,0.0,0.0,0.0,-0.0,0.0,0.0,-0.00015429675043982525,0.00040747100463005585,5.677598840172243e-06
2021-01-06,0.001712057322775174,-0.0,-0.0,-0.0,-0.0,-0.0,-0.0,0.0,0.0,-0.0,-0.0,0.0,-0.00012729808438537334,-0.0010709108920309545,-2.2273733560707968e-05
2021-01-07,-0.0016776969961452039,0.0,0.0,0.0,0.0,0.0,0.0,0.0,0.0,0.0,0.0,0.0,-0.00032900652209170403,0.0016752829639861619,2.5319969956069083e-05
2021-01-08,-0.0004297094555080686,0.0,-0.0,0.0,-0.0,0.0,0.0,0.0,0.0005200355044837139,0.0,0.0,0.0,7.14373554645373e-05,0.0004297021444854348,-9.335947988295641e-05
2021-01-11,0.0011761642580455018,-0.0,0.0,-1.3461970016250624e-05,0.0,-0.0,-0.0,0.0,0.00010659951707143561,-0.0,-0.0,0.0,-8.72270866871682e-06,-0.0010351578565140354,0.0003104227938068364
2021-01-12,-0.0,-0.0,-0.0,-0.0004055208510400115,-0.0,-0.0,-0.0,0.0,-0.0016225894151345958,-0.0,-0.0,0.0,4.934376894781202e-06,-0.00032539878233441314,4.0920569253061574e-05
2021-01-13,0.0,0.0,0.0,-0.00020208777232885944,-0.0,0.0,0.0,-0.0,-0.0033681848183140153,-0.0,0.0,-0.0,7.192259506854543e-05,0.0003621508861080172,-0.00011695632214581646
2021-01-14,-0.0,-0.0,-0.0,-9.520860196773041e-05,-0.0,-0.0009387437356198901,-0.0,-0.0,-0.0019796045061024714,-0.0,0.0,0.0,-0.00021731320857913016,-0.0004220060439377138,0.00041187507801271355
2021-01-15,-0.0,-0.0,-0.0,0.0006927231258642062,-0.0,-0.0005633098058161443,-0.0,0.0,-0.0,0.0,-0.0,-0.0,-0.00021532009703712713,-0.00043663588347068766,0.000570544332159908
2021-01-19,0.0,0.0,0.0,-0.0014827849915605433,0.0,-0.00017275706573908787,0.0,-0.0,-0.00035476483521596636,-0.0,0.0,0.0,0.0005370993136910917,0.000516421438492635,-0.0010377326132118073
2021-01-20,0.0,0.0,0.0,-0.0002833422335777818,-0.0,0.0014284680756981535,0.0,0.0,-0.0005828970524709618,0.0,0.0,-0.0,0.0009318890216390713,0.0007644835143101726,-0.00157998391026929
2021-01-21,0.0,0.0,0.0,-0.0005319313656193031,0.0015421679520581423,0.00024316480101099682,-0.0,-0.0,0.0,-0.0,0.0,0.0,6.66662539793856e-05,-0.00033150914361473107,-0.0005631311657805047
2021-01-22,0.0,0.0,-0.0,0.00019316644904662398,0.0006836043984200047,4.4469858722021304e-05,0.0,-0.0,-0.0,-0.0,-0.0,-0.0,-0.0002819302693724398,0.00015224346298397512,0.000175498188622095
2021-01-25,-0.0013653814832344819,0.0,-0.0,2.473623693991963e-05,0.0007168965097020458,0.0001057216954126518,0.0,0.0,-0.0,0.0,0.0,0.0,0.00022222902198933128,0.00017998279306478217,-0.00048599081686498245
2021-01-26,-8.389263713079568e-05,0.0,-0.0,-0.0,0.0003071392839440576,0.000299036396553739,0.0,0.0,-0.0,0.0,-0.0,-0.0,-0.00011899964889025483,-2.2877099393934033e-05,-7.663729753606017e-05
2021-01-27,0.0003856691164080546,0.0,-0.0,-0.0,-0.0031991296105891606,-0.0017389713549916777,-0.0,0.0,-0.0,0.0,-0.0,-0.0,-0.0019319690560502434,0.0006454747695208643,0.0014887492314497898
2021-01-28,0.0017805929560927509,-0.0012780722556072002,0.0,0.0,-0.0007484830176277763,0.0006125369638113167,0.0,-0.0,0.0,-0.0,0.0,0.0,0.000261593250869055,0.00021230263381899107,-0.00048132132681993206
2021-01-29,0.0019069399043714131,0.0014802839497099686,-0.0,-0.0,-0.0010857437476094543,-0.0007464116805325779,-0.0,-0.0,-0.0,-0.0,0.0,-0.0,-0.0006092167452039197,-0.0012918505205309924,0.001838508600191468
2021-02-01,0.0,-0.00163072912987002,0.0,0.0,0.0011656615634590565,0.0012091849777694434,0.0,0.0,0.0,0.0,0.0,0.0,0.001006921205191659,-0.0005261968808554876,-0.0018055530882764993
2021-02-02,0.0,2.921779864426505e-05,0.0,0.0,0.0,0.001563592795995494,0.0,0.0,0.0,0.0,0.0,0.0,0.0002838661408698847,0.0005720903045917696,-0.0009761781915629028
2021-02-03,-0.0,-0.0007233136853896712,-0.0,-0.0,-0.0,-0.0,0.0,-0.0,-0.0,-0.0,-0.0,-0.0,-1.5323157762321157e-05,-0.00014641975325732138,-3.7067092880337864e-05
2021-02-04,0.0,0.0002041197861777909,0.0,0.0,-0.0,0.0,-0.0006683686662470822,0.0,0.0,0.0,-0.0,0.0010042031122058468,-0.0006767982184316981,0.0013531542555830815,-0.0002207827312622302
2021-02-05,-0.0,-3.92391750999552e-05,-0.0,-0.0,0.0,0.0,-0.0001908279205227902,0.0,-0.0,0.0,-0.0,-0.0006053944633719443,-0.00024210084644580952,-0.0001863340282828622,-5.97432712728101e-05
2021-02-08,0.0,-5.570801327304209e-05,0.0,0.0,0.0,0.0,-8.371353248807455e-06,0.0,0.0,-0.0,0.0,0.0015042432834296644,-0.00047964311640686757,0.0006912025509228554,3.124905119552968e-05
2021-02-09,-0.0,-0.00026735832047664174,-0.0,0.0,-0.0,0.0,0.00046885527412505676,0.0004515630035544071,-0.0,0.0,-0.0,-0.00040996760743431553,8.982254267823866e-06,-0.00010430932807228915,8.415791790236478e-06
2021-02-10,-0.0,0.00019523648390781857,0.0,-0.0,0.0,-0.0,-4.224578600795231e-06,0.0013161403307137955,0.0,-0.0,-0.0,0.0001925013152135346,4.68228116800958e-06,-0.00012786703199257012,9.42750355672038e-05
2021-02-11,-0.0,-0.0003426990083588511,-0.0016209982033560785,0.0,0.0,0.0,-0.0009457140245415918,0.0,0.0,-0.0,0.0,0.0013745987042940782,-0.00017982366167963994,0.0012938199518159157,0.00012617975130055223
2021-02-12,8.872460738500969e-05,-0.00010214925510905666,0.0009582578483266774,0.0,0.0,0.0,0.00018064428611079208,-0.0,0.0,0.0,0.0,0.0,-0.00022838540455118135,0.0003186725781586661,0.00015535340636826857
2021-02-16,-0.0008117544992377843,-0.0,-0.001218223771916379,0.0,-0.0,0.0,-0.001681277507275941,-0.000831575670988933,0.0,-0.0,-0.0,0.0,6.180623761914869e-05,7.465094692942943e-06,-0.00016252574901886644
2021-02-17,-0.0008900738771378003,0.0,0.0014032092092134377,-0.0,-0.0,-0.0,0.00018740576095682408,-0.00028029396387858045,-0.0,-4.024792940499243e-05,-0.0,-0.0,-1.7098744977736958e-05,0.00031048056003619843,-0.0003861520742765187
2021-02-18,-0.0004337006658800731,-0.0,0.00025895467332850454,0.0,-0.0,-0.0,0.0001314008074272476,9.720275228980523e-05,-0.0,-1.6108247562007392e-05,-0.0,-0.0,0.0002851507158263589,0.00014399472850636932,-0.00031383720987164927
2021-02-19,6.163803847086088e-05,-0.0,-0.00032767168741288077,0.0,0.0,-0.0,9.117250333009525e-05,-0.0007172476828237731,0.0,-0.0007630018192463649,0.0,0.0,0.00011623119920452,4.478164323629548e-05,-0.0003105045479134854
2021-02-22,-0.0015126021585260456,-0.0,0.001949379896449891,-0.0,-0.0,-0.0,0.0011507964242731985,-0.0002743942788221397,-0.0,0.002644349267228118,-0.0,-0.0,0.0005149615161839124,0.0006571743232820869,-0.0017757276532471846
2021-02-23,-5.558644263452147e-05,-0.0,0.0007500732815071261,-0.0,-0.0,0.0,0.0011142113216427612,8.797011286194199e-05,0.0,0.0,-0.0,-0.0,-7.95873968974878e-05,4.113152056668504e-06,-0.00015413713775930287
2021-02-24,-0.0002030176747242567,0.0,-0.0012465294174503758,0.0,0.0,0.0,0.0,0.000252055328304221,0.0,0.0,0.0,0.0,-0.00046265028176514734,-0.0005734887623438931,0.0003946515160950477
2021-02-25,-0.0017700963525457978,-0.0,0.004287594773314078,-0.0,-0.0,-0.0,-0.0,-0.0,-0.0,0.0,-0.0,-0.0,0.00033104363365658336,-0.00012828108194898227,-0.0001284748839665912
2021-02-26,0.00011145515450991706,0.0,-0.001506294061283927,0.0,0.0,0.0,-0.0,-0.0,0.0,-0.0,0.0,0.0,4.943937192315656e-05,3.636754753226335e-05,2.886044391250224e-05
2021-03-01,0.0026225645488513654,0.0,-0.0004617859996134367,0.0,0.0,0.0,0.0,0.0,0.0,0.0,0.0,0.0,-0.0004959379602851044,0.0004250403247247503,0.0002389876412467703
2021-03-02,-0.0010557507411805508,-0.0,-0.0,-0.0,-0.0,-0.0,-0.0,-0.0,-0.0,0.0,-0.0,-0.0,-0.00017963621089645622,0.0011315513355140115,-0.0001380115716953473
2021-03-03,-0.0012380274840326057,-0.0,-0.0,-0.0,-0.0,-0.0,-0.0,-0.0,-0.0,0.0,-0.0,-0.0,-0.0003101828441290243,0.0018396404673266785,-0.00028983824771964964
2021-03-04,-0.0007969118691532579,-0.0,-0.0,-0.0,-0.0,-0.0,-0.0,-0.0,-0.0,-0.0,-0.0,-0.0,-0.000272311531716838,0.0016418473701401864,-0.00021411280651701815
2021-03-05,0.0005340559984502144,0.0,0.0,0.0,0.0,0.0,0.0,0.0,0.0,0.0,0.0,0.0,0.00035680910827500076,-0.0013717720629089034,0.00022325422877833497
2021-03-08,-0.0021283388037643554,-0.0,-0.0,-0.0033166081911939283,-0.0,-0.0,-0.0,0.0,-0.0,-0.0015409648498281405,-0.0,-0.0,-0.0003141317494029385,0.0015176360871372754,0.0018374823876723839
2021-03-09,0.0019901972342732054,0.0,0.0,0.0025848386904820287,0.0,0.0,0.0,0.0,0.0,-0.0003314929269334791,0.0,0.0,0.0011771906178209292,-0.0019229308936234862,-0.0033144101324793862
2021-03-10,-0.0004583858043758957,-0.0,-0.0,-0.0006820428274555525,-0.0,-0.0,0.0,0.0,-0.0,0.00035921679789606246,-0.0,-0.0,0.0004920915324870545,0.00023673068484469467,0.00023003731828554662
2021-03-11,0.0008184029947553459,0.0,0.0,0.001806587325182885,0.0,0.0,0.0,0.0,0.0,0.0033769011734884544,0.0,0.0,0.0007777729570603234,-0.0011938832282558202,-0.0018606151127118743
2021-03-12,-0.0003827336684770784,-0.0,-0.0,-0.00027849684095636746,-0.0,-0.0,-0.0,0.0,-0.0,-0.0,-0.0,-0.0,5.806704212989169e-05,0.0007498141549092434,0.00015109084364449817
2021-03-15,0.0,-0.0,0.0,0.0021262721709398333,0.0,0.0,0.0,0.0,0.0,0.0,0.0,0.0,0.00012365282583966255,-0.0003266532888353576,-0.0003431516765661151
2021-03-16,0.0,0.0,0.0,0.0007808789307179693,0.0,0.0,0.0,0.0,0.0,-0.0,0.0,0.0,-2.701538141276195e-05,-0.00023768475255069458,-0.00017868175033468773
2021-03-17,-0.0,-0.0,0.0,0.0005625104817783683,-0.0,0.0,-0.0,-0.0,0.0,-0.0,0.0,0.0,7.282643404665907e-05,2.5965422192976176e-05,-0.0001343852560220087
2021-03-18,-0.0,-0.0,-0.0,-0.0,-0.0,-0.0,-0.0,-0.0,-0.0,0.0,-0.0,-0.0,0.0,0.0,0.0
2021-03-19,-0.0,-0.0,0.0,0.0,0.0,0.0,0.0,0.0,0.0,-0.0,0.0,0.0,0.0,0.0,-0.0
2021-03-22,0.0,0.0,0.0,0.0,0.0,0.0,0.0,0.0,0.0,0.0,0.0,0.0,-0.0,-0.0,-0.0
2021-03-23,-0.0,0.0,-0.0,-0.0,-0.0,0.0,-0.0,0.00028910458374405184,-0.0,0.0,-0.0,-0.0,-0.0002699602292095362,-0.00021903070317173213,0.00017518132584446486
2021-03-24,-0.0,-0.0,-0.0,-0.0,-0.0,-0.0,-0.0,0.0003612297469815364,-0.0,-0.0,-0.0,0.0,-0.00017723404196355266,-0.0004110085000230572,0.0006660657287653222
2021-03-25,0.0,-0.0,-0.0,0.0,-0.0,-0.0,-0.0,-0.0008586472994389764,-0.0,0.0,0.0,0.00011472066366284972,0.00030440370103621553,-3.9103012366994664e-05,5.807971543325775e-05
2021-03-26,0.0,0.0,0.0,0.0,0.0,0.0,0.0,-0.0019987139175697646,0.0,0.0,0.0,-0.0026486324954931376,0.0008908110087123403,0.0016265872688967784,-0.0005257752409274085
2021-03-29,0.0,-0.0,0.0,-0.0,-0.0,0.0,0.0,4.7578269838058335e-05,-0.0,0.0,-0.0,0.000539563973146765,-2.977305140585549e-05,-0.0004345899809935263,1.5236582276318614e-05
2021-03-30,-0.0,-0.0,-0.0,-0.0,-0.0,-0.0,-0.0,0.0007191609260392746,-0.0,0.0004093755223300488,-0.0,6.4495333031601e-05,-0.0002849389684971595,-0.0011689961679106715,0.0006059059038963931
2021-03-31,0.0,0.0,0.0,0.0008153949921192792,0.0,0.0,0.0,5.7982225283995474e-05,0.0,0.0002700404517312819,0.0,-0.0008135031289617106,0.0004799843218200791,0.0012757199695725345,-0.002088134046088694
2021-04-01,0.0,0.0,0.0,0.0013080640845283366,0.0,0.0,0.0,-0.0002603921402607007,0.0004278516966489803,-0.0011551436429014393,0.0,-0.0008056859801440271,0.0009845700984771875,0.0006009992915377013,-0.001958334690244102
2021-04-05,0.0,0.0,0.0,0.0012992861144626756,0.0,0.0,0.0,0.0,0.0015181576648839652,-0.0016100589567686692,0.0,-0.0012520256217139186,0.0007941351137753537,-0.00015380936475583676,-0.0014076310128640832
2021-04-06,0.0,-0.0,-0.0,-0.00047411266946834714,0.0,-0.0,0.0,-0.0,-0.0007418758357350881,-8.084076134527389e-05,-0.0,0.0005976777337020237,-4.722033099124519e-05,8.453424329714045e-05,4.762465508974341e-05
2021-04-07,0.0,0.0,0.0,-0.0001459129904544067,0.0,0.0,-0.0,-0.0,0.0005234855495351316,0.00014155722296535535,0.0,0.0003869189757808563,9.254291026507528e-05,-0.0001322261965064118,-0.00016211476615167288
2021-04-08,0.0,0.0,0.0,0.0003120038225024051,0.0,0.0,0.0,0.0,0.0006001572430677903,-0.0008101951625963122,0.0,0.0,0.00030642103957855796,-0.0009757238683016545,-0.0006965855730061283
2021-04-09,0.0,0.0,0.0,-4.0182575289814365e-05,-0.0,0.0,0.0,0.0,0.0008942666875436738,-0.00019886013221093106,0.0,0.0,0.00042666491252689036,-0.00047739751335661986,-0.0004940460698185525
2021-04-12,-0.0,0.0,0.0,-0.00014657923706375798,-0.0,0.0,-0.0,-0.0,-0.002136261766918536,-0.0003559672253302925,-0.0,-0.0,2.29817416761609e-05,0.00029905778894551946,9.48690340946076e-05
2021-04-13,0.0,0.0,0.0,0.00013317786592018435,0.0010140802344311844,0.0,0.0,0.0,-0.00014162688895086805,-0.00035997275714271643,-0.0,-0.0,0.0002909924402754442,-0.0010195900162999845,-0.001182256679346955
2021-04-14,-0.0,-0.0,-0.0,-0.0,-0.001033172705865357,-0.0,-0.0,-0.0,-0.0007959367518743164,-9.772626734778382e-05,-0.0,-0.0,-0.0002582050702383476,0.0008652946284541709,0.0007564827403301371
2021-04-15,0.0,0.0,0.0,0.0,0.002761285888265707,0.0,0.0,0.0,0.0006423739776036182,-0.0009477429001032075,0.0,0.0,0.0008313317033477598,-0.0013501361884398725,-0.0010029026893185503
2021-04-16,-0.0,0.0,0.0007012650151232943,-0.0,-0.0,0.0,-0.0,0.0,-0.0002080607148056071,-0.00041974298909141453,0.0,-0.0,-3.3220449207976653e-05,3.8148628319851375e-06,3.559875000312578e-05
2021-04-19,0.0,-0.0,0.001761215518106139,-0.0,-0.0,-0.0,-0.0,0.0,-0.0008724321667473147,0.00012682314979543715,-0.0,-0.0,5.2749663465609796e-05,5.31866176095278e-05,-0.0002695093509069172
2021-04-20,0.0006456518153466042,-0.0,0.0006239232041484004,-0.0,-0.0,-0.0,-0.0,-0.0,-0.0,-0.00031014720623039326,-0.0,-0.00048076002222417736,0.00027789725330802715,-0.0004957676860230153,-0.00015821409782658293
2021-04-21,-0.0001462811890688118,0.0,0.0,0.0,0.0,-0.0,0.0,0.0,0.0,0.0016550580938970647,0.0,0.0009701776972771214,0.00010355549798899654,0.0002762975992851732,-0.0003448641521054632
2021-04-22,0.0005877102022789714,-0.0,-0.0,-0.0,-0.0,-0.0,0.0,-0.0,-0.0,-0.0,-0.0,-0.0008273474063862844,0.00039220034320717177,0.00012671550733676047,-0.0003117943882773727
2021-04-23,-0.000893886948728029,0.0,0.0,0.0,0.0,0.0,0.0,0.0,-0.0,0.0,0.0,0.0008061676962316125,-0.00045196908156612515,-0.00015662960975999272,0.00031310296146217696
2021-04-26,-0.00014867688623656817,0.0,0.0,0.0,0.0,-0.0,0.0,-0.0,-0.0,-0.0,0.0,0.0006681145228948238,-4.1507144942515266e-05,-0.0001945896493784842,0.0002798247736597747
2021-04-27,0.00012262649675219483,0.0,-0.0,-0.0,0.00011721960590956456,0.0,-0.0,-0.0,-0.0,0.0,0.0003429987816450501,-0.0003013872898758657,1.800976522865568e-05,-8.232393038544695e-05,-0.0004934569805046557
2021-04-28,0.00030227356307413364,-0.0,-0.0,-0.0,0.0007031966049314282,-0.0,0.0,-0.0,-0.0,-0.0,0.0005244421304807732,-0.0022555769135518765,2.2632659925727155e-05,-0.0003195714059210134,-0.00037634712295424826
2021-04-29,3.744477071583989e-05,-0.0004042856348941159,0.0,0.0,6.550349296289468e-05,0.0,-0.0,0.0,0.0,0.0,-0.0021883528400178914,0.001088063825972717,-0.00029026360484427945,1.593777682273375e-05,0.0004175248075584755
2021-04-30,0.000762451552387147,-6.538668232570169e-05,-0.0,-0.0,0.0013835232952159229,-0.0,-0.0,-0.0,-0.0,-0.0,0.001378515620899333,-0.0014496142656398175,0.0002571046493385223,0.0003987451471584203,-0.0008078980341770831
2021-05-03,-0.00040909319123253005,-6.348703336899893e-05,-0.0,-0.0,0.0019169482638014754,-0.0,-0.0,0.0,-0.0,0.0,0.0004959675752971856,-0.00047731398788891866,-8.400642515241392e-05,4.988805943043063e-05,-0.0006003647138284749
2021-05-04,0.0018013392461442596,-0.0008145882161024611,-0.0,-0.0,0.0,-0.0,-0.0,-0.0,-0.0,0.0,0.0012189887484366337,6.567457102949982e-05,-3.109637185866002e-05,0.0010611075036588737,-0.0012719657388453648
2021-05-05,-9.76753582746434e-05,-0.00026706655166883864,0.0,-0.0,0.0004985978417184144,-0.0,-0.0,0.0,-0.0,0.0,-0.00019719488297900782,0.0007264184552014684,-9.354743461240072e-06,1.7609297652471525e-05,-0.00033955656228797055
2021-05-06,-0.0006360619441110464,0.000657002600986379,0.0,0.0,-3.853069802802108e-05,-0.0,0.0,0.0,0.0,0.0,0.0,0.0,-0.00019838210444216177,0.00034637895670743555,0.00037563316316066065
2021-05-07,-0.00018080419778638385,0.0,0.0,0.0,-0.000587115871685056,0.0,-0.0,0.0,0.0,0.0,0.0,0.0,-0.000351452695772035,0.0006000681945842732,0.00047796630632931757
2021-05-10,0.0013071622847673104,-0.0,-0.0,-0.0,0.0018219069841932303,-0.0,-0.0,-0.0,-0.0,-0.0,-0.0,-0.0,0.0004760146469227562,-0.0017757790427053134,-0.0015307764211399462
2021-05-11,0.00037189600158408294,-0.0,0.0,0.0,-0.0005496718098924938,0.0,0.0,-0.0,-0.0,-0.0,-0.0,0.0,0.00047755731777754065,-0.0002407258657967591,-7.193077909487206e-05
2021-05-12,0.0012627339910430298,-0.0,-0.0,-0.0,0.0014459316170227568,-0.0,-0.0,-0.0,-0.0,-0.0,-0.0,-0.0,0.0011541171151131045,-0.002276414545586377,-0.001360258743448132
2021-05-13,-0.000888051115247189,0.0008360670289499476,-0.0,0.0,0.0010492499023393997,0.0,0.0,0.0,0.0,0.0,0.0,0.0,-0.0004847791079796169,0.0005576083727874768,0.0003685412472576331
2021-05-14,-0.000982521116221614,0.0010424254761470094,0.0,0.0,-0.0010157445737385762,0.0,0.0,0.0,0.0,0.0,0.0,0.0,-0.0006145744604367982,0.0006404372569575096,0.001304287256650121
2021-05-17,0.0004650829685767754,-0.0006020383683300812,-0.0,-0.0,-4.020370090637881e-05,-0.0,-0.0,0.0,-0.0,0.0,-0.0,-0.0,0.00011065228581078183,-0.0002310012962658335,-0.00035602781635541244
2021-05-18,-0.0,-0.0004301013699846819,-0.0,-0.0,0.00014085461055747547,-0.0,-0.0,-0.0,-0.0,-0.0,-0.0,-0.0,0.00023939249842818498,8.187010955691056e-06,-0.00027019472764209124
2021-05-19,-0.0,8.227067069154419e-06,0.0,0.0,-0.0011880827113066226,-0.0,0.0,-0.0,0.0,0.0,0.0,0.0,7.853095081638549e-05,-2.2117028800627895e-06,4.681690143315168e-05
2021-05-20,0.0,0.0006862852839937413,0.0,0.0,-0.0011861337876143251,0.0,-0.0005481722771467953,0.0,0.0,-0.0,0.0,0.0,-0.00032665567910443195,0.0003019410760333977,0.0010746615287508588
2021-05-21,-0.0,-0.00026645034071956904,0.0,-0.0,0.0005733490641478603,-0.0,0.0002688419417148023,-0.0,0.0,0.0,-0.0,-0.0,2.5729588253910376e-05,-1.6343584631296044e-05,-0.0003808919478530271
2021-05-24,0.0,0.0011312106644185422,-0.002026989976081979,0.0,-0.00017463312494048766,0.0,-0.0009809688051165796,0.0,0.0,0.0,0.0,0.0,-0.0007634722635604913,8.744705901485166e-05,0.0025300049465545853
2021-05-25,-0.0,0.00018706489481704915,-0.00011436436819250393,0.0,-0.0002704449606994103,0.0,-0.00015834629464813623,-0.0,-0.0,-0.0,0.0,0.0,0.00021937133203851834,7.1831622052712955e-06,0.00019968553272776588
2021-05-26,-0.0,-4.570656704285718e-05,-0.0001666787836021831,0.0,-0.0003072993027687776,0.0,-0.00043070731361175555,-0.0,0.0,0.0,-0.0,-0.0,-0.00015982451643898032,-1.393170440957594e-06,0.0005067878325641364
2021-05-27,-0.0,-0.0004353062639180194,0.0006797590910020618,0.0,-5.103343132501771e-05,-0.0,0.0008452265991797871,0.0,0.0,-0.0,0.0,0.0,-4.204758966497133e-05,-9.098343652916033e-05,-0.0005511103355108912
2021-05-28,-0.0,7.414979615042968e-05,-0.0023844429706014773,0.0,-0.0010473569071389785,0.0,-0.0026454124831802187,-0.0,-0.0,-0.0,0.0,0.0,-0.00014316018070083223,5.8255756068896716e-05,0.00046717812047308626
2021-06-01,-0.0,-0.00045868190020682625,-6.15214325979327e-05,-0.0,-0.0004537292619195636,-0.0,-0.0,-0.0,-0.0,0.0,-0.0,-0.0,5.278870204570235e-05,0.00014053546356692826,-0.000497031917428834
2021-06-02,0.0,-2.021427155085076e-05,-0.001554929308988862,0.0,-0.000712630320979147,-0.0,-0.0,0.0,0.0,0.0,-0.0,0.0,-7.879303922326345e-05,-0.0002192054462645319,0.00028951801332201006
2021-06-03,-0.0,-0.00032250978938806225,0.0,-0.0,0.0010416401368400956,-0.0,-0.0,0.0,-0.0,0.0,-0.0,-0.0,0.00010952650701782435,0.00012118827646919649,-0.0005033006894069759
2021-06-04,0.0,0.001023197840796856,0.0,0.0,-0.0008031804980637481,0.0,0.0,0.0,0.0,0.0,0.0,0.0,-0.0002565122786485662,-0.00022866158932090657,0.0007712112561872685
2021-06-07,0.0,0.0005985010025884285,0.0,-0.0,0.00014116501121827325,0.0,0.0,-0.0,-0.0,0.0,-0.0,-0.0,2.608906904724898e-05,2.996511914985396e-06,0.0001378385419809303
2021-06-08,0.0,-0.0002448758794816396,-0.0,-0.0,0.00028353133175928097,-0.0,-0.0,0.0,-0.0,0.0,0.0,-0.0,-4.939363539116289e-06,-6.823295432662947e-07,1.8029041244029123e-05
2021-06-09,0.0,0.00020151757956318896,-0.0,0.0,0.0005781848698830892,0.0,-0.0,-0.0,0.0,-0.0,-0.0,-0.0,4.021377441192617e-05,-6.178873048188051e-06,9.427960512008573e-06
2021-06-10,-0.0,0.0007145355828858175,0.0,0.0,0.0,0.0,0.0,0.0,0.0,-0.0,0.0,0.0,8.055233819773788e-05,-0.0003329283249508607,-1.998799528846369e-05
2021-06-11,0.0,0.00012618180749972394,0.0,0.0,-0.0,-0.0005330758716793008,0.0,-0.0,0.0,0.0,0.0,0.0,-2.8277781942730713e-05,-9.383155790442592e-05,7.63684542426724e-05
2021-06-14,0.0,0.0003862663576750784,0.0,0.0,0.0,-0.0014287857197298245,0.0,-0.0,0.0,-0.0,0.0,0.0,-4.108786668374341e-05,-0.00013493883449532563,0.000262026794362247
2021-06-15,-0.0,-0.0002952251702943278,-0.0,-0.0,-0.0,0.0007680559198708207,-0.0,-0.0,-0.0,-0.0,-0.0,-0.0,4.184813117135853e-05,7.561496700640794e-05,-0.0001992424652359974
2021-06-16,0.0,-0.00019001845493766037,0.0,-0.0,-0.0,0.00046987403746140996,-0.0,-0.0,-0.0,-0.0,-0.0,-0.0,0.00013489472211663592,7.189789511166768e-05,-0.00011947080982219348
2021-06-17,0.0,0.0006791800038581941,0.0,0.0,0.0,-0.0007335541597505268,0.0,-0.0,-0.0,0.00031039934141426984,0.0,-0.0,2.970244594569955e-05,-0.0002542334436348332,0.0008464499222939786
2021-06-18,-0.0,-0.00028251377219945935,-0.0,-0.0,0.0,0.0,-0.0,-0.0,-0.0,-0.0008648372187134336,-0.0,-0.0,0.0009826592774553403,0.00043850101651322703,-0.00022815060968893187
2021-06-21,0.0,0.0006129640419155016,-0.0,0.0,-0.0,-0.00015534815751984776,0.0,0.0,0.0,0.0011412763671112113,0.0,0.0,-0.001376450013858687,-0.00018551607824673376,0.0003427078254055694
2021-06-22,0.0,0.0,0.0,-0.0,0.0,-0.0007339886331685906,-0.0,0.0,0.0,0.00044041900892258565,0.0,0.0,-0.0005444148889436302,0.00014077310312534804,0.0006746307716916231
2021-06-23,-0.0,-0.0,0.0,0.0,0.0,0.00013130784871211163,-0.0,-0.0,-0.0,-0.00036994683376089963,0.0,-0.0,0.0001250882516836545,1.3634468790591168e-06,4.397418359063985e-05
2021-06-24,-0.0,0.0,0.0,0.0,0.0,-0.00034967907970191134,0.0,0.0,0.0,-0.00023100657107815955,0.0,0.0,-0.0006025542267470984,-5.492372403663849e-05,0.0005968091720420233
2021-06-25,-0.0,-0.0,-0.0,-0.0,-0.0,-0.00012090651186535743,-0.0,0.0,-0.0,0.0004609507678664715,-0.0,-0.0,-0.00035884682595504103,9.807763538893969e-06,-0.00011841015667212768
2021-06-28,0.0,0.0,0.0,0.0,0.0,-0.000782242132859658,0.0,-0.0,0.0,2.5484200347805263e-05,0.0,0.0,-0.00020159046656048244,-9.28367493169949e-05,0.0011609381742973034
2021-06-29,0.0,0.0,0.0,0.0,0.0,-0.00016531743261753297,0.0,-0.0,0.0006390702424656047,-0.0002554283971361177,0.0,0.0,-4.444973368383866e-05,0.00015240530999792294,0.00033040408609497063
2021-06-30,0.0,-0.0,-0.0,-0.0,0.0,0.00043438248708678896,-0.0,0.0,0.0005403542713887818,-0.0001667309483945378,0.0,-0.0,-6.596656693623682e-05,-1.324219861923216e-05,-0.00015673712679117863
2021-07-01,0.0,0.0,0.0,-0.0,-0.0,-0.0,0.0,0.0,0.00011591623559976952,0.0010802300950897468,-0.0,-0.0,-0.0002060871485407234,-6.631010304890464e-06,1.935580781930541e-05
2021-07-02,0.0,0.0,0.0,-0.0,0.0,0.0,0.0,0.0,0.0,0.0014130836360853997,0.0,0.0,-0.000433588603328261,-0.00028588360281560805,0.0005177289005429637
2021-07-06,0.0,0.0,0.0,0.0,-0.0,0.0,0.0,-0.0,-0.0,0.0,-0.0,-0.0,0.0,-0.0,-0.0
2021-07-07,0.0,0.0,-0.0,-0.0,-0.0,0.0,-0.0,0.0002635548270931383,-0.0,0.0,-0.0,-0.0,-0.0001831244587531771,-7.482571288151096e-05,5.1612972245619184e-05
2021-07-08,-0.0,-0.0,-0.0,0.0,-0.0,0.0,-0.0,0.0,-0.0,0.00029124033881724765,-0.0,-0.0,-3.633983579299348e-06,-0.0002601904442244193,0.00022099936269487513
2021-07-09,0.0,0.0,0.0,0.0,0.0,-0.0,-0.0,0.00044860114007794905,0.0,-0.0012518681036728263,0.0,0.0,2.2657911490241378e-05,0.00028425389233625354,-0.0002588228153903895
2021-07-12,-0.0,-0.0,0.0,0.0,-0.0,-0.0,-0.0,-0.0004767728001339595,0.0,0.0003889289800314118,0.0,0.0,1.7474300185815776e-05,2.582453216718847e-05,-0.00017281385860866066
2021-07-13,0.0,0.0,-0.0,-0.0,-0.0,0.0,0.0,8.44674062921017e-05,0.0,5.742176291119465e-06,-0.0,-0.0,-1.8045725067611804e-05,0.00011841714203955137,-0.0
2021-07-14,0.0,0.0,-0.0,-0.0,-0.0,0.0,-0.0,0.0007168915286413864,0.0003086701751190806,-0.0006900594274005648,0.0,2.0916126638427644e-05,2.6780059248236553e-05,-0.00026914585654559523,9.458276197262467e-06
2021-07-15,-0.0,-0.0,-0.0,-0.0,-0.0,-0.0,-0.0,-0.00040839284033140357,0.0006320746507992234,0.0011689737113924242,-0.0,-0.0007957168515497579,-6.180893520361461e-05,0.0003073033595616176,-4.089036005278698e-05
2021-07-16,-0.0,-0.0,-0.0,-0.0,-0.0,-0.0,0.0,4.657662190557427e-05,0.0007582741463886562,-0.0007195196978743053,-0.0,-0.0005716179571313193,-0.0001492055179873677,0.00033942792979404796,-3.426670643365027e-05
2021-07-19,-0.0,-0.0,0.0,-0.0,0.0004000717117850501,-0.0,-0.0,-0.0,0.0003010683305017226,0.00029231469743404607,-0.0,3.222687833126444e-05,-0.0016822340246196417,1.755787520900506e-05,0.0009450275704415767
2021-07-20,0.0,0.0,-0.0,0.0,0.00030514229084830497,0.0,0.0,0.0,0.0,-0.0009565311073707624,0.0,0.00040908225308233516,0.0012885851583516114,0.00026023355639258344,-0.001768727898238742
2021-07-21,-0.0,0.0,0.0020990931599258393,0.0,0.0013030422458213144,0.0,0.0,0.0,0.0,-0.000577522540650203,0.0,0.0016938349133206858,0.0011071031032101881,0.00032239957512309505,-0.001978747536460589
2021-07-22,0.0,0.0,0.00047174998707658094,-0.0,0.0,0.0,0.0,0.0,-0.0,-0.0005543908664782302,0.0,-0.0,0.00019147951364827822,0.0004216147509372442,-0.001104628623319919
2021-07-23,0.0,0.0,-9.194935161835287e-05,0.0,0.0,0.0,-0.0,0.0,-0.0,0.0016819614834106033,0.0,0.0007929824210301594,0.0007394309214874103,0.0002755178991406711,-0.0019318573032025461
2021-07-26,0.0,-0.0,-0.0006795121570860845,-0.0,-0.0,-0.0,-0.0,0.0,0.0012208229247316071,0.0,-0.0,0.0003758915093790618,-9.017463790527036e-06,4.1875451479547e-06,-9.909664726794149e-05
2021-07-27,-0.0,-0.0,-0.00022336539147048147,-0.0,-0.0,-0.0,-0.0,-0.0,-0.0010512993115940103,-0.0,-0.0,-0.0008382852558994457,-1.4757191575790406e-05,0.00022945803693053823,0.0012479835919528928
2021-07-28,-0.0,-0.0,0.000762072048574457,0.0,0.0,0.0,0.0,-0.0,-0.0001035294487535082,-0.0,0.0,0.0004623937465203807,1.164224178921059e-06,-1.1324641821874226e-05,-0.0005449464731727552
2021-07-29,0.0,0.0,0.00040597695271456057,0.0,-0.0024995247870547637,0.0,0.0,0.0,0.0005900602337507705,0.0,0.0,0.0007911389435478818,-0.0001603953293091307,-0.0002565262231269303,-1.8328835589794552e-05
2021-07-30,0.0,-0.0,-0.0004162328370641431,0.0,-0.0015493254470977807,-0.0,-0.0,0.0,1.8618507010899387e-05,-0.0,0.00039562691866296183,0.00020764913535146502,0.00018734353451726446,8.9742843257441e-06,1.5523163422651493e-05
2021-08-02,-0.0,-0.0,0.0006395154571840467,-0.0,0.0,-0.0,-0.0,0.0,-0.0,0.0,0.00031474020756772146,0.0,-8.423268149799615e-05,-0.00016720814970435323,-6.802347539561514e-06
2021-08-03,0.0,0.0,0.00016428676476337598,0.0,0.0,0.0,0.0,0.0,0.0,0.0,0.00030659440427729544,-0.0,0.00031866145350227813,0.00031862422046691956,-0.0005178893258210576
2021-08-04,-0.0,-0.0,0.001145002515890478,0.0,0.0,0.0,0.0,0.0005002721741476107,-0.0,0.0,-9.116388384969763e-05,0.0,-0.000369468745695069,0.00015506725865587043,-0.00017057899260523328
2021-08-05,0.0,0.0,0.0008873152125889416,-0.0,-0.0,0.0,0.0,-6.280844253456262e-05,-0.0,-0.0,0.0004711100774183257,0.0,0.0005962498295388564,0.00037444263992003835,-0.0008399772454408023
2021-08-06,-0.0,-0.0,-0.0006609368731256538,-0.0,-0.0,-0.0,0.0,0.00015267187434451717,0.0,0.0,-0.0,-0.0,0.00014617348545462353,-3.1635775193728535e-05,0.0006157372751516516
2021-08-09,-0.0,-0.0,-0.00017461467293062867,-0.0,-0.0,-0.0,-0.0,-0.0,0.0,0.0,0.0,-0.0,-4.067986766377346e-05,-4.141132643388526e-05,-0.000197800275489298
2021-08-10,-0.0,-0.0,-0.0008923703842909137,-0.0,-0.0,-0.0,-0.0,0.0,-0.0,-0.0,-0.0,-0.0,6.097164003027792e-05,-9.810259174820344e-06,0.0004903254355313149
2021-08-11,0.0,0.0,-0.0005979634785412109,0.0,0.0,0.0,-0.0,0.0,0.0,-0.0,0.0,-0.0,0.0001265625924274439,-1.6375664728870077e-07,0.00016045245210822044
2021-08-12,0.0,0.0,0.0005201541709031033,0.0,-0.0,0.0,0.0,0.0,-0.0,0.0,0.0,-0.0,0.00015639518331235703,-7.680342882171367e-06,-0.00034136700577786584
2021-08-13,0.0,-0.0005217498344150551,0.0007058706012867722,0.0,0.0,0.0,0.0,0.0,-0.0,0.0,0.0,0.0,8.516058812631646e-05,0.00014928767668698862,-0.00028402164271702855
2021-08-16,0.0,-0.0002978985746369307,-0.000592961257107174,0.0,-0.0,-0.0,-0.0,-0.0,-0.0,0.0,0.00017185042357837894,0.0,0.0001286989587762652,0.00024297410017641355,-3.05235424763456e-05
2021-08-17,-0.0,0.00025864473683834483,-0.0,-0.0,0.0,-0.0,-0.0,-0.0,-0.0,0.0,0.001271689522774352,-0.0,5.89120135825371e-06,-0.00046738769580569864,-0.0002499976742315634
2021-08-18,-0.0,0.0004025303938597288,-0.0,-0.0,-0.0,-0.0,0.0,-0.0,-0.0,-0.0,-0.0,-0.0,9.35834248276013e-05,-0.0004504550448685575,-0.00012138335168753135
2021-08-19,0.0,-0.0010281213301399428,0.0,0.0,0.0,0.0,0.0,0.0,0.0,-0.0,-0.0,0.0,-1.3413021231392851e-05,0.00030464958800504845,5.988329870212388e-05
2021-08-20,0.0,0.0,0.0,0.0,0.0,0.0,0.0,-0.0008226005955855626,-0.0,0.0,0.0,-0.0,0.00025685765354737733,0.0004885157517444075,-0.00042890680606736683
2021-08-23,0.0,0.0,0.0,0.0,0.0,0.0,0.0,-0.000274067147313136,0.0011593069699842356,0.0,0.0,0.0,0.0001540092027099207,0.0003719568193438434,-0.0007505301084123875
2021-08-24,-0.0,-0.0,-0.0,-0.0,-0.0,0.0,-0.0,-0.0006618118002995684,0.0,-0.0,0.0,-0.0,5.229305339544982e-05,-4.203622924956094e-05,-0.0001198839894901249
2021-08-25,-0.0,-0.0,0.0,0.0,0.0,-0.0,0.0,0.0,0.0,0.0,-0.0,0.0,-0.0,0.0,-0.0
2021-08-26,-0.0,-0.0,-0.0,0.0,-0.0,-0.0,0.0,-0.0,-0.0,0.0,-0.0,-0.0,0.0,0.0,0.0
2021-08-27,0.0,0.0,0.0,0.0,0.0,0.0,0.00023581418167931465,-0.0,0.0,0.0,0.0,0.0,-0.0002970417205350664,0.00021005143068025245,0.00037669122238978325
2021-08-30,0.0,0.0,0.0,-0.000296533945164406,-0.0,0.0,0.00029350977981052975,0.0,0.0,0.0,0.0,0.0,-0.00016300510509308712,0.00039259768721628297,0.0007581732192538058
2021-08-31,-0.0,-0.0,-0.0,0.0001686579252030384,-0.0,-0.0001722207630384154,-5.6578159326133334e-05,-0.0,0.0,-0.0,0.0,-0.0,-2.07131787339508e-05,6.110426378848333e-05,-3.112494675616859e-05
2021-09-01,0.0,-0.0,0.0,0.00040894035323399804,-0.0,0.0001647125791038349,-0.0005716061428890811,0.0,-0.0,0.0,-0.0,-0.0,7.070093883700152e-06,-5.404387529603916e-06,8.160233631950787e-05
2021-09-02,0.0,-0.0,-0.0,-0.0,-0.0,-9.394755231042866e-05,0.0007831587232286969,0.0,0.0,-0.0,-0.0,0.0,4.905919419687789e-05,3.0663831938127994e-05,-5.675481278014814e-06
2021-09-03,0.0,-0.0,0.0,0.0,0.0,0.0001464811786609098,-0.0005515557689671698,-0.0,-0.0,0.0,-0.0,0.0,-3.0392160883460286e-06,-0.00010130016415399021,3.5434022250545265e-05
2021-09-07,0.0,-0.0,-0.0,0.00010962821332902982,-0.0,-0.0003915741635588852,0.00035131369991090513,-0.0,0.0,-0.0,-0.00030515387040903766,-0.0,1.3129354445994986e-05,-8.284826834549454e-06,3.91510793307584e-05
2021-09-08,0.0005067394239828738,0.0,-0.0,0.00022301418446920622,-0.0,0.000138153959601494,0.0004906922280295559,-0.0,-0.0,0.0,-0.0004296669469912219,-0.0,1.0876527717119927e-05,-0.00014151554199252027,-2.2257781244846536e-05
2021-09-09,0.00033637490214879747,-0.0,-0.0,9.009285035440365e-05,-0.0,-0.00011623523990834066,0.00035921890981131224,-0.0,-0.0,0.0,-0.0003308706195796047,-0.0,4.2579170658511994e-05,-0.00014227840903837576,-2.5798092887662557e-05
2021-09-10,0.0016831050601090994,-0.0,0.0,-0.00046993206235768195,-0.0,-0.00020747860335741826,-0.0,-0.0,0.0,0.0,0.0003869716072323753,0.0,-0.0001345158457987412,-0.00014007823018495616,0.00011510846808723446
2021-09-13,0.0,0.0,-0.0,-8.123478635009915e-05,-0.0,-0.0010574817709323885,-0.0,0.0,-0.001056733259162545,-0.0,0.00025516501252150473,-0.0008657887330911925,0.000155763408736801,-2.2105532403690883e-05,-3.658157842548308e-05
2021-09-14,-0.0,0.0,0.0,-0.0002907594896716012,0.0,-0.0,0.0,-0.0,0.0004291871845695721,-0.0,-0.0,-0.00029042205582054044,-0.00021217620524189605,1.2571222363356764e-05,-0.0002307654334924985
2021-09-15,0.0,0.0,0.0,-0.0007779834895650785,-0.0,0.0,0.0,-0.0,-0.0005472509938535657,0.0007695993884749841,-0.0,-0.0006087541129684528,-0.00013281140663854989,-0.0003301418281195773,0.0009312921088507352
2021-09-16,-8.058560605477135e-05,0.0,-0.0,0.00023498455387543785,0.0,0.0,0.0,-0.0,0.0002637568644722997,-0.0002743177528878006,5.783690639118666e-05,0.00017244894351685778,3.6424184443883014e-05,-6.369771557094276e-05,7.788497530597833e-05
2021-09-17,-0.0009259209823821107,-0.0,-0.0,0.00013322157188132454,-0.0,-0.0,0.0,-0.0,0.0005225091092585705,-0.0004952816355871893,-0.0017648891040511969,0.00014501244041607834,0.00030838190559001415,0.0017743297786397899,-0.00140916137264472
2021-09-20,-0.0010796267200065448,-0.0,-0.0,-0.0,-0.0,-0.0,-0.0,-0.0,0.0011936411693431088,-0.00012749195595586796,-0.00031536371253857446,0.0009412889863198514,0.00028533166667942173,0.0025654216891200904,-0.0018564936818991496
2021-09-21,0.00017110747571445187,0.0,0.0,-0.0,0.0,0.0,-0.0,-0.0,0.00010392067982823165,0.00043330330682766815,-0.0003818399715151026,-9.596683013499229e-05,1.61663280970078e-05,-5.401027420515244e-05,0.00012838447647212992
2021-09-22,0.000836579250380427,0.0,0.0,0.0,0.0,-0.0,0.0,0.0,-0.0005922791827300982,0.0008668100300508351,0.0004759062971866549,-0.0007611749552545792,-0.0001365915026254099,-0.0018808560188205289,0.0009556064396923241
2021-09-23,0.00033483793305579836,0.0,0.0,0.0,0.0,0.0,0.0,0.0,-0.0004928896977006829,0.0005510007408294571,0.00033718095711350273,-0.0006969372068029959,-7.07340172992305e-06,-0.0017836976468357784,0.0007814892975572732
2021-09-24,3.063829883101902e-05,-0.0,0.0008998739400596338,0.0,-0.0,-0.0,0.0,0.0,-0.0001755198107272531,0.00028992052683633746,-1.120280821744556e-05,-0.0004958469966476844,-9.37541670287973e-05,-7.853285027019541e-05,0.00017104875818580584
2021-09-27,-0.0005303002256616577,-0.0,0.0009625134332784069,-0.0,0.0,-0.0,-0.0,-0.0,-0.00040411682147011957,0.00060780945177298,-0.00014961112299763,7.980449596822758e-05,0.0001604843055384401,0.001085937587263915,-0.001448353294746746
2021-09-28,-0.0012044581295893718,-0.0018437582051592499,0.002269092582359549,-0.0,-0.0,-0.0,-0.0,-0.0,0.000607406696782373,-0.0,-0.0013593365103309642,0.0013765354979814236,0.00041351316679420986,0.0035957435626431233,-0.004126087894566986
2021-09-29,0.00032310290140455123,8.457853722450275e-05,0.0004415789570792455,-0.0,-0.0,-0.0,-0.0,-0.0,0.0004744663010557787,0.0,-0.00023921644518843434,0.0004691239693103736,-3.678432349399505e-05,0.00014784924051168918,-0.00023421143691126139
2021-09-30,-0.0,-0.0003675447706695638,-0.00048262688887882243,-0.0,0.0,-0.0,0.0,-0.0,0.00019668471555125416,-0.0,-0.00011616205952769994,0.00022321465643426906,0.00032765855900455324,0.00037563183088203616,-0.00045654335234783825
2021-10-01,0.0,0.001257465313724281,-6.271408029486894e-05,0.0,-0.0,0.0,0.0,0.0,-0.0005413530575659531,0.0,-0.00010477709604724027,-0.0004093287109559073,-0.00033560461668345737,-0.000687261117275269,0.0007369014587156434
2021-10-04,-0.0,-0.0010468567160474523,0.002495947339802535,-0.0,-0.0,-0.0,-0.0,-0.000832057237134075,-0.0,-0.0,-0.0007948794995423685,0.0008823988090446516,0.0009634098608533212,0.001904787707783507,-0.0030409508182455696
2021-10-05,0.0,0.0009880189284804397,-0.0017895048838633112,0.0,0.0,0.0,0.0,0.00042233082528561123,0.0,0.0,0.0003343704684184649,-0.0009056144309955117,-0.0008019795625026352,-0.0011216944320712405,0.0019553014522681795
2021-10-06,0.0,0.0007476035956163404,-0.0006050959611282816,0.0,0.0,0.0,0.0,-0.0006904279823548737,0.0,-0.0,0.00020736365259237975,0.0,-0.0003860554189314908,-0.0004945537785252085,0.0007908690762883657
2021-10-07,0.0,0.0,-0.0008976901808297923,0.0,0.0,0.0,-0.0,0.0009912218892422283,0.0,0.0,-8.597110363457893e-05,0.0,-0.0009646395862803233,-9.454974418529328e-05,0.0010010659791393048
2021-10-08,-0.0,0.0,0.0005822621043070662,-0.0,-0.0,-0.0,-0.0,5.449591820128003e-05,-0.0,0.0,-0.0005070997513415785,-0.0,0.00023177785070739346,-9.220517315715492e-05,-0.00042077084872594315
2021-10-11,-0.0,-0.0,0.0003275068300541094,-0.0,-0.0,-0.0,0.0,-0.00013635132529625632,-0.0,0.0,-0.000640193246285463,-0.0,0.0009011869113805531,-0.000123185446546136,-0.000642728839969495
2021-10-12,-0.0,-0.0,5.801866917983404e-05,-0.0,0.0,0.0,0.0,-0.0005951906193930294,-0.0,-0.00014670449589956905,-0.0008027926701611129,-0.0,0.00016785615971223018,-0.00027348591805329714,-7.038682555655129e-05
2021-10-13,-0.0,0.0,-0.0006440848496540218,-0.0,0.0,0.0,0.0,0.0003122140539445295,0.0,-0.00043236191692059325,0.0008427958725509852,-0.0,-0.00016952782885842804,0.00033621688443213936,2.759519312109702e-05
2021-10-14,0.0,0.0,-0.0018908191882689223,0.0,0.0,0.0,0.0,0.0009340980837997497,0.0,0.0005843138284727668,0.001426978993481655,0.0,-0.0006796432471585104,0.0012811195920589464,-5.8357416142897564e-05
2021-10-15,0.0,0.0,-0.0002660068648043011,0.0,0.0,0.0,0.0,-0.0003606868661845883,0.0,-2.623157292210422e-05,0.0005949231895807369,0.0,-0.00035661510257295026,0.00038642410192406913,2.4216363320693453e-05
2021-10-18,0.0,0.0,0.0,0.0,0.0,0.0,0.0,-0.0,0.0,-0.0006151036706778979,-0.0,0.0,0.00018816098250572631,0.00020735149711306072,-0.0006420740684005135
2021-10-19,0.0,0.0,0.0,0.0,-0.0,0.0,0.0,0.0,0.0,-0.0002841357029012695,0.0,0.0,0.0005198613557415144,9.58809073488665e-05,-0.0003472989405570237
2021-10-20,0.0,-0.0,-0.0,-0.0,0.0,-0.0,-0.0,0.0,0.0,0.00021683048952826587,-0.0,0.0,0.0002667754913112496,-2.4153792485730526e-05,5.936222377389068e-05
2021-10-21,0.0,0.0,0.0,0.0,0.0,0.0,-0.0,-0.0,0.0,0.00017622076912124783,0.0,0.0,0.00016331470843594065,5.5803194519270883e-05,-0.0002915540053573894
2021-10-22,-0.0,-0.0,0.0,0.0,0.0,0.0,0.0,-0.0,-0.0,0.0,-0.0,-0.0,0.0,0.0,0.0
2021-10-25,-0.0,-0.0,0.0,0.0,0.0,0.0,0.0,0.0,-5.057146178057996e-05,-0.0,0.0,0.0,-9.034690603968419e-05,0.00020618637665747162,-0.000931495848646321
2021-10-26,0.0,0.0,0.0,0.0,0.0,-0.0,0.0,0.0,-0.0011567718314163928,-0.0,0.0,-0.0,-1.691406636297599e-05,0.00016230548294729485,-0.0002617945523487881
2021-10-27,-0.0,0.0,-0.0,-0.0,0.0002650795328307962,-0.0,0.0,0.0,-0.0004055340937406383,-0.0,-0.0,-0.0,0.0003615637099683129,-7.411901706968501e-05,-1.7807827458616824e-05
2021-10-28,0.0,-0.00018223395512553255,-0.0009920960399502049,0.0,0.0004600755431798622,-0.0,0.0,0.0,0.00019797879362170947,0.0,0.0,0.0,-0.0016949847322763607,0.002095610032121428,0.0004990171549543895
2021-10-29,-0.0,-0.001108327770708108,-0.0012394710875372394,0.0,-0.0,0.0,0.0,-0.0,0.0009477003941837228,-0.0,-0.0,-0.0,-0.00023752385447315934,0.0007709278124525879,-0.00011220357782105608
2021-11-01,-0.0,0.00034039980792379185,-0.0005058999457084934,-0.0,0.0,-0.0,0.0,0.0,0.0005580981332685205,-0.0,0.0,-0.0,-0.0002097861541990349,-0.00027384655130818753,-8.210619512779325e-05
2021-11-02,0.0,-0.0005675532636790844,-0.0010990715939419463,0.0,0.0,0.0,0.0,0.0,0.00031184086597074257,0.0,0.0,0.0,-0.0004788480393834909,0.0016343604121997115,-0.00012338741704364582
2021-11-03,0.00048754988143709664,-0.00013040943941840355,-0.0003717068384102766,0.0,0.0,0.0,-0.0,0.0,0.00052868322985475,0.0,0.0,-0.0,-0.0007701761427706343,0.0008293824384758199,-0.00019846476730007545
2021-11-04,-0.00017523575549687343,-0.00036394170587680645,-0.005685296250217099,0.0,-0.0026010415852963814,0.0,0.0,-0.0,-7.944390946397717e-05,-0.0,0.0,0.0,-0.0006990620464505682,0.0020536349138278853,0.0008120077551154987
2021-11-05,0.00010587616449536416,-0.0,-0.0,0.0,0.0004236075585993358,-0.0,-0.0,-0.0,0.0006025954592989296,-0.0,-0.002168667299149385,0.0,-0.0003913895381384615,0.00028079535920087095,5.408210131644464e-05
2021-11-08,-0.00027840453740332155,0.0,0.0,0.0,-0.004827481317180707,0.0,0.0,-0.0,0.0006148218386881534,0.0,0.0,-0.0,-6.798514534028003e-05,0.00011905996921331087,-2.5858749763824318e-05
2021-11-09,0.00012282163852290136,-0.0,-0.0,-0.0,-0.0,0.0,-0.0,0.0,-0.00034063392087533537,-0.0,0.0,-0.0,0.00012164490601859365,-6.826720005117791e-05,0.0004582777747573485
2021-11-10,-0.0009674589646862024,-0.0,-0.0,-0.0,-0.0,-0.0,-0.0,0.0,-0.00043154445996375725,-0.0,-0.0,-0.0,0.00029944274943020097,-0.00030603030665011827,0.0009964055974052573
2021-11-11,-1.6903884673671848e-05,0.0,0.0,0.0,0.0,-0.0,0.0,-0.0,-0.00022707117711848673,0.00011177946849552959,0.0,0.0,-3.594772943661245e-05,-1.283494624300699e-05,-7.716345874011307e-06
2021-11-12,0.0007117557910936065,0.0,0.0,0.0,0.0,0.0,0.0,0.0,-0.00021816774002950007,-0.00026655356870642857,0.0,0.0,-0.0008092470110159432,1.8306285174240678e-05,-8.308083738891866e-05
2021-11-15,3.333444449384453e-06,-0.0,-0.0,0.0,-0.0,0.0,-0.0,0.0,9.937394447894977e-06,0.00025591866491221036,0.0,-0.0,-3.748050575347692e-05,-4.733922754492143e-06,1.9766501693120834e-06
2021-11-16,0.0003322271359334256,0.0,0.0,0.0,0.0,0.0,0.0,-0.0,0.000287328641690081,0.0008384945750685131,0.0,-0.0,-0.00043014652655875034,2.0016433990217745e-05,-5.237075717742627e-05
2021-11-17,0.0008177790755196242,-0.0,-0.0,0.0,-0.0,-0.0,0.0,-0.0,-0.0003768363732016682,-0.000146643029593397,0.0,0.0,0.0002541628887973853,2.0377383400527975e-05,-7.190081338184912e-07
2021-11-18,0.0,0.0,0.0,0.0,0.0,0.0,-0.0,-0.0,-0.0005505010068364984,-0.0003526516013692418,0.0,0.0,-0.0003016831675225251,0.00012082731183424597,7.257830636189494e-05
2021-11-19,0.0,0.0,0.0,-0.0,0.0,0.0,-0.0,-0.0,-0.0001612904624441283,-0.000365797104156415,-0.0,0.0,0.0001713877584132152,0.0001094004708012123,5.7317319920596694e-05
2021-11-22,0.0,-0.0,-0.0,-0.0,-0.0,-0.0,-0.0,0.0,0.0003120291958486252,0.00033937981606896306,-0.0,-0.0,0.00027042795300786046,-0.00017025757809414067,-0.0001199173389036947
2021-11-23,-0.00012095654566767337,-0.0,-0.0,0.0,-0.0,-0.0,-0.0,0.0,-0.0007379088746419179,-0.0008904527529760291,-0.0,0.0,-0.00011890762854737478,-7.782433188960131e-05,-0.0001285832780934471
2021-11-24,-0.00016390922363900248,0.0,0.0,0.0,0.0,0.0,-0.0,0.0,0.0006676206815224606,0.000343128089061902,-0.0,0.0,-0.00020034393827734356,0.0002491934247005313,4.5261416098022844e-05
2021-11-26,0.001609550743251407,-0.0,-0.0,-0.0,-0.0,-0.0,-0.0,-0.0,-0.0009945527821574945,-0.000672378482676685,-0.0,-0.0,0.0016095648147887204,-0.00060433554605343,-0.0004191604570090944
2021-11-29,-0.0010818904982311387,0.0,0.0,0.0,0.0,0.0,0.0,0.0,0.001235130632018586,0.00032925039361478606,0.0,0.0,-0.0007926791658594348,0.0006416988337868704,0.00037311829864701226
2021-11-30,-0.0015544656734707884,-0.0009052733724659739,-0.0,-0.0,-0.0,-0.0,-0.0,-0.0,-0.0,-0.0011977924710507204,-0.0,-0.0,0.000540383189378825,0.00037053368895011385,-0.0008356024063520684
2021-12-01,0.00016057213788192083,-7.719437863117334e-05,-0.0,0.0,-0.0,-0.0,-0.0,0.0,-0.0,-0.0005485123433714792,-0.0,-0.0,0.0008391712700745493,-0.00014907652232931448,-0.00045571744218594234
2021-12-02,-0.0,-8.945224272887034e-05,0.0,-0.0,0.0,0.0,0.0,0.0,0.0,0.000133526283873451,0.0,0.0,-0.0008875173806528639,-0.0003934332203888076,0.0002592276590466657
2021-12-03,-0.0,-0.0009931360986314504,-0.0,0.0,-0.0,-0.0,-0.0,0.0,-0.0,-0.0009819089050305079,-0.0,-0.0,0.0003861520820490835,0.0008141501759304981,-0.0005589300987804622
2021-12-06,0.0,0.0004898375591016259,-0.0,0.0,-0.0,0.0,0.0,0.0,0.0,0.0,-0.0,0.0,0.00014682742551267998,-0.0003013113423692807,-0.00011365223933828347
2021-12-07,0.0,0.0013205831829231705,0.0,0.0,0.0,0.0,0.0,0.0,0.0,0.0,0.0,0.0,0.00024195266899178358,-0.00110024910700816,-0.0004076707861611345
2021-12-08,0.0,7.463911999415626e-06,-0.0,0.00015606988311268083,0.0,0.0,-0.0,0.0009209643516007361,-0.0,-0.0,-0.0,-0.0,0.00022708023938985676,3.134421129408942e-05,-0.0002473689134393657
2021-12-09,-0.0,-0.0,-0.0,0.0004385768490814547,-0.0,-0.0,-0.0,0.0,-0.0,-0.0,-0.0,-0.0,-8.917414904625691e-05,-0.0003190212197234246,4.68438382787119e-05
2021-12-10,0.0,0.0,-0.0004811531988942783,-0.0039737799081341054,0.00016266054468705267,0.0,0.0,0.0,0.0,0.0,0.0,0.0,0.0015802876313940654,-0.001923327172628681,-0.00147006598042853
2021-12-13,-0.0,-0.0,-0.0034918827499656802,0.0007994808656673427,-0.0017442561807429697,0.0,-0.0,0.0005430224763451334,-0.0,-0.0,-0.0,-0.0,-0.0019427905363607629,0.0001473810285540679,0.003515430425723305
2021-12-14,-0.0,-0.0,0.0003115164595484096,0.0005458701928784334,0.0006681613906083469,-0.0,-0.0,0.0007217860347581797,-0.0,-0.0,-0.0,-0.0,-0.0015523002748943113,0.00012896679094145404,0.0025956264232688906
2021-12-15,0.0,0.0,0.003610657288663138,-0.001988674339514991,0.00386580264754134,0.001242444607670417,0.0,-0.0018353802338459788,0.0,0.0,0.0,0.0,0.003895109029838787,-0.000374470579964765,-0.007206973484717706
2021-12-16,-0.0,-0.0,-0.0035225111548404793,-0.0,-0.0027572391524885746,-0.005374520780301172,-0.0,-0.00031603564964007995,0.0,-0.0,-0.0,-0.0,-0.0021482392012610284,0.0021658773643755576,0.007562730829655097
2021-12-17,-0.0,-0.0,-0.0010429651308860905,0.0,-0.00032200986871633395,-0.000841718237970611,-0.0,-0.00012420309442082248,-0.0,0.003303843679716021,-0.0,-0.0,-0.004173340639686688,1.3698752145556736e-05,0.0019305376290918964
2021-12-20,-0.0,-0.0,-0.00014769463188781936,0.0,-0.0007128616454214028,-0.0006209351228849007,-0.0,8.276777258319103e-05,-0.0,-0.0,-0.0,-0.0,-0.0023329089947933318,0.00116275257154151,0.003008983334477352
2021-12-21,0.0,0.0,0.0023880299884910246,0.0,0.0030182345131806597,0.0006999184092164741,0.0,-0.000551945632837772,0.0,-0.0,0.0,0.0,0.0038435057276351276,-0.0019846107165069375,-0.006130687299230349
2021-12-22,0.0,0.0,0.0005557987969953866,0.0,-0.0001284143280392876,0.0,0.0,-0.00040796570979976653,0.0,-0.0,0.0,0.0,0.0017471196910243613,-0.0004049788532692905,-0.002843280674479867
2021-12-23,0.0,0.0,0.0004065063041625155,0.0,0.0007792723767824272,0.0,0.0,-0.000605774310669935,0.0,-7.795969950031794e-05,0.0,0.0,0.0007521927906622395,-0.0007082566201411555,-0.0009051657614734593
2021-12-27,0.0,0.0,0.00215433173817193,0.0,0.0027361235153173175,0.0,0.0,0.0,0.0,-0.00010041284195940156,0.0,0.0,0.0009815702935158433,-0.003257848927435945,-0.0011663381707097157
2021-12-28,-0.0,-0.0,-0.0010168956765967449,-0.0,-0.00039348516953168795,-0.0,-0.0,0.0,-0.0,-0.0004994710146301286,-0.0,-0.0,-5.693732574708274e-05,0.0008031317496774652,0.0003289508774242765
2021-12-29,0.0,0.0,-0.0005321403609722233,0.0,-0.0016225172025105224,-0.0,-0.0,0.0,0.0,-0.0002487848624770644,0.0,-0.0,8.297572136816408e-05,-0.00014139989694424143,8.326017075257706e-06
2021-12-30,-0.0,-0.0,-0.0,-0.0,-0.0010599899378967448,0.0,0.0,-0.0,-0.0,-0.00011349454424776159,-0.0,-0.0,-1.5549723104431913e-05,0.0008092689262797674,-7.32003863006339e-05
2021-12-31,-0.0,-0.0,-0.0,0.0,-0.00043245382886583595,-0.0,-0.0,-0.0,-0.0,-0.00045657205734130513,0.0,-0.0,-1.483945018436248e-05,0.0006010509393685703,-0.00015966947415152325
2022-01-03,0.0,-0.0,0.0,-0.0,0.002155770078331535,-0.0,0.0,-0.0,0.0,0.00039404007261185545,0.0,0.0,3.5186218202625014e-05,-0.0011618139031918436,0.00023882377290757427
2022-01-04,-0.0,-0.0,-0.0,0.0,-0.001975414721845859,-0.0,-0.0,-0.0,6.58204138305263e-05,0.0005318597167547645,0.0,0.0,-1.3380549814181343e-05,0.0016191219062071933,-0.0008917960305909472
2022-01-05,-0.0,-0.0,-0.0,-0.0,-0.002948425095163353,-0.0,-0.0,-0.0,-0.000682189818038747,-0.001357755989337049,-0.0,-0.0,-0.0008382326539292103,0.004702460984842139,-0.001977994079789365
2022-01-06,-0.0,-0.0,0.0,-0.0,2.937073291003751e-05,-0.0,0.0,0.0,-0.00012977389561787204,-6.944445560771469e-05,-0.0,-0.0,-3.916806655887954e-05,0.0007324274394842264,-3.5779499916836115e-05
2022-01-07,0.0,0.0,-0.0,-0.0,-0.001577135559579927,-0.0,-0.0,0.0,0.0005304842688204727,0.0006730041210204201,-0.0,-0.0,-0.00016355378665890133,0.0013423593479188,-0.0005563146721311504
2022-01-10,0.0,0.0,0.0,0.0,0.0,0.0,0.0,0.0,-0.001629228353378147,0.0010012213042630475,-0.0,0.0,-4.7789358038784147e-05,-2.7471966402758367e-05,4.0604337576024364e-05
2022-01-11,0.0,0.0,0.0,0.0,0.0019719610373644804,0.0,0.0,0.0,0.0,-0.0,0.0,0.0,0.00046905165383848775,-0.0004455297305784918,-0.001097432657899358
2022-01-12,0.0,0.0,0.0,-0.0,5.8228407483412015e-05,0.0,0.0,-0.0,-0.0,-0.0,0.0,0.0,0.0001357201536802383,-0.0001654464319706173,-0.00029952194991820044
2022-01-13,-0.0,-0.0,-0.0,-0.0,-0.0017506691882774818,-0.0,-0.0,-0.0,-0.0,-0.0,-0.0,-0.0,-0.0006727687145734051,0.0009550210899224241,0.0018424503907049515
2022-01-14,0.0,0.0,0.0,-0.0,0.0015356150933079514,0.0,0.0,-0.0,0.0,-0.0,0.0,-0.0007705724234777169,2.43673354615285e-05,-6.186367746716829e-05,-0.0004832585210730185
2022-01-18,-0.0,-0.0,-0.0,-0.0,-0.0,-0.0,-0.0,-0.0,-0.0,-0.0,-0.0,0.0012809062482473407,-0.00018139027642830125,-0.0007898317250107132,0.00023752609088455835
2022-01-19,-0.0,0.0,-0.0,-0.0,-0.0,0.0,0.0,-0.0,-0.0,-0.0,-0.0,0.0011038220763293497,-0.00011329166673028145,-0.0004717427587575705,0.00011895757981839961
2022-01-20,-0.0,-0.0,-0.0,-0.0,-0.0,-0.0,-0.0,-0.0,-0.0,-0.0,-0.0,0.0013789075726667998,-0.00014151799695180181,-0.000477042312290362,0.00019956295274318743
2022-01-21,-0.0,-0.0,-0.0,-0.0,-0.0,-0.0,-0.0,-0.0,0.0,-0.0,-0.00047370839802187933,-0.0006273536138878886,-0.0007164821954653885,0.00031803944895844724,0.0008405853153899835
2022-01-24,-0.0,0.0,-0.0,0.0,-0.0,0.0,0.0,0.0,-0.0,0.0,0.001534448777213061,-0.0007627697506608412,0.0001408699429886669,-3.738015560021776e-05,-0.00017539131495583794
2022-01-25,-0.0,-0.0,-0.0,-0.0,-0.0,-0.0,-0.0,-0.0,-0.0,-0.0,-0.0013770541318350463,0.0012433226488647864,-0.0003064774345488841,0.0003168356273672052,0.0006114201004751779
2022-01-26,-0.0,0.0,0.0,0.0,-0.0,-0.0,-0.0,-0.0,0.0,-0.0,0.0004662389024566961,-0.0012405189367492167,-6.133470204097132e-05,-8.252409879790281e-05,3.8157466422399524e-05
2022-01-27,-0.0,0.0,-0.0,-0.0,-0.0,-0.0,0.0,-0.0,-0.0,0.0,-0.0017673991172113554,-0.0,-0.00012967330984609915,0.00038080839178075584,0.00013970060358449739
2022-01-28,0.0,0.0,0.0,0.0,0.0,0.0,-0.0021596016623006155,0.0,-0.0,0.0,0.0017104805046718073,0.0,0.0010582241463854328,-0.0029998872055705303,0.0012781136824312187
2022-01-31,0.0,0.0,0.0,0.0,0.0,0.0,-0.002309320624121077,0.0,0.0,0.0004206904303092554,0.0026131993955195317,0.0,-0.00028525551661222164,-0.0030230687223615697,0.0036454625238485127
2022-02-01,-0.0,-0.0,0.0,0.0,0.0,0.0,0.00010973646147725256,-0.0,0.0,-7.398275085930813e-05,0.0003882249094075338,0.0,-9.797252786718956e-05,-0.00032051704378295787,0.0007875288626020147
2022-02-02,0.0,0.0,0.0,0.0,0.0,-0.0,0.0015554816830584016,0.0,0.0,0.0008927716700103589,0.0030310650443386876,0.0,-0.0003180669892370738,-0.0008975781112399852,0.0009534797416486787
2022-02-03,-0.0,-0.0,-0.0,-0.0,-0.0,-0.0,0.002796653778780651,-0.0,-0.0,-0.0003405510610955142,-0.0,0.0033719402334246177,0.0013296834745479193,0.001197768924573312,-0.005685707533710216
2022-02-04,-0.0,0.0,0.0,0.0,0.0,0.0,-0.0014954818468723649,-0.0,-0.0,0.00010362698009861876,0.0,-0.0,-0.00025813438755237743,-0.000292860317472385,0.001745220905148916
2022-02-07,-0.0,-0.0,0.0,-0.0,0.0,-0.0,0.0005181155943896715,0.0,0.0,-0.0008412848147951277,-0.0,-0.0,0.00017663764792743864,0.0004832372650585188,-0.0011216041479913778
2022-02-08,0.0,0.0,0.0,0.0,0.0,0.0,-0.00010589322558434878,0.0,0.0,3.0954003341123455e-05,0.0,0.0,-0.0004304737647261543,-0.0009130782666205312,0.0015449579681775735
2022-02-09,0.0,0.0,0.0,0.0,0.0,0.0,-0.0010490293087496506,0.0,0.0,0.0016197227308113354,0.0,0.0,-0.000753949217210453,-0.0016411483317742897,0.0028963992705393353
2022-02-10,-0.0,-0.0,-0.0,-0.0,-0.0,-0.0,0.0009938695697607406,-0.0,-0.0,-0.0,-0.0,-0.0,-0.00015609225860122361,0.0005102297801675301,-0.0014673256774014418
2022-02-11,-0.0,-0.0,-0.0,-0.0,-0.0,-0.0,0.002296147978138922,-0.0,-0.0,-0.0,-0.0,-0.0,-0.00014563854336578202,0.0006571221397975842,-0.002134546509062668
2022-02-14,0.0,-0.0,0.0,0.0,0.0,0.0,0.0003620580628279793,-0.0,-0.0,-0.0,0.00014858851945787402,-0.0005904556640210299,-3.5341793884614387e-06,2.0545599293031007e-05,3.554698181007073e-05
2022-02-15,0.0,0.0,0.0,0.0,0.0,0.0,-0.0018663761935240758,0.001014460113021983,0.0,0.0,0.002327927601144101,0.0011258995685731663,-0.000797378352468088,-0.0020165066844853555,0.001389932468781614
2022-02-16,-0.0,-0.0,-3.0185262962589393e-05,-0.0,-0.0,-0.0,0.0005892225281327725,-1.8429782737231722e-05,-0.0,-0.0,-0.00011574079242256877,0.0006190085340661076,-9.87326779158623e-05,5.231439231865128e-05,-3.325223186601278e-05
2022-02-17,-0.0,-0.0,0.003930047508806758,-0.0,-0.0,-0.0,0.002844587580803611,0.0013816548990446716,-0.0,-0.0,-0.001709064436234056,-0.001078476128603554,0.0017477856809277326,0.0016306578232837315,-0.0038648515542916177
2022-02-18,-0.0,-0.0,0.0017966999849828428,0.0,0.0,-0.0,0.0008038069650692063,0.0012746308939487541,-0.0,-0.0,0.0002511666566112128,0.0006306852080047027,0.0004555828388029169,0.0005451343158175064,-0.0014418257052688718
2022-02-22,-0.0,-0.0,0.0005358105366048775,-0.0,0.0,-0.0,0.0004362606445435088,-0.0,-0.0003900610443037353,-0.0,-0.0005246952476343522,-0.0,0.0006196418117792604,6.11960891355439e-05,-0.0009850819939937866
2022-02-23,-0.001310226331082095,-0.0,0.0021914073675171584,-0.0,-0.0,-0.0,0.0011901928414137014,-0.0,-4.477278114260306e-05,-0.0,-0.001303850864944097,-0.0,0.0006809745149759533,0.002151003019116592,-0.003346790369191321
2022-02-24,0.0008271307854952611,0.0,-0.002950894158134225,0.0,0.0,0.0,-0.0034839203360464404,0.0,0.002265901559873169,0.0,0.0019298511946089668,0.0,-0.0004524459818513985,-0.00272900424289799,0.003985578125373649
2022-02-25,0.000644106712461436,0.0,-0.0008537938381375277,0.0,0.0,0.0,-0.0009215062712563054,0.0,0.0010484340504022043,0.0,0.0008704595635347827,0.0,-0.0007256206359834227,-0.0011043355145578077,0.0018999771425306687
2022-02-28,8.182563877290051e-05,-0.00024828100001272945,-0.0004696997995418167,-0.0,-0.0009329239549902752,0.0,0.0,-0.0,-1.048108168600421e-05,-0.0,0.00030911098101121755,-0.0,0.0002946972638247192,8.539738641362742e-06,0.00045781506938225714
2022-03-01,-0.0005848019881595594,0.0006467567523698447,0.0018973485339322362,-0.0,0.004011933111311074,-0.0,-0.0,-0.0,-0.0009310467915765431,0.0,-0.002473097021606892,-0.0,0.0018077034736791039,7.061969778621119e-05,-0.0023759800128643556
2022-03-02,0.0010189581168326023,-0.0008804878534766702,-0.0015578759820787417,0.0,0.0,0.0,0.0,0.0,0.0021426624609649433,0.0,0.0016701258318060604,0.0,-0.001803589602816325,-7.78365370610865e-05,0.001164552845074868
2022-03-03,-9.916166596454131e-05,0.0007163229997209516,0.0010556573544533716,-0.0,-0.0,-0.0,-0.0,-0.0,-0.0,-0.0,-0.0011656236182291289,0.0,0.0003953359221982098,0.00013973322305426948,-0.0013039044375518839
2022-03-04,-0.0009289884722194366,0.0010345549864914135,0.0016678931227404924,0.0,-0.0,-0.0,-0.0,0.0,0.0,-0.0,-0.0009432226230441446,-0.0,0.0005886214155121417,0.00021652079590003798,-0.0012642267584416543
2022-03-07,-0.0012001692593488107,0.0019254449329246988,0.003578115823942281,-0.0,-0.0,-0.0,-0.0,-0.0,-0.0,-0.0,-0.0038949124163751327,0.0015201099078801647,0.0019882763315957758,-0.0004483797079614451,-0.00333951819205371
2022-03-08,-0.0005872391806029825,0.0005515954708718236,-0.0003779236953795199,0.0,0.0,-0.0,-0.0,-0.0,-0.0,-0.0,0.00021937148797591998,-0.0007374542977287952,0.0005435716566079389,-6.268278604665533e-05,-0.0004253875860564769
2022-03-09,0.0017199485989813697,-0.002241892311485714,-0.0033699420195726555,0.0,0.0,0.0,0.0,0.0,0.0,-0.0018539231380966124,0.0020628514280285767,-0.0015068827328362914,-0.00032707363887344383,0.0031496607232774144,0.00037556544587365393
2022-03-10,-0.0013781318480668191,0.0005068935050665813,0.0007794867974984971,-0.0,-0.0,-0.0,-0.0,-0.0,-0.0,-0.00036006702250914233,-0.0007696900114264409,-8.400685618003905e-05,2.7254219800443705e-05,-0.0007586000366765709,-0.0004856207606928681
2022-03-11,-0.0012099552910326558,0.0009758821961182804,0.0012467690963794877,-0.0,-0.0,-0.0,-0.0,-0.0,-0.0,-0.0007574431119292154,-0.0007718765893167602,0.000696580879638321,-0.00011083763113294594,-0.00035992664777297366,-0.0011392191628289618
2022-03-14,-0.0013460776914187766,0.0006522886350631661,0.001773153802022396,-0.0,-0.0,-0.0,-0.0,-0.0,-0.0,0.000484218388325278,-0.0037650174583462835,0.0010799043245005363,-6.853813994293135e-05,-0.00042641640650219583,-0.0009677827694727616
2022-03-15,0.0,-0.0019005464043555988,-0.0037102540413387268,0.0,0.0,0.0,0.0,0.0,0.0,-0.002239227486134037,0.001022802739813129,-0.0016518727421538136,0.0004793824016868765,0.002532865384554127,0.0005413427978248722
2022-03-16,0.0,-0.0012450345788103162,0.0,0.0,0.0,0.0,0.0,0.0,0.0,0.000398606994019164,0.0,-0.0011502013005876958,0.001089486197329085,0.0024355670953973693,-0.0006049491770386664
2022-03-17,0.0,-0.00014077111111694872,0.0,-0.0,-0.0,0.0,0.0,0.0,0.0,-0.00039860699401916957,0.0,-0.0006031640224045891,0.0002813250447483097,0.0006143215158026568,-0.00014104101714191975
2022-03-18,0.0,-0.0008746970319487633,0.0,0.0,0.0,0.0,0.0,-0.0,0.0,-0.0006655262171913784,0.0,-0.00045458661569932213,0.00013293162996590708,0.0016614425918096945,-7.47092177206547e-05
2022-03-21,0.0,0.00021181172121796166,0.0,-0.0,0.0,0.0,-0.0,0.0,-0.0,-0.0,0.0,-9.984471922220968e-05,5.212161954423838e-06,-0.0002431126893027978,-5.8654168013794254e-05
2022-03-22,0.0,-0.0008123251514611496,-0.0,0.0,-0.0,0.0,0.0,0.0,0.0,0.0,0.0,-0.0005209385344167224,-0.00019962590298198396,0.000924898091066808,0.0002773647988751957
2022-03-23,0.0,0.0007572011168123186,-0.0,-0.0,-0.000376040250827546,-0.0,-0.0,-0.0,-0.0,-0.0,-0.0,0.0009047641940962148,-0.00017403767017810338,-0.00014422369610509275,0.000248717116605652
2022-03-24,0.0,-0.0007637783333437692,0.0,0.0,0.0028201118468293308,0.0,0.0,0.0,0.0,0.0,0.0,-0.0014121888895680518,0.0002867494332663135,0.0003203824870115675,-0.0005077537035463691
2022-03-25,0.0,-0.0,-0.0,0.0,-0.00035803650074136493,-0.0,-0.0,0.0,0.0,-0.0,-0.0,-0.00018693636144766858,0.00021934959106190767,1.7860830264156927e-05,2.7966557986231607e-05
2022-03-28,0.0,0.0,0.0,0.0,0.00023758954296470666,0.0,0.0,0.0,-0.0,0.0,0.0,-0.000210481178655117,0.00031524025642545964,-0.0003830272997806629,-0.0004949671375157439
2022-03-29,0.0,0.0,0.0,0.0,0.001228139125265642,0.0,0.0,0.0,0.0,0.0,0.0,0.0,0.0004025026184804295,-0.0011483921666573006,-0.0005586176823581368
2022-03-30,-0.0,-0.0,-0.0,-0.0,-0.0016541001079125647,-0.0,-0.0,0.0,-0.0,-0.0,-0.0,-0.0,-0.00020231368615550213,0.000707644134872565,0.00038092091853915465
2022-03-31,-0.0,-0.0,-0.0,-0.0,-0.00432541161624636,-0.0,-0.0,-0.0,-0.0,-0.0,0.0,-0.0,-0.0004995272602423032,0.0007991825869167089,0.0004098098826033256
2022-04-01,-0.0,0.0,-0.0,-0.0,-0.0005286676383685628,0.0,-0.0,-0.0,-0.0,-0.0,-0.0,-0.0,1.2206935126613762e-05,0.0001619088610447442,2.7038295438468555e-05
2022-04-04,0.0,0.0,0.0,0.0,0.001069901831169097,0.0,0.0,0.0,0.0,0.0,0.0,0.0,4.1605798648513614e-05,-0.001033155244841481,-0.0002904106153171749
2022-04-05,-0.0,-0.0,-0.0,-0.0,-0.0017070901205619938,-0.0,-0.0,-0.0,-0.0,-0.0,-0.0,-0.0,-3.4758324782822417e-05,0.0012074548436021787,0.0002398089332126689
2022-04-06,-0.0,-0.0,-0.0,-0.0,-0.0014966198788301701,-0.0,-0.0,-0.0,-0.0,-0.0,-0.0,0.0,-3.921970035132731e-06,0.0013643636805085585,0.00018640678836592052
2022-04-07,0.0,0.0,-0.0,0.0,2.4109166772149715e-05,0.0,-0.00016459688663446323,0.0,0.0,-0.0,-0.0,0.0,0.00021837722929109695,-8.815052193252669e-05,-0.0002013527124868709
2022-04-08,-0.0,-0.0,-0.0,-0.0,-0.0013287221914602097,-0.0,-0.0007525372970212302,-0.0,-0.0,-0.0,-0.0,-0.0,-0.00011665340126112174,0.0008374933595987646,0.001147587016589102
2022-04-11,-0.0,-0.0,-0.0,-0.0005472772412029038,-0.0018301180925297264,-0.0,-0.0004380854269606311,-0.0,-0.0,-0.0,-0.0,-0.0,-0.0006970377747607086,0.0022381545104163507,0.0021800984068766935
2022-04-12,0.0,-0.0,-0.0,0.00038261115945072794,-0.0011794592719660138,0.0008906309494470251,-0.0,-0.0,-0.0,-0.0,0.0,0.0,9.566018117318879e-05,0.00027394868125546056,-9.35935551766885e-05
2022-04-13,0.0,0.0,0.0,0.0,0.0013690961145332073,-0.0005708090510270534,0.0,0.00031740031564087673,0.0,0.0,0.0,0.0,-0.0009742910811918049,-0.0006514098168684083,0.0012381896932092433
2022-04-14,-0.0,-0.0,-0.002174705988602455,-0.0,-0.002453322271275309,-0.0,-0.0,-0.0009485379314890561,-0.0,-0.0,-0.0,-0.0,0.00023007510493468867,0.00313594522492567,0.000404243513928074
2022-04-18,-0.0,0.0,0.00121982769774147,0.0,0.00044397189269768187,0.0,-0.0,-5.866250184061709e-05,0.0,-0.0,0.0,0.0,-6.590444142004375e-06,-0.00041512926826346475,-1.4997944164428903e-05
2022-04-19,0.0,0.0,0.0009436172831784112,0.0,0.001593259211703025,0.0,0.0,0.0006994479710713554,0.0,0.0,0.0,0.0,-0.00014010968027173618,-0.0024417035368270454,-0.0004268606899754527
2022-04-20,-0.0,0.0,-0.0016393409776966302,0.0,-0.001524077145426612,-0.0,-0.0,0.0011350034329632075,0.0,0.0,-0.0,0.0,7.18787840724096e-06,0.00012056992458740354,0.00030922558806510355
2022-04-21,-0.0,-0.0,-0.0031187354628936523,-0.0,-0.0022682956183208117,-0.0,-0.0,-0.0002268434892850773,0.0006380172335383418,-0.0,-0.0,-0.0,0.00018623172348446052,0.0017885518720552741,0.00030020821257459665
2022-04-22,-0.0,-0.0,-0.0016828632642701938,-0.0,-0.0009607576907863596,-0.0,-0.0016636652023829285,-0.0013636335846736152,0.0010208776583224917,-0.0,-0.0,-0.0,-0.0004210993804838798,0.0025927417098531302,0.0024956690354884102
2022-04-25,0.0,0.0,0.0009818414280196102,0.0,0.0014260319022817679,-0.0006418604591590581,0.0009075393658649291,0.0005614773426448347,-0.0005555612712535425,0.0,0.0,0.0,8.640897215926173e-05,-0.0012563527721419876,-0.0006700829211952627
2022-04-26,-0.0,-0.0,-0.0028800930514110853,-0.0,-0.0031457628717098773,0.0018241535016016467,-0.001302844637152524,-0.0,0.0016635796740570447,-0.0,-0.0,-0.0,-0.001900543680836261,0.0021404839699655292,0.003671409275722551
2022-04-27,-0.0,0.0,-0.0010026409133859979,-0.0,-0.00014699840070033027,0.00015307030599495366,0.0013343407011861138,-0.0,0.0003306161484125921,0.0,0.0,0.0,0.00020039464390714723,-0.0011677060232720268,9.321419604174687e-05
2022-04-28,0.0,-0.0011190132755837844,0.0035803441710310145,0.0017041913829947833,0.002710488846072702,-0.0015624145198532362,0.0,0.0013208692872891544,0.0,0.0,0.0,0.0,-0.0007711591326635984,-0.0029226658402157616,-0.00040150761285416065
2022-04-29,-0.0,0.00213556218225472,-0.0,-0.0021665217532684787,-0.0023525691107968167,0.0018080533586763087,-0.0,-0.0016566117228898126,-0.0,-0.0,0.0029534776231313785,-0.0,0.0034993278097946168,-0.0008249588617028148,-0.002862081958605155
2022-05-02,0.0,0.0,0.0,0.0019423352426021804,0.0,-0.0014118760884607882,0.0,0.0008903513285695102,0.0,0.0,-0.0019584199072666332,0.0,-0.000621905689900215,0.0006609809873533817,0.0011332171720917447
2022-05-03,0.0,-0.0,0.0,0.00041640989867290363,0.0,-3.558850028141622e-05,0.0,6.013229828802461e-05,0.0,-0.0,0.00034884264046328444,-0.0,-0.00046013778396909315,6.725990997193746e-05,7.644612448292799e-05
2022-05-04,0.0,0.0,0.0,0.0,0.0,-0.0018981013828510342,0.0,0.0016356138196013323,0.0,0.0,-0.0016332296524276967,0.0,-0.0033036862398377045,0.0021868072592730555,0.003006632455374457
2022-05-05,-0.0,-0.0,-0.0,-0.0,-0.0,0.0027730262551286817,-0.0,-0.0019470787070120664,-0.0,-0.0,0.002549659644018883,-0.0,0.004041489444993645,-0.0031601580489090523,-0.004655242962398732
2022-05-06,0.0,-0.0,-0.0,0.0,0.0,0.001200279993991133,-0.0,-0.0002830005533655257,-0.0,-0.0,0.00037559527479717666,-0.0,0.0006774948259985699,-0.0005430480556920886,-0.0010330535919642544
2022-05-09,-0.0,-0.0,-0.0,-0.0,-0.0,0.0018363351474053038,-0.0,-0.00037643885207881494,-0.0,-0.0,0.002054735577715489,-0.0,0.003688546748702212,-0.002668083910095704,-0.0034232058457620324
2022-05-10,0.0,0.0,0.0,0.0,0.0,-0.002093975633795258,0.0,0.0,0.0,0.0,-0.0006955545869286533,0.0,-0.000155775787356582,0.0009810205756842715,0.0009144679769915436
2022-05-11,-0.0,-0.0,-0.0,0.0012434249837808432,-0.0,0.0017739703100176415,-0.0,-0.0,-0.0,-0.0,0.0016760515405556304,-0.0,0.0012967356669370703,-0.00325896289397203,-0.002525083011348345
2022-05-12,-0.0,-0.0,-0.0,-0.0003916835992401936,-0.0,-0.0011930445408672938,-0.0,-0.0,0.0,-0.0,0.0002007046281874581,0.0,7.962082034788039e-05,-0.0010123374349880303,-0.0001979960675835856
2022-05-13,0.001570882126981071,0.0,0.0,-0.0014374033732162306,0.0,0.0,0.0,0.0,0.0,0.0,-0.001184907344276757,-0.0011441328672566005,-0.0008123698860416301,0.0020851756224098687,0.0013028332124871565
2022-05-16,-0.0005364821671589992,7.27105864617706e-05,-0.0,0.0004757019766580544,-0.0,-0.0,-0.0,-0.0,-0.0,-0.0,0.0003794096467610628,0.00036660523745572077,7.603868054432179e-05,-5.1843167546881606e-05,-0.0005176852327453499
2022-05-17,0.0012552392717008315,0.0010069995122841257,0.0,-0.002140028685481975,0.0,0.0,-0.0,0.0,0.0,0.0015327141208525512,-0.002112887461599233,-0.001886796594285102,-0.0007448218936201547,-0.0005547367299215102,0.001440832206953791
2022-05-18,-0.002903663463098503,-0.0024462547845944538,-0.0,0.00318928504513829,0.0031154729948377684,-0.0,-0.0,-0.0,-0.0,-0.0025544147669307065,0.00342178350783611,0.0013555047004737896,0.0013354875527248843,-0.0018701788587665814,-0.0029461612614426363
2022-05-19,-0.001247503327485216,-0.00018532413472343602,0.0,0.0021816171988848104,-0.00020212517808214673,-0.0,-0.0,-0.0,-0.0,-0.0009310155201458308,-4.5973491860495965e-05,-0.0,0.00021782276018095134,-0.0001961770043800564,-0.00029125805400191294
2022-05-20,0.0,-0.0001146925557283013,-0.0,-0.0,-0.0,0.0,0.0,0.0014411581159031743,-0.0,0.00117201503733579,-0.0003928768735634863,0.0,-3.553790159280188e-05,-0.00015841696033783409,-0.00027869156024442135
2022-05-23,0.0,0.001576483348218935,0.0,-0.0,-0.0008326013038148792,0.0,0.0,0.0004751455387957891,0.0,0.0010168375248553897,-0.00019717908156860936,0.0,-0.001641263320981091,-0.0006190675531401073,0.001860655199036366
2022-05-24,-0.0,-0.00019797438746332175,-0.0,-0.00020560491963168915,0.0020998628996727743,-0.0,-0.0,0.0004820973988126629,-0.0,-0.0007262657351133471,0.0013774130200274255,-0.0,0.0006639626193729038,0.0008011788718784885,-0.0021659945357586593
2022-05-25,0.0,0.0,0.0,0.0007037233883028547,-0.0008106374176942677,0.0,0.0,0.00026204913577285063,0.0,0.0005761262071279795,-0.0010394584393077382,0.0,-0.0008470431524201326,1.320071141989803e-05,0.0012480651608931606
2022-05-26,0.0,0.0,0.0,0.0017584900073317753,-0.0031881225524931223,0.0,0.0,0.0011125304467409862,0.0,0.0012934497509431886,-0.001356869072883243,0.0,-0.0021011845240894353,-0.00027481170124454666,0.0029482285430177477
2022-05-27,0.0,0.0,0.0,0.002877489334808812,0.0,0.0,0.0,0.0006952987001580585,0.0,0.000775424015360302,-0.0017918887729970554,0.0,-0.0022955854448224356,-0.0014702337359021643,0.0023133901983457025
2022-05-31,-0.0,-0.0,-0.0,-0.0,-0.0,-0.0,-0.0,-0.0006286616400947631,-0.0,-0.0005943401010324473,-0.0012227621876496288,-0.0,0.0006020019597738638,0.0001639019289815896,-0.0002531527458167419
2022-06-01,-0.0,0.0,-0.0,-0.0,-0.0,0.0,0.0,0.00019937997177024784,-0.0,-0.0002229658098382382,-0.0,-0.0,0.000522415849781355,0.0002081583702740738,-0.0004771522200144285
2022-06-02,0.0,0.0,0.0,0.0,0.0,0.0,-0.0033842859451954964,0.0006152571589626216,0.0,0.0010640169377317556,0.0,0.0,-0.002008131853860233,-0.000486084903373655,0.0023291667934515793
2022-06-03,-0.0,-0.000837331357017951,-0.0,-0.0,-0.0,-0.0,0.0009349070961683991,-0.0005931528261534491,-0.0,-0.000931511106642169,-0.0,-0.0,0.00169042889969038,0.0020828977531192803,-0.003019202960170784
2022-06-06,0.0,-0.00023572254436137496,0.0,-0.0,-0.0,-0.0,0.0005546851166176563,8.831974034113979e-05,-0.0,0.0008151603594568441,-0.0,-0.0,-0.0003098533838805965,-6.093389802333133e-06,0.00037815450981543164
2022-06-07,0.0,0.0006928517330713141,0.0,0.0,-0.0,0.0,-0.0011567458231948203,0.00026402701615165647,0.0,-0.00019222871404923368,0.0,0.0,-0.0009644965379090642,-0.0010090181380975594,0.0009667663339038599
2022-06-08,-0.0,-0.0003849644184897708,-0.0,-0.0,-0.0,-0.0,-0.0005420683373945021,-0.0007183237702774381,-0.002714210442269882,-0.0009093052717264778,-0.0,-0.0,0.0010945000288959045,0.0011085348070165508,-0.0006419478103585664
2022-06-09,-0.0,-0.0010501133367097181,-0.0,-0.0,-0.0,-0.0,-0.0,-0.0007400897623669353,-0.00150183619248324,-0.001536393992740815,-0.0,-0.0,0.0015094634692531304,0.0041190727371700885,-0.0020051620545020873
2022-06-10,-0.0,-0.0,-0.0,-0.0,-0.0,-0.0,-0.0,-0.0008775154006678315,-0.0010481505176374564,-0.001525492332765466,-0.0,-0.0,0.0021054678697360386,0.0033498215029171435,-0.0017571439939192603
2022-06-13,-0.0,-0.0,-0.0,-0.0,-0.0,-0.0,-0.0,-0.0,-0.0018325637896014553,-0.0023557981604572864,-0.0,-0.0,0.001210539231433125,0.0018128630000026845,3.935077954348976e-05
2022-06-14,0.0,0.0,0.0,0.0,0.0,-0.0,-0.0,-0.0,0.00021136094882210274,0.004953219499332239,0.0,0.0,9.28537369900931e-05,-0.00025542836608594523,-9.757766315468513e-07
2022-06-15,0.0,0.0,0.0,0.0,0.0,0.0,0.0,0.0,0.00094022096663117,-0.0,0.0,0.0,-0.00010477655777746591,-0.0004956774266255424,-0.0001581673773139683
2022-06-16,-0.0,-0.0,-0.0,-0.0,-0.0,-0.0,-0.0,-0.0,-0.0017240818459927166,-0.0,-0.0,-0.0,0.0002442109824392871,0.0009957878298126718,0.0002579907230319719
2022-06-17,0.0,0.0,0.0,0.00014761566409213358,-0.0,-0.0,0.0,0.0,-0.0004979182582518062,0.0007256595889025106,0.0,-0.0,-7.311305377513082e-06,-7.291305509809331e-05,-0.00046977691262354275
2022-06-21,0.0,0.0,0.0,0.0005107683929076823,0.0,0.0,0.0,0.0,0.0010174380513839206,-0.0,0.0,0.0,-0.00011267216944392187,-0.0011686127573701372,-0.00038118523257737243
2022-06-22,-0.0,0.00012034649801592918,-0.0,-0.0007671147699513638,-0.0,0.0,0.0,-0.0,-0.00046598659744010715,-0.0,-0.0,-0.0,3.336061303762694e-05,-0.00010916250036243026,6.700252266854072e-05
2022-06-23,0.0,-0.001119209213107923,-0.0,4.8353954689289845e-05,-0.0,0.0,0.0,-0.0,4.011231663189128e-05,0.0,-0.0,-0.0,-0.00015457944010726854,0.0003300053940008588,-0.000654028045074185
2022-06-24,0.0,-0.0016789787756007275,0.0,0.0,0.0,0.0,0.0,0.0,0.0015786630958045161,0.0,0.0,0.0,-0.0008033108376449019,0.0018320263324959757,-0.001048681745834863
2022-06-27,0.0,0.0005276152527605379,-0.0,-0.0,-0.0,-0.0,-0.0,-0.0,2.589332010224915e-05,-0.0,0.0,-0.0,9.975355686726006e-05,-0.00036021573703347705,0.0002350628832387987
2022-06-28,-0.0,0.0016131978304926528,-0.0,-0.0,-0.0,-0.0,-0.0,-0.0,-0.0011124657302413242,-0.0,0.0,-0.0,0.0005884214581715983,-0.0017009770300547857,0.0010091737112961365
2022-06-29,0.0,-0.0007315221243684162,-0.0,-0.0,-0.0,0.0,-0.0,-0.0,-0.0006527333941317073,0.0,-0.0,-0.0,2.1100602778220212e-05,0.00011559972095807231,-3.242716739879113e-05
2022-06-30,-0.0,0.0006633371963053628,-0.0,-0.0,-0.0,-0.0,-0.0,-0.0,0.00016064270846626716,0.0,-0.0,0.0,0.00028039269485227015,-0.000856040160386418,0.0004419744726425704
2022-07-01,0.0,-0.0005325276418554444,-0.0,-0.0,-0.0,0.0,0.0,-0.0,-0.001450949269601476,-0.0007105420128902694,-0.0,-0.0,-0.0002807285345091373,0.00025639248506788184,-0.0004096539310781843
2022-07-05,0.0,-0.0006259293502922166,0.001495685843011622,-0.0,0.0,0.0,0.0,-0.0,0.0,-0.0007840003829523538,0.0,0.0,0.00011983191953094253,0.0012032381189472905,-0.002458058342252889
2022-07-06,0.0,-0.000635097186501229,0.0005516105657182583,0.0,0.0,0.0,0.0,0.0,0.0,0.0002297254302201957,0.0,0.0,0.00018082661272609846,0.0008310931502502365,-0.0008779586792009675
2022-07-07,0.0,-0.0004096467051022409,0.002349728852497126,0.0,0.0,0.0,0.0,0.0,0.0,-0.00011847521049511992,0.0,0.0,0.0008028182158137716,0.00197056332657072,-0.0029020155540418003
2022-07-08,0.0,0.00013804433646491022,-6.309945309932191e-05,0.0,0.0,-0.0,-0.0,0.0,-0.0,-2.7835769682051784e-05,0.0,0.0,-4.205287271454024e-05,4.455170641699321e-05,-0.0001729583109375827
2022-07-11,0.0007433935026908291,0.0005919230300591573,-0.002213978967224916,-0.0,-0.0,-0.0,-0.0,-0.0,-0.0,0.00020914698649225573,-0.0,-0.0,-0.0005434056141123477,-0.001977338094227074,0.00301638849374397
2022-07-12,-0.000340523450126344,0.0020922424027669207,-0.00023152783316335662,-0.0,-0.0,-0.0,-0.0,-0.0,0.0,0.0008170346609732217,0.0,0.0,-0.00041921785796801217,-0.0019663591101964496,0.0013618073773944775
2022-07-13,0.00012699509143948565,-0.0,0.00027111089368165843,0.0,0.0,-0.0,-0.0,-0.0,0.0,0.0002705788431807686,0.0,-0.0,-0.0003060061776409362,-0.0002011401555327346,0.00024084460107979847
2022-07-14,-0.0010137780952303524,0.0,0.000681173752425453,0.0,0.0,0.0,-0.0,-0.0,0.0,0.00041583262335367606,0.0,0.0,-0.00013965473653788126,0.000706923277042774,-0.00041801585717166095
2022-07-15,-0.0005692534030142544,0.0,0.0012527153614430224,0.0,0.0,0.0,0.0,0.0,0.0,-0.0009202057288490893,-0.0008628432237863124,0.0,0.0006675156157509882,0.00206018987817571,-0.0017834150394629952
2022-07-18,0.0010429660889983577,-0.0,0.0010639700965671829,-0.0,0.0001968748698393354,-0.0,0.0,-0.0,0.0,0.0003760216374088566,0.0009368938032793879,-0.0,-0.0002758797656068135,-0.0011700941888053192,0.0013561187191744382
2022-07-19,-0.0013185586451351034,0.0,0.0,0.0,0.002660360876577019,0.0016513963994187976,0.0,0.0,0.0,-0.001425157903978629,-0.0019652429324518122,0.0,-0.00016759642086916433,0.0029893125747429733,-0.0025295220279271794
2022-07-20,-0.0006709744158536505,0.0,0.0,0.0,0.0020252611673754702,0.0017307763598144689,0.0,0.0,0.0,-0.00024166310940096472,-0.0014512186267414875,0.0,-3.985922355889301e-05,0.0015003214042506067,-0.0012658013060921176
2022-07-21,-0.000749065535352954,0.0,0.0,0.0,0.0009195916199314319,0.0009156228226171001,0.0,0.0,0.0,-0.0013254361377181565,-0.0013493682327706763,0.0,-0.00010820052133007212,0.0013061829125117805,-0.001079619352895845
2022-07-22,0.000407189427264716,-0.0,-0.0,-0.0,-0.0016687747907292321,-0.0008645890736789779,-0.0,-0.0,-0.0,-0.000240899823603071,0.0006977758935432352,-0.0,0.00011004428947654849,-0.0013065652746160554,0.0013234956052389922
2022-07-25,-0.0,-0.0,-0.0,0.0,-0.0003188350589692284,-0.0012521753843768861,-0.0,-0.0,-0.0,2.6709402344550185e-05,0.0001466037864114775,-0.0,-2.0433796288850702e-06,-0.000335995135627281,0.0004600514863525581
2022-07-26,-0.0,-0.0,-0.0,-0.0,-0.0013253857799561597,-0.0016468904027677667,-0.0,-0.0,-0.0,0.0005574643010637926,0.0010817650361366058,-0.0,-4.424367262019011e-05,-0.0008378008150647073,0.0016510359882876684
2022-07-27,0.0,0.0,0.0,0.0,0.0026109775747982958,0.0017513836487407259,0.0,0.0,0.0,-0.0012275466447488241,-0.0011371992218780808,0.0,0.00025402842358555644,0.0014492475748884709,-0.0030490350293852215
2022-07-28,0.0,0.0,0.0,0.0,0.0010193752157046042,0.00134634145114633,0.0,0.0,-0.0,-0.0007651709069943353,0.0023247592628703848,0.0,2.0580502046588445e-05,0.0006630485624921812,-0.0007781121799031127
2022-07-29,0.0,0.0,0.0,0.0,0.001504357590367935,0.0008136656045943506,0.0,-0.0,-0.0,-0.0005165335193939681,-0.0,0.0,7.527818646447082e-05,0.00028118903724107583,-0.0017213897366991932
2022-08-01,-0.0,-0.0,0.0,0.0,0.0012079018792064801,0.00011811844121643783,-0.0,-0.0,0.0,0.0002575997454714055,0.000810301846323105,-0.0,-7.320269031778134e-05,-1.521804126233677e-05,8.113944932103053e-05
2022-08-02,-0.0,-0.0,0.0,-0.0,0.0,-0.00013762873314285726,0.0,-0.0,-0.0,0.000708770565183998,-0.00013584196360812883,-0.0,-0.0002817786085449131,-8.266181182130582e-05,0.00027581400110979264
2022-08-03,0.0,0.0,0.0,0.0,-0.0,0.0017473317926467902,0.0,0.0,0.0,0.0,0.0007191453860527115,0.0,0.0005146773329900231,-0.001271791697282925,-0.0014249418001162418
2022-08-04,-0.0,0.0,0.0,0.0,0.0,0.0007075065717550282,0.0,-0.0,-0.0,0.0,0.0006163252238538971,0.0,-2.0991116612074417e-05,-0.0002256386218476231,-0.00023325236193894863
2022-08-05,-0.0,-0.0,-0.0,-0.0,-0.0,0.00032869727876198916,-0.0,-0.0,-0.0,-0.0,-0.00026558723888673853,-0.0,-5.5682963393573914e-05,0.0001162390828420051,0.000415266427725054
2022-08-08,-0.0,-0.0,-0.0,-0.0,-0.0,0.0,-0.0,0.0,-0.0,-0.0,-0.0008053324892990836,-0.0,-1.9991556723375783e-05,8.052000281777287e-05,0.00012586368039757542
2022-08-09,0.0,0.0,-0.0020272853397636163,-0.0,-0.0,-0.0,-0.0,-0.0,-0.0,0.0,-0.001825774626943037,-0.0,-0.00031424870563438436,0.0004364429191695859,0.0013062194883348202
2022-08-10,0.0,0.0,0.0028743381974318583,0.0,0.0,0.0,0.0,0.0,0.0,0.0,0.0015476192284387834,0.0,0.0017196735833989196,-0.0010133775935793517,-0.0034042560480625306
2022-08-11,-0.0,-0.0,-0.0004300922770486052,-0.0,-0.0,-0.0,-0.0,-0.0,0.0,-0.0,0.0002849203829551102,-0.0,0.0,0.00015449094390517442,0.0006869721452746825
2022-08-12,0.0,0.0,0.002093017918309474,0.0,0.0,0.0,0.0008390616953168423,0.0,0.0,0.0,0.0011567779921872465,0.0,0.0018618392569353644,-0.0018201753087551677,-0.0026318709616508277
2022-08-15,0.0,0.0,0.0008558540748687519,0.0,0.0,0.0,0.0003071278852268491,-0.0,0.0,-0.0,0.0002768446859146867,-5.394034203414324e-06,0.0003839111630094556,-0.00021182277050029285,-0.001224109289038544
2022-08-16,-0.0,-0.0,-0.00040357898938751563,-0.0,-0.0,-0.0,-0.00038618345139576594,0.0,-0.0,0.0,-0.0006950072188057658,0.0005532109802690008,0.00018577040060694313,9.522523123647513e-05,0.00035460506177921306
2022-08-17,0.0,-0.0,-0.0014619195844808427,-0.0,-0.0,-0.0,-0.0004317335789666018,-0.0,-0.0,-0.0,-0.0005024158028740336,0.001847073135320525,-0.0006913237896187684,0.0003569547863297139,0.0015958030594816857
2022-08-18,-0.0,-0.0,0.001180393290946781,0.0,0.0,0.0,-7.981058305275947e-06,0.0,0.0,0.0,0.0009503136919789938,0.0,0.00032603333861302774,-0.0005276466426364668,-0.0003122024561364305
2022-08-19,-0.0,-0.0,-0.0,-0.0,-0.0,-0.0,-0.001119228868058822,-0.0,-0.0,-0.0,-0.001264365985732461,-0.0,-0.0007482363366981921,0.0015151073253293948,0.0008647515670039269
2022-08-22,-0.0,-0.0,-0.0,-0.0,-0.0,-0.0,-0.0018824121934064486,-0.0,-0.0,-0.0,-0.0020714555965702314,-0.0,-0.0011553002675935516,0.002353937812360581,0.0011507574547411986
2022-08-23,-0.0,-0.0,0.0,0.0,-0.0,-0.0,-0.0002776368400526118,-0.0,0.0,-0.0,-0.00031523499028323796,0.0,-0.00013289828144410332,0.00023120687594971047,3.27318084867625e-05
2022-08-24,0.0,-0.0,0.0,0.0,0.0,-0.0,0.0011264204932230678,-0.0,-0.0,-0.0,0.00020919790826760386,-0.0,0.00017266737482388853,-5.383875410434684e-05,-0.00011846340608222074
2022-08-25,0.0,0.0,0.0,0.0,0.0,-0.0,-0.0017237240441431005,0.0,0.0,0.0,0.0017180713758655542,0.0,0.0007192876419654473,-0.0014119408539627549,-0.0007384818291489113
2022-08-26,-0.0,-0.0,-0.0,0.0027336661150812627,-0.0,-0.0,-0.0,-0.0,-0.0,-0.0,-0.002765698102065042,-0.0,-0.0009437916438950516,-0.00010834709856902513,0.0010325816252163117
2022-08-29,-0.0,-0.0,-0.0,0.0006453946463938955,-0.0,-0.0,-0.0,-0.0,-0.0,-0.0,-0.0004719413532128403,-0.0,-0.00019996871987432507,5.572660376409791e-05,0.00019983800173175277
2022-08-30,-0.0,-0.0,-0.0,0.0007633137652146805,-0.0,-0.0,-0.0,-0.0,-0.0,-0.0,-0.0009834933461675625,-0.0,-0.00033095739226198694,0.00010357031531029991,0.00014349299622203594
2022-08-31,-0.0,-0.0,-0.0,0.0007240305529919529,-0.0,-0.0,-0.0,-0.0,-0.0,0.0,-0.0008024771022550425,-0.0,-0.00021332519052543443,9.706345477051466e-05,6.374807790907168e-05
2022-09-01,0.0,-0.0,-0.0,0.0007163735425377585,-0.0,-0.0,-0.0,0.0,-0.0,0.0,-0.0008963205812294054,0.0,8.654043376646179e-05,5.184169122408406e-05,-4.377323440294131e-06
2022-09-02,-0.0,-0.0,-0.0010513728440697965,-0.0008274480080785581,-0.0,-0.0,0.0,0.0007788319464368557,-0.0,0.00041339080661629776,-0.0005572813107458258,-0.0,-0.0015405102277234073,0.00017074460307754376,0.0016513016631159402
2022-09-06,-0.0,-0.0,-0.0006712995496207173,0.00020231994112485634,-0.0,0.0,-0.0,0.00013474070583901343,-0.0,0.0005723582801223913,-0.0007093985351455135,0.0,-0.0005492613034039207,7.936423870440774e-05,0.0008461437709348548
2022-09-07,0.0,0.0,0.0009161741299305124,-0.0006907109530766413,0.0,0.0,0.0,-0.0006146015477990575,0.0,-0.0004449867558555488,0.0007560766153988893,0.0,0.0025236014556731805,-0.00017728822197536796,-0.0023262488199533873
2022-09-08,-0.0,0.0,0.0009962789907608676,-0.0006686037526517384,0.0,0.0,0.0,0.0,0.0,-0.00010728178985072452,9.710626474275311e-05,0.0,0.0006894021882857895,-0.0001373431790054763,-0.0004220921515375671
2022-09-09,0.0009332278735827582,0.0,0.0013991116188753025,-0.0010122840509786868,0.0,0.0,0.0,0.0,0.0,-0.0008368952021738656,0.0012265850822383692,0.0,0.0015504820371884495,-0.001148929281131492,-0.0020810245668813282
2022-09-12,0.001889252174609674,0.0,0.00040841982592357604,-0.000633413450721749,-0.0,-0.00019971207379286066,0.0,0.0,0.0,-0.0007647707758744448,0.00035842447393062487,-0.0,0.0012613178862182397,-0.0011978335167404453,-0.0006188605764234647
2022-09-13,-0.0,-0.0,-0.004975878534824975,0.002461013229398305,-0.0,0.003659036479310748,-0.0,-0.0,-0.0,0.0006792162962968558,-0.0031297773889007903,-0.0,-0.005010080461574457,0.0027086787164844538,0.00214232196601834
2022-09-14,0.0,0.0,-1.1424654453910745e-05,-0.0006999325654520696,0.0,0.0,0.0,-0.0,-0.0,0.0026464059642555935,0.0010299025297535308,0.0,0.0004632263103339075,-0.0002611682592506368,-0.0005199684617110094
2022-09-15,-0.0,-0.0,-0.0007637251757686772,-0.0,-0.0,-0.0,-0.0,-0.0,-0.0,-0.0,-0.0010098953268936424,-0.0,-0.0011818364333710475,0.0031366930434919035,0.0008120294053436528
2022-09-16,-0.0,-0.0,0.0,0.0,-0.0,-0.0015823741420941393,-0.0,0.0,0.0,-0.0,-1.2003360998710198e-05,0.0,-0.0009988657284364392,0.0008095864919476525,3.848302088189281e-05
2022-09-19,0.0,-0.0,0.0,-0.0,0.0,-0.0,0.0,0.0,0.0,0.0001740393345304409,0.0006756859583361427,0.0,2.3629831137134e-05,-0.00040499479748724437,5.3242988941756044e-05
2022-09-20,0.0,-0.0,-0.0,-0.0,-0.0,-0.0,-0.0,-0.0,-0.0,-0.0006998218923827314,-0.0007477667012377158,-0.0,-4.551770544182868e-05,0.00043106287945180545,-7.223034424370078e-05
2022-09-21,-0.0,-0.0,0.0,-0.0,-0.0,-0.0,-0.0,-0.0,-0.0,-0.0010084873986434043,-6.014676534269836e-05,-0.0,-9.210318340909331e-05,0.0010131916484952856,-1.8574435713325e-05
2022-09-22,-0.0,0.0,-0.0,-0.0,-0.0,0.0,0.0,-0.0,-0.0,-0.0005422556536939476,-0.0,-0.0,0.00032197104461249615,0.0003340718846855947,-0.00047248814199316394
2022-09-23,-0.0,-0.0,-0.0,-0.0,-0.0011203727883507522,-0.0,-0.0,-0.0,-0.0,-0.001133453345691428,-0.0,-0.0,-2.566010550717576e-05,0.0005787155552868863,0.0005827154400167454
2022-09-26,0.0,-0.0,-0.0,-0.0,-0.001236469980595729,-0.0,-0.0,-0.0,-0.0,-0.0008593961566127385,-0.0,-0.0,-4.8434074229840245e-06,0.0003052471678623029,0.00014681816364394042
2022-09-27,0.0,0.00021947445867121951,0.0,0.0,0.000651841104347825,0.0,0.0,-0.0,-0.0,-0.0008183228658881661,0.0,0.0,2.2952432427834083e-05,3.6461542607409714e-07,-1.4153520776292354e-05
2022-09-28,0.00063661337454628,-0.0009759880963090382,0.0,0.0,0.0008780569484308448,0.0,0.0,0.0,0.0,0.0005179741916463221,-0.0,0.0,-0.0005127273352500973,0.0005240544979336724,-0.0007046256457837118
2022-09-29,-0.0,0.0007459862136595684,-0.0,-0.0,-0.0031859831991190623,-0.0,-0.0,-0.0,-0.0,-0.0013417692761231483,-0.0,-0.0,0.0004977239107035702,-7.117212392795403e-05,0.0007682934956176811
2022-09-30,-0.001524986382391825,0.0009779223292200301,-0.0,-0.0,-0.0006117723379419149,-0.0,0.0010218831514029433,-0.0,-0.0,-0.0,-0.0,-0.0,-0.00042337338200651057,-0.0007292334711179443,0.0012420366708263673
2022-10-03,0.0015144574805173862,-0.0016554168030646736,0.0,0.0,0.0021243636919658125,0.0,-0.001391739949672203,0.0,0.0,0.0,0.0,0.0,0.0006485881522169388,0.0011761862999229446,-0.0016287486935857433
2022-10-04,0.0012650128906368156,-0.0016626669818896427,0.0,0.0,0.0013358006609581943,0.0,-0.002579368439524653,0.0,0.0,0.0,0.0,0.0,0.0005757388021899401,0.0010552620924724687,-0.0018548986135045926
2022-10-05,0.00010256413852786807,-6.424671619582757e-05,0.0,0.0,2.9446408389359594e-05,0.0,-0.0001602770958282307,0.0,-0.0,0.0,0.0,0.0,-6.43097048326695e-05,0.00010464688185332567,3.3761053786787325e-05
2022-10-06,-0.00033238651687961685,0.00048590071707706124,-0.0,-0.0,-6.627882257797983e-05,0.0,0.0002470408310869087,-0.0,-0.0,-0.0,0.0,-0.0,-0.0002638412892025684,-7.954532332780245e-05,0.00033103812266996736
2022-10-07,-0.0018704898990798118,0.0026095770899405,-0.0,-0.0,-0.007464939969918973,-0.0,0.0016910851428035346,-0.0,-0.0,-0.0,-0.0,-0.0,-0.0005996163974040159,-0.00039878032533060675,0.001490241109594607
2022-10-10,0.0001176429190540181,0.0010766559818186272,-0.0,-0.0,-0.0005419407894057028,-0.0,0.0015714468819385157,-0.0,-0.0,-0.0,-0.0,-0.0,-0.00015058129538894386,-0.00010402855975947467,0.00039610324800866875
2022-10-11,-0.0005153946851460824,0.0008446072471352657,-0.0,-0.0,-0.00015592528229048665,-0.0,0.0010652358070681529,-0.0,-0.0,-0.0,-0.0,-0.0,-8.294964776955904e-05,-0.00043757101901748506,0.0007715563358580197
2022-10-12,-0.00023078073568712551,0.0,0.0003725218652614034,-0.0,0.00019050940955553182,0.0,9.829393041347679e-05,-0.0,0.0,0.0,-0.0,-0.0,0.00018855868404558094,-0.0001984734476729135,3.5427960539832106e-06
2022-10-13,0.0016530137286158602,0.0,-0.0019610356576640667,0.0,0.0009333261834931537,0.0,-0.0010948200935784371,0.0,-0.0021065917540297767,0.0,0.0,0.0,-0.001142990084787031,0.0029483204954164413,-0.0004118176209852863
2022-10-14,-0.001638558683704547,-0.0,0.0031623078522921635,-0.0,-0.00261201447678675,-0.0,0.0011194237986898409,-0.0,0.0009746152260080384,-0.0,-0.0,-0.0,0.0006446184343537704,-0.002867168433627599,0.0010526911102715455
2022-10-17,0.0014353348580335703,0.0,-0.0028603948249380467,0.0,0.001773671483933392,0.0,-0.0017140586521540602,0.0,-0.0009746152260080312,0.0,0.0,0.0,-0.0007324348634710951,0.0030827542570044807,-0.0011832478703575555
2022-10-18,0.0004682729223061714,0.0,-0.0003311686807988016,-0.0,-3.451846875103216e-05,-0.0,-0.002111983008617735,0.0,0.001051865144812077,0.0,-0.0,0.00017190099576827912,6.232772421832206e-05,0.0006376862899575981,-0.000592776452735497
2022-10-19,3.824623808752038e-05,0.0004252836284279525,-0.00034973912269378797,0.0,-0.0005992255828225064,0.0,0.0,0.0,-0.0002506270911772097,-0.0,0.0007319598716397013,0.000374804490457145,-0.00038331515419323594,-4.476530485996763e-05,0.0003381033635451826
2022-10-20,-0.00016362068561312385,-0.0,-0.0005898191720184673,-0.0,0.00046956866860816424,0.0,0.0,-0.0,-0.00015360995184850296,0.0,-0.0003869609671398682,0.0003492523257878092,-0.0004868433483147041,-1.7187602273935243e-05,0.00046154783767360846
2022-10-21,0.0013349723005561531,0.0,-0.0011030455450517218,0.0,0.0009006161666337367,0.0,0.0,0.0,-0.0016778200046593196,-0.0024309119736012925,0.001651300611247271,0.0019144758249188714,0.0023780472388926456,0.0005012128200396712,-0.0034438726253033583
2022-10-24,0.0007347125995938019,0.0,-0.0005306253670916927,0.0,-0.00010211031458990886,0.0,0.0,0.0,-0.00038781357856795324,-0.00015107826354943257,0.00027572015414156076,0.0,0.000867038450681266,0.0006125748074366704,-0.0012424229905276924
2022-10-25,0.000957648810734759,0.0,-0.0025604975483484766,0.0,0.0023054762042433734,0.0,0.0,0.0,-0.0004213250795848426,-0.00015062314553864224,0.0011845172937095466,0.0,0.0011148856826308094,0.0005305579070778944,-0.0018815530366773712
2022-10-26,-0.000991116014126169,-0.0,0.0013955105465594808,0.00012048852506342503,-0.001435742208735182,-0.0,-0.0,-2.2537751114081344e-05,0.0003661678759769741,-0.001135490809938253,-0.0004467325739479485,-0.0,-0.0008393870562528527,6.014942162572521e-05,0.0023617011249275
2022-10-27,-0.0015469532355251326,-0.0009976972147385766,-0.0010739903555533285,-0.0,-0.0009549855080623776,-0.0,-0.0,-4.504504809167272e-05,-0.0,-0.0002200443639491669,-0.0,-0.0,-0.0005320117247092317,-0.0004043984802148463,0.0024382859015294714
2022-10-28,0.0036417235098612057,0.0019716358400269055,0.0,0.0,0.0,0.0,0.0,-0.0013547353263796752,0.0,-0.001449186747302764,0.0,0.0,0.002789553872984216,-0.0004795072876529658,-0.0032377697852015008
2022-10-31,-0.0,-0.0007991623118214298,-0.0,-0.0,-0.0,-0.0,-0.0,0.0002305922611281466,-0.0,-0.0004568004493580377,-0.000654376714680013,-0.0,-0.0009462031052289125,0.0005145384482014827,0.0010950836571162858
2022-11-01,-0.0,-0.0008603297200938305,0.0,-0.0,-0.0,-0.0,-0.0,-3.3006932654263114e-05,-0.0,0.0006186443143665218,-0.00014043160003887536,0.0,-0.0005910481632361275,0.0002933397333891071,0.0010415603249355615
2022-11-02,-0.0,-0.0018004488312531452,-0.0,-0.0,-0.0,-0.0,-0.0,0.000988591573296636,-0.0,0.0013073069472430865,-0.0021018627895528783,-0.0,-0.003379030700824192,0.0012708937536458503,0.0034343306235160025
2022-11-03,-0.0,-0.0013469215527263378,0.0,-0.0,0.0,-0.0,-0.0,0.0008143134070136217,-0.0,5.994006711850609e-05,-0.003985841742496359,-0.0,-0.0013637574762397683,0.0010785742363091475,0.0019165115509964129
2022-11-04,-0.0,0.0016391147329122232,0.0,0.0,-0.0017008999032363697,-0.0,-0.0,-0.0007581903794575983,0.0,-0.0006422653364346886,0.00133455232044111,0.0,0.001878232042196688,-0.001041834322978948,-0.00031846270794758916
2022-11-07,0.0,0.0014424719383940448,0.0,0.0,-0.0007104773489519907,0.0,0.0,-3.368137547370262e-05,0.0,-0.0004844872266237675,0.001568538993947096,0.0,0.0012901060038758448,-0.0009411471896627115,-0.0002681176944621321
2022-11-08,0.0,0.00021894329331166443,0.0,0.0,-0.0006066410191855343,0.0,0.0,0.0,0.0,-0.0,0.0011005250461410562,0.0,0.0002255777499142813,-0.001150261586578475,0.0004415197238227496
2022-11-09,-0.0,-0.0009616953575061869,-0.0,-0.0,0.0031763121634792156,-0.0,-0.0,-0.0,-0.0,0.0,-0.0009463438973046758,-0.0,-0.0008561254416272229,0.0031866737382351008,-0.0014478578192556424
2022-11-10,0.0,0.0,0.0,0.0,-0.006669267696200371,0.0,0.0,0.0,0.0,0.0,0.0,0.0,-0.0005573905080781679,-2.579015509017869e-05,0.004736962837025107
2022-11-11,0.0,0.0,0.0,0.0,-0.002769807787253241,0.0,0.0,-0.0,0.0,0.0,0.0,0.0,-0.00015076610725135066,6.038717968277586e-05,0.0012637132499983097
2022-11-14,-0.0,-0.0,-0.0,-0.0,-0.0007950818665047303,-0.0,0.0,-0.0,-0.0,0.0,-0.0002600839782506546,-0.0,-6.47120125317387e-07,0.0006815631518591842,-0.0008771718362766634
2022-11-15,0.0,0.0,0.0,0.0,0.0,0.0,0.0,0.0,0.0,0.0,0.0021152169506597463,0.0,0.00018927863684002288,-0.0009545195833503658,0.000290538435051941
2022-11-16,-0.0,-0.0,-0.0,-0.0,-0.0,-0.0,-0.0,-0.0,-0.0,0.0,-0.0,-0.0,0.0,0.0,0.0
2022-11-17,0.0,-0.0,-0.0,0.0,0.0,-0.0,-0.0,0.0,0.0,-0.0,0.0,0.0,0.0,-0.0,0.0
2022-11-18,0.0,-0.0,-0.0,0.0,-0.0,-0.0,-0.0,-0.001271524338068073,-0.0,0.0,0.0,-0.0,0.00018311506093948729,2.4009688602814194e-05,-1.0028078348270728e-06
2022-11-21,-0.0,0.0,-0.0,0.0,-0.0,-0.0,-0.0,0.0001781785765674989,-0.0,0.0,-0.0,-0.0,-0.0001588812201903437,-0.00022589911807965418,0.0003164683598832432
2022-11-22,0.0,0.0,0.0,0.0,0.0,0.0,0.0014962014028676042,-0.0007916832061582186,0.0,0.0,0.0,0.0,0.0006847263927773051,-0.00034463809537801416,-0.0005324272702131979
2022-11-23,0.0,0.0,0.0,0.0,0.0,0.0,0.0009917735357591311,-0.00019597755878861587,-0.0,0.0,0.0,0.0,0.00031509424091016066,-0.00014909999085026778,-0.00037456963615209226
2022-11-25,-0.0,-0.0,-0.0,-0.0,-0.0,-0.0,0.0003632333786183214,0.0001753121317533649,-0.0,0.0,-0.0,-0.0,-1.1193267159609843e-05,9.096539020943834e-05,0.0002579430332500269
2022-11-28,-0.0,-0.0,-0.0,-0.0,-0.0,-0.0,0.00011073480294800672,0.00033167617478169534,-0.0,-0.0,-0.0,-0.0,-0.000771640264593868,0.0003083324767500947,0.0005710998387570563
2022-11-29,-0.0,-0.0,-0.0,-0.0,0.0,-0.0,-0.0,-0.00020755530011893047,0.0,-0.0,-0.0,-0.0,-6.562328490216428e-05,-0.00020864589622680848,0.0002036945901848497
2022-11-30,0.0,0.0,0.0,0.0,0.0,0.0,0.0,-0.001469493520658978,0.0,0.0,0.0,0.0,0.0012067837109299713,0.0010341751430146323,-0.0012260456315700374
2022-12-01,0.0,-0.0,0.0,-0.0,-0.0,-0.0,-0.0,-0.0002507779356801616,-0.0,0.0,0.0,-0.0,-2.8470697052648786e-05,2.9661163542806945e-05,-3.3573899350568754e-05
2022-12-02,-0.0,0.0,-0.0,-0.0,-0.0,-0.0,-0.0008368970247381631,0.000270894612676528,-0.0,-0.0,-0.0,0.0,-4.5284542678864854e-05,2.369415744249299e-05,0.00017125427215261522
2022-12-05,-0.0,-0.0,-0.0,-0.0,-0.0,-0.0,-0.003818868544247114,0.00037362589284680434,-0.0,-0.0,-0.0,-0.0,-0.000747277206811072,0.00011374700576245576,0.000701075767249142
2022-12-06,-0.0,-0.0,-0.0,-0.0,-0.0,-0.0,-0.00024700649036975405,0.0007557333413917632,-0.0,-0.0,-0.0,-0.0,-0.00037496307077204114,0.00014567406853328835,0.0006343806399671618
2022-12-07,-0.0,-0.0,0.0,-0.0,-0.0,-0.0,-0.0010578593639438644,0.00042368756155431803,-0.0,-0.0,-0.0,-0.0,-4.1933797792270316e-05,3.1634959172655936e-05,0.00011929936319020116
2022-12-08,0.0,0.0,0.0,0.0,0.0,0.0,-0.0001343003762046224,-0.0008336099231879097,0.0,0.0,0.0,0.0,0.0001788761324011545,2.2847603219922028e-05,-0.0004567603735901385
2022-12-09,-0.0,-0.0,-0.0,0.0,-0.0,-0.0,0.0,0.0005438740131051873,-0.0,-0.0,-0.0,-0.0,-0.0002508726557626208,-0.0001583975918379534,0.0001865024237516518
2022-12-12,0.0,0.0,0.0,0.0,0.0,0.0,0.0,0.0,0.0,0.0,0.0,0.0,-0.0,-0.0,-0.0
2022-12-13,0.0,0.0,0.0,0.0,0.0,0.0,0.0,0.0,0.0,-0.0,0.0009317801323655182,0.0,0.00023322459671360293,-0.0010881979688130556,0.00030147887484849767
2022-12-14,-0.0,0.0,-0.0,0.0,-0.0,-0.0,-0.0,-0.0,-0.0,0.0,-0.0007259507621632762,-0.0,-0.00020895041886677876,0.0007919466095666934,-0.0002080261221946209
2022-12-15,-0.0,-0.0,-0.0,-0.0,-0.0,-0.0,-0.0,-0.0,-0.0,-0.0,-0.002127444881305873,-0.0,-0.0009011954441705743,0.003643676916732457,-0.0009302058498278033
2022-12-16,-0.0,-0.0,-0.0,-0.0,-0.0,0.0,-0.0,-0.0,-0.0,-0.0,-0.0009127735425361578,-0.0,-0.0005549521540659431,0.001240293168461621,-0.0002557742081226149
2022-12-19,-0.0,-0.0,-0.0,-0.0,-0.0,-0.0,0.0,-0.0,-0.0,0.0,-0.0008453137850345358,-0.0,-0.00027153203676277815,0.0015175828696294396,-0.00046448528036142016
2022-12-20,-0.0,0.0,-0.0,-0.0,0.0,0.0,-0.0,-0.0,-0.0,0.0,-0.0002269595815409998,-0.0,4.673678252529003e-05,-0.0001458051201732016,-2.3520078530490225e-05
2022-12-21,0.0,0.0,0.0,0.0,0.0,-0.00046498275073240714,0.0,0.0,0.0,0.0,0.0010984605180121402,0.0,-0.0001560349682533227,-0.0007477143551363213,0.0007180357074889463
2022-12-22,-0.0,-0.0,-0.0,-0.0,-0.0,0.0007169321826787045,-0.0,-0.0,-0.0,-0.0,-0.0017358692759815817,-0.0,0.00019293874269017924,0.0011460158077761739,-0.0012660924254257091
2022-12-23,-0.0,0.0,-0.0,-0.0,0.0,-0.00028593941360019367,0.0,0.0,0.0,0.0,7.222825380261984e-05,-0.0,-8.926724572667127e-05,-3.670847421267519e-05,9.26425428654505e-05
2022-12-27,-0.0,-0.0,-0.0,0.0,-0.0,-0.0,0.0,0.0,-0.0,0.0,-0.0,-0.0,0.0,0.0,0.0
2022-12-28,-0.0,-0.0,-0.0,-0.0,-0.0,-0.0,-0.0,-0.0,-0.0,-0.0,-0.0,-0.0,0.0,0.0,0.0
2022-12-29,0.0,-0.0013627457466129863,0.0,0.0,0.0,0.0,0.0,0.0,0.0,0.0,0.0,0.0,-0.00021131646559091708,0.0008697292523766191,0.00039594885955034184
2022-12-30,0.0,0.00024748922272292684,0.0,0.0,-0.0,-0.0,0.0,0.0,0.0,0.0,0.0,0.0,3.0700339770507845e-05,-4.5882135315908075e-05,-9.796800273152737e-06
2023-01-03,-0.0,5.0062582405107725e-05,-0.0,-0.0,-0.0,0.0,0.0,0.0,0.0,0.0,-0.0,-0.0,4.863202994521624e-05,-0.0003272839163243316,-0.0001045186780745712
2023-01-04,0.0,0.002236440042186762,0.0014933672663643494,0.0,0.0,0.0,0.0,-0.0,0.0,0.0,0.0,0.0,-2.6357631813317724e-05,6.538206099230843e-05,-0.0002195383519174321
2023-01-05,-0.0,-0.0,-0.0016683149605951021,-0.0,-0.0,-0.0,-0.0,-0.0,-0.0,-0.0,0.0009641361509282351,-0.0,0.00020776259243472685,-0.001551386274702789,0.0013672150363044898
2023-01-06,0.0,0.0,0.0020398378804373516,0.0,0.0,0.0,0.0,0.0,-0.0020788213422870206,0.0,-0.0026436699099692844,0.0,-0.0005108406311136829,0.0033304188767881763,-0.0022504578369197505
2023-01-09,0.0,0.0,0.00252292174593069,-0.0,0.0,0.0,0.0,0.0,-0.0009993440865801388,0.0,0.00031746138393293905,0.0,8.525564102515983e-06,0.0012441891078688156,-0.0005065125599428447
2023-01-10,0.0,0.0,0.0008910404815139248,-0.0,0.0,-0.0,0.0,0.0,-0.0002212769568937274,-4.626417170232672e-05,-0.0009934673755059894,0.0,0.00030396918921105114,0.0006693018508376076,-0.0008890856223447775
2023-01-11,0.0,0.0,0.00028831167318175147,0.0,0.0,0.0,-0.0,0.0,-0.000691527298896785,-0.0011993721836600834,-0.0006289925702408644,0.0,0.0005043205204394593,0.0018094633802673754,-0.001710547949996745
2023-01-12,-0.0,0.0,0.001568780258147894,0.0,0.0,0.0,0.0,-0.0,-0.0007316392600267394,-0.00010147708974268676,-0.0013335234942391052,-0.0,0.00015651232045782226,0.0006939482077227759,-0.00046785115566861746
2023-01-13,0.0,0.0,0.0011613811565495547,-0.0,0.0,-0.0,-0.0,-0.0,0.00029801412727517573,-0.00023598200900372342,0.0005582491931803972,0.0,0.00017057422347424773,0.000254200788699191,-0.0005643439773588913
2023-01-17,0.0,0.0,0.0023211589482999367,0.0,0.0,0.0,-0.0,-0.0,0.0008541490581813905,0.0003374590987464169,-1.663063378046942e-05,-0.0,-0.00010669250830798108,0.00042094313729305937,-0.00019572616068901558
2023-01-18,-0.0,-0.0,-0.0,-0.0,-0.0,-0.0,-0.0,-0.001242430738735922,-0.0,0.0010781320110983114,-0.000726325086407029,-0.0,-0.00024394185172131805,-0.0004354504225602217,2.122930414587185e-06
2023-01-19,0.0,-0.0,-0.0,-0.0,-0.0,0.0,0.0,-0.000471297405498534,-0.0,-0.0,0.0018614953437180043,-0.0,0.0003073825025380897,-0.00023418233414876727,-0.00038405159262446984
2023-01-20,0.0,0.0,0.0,0.0,0.0,0.0,0.0,0.0003432016906884984,0.0,0.0,-0.00221260317989402,0.0,-0.0007465159989873841,0.0005633770300409021,0.0009975844444222706
2023-01-23,0.0,0.0,0.0,0.0,0.0,0.0,-0.0015044114795004437,0.0007636974942281244,0.0,0.0,-0.0032027644022252404,0.0014723278099049843,-0.00023687363218325566,3.238041808888015e-05,0.0011766926613023176
2023-01-24,0.0,-0.0,0.0,0.0,-0.0,-0.0,0.0003250421771191045,0.00032525557987082523,-0.0,0.0,0.0001260841993158863,-0.00031812274765422185,2.8379758714311816e-05,-1.3801049739895071e-06,-0.00011664858880172938
2023-01-25,-0.0,-0.0,0.0,0.0,0.0,-0.0,-0.0004211837270588477,0.00017747173867682357,-0.0,3.345600660121038e-05,-0.00017947855984391323,-0.0005680588254588893,2.77767878260748e-06,-8.210632510316305e-06,-0.00011241583191545884
2023-01-26,-0.0007347413718444565,0.0015125690364171925,0.0,0.0,0.0,0.0,-0.002777281112001128,0.0003737558931894258,0.0,-0.00010586731541944474,-0.0010523528049474703,-0.0002692336229736506,-0.00018114009473678693,0.00026868132372652383,0.0011310622751523759
2023-01-27,-0.0006795785734412227,3.224766316232985e-05,0.0,-0.0,0.0,0.0,0.00017293181887768804,0.0001755293490894169,-0.0,-0.0,0.00020945572222402504,0.0003263308085777193,-0.00014140545735336595,1.374707758999841e-05,0.0008827460046285774
2023-01-30,0.0010141212209873556,-0.0011103192206530334,-0.0,-0.0,-0.001995530312360951,-0.0,-6.98515010196611e-05,-0.00029980447520501415,-0.00037426658443666817,-0.0,0.0006678588522103553,-0.0006056852777356541,0.0011451483802686184,0.0005622721354772644,-0.0009600619960530562
2023-01-31,-0.0004490266524628526,0.0010397504245364413,0.0,0.0,0.001829472371614609,0.0,0.0,0.00046444755461690144,0.0005515088827636545,0.0,-0.0005965936963027563,0.0011646356298134488,-0.0017198510864715251,-0.0002569455475544867,0.00013957281307630507
2023-02-01,-0.0003934853940227247,0.0009869267197341982,0.0,0.001493678797921549,0.005946042595550288,0.0,0.0,-0.00010283837438547425,0.001412966865720153,0.0,-0.0019327322443253956,0.0013610258373154297,-0.0015871931101639697,-0.0009924702473038715,0.00036691654729559665
2023-02-02,-0.0018196100792441,0.002290919689013728,0.0,0.0002498929505740042,0.0,0.0,0.0,0.0007661810969244998,0.0018902014573981465,-0.0,-0.0,0.000714258915633887,-0.001388831316177069,-0.004244884677983369,0.0038179015466537967
2023-02-03,-0.001205351178164965,-0.0,-0.0,-0.0006772637806012763,-0.0,-0.0,-0.0,-0.0007044526940224539,0.0,0.0,-0.0,-0.0006621169750704897,0.0007081829616238018,0.0005844196402757046,-0.001342346612183218
2023-02-06,0.0009045735400325235,-0.0,-0.0,0.0003069438792394011,-0.0,-0.000543368367080433,-0.0,-0.0011019156985752185,-0.0,-0.0,-0.0,-0.0003550897139502191,0.0002502965704397728,0.0006901480906960584,2.2317587885442682e-05
2023-02-07,-0.0009530936796964476,0.0,0.0,0.0010816790342541647,0.0,0.0011317260699186915,0.0,0.0002829899599093106,0.0,-0.0004481790942444844,0.0,0.0006831569415518273,-0.0010674312800081993,-0.0017926014577864151,0.0005727208808377437
2023-02-08,0.0008905216313524032,-0.0,0.0,-0.0010475978532270573,-0.0,-0.00071637846725657,-0.0,-0.0009282967061267694,-0.0,-0.0006019679428759512,-0.0,-0.00194196468617554,0.0010413001334820622,0.0007868382714415775,-0.0005006190448262148
2023-02-09,0.0003467763826023739,-0.0,0.0,-0.0001914881786325555,-0.0,-0.00033812134103797557,0.0,-0.000245490940375314,-0.0,-2.3076035946694447e-05,-0.0,-0.0004296023469847762,0.0008878559744111966,0.00026851933522837744,-9.302829861850599e-05
2023-02-10,-4.6376046785737764e-05,-0.0,-0.0,-0.0005164971388770598,-0.0010504970776866725,-0.0006454294228971521,-0.0,0.0005638957523213616,0.0,0.00028195022638404296,-0.0,0.00022806356890718487,-0.00012491665983296597,0.0005758488098948639,5.3254283706569165e-05
2023-02-13,-0.0009316020990176472,0.0,0.0,0.00065893432548929,0.0010024028092195908,0.000537545895207182,0.0,0.0006307905360732711,0.0,0.0012914175058269253,0.0,0.00026099350040823536,-0.0006532649102370467,-0.002087713319332237,-0.00017506839114085092
2023-02-14,0.00021169222307798738,0.0,0.0,9.888405539690786e-05,0.0016680042142930727,0.0,-0.0,-0.00016743422929658215,0.0,-0.0001848638036641046,0.0,-0.00010480105805416463,4.175920369987024e-05,-0.0003923592520203194,0.00016949286684476647
2023-02-15,-0.0006903814346662436,-0.0,-0.0,0.00044463102922072937,-0.0004499533666895396,-0.0,0.0,0.0,0.0,-0.0004227044282086002,0.0,0.000608732578040641,-0.00020738457954159727,-0.00033430228122905244,5.165961853401981e-05
2023-02-16,0.0005242087881487535,-0.0,-0.0,-0.0005917816529514418,-0.00308702647440512,-0.0,-0.0,0.0,-0.0,-0.00035215413093464906,-0.0,-0.0006825082000743735,0.0009071736050707474,0.0013073790832281683,-0.00021161570549850728
2023-02-17,0.0003787649537081031,-0.0,-0.0,-0.0004138369790942633,-0.0009963755109301184,-0.0,-0.0,-0.0,-0.0,-0.0002514291012435999,-0.0,-0.0002162780833798931,0.0001771914976250027,0.0008770522667214586,-5.772041499565637e-05
2023-02-21,-0.0,-0.0,-0.0,-0.0011936376832954623,-0.0011142342974277738,-0.0,-0.0,-0.0,-0.0,-0.0006225581927583983,-0.0,-0.0013176906830423564,0.001158965456333088,0.0029211275786762804,-0.0003150594250513178
2023-02-22,0.0,-0.0,0.0,-0.00046385005856609785,-0.00010431611555388444,0.0,0.0,-0.0,-0.0,6.955716401158908e-05,0.0,-0.00028188940062571474,6.86369639529373e-05,0.00016850377806418353,2.600602429603046e-06
2023-02-23,0.0,0.0,0.0,0.0,0.002008456256811218,-0.0,0.0,-0.0,0.0,0.0012922388772586436,0.0,0.0005913071666331666,-0.00015317083091246898,-0.0014137839837454114,-6.446935641316413e-05
2023-02-24,-0.0,-0.0,-0.0,-0.0,-0.001051736699518508,-0.0,-0.0,-0.0,-0.0,0.0,-0.0,-0.0007860321427917178,-0.00019010919555140525,0.0013280632144487745,0.0005599398762358304
2023-02-27,0.0,0.0,0.0,0.0,0.0004335103020324657,0.0,0.0,0.0,-0.0,-0.0,-0.0,0.00047075786140421644,5.7634769821374437e-05,-0.00039055028240974704,-0.00023599587638606197
2023-02-28,-0.0,-0.0,-0.0,0.0,-0.0001207499792459718,0.0,0.0,-0.0,0.0,-0.0,0.0,0.0,-0.0001989381979661213,0.00016684871649556558,2.939436821124316e-05
2023-03-01,-0.0,-0.0,-0.0,-0.0,-0.00018486666052453936,-0.0,0.0,-0.0,0.0,-0.0,0.0,0.0,-0.0002071710785464006,0.000601966618566639,0.00016180545310639247
2023-03-02,0.0,0.0,0.0,0.0,0.0,0.0,0.0,0.0,0.0,0.0,0.0,0.0,-0.0,-0.0,-0.0
2023-03-03,0.0,0.0,0.0,0.0,0.0,0.0,-0.0,0.0,0.0,0.0,-0.0,0.0,-0.0,-0.0,-0.0
2023-03-06,0.0,0.0,-0.0,0.0,-0.0,0.0,-0.0,0.0,-0.0,0.0,-0.0,-0.0,-0.0,-0.0,-0.0
2023-03-07,-0.0,-0.0,-0.0,-0.0,0.0005818648381541659,-0.0,-0.0,-0.0,-0.0,-0.0,-0.0,-0.0,-0.0007812329409766175,0.0009629566008671756,0.00025557714465023997
2023-03-08,0.0,-0.0,0.0,0.0,0.0,0.0,-0.0,0.0,0.0,0.0,0.0,0.0,-0.0,-0.0,-0.0
2023-03-09,-0.0,-0.0,-0.0,-0.0,-0.0,-0.0,-0.0,-0.0,0.0,-0.0,-0.0,-0.0,0.0,0.0,0.0
2023-03-10,-0.0,-0.0,-0.0,-0.0,-0.0,-0.0,-0.0,-0.0,0.0,-0.0,-0.0,-0.0,0.0,0.0,0.0
2023-03-13,0.0,0.0,0.0,0.0,-0.0,-0.0,0.0,-0.0,-0.0,0.0,-0.0,0.0,0.0,-0.0,-0.0
2023-03-14,0.0,0.0,0.002333026484944985,0.0,0.0,0.0,0.0,0.0,0.0,-0.0,0.0,0.0,0.0015274958197714621,-0.0026727704591024038,-0.0004407914574612504
2023-03-15,0.0,0.0,0.00034167990329018127,-0.0,0.0,0.0,0.0,0.0,0.0,-0.0,-0.0,-0.0,-0.0005838449988373789,-6.673062951765933e-05,-0.00010410620398041494
2023-03-16,0.0,0.0,0.002638800749349968,0.0,0.0,0.0,0.0,0.0,0.0,0.0,0.0,0.0,0.001558709072471338,-0.0035408931046563607,-0.0002463883906977606
2023-03-17,-0.0,-0.000581328651281329,0.00035891388072066294,-0.0,-0.0006377375080222317,0.0,-0.0,-6.978368194873779e-05,-0.0,0.0,0.0,-0.0,-0.0004037244382745625,-1.7450109229632047e-05,-0.00010660839162433434
2023-03-20,0.0,0.0013052258388924528,0.0003389843492689385,0.0,0.0005291598323468392,0.0,0.0,-0.000741633294223428,-0.0,0.0,0.0,0.0,7.409806257333338e-05,1.1434535824232602e-05,4.744870859268326e-05
2023-03-21,0.0,-0.00028387834721984825,0.0005739136697106727,-0.0,0.00045657679510619203,0.0,0.0,0.0002657225031746295,-0.0,0.0,0.0,-0.0,-8.592680604208516e-05,0.00022068605763525979,0.00042421366828420824
2023-03-22,-0.0,0.00027285946816254483,0.0005107607025053748,-0.0,0.0,-0.0,-0.0,0.001208487869727414,-0.0,0.0,-0.0,-0.0,-0.0009216276452604041,0.000622053405567179,-0.0001177962835973289
2023-03-23,0.0,-0.0009764834401270501,0.0013474790022776637,0.0,0.0,0.0,0.0,-0.0002722055316688483,0.0,-0.0,0.0,0.0,0.00015164552373864574,-0.001035030328461064,0.00014270257591503428
2023-03-24,0.0,-0.0005212952294892201,-0.0007634018964510419,-0.0,-0.0,0.0,0.0,-0.0007781481876657111,0.0,0.0,0.0,-0.0,0.0003256696886575744,-0.0001493897404675468,3.880230888879137e-05
2023-03-27,-0.0,0.0007523258910551167,-0.00046520688247662196,-0.0,-0.0,-0.0,0.0,-2.9688274004347116e-05,-0.0,0.0,-0.0,-0.0,7.389849912952421e-05,0.0005726170975068631,-0.00025583049383694537
2023-03-28,-0.0,0.00020848093147893328,-0.00022855671538861384,-0.0,-0.0,0.0,0.0,0.00014861796337706918,0.0,-0.0,-0.0,0.0,-7.939783103199848e-05,0.00035564786799724115,-0.00022141638378655925
2023-03-29,0.0,-0.0009501131602704341,0.0010750685725154153,0.0,0.0,0.0,0.0,-0.0007680340062246817,0.0,0.0,0.0,0.0,0.0004993067074435078,-0.0015958085408095378,0.000771593313292705
2023-03-30,0.0,-0.0006270452025983723,0.000733914256359707,0.0,0.0,0.0,-0.0,-0.0002534118484912226,0.0,-0.0,0.0,0.0,0.0002179257956054854,-0.0008376269463972984,0.0003561816843704888
2023-03-31,0.0,-0.0007425662820610275,0.0007142978623738217,0.0,0.0,0.0,0.0,-0.0008148292763936233,0.0,0.0,0.0,0.0,0.0005012529027786645,-0.0009429085245193736,0.0005602530496600738
2023-04-03,0.0,0.00018591580505044987,0.00033726940697657176,0.0,-0.0007452468745906209,-0.0,-0.0,-3.346560339111321e-05,-0.0003355717293993389,0.0,-0.0,-0.0,0.0005318559214613197,0.00015236250500197488,7.097680318341963e-05
2023-04-04,-0.0,8.704583855833372e-06,-0.0009239138336100223,-0.0,-0.00035857348501853965,0.0,0.0,0.00047056911242779006,-0.00031823110910258654,0.0,-0.0,-0.0,-0.000769239503263905,0.0005217006769013083,9.772561162699066e-05
2023-04-05,-0.0,0.0004969245829339368,-0.0010527867128720572,-0.0,-0.0017568012101742032,-0.0,-0.0,-0.0,0.00040952754347579846,0.0,0.0,-0.0,-0.00034349961098228434,0.0011806403814891456,0.00018817967335853366
2023-04-06,0.0,0.0,0.00028932904651230996,-0.0,-4.864076479369801e-05,-0.0,-0.0,0.0005335194669177346,3.0469227024543136e-05,0.0,-0.0,0.0,0.0006146460663226665,-0.0007448728454983853,-0.0003537368570530479
2023-04-10,-0.0,-0.0,0.0009924157637785768,0.0,0.0016016266940541068,-0.0,-0.0,0.0,0.0004439031146700197,0.0011388092445278155,0.0,0.0,0.00018440452247206745,5.150710263170226e-05,5.6905646332754574e-05
2023-04-11,-0.0,-0.0,-0.0007488998044382952,-0.0,-0.0,-0.0,-0.0006835376446173718,-0.0,0.00026206318663501835,0.0,-0.0,0.0,6.682913706401072e-06,0.0005351021743673313,0.00015764314734137847
2023-04-12,-0.0,0.0,-0.001256029075811806,-0.0,-0.0,-0.0,0.00037710154754869635,-0.0,0.000512665668917043,-0.0,-0.0,-0.0,-0.00011488270834467575,0.0003185208641735995,0.00024436605170416226
2023-04-13,0.0,0.0,-6.042524999929331e-05,0.0,-0.0,0.0,0.0009627190269217719,0.0,0.0,0.0,0.0,0.0,0.00034242736779495716,-0.002746646797776844,0.0004190249803140178
2023-04-14,-0.0,-0.0,0.0005542981553343928,-0.0,-0.0,0.0,0.0001620913761663565,-0.0,-0.0,0.0,-0.0,-0.0,-6.273241430380563e-05,0.0008192017124911053,-4.187699493550368e-05
2023-04-17,0.0,0.0,0.0004538721641813554,0.0,-0.0,-0.0,0.0006203331809648795,-0.0,0.0,-0.0,-0.0,0.0,0.00010203766112901118,-0.0005082599705968617,1.2458282097774e-05
2023-04-18,0.0,-0.0,0.0012164714956812896,0.0,-5.0097415824803435e-05,-0.0,0.0003589681225741361,0.0,-0.0,0.0,-0.0,0.0,6.876380326117003e-05,-0.000724006922367539,-4.6851584980160773e-07
2023-04-19,0.0,0.0,0.00047484079313333253,0.0,8.902739943876505e-05,0.0,0.00010568168596463083,-0.0,-0.0,-0.0,0.0,-0.0,-1.779897596985814e-05,0.0006802652945869874,2.7249447414479825e-06
2023-04-20,-0.0,-0.0,-0.0,-0.0,9.441824521923178e-05,0.0,-0.0003556758937885687,-0.001543136637779388,-0.0,-0.0,0.0,-0.0,-0.0001913196218212943,0.0008505202991136437,9.317407970622705e-05
2023-04-21,-0.0,-0.0,0.0,-0.0,-0.0009409933829651057,-0.0,0.0003833175580181397,0.00048072157503808435,-0.0,0.0,-0.0,0.0,2.6745094565241765e-05,0.00042286268269991605,-1.1313561936897428e-05
2023-04-24,0.0,-0.0,-0.0,0.0,-0.0004886402526755345,-0.0,-0.0010433174577911873,0.00038127700112701153,-0.0,0.0,-0.0,-0.0,3.759437674569631e-05,0.0005662617394271186,2.93262971663862e-05
2023-04-25,-0.0,-0.0,-0.0,-0.0,-0.0022002733023047897,-0.0,-0.0011022516449476056,-0.00031752858620168347,-0.0,-0.0,-0.0,-0.0,-0.0005787873983426872,0.0028392300931839635,0.00019477444067053784
2023-04-26,-0.0,0.0,0.0,-0.0,0.0012608185429405852,-0.0,0.0002224028366654868,-0.0005874253190658824,0.0,-0.0,0.0,-0.0,-0.00015769489076948123,-0.0019062693769240603,-8.55112797012028e-05
2023-04-27,0.0,0.0,0.0,0.0,0.0008651732760717075,0.0,0.0011408124053416547,2.1482277451844206e-05,0.0,0.0,-0.0,0.0002456560304992712,0.00016675702771152894,-0.0024902327301717206,-0.0009894026721346755
2023-04-28,0.0,0.0,0.0,0.0,0.0010916105762508773,0.0,0.0006162741911760536,0.0007355425258284663,0.0,-0.0,0.0012483311365230473,0.0005805100248933184,-2.1388658656016507e-05,-0.0019154617473788119,-8.313589104155523e-06
2023-05-01,-0.0,-0.0,0.0,0.0,0.00017871123683054987,-0.0,-0.00014640559733496782,9.514750730431427e-05,-0.0,0.0,-0.0004126570878360207,-0.00015574470481743259,2.083449574830981e-05,-0.00010196132941784,-1.3582514261644484e-05
2023-05-02,-0.0,-0.0,-0.0,-0.0,0.00012249449333849948,-0.0,-0.001008639264252384,-0.001045929280714348,-0.0,-0.0,0.00011640445007542335,-0.0008287649664684075,1.569309241247921e-05,0.001412346543494518,0.0002496789084402556
2023-05-03,-0.0,-0.0,-0.0,0.0,-0.004836742000951102,-0.0,-0.0003182828706069585,-0.0004332782745497983,0.0,-0.0,-0.0,-0.0001802684588902738,-9.993192708566892e-06,0.0011649472753959803,1.1876244672919743e-05
2023-05-04,-0.0,0.0,-0.0,-0.0,0.0029670476182646903,-0.0,-5.974181858307836e-05,-0.00028365775401979635,0.0,0.0,-0.0,-0.000322433176326676,2.9812845584801698e-05,0.0006913314740975972,-2.4397933725197e-05
2023-05-05,0.0,0.0,0.0,0.0,0.0018307514043617162,0.001837308271659539,0.0013360797010628332,0.0005981583029137612,-0.0,0.0,0.0,0.0010728194083763525,-0.00016207047477725432,-0.004073497133811924,-0.00047939713192193703
2023-05-08,2.016884229381653e-05,-0.0,0.0,-0.0,0.0028133772592073545,-0.0006267592104727329,7.8383793139699e-05,9.720275228980523e-05,-0.0,-0.0,-0.0,-0.0004847935203714943,3.172741275846261e-07,8.799248733825643e-05,2.676051710902383e-05
2023-05-09,0.0005010613368989907,-0.0,-0.0,-0.0,0.0,-0.00020532713685302126,0.0008219088548836024,0.00014007120463283484,-0.0,-0.0,-0.0,-0.00037283957369401696,0.0003119579504224553,0.0006018661178041491,-0.00018410244056853186
2023-05-10,0.0,0.0,0.0,0.0,0.0,0.0001995138593206043,0.0009038987143343971,0.00025756657085648777,-0.0,0.0,0.0,1.5335071428295812e-05,-0.0004590858232599837,-0.0011271764526061313,0.0003112005557396421
2023-05-11,0.0,-0.0,-0.0,0.0,0.0,-0.00035589415135997305,-0.0003379715062534262,-0.00036527880553235487,-0.0,-0.0,-0.0,-0.000579859685035069,0.00017302250600292378,0.00041826946604297063,9.510579384693195e-05
2023-05-12,-0.0,-0.0,-0.0,0.0,-0.0,-0.0009054499091074221,-0.0004095956581093693,0.0003652788055323545,0.0,0.0,-0.0,0.0,0.00010261278251587874,9.88646193233337e-05,-8.756655945823353e-05
2023-05-15,-0.0,0.0,0.0,0.0,0.0,0.001500582435378412,0.0003751807108313128,0.0,0.0,-0.0,0.0,0.0,-0.00016627465039798032,-0.0004357899298431164,-1.56758038137416e-05
2023-05-16,0.0,0.0,0.0,0.0,0.0,-8.10677962125555e-05,0.00030155280303403853,-0.0,-0.0,0.0,-0.0,-0.0,0.00032772206476712533,-5.969073134923567e-05,1.615304225304507e-06
2023-05-17,0.0,0.0,0.0,0.0,0.0,0.0016417811486321944,0.001164472595413886,0.0,-0.0,0.0,0.0,0.0,-0.0005827552712846855,-0.0006643225154921177,-5.922654627850929e-05
2023-05-18,0.0006786783902048024,0.0,0.0,0.0,0.0,0.000529946667425272,0.0,0.0,0.001383521231216795,0.0,0.0,0.0,-0.000271645514770168,-0.0019812711371528014,-0.00013885747054005946
2023-05-19,3.14097266261405e-05,-0.0,-0.0,0.0,-0.0,0.0014788963501773031,-0.0,0.0,0.0004193951782713958,-0.00024368895103714386,-0.0,0.0,-3.0012607703626734e-06,3.361432459073048e-05,6.336806492141001e-05
2023-05-22,-0.00027478887573975587,0.0,-0.0,-0.0,0.0,0.0,-0.0,-0.0,0.0005813053352320302,0.0005229508596924291,-0.0,0.0,1.0410999426884634e-05,-0.0001463489431998485,3.2772719172096086e-05
2023-05-23,-0.000763550238486141,-0.0,-0.0,0.0,0.0,-0.0,-0.0,0.0,-0.0012879119807200007,0.001612640404401151,-0.0,-0.0,-0.0002820123527999137,0.0011114218587292865,-0.0001182691358746853
2023-05-24,8.153758359101196e-05,-0.0,-0.0,-0.0,-6.931929572800257e-05,-0.0,0.0,-0.0,-0.0008716679484187038,-0.0,-0.0,-0.0,0.0006202501289508934,0.0001786495901929721,-0.00034953294954447316
2023-05-25,0.0003334989019193053,0.0,0.0,0.0,-0.0052888028453137,0.0,0.0,0.0,-0.0028376408296224742,0.0,0.0,0.0,-0.000744947572746746,-0.000966785004024548,0.0016802262385198822
2023-05-26,0.000700315679110366,0.0,-0.0012558182947623273,0.0,-0.0027009557403144245,0.0,0.0,0.0,0.0028376408296224816,0.00010078229644358592,0.0,0.0,-0.0017373916528411323,0.007832530414161527,-0.0024024029496464354
2023-05-30,0.0005301555069534416,-0.0002529744893509502,-0.0014737269815168,-0.0,0.0006975935589634404,0.0,0.0,0.0,0.0016784081387221821,-0.0005114033972229561,0.0,0.0,-2.5633372554069104e-05,0.0012717082762653089,-0.0006862659413329322
2023-05-31,-1.4102383396267846e-05,-0.0004275344423642837,0.0029221220833125505,0.0,0.002900435204690748,0.0,0.0,-0.0,0.0023608487400044124,-0.0003742496983835892,-0.0,-0.0,0.0003542514181256457,-0.0019938032939996165,0.000867583224790743
2023-06-01,0.000794778025981231,0.0006339253107520493,-0.0024952344988063983,-0.0,0.0,0.0,-0.0,0.0,-0.0004954491553744462,-2.3592696139149605e-05,0.0,0.0,0.00025826633505100826,0.0018182112068380754,-0.0024671039890686907
2023-06-02,0.0002382012038944959,0.000422170836467016,0.0005600776667908754,0.0,-0.0,0.0,0.0,0.0,0.00028827754423987444,4.719652984001805e-05,-0.0,-0.0,0.00047066060744715776,0.0010072406059849898,-0.0015870287908235545
2023-06-05,-0.0003799979458544391,8.043615998742216e-05,0.00019873143948852983,-0.0,0.0,-0.0,-0.0,0.0,-0.0023708871613634945,-0.0004886797663101116,-0.0,-0.0,-4.341913541204126e-05,-0.0010194071341736548,-0.00014516168279160837
2023-06-06,-0.00010312442686826618,-0.0003375061350083521,0.0006643207265367579,-0.0,0.0,-0.0,0.0,-0.0,0.0018088128305240936,-7.9428134256887e-05,0.0,0.0,7.042986463543504e-06,-3.838173783470499e-05,3.072832312974969e-05
2023-06-07,-0.0003893249931152229,-0.0015677173788510629,0.0015488109287307298,0.0,0.0026445889250168125,-0.0,-0.0,-0.0,0.0005141433477792028,0.0008712252445606111,-0.0,0.0,0.0002929287338182724,-0.0035236804913014066,0.002365837014565129
2023-06-08,0.000767335576739809,0.0002898380094316679,-0.001362195191907809,0.0,-0.0013480387829409054,0.0,0.0,-0.0,0.0008558053616265181,-0.0010483155592399904,0.0,0.0,-0.0006655810635604125,0.002302611621279994,-0.0011423740571285344
2023-06-09,0.00010787490700106572,0.00023464501310810362,-0.00033644019280101384,0.0,-0.001573492451540514,0.0,0.0,-0.0,-0.0007599892990883052,-0.001090550754166433,0.0,-0.0,-0.0002005607000712024,0.0010451785898153922,-0.000333724453474005
2023-06-12,0.0007758894554786161,0.0007682648414735065,-0.0009099060080319147,0.0,-0.001680532827866601,0.0,-0.0,0.0,0.002686564503291328,-0.002908721760915281,0.0,0.0,-0.0011467106661592777,0.0043026361832567295,-0.0010843778906907287
2023-06-13,-0.0001307546373054642,0.0,0.0,-0.0,0.0018368769119576373,0.0,-0.0,0.0,0.0,-0.00010724554752980537,0.0,0.0,-0.0006683242669680444,0.0006712266977103511,6.961130964548922e-05
2023-06-14,0.0,0.0,-0.0023510918829064424,0.0,0.0,0.0,0.0,0.0,0.0,-0.0023398284578288998,0.00041560986581262114,-0.0,-6.071812177515309e-06,0.0025531776614000235,-0.0008131187160380403
2023-06-15,0.0,0.0,0.00040163671886698403,-0.0,-0.0,0.0,0.0,0.0,0.0,0.0,-8.501682142221139e-05,0.0,-0.0001906062829929917,0.0027706222358540268,-0.0011967014545860228
2023-06-16,-0.0,-0.0,-4.569688056087233e-05,-0.0,-0.0,0.0,-0.0,0.0,0.0,-0.0,0.000377605432684048,-0.0,0.0001937336439791746,-0.0018605802211718802,0.0006693129435867733
2023-06-20,0.0,-0.0,-0.0012902450027159865,-0.0,-0.0,-0.0,0.0,-0.0,-0.0,-0.0,0.0011794361295136037,-0.0,0.00014847003028870757,-0.0019646277683902846,0.0002865025575686459
2023-06-21,-0.0,-0.0,0.0008785184498060214,-0.0,-0.0,-0.0,-0.0,0.0006836043984199919,-0.0,0.0,0.001723576716627518,-0.0,4.179106699613433e-05,-0.0034201590635030404,0.0014041084467604726
2023-06-22,0.0,0.0,2.323690061573592e-05,-0.0,-0.0,0.0,0.0,-0.00026478437873552515,-0.0,-0.0,-0.0002756726487054567,0.0,-3.8390396327060265e-05,0.0018602310349779558,-0.0011609599520566948
2023-06-23,-0.0,-0.0,0.0009573936826150382,-0.0,-0.00031262844816234075,0.0,-0.0,0.0007787244640505356,0.0,-0.0,0.0012923314363193147,-0.0,-0.0006650651218228392,-0.0015535249861457995,0.0013581487295673633
2023-06-26,-0.0,-0.0,0.001903876747317925,-0.0,-0.0011493702127103806,-0.0,-0.0,0.00011935553708272802,0.0,-0.0,0.0,0.0,-0.00023412048224596437,-0.0006570735217595019,0.0014029418709583723
2023-06-27,0.0,0.0,-0.0015078468479082273,0.0,0.0013217841766561794,0.0,0.0,-0.0006431274973679682,0.0,0.0,-0.0013366839520140665,0.0,0.0009627882796410236,0.002751098457094486,-0.0022676671166730823
2023-06-28,0.0,0.0,-0.0,-0.0,-9.974613391433866e-05,-0.0,0.0,-9.829942035010447e-06,-0.0,-0.0,0.0009480754279367619,0.0003843216462078147,0.00010579517660150253,1.743916464837636e-05,-0.0002580106283416816
2023-06-29,0.0,-0.0,-0.0,0.0,0.00048327010068952166,0.0,-0.0,-0.00033307333198925773,-0.0,0.0,-0.00022071343140194229,-0.0005202605574709554,0.0008273272953995097,5.395132211773504e-05,0.0002678633943946892
2023-06-30,0.0,0.0,0.0,0.0,0.0011859316773028242,0.0,0.0,-0.0005148175641712123,0.0,0.0,-0.00041333006361192324,-0.0009052684155503861,0.002555981486842149,0.00047559530052850095,-0.002118476942534641
2023-07-03,-0.0,-0.0,0.0,0.0,0.0008314299442911572,-0.0,0.0,-7.72499188040398e-05,0.0,-0.0,-0.0004390945293905088,7.226639759328004e-05,0.0002469521019968469,-6.216038753606739e-05,-0.0003208779617938193
2023-07-05,-0.0,0.0,-0.0,-0.0,-0.0008138753052975173,0.0,0.0,0.00030001057782349963,-0.0,-0.0,0.0012478516295404357,0.0009065897137940983,-0.0003150754138667015,-0.0001834726130824825,3.6154693550940285e-06
2023-07-06,0.0,0.0,-0.0,-0.0,-0.0,-0.0,-0.0,0.0003897895398652909,-0.0,-0.0,0.000822054238877312,0.00048669802244248904,-0.000940181468710133,-0.00031908383119017675,0.0007905874767286799
2023-07-07,-0.0,-0.0,0.0,-0.0,-0.0,0.0,-0.0,0.00011753188565619068,-0.0,-0.0,-0.00031147358036748475,0.0003213599952641228,-0.000302825521054589,-0.0005024699794122503,0.0003241225525910542
2023-07-10,-0.0,-0.0,-0.0,0.0,0.0,0.0,0.0,-0.0004004318697027538,0.0,-0.0,-0.0005063117150707344,-0.0016255608482446803,0.0003025675686656521,0.00030060468099700076,-3.1927329929425815e-05
2023-07-11,-0.0,0.0,0.0,0.0,-0.0,0.0,0.0,-0.0006955289897762448,0.0,0.0,0.00010684221339678758,0.0001730588452390427,0.0008217510461625755,0.0002720470277962531,-0.0005890590677849195
2023-07-12,0.0,0.0,0.0,0.0,0.0,0.0,0.0,0.001341709904275428,0.0,0.0,-0.000768429473877771,-0.0009828938560784441,0.0010417884212332925,0.0014104816160459665,-0.0014729727186157783
2023-07-13,0.0,0.0,0.0,0.0,0.0,0.0,0.0,0.0,-0.0,0.0,-0.0018364347054001353,-0.0002052042607785241,0.000785286689739401,0.0013929451232372117,-0.0016724856566967914
2023-07-14,0.0,0.0,-0.0,-0.0,0.0,-0.0,-0.0,-0.0,-0.0,0.0,-0.0,0.0006236858623102164,-3.3808202312853196e-05,-6.493935819500587e-05,9.4599141694073e-06
2023-07-17,0.0,0.0,0.0,0.0,0.0,0.0,-0.0,0.0,0.0,-0.0,0.0,-0.0007000800712128793,0.00018836162879628613,0.0005664111787397533,-0.0004218691063171237
2023-07-18,-0.0,0.0,0.0,-0.0,-0.0,0.0,-0.0,0.0,0.0,0.0,-0.0,-7.627766544185959e-05,0.0004006749048062316,0.000498603649965235,-0.000365878131695126
2023-07-19,0.0,-0.0,-0.0,-0.0,-0.0,-0.0,0.0,0.0,-0.0,-0.0,0.0,2.7221995379031572e-06,0.00011685328997114356,-0.00010564354470812178,9.752655889712448e-06
2023-07-20,-0.0,-0.0,-0.0,-0.0,-0.0,-0.0,-0.0,-0.0,-0.0,-0.0,-0.0,0.0010314180744691597,-0.0003496586664348558,-0.0008807329013876601,0.0010069174394855241
2023-07-21,-0.0,-0.0,-0.0,0.0,0.0,0.0,-0.0,0.0,0.0,0.0,0.0,-0.001208053492823303,0.0,-2.087287357908725e-05,0.00010797375047902353
2023-07-24,0.0,0.0,0.0,0.0,-0.0,0.0,-0.0,0.0,-0.0,0.0,-0.0,0.00011678123773823202,0.00021515207612012976,7.567403801615e-05,-6.42437452973186e-05
2023-07-25,0.0,0.0,0.0,0.0,0.0,0.0,0.0,0.0,0.0,-0.0,0.0,-0.0005919468008796268,8.472975405493237e-05,0.0006853730554113658,-0.0003194017648745284
2023-07-26,0.0,-0.0,-0.0,-0.0,-0.0,-0.0,-0.0,-0.0,0.0,-0.0,-0.0,0.00278463468661013,5.247858605341239e-06,-0.000749778280782267,0.0001409261306625806
2023-07-27,-0.0,-0.0,0.0,0.0,0.0,-0.0,-0.0,-0.0,0.0,0.0,0.0,0.0,0.0,0.0,0.0
2023-07-28,0.0,0.0,0.0,0.0,0.0,0.0,0.0,-0.0,0.0,-0.0,0.0,0.0,-0.0,-0.0,-0.0
2023-07-31,0.0,-0.0,-0.0,-0.0,0.0,0.0,-0.0,-0.0,0.001460158859302371,0.0,0.0,0.0,2.114685129944363e-05,3.3462321473304945e-05,4.725480019176098e-06
2023-08-01,-0.0,0.0,-0.0,0.0,0.0,0.0,-0.0,0.0,-4.191700678641925e-05,0.0,-0.0,-0.0,-4.3450613700516043e-05,2.1647201904356056e-05,-2.600652297625938e-05
2023-08-02,-0.0,-0.0,-0.0,-0.0,-0.0,-0.0,-0.0,-0.0,0.0020091034481239936,-0.0,-0.0,-0.0,-0.00031289076238783127,-0.0003377284354869804,-0.0001670810632017285
2023-08-03,-0.0,-0.0,0.0,-0.0,0.0,-0.0,-0.0,0.0,-0.0006930518121692551,-0.0,-0.0,-0.0,-0.00010547109999400767,-6.982628409590078e-05,-3.039957218641365e-06
2023-08-04,-0.0,0.0,0.0,-0.0,0.0,0.0,-0.0,-0.0,-0.00038566110356955975,-0.0,0.0,-0.0,-0.0001550565128320387,-0.0001997713545955021,-2.5753275976134746e-05
2023-08-07,-0.0008702137403644389,0.0,0.0,0.0,0.0,0.0,0.0,0.0,-0.00012789547970976455,0.0,-0.0,0.0,0.00018355623259496613,-1.9083625756685045e-05,6.541794697041844e-05
2023-08-08,0.0,-0.0,0.0008353833567840216,-0.0,-0.0,-0.0,-0.0,-4.7138685493938585e-05,0.00029893327477202705,-0.0,-0.0,-0.0,0.000158116949738504,-0.001077868224324261,-0.0001400835615708174
2023-08-09,-0.0004497362649098324,-0.0,0.0024196975178266606,-0.0,-0.0,-0.0,-0.0,6.60066102461422e-05,0.0010678616564063432,-0.0,-0.0,0.0,0.00035245214380945524,-0.001330040347081499,-0.0004492978497686979
2023-08-10,-6.176999887145645e-05,0.0,0.00019542771694682284,-0.0,-0.0,0.0,0.0005771477474269363,-0.0003572786920591407,-0.0005800529091380987,-0.0,-0.0,0.0,-1.1402528329181065e-05,1.560078898957587e-05,-5.546974938058288e-05
2023-08-11,-5.0595911670700276e-05,-0.0,-0.0,-0.0,-0.0,-0.0,0.00010792665181014768,-0.0003919392969648799,-0.0003018551643170786,0.0,-0.0,-0.0,-3.4671191792825213e-05,-0.00022004771551542684,0.0004236401918783337
2023-08-14,0.0004674631670715728,0.0,0.0,0.0,0.0,0.0,0.0007985719707248568,-8.358876285060122e-05,-0.0011195026256562903,0.0,-0.0,0.0,0.0002722599828650121,0.00048374766292096007,-0.0006913832315765158
2023-08-15,-0.0005631731388703084,-0.0,0.0,-0.0,-0.0,-0.0,-0.0007794093758749878,0.0004942686897200436,0.0012917680846019272,0.0,-0.0,-0.0,-0.0007315802464391571,-0.00029543904933099143,0.0007098167111092513
2023-08-16,-0.0002485740388899397,-0.0,-0.0,-0.0005687881762147075,-0.0,-0.0,-0.0004305291530226581,0.00036685330595047935,0.0018157192770816438,-0.0,-0.0,-0.0,-0.0005414255352031587,0.0006332571120689643,0.00027607178939982157
2023-08-17,-0.0,0.0005523530940271534,0.00016411487793321168,-0.00035480152975014796,-0.0,-0.0,-0.0007667555267950343,-0.001643754676353693,-0.0,-0.0,-0.0,0.0,0.0004290434354886859,-0.0008581849684627279,-3.9474660509744835e-05
2023-08-18,0.0,6.315524396569461e-05,5.136048003333616e-05,-7.622782702630733e-05,0.0,-0.0,0.00024224972143829413,-0.0002824094234630685,0.0,0.0,0.0,0.0,-2.960885017541781e-05,0.00014427207771768635,2.83927370934242e-06
2023-08-21,0.0,-0.0008459378421792366,-0.004065784369494149,0.0023245146694637975,0.0,0.0,0.001014870776056348,-0.00036205806282798474,0.0,0.0,0.0,0.0,-0.00042475245947908995,0.0017721108129207198,8.648318142909431e-06
2023-08-22,0.0,-9.00146128830861e-05,0.0014023696814669181,-0.0005433162302644243,-0.0,-0.0,-0.0,-1.8034265299208258e-05,-0.0,-0.0,-0.0,-0.0,0.0002495564322124417,-7.417256527378004e-05,-0.00010660846275423449
2023-08-23,0.0,-0.0006990536680829768,-0.0015607406141228712,0.0012001476679942506,0.0,0.0,0.0,-0.00046662219498377205,0.0,0.0,0.0,0.0,-0.0004699746801634527,-0.0002520424460854745,0.0017697579134289614
2023-08-24,-0.0,0.0010866464749143508,-4.985203904742252e-05,-0.001277914092090784,-0.0,-0.0,-0.0,-0.0,-0.0,-0.0,-0.0,-0.0,0.0011262035978136075,0.0005687162582378604,-0.003252117031585128
2023-08-25,0.0,-0.0004681580200977273,0.0012288531290072814,-0.00015472267779268544,0.0,0.0012174212728857821,0.0,0.0,0.0,0.0,0.0,0.0,-0.0005870002191553218,-0.0006483228533908836,0.0010404334662945023
2023-08-28,0.0,-0.00011133795656387792,-0.0008799081181876516,0.0005406089211354106,0.0,0.0004606754990522614,0.0,0.0,0.0,0.0,0.0,0.0,-0.000635660857697575,-0.0006145826205807271,0.0011392264172150452
2023-08-29,0.0,-0.0007222833426188603,-0.0020385801792402393,0.0016477696310670123,0.0,0.000994904332499628,0.0,0.0,0.0,0.0,0.0,0.0,-0.0016068521813895897,-0.0013849651648205458,0.003213810329017682
2023-08-30,0.0,-5.782106548207283e-05,-0.0004895600468122875,0.0001318588360497448,0.0,0.0004410994323848577,0.0,0.0,0.0,0.0,-0.0,-0.0,-0.0003659958923897942,-0.0005641711208166397,0.0007882493181344815
2023-08-31,0.0,-0.0,-9.227433438533885e-05,0.0016865033067063008,-0.0,0.0012655695092307125,0.0,0.0,0.0,-0.0,0.0,-0.0,0.00011605123655766112,-0.0005110718411321202,0.0003720242935462869
2023-09-01,0.0,0.0,-0.0,-0.0028062237176370687,0.0,0.00034475215644383015,0.0,0.0,0.0,0.0,0.0,0.0,4.257679296574249e-05,-0.00039822210643731393,-2.324042680854019e-05
2023-09-05,0.0,0.0,0.0,-2.0060870681615393e-05,0.0,0.0001480379420035425,-0.0,-0.0,0.0,0.0,0.0,-0.0,-0.0001584516071357158,-0.00041436960630612406,-1.6906222707565004e-06
2023-09-06,-0.0,-0.0,-0.0,0.0,-0.0,-0.0002609118289829049,0.0,-0.0,0.0,0.0,-0.0,-0.0005003150185208043,0.0001451711164349747,0.0013268222660235188,-0.00048778536346127114
2023-09-07,-0.0,0.0004481087341866503,-0.0,-0.0,-0.0,-0.0001318603757810394,0.0,-0.0,-0.0015967296169311475,0.0,-0.0,-0.0010037601188265129,0.00010413145944190731,0.0006702188348392043,-0.000596540324323244
2023-09-08,0.0,-0.0006564579826767963,-0.0,0.0,-0.0,-0.0,0.0,-0.0,0.00022312676482220042,0.0,-0.000122329975389759,-1.5180496215225438e-05,-5.2594365568310085e-05,-0.00017107873207174675,0.00016886326478537364
2023-09-11,0.0,-0.0005459657644007451,-0.0004341625075393026,0.0,-0.0,0.0,0.0,0.0,-0.0007571946274185034,-0.00015413204317151172,0.0019131804377923581,0.00035703631286220693,0.0004817907762664454,-0.0002755422545234093,-8.797244047816401e-05
2023-09-12,-0.0,0.0009213203588562737,-0.00034204113485956277,-0.0,-0.0,-0.0,-0.0,-0.0,-0.00034861341998832375,0.0072486199791592446,0.0004288771724170938,-0.0007135820870101516,-0.0005375561106564091,0.0011579407143586854,0.0001771932599676701
2023-09-13,-0.0,-0.0006423878847208854,0.0006806590643066671,0.0,0.0,0.0010358383542207192,-0.0,-0.0,0.00019337396798686018,0.0,0.0,0.0,9.608044192682028e-05,-5.844151560494424e-05,-0.00016806756232633466
2023-09-14,0.0,-0.0003912522186965058,0.000105418087498637,0.0,-0.0,-0.00012661440040180721,-0.0,0.0,5.169294851755245e-05,0.0008071128691737594,0.0,0.0,0.0007476069623935273,-0.0007512075288140265,-4.764126960658396e-05
2023-09-15,-0.0,0.001267783041001973,-0.0018788321471436135,-0.0,-0.0,-0.0021528694311158886,-0.0,-0.0,0.0010320418650664111,0.00010985635214226431,-0.0,-0.0,-0.0011040577893540562,0.002221683671827285,-0.00022825933430648627
2023-09-18,0.0,0.00017594970225912596,7.511439283998111e-05,-0.0,0.0,0.0003326090414025536,0.0,0.0,-0.00014498494408283924,-0.0007518273617522913,-0.0,0.0,5.0648973378761166e-05,-0.0003148695362583001,-2.1641447566369317e-07
2023-09-19,0.0,6.233751244594566e-05,-0.0005098002695119035,-0.0,-0.0,0.0008630615267797208,0.0,-0.0,0.0022201952115754524,0.00024891152837107345,-0.0,0.0,-0.0002099584204796675,5.8412937224011875e-05,4.279773594888453e-05
2023-09-20,-0.0,0.0012134499649807716,-0.0014938318836172399,-0.0,-0.0,-0.0005485126519075888,-0.0,-0.0,-0.0,4.431838616693075e-05,-0.0,-0.0,-0.0007249539365845529,0.001718755733398182,0.0008288128453564443
2023-09-21,-0.0,-0.0,-0.0014678674980838414,-0.0,-0.0,-0.00208669269447303,-0.0,-0.0,-0.0,-0.0015475819268591642,-0.0,-0.0,-0.0014762040369546217,0.0022148937905668467,0.0011683211023610683
2023-09-22,0.0,-0.0,0.0007176954040592152,0.0,0.0,-9.544403840930918e-05,-0.0,0.0,-0.0,-0.00018310008560306463,-0.0,-0.0,-0.0001443348246978789,-0.00029258478185032643,-8.780967161178524e-06
2023-09-25,0.0,0.0,0.000730044460880849,0.0,0.0,-0.00012689123452675112,-0.0,-0.0,0.0,-0.0003358959855672759,0.0,0.0,0.0002787454192552259,-0.0004312031487076739,-0.00032387387792601847
2023-09-26,-0.0,-0.0,-0.00036965449531829427,-0.0,-0.0,-0.0005206845364412068,-0.0,-0.0,-0.0,-0.0016044157275750257,-0.0,-0.0,-0.0010659368751841983,0.002407330716511966,0.001107724818849297
2023-09-27,-0.0,0.0,0.0006601264422612774,0.0,0.0,-0.0003667376933185848,0.0,0.0,0.0,-0.00012410507564896778,-0.0,-5.694401121660874e-05,3.5828398396353643e-05,-9.158095071559029e-05,-0.00029092337106376387
2023-09-28,0.0,0.0,0.0007258446483234302,0.0,0.0,0.00020550626088973304,0.0,0.0,0.0,0.0007259225103400064,0.0,-0.0002994681587183699,0.0005184638976681228,-0.0003830804161056523,-0.0010810230033303405
2023-09-29,0.0,0.0,0.00047351026034281774,-0.0,-2.9185719283779032e-05,0.0005154938866911777,-0.0,-0.0,0.0,-0.00010845479802835568,-0.0,2.514932464214053e-05,-0.00010096995557050238,-7.60064577561279e-05,-4.3305539472227516e-05
2023-10-02,0.0,0.0,0.0014534161822247669,0.0,-0.00021835155279769787,0.0010892451360415831,0.0,0.0,-0.0,0.00037153912198877167,0.0,-0.00029470865356107985,-1.788909649826584e-05,-0.00027206659459734365,-0.0004842186522673075
2023-10-03,-0.0,-0.0,-0.0014327303310517146,-0.0,0.0015688525762328452,-0.0013714678671847694,-0.0,-0.0,0.0,-0.0010368216988030892,-0.0,0.0008512185407488601,-0.0007449641878129789,0.0004911987703224319,0.0011163497053812833
2023-10-04,0.0,0.0,0.0005984675939455595,0.0,-0.0019546941745556103,0.0011107775551266914,0.0,-0.0,0.0,0.0012098888999870032,-0.0,-0.00022841230002279634,0.0003422957602719881,-0.00040344360928529997,-0.0007434315089543332
2023-10-05,0.0,0.0,0.0007291995487898601,0.0,0.0005604464900883847,-0.00019133046171310357,0.0,-0.0,-0.0,0.0005895254665108132,-0.0,-0.0,-2.006303650158712e-05,-0.0001429853776800154,4.1150939096775865e-05
2023-10-06,0.0,0.0,0.001187452160366777,0.0,-0.0020607246759879105,0.0009817019090812517,0.0,0.0,0.0,0.0007374967657338478,0.0,0.0,0.000560512057148565,-0.002117691554947487,-5.525046510391503e-05
2023-10-09,0.0,0.0,-0.0005371612052816682,0.0,0.00012604460248595006,0.0,-0.0,0.00043774145664986826,-0.0,0.00016342850940006607,0.0,-0.0,-3.824841033426192e-05,-0.000538386391472753,0.00032917864285598525
2023-10-10,-0.0,-0.0,0.0005764796869932619,0.0,-0.0009445599911113884,0.0,-0.0,-4.6386495580455375e-05,0.0,-0.00027723563278234375,0.0,0.0,-2.1673320552411045e-05,-0.0001584877678067305,0.0003445579809822301
2023-10-11,0.0,0.0,0.0010885488894921446,0.0,0.00032210676463106914,0.0,-0.0,-0.0001952945847482208,0.0,-3.1912469740722294e-05,-0.0,-0.0,1.2166769021820284e-06,-0.0009994021606047315,0.00045730017981942856
2023-10-12,0.0,-0.0,0.00014826519381398514,0.0,0.0,0.0,-0.0,0.00017672793024598192,-0.0,-0.00024228618837888362,0.0,-0.0,-0.00024394528948273352,-0.00011623900675473235,6.789738196444413e-05
2023-10-13,-0.0,-0.0,-0.0016060944083867543,-0.0,-0.0,-0.0,-0.0,-7.4335639040539e-05,-0.0,-0.0003956590392204047,-0.0,-0.0007311259433770964,-0.00016006035130606725,0.002589598247776072,-0.00011012041653200765
2023-10-16,-0.0,0.0,0.000692483435389104,0.0,0.0,0.0,0.0,0.00036134688912163864,0.0,0.00021202096666549038,0.0,0.0005048080658705271,0.0003873739894345064,-0.001689069023821979,2.1324995162276042e-05
2023-10-17,-0.0,-0.0,-0.002396246747178492,-0.0,-0.0,0.0,0.0,-0.00020351554462177715,-0.0,0.0001515500586184126,0.0,-1.296344316310714e-05,-1.9759549174106937e-06,0.0007997949276780223,2.4976229515899575e-05
2023-10-18,-0.0,-0.0,-0.0020227059743712764,0.0,-0.0,-0.0,-0.0,-0.00015783134449985991,-0.0,-0.0003635710252838993,-0.0,-0.0007971940958615462,-0.0007636189506408407,0.001758564285530799,0.0002499237294212008
2023-10-19,-0.0,0.0,-0.0,-0.0,0.0,-0.0,0.0,-0.00042020977555394073,0.0,4.1553167357679595e-05,0.0,-0.00029066008659498865,0.00040515211045628923,0.0008717814142659416,-0.0009007286141097405
2023-10-20,-0.0,-0.0,-0.0,-0.0,-0.0,-0.0,0.0011139885613197368,-0.0003670604720305867,-0.0,-0.0030886643778469066,-0.0,-0.0010477370816370476,0.00019517139549921693,0.0017035516474567366,-0.0008188435031353996
2023-10-23,0.0,0.0,0.0,0.0,-0.0,-0.0,0.0004263945196302483,-0.0006943895490651547,-0.0,0.0008807585044372803,0.0,-0.0005065830570685634,6.184608176405479e-05,-0.0001253091794910982,0.000221455483732559
2023-10-24,0.0,0.0,0.0,0.0,0.0,-0.0,0.0,0.0007699040055560831,0.0,-0.00022237298570490323,0.0,0.00020461084344281863,-0.0004389640625661954,-0.0008294187880290445,0.0006269903053227103
2023-10-25,0.0006791768676566814,0.0,-0.0,-0.0,-0.0,-0.0,-0.0,-0.000578699183635912,-0.0,-0.0008649973829778992,-0.0,-0.0017770565601000054,0.00044143511660785294,0.0002929593538903295,0.0005336333462168207
2023-10-26,-0.0,-0.0,-0.0,-0.0,-0.0,-0.0,-0.0,-0.0009926123423909998,-0.00047437234169456504,-0.000510334906513774,0.0,0.0,0.0003507824702472203,0.00096666829837725,0.0007962597473604785
2023-10-27,0.0,-0.00029192723949729253,0.0,0.0,0.0,-0.0,0.0,0.0,0.004440176902344771,0.0002929647390418285,0.0,-0.0,-1.2133321199457486e-05,5.044773749775838e-05,-0.00032399022097706414
2023-10-30,0.0,-0.0011242828876873827,0.0,0.0,-0.0,0.0,0.0,0.0,0.0,0.0003257019017945104,-0.0006393292574684814,-0.0,-7.787084731468209e-05,-0.0003162980628107697,0.0005897077667807822
2023-10-31,0.0,0.0,-0.0,0.0,0.0,0.0,0.0,0.0,0.0,0.0008534710999986609,-0.000535011100361961,0.0,-1.0190697314134993e-05,-0.0005603017905232448,0.00031673084158837796
2023-11-01,0.0,0.0,0.0,0.0,0.0,0.0,0.0,0.0,-0.0010706466801141804,0.0011236427926029288,-0.0008641292031952146,0.0,-0.0003002204266746366,-0.0021996826447207517,0.002906750593405444
2023-11-02,0.0,0.0,0.0,0.0,9.728080152169316e-05,0.0,0.0,0.0,-0.0005467450131617904,0.0005267662305209071,-0.002835370743480086,0.0,-0.0011132288946638694,-0.0015236944223591899,0.00434291776770214
2023-11-03,-0.0,0.0,0.0,0.0,-0.002008630686419131,0.0,-0.0,0.0,-0.0005801752859153959,0.0005490470208044788,-0.0009118793774890397,0.0,-0.0004905668769497573,-0.0009466117994512982,0.002801113972551946
2023-11-06,0.0,0.0,0.0,-0.0,0.00022321465643427468,0.0,-0.0,0.0,0.0002497048165317027,0.0004881232357056246,0.0,-0.0,-0.00016428764342437893,-0.0005793696351611708,0.0008551301093009662
2023-11-07,0.0,0.0,0.0,0.0,-0.0007548988866086309,0.0,0.0,-0.0,-0.0010688623920599425,-5.502063828935742e-05,0.0,-0.0,-0.0001991602170331425,-0.001001324469115552,0.001995065092072729
2023-11-08,0.0,0.0,0.0,0.0,-6.166315087397837e-05,0.0,-0.0,-0.0,0.0011084037148008394,0.0015092416376128813,-0.0,-0.0,-5.1897912150015785e-05,-0.0005550743870586416,0.00014030433263261823
2023-11-09,-0.0,-0.0,0.0,0.0,4.4037346514135425e-05,-0.0,-0.0,-0.0,-0.0,-6.681217866434765e-05,0.0,-0.0,0.00024824037897679916,0.0003755582391438194,-0.000979962469505402
2023-11-10,0.0,0.0,0.0,0.0,-0.002197871933182816,0.0,0.0,0.0,0.0,0.00039511859334813345,0.0,0.0,-0.0004964087646368878,-0.0020346036162875217,0.0027705985428005887
2023-11-13,-0.0,-0.0,0.0,0.0005560717872857777,0.0007647357843114893,-0.0,0.0,-0.0,-0.0,0.00047531385143253927,-0.0,-0.0,8.710152762126781e-05,0.0003428607677017258,-0.0006305321688883859
2023-11-14,0.0,0.0,0.0,-0.001355889927620004,-0.0013056896078994195,0.0,0.0,0.0,0.0,0.0008469257864020573,0.0,0.0,-0.001834903144101296,-0.0010415435831196591,0.00425415068653767
2023-11-15,0.0,-0.0,-0.0,-0.00012523359520762693,0.000790330899139884,-0.0,-0.0,0.0,0.0,-0.0008863631487726477,0.0,0.0,-0.00018123989347775254,-7.106053734817744e-05,0.0001459313303073894
2023-11-16,0.0,0.0,0.0,0.0008191609355848008,0.0,0.0005637414922583917,0.0,-0.0,0.0,0.00026669061609101196,-0.0,0.0,-3.7446349158780576e-05,-0.0005656050032258726,7.625659637695735e-05
2023-11-17,-0.0,-0.0,-0.0,-0.0009384566867796129,0.0,4.980410797603992e-05,-0.0,-0.0,-0.0005277699299628124,0.00029996177432129725,0.0,0.0,-9.86470159179362e-05,0.0002755273951712659,4.28863046038534e-05
2023-11-20,0.0,0.0,0.0,-0.0009111246114728172,0.0,0.000826111472784152,0.0,0.0,-0.0010502927118088248,0.0006716133353203174,0.0,0.0,-0.0005996940251362414,-0.001937325059843562,0.0022365449035983234
2023-11-21,-0.0,-0.0,-0.0,0.000733986907248526,-0.0,-0.00013974136530296618,-0.0,-0.0,0.0012446897548556764,-0.0003605165833556417,-0.0,-0.0,0.0001623022399157658,0.0010453156143690229,-0.0010368248226109498
2023-11-22,0.0,0.0,-0.0,0.0004710253961947574,0.0,0.000709358535127081,-0.0,0.0,-3.436032662997229e-05,6.887053430475383e-05,0.0,0.0,-0.0003153930378828003,-0.000546357078178512,0.0007310402024522186
2023-11-24,-0.0,-0.0,-0.0,0.0,-0.0,-2.340313967594619e-05,0.0,0.0,-0.0003309381018975475,4.301260271910426e-06,0.0,-0.0,-1.756867426644846e-05,0.0002569636760594213,-0.00013776934325051258
2023-11-27,-0.0,0.0,0.0,-0.0,0.0,-1.291676765075468e-05,0.0,-0.0,-0.00013630176546193117,0.0,0.0,-0.0,7.844493594280535e-05,2.804405287953148e-06,-6.263150686161311e-05
2023-11-28,0.0,0.0,-0.0,-0.0,-0.0,0.0003259332797928323,0.0,-0.0,-0.00016985635177880218,-0.0,-0.0,0.0,-4.610608035831723e-05,-9.673650190787761e-05,0.00019227316963768093
2023-11-29,-0.0,-0.0,0.0,-0.0,0.0,-0.00047795577977497166,0.0,0.0,-0.0007962487438473937,-0.0,0.0,0.0,4.1115601789982066e-05,-4.6960749314978715e-05,-9.072598613667518e-05
2023-11-30,0.0,0.0,-0.0,-0.0,-0.0,-0.0005193794666069633,-0.00447161459883193,0.0,0.00026773825688300137,0.0,0.0,-0.0,-0.00013635378244799022,-8.326605354725646e-05,-0.0002634718335574732
2023-12-01,0.0,-0.0,-5.3455925640353524e-06,0.0,0.0,0.00011933179888654767,0.0,0.0,0.0010855243185450712,0.0,0.0,0.0,8.791665416006488e-05,-0.00015109229634702008,-4.037652482416825e-05
2023-12-04,-0.0,-0.0,-0.001360148892898184,-0.0,-0.0,-0.0006499520457520693,-0.0,-0.0,0.001614729707527917,-0.0,0.0,0.0,-2.1610865128233505e-05,0.0006585243525605052,0.00016655465483881443
2023-12-05,0.0,0.0,0.0011469289535753122,-0.0,-0.0,-0.00019390468293502839,0.0,-0.0,0.000510269054263832,-0.0,0.0,-0.0,-3.577372109580985e-07,-0.00029971985765190164,-4.7187676759824505e-05
2023-12-06,-0.0,-0.0,-0.0011546201625386484,-0.0005218127899688226,-0.0,-0.0005442821209561084,-0.0,-0.0,-0.0,-0.0,-0.0,-0.0,-0.00047659541972060404,0.0003881734135668617,0.0011989246646106548
2023-12-07,0.0,0.0,0.0011868221344123432,0.0010198064237937055,0.0,0.0010859884931020952,-0.0,0.0,0.0,0.0,0.0,0.0,0.0009006385226156858,-0.0006205290922022055,-0.002805924832306689
2023-12-08,0.0,0.0,0.0009670659157685447,0.0011808366402063953,-0.0002137668925200973,0.00010091979894625596,0.0,0.0,0.0,0.0,0.0,-0.0,0.00013787165094768082,-0.0005676013200977079,-0.0002166004089126837
2023-12-11,-0.0,-0.0,-0.0009338123183272927,0.004306601626065342,-0.002085138656790986,0.0012298124035856376,0.0,0.0,0.0,0.0,0.0,0.0,0.0001282926035994843,-0.0006586895013224302,-0.0003449215042260969
2023-12-12,0.0,0.000413048159507429,0.0010924875668255813,0.0,-0.001176438359706675,0.0006720467219558229,0.0,-0.0,-0.0,-0.0,0.0,-0.0,-1.764909163501803e-05,-0.0010253677900506583,0.0006769247115737255
2023-12-13,0.0,-1.3355592655199373e-06,0.00045015709569968474,-0.0008053014773847661,-0.00021029762691014204,-0.0007472792365897079,0.0,0.0,0.0,0.0010697169535930037,0.0,0.0,-0.001253977348313989,-0.0018439199112543943,0.002869773246837839
2023-12-14,0.0,-0.0011401277454513752,0.00027167780812212505,-0.0007649795420773043,6.87932329094322e-05,-0.003278533753250098,-0.0,-0.0,0.0,-0.0013183252621158264,0.0,0.0,-0.00029366661931565566,0.0005148792297370796,-0.0001958753369943861
2023-12-15,-0.0,0.000651598828872628,0.0005553327345625456,-0.001039733739588732,-0.0004149401407347532,0.0,0.0,0.0,0.0,0.0014782788666122932,0.0,4.1491318841154636e-05,0.0002922059183496495,-0.001184326778679882,0.001443551003472212
2023-12-18,-0.0,0.0002582803235702456,0.0011994472126804357,0.0,8.991191058008418e-05,0.0,0.0,0.0,-0.0,0.0008064690964941859,-0.0,0.0003630320060543521,0.00015969537855158432,-0.00018509610860449185,0.0007996685759566648
2023-12-19,0.0,8.177932136403547e-05,-0.0004745172601818443,-0.0,0.0,0.0,0.0,-0.0,0.0,0.0005917228823501399,0.0,-0.0003215062280253018,0.0006081594624939424,-0.0007696094506421797,0.00014532177636766836
2023-12-20,-0.0,-0.0003548974409560273,-0.0015280317222872242,-0.0,-0.0,-0.0,-0.0,-0.0,-0.0,-0.0009981320048772586,-0.0,0.0009949980704922732,-0.0014014787306839672,0.0030986360163485095,-0.00043929787295325694
2023-12-21,-0.0,0.0003923907474799155,0.0009052677227850987,0.0,0.0,0.0,0.0,-0.0,0.0,0.0008142649361430232,0.0,-0.0004909825891696532,0.0009069563030328594,-0.0023361108917376904,0.0004198354263722897
2023-12-22,-0.0,0.00013901522081234032,-0.00016356587884572163,-0.0,-0.0,-0.0,-0.0,0.0,0.0,0.0001603321188998474,0.0,-0.00042680456142401234,0.00018925069557126085,-0.0002741006781633246,5.710865748163843e-05
2023-12-26,-0.0,1.067748656025887e-05,0.0004576574369006764,0.0,0.0,-0.0,-0.0,0.0,0.0,-4.70831960421761e-06,0.0,-0.0007580148127762533,0.0003954253966110779,-0.0008817796015376393,0.0002477996827353666
2023-12-27,0.0,-7.880011781541753e-05,0.0001398233868978047,-0.0,0.0,-0.0,0.0,0.0,0.0,-0.00011785231496867923,0.0,-0.000122792717545514,0.00017080335594102364,1.111278597111526e-05,6.387890472846314e-05
2023-12-28,0.0,0.0001614734171799017,0.00010612603666862761,-0.0,0.0,-0.0,-0.0,0.0,-0.0,0.00014609558440727946,0.0,-0.00014287806777400902,3.5378122037344286e-05,-0.000253762492972601,-2.0313282072870266e-05
2023-12-29,-0.0,0.0001011553345073885,0.0,-0.0,0.0004558224498841292,0.0,-0.0,0.0,-0.0,-0.00038737911078339437,-0.0,0.00036822891311041216,-1.657598312692655e-05,0.0006507723597375161,-0.0007909926536321893
2024-01-02,-0.0,-0.0006921961910759842,-0.0,-0.0,0.0030885021929975727,-0.0,-0.0,-0.0,-0.0,-0.0006539784863350426,-0.0,0.0003532335426095884,0.0002479280221558152,0.005125409057220838,-0.00449189926046414
2024-01-03,-0.0003757891651764526,-0.0,-0.0,-0.0,0.0011902716143363842,-0.0,-0.0,0.0,-0.0,-0.0,-0.0,0.0007500140629746243,0.0003866575091638626,0.0007566224909832076,-0.0019404470584507812
2024-01-04,-0.0006390735897660618,-0.0,0.0,-0.0,-0.0002543034266077149,-0.0,-0.0,-0.0,-0.0,0.0,-0.0,-0.0,0.00029448090574527453,0.000312372640275921,-0.0007870352354403168
2024-01-05,-0.0002010523516491468,-0.0,-0.0011319294882163877,0.0,-0.0009359681877286719,-0.0,-0.0,0.0,0.0,0.0,0.0,0.0,-0.00018395626483733152,1.175829097847874e-05,0.0002892026189770424
2024-01-08,0.0011943633821200608,0.0,-0.0031149686163569855,0.0,-0.0026695481426505224,0.0,0.0,0.0,0.0,0.0,0.0,0.0,-0.0019138960690198942,-0.0010797589644825612,0.004996120868350645
2024-01-09,-0.00011329921222388972,0.0,-0.0008416317433527653,0.0,-0.0010425506325497816,0.0,0.0,-0.0,-0.0,-0.0,0.00030833311534435607,0.0,0.00022268387840985028,-4.9077600775662425e-05,0.00039210662917250536
2024-01-10,0.0002827681034447916,0.0,-0.0011257336617775528,-0.0,0.00024177347310455058,0.0,0.0,0.0,-0.0,0.0,-0.00020773668851027587,-0.0,-0.000861658674528818,-0.0002605692264156555,0.0013687832541655711
2024-01-11,-0.00016138590588738613,0.0,-0.0004323479838660082,0.0,0.00017534412359149798,0.0,0.0,0.0,0.0,0.0,-0.00010059642683407812,-0.0,6.74765039944238e-05,-0.00014963285693928529,0.00042021271169737697
2024-01-12,8.88267036666533e-05,0.0,-0.0,0.0,-0.0,-0.0,0.0,-0.0,-0.0,0.0,0.00041901187095189416,-0.0,-1.21731562611087e-05,-0.00014214119051777466,-1.1537448023466882e-05
2024-01-16,-0.0006196805066229099,0.0,0.0,0.0,0.0,0.0,-0.0,0.0,-0.0,-0.0,0.00032703088289956944,-0.0,5.883899792601332e-05,-0.00011515499579318091,2.138273082197952e-06
2024-01-17,-0.0,-0.0,-0.0,-0.0,-0.0004484053758737552,-0.0,0.0,-0.0,-0.0,-0.0,-0.0006418573380340416,-0.0,0.0007139858061066268,-7.385995611152274e-05,-0.0006064734208160367
2024-01-18,0.0,0.0,0.0,0.0,-0.0007743928799078723,-0.0,0.0,0.0,0.0,0.0,0.0020979149792723487,0.0,-0.0011624760774779622,0.00031558157827105983,0.0015138105870946843
2024-01-19,0.0007706825558387732,0.0,0.0,0.0,-0.003432632832822589,0.0,0.0,0.0,0.0014860404566711324,0.0,0.0022442791618088732,0.0,-0.0007483318823504826,-0.0013443626044098288,0.0007119132186631941
2024-01-22,0.000604495623425255,-0.0,0.0,0.0,0.001767071551503096,-0.0,-0.0,-0.00029171611336291646,7.263672544450998e-05,0.0,0.0,0.0,-9.933007054373605e-05,-0.00034452337446228,0.00015865778378202914
2024-01-23,0.00033156108852006993,0.0,0.0,0.0,-7.130125985471368e-05,-0.0,-0.0,-0.00018387710648888294,0.0006899501918764574,0.0,0.0,-0.0,-0.00014956015272856523,-0.0003461673847079751,0.0005491259655551462
2024-01-24,-0.00017450233274070605,0.0,0.0,0.0,-0.002847528922241634,0.0,0.0,0.0004365992619385902,0.0002041235739703455,0.0,0.0,-0.0,-8.582139831479134e-05,-0.001022531266700691,0.0012600196994800516
2024-01-25,-8.490495260693616e-05,0.0,0.0,-0.0,-0.0005688533836250737,0.0,0.0,-0.0009842077715121569,0.00046634563530178206,0.0,0.0,-0.0,-0.00048688316522321913,-0.0006302084912951686,0.00029207442980355524
2024-01-26,-0.0,-0.0,-0.0,-0.0,0.0008613670153471764,-0.0,0.0,0.00018187059393804094,-0.006338948924519291,-0.0,-0.0,-0.0,0.00014406830607846568,0.0009922654915713064,-0.0013288900716971774
2024-01-29,-0.0,0.0,0.0,0.0,-0.00016334361716662131,0.0,0.0,-0.00014363698473417736,0.0,0.0003896862844428315,-0.00035957006740538366,0.0,-0.001005905543274715,-0.000197919623976824,0.001981842321356202
2024-01-30,-0.0,-0.0,0.0,-0.0,0.001649239228118363,-0.0,-0.0,4.783316159317851e-05,-0.0,-0.00017989576687606017,-0.0012381391728229585,-0.0,0.00010899726976362009,0.0002532413740289759,-0.0014158612521120526
2024-01-31,-0.0,-0.0,-0.0,-0.0,0.0012863108217091967,-0.0,-0.0,0.00201159720149497,0.0,0.0010892133546712933,0.0,-0.0,0.0018419346323934852,-7.476371061601383e-06,-0.004066169553243358
2024-02-01,0.0,0.0,0.0,0.0,-0.0008250475515671741,0.0,0.0,-0.0,0.0,-0.0016856765209886046,-0.0,-0.0,-0.0011618642374850842,-8.579906992552058e-06,0.0023380268697692002
2024-02-02,-0.0,0.0,0.0,0.0,-0.002062681177559666,0.0,0.0,-0.0,-0.0,-0.00011239845646271972,0.00020509222532329557,-0.0,-0.0003440732095456511,-0.0001852188190820415,0.002375241037657448
2024-02-05,0.0,0.0006818816124690758,0.0,0.0,0.0009747672953370526,-0.0,0.0,-0.0,0.0,-0.00025842076648516465,0.0008190019317411599,-9.430999338062107e-05,0.0003643908820026137,0.00010950017432752013,-0.0001118092560297585
2024-02-06,0.0,-0.0,-0.0,-0.0,-0.0,-0.0,-0.0,0.0,-0.0,0.00047045968394358504,2.429458972588501e-05,-0.00016705030195178532,0.00015302655589243132,-0.00011518244205702409,0.00022247058197722206
2024-02-07,0.0,0.0,0.0,0.0,0.0,0.0,0.0,-0.0,0.0,-0.00084707705989799,0.0006172705039163835,0.00012612732928927927,0.00035577886361482923,7.826993506963918e-05,-0.0008403092229271242
2024-02-08,-0.0,0.0,-0.0,0.0,-0.0,0.0,0.0,0.0,-0.0,0.0002521911736726168,0.000778741895235341,0.0004514420284601424,2.0306092245838198e-05,2.2910420025689176e-05,-0.00015596697159128944
2024-02-09,0.0,0.0,0.0,0.0,0.0,0.0,-0.0,0.0,0.0,1.714383695863342e-05,0.0009426042913206758,0.0006788486534477266,0.0002810478844104592,0.0001210869739131523,-0.0008181675071928025
2024-02-12,-0.0,-0.0,0.0,-0.0,-0.0,-0.0,-0.0,-0.0,0.0,0.00034411698114708946,0.0006905732924356807,-0.0004080645872162044,-2.1903791276309493e-05,-6.464019683857997e-05,0.00032925535115334764
2024-02-13,-0.0,-0.0,-0.0,-0.0,-0.0,-0.0,-0.001085412123419501,-0.0,-0.0,0.0009411222424280503,-0.0,-0.001330560067328321,0.0007963194921961768,0.000699051195215337,-0.0006400221708854554
2024-02-14,-0.0,0.0,0.0,0.0,0.0,0.0,0.0014028624933008305,0.0,0.0,-0.0002544534753735614,0.0,0.00032409874534741913,-0.0005277822186465407,-0.00041421582845399573,0.00041823965001100416
2024-02-15,-0.0,-0.0,-0.0,0.0,-0.0,-0.0,0.000480135854910228,-0.0,-0.0,0.0006518767458640217,0.0,0.0008914794508671558,-0.0004135265294298122,8.505302044565018e-05,0.00011760761469018699
2024-02-16,-0.0,-0.0,-0.0,-0.0,-0.0,-0.0,-0.00038166811876532726,-0.0,-0.0,-0.0,-0.0,-0.00010277495910480553,0.0004945002331814156,0.0008057635670374594,-0.0007898079929569354
2024-02-20,-0.0,-0.0,-0.0,-0.0,-0.0,-0.0,-0.000578021052566848,-0.0,0.0,-0.0,-0.0,0.0007303917944814326,0.0005476903162477359,0.0008987284531165042,-0.0006637832524981769
2024-02-21,0.0,-0.0,-0.0,0.0,-0.0,-0.0,-0.0004983021907875685,0.0,-0.0,-0.0,0.0,0.0004100139247806963,-8.793471447374751e-05,0.0005259625025168,-0.00033478892380088825
2024-02-22,0.0,0.0,0.0,0.0,0.0,-0.0,0.0017500053754245768,0.0,-0.0,0.0,0.0,0.0,-0.001370318571132305,-0.0027791330866436966,0.0028509861758656595
2024-02-23,-0.0,-0.0,0.0,-0.0,-0.0,0.0,-0.00014493999406860363,0.0,0.0,0.0,0.0,-0.0,-4.608246534148122e-05,0.00020132902592483393,-0.00029203154483936963
2024-02-26,-0.0,-0.0,0.0,0.0,-0.0,0.0,0.0012795924150332233,-0.0,0.0,-0.0,0.0,0.0,0.00023780388296289393,-8.233314034323603e-05,-5.0288238990816066e-05
2024-02-27,0.0,-0.0,-0.0,-0.0,0.0,-0.0,-0.0001483606416158523,-0.0,-0.0,0.0,0.0,0.0,-0.0001058648306642022,-7.527672136737407e-05,0.00022145608185613312
2024-02-28,-0.0,0.0,-0.0,-0.0,-0.0,-0.0,4.505481974225936e-05,-0.0,-0.0,0.0,-0.0,-0.0,7.541324881652387e-05,0.0003931774291235053,-0.00047349139763300127
2024-02-29,-0.0,0.0,0.0,0.0,0.0,0.0,0.0014871534471184462,0.0,0.0,0.0,0.0,0.0,-1.718567724641618e-05,-0.0003625257232826471,-4.758658184659419e-05
2024-03-01,-0.0,0.0,0.0,0.0,-0.0025589509976087776,0.0,0.0,0.0,0.0,0.0,0.0,0.0,-0.0013779271154159525,-0.00047298450865294954,0.0034290175968929425
2024-03-04,-0.0,-0.0,0.0,-0.00011030085538908923,-0.0006666765434732695,-0.0,-0.0,0.0007485016228985419,0.0,0.0,0.0,0.0,0.0002462418843979966,-0.0,-0.001204437481613969
2024-03-05,-0.0,-0.0,0.0,0.002168273548671002,5.6030603441976445e-05,-0.0,-0.0,-0.00018352386020187175,-0.0,-0.0,-0.0,-0.0,0.0022949636403248952,0.0001531533655544243,-0.005704568444359086
2024-03-06,-0.0,-0.0,0.0,-0.00026924213234531374,-0.0013229557601610856,-0.0,0.0,0.00022421562236642933,0.0,0.0,0.0,0.0,-0.0011549655494678217,-0.00015504169531617047,0.0020344037892737303
2024-03-07,-0.0,0.0,0.0,-0.0020681146488598593,-0.00017772109419670148,0.0,-0.0,-0.0002753142471510784,0.0,0.0,-0.0022791408029636086,0.0,-0.0026338879465900643,0.000480491034119037,0.004990618597878334
2024-03-08,0.0,-0.0,-0.0,0.00362086625618782,0.0009528191477958972,-0.0,0.0004706304287699301,0.0006097636546909104,-0.0,-0.0,0.0014873024727398625,-0.0,0.001527354426530988,5.745964698139054e-05,-0.004562991042604765
2024-03-11,0.0,-0.0,-0.0,-0.0,0.002218314413530133,0.0,0.00011778568462294918,0.0,0.0,0.0,-0.0001609647560684376,0.0,0.0001318699538659559,-1.8601992656220586e-05,-0.0006579914949528622
2024-03-12,0.0,0.0,0.0,-0.0,-0.0010894111624733986,0.0,0.00010120469649637341,-0.0,0.0,0.0,-0.0005694425291266983,0.0,-0.0017465412744475882,-0.00010514185401561092,0.0028292547727888405
2024-03-13,-0.0,-0.0,-0.0,-0.0013339353742102536,0.002005047920782176,-0.0,-0.0003173575188860382,0.0,-0.0,0.0007982466231174221,0.0011188501782149888,-0.0,9.524708171065291e-05,-0.000827613221373915,-8.777621759286503e-05
2024-03-14,0.0,0.0,-0.0,0.00017459365236975009,-0.0,-0.0,-0.00022368458359263256,-0.0,-0.0,0.0,0.00023689709699111798,-0.0,-3.664486897232481e-05,3.321480720966347e-07,0.00022274557152811346
2024-03-15,-0.0,0.0010456157861585737,-0.0,-0.0010717970453280503,0.0,-0.0,-0.001504338349466284,-0.0,-0.0,0.0,0.00037241346009803073,0.0,-0.00022132150296922475,-0.00037265377459203404,0.0009695531934926904
2024-03-18,0.0,-0.00010794736363601952,0.0,7.036729648852008e-05,-0.0,0.0021268807887125053,0.001038972222418675,0.0,0.0,0.0,8.380224636247112e-05,-0.0,-0.00013053895692061087,-0.00026443061995395033,0.00012780932605928279
2024-03-19,0.0,-0.00048764589555798127,0.0,3.110796989547479e-05,-0.0,0.0007081901880009297,0.00015615668218159958,-0.0,-0.0,0.0,0.0008519328813653385,-0.0,-3.9999151441187384e-05,-0.0002252846865764975,-0.00010045818729148159
2024-03-20,0.0,-0.0004511983750450604,0.0,0.0015112466574195246,-0.0,-0.00019705311327923786,0.0007621170378264055,0.0,0.0,0.0,0.0,0.0,0.0006749665965743086,-0.0008559474818679345,-0.0011698559317498177
2024-03-21,-0.0,-0.000484440953218867,0.0,0.0027445913783758612,-0.0002929614140012617,-0.000765744447566084,0.00037593550249928983,0.0,0.0,-0.0,0.0,0.0,0.000935161142122192,-3.1001717687134694e-05,-0.0016798522153995165
2024-03-22,0.0,7.341717416085573e-05,0.0,0.0,0.00027070085378049554,-0.0011605535014972126,-0.00010062324870987739,-0.0,0.0,-0.0,-0.0,-0.0,-0.00035301870772202007,-1.568995076538499e-05,-0.0002439011058803496
2024-03-25,-0.0,0.0006904759798133401,0.0,-0.0,-0.00028469430493673607,0.0007658456155871808,-0.0002785794802420423,-0.0,-0.0,-0.0,-0.0,-0.0,-0.00046897573577932397,0.00036405338741801144,0.0007034280424716209
2024-03-26,-0.0,0.00014327844880361454,-0.0,-0.0,-0.00021318405367035505,3.645931007109109e-05,-3.758845721162302e-05,-0.0,0.0,0.0,-0.0,-0.0,-0.00032550482573493454,0.00020416547585415005,0.0006578347005732292
2024-03-27,0.0,2.6094795866765958e-05,-0.0,-0.0,0.0004811764321629516,-0.0003162065874734112,-0.000732873251432471,0.0,0.0,-0.0,0.0,0.0,0.0014875990977123868,-0.00023750607286884953,-0.0007034477265253878
2024-03-28,-0.0,-0.0,0.0,0.0,0.0002499449772755956,1.982160580964384e-05,-3.3191716566744385e-05,0.0,0.0,0.0,0.0,0.0,-2.882362921417146e-05,0.0001671324527669414,0.00035230156592872653
2024-04-01,-0.0,0.0,0.0,0.0,0.000783348897873629,-0.0002493324857977644,0.0001789740741650641,0.0,0.0,-0.0,0.0,-0.0,-0.0002632340410271358,-0.00022034057542794468,-0.00039992753030815834
2024-04-02,-0.0,-0.0,-0.0,-0.0,-0.001281696518412355,-0.0002876268792570574,0.00028700636321235735,-0.0,0.0006556729725439941,-0.0,-0.0,-0.0,-0.0006861216253719379,-0.00027815922426176887,0.0020611927919557756
2024-04-03,0.0,-0.0,-0.0,0.0,0.0005758541410690323,-0.0002208351143652669,0.0001215626317493457,-0.0,0.004286472903559369,0.0,0.0,-0.0,0.00011914444374069836,7.111896265523154e-05,-0.0005286272970303127
2024-04-04,-0.0,-0.0,-0.0,-0.0,-0.004313116888037778,-0.0010060088175711504,-0.0017701554784520551,-0.0,-0.0,-0.0,-0.0,-0.0,-0.0018269317182303794,0.0013820483321536645,0.0027454034031436157
2024-04-05,0.0,0.0,0.0,0.0,0.0013651405586901262,-0.00020468436265902966,0.0013036557621448725,0.0,-0.0,0.0,0.0,-0.0,0.0013548625290566144,-0.000868314114740693,-0.002152611966111403
2024-04-08,-0.0,0.00010939765101024388,-0.0,-0.0,-0.0001527974860961799,-8.66515587206334e-05,-2.981909835913566e-05,-0.0,-0.0,-0.0,0.0,0.0,7.910425482484895e-05,5.439597911319529e-05,-5.508637834750041e-05
2024-04-09,0.0,-0.00019862049694491268,-0.0,-0.0,0.000258307490078688,0.0008466363231074301,0.00010594276435069441,0.0,0.0,-0.0,0.0,0.0,0.00016151066987494145,-0.00024647577727891903,-0.0006789655256441649
2024-04-10,-0.0,0.00035548799602239063,0.00097744900411255,-0.0,-0.0010772196953085051,-0.0,-0.00045682139728302055,-0.0,-0.0,-0.0,-0.0,-0.0,-0.0025171234111535127,-9.683018639633704e-05,0.0031264933497473562
2024-04-11,0.0,-0.0005486491685815505,0.002013725191368346,0.0,0.0,-0.0,-7.849426265974588e-05,0.0,0.0005746421663122471,0.0,0.0,0.0,0.0010914116196801443,-0.0025136350369489003,-0.0014066277020363081
2024-04-12,-0.0004294801570389518,0.000709565583682286,-0.001359128882168093,-0.0,-0.0,-0.0,-0.0008138754519760993,-0.0,-0.002646553355163841,-0.0,-0.0,-0.0,-0.0021618780264782236,0.0009790274699605366,0.002311875770346388
2024-04-15,0.0011053021388908403,0.0009886144406759353,-0.0012544648081084847,-0.0,-0.0,-0.0,-0.0037781091541112992,-0.0,0.0008611323962087725,-0.0,-0.0,0.0,-0.0017185127708791114,0.001006158683755015,0.002415030126209476
2024-04-16,0.0009676684051562871,-0.00011349646272954655,0.0008153984278365628,0.0,0.0,0.0,0.0008195564271682055,-0.0,-6.889900497696745e-05,0.0,-0.0,0.0,-0.000256758332004226,-8.984397549932414e-05,-1.178538626175351e-05
2024-04-17,0.0004090366045097013,0.00033155175818017004,-0.001971675696054118,-0.0,-0.0,-0.0,-0.00019684709296442736,-0.0,-0.0008062448807448241,-0.0,-0.0,-0.0,-0.0008863339894761467,0.0011534546130880872,0.0015842425733509395
2024-04-18,0.0002865337354492548,0.0009275976419585793,0.00037698897072756656,-0.0,0.0,-0.0,-0.0008025854505253895,0.0,-0.0009050020821808995,-0.0,-0.0,-0.0,-0.0003034079533468487,0.0009682667988878821,0.0006993176411332192
2024-04-19,0.0006143915396846627,0.0006410424007904165,-0.0052705847725240335,-0.0,-0.0,-0.0,-0.00028582570598295674,-0.0002177748957598588,-0.0012132310999815547,-0.0,-0.0,-0.0,-0.0017802990250771382,0.0011514050505495317,0.0036970272007132905
2024-04-22,-0.0002538997113471742,-0.00022997740774607044,0.002131097421699808,0.0,0.0,0.0,0.000632152196434704,0.00018660606358168107,0.0003060787870414838,-0.0,0.0,0.0,0.002066415300179598,-0.0003829617045046673,-0.002107016023154259
2024-04-23,-0.00031856812701325904,0.0,0.0017940556526973705,0.0,0.0,0.0,0.0005213584267744205,-0.000186606063581682,-0.00018925630399050394,0.0,0.0,0.0,0.002394144189377145,-0.0010422219180749744,-0.0030204990725679836
2024-04-24,-0.0006311110224273411,0.0,-0.0016941781107706365,0.0,-0.0,0.0,-8.862845303568196e-05,-3.103341363719034e-05,0.00031986151538675254,0.0,0.0,0.0,-9.08316172976486e-05,-0.0001723497453323829,-0.0007702810021790881
2024-04-25,-0.0002567058838743426,-0.0,0.0018208026369600486,0.0,0.0,0.0003871421462237055,-0.0005552275210695939,0.00025920223937939217,0.0008763333071513431,-0.0,-0.0,-0.00012569280458035018,-0.0006574429855833871,-0.00012523884798032665,0.0011761169732315165
2024-04-26,0.0001739439827366773,0.0,0.0029961946429383265,0.0,0.0,-0.00043323089126439963,0.00021007282970832912,0.0002501047315744116,-0.004825356812916327,0.0,0.0,-0.0006322200298004588,0.0018125177396326106,0.0004567512365425181,-0.003649940184880917
2024-04-29,-0.0012252655123912131,-0.0,1.2536184051258743e-05,-0.0,0.0,0.00047232186957911633,0.0002636225949519026,8.364702912818726e-05,-0.0008222829219903578,-0.0,0.001057197600100252,-0.0005073340048313699,0.0007068438305452348,-0.00014877793001588207,-0.000832888598773012
2024-04-30,-0.0,-0.0,-0.0007780403776940139,-0.0,-0.0,0.001094177652467996,-0.0012485043173879522,0.000844258133344844,-0.0014395301242294762,-0.0,-0.0009998840889530803,0.0008068545388357512,-0.00247161981570273,0.002081684660990314,0.0025183112959568693
2024-05-01,-0.0,0.000715327079479384,-0.0019838180977982075,-0.0,-0.0,-0.0007037081680836917,-4.650038465469513e-05,-0.0,-0.0001643656969980116,0.0,-0.0005273415350762403,0.00034696686641649154,-0.0003122935778972244,0.0013832118707321965,0.0006973780705637814
2024-05-02,0.0,0.0,0.0016441330165793144,-0.0,0.0,-0.0007590318709496949,0.0006360797296166232,-0.0,0.00022996098354604802,0.0,0.004648765874518691,-0.00017094033743927307,0.0009512432322098263,-0.001075113700291506,-0.00164521813537314
2024-05-03,0.0,0.0,0.0017022823192691342,0.0015712467952453933,0.0,-0.0009982154441887934,0.00028032833283508826,0.0,0.0006350842587560713,0.0,-0.0,-0.000876795042532735,0.0025164656570381898,-0.0016669902849942265,-0.004768403770018622
2024-05-06,-0.0,0.0,0.0018523195528261233,0.001244066310023718,0.0,-0.000756314368298977,0.0003586463337238488,-0.0,0.00011314050407058383,0.0,0.0,-0.0007654484174461038,0.002053662562910154,-0.0003071384411573493,-0.0029251393569007
2024-05-07,0.0,-0.0,-0.0008681400832390045,-0.0002755017645952107,-0.0,0.00013389333057498752,0.0002803864007257683,0.0,-0.00047040087430280083,-0.0,-0.0,-0.0002744695918969333,0.00021944850266716046,9.138171805788134e-05,-4.2394107940196536e-05
2024-05-08,0.0,0.0,-0.0,0.0008468975296042217,-0.0,0.0004253521781033423,0.0003218567258779624,0.0,-0.0011206797418450004,-0.0,0.0,-0.0003491367631095478,8.63950763420605e-06,-0.000194086762331285,3.1934937069586134e-05
2024-05-09,0.0,0.0,-0.0,-0.000748767337647825,-0.0,0.0005614274799238866,-0.0006857580334566716,-0.0,0.00014977544898991856,-0.0,-0.0,-0.0003710039498832168,0.0005564380832444046,2.36182351207686e-05,-0.00010130828010956277
2024-05-10,-0.0,0.0,0.0,0.0010282836721950237,-0.0,3.7308020882400494e-05,0.00027181858768218715,0.0,-0.00040040254016713434,0.0,0.0,-0.00046459501228538353,0.0001196748133388639,-0.0003010279192794917,-0.00010462250954042942
2024-05-13,0.0,-0.0,0.0,0.00017638419825737614,-0.0,-8.493890586280578e-05,0.00015337712093839876,0.0,0.001093482944498355,-0.0,0.0,-0.00020540482911561675,1.3234120794192427e-05,-0.0004100197930776314,-9.043363799258577e-05
2024-05-14,0.0,0.0,0.0,0.0015647780833833958,0.0,0.0007465782148458994,-0.00012988894589898204,0.0,0.0008772154825454763,0.0,0.0,-0.0008734883710019487,0.0005524416646037119,-0.0009716306899584526,-0.00017771394680722683
2024-05-15,0.0,0.0,0.0,0.001993730497850491,0.0,0.0,0.0019033378625465957,0.0,0.0003530181545131155,0.0,0.0,0.0,0.001074360867928206,-0.0038041415704533938,-0.0001910784310707605
2024-05-16,0.0,-0.0,-0.0,-0.0,0.0,-0.0,-0.0004998119281688062,-0.0,0.0012006896075658394,0.0,-0.0,-0.0,4.389500369746322e-05,0.000581894039133572,-0.0002694428351240786
2024-05-17,0.0,-0.0,-0.0,-0.0,0.0,0.0,0.00016307507134926002,-0.0,-0.00031318611635327144,0.0,0.0,0.0,-3.2013689581529e-05,0.00035852111449543087,-6.224518712997578e-05
2024-05-20,0.0,0.0,0.0,0.0,0.0,0.0,0.00025494223006127914,-0.0,0.0,0.0,0.0,0.0,-2.85946900476397e-05,-0.00039110946955314143,7.625913290545288e-05
2024-05-21,0.0,0.0,0.0,-0.0,-0.0,-0.0,-0.0,-0.0,-0.0,0.0,0.0,-0.0,-0.0,-0.0,-0.0
2024-05-22,-0.0,0.0,-0.0,-0.00024933419392368726,0.0,0.0,0.0,0.0,-0.0,-0.0,0.0,0.0,-0.00030137770339655874,-3.547055905527617e-05,2.5855926946197543e-05
2024-05-23,-0.0,-0.0,0.0,3.7694803133744136e-05,-0.0,-0.0,-0.0,-0.0,-0.0,-0.0,-0.0,-0.0,-0.0007335575180609321,8.579425637141311e-05,0.0006057255009775714
2024-05-24,0.0,0.0,0.0,0.000519437900432845,0.0,-0.0,-0.0,-0.0,0.0,-0.0,0.0,0.0,0.0006759200039473461,-7.540791631242118e-05,-0.0013008518419005074
2024-05-28,0.0,0.0,0.0,0.0001634585133362438,0.0,0.0,-0.0,-0.0,0.0,0.0006386505583402568,-0.0006423666663827423,0.0,5.5943429214900515e-05,-0.00020032107018967793,-0.00022716321564908483
2024-05-29,0.0,-0.0,0.0,-0.0007770069891183732,-0.0,-0.0,0.0,-0.0,-0.0,-0.00030214006454258927,0.0011440191473524317,-0.0,-0.000528413672398744,0.0002790020134535015,0.0004078799502077252
2024-05-30,0.0,-0.0,-0.0,-0.00096527183358558,0.0,-0.0,-0.0,0.0,0.0,-0.0027619860121104716,-0.0,0.0,-0.0006155433942137048,0.001437874644360472,0.0011652249306490932
2024-05-31,0.0,5.5435050267536566e-05,-0.0,-0.001319604339309735,0.0,-0.0,0.0,0.0,0.0,4.268397049388492e-05,-0.0,-0.0,0.0006358933458316366,-0.0001914749747391702,0.00011949382396315888
2024-06-03,0.0,-0.0001942921650740867,0.0,-0.0002509013169173715,-0.0,-0.0,0.0,0.0,-0.0,0.0008838560592985983,0.0,-0.0,6.396778599672225e-05,-0.0003018900539406182,-0.00038985919276488386
2024-06-04,0.0,0.00030738172242848294,0.0,0.0,-0.0,0.0,-0.0,0.0,-0.0,0.00033006177930718355,-0.0,-0.0,-1.4984111908061083e-05,-0.0002456949004914325,0.0001728706043815114
2024-06-05,0.0,0.0009451762261572608,0.0,0.0,0.0,0.0,0.0,-0.0,0.0,0.0010548392865653983,0.0,0.0,-0.00015910880529924098,-0.0025848641543260815,0.001262751660750893
2024-06-06,-0.0,6.01039517061546e-05,-0.0,-0.0,0.0,0.0,0.0,0.00022764266964571042,-0.0,0.00035347321470486276,-0.0,0.0,1.0950538551703736e-06,0.00041253138381404825,-3.071166925176461e-05
2024-06-07,0.0,-7.897499196035435e-05,-0.0,0.0,0.0,0.0,-0.0,-0.0004235932796824878,0.0,0.0,-0.0,-0.0,7.597016979846283e-05,-0.0001108607848194208,-4.186981280082851e-05
2024-06-10,-0.0,0.00047198960358997994,0.0,0.0,-0.0,-0.0,-0.0,1.0906314799485077e-05,0.0,-0.0,0.0,0.0,-0.00018538559667228936,-0.00011671721030156005,0.00017248708968000393
2024-06-11,0.0,0.0005589506817937348,-0.0,0.0,-0.0,0.0,-0.0,-8.731720184615687e-05,0.0,-0.0,-0.0,-0.0,-0.0001464022232949823,-0.0007268490747549687,0.00024200536039458491
2024-06-12,0.0,0.000959124792598122,0.0,0.0,0.0,-0.0,-0.0,-0.00016413189046543826,-0.0,0.0,0.0,0.0,-0.00048459551893990693,-0.0007592694022386172,0.0003978594714778045
2024-06-13,0.0,5.891417340727019e-05,0.0,0.0,-0.0,-0.0,-0.0,-0.00010972135190832335,-0.0,0.00018913058271533272,0.0,-0.0,-0.00013500332697095107,0.0003746657797353704,-9.34659331073213e-05
2024-06-14,-0.0,0.00011197199725668801,0.0,0.0,-0.0,0.0,0.0,0.00017543877648396354,-0.0,0.0006187574468050133,-0.0,-0.0,-4.1446776583072414e-05,0.00017103096939619547,-7.621838035788365e-05
2024-06-17,0.0,0.0006510070191477934,-0.0,0.0,-0.0,0.0006292885134480504,-0.0,1.0944511371268424e-05,0.0,-0.0011380393941393208,0.0015748073518672924,0.00025720221324544766,-0.0010616279795760074,0.000962426412903304,-0.000677109204637364
2024-06-18,-0.0,-0.00022688954894906554,0.0,0.0007256301987749691,-0.0,-0.00033718030930033694,0.0,0.00030547771214782017,-0.0,-0.0011645919024605748,0.001083926626035751,0.00034513750745013646,-0.0005799264978464573,9.476073913861801e-05,2.2774618999123466e-05
2024-06-20,-0.0,-7.174567393974192e-05,-0.0,0.0019215953442490855,0.0,-6.697283818010924e-05,0.0,0.0008091664350917496,-0.0,0.0006016417575081457,-0.0,-0.0008971732445192939,0.0006089413045076789,-0.0009329922004156013,-0.0009366133261043044
2024-06-21,-0.0,0.0004556247188914598,-0.0,0.002238090925787216,-0.0,-0.000993037118107598,0.0,0.0,0.0,0.0004957672205205517,-0.0006869266922771076,0.0007133964283025786,0.000811024384059861,-0.00014707266788161407,-0.00010108964937816586
2024-06-24,0.0,-0.0,-0.0,-0.0,-0.0,0.0008765270187843377,-0.0,-0.0,0.0008433544083959627,0.0005721658797476605,-0.0028287291852047446,-0.00041598432218284447,-2.0999937959994813e-05,-0.003960395088054213,0.002399434969373575
2024-06-25,0.0,0.0,0.0,-0.0,0.0,-0.0002578379720655874,0.0,0.0,-0.00027728011038533133,0.0002580096028288473,0.00033001782298652235,0.00014418878111321625,0.00015412764566697846,0.0020963039665424766,-0.001955178111868283
2024-06-26,0.0,0.0,0.0,0.0,-0.0,-0.0001686342239319578,0.0,-0.0,0.0003263719159981636,0.00033886214777481246,-0.0012115736722450342,-0.0003534860041161065,5.013678036697967e-05,-0.00013115478627596344,-0.00035223826805902707
2024-06-27,0.0,0.0,-0.0,-0.0,0.0,-0.0016832223088879446,0.0,0.0,-8.179291861627908e-05,-0.0007004173297956483,-0.0,8.537502397688753e-05,6.15017763846541e-05,6.683906017506151e-05,-0.00034590948609545104
2024-06-28,-0.0,-0.0,-0.0,0.0,0.0,-0.0007965332201779174,0.0,0.0,-0.0006172917911149681,-0.0003625006993481501,0.0,0.0002835351447859635,-0.00014651865936440015,-6.873569264309304e-05,0.0006370360352523973
2024-07-01,0.0,0.0,0.0,0.0,-0.0,0.0,-0.0,-1.0522992777977928e-05,0.00021032226449913395,-0.0006648238929750952,0.0,1.7988847108949015e-05,0.00024916065915863664,0.0009823606492743776,-0.0011824049837955482
2024-07-02,0.0,-0.000278381959498295,-0.0006600087736002377,0.0,0.0,0.0,-0.0,0.0002531650978273381,-0.00037150873549136345,-6.634774169063738e-05,0.0,0.0009719913234925833,0.001967229559725191,0.0008381098990539835,-0.004305174727399923
2024-07-03,0.0,-0.0001619478618132566,0.0022358775890146784,0.0,-0.0,0.0,0.0,0.00020133544211897492,-0.0002568223945015567,-0.00038239774792793267,0.0,0.00013086377512557893,0.0012990235015802414,0.0020090582764550357,-0.0031996991672973182
2024-07-05,0.0,-0.0007314339821961561,-0.0009641792610538815,-0.0,0.0,0.0,0.0,0.00046938684810551547,-0.0012490768136790736,-0.00015559640508751055,0.0,-3.771402889189659e-05,0.0016867272057879822,0.0004387096714232624,-0.003947278645332833
2024-07-08,0.0,0.0001413579866364769,0.0009329877441346508,0.0,0.0,-0.0,-0.0,-0.0,0.0,-6.899883796968594e-05,0.0,0.0006695747890694027,0.00020187565281375776,0.0003275170715216435,-0.000502767799715138
2024-07-09,0.0,0.0007237266928641446,0.0012251171488878625,-0.0,-0.0,-0.0,-0.0,-0.0,0.0,0.001522640498318844,-0.0,-0.00032617201046085214,0.00017071679855691684,-3.4663078462007104e-05,-0.0001775261752363139
2024-07-10,0.0,0.0,0.001325700099319942,0.0,0.0,-0.0,0.0,0.0,0.0,0.0,0.0,0.0008569232480224371,0.0012773470528292497,-0.00039425547448981624,-0.0017975210919878642
2024-07-11,-0.0,-0.0,-0.0028638073156331337,-0.0,0.0005520690138903676,-0.0,-0.0,0.0,-0.0,0.0,-0.0,-0.0008994073190527329,-0.001324532146015752,0.0015623310990312144,0.0018574793955823201
2024-07-12,0.0,-0.0,0.0007169698909117227,-0.0,9.077158317542691e-05,0.0,0.0,0.0,0.0,0.0,0.0,0.00046782802851706164,0.000989957654457329,-0.0005331044913980221,-0.0005375725766092629
2024-07-15,0.0,0.0,-0.0003104635867492221,0.0,0.0004924785276650862,0.0,-0.0,0.0,-0.0,-0.0,0.0,-2.7252682586346633e-05,0.00042612013707011653,-0.00011171683042126425,-0.0002360699977892644
2024-07-16,0.0,-0.0,-0.000816344664371439,-0.0,0.0006379850394004327,0.0,0.0,0.0,-0.0,-0.0,0.0,0.001190124260234503,0.0009357963405583888,0.00020361672580818498,-3.636645022122851e-05
2024-07-17,-0.0,-0.0006718725121229502,-0.003426755041102829,-0.0,0.0053823652484911505,-0.0,-0.0,0.0,0.0,-0.0,-0.0,-0.0005743832635673277,-0.0017580672440423806,0.002685242193807576,0.0031853211338602806
2024-07-18,-0.0,-0.0,0.0012967097827223514,0.0,-0.0,-0.0,-0.0,0.0004971043432033323,0.0,-0.0,-0.0,0.00039256047356321205,-0.0010167534278906984,-2.7522071144038135e-06,0.000755978348340148
2024-07-19,0.0,-0.0,-0.0,-0.0,-0.0,-0.0,0.0,0.0007550479050798356,-0.0,0.0,-0.0,-0.0,-0.0003766200152625618,-0.0002564582669800269,0.0005375003220658617
2024-07-22,-0.0,0.0,0.0,0.0,0.0,0.0,0.0,-0.0,0.0,0.0,0.0,0.0,-0.0,-0.0,-0.0
2024-07-23,0.0,0.0,-0.0,0.0,-0.0,-0.0,0.0,-0.0,-0.0,0.0,-0.0,-0.0,0.0,0.0,0.0
2024-07-24,-0.0,-0.0,-0.0,-0.0,-0.0,-0.0,-0.0,0.0,-0.0,-0.0,-0.0,-0.0,0.0,0.0,0.0
2024-07-25,-0.0,-0.0,-0.0,-0.0,-0.0,0.0,0.0,0.0,-0.0,-0.0,-0.0,-0.0,0.0,0.0,0.0
2024-07-26,0.0,0.0,0.0,0.0,0.0,0.0,0.0,0.0,0.0,0.0,0.0,0.0,-0.0,-0.0,-0.0
2024-07-29,0.0,0.0,-0.0,-0.0,-0.0,-0.0,-0.0,0.0,-0.0,-0.0,-0.0,-0.0,-0.0,0.0,-0.0
2024-07-30,0.0,-0.0,-0.0,-0.0,-0.0,0.0,-0.0,0.0,-0.0,-0.0,-0.0,-0.0,0.0,0.0,0.0
2024-07-31,0.0,-0.0,0.0,0.0,0.0,0.0,0.0,0.0,0.0,0.0,0.0,0.0,-0.0,-0.0,-0.0
2024-08-01,-0.0,-0.00014842133800869816,-0.0,0.004442308877256994,-0.0,-0.0,-0.0,-0.0,-0.0,-0.0,-0.0,-0.0,0.0010832295398514307,-0.002020482230575178,-0.0008377859673885041
2024-08-02,0.0,-0.0010441270892586477,-0.0,0.0011003057135796853,-1.5092061690192069e-05,-0.0,-0.0,-0.0,-0.0,-0.0,-0.0,-0.0,0.002189487989670755,-0.0022154832925805564,0.000933436920483013
2024-08-05,-0.0,-0.0016600997272638225,-0.0,0.0006086119215243962,0.0008678954999507938,-0.0,-0.0,-0.0,-0.003295253292805168,-0.0,-0.0,-0.0,0.007883122574668232,-0.0024380972349688054,0.00032881413255607953
2024-08-06,-0.0,0.0005611815917659278,0.0,-0.0006433655199208897,-0.0,0.0,0.00012357838852644485,0.0004671891609738791,-0.0007010630626428076,0.0,0.0,0.0,-0.001794117017507624,0.0018567646814679683,-0.00045557050843999944
2024-08-07,0.0,-0.00014786237030168538,-0.0,0.002730968894027415,-0.0,-0.0,-0.0003385875915728285,-4.4306604582884386e-05,-0.0021641708853755034,-0.0,-0.0,-0.0,0.0012901223897851455,-0.0022475323116872966,0.000540935340195183
2024-08-08,0.0,0.0005317605543692689,0.0,-0.003359300024020332,0.0,0.0,-0.0018564565982188124,0.0007806645665614616,0.0038012218713306943,0.0,0.0,0.0,-0.004394546559869067,0.005030537160836339,-0.0014879723391504316
2024-08-09,0.0,0.0004117692152267301,-0.0,-0.0008571638493218719,-0.0,0.0,-0.0006797672726670909,-0.0003943065342056839,-0.0019405420543089692,0.0,-0.0,-0.0,-0.0008492835076464638,0.0006263068251547437,-0.00026010278916730503
2024-08-12,0.0,9.719132521544326e-05,0.0,-0.00012126117503748429,0.0,-0.0,0.0002421408352601133,-0.0006753119372428476,-0.0008958519658098966,0.0,-0.0,-0.0,-9.966564100182843e-05,0.0011069865259307943,-9.829165839293918e-05
2024-08-13,0.0,0.0008771941073235467,0.0,-0.002474420496772952,0.0,0.0,-0.0006503224644739181,0.0005652282291905233,0.002787565891238357,0.0,0.0,0.0,-0.0031875905206378303,0.003954488588154798,-0.0009076375668162977
2024-08-14,0.0,0.0003430152945277914,0.0,-0.00048749788763566043,-0.0,0.0,-0.000141198713227519,7.708403685117304e-05,-0.001361807375837295,0.0,-0.0,-0.0,-0.0006244620181684991,0.0007126724279873622,-1.227321847924945e-05
2024-08-15,0.0,0.0004976828018712393,0.0,-0.0026069766990445965,0.0,0.0,-0.0014418786874116109,0.0032894694502114442,0.0,0.0,0.0,0.0,-0.0011461610617496593,0.003919625336948471,-0.0013971642546704223
2024-08-16,0.0,-0.0003049443639347924,0.0,0.00012354985945931476,0.0,-0.0,-2.2826707643946212e-05,0.0,0.0,0.0,-0.0,-0.0,2.3060241261544064e-05,0.00024727043857177114,-0.00014287393905700478
2024-08-19,-0.0,0.00036428732570524834,0.0,-0.0005968340067167726,-0.002212051090815224,0.0,-0.00046754964096613395,-0.0005229331656768026,0.0,0.0,0.0,0.0,0.0004906048992105515,0.0023719381805182007,-0.0009170012143895575
2024-08-20,0.00013704694698463563,0.000386376032068536,-0.0,-0.0,-0.00035934446252279794,-0.0,0.0006714565457682576,-0.00025942983765684795,-0.0,0.0,-0.0,0.0,-0.00021634222346580295,-0.0003004875656005076,0.0003265551214417813
2024-08-21,-2.4287386492429694e-05,-7.774402584057362e-05,0.0,-0.0,-0.00044874748244153094,0.0,0.0001434227361696513,-0.00020856123198373388,0.0,0.0,0.0,0.0,0.00044679481476511673,0.0004965150820985428,-0.0007107888429625917
2024-08-22,-0.00041470088924591827,-0.0010230322705941112,-0.0,-0.0,0.0019743445702777316,-0.0,0.0004810689819858449,0.0002284696535089531,-0.0,-0.0,-0.0,-0.0,-0.0010244310897165986,-0.0019369627105037047,0.002402322496720265
2024-08-23,0.0005117797300858918,0.00014897769149223514,0.0,0.0,-0.0010695594990658673,0.0,-0.0010352653658250405,-0.0005150600220848419,0.0,0.0,0.0,0.0,0.0014138966963057062,0.0013567539412178565,-0.0016639807217767371
2024-08-26,7.48865828724114e-05,-0.00039745837272114356,-0.0,-0.0,0.0016363725564267969,0.0,0.0,-4.924653210088769e-05,-0.0,-0.00010428282395055049,-0.0,-0.0,7.050751181178093e-05,0.0005553726112545257,-0.0004825127087696237
2024-08-27,0.00018672722213916522,4.2304766040120226e-05,0.0,0.0,-0.0001697229490831147,0.0,-0.0,7.881775031129549e-05,-0.0,-0.00015141694461720876,0.0,0.0,-3.444436609051533e-05,-9.95166883508882e-05,4.6300916745691594e-05
2024-08-28,-0.00033882027039950437,-0.0003929960555213183,-0.0,-0.0,0.0013946872018962143,-0.0,-0.0,0.0008552316699540175,-0.0,-0.00021710846096446878,-0.0,-0.0,0.0002327226991929985,0.00028908179032318364,-0.00035090579060339833
2024-08-29,0.0007232527264388122,0.00030593015367222213,-0.0,-0.0,0.00029809922118544097,0.0,-0.0,0.0,0.0,0.0005553609204794087,-0.0,0.0,-1.3671119872604505e-05,0.00037495024351347716,-0.00017538299714261503
2024-08-30,-0.00017219224063026457,0.0004841894605105591,0.0,0.0,-0.0010440780658576472,0.0,-0.0,0.0,0.0,0.000666177785973178,0.0,-0.0007639478233435923,-0.0007949153895503026,-9.232669157827374e-05,0.00080798070483858
2024-09-03,-0.0013791077238728504,-0.0009315762228505128,-0.0,-0.0,0.004072302167576676,-0.0,-0.0,-0.0,-0.0,-0.0006374957258148043,0.0035638640694791927,0.0030068890186411633,0.002837272815459326,-0.0027054410421938706,-0.0029654385790977744
2024-09-04,-0.00043280555171235714,-6.598725204410358e-05,-0.0,0.0,0.0,0.0,-0.0,-0.0,-0.0,0.0,-0.0006360983012824408,0.0,0.0001399005427094033,-0.00021017607087713103,0.00010220791785465181
2024-09-05,0.00034519461162838103,-6.24013589052612e-05,0.0,0.000423538076926811,-0.0,-0.0,-0.0,-0.0,-0.0,0.0,0.0004953996093082232,0.0006041252140520779,0.0002290540493318319,-0.00027393857772135274,-2.7548070817951087e-05
2024-09-06,-0.00035198701320561065,-0.0008258529413627454,-0.0,0.00546581647038343,-0.0,-0.0,-0.0,-0.0,-0.0,-0.0,0.0017119321083300639,0.001027605091525822,0.0013393960420530872,-0.004982257312010316,0.001452397358101642
2024-09-09,2.037443715512675e-05,0.00049788625712793,0.0,0.0,0.0,0.0,0.0,0.0,0.0,-0.0,-0.0008088964982190324,-0.0009332467003911017,-1.8936120506093578e-05,0.002678755775105372,-0.0018813592060631635
2024-09-10,-0.00018139786800404334,0.0010342841226844354,0.0,0.0,0.0,0.0,0.0,0.0,-0.0,0.0,-0.0002822150460248431,0.00034167277630136017,-3.0124100699979053e-06,0.0026132569528417365,-0.001469927420378964
2024-09-11,0.0005759261453274236,0.0,0.003917384168678254,0.0,0.0,0.0,0.0,0.0,0.0,-0.00041205075567197434,-0.001486826588564655,0.0,-0.00021641795649196305,-0.00030832653952331387,0.00026637376413840276
2024-09-12,2.469523881107354e-05,0.0,0.0009447432090906962,0.0,0.0,0.0,0.0,0.0,-0.0,-0.0013185093491165827,-0.0,-0.0,0.00027649975618159817,-0.0007919013674763826,0.00013191886297742137
2024-09-13,-6.063737352438385e-05,0.0,-1.678979196434899e-05,0.0,0.0,-0.0,0.0,0.0,0.0,-0.00020098354262744608,0.0,0.0009977346038034436,-0.00018476662836647376,-0.0006988572922848049,0.0003349538344360574
2024-09-16,-0.001408415437584786,0.0,-0.0009835826752931382,-0.0,-0.0,-0.0014523352549746888,0.0,0.0,0.0,-0.002497811429978823,-0.0,-0.00036646750397870614,-7.494961361354735e-05,0.0004942815443322696,-0.00020967241580690805
2024-09-17,0.00010851750929127215,0.0,-0.0005121187774607812,-0.0,-0.0,-0.0006242061523256663,-0.0,-0.0,0.0,-0.0,0.0,0.0007302685707301317,-1.9318151791774832e-05,0.0002689951743445415,1.3928701934245088e-05
2024-09-18,0.0008914929409821915,0.0005011820797514308,-0.0009696320638334288,-0.0,-0.0,-0.0,-0.0,-0.0,-0.0,0.0008855653173914041,0.00011869441775811426,-0.00016911232236840453,0.00013483772859742595,0.0006007650742617274,-0.0003599936909015325
2024-09-19,0.0018197577455089605,-0.0009062927825701676,0.0019462758104485433,0.0,0.0,0.0,0.0,0.0,0.0,-0.0009213797999111705,-0.0016423661088069556,0.0016876035560165936,-0.0006085433074266628,-0.0019518376424545692,0.0019480007066616826
2024-09-20,-0.00014658596711362312,0.0003913242548097007,-0.0007996065566056723,0.0,-0.0,-0.0,0.0,0.0,0.0,-0.00012217295032384374,0.0014585096653578235,-0.0010465215328716267,0.0002546295321831326,0.00028973785085604516,-0.0001523583015692919
2024-09-23,-0.00038049758041660176,0.000202583209521017,0.00011194355834199414,0.0,0.0,0.0,-0.0,-0.00021121383174856846,0.0,0.0006138720618637575,-0.0,0.00013508543154806764,0.00023046133193686222,0.00027636260645664336,3.891336949567799e-05
2024-09-24,0.00019830803362021437,0.0005030876587686605,0.0019443262799080541,0.0,0.0,-0.0,0.0,-0.0003151571889636794,0.0,4.5214773239452025e-05,0.0,0.0002666412053154681,0.00027009177475461607,-0.0009069290067777109,0.0001015002671150519
2024-09-25,-0.00022039088885064987,0.0,0.00108032682892787,0.0,0.0,-0.0,0.0,-0.00012360945726945364,0.0,-0.0001445435841620981,0.0,2.9268293518665514e-05,-0.00019277750909763044,-0.00035964086348220267,-8.344923282879465e-06
2024-09-26,0.00025336589499207733,-0.0,0.0,0.0,0.0,-0.0,0.0,-0.0001895736868130998,0.0,-0.0005442963015066637,0.0,0.0010137439355477967,0.00018624838307522144,0.000322022294156277,-0.0006263862738085159
2024-09-27,5.9300263918792593e-05,-0.0,-0.0010756607803425154,-0.0,-0.0,0.0,0.0,-0.0001605744272316419,-0.0,-0.00019000141614553706,-0.0,-0.0,-0.00022485623302870964,0.0007947903888812565,0.0003631411853673972
2024-09-30,0.0011307150836224282,0.0,1.6471751096090697e-05,-0.0,-0.0,0.0,-0.0,-0.00018825323443318246,-0.0,-0.0004894772828867339,-0.0,-0.0,0.0006109447508741094,-0.00024132267604589532,-0.00017948964420983125
2024-10-01,-0.0,-0.0,-0.0018623189424781844,-0.0,-0.0,-0.0,-0.0,0.00045300423122012883,-0.0,0.0009598588407750401,-0.0,-0.0,-0.0014354871798222572,0.0027767995699316916,0.0001016609544977944
2024-10-02,0.0,-0.0,0.0007844129504223379,0.0,0.0,0.0,0.0,0.0001138952656496977,-0.0,0.0,0.0,0.0,5.377746544743728e-05,-0.0009924451927435496,2.078154054758341e-05
2024-10-03,-0.0,-0.0,0.0016550952580492648,0.0,0.0,-0.0,0.0,0.00018086645138526685,-0.0,-0.0,0.0,-0.0,-0.0002290292999581216,-0.000561817936749467,-1.339273702828425e-05
2024-10-04,0.0,-0.0,0.0008354716723844932,0.0,0.0,0.0,0.0,-0.00030424128858672674,0.0,0.0,-0.0,0.00025718440402212894,0.0004796971719598065,-0.0020332754812668087,0.0010298238134824216
2024-10-07,-0.0,-0.0,0.0,-0.0,0.0,-0.0,-0.0,0.00022800723532039125,-0.0,-0.0,-0.0,-0.0003564547994643263,-3.38330865176224e-06,0.0003741016152747208,-0.0005059745714652759
2024-10-08,0.0,0.0,0.0,0.0,0.0,0.0,0.0,-0.00020904629463051246,-0.002057182929925617,0.0,-0.0,0.00023297355523659087,0.0013142878816893328,-0.0005224827052478654,-1.9551139081972372e-05
2024-10-09,0.0,0.0,-0.0,0.0,-0.0,-0.0,-0.0,-0.0007808983640296717,-0.0002992740871518912,0.0,0.0,0.0006778432809199232,0.0009437783260380073,-0.00032713506934265655,2.5743796128519857e-05
2024-10-10,-0.0,-0.0,0.0,-0.0,-0.0,0.0,0.0,1.8674136538265826e-05,0.0005141433477792015,-0.0,-0.0,-0.0006135949771306005,-0.0002769046423789036,8.358713932575874e-06,8.499264891982168e-06
2024-10-11,-0.0,0.0,-0.0,-0.0,0.0,-0.0,-0.0,-0.0006586977164181228,-0.0007268191256820296,0.0,0.0,0.0006477346585193807,0.0006849856871170776,-6.276258212906137e-05,5.146241012928065e-05
2024-10-14,0.0,0.0,0.0,0.0,-0.0,0.0,0.0,-1.8429782737233274e-05,0.0002553197037287014,0.0,0.0,0.0008567874865996393,0.001051849871688947,-0.0005370157606711723,0.00025404495510843487
2024-10-15,0.0,-0.0,-0.0,-0.0017669091298979378,-0.0,-0.0,-0.0,-0.0,0.0016921354554475803,-0.0,-0.0,-0.0021582561974268825,-0.0015177481900423397,0.0012978009111215636,0.0013279229823005567
2024-10-16,-0.0,-0.0,0.0,0.0002380956880121782,-0.0,-0.0,0.0,0.0,0.0007783123577709604,0.0,-0.0,0.0002122191286662077,0.0008461647712049332,-0.00018991805781355808,-1.1720508290089573e-05
2024-10-17,0.0,0.0,0.0,0.001314433166234069,0.0,-0.0,0.0,0.0,-0.00029050361050272965,0.0,-0.0,-0.0005990196712420694,1.5483810242029785e-05,-0.00020777581379102819,-5.319525312098764e-05
2024-10-18,0.0,0.0,0.0,-0.0,-0.0,-0.0,0.0,0.0,-0.0007299399710576316,-0.0,-0.0,4.284598392084721e-05,0.00013059648780416666,-0.00016405245497373952,0.000537558372567821
2024-10-21,0.0,0.0,0.0,0.0,0.0,0.0,-0.0,-0.0,-0.00015347523560805756,-0.0,-0.0,-0.0006848727207857919,-4.826597346475613e-05,-0.00023493283123594003,0.0001757232055813699
2024-10-22,-0.0,0.0,4.176818899350075e-05,-0.00016974165507654292,-0.0,-0.0,-0.0,0.0,0.0009726212963407703,0.0,0.0,-0.0,-0.00010401519068610293,-0.000110087961961864,-0.0001886014597820776
2024-10-23,-0.0,0.00034150653234703656,0.0014233699993856082,-0.0016635613038138335,-0.0003843667136851016,-0.0,-0.0,-0.0,0.0009464004942759399,-0.0,-0.0,0.0,-0.0028640245699718364,-0.0006580348535567487,0.003261859586870503
2024-10-24,-0.0,-1.5306182639870708e-05,-0.00030360489039887113,-0.0006263493146481236,0.0001730049057534065,-0.0,0.0,-0.0,-0.0008122922332789688,0.0,0.0,0.0,0.0007069592332858864,9.67110147112751e-05,-0.001680020288061274
2024-10-25,0.0,-0.00040099642751238767,-0.0004007824260543882,0.00047916730885805975,0.0009009834644341836,0.0,0.0,-0.0,-0.0007552342609248315,-0.0,0.0,0.0,-9.691034430682255e-05,7.39697413140458e-05,-0.0008917825165934093
2024-10-28,0.0,0.0001825118436190466,0.0003616267625006147,-0.0002840422687222696,0.0011672204884166503,-0.0,0.0,-0.0,0.0,-0.0,0.0,-0.0,0.0005490329552382741,-1.2734385978074802e-05,-3.224315275840626e-05
2024-10-29,0.0,-0.0006243238102536622,-0.0002590771314462021,0.0020557470397304387,0.001940949467190944,0.0,0.0,0.0,-0.0,0.0,0.0,0.0,0.00025993354013496465,0.0005804265989869308,-0.0018352973973739387
2024-10-30,-0.0,-6.709236616540277e-05,-0.0,-0.000730596341460595,-0.005611727362615237,0.0,-0.0,-0.0,-0.0,0.0,-0.0,-0.0,-0.00027544428648753434,0.0012300659804762774,0.0007298642165999899
2024-10-31,-0.0,0.0031218415464493786,-0.0,-0.0019834591633094115,-0.001547941985513859,-0.0,-0.0,-0.0,-0.0,-0.0,-0.0,-0.0,-0.001627370556625257,0.003430178120499874,0.0015433676991003541
2024-11-01,-0.0,0.0,-0.0009845186813200288,-0.0002509674878399668,-0.0007729318399720369,0.0,0.0,0.0,0.0,0.0,0.0,0.0,0.0003340851592871019,0.00016223893093616752,-0.0011535275086523012
2024-11-04,-0.00020228383250070557,-0.0,-0.0002394552375540315,-0.00010963941928365692,-0.0004069810486888215,-0.0,0.0,0.0,-0.0,-0.0,-0.0,-0.0,-0.00015149232375542476,-1.743466610361596e-05,0.0005124800212896021
2024-11-05,0.0003232624738316815,0.0,-0.0013988446757969512,0.0015623989840083835,0.00033643927626560133,0.0,-0.0,0.0,0.0,0.0,0.0,-0.0,0.0008483614683529597,0.00032372880201531057,-0.00223225487287463
2024-11-06,-0.00016361491167028418,0.0,-0.0019966227988809397,0.0015986649655927313,0.0011996669782332841,0.0,0.0,0.0,0.0,0.0,0.0,0.0,0.0018557025539701327,0.0005318931658790637,-0.004652426917602969
2024-11-07,0.0010573472646272074,0.0,-0.001110439880559104,0.0011724447366790534,0.0016005706814797372,-0.0,0.0,0.0,0.0,0.0,-0.0,0.0,0.0008076564934429797,0.00018363511162708418,-0.002819429613024376
2024-11-08,-0.00011442659690014633,-0.0,0.00042157343939993913,-4.6264801232581845e-05,-0.0006280097336759035,-0.0,0.0,-0.0,-0.0,0.0,-0.0,0.0,0.00047416364303922825,-1.4386181919272107e-05,-0.0002189194591507686
2024-11-11,-0.0006050739857578356,-0.0,0.0008091951683987195,-0.0013047216639644902,-0.00020318348312575664,0.0,0.0,0.0,-0.0,-0.0,-0.0,-0.0,0.00010341347847271605,-6.648925268451049e-05,0.00010746048576061163
2024-11-12,0.0,0.000596887141683849,-0.0010322287904477743,-0.0007574835831573846,-0.001278508036998617,0.0,-0.0,0.0,-0.0,0.0,-0.0,-0.0,-0.0003333598700766186,1.0474004385030596e-05,0.00038454722581091836
2024-11-13,0.00019806412903198743,0.0002558273975272226,0.0006857793543990276,-0.0,-0.0,0.0,0.0,0.0,0.0,0.0,-0.0009233502062457118,-0.0,-1.2644863517000476e-05,-0.00023867242074157292,0.00013768194523024375
2024-11-14,0.000683824132022734,0.0,-0.0001672185294042132,-0.0,-0.0,-0.0,-0.0,-0.0,0.0,-0.0,0.0010944054161499191,0.0,0.00017476236595550355,-0.00024209080087168468,0.0005294534601378013
2024-11-15,-0.0007104836901056724,-0.0,0.0016556198437920626,-0.0,-0.0,-0.0,-0.0,-0.0,-0.0,-0.0,-0.001069477084585326,-0.0,0.0002519312141620833,-0.0014924571432019737,0.001548486691530335
2024-11-18,0.0006666471100576794,0.0,0.0006486462500221304,0.0,0.0,-0.0,-0.0,-0.0,0.0,0.0,0.0012308313817678016,0.0,-9.50857843014162e-05,0.000185195183016428,-0.0004005489544299357
2024-11-19,0.0,0.0,-0.0023893667032538735,-0.0,0.0,0.0,0.0,-0.0,-0.0,0.0,0.0,-0.0,-0.00011332955203961186,0.0010041072149011528,-0.00037337085921487084
2024-11-20,0.0,-0.0,0.00038238492960353823,-0.0,-0.0,-0.0,0.0,0.0,-0.0,0.0,-0.0,-0.0,-1.1976077008091971e-05,-0.00010633055796678865,2.9083952645726596e-05
2024-11-21,-0.0,-0.0,-0.0002666126087429988,0.0,-0.0,0.0,0.0,0.0,0.0,0.0,0.00038420748891127536,0.0,-0.00024142222595698783,0.000711442498752129,-0.0001246141031404742
2024-11-22,0.0,0.0,-0.0,0.0,0.0,0.0,0.0,0.0,0.0,-0.0,0.0004259433285142827,-0.0,-2.1015051934906968e-05,-2.646782402792648e-05,1.9227921531609973e-05
2024-11-25,0.0,0.0,-0.0,0.0,0.0,0.0,-0.0,0.0,0.0,-0.0,0.0006432077547352936,0.0,-2.928492712596722e-05,2.2012324314930018e-06,2.0689176194019703e-05
2024-11-26,0.0,0.0,0.0,-0.0,-0.0,-0.0006293005687554098,0.0,0.0,-0.0,0.000629038849591362,-0.0005985819708217805,-0.0,-0.00027417844450671125,-0.00038494878078939595,0.00036571032883867357
2024-11-27,-0.0,-0.0,-0.0,-0.0,-0.0,0.0011184512237061492,-0.0,-0.0,-0.0,-0.0020562041766868204,-0.00016915089697093502,-0.0,0.00014455356060941751,0.000978643798826189,-0.00048632831239785065
2024-11-29,0.0,0.0,0.0,0.0,0.0,-0.00021852969392691294,-0.0,-0.0,0.0,0.0005822561309052356,0.0006763510871962866,0.0,-0.0002931191284990613,-0.0006740379100584215,0.0005416102234752206
2024-12-02,-0.00047387757209270013,0.0,0.0,0.0,0.0,-2.615949600911705e-05,0.0,0.0,-0.0,-0.0009365461524417205,0.001399519154821328,0.0,-0.00013253304290883824,-0.0007291246541689637,0.0011785355534274147
2024-12-03,-0.000634547335397833,0.0,0.0,0.0,-0.0,-5.811363158620867e-06,0.0,0.0,-0.0,0.00040626081316264906,-0.0,-0.0,-3.6336663139278786e-05,-0.00016008946897132247,0.0003890474618204489
2024-12-04,-7.412594529832829e-05,0.0,0.0,0.0,0.0,-0.001921870401018431,0.0,0.0,-0.0,0.0,0.0,-0.0,-0.00015027844526780952,-0.0001951317508675845,0.001180380533432139
2024-12-05,-6.172204513543119e-06,0.0,-0.0,-0.0,-0.0,-0.00016097379705137842,-0.0,0.0,-0.002713481496702881,-0.0,-0.0,-0.0009393562393399946,0.0002103765313504727,0.00020030432132148992,-0.0002947594273869989
2024-12-06,4.1162429261467026e-05,-0.00010720052854487551,-0.0,0.0,-0.0,-0.0013509133833277027,0.0,-0.0,0.00028763262447249207,0.0,-0.0002750866582464864,2.8490767172496462e-05,-0.00025069512693821075,-0.00029232643404454676,0.001240424533461748
2024-12-09,-0.000798644402567878,-0.0002754084684404283,-0.0,-0.0,-0.0,-0.0,-0.0,-0.0,-0.00026359993955896356,-0.0,0.00038407683001078624,9.054458560265815e-05,0.0006506425543647545,0.0004069714301211381,-0.0005586515684621691
2024-12-10,-0.00020626090885721507,0.00030246901707704673,-0.0013656464507172616,-0.0,-0.0,-0.0,-0.0,-0.00019546213385598856,-0.0015866598601187545,-0.0,-0.0013493883263818909,-0.000852404451761183,0.0004769932232986037,0.0024212364709539145,-0.00047285548922575897
2024-12-11,0.00025897358911052725,-0.000634310102844148,0.0015454251572730412,0.0,0.0,0.0,0.0,-0.00011081753747814618,-9.930489858147015e-05,0.0,0.0010655182061813779,0.0003980328970150279,-0.0009446936599065706,-0.002616565080496983,0.002198066503813272
2024-12-12,-0.0002973009062596995,-6.343554353761659e-05,-0.0007121031262801598,-0.0,0.0,-0.0,0.0,0.0002213900074794228,0.00161383202197714,-0.0,-0.0004998941253080031,2.608174017965957e-06,0.0006001599430586753,0.0010161314535865002,-0.0007548395513053317
2024-12-13,-3.4267976910302906e-05,0.00025534437708244807,-0.0011377934901778133,0.0,-0.0,-0.0,-0.0,-0.0001957949211769623,-0.0010700797525333738,-0.0,9.154909903672165e-05,-3.1307071202853296e-05,2.2339769210864232e-05,-0.0007748961981756456,0.0008935356960632405
2024-12-16,-0.0005829743306398877,-0.0004806124716052423,-0.0008450905401301628,-0.005312489992135523,-0.0,-0.0,0.0,-0.00023082882750907253,0.0011902432326233309,-0.0,-0.0002022630910669595,-0.00055898758302563,-0.0012570373949050387,-0.0018216996321962756,0.004477716418968965
2024-12-17,-0.00048363177352968366,-0.0003167606201564691,-0.0006135981575495039,0.0019932060047571365,-0.0,-0.0006872135755063874,-0.0,0.0001454608709679251,-0.0009450244968688411,-0.0,9.499382568715048e-06,-0.0003548931685270586,0.0015801390356613113,0.0012018075332246756,-0.0015348064146629055
2024-12-18,0.001082729285412913,0.0019142327665436774,-0.0,0.003582430752394082,-0.0,-0.0015527604698299807,-0.0,-0.0008531012638360778,-0.0028694334712331894,-0.0,-0.0015661955146874997,-0.000836211599926124,0.01162758710379207,0.0029628461366576044,-0.010478617090742026
2024-12-19,-0.0003495113058747951,4.1170149395000935e-05,0.0,0.001199315315956954,-0.0,-0.0004461165363879356,-0.0,8.683572866864904e-05,-0.0006256598842391975,0.0,-0.0008733126937841072,-0.0,9.386603450497155e-05,-8.608720592332644e-05,-0.0012198391636214284
2024-12-20,-0.0009320488811599607,4.921992545172631e-05,0.0,-0.0005625073561084127,0.0,0.0011056794949580904,0.0,0.0007662655351674316,0.0,0.0,0.000821014852839141,0.0,-0.002151235216638239,-0.0006342284525437535,0.002199880824982978
2024-12-23,-0.00015301330209112888,0.00015484327337726017,0.0,-0.002551641600436803,0.0,-4.810328032645982e-05,-0.0,0.0,0.0,-0.0,0.0017197079650939952,0.0,-0.0011459260123723985,-0.00030438979724810007,0.0017909820856935265
2024-12-24,-0.0005706334941483147,0.0,0.0,-0.0015529922398933686,0.0,0.00013412624844569475,0.0,0.0,0.0,0.0,0.0,0.0,-0.0021574829542069145,-1.6736955379425938e-05,0.002650032393731515
2024-12-26,0.0,-0.0,-0.0,-0.0011710909738570695,-0.0,0.0002471890125349535,-0.0,0.0,0.0,0.0,-0.0,-0.0,-1.288440940724249e-05,-1.2040985329457117e-05,-0.0001315271653962706
2024-12-27,-0.0,-0.0,-0.0,-0.0,0.0,-0.0004104234322422687,-0.0,-0.0,-0.0,-0.0,-0.0,-0.0,0.00026641604970326977,0.00010716549215813431,0.00021817243024012072
2024-12-30,-0.0,-0.0,0.0,-0.0,-0.0,-7.620927642048344e-05,-0.0,-0.0,-0.0,-0.0,-0.0,-0.0,0.00027980444616369473,8.335244861118281e-05,0.0002344864302993433
2024-12-31,-0.0,-0.0,-0.0,-0.0,-0.0,-0.0,-0.0,0.0,0.0,-0.0,-0.0,-0.0,0.0,0.0,0.0
2025-01-02,-0.0,-0.0,0.0,0.0,-0.0,-0.0,-0.0,-0.0,0.0,-0.0,0.0,-0.0,0.0,0.0,0.0
2025-01-03,-0.0,0.0,0.0,0.0,0.0,-0.0,0.0,-0.0,0.0,0.0,0.0,0.0,-0.0,-0.0,-0.0
2025-01-06,0.0,0.0,0.0,0.0,0.0,0.0,-0.0,-0.0,-0.0,-0.0,0.0,0.0,-0.0,-0.0,-0.0
2025-01-07,-0.0,-0.0,-0.0,-0.0,-0.0,-0.0,-0.000854382610737104,0.0,0.0,-0.0,0.0,0.0,0.00026113488711618514,0.0007592867904547959,-0.0002760307350837649
2025-01-08,0.0,0.0,-0.0,0.0,-0.0,-0.0,0.00030222696072047887,0.0,-0.0,0.0,0.00045056625296130296,-0.0,-4.141589648610735e-05,-2.2247881633639004e-06,2.6635005292736252e-06
2025-01-10,-0.0,-0.0,-0.0,-0.0,-0.0,-0.0,-0.0014037370173873602,-0.0,-0.0,-0.0,0.000664440582041112,-0.0,0.00060887274226878,-0.00014705727173615024,-0.0003566963903413878
2025-01-13,-0.0,-0.0,-0.0,0.0,0.0,0.0,0.00019154705333020925,0.0,0.0,-0.0,-4.775397516862672e-05,0.0,-8.099502384678127e-05,3.7061826897827645e-05,-0.0001316302739863894
2025-01-14,-0.0,-0.0,-0.0,-0.0,-0.0,0.0,0.0006956119726263107,0.0,0.0,0.0,-0.000757925205543287,0.0,-6.731104483794883e-05,-2.387282723208484e-05,-3.992359404901328e-05
2025-01-15,0.0,0.0,0.0,0.0,0.0,0.0,-0.0003691656292532354,0.0,0.0,0.0,-0.0015065657854939677,0.0,-0.0007675621290999588,-0.0001016220105041637,0.0007639477511110868
2025-01-16,-0.0,-0.0,-0.0,0.0,-0.0,0.0,-0.00018092227613555615,-0.0,-0.0,0.0,0.0009145847926673814,-0.0,6.210230691555101e-05,9.670482775446442e-05,-0.0002706914318413082
2025-01-17,0.0,0.0,0.0,0.0,0.0,0.0,0.000707471155220983,0.0,0.0,0.0,-0.000960181658763188,0.0,-0.00034590813675140476,-0.00020596854973368523,0.0006929401221379446
2025-01-21,-0.0,-0.0,0.0,0.0,0.0,0.0,0.000350016780915746,0.0,0.0,0.0,-0.0008167013989607791,0.0,-0.00033003739592626734,-0.00010328221125927252,0.0002456013922809085
2025-01-22,0.0,0.0,0.0,0.0,0.0,0.0,0.0008764971362743494,0.0,0.0,0.0,-0.0008799966414681107,0.0,-0.0001504941434971732,-0.00017909787179076734,0.0003985709105244685
2025-01-23,-0.0,0.0,0.0,-0.0,-0.0,-0.0,0.00030571969122168235,0.0,-0.0,0.0,-0.0011956460608456138,0.0,-0.00013636776507955248,-9.992225765550818e-06,5.5696362448603205e-05
2025-01-24,-0.0,-0.0,-0.0,0.0,-0.0,-0.0,-0.00011667220419458484,0.0,-0.0,-0.0,-0.0,-0.0,7.206307569186364e-05,0.0005054108115553706,-0.00017497566718004289
2025-01-27,0.0,0.0010812831753576704,-0.0,-0.0,-0.0,0.0,0.0019415637942602417,-0.0,-0.0,-0.0,-0.0,0.0,0.000507340965613217,0.0010963958969207248,-0.001449959721095885
2025-01-28,0.0,-0.0014335948455306345,0.0,0.0,0.00036652577081271187,0.0,0.0,0.00029533458576950903,-0.0,0.0,0.0,-0.0,-0.0004748991869123013,0.0008232205981153352,0.0010617841058373767
2025-01-29,0.0,0.0005474856000106082,-0.0,-0.0,0.0,-0.0,-0.0,0.00010085732113699204,-0.0,-0.0,0.0,-0.0,0.00015846770972506973,9.105409037848937e-05,-9.909676717952874e-05
2025-01-30,-0.0,-0.0,0.0,0.0,-0.0006392703820741095,0.0,-0.0,0.0007665539241906323,0.0,0.0,0.0,0.0,-0.00022906085218711355,-3.2120024150269116e-05,0.00032125941153923347
2025-01-31,-0.0,0.0,-0.0,0.0,0.0012393633118486945,-0.0,-0.0,0.00010737593950735517,-0.0,-0.0,0.0,-0.0,0.00022212516976892328,9.97441182805846e-05,-0.00010880195847718075
2025-02-03,-0.0,-0.0,-0.0,-0.0,0.00072974972714592,0.0,-0.0,0.0003617246950466476,-0.0,-0.0,-0.0,-0.0,0.0002319565537178574,0.00018603474030426083,-0.0005419641488783276
2025-02-04,0.0,0.0,0.0,0.0,-0.002237615110647149,0.0,0.0,0.0,-0.0,-0.0,0.0,-0.0,-8.553938624450324e-06,0.00016937742783087334,0.0004603732893526416
2025-02-05,-0.0,0.0,0.0,0.0,0.003236410917395858,-0.0,0.0,0.0,0.0,0.0,0.0,0.0,-1.3087577765139673e-05,0.0001859053879071682,0.00017715872104014018
2025-02-06,0.0,0.00030514742949542466,0.0,-0.0,-0.0,-0.0,-0.0,-0.0,-0.0,0.0,-0.0,0.0,6.784269263998025e-05,-5.039319630702967e-05,-0.0001272591995335887
2025-02-07,-0.0,-0.0007352628345651674,0.0,-0.0,-0.0,-0.0,-0.0,0.0,-0.0,0.0,-0.0,-0.0,-0.00018271799838069202,0.00015668308296546102,0.0003190138281790951
2025-02-10,0.0,0.0003004984895606205,0.0,0.0,0.0,0.0,0.0,0.0,0.0,0.0,0.0,0.0,0.00012257220373800871,-0.00024545272265751294,-0.00031111028045120433
2025-02-11,0.0,-9.469929742453279e-05,-0.0,0.0,0.0,0.0,-0.0,-0.0,0.0,-0.0,0.0,-0.0,1.2837535470609103e-05,-7.384587990323648e-06,6.183358327815725e-05
2025-02-12,0.0,-0.00029251253474584757,-0.0,0.0,0.0,0.0,0.0,0.0,0.0,-0.0,-0.0,0.0,-4.8155557669109176e-05,3.160090601689254e-05,-1.5361666092368952e-05
2025-02-13,0.0,0.00018302077586444901,0.0,-0.0,0.0,0.00038395815484054815,0.0,0.0,-0.0035414927305725073,0.0,0.0,0.0,0.0015378307712942043,-0.0002133158361403288,-0.000649555311587992
2025-02-14,0.0,-0.000257641265083679,0.0,-0.0,0.0,-0.00010224285143750445,-0.0,0.0,0.001110458380268804,0.0,0.0,0.0,-7.572748965068758e-06,-6.412002321878978e-05,-0.00017896816951044805
2025-02-18,-0.0,0.00014790921099388238,0.0,-0.0,0.0,-0.00042736690013692825,0.0,0.0002162833590291372,-0.00744656356217112,0.0,0.0,0.0,0.0005350674678664493,0.00012486863487294966,-0.00018778598168551374
2025-02-19,0.0,0.00062227122605281,-0.0,0.0,0.0,0.0007730042139323184,-0.0,-0.00019315484115470547,-0.0,0.0,0.0,-0.002576462104702682,0.000333252875736626,2.2782030371481487e-08,-1.672249328087505e-05
2025-02-20,0.0,0.00016367808575077898,0.0,-0.0,-0.0,0.0002522820375067961,-0.0,0.00013126407044869966,0.0,-0.0,-0.0,-0.001908895761217688,-0.0005961215859107052,-4.97189178050881e-06,0.00026083190845196285
2025-02-21,-0.0,-0.0009607981786215851,-0.0,-0.0,-0.0,0.0011535422254047038,-0.0,-0.0,-0.0,-0.0,-0.0,-0.0,-0.0012494034893090384,0.0004737343532324205,0.0007295032766899787
2025-02-24,0.0,-0.0005183434954863323,-0.0,-0.0,-0.0,-1.125188473817455e-05,-0.0,-0.0,-0.0,0.0,-0.0,-0.0,-0.00031324982972345713,0.00028921378188776875,0.00034631823262973094
2025-02-25,-0.0,-0.0007607080264133564,-0.0,-0.0,-0.0,0.00011376056629039077,-0.0,0.0,-0.0,-0.0,0.0,-0.0,-0.0003451604724188164,0.00026153474837413746,0.0003775789853113517
2025-02-26,-0.0,0.00022943008800157486,0.0,0.0,0.0,0.0002158414941715166,0.0,0.00014803283115454846,0.0,0.0,0.0,-0.0,4.416229746003268e-05,0.00010905141085104758,-0.00013655425843082586
2025-02-27,-0.0,-0.0009088175885147241,-0.0,-0.0,-0.0,0.0004905068415149876,-0.0,0.0002111192439924125,-0.0,-0.0,-0.0,-0.0,-0.0014235674534603462,-0.00026201850261593,0.0015194744560658665
2025-02-28,0.0,0.0005649062015223936,0.0,0.0,0.0,-0.0001564374670380335,0.0,-0.00023452200594552112,0.0,0.0,0.0,0.0,0.0014484068016152101,5.3363775546081664e-05,-0.0008675430542272633
2025-03-03,-0.0,-0.001082183100119289,-0.0,-0.0,-0.0,-0.0002456560304992712,-0.0,0.0004937731170478837,-0.0,-0.0,-0.0,-0.0,-0.0015028820879210653,-0.00019548642575265593,0.0011872639627451365
2025-03-04,-0.0,1.5442028175756706e-05,0.0,0.0,0.0,-0.0005988230583716894,-0.0,0.00017358388903527134,-0.0,0.0014242410235013557,0.0,0.0,-0.0013782772051797005,-0.00010519480557238095,0.0005103007471009743
2025-03-05,-0.0,0.0015717515680180297,0.0,0.001081665145012023,-0.00045450367301386294,-0.0005806567202412274,0.0,-0.0005502335044125311,-0.0,-0.001282081338144705,0.0,0.0,0.0028117433882368674,0.0015817484297820008,-0.0037989843361089064
2025-03-06,-0.0,-0.0,-0.0,-0.0032704429180564648,0.0014064362335221934,0.0007209785420018118,-0.0,0.00043181551269066715,-0.0,0.0033997091919244905,-0.0,-0.0,-0.0047930885445649244,-0.003454575767094991,0.007783760014542468
2025-03-07,0.0,-0.0,0.0,0.004144889586166723,-0.0007330920639383935,-0.0005166790927272699,-0.0,-0.0004161782959877597,-0.0,0.0,0.0,0.0,0.0011899157433942268,-0.00011676833336472203,-0.0010942241581578416
2025-03-10,-0.0,-0.0,-0.0,-0.00277079926371331,0.0018688069442088333,0.0016191718762789626,-0.0,0.0014921742305730665,-0.0,-0.0,-0.0,-0.0,-0.005576030376493477,0.0007436349477192845,0.005357732292388757
2025-03-11,-0.0,0.0,0.0,0.0015059610087688738,-6.722168653047084e-05,0.00016345526447889268,0.0,-0.0,-0.0,-0.0,-0.0,-0.0,-0.0015994610582995984,0.00016552067716340017,0.00027286214677484935
2025-03-12,-0.0,0.0,0.0,0.0010772689812989613,-0.0020402729312479976,-0.0005663509523858098,0.0,-0.0,0.0,0.0,-0.0,-0.0,0.000998411990068253,-0.00057284196219008,-0.0013064392402559492
2025-03-13,-0.0,-0.0,-0.0,-0.0007443276540887216,-0.0,-0.0,-0.0,-0.0006576303908660744,0.0,-0.0,-0.0,-0.0,-0.0020695206148418142,0.0012141688818698196,0.0026581465313514356
2025-03-14,0.0,0.0,-0.002567476545486292,0.0,0.0,0.0,0.0,0.0006906991751402641,0.0,0.0,0.0,0.0,-0.0016077084670092744,0.004478670689614131,-0.001332859237610943
2025-03-17,0.0,0.0,0.0008872537954734037,-0.0,0.0,0.0,0.0,0.0003212796291843501,0.0,0.0,0.0,0.0,-0.0006862302943305824,0.0010128156702227328,-0.00027658348587555046
2025-03-18,-0.0,-0.0,-0.0,-0.0,-0.0,-0.0,-0.0,-0.00048684269436714904,0.0,-0.0,-0.0,-0.0,0.00021067348526425866,0.0003536061965941206,-0.00032351946305777336
2025-03-19,0.0,0.0,0.0,0.0,0.0,-0.0,0.0,0.0006753520562562758,-0.0,0.0,0.0,0.0,-0.00020930135547526704,-0.00029208988616636527,0.0002390279675368614
2025-03-20,-0.0,-0.0,0.0,-0.0,0.0,0.0,-0.0,-0.0004107136614303975,-0.0,0.0,-0.0,-0.0,5.6491938649812816e-05,0.00015987564321414107,-6.005230109281552e-05
2025-03-21,0.0,0.0,-0.0,0.0,-0.0,-0.0,0.0,-0.00026463839482587337,0.0,-0.0,-0.0,-0.0,5.4781211155308566e-05,-6.388849945260823e-05,6.494611285918528e-05
2025-03-24,0.0,0.0,0.0,-0.0,0.0,0.0,0.0,0.0005524918093292578,-0.0,0.0,0.0,0.0,-0.0003812569193525302,-0.0003931819637044222,0.0004074756931468201
2025-03-25,0.0,0.0,-0.0,-0.0,0.0,0.0,0.0,1.6398819432012463e-05,-0.0,-0.0,0.0,-0.0,-5.151699206380716e-05,-7.642760180393612e-05,0.00011508900478511929
2025-03-26,-0.0,-0.0,-0.0,-0.0,-0.0,-0.0,-0.0,0.0006596724077640064,-0.0,-0.0,-0.0,0.0,0.00025275507722183474,0.0005560100015464715,-0.0004111920936851695
2025-03-27,0.0,0.0,-0.0,-0.0,-0.0,-0.0,-0.0,-0.000324676465527406,0.0,-0.0,-0.0,-0.0,5.898513188478858e-05,0.00022658029178253004,-0.00013684102937433008
2025-03-28,-0.0,-0.0,-0.0,-0.0,-0.0,-0.0,-0.0,-0.0004416845342135905,-0.0,-0.0,-0.0,-0.0,0.0004441445675207794,0.0006088044987893537,-0.0006434033012818588
2025-03-31,0.0,-0.0,-0.0,-0.0,-0.0,-0.0,-0.0,0.0006934923932075299,0.0,-0.0,0.0,0.0,-0.00014384058618483568,-1.216528386387536e-05,-1.0400141770666442e-06
2025-04-01,0.0,0.0,0.0,0.0,0.0,-0.0,0.0,0.0,-0.0,0.0007560037548551772,-0.0,-0.0,-0.00014635281153642992,-0.000879235256452855,0.0009163279579285207
2025-04-02,0.0,-0.0,0.0,0.0,0.0,0.0,0.0,0.0,-0.0,0.0013621412229625172,0.0,0.0,-0.00031264444725340635,-0.0008832667176779589,0.0008076932948037639
2025-04-03,-0.0,-0.0,-0.0,-0.0,-0.0,-0.0,-0.0,-0.0,0.0,-0.003049445363727264,-0.0,-0.0,0.002603157754233272,0.008336281833107086,-0.005985473060342741
2025-04-04,-0.0,-0.0,0.0038211437780314448,-0.0,-0.0,-0.0,-0.0,-0.0024770375573101838,-0.0,-0.0,-0.004484418508605239,-0.0,0.011994124849039006,-0.006335529194358975,-0.003104332956265075
2025-04-07,-0.0,-0.0,-0.0017350008484482962,0.0,-0.0,-0.0,0.0,-0.00011932084598042584,-0.0,0.0004345640634578758,0.0008787845776484548,0.0,0.00033062181187025924,0.0012075769209445935,-8.280698315821863e-05
2025-04-08,-0.0025550941479851957,-0.0,0.0006909463360339769,0.0,-0.0,-0.0,-0.0,-0.001133877587180378,-0.0,0.001057021006891979,-0.0019894125029206347,-0.0,0.003836141997701675,-0.004585202051501966,0.000881249326166264
2025-04-09,0.007130870543596031,0.0,-0.008581034237489937,0.0,0.0,0.0,0.0,0.0044405736479516495,0.0,-0.005755998291734858,0.0070685992462790545,0.0,-0.025223611634055187,0.0277664661644554,-0.004620879366394983
2025-04-10,-0.0021659306398077154,0.0011842386073487672,0.003047360255498228,-0.0,-0.0,-0.0,-0.0,-0.0013424795279413364,-0.0,-0.0,-0.0033070794108618186,-0.0,0.012453063539020428,-0.006106018087409675,-0.0026609049334148237
2025-04-11,0.001989608038944939,-0.0009223436393091099,-0.0015378786653327148,0.0,0.0,0.0,-0.0,0.0006495877882929505,-0.0,-0.0,0.0017725225359172124,-0.0,-0.004562474969313966,0.0026888525080510247,0.0007607289635007416
2025-04-14,0.001090716373263226,8.24466216231841e-05,9.926009395964907e-05,-0.0,0.0,-0.0,-0.0,6.972286296269583e-05,0.0,0.0,-2.15486284042143e-05,0.0011320732772553282,-0.0031823736091113196,0.0013739789171893645,0.0002535660514581306
2025-04-15,-9.390602275960192e-05,0.00026889430579997594,-0.0006684411608610242,0.0,0.0,-0.0,0.0,-0.00018323028968965567,-0.0,-0.0,-0.00021239097417531427,6.619010762760065e-05,0.0009795041599278999,0.0005293920592360601,6.819371180485894e-05
2025-04-16,-0.001985579129791355,0.0018646362806874113,0.0035595810021288275,-0.0,-0.0,-0.0,-0.0,-0.0012748565966741881,-0.0,-0.0,-0.001042539774009524,-0.001555225635356458,0.007837475944455797,-0.005011707055538153,-0.0019965481678734937
2025-04-17,0.000692662834543341,0.0005179991960755596,0.0014565550792646374,-0.0,-0.0,0.0,-0.0,0.0,-0.0,-0.0,0.0003377399038509894,0.0006407084517747687,-0.0005136086473562356,-0.0007418150862137481,-1.4542114556670957e-05
2025-04-21,-0.0009791669868107588,0.0011914169419515197,0.002308877935713404,0.0014176513088741416,-0.0,-0.0,-0.0,-0.0012622117647219564,-0.0,-0.0,-0.00019061606664134832,-0.0009624510734791805,0.01097201905939726,-0.007269475708011424,-0.0015214632298206027
2025-04-22,0.0,0.0,0.0,-0.001003637139641914,0.0,0.0,0.0,0.0,0.0,0.0,0.0,0.00039333923821340623,-0.004508762930263334,0.003412676912258077,0.00015372979590927953
2025-04-23,0.0,0.0,0.0,-0.002115816840233272,0.0,0.0,0.0,0.0,0.0,0.0,0.0,0.0018034138427949393,-0.002717751440965331,0.004290041689805509,-2.5431797764894788e-05
2025-04-24,0.0,0.0,0.0,-0.0030799194179461963,0.0,0.0,0.0,0.0,0.0,0.0,0.0,0.0031765803109498852,-0.0029640822173877574,0.003718863640784557,0.0005888435987055806
2025-04-25,0.0,-0.000583976348908356,0.0,-0.0010934568141654894,0.0,0.0,0.0,0.0,-0.0,0.0,0.0,0.00022462267385038083,-0.0011198336765304352,0.0013800852172382342,0.0007516832898745283
2025-04-28,0.0,-0.0,-0.0,-4.158220521382428e-05,-0.0,0.0,-0.0,0.0,0.0011341709165855523,0.0,-0.0,-0.00012911166104441797,-8.46622999688255e-05,-5.9168771696460924e-05,-3.723837320406168e-05
2025-04-29,0.0,0.0,0.0,0.0003388606443052791,-0.0,0.0,0.0,0.0,-0.0004161590731937689,0.0,-0.0,-0.0005166965321614168,-0.0014067490653584642,0.00018575373566184785,0.0007547511760230623
2025-04-30,0.0,0.0,-0.0,-0.000338860644305281,0.0,0.0,-0.00017708371260712183,0.0,-0.0005934787777691885,-0.0,0.0,-0.00022442528794982815,-9.029718775700078e-05,0.0002992947979632619,-1.4601809103913405e-05
2025-05-01,0.0,0.0,0.0012198491931032294,0.0,-0.0,-0.0,-0.00011523311917810526,0.0,-0.0002994020922311335,0.0,-0.0,-0.000562350811741243,-0.0005711031780241266,-0.0021089612590691354,0.0015465454525642136
2025-05-02,-0.0,0.0,0.0012782085663335455,0.0,0.0,0.0,-0.0010562285456429815,0.0,0.0015764852684203177,0.0,0.0,0.001936605422514094,-0.0011747554824597915,-0.0024147430430611202,0.0017548541134366164
2025-05-05,-0.0015981966163706252,0.0,-0.0002978284909658262,-0.0,0.0,0.0,0.00044731999435547063,-0.0,-0.0008559759062452613,0.0004799716878469422,-0.0,-0.0006392892888532121,0.0007905050994440215,0.0004391582661736582,-0.0005903738871597752
2025-05-06,-9.562156915386392e-05,-0.0,-0.0001231527716198763,-0.0,-0.0,0.0,-0.00013370216212552313,-0.0,-0.0008207097965108155,0.0005353766764082363,0.0,-0.0004111178922195325,0.00119714987125865,0.0007687061647288745,-0.0010722944804633775
2025-05-07,-0.0005725060014779981,0.0,0.001526571306024734,0.0,0.0,0.0,-0.0008829250978778774,0.0,0.0009192805529300505,-0.0005621629892433457,0.0,0.0011354360506382246,-0.0006137756379979577,-0.0010168809055148304,0.0005067704796472169
2025-05-08,0.00031492967426886365,0.0,0.00013223571244788917,0.0,0.0,-0.0,-0.0002706245293281976,0.0,0.0016704531065564916,-0.0003103423718363907,0.0,0.00025724113273638494,-0.0010221053353570613,-0.0009610715449800255,0.0013278690999277598
2025-05-09,0.0002626136030546208,0.0,-0.000307666982229677,0.0,0.0,-0.0,0.000778169752608898,0.0,0.0009901313648089866,-1.3304949519701292e-05,0.0,0.0019623127390455773,0.0001717263463503353,0.00010714701792791296,-6.669271708951542e-05
2025-05-12,0.0029961077501407863,0.0,0.0026503178452489274,0.0,0.0,0.0,-0.0023753225699719603,0.0,0.0017432958451309073,-0.00223733513081438,0.0,0.0,-0.0026295852292530283,-0.0028241835396084513,0.0028992097067210595
2025-05-13,0.000505054799325196,-0.0,0.0027405744261113775,0.0,0.0,0.0,-6.055468827837818e-05,0.0,0.0008493722353818573,-0.0015807758092917495,-0.0,0.0,-0.0005924650992696273,-0.0015643875014936936,0.0014300743320335197
2025-05-14,-0.00014109025023023805,0.0,0.0020397143454717226,-0.0,0.0,0.0,-0.0002707323267096165,-0.0,-0.0023597845668137246,-0.00020908953660626054,0.0,-0.0,-0.0001119861051103289,-0.0005274844840595684,0.0006073359786383068
2025-05-15,-0.00020765521376024491,0.0,-0.00018877025790481057,0.0,-0.0,0.0,-3.439380912789569e-06,0.0,6.965406280865454e-05,0.0011013319463727953,-0.0,0.0,-0.0003895945901107,-6.478806832555874e-05,6.265918414055537e-05
2025-05-16,-4.494807617407183e-05,0.0,0.00021093174160956302,-0.0,0.0,0.0,-6.702068333471957e-05,-0.0,0.00025457125115438335,0.0,-0.0,0.0,-0.0005126679426243464,-0.0001392623005748336,0.00019113443320957144
2025-05-19,-0.0005904268207431861,0.0,0.0,0.0,-0.0,-0.00042432562901448283,0.000608183316624872,0.0,-0.0006505667987972631,-0.0,0.0,-0.0,-0.00017255897198000618,-1.0715490298327298e-05,0.0001006224251408654
2025-05-20,-0.0004619415015247374,-0.0,-0.0,0.0,-0.0,0.0003662233504977488,-7.46929910136113e-05,-0.0,-0.0002579138192376768,0.0,0.0,0.0,0.0005331722385528713,-5.462873395391725e-06,-0.00037347523029460794
2025-05-21,-0.0011664546609750316,-0.0,-0.0,-0.0,-0.0,0.000430477383690723,0.001013465281913717,-0.0,-0.001382356872734706,-0.0,-0.0,-0.0,0.002813039517362593,-3.1553193865949465e-05,-0.0016526789169838707
2025-05-22,-0.0001809395951548275,0.0,0.0,0.0,-0.0,-3.6216139494432403e-05,0.0,0.0,-0.00033947754076040426,0.0,-0.0,-0.0,-6.785980060226442e-05,-7.513259074824244e-06,0.00023197343479001878
2025-05-23,-0.0015355567287327404,-0.0,-0.0,-0.0,-0.0,0.0008077838036324504,-0.0,-0.0,-0.0012315893594832695,-0.0,-0.0,-0.0,0.0011799703088423046,0.00032640878026935085,-0.0011642106222104188
2025-05-27,0.0012491799715601175,0.0,0.0,0.0,0.0,-0.0006591306358710415,0.0,0.0,0.0012315893594832712,0.0,0.0,0.0,-0.003583352699903142,-0.0006434098401837734,0.002894375005302854
2025-05-28,5.2417447328726974e-05,-0.0,-0.0,0.0,-0.0,0.00010541241954630885,-0.0,-0.0,-0.0004398855351764599,-0.0005955374923081222,-0.0,0.0,0.0010762912524572346,8.906254812626444e-05,-0.0007638887270043175
2025-05-29,-0.00011739146686777404,0.0,0.0,0.0,0.0,-0.0001368718983568214,-0.0,-0.0,-0.0002954218343083197,0.00029074297684120713,0.0,0.0,-0.0007401925147185911,-1.1997704243915861e-05,0.00031171749196635663
2025-05-30,0.00022455127562319012,0.0,-0.0,-2.0659449926189272e-05,-0.0,-0.00020882401046491152,-0.0,-0.0,-0.0017589753560586672,-0.0008007965832037304,-0.0,-0.0,0.0002725645086483761,-0.00040152503882591434,-0.0001715515182761703
2025-06-02,0.00021115420774373787,0.0,0.0,-0.0013530309279862062,0.0,0.0014283369334057985,-0.0,0.0,0.0,-0.0003131597108471136,0.0,0.0,-0.0008135759234993291,0.001067332485705103,0.0005704955223663252
2025-06-03,0.00038768498053522865,0.0,0.0,0.0,0.0,-0.0011141668768264777,0.0005417377027734171,0.0,0.0,-0.0007655566432529862,0.0,0.0,-0.00019519652703381418,-0.0005018513650313382,0.00046789274778325597
2025-06-04,-0.000110812919351017,0.0,0.0,0.0,0.0,-0.00017182979157054313,-0.0002463806061859906,0.0,-0.0,0.0003083866969753096,0.0,0.0,9.432476081987417e-06,-5.9236300691164134e-05,0.0001889579104410343
2025-06-05,-0.0005428235245870391,0.0,-0.0,-0.0,-0.0,-0.00015558864818134976,0.0007486327178564896,0.0,-0.0,-0.0008961447287669346,-0.0,-0.0,0.00018934753718271132,0.00011544729882733918,-0.0005475664988255244
2025-06-06,0.0008132672187875262,0.0,0.0,-0.0,0.0,-0.00020670125097214088,0.0013607412304784865,0.0,0.0,-0.0008344150073984826,0.0,0.0,-0.0004988392158117519,-0.0003537532058760856,0.0007505359966515736
2025-06-09,-0.0006093274215251869,0.0,0.0,-0.0,0.0,-0.0,-0.0004133464172729585,0.00012124892270910112,0.0,-0.0008913298086801344,0.0,0.0,1.7482493544590724e-05,8.523387322218089e-06,-4.218235204340255e-05
2025-06-10,0.0003018914446932796,-0.0,0.0,0.0,0.0,-0.0,-0.0007456611265137827,0.00057230689688037,0.0,-9.305475996138418e-05,0.0,-0.0007671383360453843,0.00037265188717123344,0.0003977143089515204,-0.0006474463592955401
2025-06-11,-0.0009690177495681161,0.0,-0.0,0.0,-0.0,-0.0,-0.00043248168088165474,-0.0,-0.0,0.00031085840253369703,0.0,0.0006468073679650004,-1.975969977292849e-05,-9.372029523608875e-05,0.00014146258750027122
2025-06-12,0.00010553298053191221,0.0,0.0,0.0,-0.0,0.0,0.00018768086298123418,0.0,0.0,-0.006248818148680436,-0.0,7.512207351051719e-06,1.292673926960814e-06,0.00039460503234041883,-8.567333516015189e-05
2025-06-13,-0.000695069957301452,-0.0,-0.0,-0.0,-0.0,-0.0,-0.0016201375508169528,-0.0,-0.0,0.0,-0.0,0.001180818067226619,-0.00025532476361526463,-0.00021013880788407733,0.0008548873793702282
2025-06-16,0.0,0.0,0.0,0.0,0.0,0.0,0.0010492841223111724,0.0,0.0,-0.0,0.0,-0.0010705091576636361,0.0005185472833692718,0.00025246107127230847,-0.0007013598657029104
2025-06-17,-0.0,-0.0,-0.0,-0.0,0.0,-0.0,-0.00021266931651989611,-0.0,0.0,-0.0,-0.0,0.0003854797254586795,-0.0004764551806384102,-0.00010417417431727861,0.0004932365418964439
2025-06-18,0.0,0.0,0.0,0.0,0.00012210018277758166,-0.0,-0.0006242182709164394,0.0,0.0,0.0,-0.0,-0.0001666499876246516,8.12019953275142e-08,5.43931535866996e-05,-5.31591757016597e-06
2025-06-20,0.0,-0.0,-0.0,-0.0,-0.0005685666880720508,-0.0,0.00021725372076888497,0.0,-0.0,-0.0,-0.0,3.782625322257655e-05,-5.626678120759835e-06,-0.0002874459009807248,-2.8457713275870793e-05
2025-06-23,0.0,0.0,0.0,0.0,-0.0005197471360256799,0.0,0.0005304988319669128,-0.0007928363575683709,0.0,0.0,0.0,-0.0007983352361441063,0.0005557713205948249,0.000968738597606473,-0.0004775759936976948
2025-06-24,-0.0,0.0,0.0,0.0,-0.0033033165838916158,0.0,0.001451708840888496,-0.00037702551675744273,0.0,0.0,0.0,-0.0010855043232799475,0.0003921914663784713,0.0018747298230624052,-0.0005871028959710059
2025-06-25,0.0,0.0,0.0,0.0,-0.0017636572732938139,0.0,-0.0006327436787679079,-0.0002204589109502853,-0.0,-0.0,0.0,0.0001045745657109923,2.1635236581299434e-05,0.0008468943676525162,-8.885606174394914e-05
2025-06-26,-0.0,0.0,0.0,0.0,-9.753381941847413e-05,-0.0,0.000553394692728452,-0.0005541838853374688,0.0,0.0,0.0,-0.00022589851148527838,0.00022124284387189523,0.0006909055477419846,-0.00024097354306428878
2025-06-27,0.0,-0.0,0.0,-0.0,-4.521896721993343e-05,0.0,0.000492506187310298,0.0002180236012665356,0.0,-0.0,0.0,-0.00018626500169231222,4.0005872338994274e-05,-0.00012082185361083017,-2.8977822348250867e-05
2025-06-30,0.0,0.0,0.0,0.0,0.000668519986614564,0.0,-0.0,-0.0005288754663811831,-0.0,0.0,0.0,-0.0001302146865699366,-3.7455917191484796e-05,0.0013329881082221856,2.2207442156915395e-06
2025-07-01,0.0,-0.0,-0.0,-0.0,0.0020829600911007363,0.0,-0.0,0.0002021955383989718,0.0,0.0,0.0,0.0,7.383319976913177e-06,-0.0007079948457342272,-0.0002361574830234446
2025-07-02,0.0,-0.0,0.0,0.000965165386916703,-0.0008775668595119492,-0.0,-0.0,0.0003703989631197114,0.0021689069893216627,0.0,0.0,0.0,0.000535312282838836,0.0002140156556094267,-0.00017461911021142182
2025-07-03,0.0,0.0,0.0,0.0009686954487855778,0.00022067105239875016,0.0,0.0,0.0,0.0,0.0,-0.0,0.0,-5.172823738507533e-05,-0.00034157774564479653,0.0004928244104361832
2025-07-07,-0.0,-0.0,-0.0,-0.00018203019959581244,-0.0,-0.0,-0.0,-0.0,-0.0,-0.0,-0.0,-0.0,-0.00043014614049072963,0.0005179318720565476,0.0002430531737888205
2025-07-08,0.0,-0.0,0.0,-0.00043591616453554275,0.0,0.0,0.0,-0.0,0.0,0.0,0.0,0.0,-3.229672005248865e-05,-0.00036146667803290387,-1.7983204590167585e-05
2025-07-09,0.0,0.0,0.0,0.0011097417515707386,0.0,-0.0,-0.0,0.0,0.00031894643553858406,0.0,-0.0,-0.0,0.0008624958940979064,-9.804544689186302e-05,-0.0007932085843800815
2025-07-10,0.0,-0.0,-0.00037311323669436485,-0.0004518375226951796,0.0,-0.00026181233542358034,-0.0,-0.0,-0.0008040799609171072,-0.0,-0.0,0.0,0.00013005502994098054,-0.0001660938133081281,9.973707046816025e-05
2025-07-11,-0.0,0.0,-0.00024922548713270554,-0.00018552896982679124,-0.0007777705179234452,-0.0010996932019032438,-0.0,-0.0,0.0008254155703724913,-0.0,-0.0,0.0,8.234792792066318e-05,-0.000390950588950402,-1.542371030390304e-05
2025-07-14,-0.0,-0.0,0.0002583670905954175,0.0002218266120742429,6.150482563284131e-05,0.0004984021332144907,0.0,-0.0,0.00027819459740246734,-0.0,-0.0,-0.0,-0.00011285761370900893,-5.8135035110893825e-05,0.00019709752840249507
2025-07-15,0.0,0.0,-0.001980723188680197,0.0009595292131630089,-0.0031051884662789296,-0.0003843174411618717,-0.0,-0.0,0.000822173436255801,0.0,0.0,-0.0,0.0002542291591327842,0.000736626216333331,3.6951540390736234e-05
2025-07-16,0.0,-0.0,-0.00019586659361813818,-2.3141967480322243e-05,0.0,-0.00033198000600432454,0.0,0.0,0.0005042796527394264,0.0,-0.0,-0.0,0.00021513743587757325,0.00014467316285308627,-8.87194398715347e-05
2025-07-17,3.331905497185356e-05,0.0,-0.0004733316412510547,0.00099428584007147,0.0,0.0006426717794124138,0.0,0.0,-0.00024181185843223296,0.0,-0.0004760698545450076,-0.0,-8.750708558393883e-06,-0.00016320831777922955,0.00034442335367994954
2025-07-18,-0.0002754043050260466,-0.0,0.00017081166550095406,-0.0005458205451690909,-0.0,-9.013440657879761e-05,0.0,-0.0,-0.0006536040783676351,-0.0,0.0007124156826421725,0.0,2.726252827614757e-06,1.1327694547654406e-05,-4.05813308428522e-05
2025-07-21,-0.000306850795485031,0.0,0.00029960239733935797,0.0008520895569275864,0.0,0.00025767982100538707,-0.0,0.0,-0.0003451264781385293,-0.0,0.0013290772008576791,-0.0,-2.250828332286441e-05,-1.6120043666838457e-05,0.00020879865415111173
2025-07-22,-0.00044977814542890017,-0.0004717712996428139,-0.0,-0.001697410707136712,-0.0,0.0007008419382569477,0.0,-0.0,4.301075534039961e-05,-0.0,-0.0,0.0,2.502058401966068e-05,0.00033198726764095194,0.0007290760398713003
2025-07-23,5.8336256763345156e-05,5.9338970906327246e-05,0.0,0.0009070462872300738,0.0,-5.5009196108505995e-05,0.0,0.0,-0.0005349933343555461,0.0,0.0,-0.0,0.0015331420270423336,-0.00019569970599875975,-0.0006623965359898542
2025-07-24,9.114068565495799e-05,0.0004927504841939469,0.0,0.0,0.0,-0.00010347379893953027,0.0,-0.00024103472286528477,0.0018649169512687692,0.0,-0.0,-0.00015056203235823548,1.1437076842030261e-05,-5.757476072502087e-05,-0.00013387737969853357
2025-07-25,-2.8060986612500776e-05,0.00027620874660169367,-0.0,0.0,0.0,-0.00012795826118129356,0.0,0.000292014262639612,-0.0,0.0,-0.0,-0.00018884235246031996,-0.0002284482232173203,-8.946616988904561e-05,-3.2945269561973895e-05
2025-07-28,-3.972612552121952e-05,-0.0001179096442971314,0.0,0.0,0.0,-0.0,0.0,-0.0005636543111349177,-0.0,0.0,0.0,0.001138356137713019,-7.371191416744726e-07,-0.0002324036522648046,-0.00012789321840502257
2025-07-29,0.0006536348139405897,6.828801946094616e-06,-0.0,0.0,0.0,0.0,-0.0,2.943774003197012e-05,-0.0,0.0,0.0,0.0005596044016779271,-2.0996979755909825e-06,-1.143830164224937e-06,5.891767468212564e-05
2025-07-30,0.000528173925478463,6.531424876661515e-05,0.0,0.0,0.0,-0.0,-0.0,0.00023121852780187409,-0.0,0.0,-0.0,-0.0004883210250293347,1.4334647462384542e-05,-7.834493342227745e-05,-2.5090845516686598e-05
2025-07-31,-0.0,0.0019357749357495264,-0.0,-0.0,-0.0,-0.0,-0.0,-0.00014300915473250604,-0.0,0.0,-0.0,-0.0022833045901617874,6.532281168676595e-05,0.00033340765435737604,0.00018781891851313753
2025-08-01,-0.0,-0.0,-0.0,-0.0,-0.0,-0.0,-0.0,-0.0007175210047485361,-0.0,-0.0,0.00048483173575028624,-5.5260836748004783e-05,0.0007247533001202077,0.0018735053413838707,-0.0001345412620687286
2025-08-04,0.0,0.0,0.0,0.0,0.0,-0.0,0.0,0.0010177342519832981,0.0,0.0,-0.0002299632055064695,0.0005143201102084397,-0.0006386274593682168,-0.0016509897321154753,0.00018952978305655956
2025-08-05,-0.0,0.000741980344946773,-0.0,-0.0,-0.0,-0.0,-0.0,-0.0007131949461056082,0.0,0.0,-0.0002719060470202448,0.0007252999807626005,0.00010929649464560909,0.0005054262501752714,1.5659607270479894e-05
2025-08-06,0.0,-0.0,0.0,0.0,-0.0,0.0,0.0,0.0012360755283035109,0.0,0.0,-0.00029738593905725275,0.00013735162551855394,-0.00023397186695752977,-0.0007015532684557698,-0.00020502660460565636
2025-08-07,0.0,-0.0,0.0,0.0,0.0,-0.0,-0.0,0.00049601441929963,-0.0,-0.0,2.0566257916615507e-05,0.0,3.1007592769379815e-05,-6.230915566391207e-05,-1.9164679359781678e-05
2025-08-08,0.0,0.00011506602193996358,0.0,0.0,0.0,0.0,-0.0,0.0,0.0,0.0,0.0005656708599867411,0.00035108551507363837,-7.627472449043063e-05,-0.0007121938289385612,-1.6078399244301784e-05
2025-08-11,-0.0,-2.5866777097536926e-05,-0.0,-0.0,-0.0,-0.0,-0.0016548774840204562,-0.0,0.0,0.0,0.000138733889298396,-0.0009462984311376426,4.636828772029565e-05,0.0008148139186574788,-4.4056172924513006e-05
2025-08-12,0.0,0.0007107568708417082,0.0,0.0,0.0,0.0,-0.00021966697691802681,0.0,0.0,0.0,0.0019094133205032522,0.0024588154543709324,-0.0002907177020202551,-0.001940152827320397,0.00030594240850641594
2025-08-13,0.0,-0.0008249220281307809,-0.0,-0.0,0.0,0.0,0.0011457967949275662,-0.0,0.0,-0.0,0.0009216553816421768,8.284577051980818e-05,-0.00010423756432861441,-4.9496906872917746e-05,1.4088974138341743e-05
2025-08-14,-0.0,0.000182156549140354,0.0,0.0,-0.0,-0.0,-0.0007780769257979605,-0.0,0.0,0.0,0.0,0.00010852717439123756,-5.513200180325842e-07,0.00020451705816950552,-4.080791396828547e-06
2025-08-15,-0.0,-0.00022155121848551888,-0.0,-0.0,-0.0,0.0,0.00190645400981459,-0.0,-0.001445784330458582,0.0,-0.0,0.00022149000883996134,-0.00017626897451844862,0.0006403124268243514,9.046055416246209e-05
2025-08-18,-0.0,-0.00029597009112577235,0.0,-0.0,-0.0,0.0,0.0,0.0,0.001866662236435045,0.0,0.0,-0.0,-1.657609602839181e-05,-3.237152094299705e-05,8.957575783351178e-06
2025-08-19,-0.0,-0.0007138317899101307,-0.0,-0.0,-0.0,0.0,0.0,-0.0,-0.003370685800339598,-0.0,-0.0,0.0,-0.0004267571742826884,0.0003296750825809774,0.000259059189914265
2025-08-20,-0.0,-0.00039882435801381184,-0.0,-0.0,-0.0,-0.0,0.0,0.0,0.0036249236362450917,9.368083135668825e-05,-0.0,0.0,-0.00020076219963479004,0.0011909334339702583,-0.0006093728950960662
2025-08-21,-0.0,-0.0001465405619421158,-0.0,-0.0,-0.0,0.0,-0.0,-0.0,8.503403410087212e-05,-0.0004057943763679432,-0.0,-0.0,-0.000237521753414268,0.0006396367858574955,-0.0005573959892415565
2025-08-22,0.0,0.00029561022169780657,0.0,0.0,0.0,0.0,0.0,0.0,-0.0026921616010411593,0.000683673037417858,0.0,0.0,0.001031881307239563,-0.0024154892370826285,0.0018834049554757788
2025-08-25,-0.0,-0.0002936270784154463,0.0,0.0,-0.0,0.0,-0.0,-0.0,0.0005065899465203477,-0.000203484955910734,-0.0,-0.0,-0.00032931506052286987,0.0004152445019219188,-0.0003658742090628795
2025-08-26,0.0,-0.00022061051391282228,0.0,0.0,0.0,-0.0,-0.0,0.0,0.0004090002355965404,-0.00025552630035912083,0.0,0.0,0.00030566914056845857,-0.0008448768404045523,0.0005114742146966348
2025-08-27,0.0,0.0,-0.0,0.0,0.0,0.0,0.0,0.0,-0.0010162951507019455,0.0003404123612383717,0.0,-0.0,0.00016089507359420173,-0.0009283569517759336,0.00021310621109644912
2025-08-28,0.0,0.0,-0.0,0.0,0.0,-0.0,0.0,0.0,-0.00016070724964143573,0.0009472486275346564,0.0,-0.0,0.0002730349099510786,-0.0012897094836742586,0.0007740981495064418
2025-08-29,-0.0,-0.0,-0.0,0.00185817700634946,-0.0,0.0,-0.0003367411608297108,-0.0,0.0011770024003433834,-0.0030430656720433647,-0.0,-0.0,-0.00036041407386550733,0.0016687663437959142,-0.0019474871585580646
2025-09-02,-0.0,-0.0,-0.0,-0.00014270613921552904,-0.0,-0.0,0.0006658777284433134,-0.0,0.000288303928931587,-0.00018386038483519062,-0.0,-0.0,-0.0005368216382172924,0.0011192190916285885,-0.0013203378878098963
2025-09-03,0.0,0.0,-0.0,-0.000690952173914924,-0.0,0.0,-0.0007048868975762911,-0.0,0.0004355970301010784,-0.00041225860293691647,-0.0,-0.0,0.00035517294835615896,-0.0007118831760158436,0.0013527068486592897
2025-09-04,0.0,0.0,0.0003038457404762557,-0.0006097135487921031,-0.0,-0.0,0.002486225288766165,0.0,0.0,-0.00010079519596708239,0.0,-0.0,1.2426153514189805e-05,-0.0009153004108619104,0.0018243695613022047
2025-09-05,-0.0,-0.0,-0.0013701105282495237,-0.004494513687169175,-0.0,0.0,0.0,-0.0,-0.0,0.002150397219858202,-4.0682211601262406e-05,0.0,8.94291259232349e-05,-0.00015099247748302002,0.000327489431192801
2025-09-08,-0.0,0.0,0.0003846975706495691,-0.001581229134826183,8.924147138534795e-05,0.0,-0.00030018180535743445,-0.0,-0.0,0.0012052866756266582,-0.00012496882286597123,-0.0,7.748450594340793e-06,-0.0019500037169722635,0.001225964836578716
2025-09-09,-0.0,0.0,0.0007225772375843309,-0.0,0.0014355052941215788,0.0006454237111572876,4.163940517853086e-05,0.0,-0.0,0.0,0.0004954571741853001,-0.0,0.0005211607804146602,-0.000228104844616633,-0.0001880234520357459
2025-09-10,-0.0,0.0,0.0018876670807313188,-0.0046618472766856165,0.0011796589790135563,0.0005538098707246215,0.0019188412946107966,0.0,0.0,0.0,-9.130697414775138e-05,-0.0,0.00021214330440229626,-0.0021218889856626138,3.909360629054192e-05
2025-09-11,0.0,0.0,-4.5133994602091926e-05,-0.0,-0.0012278146217612656,-5.565783851684055e-05,0.0,-0.0,-0.0,0.003218703299312594,0.0,0.0,0.0019024777556541676,0.0005223059023376392,-0.002207289706720053
2025-09-12,0.0,0.0,0.0001831039540323384,0.0,0.0009228877076858995,-0.0,-0.0,-0.0,-0.0,0.002613754173878022,0.0,-0.0,-4.8099720847055415e-05,-0.00011259110856032197,-0.001500549391078317
2025-09-15,0.0,0.0,-1.968670048213043e-05,0.0,0.0008100762060835253,-0.0,-0.0,0.0,0.0,-0.0016760217705605385,-0.0,-0.0,0.0008097205933282621,0.0016592640634348983,-0.003155898098700541
2025-09-16,0.0,-0.0,-0.0008139022127560902,-0.0,-0.00021764849988182498,0.0,-0.0,-0.0,0.0,-0.0007408272978207012,0.0,-0.0,-0.0002023420732052307,-0.0006406686692375704,0.00030616193465959624
2025-09-17,0.0,0.0,-0.0013298579194857593,-0.0,-0.0004067352383391047,0.0,0.0,0.0,-0.0,0.0008617783964830071,0.0,0.0,-0.00016360584516511882,-0.000611222353394298,0.0006924508843216557
2025-09-18,-0.0,-0.0,0.0,-0.0,-0.0003910704936778129,-0.0007388452946836257,0.0,0.0,0.0,0.000800980291425809,-0.0008608749208899227,0.0,0.0008919936608791725,0.004617643381909279,-0.00356577375968565
2025-09-19,0.0,0.0,0.0,-0.0,-0.0,0.00021271985832138122,0.0,-0.0,-0.0,-0.00198942445794345,0.0003821142246726891,-0.0,0.00039197718905747405,0.0034047118076757678,-0.002792287764134718
2025-09-22,0.0,-0.0,0.0,-0.0,0.0,0.00024932241583873195,0.0,-0.0,0.0014056462214903837,-0.0030615236723523214,-0.0008527407568370593,0.0,0.0012875478239929854,0.005518303128952845,-0.002492733281119386
2025-09-23,-0.0,-0.0,-0.0,0.0,0.0,0.00031686657174488143,-0.0,-0.0,-0.0009983119930994852,-0.0,5.6005901213122076e-05,0.0,-0.0009740769995355598,-0.00048421018120963015,0.0007590185332957941
2025-09-24,-0.0,0.0,-0.0,0.0,-0.0,0.0011901827592430134,0.0,-0.0,-0.0031053571186225155,-0.0,-0.0011717919998966819,0.0,-0.0005557573231665768,-0.0003359429587849692,0.0003956674000137572
2025-09-25,0.0,-0.0,0.0,-0.0,0.0,-0.00012580756676285854,-0.0,0.0,-0.004250372431036941,-0.0,0.0011275716025684148,-0.0,-0.0007672891715813184,-8.499076220969911e-05,0.00044378614515430426
2025-09-26,-0.0,0.0,0.0,-0.0,-0.0,-0.0008691246501039396,0.0,-0.0,0.0,-0.0,0.0001416431542152045,0.0,0.0004606796193241632,2.636010606104984e-05,-0.0001104201507196976
2025-09-29,-0.0,0.0,0.0,-0.0,0.0,0.00013198301610441382,0.0,0.0,-0.0,-0.0,0.0011659721172572208,-0.0,0.00022763453535538665,5.7814232554951986e-05,-0.0001281870162446364
2025-09-30,0.0,0.0,0.0,0.0,0.0,0.0009366015185476349,-0.0,0.0,-0.0,-0.0,0.0,0.0,0.00016431464751213857,-1.4751569849553234e-05,-3.473436529641173e-05
2025-10-01,0.0,0.0,0.0,0.0,0.0,0.0012966109143950513,-0.0,0.0,0.0,0.0,0.0,-0.0,0.00013400706303597572,-4.952955070013131e-05,-3.4089405743939334e-05
2025-10-02,0.0,-0.0,0.0,0.0,0.0,0.0,0.0,-0.0,0.0,-0.0,0.0,0.0,-0.0,-0.0,-0.0
2025-10-03,0.0,0.0,-0.0,0.0,-0.0,-0.0,0.0,-0.0,-0.0,-0.0,0.0,-0.0,0.0,0.0,0.0
2025-10-06,-0.0,0.0,-0.0,-0.0,0.0,0.0,0.0,0.0,-0.0,0.0,-0.0,0.0,-0.0,-0.0,-0.0
2025-10-07,-0.0,-0.0,-0.0,0.0,0.0,-0.0,-0.0,0.0,0.0,-0.0,-0.0,-0.0,0.0,0.0,0.0
2025-10-08,0.0,0.0,0.0,0.0,0.0,0.0,0.0,0.0,0.0,0.0,0.0,0.0,-0.0,-0.0,-0.0
2025-10-09,-0.0,-0.0,0.0,-0.0,-0.0,-0.0,0.0,-0.0,0.0,0.0,-0.0,-0.0,0.0,0.0,0.0
2025-10-10,-0.0,-0.0,-0.0,-0.0,-0.0,-0.0,-0.0,-0.0,-0.0,-0.0,-0.0,-0.0,0.0,0.0,0.0
2025-10-13,0.0,0.0,0.0,0.0,0.0,0.0,0.0,-0.0,0.0,0.0,0.0,0.0,-0.0,-0.0,-0.0
2025-10-14,0.0,-0.0,-0.0,-0.0,0.0,-0.0,0.0018384122762511376,0.0,-0.0,-0.0,-0.0,-0.0,-3.11892386176166e-05,0.00013551026103416383,-0.00010307994255417599
2025-10-15,0.0,-0.0,-0.0,0.0,0.0,-0.0,-0.0,0.0,0.0,0.0,0.0,0.0,-0.0,-0.0,-0.0
2025-10-16,-0.0,-0.0,0.0,0.0,-0.0,-0.0,0.0,-0.0,-0.0,0.0,0.0,0.0,0.0,-0.0,0.0
2025-10-17,0.0,0.0,0.0,-0.0,-0.0,0.0,0.0005970464332604153,0.0,0.0,-0.0,-0.0,0.0,-0.0001565910856515291,9.687081308540356e-06,0.00023323021864029162
2025-10-20,0.0,0.0,-0.0,-0.0,0.0,0.0,-0.0022522707400526743,-0.000369372329085865,0.0,-0.0,0.0,0.0,1.3112389398504424e-05,0.00031420383731996113,0.00019669064952943996
2025-10-21,0.0,0.0,-0.0,-0.0,-0.0,0.0,-0.001763786579622562,-4.951545994257372e-05,0.0,-0.0,0.0,0.0,-3.985905628607168e-08,1.14845237258441e-05,-6.651866793292699e-06
2025-10-22,-0.0,0.0,-0.0,-0.0,-0.0,-0.0,0.0013018714491254818,4.2438819919441663e-05,-0.0,-0.0,0.0,-0.0,-1.2914918621024632e-06,-0.0002550389340921538,-0.00022065080768601475
2025-10-23,0.0,0.0,0.0,0.0,0.0,0.0,0.00031073601546070296,0.0002767338363446303,0.0,0.0,0.0,0.0,-3.097733610593353e-05,0.00031677385194386757,0.00023589087158432302
2025-10-24,0.0,0.0,0.0,0.0,0.0,-0.0,4.3147409910658767e-05,-0.00025550091083623237,0.0,0.0,-0.0,-0.0,-5.652191337443087e-05,0.0003413657377936542,0.00033705533532793654
2025-10-27,0.0,0.0,0.0,0.0,0.0,0.0,-0.00012541648746976965,-0.0005351410046769062,0.0,-0.0,0.0,0.0,-9.000631113850436e-05,0.0003568344819393044,0.0005948431644207506
2025-10-28,0.0,0.0,0.0,0.0,-0.0,0.0,0.00023738101990707696,-0.000854128123591026,0.0,-0.0,0.0018037810758656453,-0.0,0.00010422207491500776,0.00017429521780794308,0.0004227919828915446
2025-10-29,0.0,4.798730550514694e-05,0.0,0.0,0.0,-0.0,0.0005536717178470572,0.0008961684848121552,-0.0,-0.0,0.0006561117221388289,-0.0,3.5095720111176115e-05,0.00013192780153229954,0.00024998976020812333
2025-10-30,0.0,0.0014795281716421522,-0.0,-0.0,-0.0,0.0,0.0,0.0,-0.0,-0.0,-0.0,0.0,-7.76472550511714e-05,-2.6790668630973013e-05,-0.00023207182207954531
2025-10-31,-0.0,-0.0,-0.0,-0.0,0.0,0.0,0.0,-0.00013696762434428696,-0.0,0.0,-0.001016340554549878,0.0,0.00037823481641897905,2.2533454720520416e-05,-0.0001460936416294307
2025-11-03,-0.0,-0.0,0.0,-0.0,0.0,-0.0,0.0,-0.0009081301412396763,-0.0,-0.0,4.9776012075085255e-05,0.0,0.00022951306956716757,9.211188647660462e-05,-0.0001632230657997334
2025-11-04,0.0,-0.0,-0.0,-0.0,-0.0,-0.0,-0.0,0.0014513521523048416,-0.0,-0.0,0.0022291280548007667,-0.0,-0.0013898421028974868,-0.0005846107869395029,0.0006113523804046685
2025-11-05,0.0,-0.0,-0.0,0.0,0.0,0.0,-0.0,0.00015233358965088456,0.0,0.0,0.0,0.0,8.682976639130624e-05,0.00011834666927217138,-0.00020561990847718328
2025-11-06,-0.0,-0.0010017661279560176,-0.0,-0.0,-0.0,-0.0,-0.0,0.0007405472803494392,-0.0,-0.0,0.0018476544036812185,-0.0,-0.0009370510095718531,-0.00039299068075526484,0.0004461972210412557
2025-11-07,-0.0,-2.8171282136104652e-05,0.0,-0.0,-0.0,-0.0,0.0,-2.1110407744461638e-05,0.0,-0.0,0.0006713460734758756,-0.0,7.657935635662356e-05,-6.405092726744776e-05,4.792037299191988e-05
2025-11-10,0.0,0.0009154440914780285,0.0,0.0,0.0,0.0,0.0,-0.0007125015788841719,0.0,0.0,-0.00019856359682585598,0.0,0.0011054954523537909,0.0004391324154065519,-0.00020133320776204817
2025-11-11,0.0,0.00026412329325402936,-0.0,-0.0,-0.0,0.000660060637678136,0.0,0.0002642565261001848,-0.0,-0.0,0.0,-0.0,-1.0370016135514226e-05,-0.0003776834194786688,0.00019328780147992344
2025-11-12,-0.0,0.0002412195065128975,0.0,0.0,0.0,0.0005714177399262591,0.0,-0.0015447099312220305,0.0,-0.0,0.0,0.0,-8.766360256292072e-06,0.00014930854124280295,5.4292617404923466e-05
2025-11-13,-0.0,-0.0007738490281683001,-0.0,-0.0,-0.0,-0.0,-0.0,-0.002260197137672144,-0.0,-0.0,-0.0,-0.0,-0.0002506001489423935,-0.0007355188566026077,0.0009929953276553044
2025-11-14,-0.0,0.0006798529953158999,0.0,0.0,-0.0,-0.0,0.0,0.0,-0.0,0.0,0.00014921957815436287,-0.0,-4.8610280568935866e-06,-7.66296131017679e-05,2.0656505126110475e-05
2025-11-17,-0.0,-0.0,-0.0,0.0,-0.0,-0.0,-0.0,-0.0,-0.0,-0.0,0.002122233264183078,-0.0,-0.0004819896311909097,0.0002257331564840928,-0.00031132523287356
2025-11-18,-0.0,-0.0,0.001424164110698491,-0.0,-0.0,-0.0,-0.0,-0.0,-0.0,0.0,-0.0,0.0,0.00029895943004472293,-0.0014746151544641915,0.00021494404836250647
2025-11-19,0.0,-0.0,-0.001402723287042328,0.0,-0.0,-0.0,-0.0,0.0,0.0,0.0,0.0,-0.0,-0.00012065012856296098,0.0006220151224034391,-0.00011792808885723605
2025-11-20,-0.0,-0.0009000294799962655,0.0016016185769384154,-0.0,-0.0,-0.0009056408475293008,-0.0,-0.0,-0.0,-0.0,-0.0,-0.0,0.0014545319456801525,-0.003288127488018976,0.0008358052361367936
2025-11-21,0.0,-0.0006638359569762532,0.0004895455217308764,-0.0,-0.0,0.0018522672851506356,0.0,0.0,0.0,-0.0,0.0,0.0,-0.0008325309046978619,0.00039565747643670595,-0.0003422312556041959
2025-11-24,0.0,0.0001987065567104099,-0.001015445906745584,0.0,0.0,-0.0008492707131251518,-0.0,0.0,0.0,0.0,0.0,0.0,-0.001398198169524968,0.0024821885095453818,-0.001031040353026376
2025-11-25,0.0,0.00031441023064611787,0.001312615270432655,0.0,-0.0,0.00012847033451250761,0.0,0.0,0.0,-0.0,-0.0,0.0,-0.0009492239845212183,0.0002600590668374671,-0.0001538011997188797
2025-11-26,0.0,0.0008841880711690317,-0.0006814225217635443,0.0,0.0,-0.0003186473810740465,-0.0,-0.0,0.0,0.0,0.0005602299506431421,0.0,-0.00113744922559434,0.0011473861672208381,-0.0003153144467587715
2025-11-28,0.0,0.0006659876878813213,0.0009125260277217256,0.0,0.0,0.00040931774108867033,0.0,0.0,0.0,-0.0,0.0008852975628010229,0.0,-0.0009010088278564701,0.0008435482817398333,-0.0003029148852016225
2025-12-01,0.0,-0.0005384470937530289,0.0,0.002139634978033671,0.0,0.00042303278879464803,0.0,-0.0,-0.0,-0.0,-1.4875197206078347e-05,3.2696252985714836e-05,0.0007718441948495836,3.152840840200372e-05,-0.00010198848954068098
2025-12-02,0.0,0.000333764574536343,0.0,0.0005875140872609361,-0.0,-6.195211109744878e-06,0.0,0.0,0.0,0.0,0.0007852791749606904,-0.0020677339249531817,-0.00019067013287354037,0.0006767546608444313,-7.561144822015891e-05
2025-12-03,-0.0,-0.001267983587978559,-0.0,0.00012595456554430847,0.0,0.0006111623376198174,0.0,0.0,0.0,0.0,0.001263913207222296,-0.0020513691266581735,-0.0003564636285266031,0.00016035683132914393,-2.6539043519095443e-05
2025-12-04,-0.0,0.0003244427545476191,0.0,-5.5144168186050325e-05,-0.0,0.00029747917683903,0.0,0.0,-0.0,0.0,-0.0,-0.0,-5.982520800780112e-05,0.0002864593376240575,8.626532177543073e-06
2025-12-05,-0.0003431771533048176,0.00024066436505121408,-0.0,-0.001194191114163618,0.0,0.0,-0.0025811293160982298,0.0,0.0,0.0,0.0,0.0,-0.00014461019271901331,0.0002313967832683855,0.00024683358549295746
2025-12-08,-0.00015987941838473124,0.0008068499212712343,0.0,-0.0013724419154198509,0.0,0.001041795545327416,0.00019996181237008043,0.0,-0.0,0.0,0.0,-0.0,-1.0176009018431344e-05,0.00027991689233476734,-2.9153375688701415e-05
2025-12-09,-0.0001279118646694668,0.0001017252955052158,-0.0,-0.0006428208779691289,0.0,-0.0007608715244491592,-0.0002862364939494404,0.0,0.00024752525799281023,0.0,0.0,-0.0,-8.290525283987631e-05,-1.1492159397863941e-05,-8.411325958599807e-05
2025-12-10,0.00028779128305419604,-0.001386888559548445,-0.0,-0.0008153880381052609,-0.0,0.00017310367133707214,-0.0006054679674421736,0.0,0.0003444895516907828,0.0,0.0,0.0,0.0005440239427376065,-3.335955132470599e-05,-0.00022171763646742089
2025-12-11,-0.00013469593821498394,0.0005103835258438761,-0.0,0.0008055438227804727,0.0,-0.001052579386454552,0.00035134509777520496,-0.0,-0.001581898036150484,-0.0,-0.0,0.0,0.00023626635204992955,3.1619091868052347e-05,0.00022034417156658752
2025-12-12,4.4938975899999655e-05,-0.0005135180273024534,-0.0,0.006067725327147302,-0.0,-0.0008488447651295608,2.2875443610726983e-05,-0.0,-0.002199009326022899,-0.0,-0.0,-0.0,-0.0011980763899022916,0.0001380144108171652,0.0014700773162457635
2025-12-15,-0.0007549157688400873,-0.00038915600024721857,0.0,-0.0,-0.0,0.0007462192266638077,0.0014803426409108875,0.0,-0.0003983026904522708,-0.0,0.0,-0.0,-0.000253429269107643,-0.00031434568670914956,0.001116298447143769
2025-12-16,9.112117990677452e-05,0.0001650530824624977,0.0,0.0,0.0,0.0004663572376084802,-6.477066206356289e-05,-0.0,-0.0002673088430364788,0.0,0.0008835842520831238,-0.0,-0.0006397472757470466,7.378644477798098e-05,-0.00043646965251590913
2025-12-17,-0.0005069125676576248,-2.834615985464896e-05,-0.0,-0.0,-0.0,-0.0009636623105736672,-0.000629576586174083,-0.0,-0.0017177261751054288,-0.0,0.0010848155537966156,-0.0,-0.0025310796278561146,-0.0008428605347886192,0.003996353454647986
2025-12-18,6.433469630125585e-05,0.0,0.0,0.0,0.0007390469495519383,-0.00016186482248956556,5.620264550367809e-05,0.0,0.0,0.0,-0.000533869383887476,0.0,0.0016199875293184435,-0.0008341691484691973,-0.0015225176533584014
2025-12-19,0.0002711324564229175,0.0,0.0,0.0,0.002985276953910132,-7.0257282282928835e-06,-0.000397869837366709,0.0,0.0,0.0,-0.00030334342126645463,0.0,0.0012826660551515786,-0.001180489658452193,-0.0013016961906025628
2025-12-22,-0.000495744366661774,-0.0,0.0,0.0,0.00035482664434068967,-0.00023409398092653552,-0.0008998603347241518,-0.0,-0.0,0.0,-0.0,0.0,0.0007911858914459891,-0.00024072333650345396,-0.0003220555534457702
2025-12-23,0.0002558303484947923,0.0,0.0,0.0,-1.1631964691284325e-05,0.000719781427831816,0.00022724729493856676,-0.0,-0.0,-0.0,0.0,-0.0,0.0005681924316323711,-0.0003202129484880192,-0.00044199114306692997
2025-12-24,0.0002654857291064793,0.0,-0.0,0.0,3.2562684315999636e-05,-7.938759819175023e-05,-0.00034613995130964583,0.0,-0.0,0.0,0.0,0.0,0.0004313734651701208,-0.00014212665773827735,-0.00027316477471792995
2025-12-26,-7.492554535231605e-05,-0.0,0.0,0.0,-1.1627095836407746e-05,-0.00011601918106325991,-0.0001543269189205314,0.0,0.0,0.0,0.0,-0.0,-1.4061894218158953e-05,-7.817555512056806e-05,7.36410761176182e-06
2025-12-29,6.579429270170178e-05,-0.0,-0.0,-0.0,0.00014398523652021852,9.052848461515504e-05,-2.8179069333720317e-05,-0.0,0.0,-0.0,-0.0,-0.0,-0.0005117400943822127,0.00018178598401420926,0.0006242231774237657
2025-12-30,-0.00012435087969019294,0.0,-0.0,0.0,-6.265228804450258e-05,9.211106945594447e-05,5.825425821042624e-05,-0.0,0.0,0.0,0.0,-0.0,-0.00017890131741936046,0.00012903675151889233,0.00030178235388754736
2025-12-31,-0.00022387823214888234,-0.0,-0.0,-0.0,-0.0,0.0003587203998772979,0.00019026830036005058,-0.0,-0.0,-0.0,-0.0,-0.0,-0.0007152934290734265,-0.0007108767370531389,0.0011082338656762257
