date,gross_pnl,transaction_cost,net_pnl
2020-07-01,0.0011796634024646142,4.76008708912928e-05,0.0011320625315733215
2020-07-02,-0.0008774083354382479,1.2472093571073826e-05,-0.0008898804290093218
2020-07-06,0.00025044600368207817,1.244194919080302e-05,0.00023800405449127515
2020-07-07,-2.1981091106469396e-05,6.390771335294963e-06,-2.837186244176436e-05
2020-07-08,-9.403717268164702e-05,5.626649980612391e-06,-9.966382266225941e-05
2020-07-09,0.00020423538986499883,8.202237499525101e-06,0.00019603315236547372
2020-07-10,0.0002551771523621338,9.434262191874937e-05,0.00016083453044338442
2020-07-13,0.0007335826842719952,1.7427696478641997e-06,0.000731839914624131
2020-07-14,0.0,9.640736985336775e-05,-9.640736985336775e-05
2020-07-15,0.0,0.0,0.0
2020-07-16,0.0,0.0,0.0
2020-07-17,0.0,0.0,0.0
2020-07-20,0.0,0.0,0.0
2020-07-21,0.0,0.0,0.0
2020-07-22,0.0,0.0,0.0
2020-07-23,0.0003547723283203676,0.00014230869007002294,0.00021246363825034464
2020-07-24,-0.008050797407224572,4.7164178875166955e-05,-0.008097961586099739
2020-07-27,-0.0003413049169989691,0.000121028832499192,-0.0004623337494981611
2020-07-28,-0.0008923084725951044,4.699246297766302e-05,-0.0009393009355727674
2020-07-29,6.50341276165116e-05,6.539766892676345e-05,-3.6354131025185437e-07
2020-07-30,0.001271613900123211,8.914504775206153e-07,0.0012707224496456904
2020-07-31,0.005770280264482101,8.840077864559468e-05,0.005681879485836506
2020-08-03,-0.0012342958862908429,4.357120946048505e-05,-0.001277867095751328
2020-08-04,0.0006855763637626413,9.451426592016966e-05,0.0005910620978424717
2020-08-05,-0.0007378860972865843,1.1736814972239472e-06,-0.0007390597787838082
2020-08-06,-0.0007038522092833518,9.07098040551539e-07,-0.0007047593073239033
2020-08-07,0.0008578197990337853,1.555887788983302e-06,0.0008562639112448021
2020-08-10,0.00027254878370376964,4.551027083157295e-06,0.00026799775662061237
2020-08-11,-0.0014769843736149708,5.93203694948103e-07,-0.001477577577309919
2020-08-12,-0.0020771559001770707,3.8820881774506016e-05,-0.0021159767819515767
2020-08-13,-0.005673069288699298,6.387381365548652e-05,-0.005736943102354785
2020-08-14,-0.0009075604002427637,9.995854913224158e-06,-0.0009175562551559878
2020-08-17,-0.0011068890120117922,7.931757444923257e-05,-0.0011862065864610247
2020-08-18,0.003199955519302816,2.5517278775186606e-06,0.0031974037914252974
2020-08-19,0.0015263628806973166,6.0152552364469156e-05,0.0014662103283328474
2020-08-20,0.000897805982667986,0.0001522881754272296,0.0007455178072407565
2020-08-21,-0.004344445944494478,5.2082978782632737e-05,-0.00439652892327711
2020-08-24,-0.0006281444486104288,5.61573487562026e-05,-0.0006843017973666314
2020-08-25,0.001223914016391651,7.598924878803173e-06,0.0012163150915128478
2020-08-26,-0.009148498971032018,6.718958445328928e-05,-0.009215688555485308
2020-08-27,0.0025283307276588243,0.0002188867403629974,0.002309443987295827
2020-08-28,0.0006296085000457999,7.415950672763923e-05,0.0005554489933181607
2020-08-31,0.00045917067942514175,6.439316762110285e-05,0.0003947775118040389
2020-09-01,0.0006548899205757778,6.318576399678082e-05,0.0005917041565789969
2020-09-02,-0.0008499693688518921,9.383883192303238e-05,-0.0009438082007749244
2020-09-03,0.0015843328215998716,3.5124128838007594e-06,0.001580820408716071
2020-09-04,0.0007045345606042379,6.084161821984943e-06,0.000698450398782253
2020-09-08,-7.896658213193115e-05,6.899359811386583e-05,-0.00014796018024579698
2020-09-09,-0.001232731604951639,1.0369140128538958e-06,-0.001233768518964493
2020-09-10,-0.00035218976002368205,3.6864246764611587e-06,-0.00035587618470014323
2020-09-11,-8.945683776287115e-05,5.2584762832967194e-05,-0.00014204160059583834
2020-09-14,-0.00399530978427734,0.0001369488588022566,-0.004132258643079596
2020-09-15,-0.0017438732337218446,4.662544350365094e-06,-0.0017485357780722096
2020-09-16,0.0017818979751018376,4.4958061721426844e-05,0.0017369399133804106
2020-09-17,-0.0010707657271583943,5.891010700670138e-05,-0.0011296758341650956
2020-09-18,0.0006910332718463551,4.461485014991717e-05,0.0006464184216964379
2020-09-21,-0.000883649042635062,1.669466603340523e-06,-0.0008853185092384025
2020-09-22,5.628652771863746e-05,3.620545063018061e-06,5.26659826556194e-05
2020-09-23,0.0010973580067052745,3.4517584391921645e-06,0.0010939062482660823
2020-09-24,-0.000532084586925547,4.390200332817704e-06,-0.0005364747872583646
2020-09-25,-0.000960518120019713,9.97280664486417e-07,-0.0009615154006841994
2020-09-28,-0.00022346034414615253,1.7486287570400542e-05,-0.00024094663171655306
2020-09-29,-0.00026508016307943256,5.8134370022388736e-05,-0.0003232145331018213
2020-09-30,-9.512166088649482e-05,5.237396964383701e-07,-9.56454005829332e-05
2020-10-01,-5.660556465739196e-05,5.882945433996302e-05,-0.00011543501899735498
2020-10-02,0.0013847227099858506,8.964575813252299e-05,0.0012950769518533275
2020-10-05,-0.0003057234562594818,5.8043649847653174e-05,-0.000363767106107135
2020-10-06,-0.0005797840218753468,6.5089795323756605e-06,-0.0005862930014077225
2020-10-07,-0.00015554693623425343,5.759622028165516e-05,-0.00021314315651590858
2020-10-08,0.0005631494013859496,7.706993171510211e-06,0.0005554424082144394
2020-10-09,0.0005376401651484735,6.384410879450285e-06,0.0005312557542690232
2020-10-12,-0.0012456740588318695,0.00012350122121875166,-0.0013691752800506212
2020-10-13,0.0005154085243061539,1.0521078014201254e-05,0.0005048874462919527
2020-10-14,0.00015937618270135093,4.8027430221736335e-05,0.0001113487524796146
2020-10-15,-0.0002686774161702098,3.0743036666512988e-06,-0.00027175171983686105
2020-10-16,-3.519963318777448e-05,2.415953355412999e-05,-5.9359166741904476e-05
2020-10-19,0.0005270812975772922,0.00011115585443954249,0.00041592544313774973
2020-10-20,3.151206478969044e-05,1.8083202110212756e-06,2.970374457866916e-05
2020-10-21,-9.117871520123224e-05,6.793436932014627e-07,-9.18580588944337e-05
2020-10-22,-0.00021853549573047886,5.841386643975386e-07,-0.0002191196343948764
2020-10-23,-0.00034350780404400564,2.333437135090755e-06,-0.0003458412411790964
2020-10-26,0.0005913815242491169,1.5656057273101274e-06,0.0005898159185218067
2020-10-27,-0.0005105691345090244,1.0381351244778223e-05,-0.0005209504857538026
2020-10-28,3.695837881860834e-05,8.736383774612629e-05,-5.040545892751795e-05
2020-10-29,-0.00017377818831259016,1.3048704061092622e-06,-0.00017508305871869942
2020-10-30,-0.0006172430083784413,1.1371493356518067e-06,-0.0006183801577140932
2020-11-02,0.0007201713200557155,8.387022125551534e-05,0.0006363010988002001
2020-11-03,-0.0002707738812009182,3.341177676048775e-06,-0.00027411505887696696
2020-11-04,0.0012089624356420737,1.7550497157394728e-06,0.0012072073859263341
2020-11-05,-0.0007704787046540155,0.00010259684840827727,-0.0008730755530622928
2020-11-06,0.0006513805008070926,0.00019099535984489253,0.00046038514096220014
2020-11-09,-0.0017488072660304989,3.0473900182044283e-06,-0.0017518546560487034
2020-11-10,-0.0036238538778430736,8.671622161330114e-06,-0.003632525500004404
2020-11-11,0.0014354033784228987,5.289849454940526e-05,0.0013825048838734934
2020-11-12,-0.0019115671674571064,1.2092410103696838e-05,-0.0019236595775608033
2020-11-13,0.0004256582874227295,6.109322441090886e-06,0.0004195489649816386
2020-11-16,-0.000908046172709944,9.153112176453031e-07,-0.0009089614839275893
2020-11-17,0.0017623806074459527,2.711528813104242e-05,0.0017352653193149104
2020-11-18,-6.761358152717863e-06,2.3786706432010264e-06,-9.14002879591889e-06
2020-11-19,0.00043256873067787,0.00018445629616654777,0.00024811243451132225
2020-11-20,-0.0005237489614885422,1.8581622601219731e-06,-0.0005256071237486642
2020-11-23,0.0022573707307957653,3.6725159391863526e-06,0.002253698214856579
2020-11-24,-0.0003946175423691011,6.5310551605484e-05,-0.00045992809397458513
2020-11-25,-9.634863249492165e-05,0.00010324328794954486,-0.00019959192044446652
2020-11-27,0.0007227140015492512,1.4140216186889114e-06,0.0007212999799305624
2020-11-30,0.0016332135867260086,1.0401300937177724e-05,0.001622812285788831
2020-12-01,-1.8838054357562422e-05,0.00012072479590853011,-0.00013956285026609254
2020-12-02,-0.001004267855669452,9.170638430148222e-05,-0.0010959742399709342
2020-12-03,0.0004988866776246941,6.952537430676509e-05,0.00042936130331792905
2020-12-04,0.0008864582645057934,4.188675869995424e-05,0.0008445715058058392
2020-12-07,0.00010090512383681069,8.265160759550369e-05,1.8253516241307003e-05
2020-12-08,0.0009798334653382166,3.7804408430527836e-06,0.0009760530244951638
2020-12-09,0.0005947869177082171,1.9063477063413684e-06,0.0005928805700018757
2020-12-10,-0.001142003286720943,0.00012596107557641265,-0.0012679643622973556
2020-12-11,0.0006030313692689173,3.759993337784171e-06,0.0005992713759311331
2020-12-14,0.000952849223067325,0.00011725423580384417,0.0008355949872634809
2020-12-15,-0.0019134854484982049,0.0001358292417735536,-0.0020493146902717586
2020-12-16,-5.5285682309768604e-05,9.66061707171283e-05,-0.00015189185302689692
2020-12-17,-0.0007683177682297682,3.905257001183151e-06,-0.0007722230252309514
2020-12-18,-0.00010342516177032913,5.632539584568216e-06,-0.00010905770135489735
2020-12-21,-0.0003474445830915169,0.00014309510967984513,-0.000490539692771362
2020-12-22,-0.00167690851580239,1.661398660001076e-06,-0.001678569914462391
2020-12-23,-0.00034230223084245393,0.00018483536721312986,-0.0005271375980555838
2020-12-24,-9.667414800645039e-05,1.9335479228922287e-06,-9.860769592934262e-05
2020-12-28,-0.0012462770891685138,4.4279788328739134e-05,-0.0012905568774972528
2020-12-29,0.0004500570697815696,8.820434258221435e-07,0.00044917502635574745
2020-12-30,0.0003681096130441714,3.0889304787662743e-06,0.0003650206825654051
2020-12-31,0.0003771936662226802,7.250195152590992e-07,0.0003764686467074211
2021-01-04,0.0005274570097803955,5.248469058349923e-06,0.0005222085407220456
2021-01-05,-0.00035554801356962125,5.518801774207934e-07,-0.00035609989374704205
2021-01-06,0.000491574612798138,1.73044384622754e-06,0.0004898441689519104
2021-01-07,-0.00030610058429467673,1.4573678915207303e-06,-0.0003075579521861975
2021-01-08,0.000498106069042661,4.8468673527430366e-05,0.00044963739551523067
2021-01-11,0.0005358440337247708,6.672034410238406e-05,0.0004691236896223867
2021-01-12,-0.0023076541023611774,6.66849680269171e-05,-0.0023743390703880943
2021-01-13,-0.0032531554316121286,1.121864975339681e-05,-0.0032643740813655254
2021-01-14,-0.0032410010181942225,7.69774336347356e-05,-0.003317978451828958
2021-01-15,4.800167170015512e-05,4.6552170322601716e-05,1.449501377553406e-06
2021-01-19,-0.0019945187535436782,4.59102421373389e-05,-0.002040428995681017
2021-01-20,0.0006786174153293638,2.3848411499603622e-06,0.0006762325741794035
2021-01-21,0.00042542733203398595,8.603976602223876e-05,0.0003393875660117472
2021-01-22,0.0009670520884222802,1.5041569205992487e-05,0.0009520105192162877
2021-01-25,-0.0006018060429907338,6.810854324408933e-05,-0.0006699145862348231
2021-01-26,0.00030376899754675185,6.600659722324893e-05,0.00023776240032350292
2021-01-27,-0.004350176904252372,1.1596165954469647e-06,-0.004351336520847819
2021-01-28,0.000359149204537205,0.0001060695005402145,0.0002530797039969905
2021-01-29,0.0014925097603959052,3.846689967330142e-06,0.0014886630704285752
2021-02-01,-0.0005807113525818479,8.482115459730751e-05,-0.0006655325071791554
2021-02-02,0.0014725888485385109,8.370123774403227e-05,0.0013888876107944787
2021-02-03,-0.0009221236892896516,7.96999464010309e-05,-0.0010018236356906824
2021-02-04,0.0009955275380257086,0.00010570358164907188,0.0008898239563766367
2021-02-05,-0.0013236397049961716,2.10818501091033e-06,-0.0013257478900070819
2021-02-08,0.0016829724026193324,2.263828297421484e-05,0.0016603341196451177
2021-02-09,0.00015618106775427775,8.54141091626144e-05,7.076695859166334e-05
2021-02-10,0.001670743835976997,2.8999103904599607e-06,0.001667843925586537
2021-02-11,-0.0002946364905256152,0.00014801955438144247,-0.0004426560449070577
2021-02-12,0.0013711180666891756,0.00011309297569481087,0.0012580250909943647
2021-02-16,-0.004636085866125812,0.00011073544773584133,-0.004746821313861654
2021-02-17,0.0002872289405308313,5.308827631240268e-05,0.00023414066421842866
2021-02-18,0.00015305755406455575,1.0994684102959743e-05,0.00014206286996159602
2021-02-19,-0.0018046023531547327,1.4062695340486057e-06,-0.0018060086226887812
2021-02-22,0.0033539373368218378,2.6844427974471315e-06,0.0033512528940243904
2021-02-23,0.0016670568907771856,4.751688447242695e-05,0.0016195400063047586
2021-02-24,-0.0018389792918844042,5.663676894150864e-05,-0.0018956160608259128
2021-02-25,0.00259178608850929,8.223502743563224e-05,0.002509551061073658
2021-02-26,-0.0012801715434060878,5.276787864033951e-06,-0.0012854483312701218
2021-03-01,0.0023288685549243448,9.414453688097295e-06,0.0023194541012362476
2021-03-02,-0.00024184718825834286,8.913890169573808e-05,-0.00033098608995408093
2021-03-03,1.5918914453988409e-06,1.5370823524448437e-06,5.4809092953997155e-08
2021-03-04,0.00035851116275307225,2.899678960614793e-06,0.00035561148379245746
2021-03-05,-0.00025765272740535327,2.2018686741080023e-06,-0.0002598545960794613
2021-03-08,-0.003944925119379704,0.00011681719732514169,-0.004061742316704846
2021-03-09,0.00018339258953981247,2.3140557884431247e-05,0.00016025203165538122
2021-03-10,0.00017764770168191002,5.2874488574242535e-06,0.00017236025282448578
2021-03-11,0.003725166109519315,3.0566514329897905e-06,0.003722109458086325
2021-03-12,0.00029774153125018747,9.738099358565167e-05,0.0002003605376645358
2021-03-15,0.001580120031378023,7.968041126378138e-05,0.0015004396201142415
2021-03-16,0.0003374970464198251,9.098619635025639e-07,0.0003365871844563225
2021-03-17,0.0005269170819959949,9.255341244186407e-08,0.000526824528583553
2021-03-18,0.0,6.783558401974639e-05,-6.783558401974639e-05
2021-03-19,0.0,0.0,0.0
2021-03-22,0.0,0.0,0.0
2021-03-23,-2.470502279275163e-05,7.967234760571333e-05,-0.00010437737039846496
2021-03-24,0.00043905293376024864,1.4820563250557e-06,0.00043757087743519294
2021-03-25,-0.000420546231673648,5.23605876134904e-05,-0.0004729068192871384
2021-03-26,-0.0026557233763811914,2.3878673292751404e-06,-0.0026581112437104666
2021-03-29,0.00013801579286176012,1.9976937948801208e-05,0.00011803885491295892
2021-03-30,0.00034500254888948623,0.00010220895300518052,0.0002427935958843057
2021-03-31,-2.515214523234055e-06,6.0416775189871345e-05,-6.29319897131054e-05
2021-04-01,-0.0008580712823580633,7.462495455185021e-05,-0.0009326962369099136
2021-04-05,-0.0008119460629805132,8.426143928020983e-05,-0.000896207502260723
2021-04-06,-0.000614212965451047,2.2251492640650283e-05,-0.0006364644580916973
2021-04-07,0.0007042507054339272,1.4914677808942466e-06,0.000702759237653033
2021-04-08,-0.0012639224987553415,5.324007089356118e-05,-0.0013171625696489027
2021-04-09,0.00011044530939464633,1.9306312046090174e-05,9.113899734855615e-05
2021-04-12,-0.0022218996645962984,1.2809830893416752e-05,-0.0022347094954897153
2021-04-13,-0.001265195801113711,8.048780494159147e-05,-0.0013456836060553024
2021-04-14,-0.0005632634265414967,6.89708872590732e-05,-0.0006322343138005699
2021-04-15,0.0009342097913554548,5.117645004218359e-06,0.0009290921463512364
2021-04-16,7.965447485340691e-05,0.00017801075753188866,-9.835628267848174e-05
2021-04-19,0.0008520334313224817,1.64705761435805e-06,0.0008503863737081237
2021-04-20,0.00010258326049886288,0.0001234190531940461,-2.083579269518323e-05
2021-04-21,0.0025139435472740805,9.450946111193066e-05,0.0024194340861621497
2021-04-22,-3.251574184075343e-05,0.00010409116306462921,-0.00013660690490538264
2021-04-23,-0.0003832149823603574,8.424691176535191e-07,-0.0003840574514780109
2021-04-26,0.0005631656159970309,3.3834135318648995e-05,0.0005293314806783818
2021-04-27,-0.0002763135512305032,0.00015301391596368957,-0.00042932746719419275
2021-04-28,-0.001398950484015076,3.938327819592587e-06,-0.0014028888118346686
2021-04-29,-0.001258427405723626,7.058883316528254e-05,-0.0013290162388889086
2021-04-30,0.0018574412828567428,1.1780289815027233e-05,0.0018456609930417155
2021-05-03,0.0008285385470577553,1.0823011434080267e-05,0.0008177155356236751
2021-05-04,0.0020294597424627804,8.857881502697591e-05,0.0019408809274358044
2021-05-05,0.0003317774959006537,8.35108161934488e-05,0.00024826667970720493
2021-05-06,0.0005060399742732459,9.8869937006388e-05,0.0004071700372668579
2021-05-07,-4.133826432988413e-05,5.91815375231948e-05,-0.00010051980185307892
2021-05-10,0.00029852845203803694,1.145397593662792e-06,0.00029738305444437416
2021-05-11,-1.287513542250142e-05,1.1625107536348625e-05,-2.4500242958850046e-05
2021-05-12,0.00022610943414438228,4.92579018124082e-07,0.0002256168551262582
2021-05-13,0.0014386363281076514,5.230083706373669e-05,0.0013863354910439148
2021-05-14,0.0003743098393576516,1.25513018942975e-05,0.0003617585374633541
2021-05-17,-0.0006535359274701488,3.107325910769744e-06,-0.0006566432533809185
2021-05-18,-0.0003118619776854216,5.835081644646926e-05,-0.00037021279413189086
2021-05-19,-0.0010567194948679936,1.7709591966144964e-06,-0.001058490454064608
2021-05-20,1.926144912445509e-06,4.123954694163139e-05,-3.931340202918588e-05
2021-05-21,0.0002042347209126808,1.3191201754281514e-05,0.0001910435191583993
2021-05-24,-0.00019740149971155842,8.945397431979041e-05,-0.0002868554740313488
2021-05-25,7.01492982485542e-05,2.5333178256315697e-05,4.48161199922385e-05
2021-05-26,-0.0006048218213413749,1.2504968230291013e-05,-0.0006173267895716658
2021-05-27,0.00035450463323378903,1.948464928448454e-06,0.0003525561683053406
2021-05-28,-0.005620788868929094,1.0614648118273221e-06,-0.0056218503337409215
2021-06-01,-0.001277640346540526,5.804854969959102e-05,-0.0013356888962401169
2021-06-02,-0.002296254373684645,7.002842358091384e-06,-0.0023032572160427366
2021-06-03,0.00044654444153207837,9.493840040932854e-05,0.0003516060411227498
2021-06-04,0.0005060547309509036,2.259750366894818e-06,0.0005037949805840087
2021-06-07,0.0009065901367498664,1.8824850864771725e-06,0.0009047076516633892
2021-06-08,5.106280043928788e-05,8.263299869378232e-06,4.2799500569909655e-05
2021-06-09,0.0008231653113220249,3.2072240024990244e-06,0.0008199580873195258
2021-06-10,0.00044217160084423097,8.636059990908493e-05,0.00035581100093514604
2021-06-11,-0.0004526349497840611,7.26530026806237e-05,-0.0005252879524646849
2021-06-14,-0.0009565192688715679,2.727134253840767e-06,-0.0009592464031254087
2021-06-15,0.00039105138251826197,4.220911402408051e-06,0.0003868304711158539
2021-06-16,0.00036717738992985967,2.2653367874508065e-06,0.0003649120531424089
2021-06-17,0.0008779441101267821,7.935480378191809e-05,0.000798589306344864
2021-06-18,4.5658693366742564e-05,7.251038655483062e-05,-2.6851693188088057e-05
2021-06-21,0.0003796339848070137,7.718232656809893e-05,0.0003024516582389148
2021-06-22,-2.2580638372663884e-05,4.8270298280378916e-05,-7.08509366530428e-05
2021-06-23,-6.821310289543454e-05,1.7827135190451302e-05,-8.604023808588584e-05
2021-06-24,-0.0006413544295217846,7.98542847363864e-06,-0.0006493398579954233
2021-06-25,-0.0001274049630871607,9.26615709398798e-07,-0.0001283315787965595
2021-06-28,0.00010975302590797323,9.434775101790907e-07,0.00010880954839779413
2021-06-29,0.000656684075121009,5.0966095725679336e-05,0.0006057179793953296
2021-06-30,0.0005720599177343852,1.0396134830654359e-05,0.0005616637829037309
2021-07-01,0.001002783979663208,7.874699312462111e-05,0.0009240369865385868
2021-07-02,0.0012113403304844944,4.5587234694590696e-05,0.0011657530957899036
2021-07-06,0.0,8.706596838735255e-05,-8.706596838735255e-05
2021-07-07,5.7217627704069445e-05,7.007987339085538e-05,-1.2862245686785938e-05
2021-07-08,0.0002484152737084041,0.00010223738358196981,0.0001461778901264343
2021-07-09,-0.0007551779751587718,5.202258623207818e-06,-0.0007603802337819796
2021-07-12,-0.00021735884635820413,3.5261541579690614e-06,-0.0002208850005161732
2021-07-13,0.00019058099955516074,3.116370138482757e-06,0.000187464629416678
2021-07-14,0.00012351088189823352,0.00011282487135890341,1.0686010539330109e-05
2021-07-15,0.0008015427346157019,5.790339047806242e-07,0.0008009637007109213
2021-07-16,-0.0003303311813383641,2.733238442368842e-06,-0.00033306441978073296
2021-07-19,0.0003060330390830233,0.00017305659254055202,0.0001329764465424713
2021-07-20,-0.0004622157469346695,6.485680096757615e-05,-0.0005270725479022457
2021-07-21,0.003969202920290331,0.00010841129094925413,0.003860791629341077
2021-07-22,-0.0005741752381360458,0.0001295836819539432,-0.0007037589200899891
2021-07-23,0.001466086070247945,5.003250454929782e-05,0.0014160535656986472
2021-07-26,0.0008132757111140705,0.00012620403327416558,0.0006870716778399049
2021-07-27,-0.0006502655216562968,1.810221743375928e-05,-0.0006683677390900561
2021-07-28,0.000565829455525621,3.4410900040615175e-05,0.0005314185554850058
2021-07-29,-0.0011475990450674064,0.00014108011000181524,-0.0012886791550692216
2021-07-30,-0.0011318227408709373,4.9593283252063e-05,-0.0011814160241230003
2021-08-02,0.0006960124860098572,0.00018430467811967293,0.0005117078078901844
2021-08-03,0.0005902775171888116,3.55579300877637e-06,0.0005867217241800352
2021-08-04,0.0011691303265439592,7.260607779605014e-05,0.001096524248747909
2021-08-05,0.0014263320714907974,2.1582884972031597e-05,0.0014047491865187658
2021-08-06,0.00022200998663140994,4.6828673468666556e-05,0.00017518131316274338
2021-08-09,-0.00045450614251758544,7.324243715473152e-05,-0.000527748579672317
2021-08-10,-0.0003508835679041412,1.2063148025760824e-05,-0.00036294671592990206
2021-08-11,-0.0003111121906528352,3.3163953974037737e-06,-0.000314428586050239
2021-08-12,0.00032750200555542317,1.4400761762457852e-06,0.0003260619293791774
2021-08-13,0.00013454738896799355,4.9024832338986515e-05,8.552255662900703e-05
2021-08-16,-0.0003778598916893926,4.750778515777586e-05,-0.00042536767684716844
2021-08-17,0.0008188400909336885,0.00010325289493668927,0.0007155871959969992
2021-08-18,-7.572457786875871e-05,4.853118537213449e-05,-0.0001242557632408932
2021-08-19,-0.0006770014646641634,7.169987385031414e-07,-0.0006777184634026665
2021-08-20,-0.0005061339963611446,0.00010100919286144857,-0.0006071431892225932
2021-08-23,0.0006606757363124764,4.146583781957263e-05,0.0006192098984929038
2021-08-24,-0.0007714389656438043,4.2220814157987785e-05,-0.0008136597798017921
2021-08-25,0.0,7.954808900726226e-05,-7.954808900726226e-05
2021-08-26,0.0,0.0,0.0
2021-08-27,0.0005255151142142839,7.209298308554916e-05,0.00045342213112873475
2021-08-30,0.0009847416360231254,4.879277759055842e-05,0.0009359488584325669
2021-08-31,-5.08748588631464e-05,8.958237212556354e-05,-0.00014045723098870996
2021-09-01,8.531483212235593e-05,1.0817646564376571e-05,7.449718555797936e-05
2021-09-02,0.0007632587157752593,4.8551227423779194e-05,0.0007147074883514801
2021-09-03,-0.000473979948298051,3.4911770401339683e-06,-0.00047747112533818496
2021-09-07,-0.000191790513785784,6.98842596806106e-05,-0.0002616747734663946
2021-09-08,0.000776036053571661,7.323865745026854e-05,0.0007027973961213924
2021-09-09,0.00021308347155904166,1.3902202724067917e-06,0.00021169325128663486
2021-09-10,0.0012331803937299117,6.148169350826318e-05,0.0011716987002216486
2021-09-13,-0.002708997239107093,0.00017270828294282226,-0.002881705522049915
2021-09-14,-0.0005823647772936073,0.00010461316516619293,-0.0006869779424598003
2021-09-15,-0.0006960503338195051,8.894358462499615e-05,-0.0007849939184445012
2021-09-16,0.00042473535349212867,9.665403659649287e-05,0.0003280813168956358
2021-09-17,-0.001711798288879439,3.5332792344636103e-06,-0.0017153315681139028
2021-09-20,0.0016067074410623355,5.249273780260817e-05,0.0015542147032597273
2021-09-21,0.000321065191084242,1.4958009455719348e-05,0.0003061071816285227
2021-09-22,-0.00023599964212037508,2.788290975529556e-06,-0.00023878793309590462
2021-09-23,-0.0009760890245133488,1.7630452057796164e-05,-0.0009937194765711449
2021-09-24,0.0005366248910214204,0.00011293122026154043,0.00042369367075987993
2021-09-27,0.00036416780894581624,1.5094921254852101e-06,0.000362658316820331
2021-09-28,-0.0002713492330858932,9.038724367424231e-05,-0.0003617364767601355
2021-09-29,0.0014304877009924503,2.4765417157986692e-06,0.0014280111592766516
2021-09-30,-0.0002996873095518118,6.923114791386422e-05,-0.000368918457465676
2021-10-01,-0.0001466719063827717,6.389300914336958e-06,-0.00015306120729710867
2021-10-04,0.0005317994465145496,0.00010266286356170221,0.00042913658295284744
2021-10-05,-0.0009187716349800036,3.8757661351671584e-06,-0.0009226474011151707
2021-10-06,-0.0004302968164427687,4.542505371822316e-05,-0.00047572187016099184
2021-10-07,-5.0562746548454655e-05,7.440659376496469e-05,-0.00012496934031341935
2021-10-08,-0.00015153990000893686,3.7692825182607945e-05,-0.0001892327251915448
2021-10-11,-0.00031376511666268784,3.0209702755599026e-06,-0.0003167860869382477
2021-10-12,-0.0016626857001714956,9.993893284565113e-05,-0.0017626246330171467
2021-10-13,0.00027284740861570805,1.9923886606615634e-05,0.0002529235220090924
2021-10-14,0.0015976906462427875,7.737927657682716e-06,0.0015899527185851048
2021-10-15,-3.9767516584444445e-06,1.1192743986385252e-05,-1.5169495644829697e-05
2021-10-18,-0.0008616652594596243,0.00017624014717876059,-0.0010379054066383848
2021-10-19,-1.5692380367912282e-05,1.8490047978098078e-05,-3.418242834601036e-05
2021-10-20,0.0005188144121276757,1.0132904979400876e-06,0.0005178011216297356
2021-10-21,0.00010378466671906992,6.798052394508894e-06,9.698661432456103e-05
2021-10-22,0.0,8.754834551384931e-05,-8.754834551384931e-05
2021-10-25,-0.0008662278398091135,0.00011062827831173413,-0.0009768561181208476
2021-10-26,-0.0012731749671808618,7.79830102476729e-06,-0.001280973268205629
2021-10-27,0.00012918230453016897,0.00010758090672024329,2.160139780992568e-05
2021-10-28,0.00038336679652529093,0.00018660772671751736,0.00019675906980777357
2021-10-29,-0.0009788980839032524,0.000103455448644651,-0.0010823535325479034
2021-11-01,-0.00017314090515119668,5.080190539136173e-06,-0.00017822109569033285
2021-11-02,-0.0003226590358777131,5.589357176657347e-06,-0.00032824839305437047
2021-11-03,0.0003748583618682766,5.631241109239382e-05,0.00031854595077588277
2021-11-04,-0.00673837858385832,8.24275009381868e-05,-0.006820806084796507
2021-11-05,-0.0010931001943769014,0.0001353199857407894,-0.0012284201801176908
2021-11-08,-0.004465847941786669,7.660553046084015e-05,-0.004542453472247509
2021-11-09,0.00029384319837233024,9.196257147014998e-05,0.00020188062690218027
2021-11-10,-0.00040918538446461927,1.545182787578316e-06,-0.00041073056725219757
2021-11-11,-0.00018869461485025973,0.00010485431689873853,-0.00029354893174899824
2021-11-12,-0.0006469870808729432,6.4524773346766275e-06,-0.0006534395582076199
2021-11-15,0.00022895172547083285,2.858506775206202e-06,0.00022609321869562665
2021-11-16,0.0009955495029460608,2.3066278507181955e-06,0.0009932428750953426
2021-11-17,0.0005681209367886538,9.533890187537843e-06,0.0005585870466011159
2021-11-18,-0.0010114301575321245,4.641777876408166e-05,-0.0010578479362962061
2021-11-19,-0.00018898201746551905,6.467996993647464e-06,-0.0001954500144591665
2021-11-22,0.0006316620479276133,1.6829320479377907e-07,0.0006314937547228195
2021-11-23,-0.0020746334118160437,4.632465146970814e-05,-0.0021209580632857517
2021-11-24,0.0009409504494665706,1.463136974048384e-05,0.0009263190797260867
2021-11-26,0.0005286882901434234,1.1030928108509242e-05,0.0005176573620349142
2021-11-29,0.0007046284939766812,6.472766961328333e-06,0.0006981557270153529
2021-11-30,-0.0035822170450106124,0.00012340553098743917,-0.0037056225759980518
2021-12-01,-0.0002307572785614392,6.628704695155283e-05,-0.000297044325512992
2021-12-02,-0.0009776489008504253,6.504232864486157e-05,-0.0010426912294952868
2021-12-03,-0.0013336728444628388,1.1849920258236457e-05,-0.0013455227647210753
2021-12-06,0.00022170140290674175,8.458348637313662e-05,0.00013711791653360514
2021-12-07,5.461595874565962e-05,6.860589195848526e-07,5.392989982607477e-05
2021-12-08,0.0010955536839574133,0.00012732163567946104,0.0009682320482779522
2021-12-09,7.722531859048512e-05,0.00012375133464580547,-4.6526016055320344e-05
2021-12-10,-0.006105378084004477,0.00025726383395127645,-0.0063626419179557536
2021-12-13,-0.0021736146707795633,0.00014612833629370147,-0.0023197430070732647
2021-12-14,0.003419627017109403,8.231364813224498e-06,0.0034113956522961787
2021-12-15,0.0012085149356702409,7.657747506873184e-05,0.0011319374606015092
2021-12-16,-0.004389937744500679,7.45624209588637e-05,-0.0044645001654595425
2021-12-17,-0.0012561569107270721,0.0001350933718948733,-0.0013912502826219455
2021-12-20,0.00044010328361459867,0.00016022151225696463,0.00027988177135763407
2021-12-21,0.0012824449899482282,4.333140297054429e-06,0.0012781118496511738
2021-12-22,-0.0014817210775684639,9.153753762459111e-05,-0.001573258615193055
2021-12-23,-0.0003591849201776855,0.0001573872456679462,-0.0005165721658456317
2021-12-27,0.0013474256069000282,8.851696308728838e-05,0.0012589086438127399
2021-12-28,-0.0008347065594039026,4.311780614146277e-07,-0.0008351377374653172
2021-12-29,-0.0024535405844606298,1.5871376078945513e-05,-0.0024694119605395753
2021-12-30,-0.0004529656652698048,0.0001164518761403999,-0.0005694175414102047
2021-12-31,-0.00046248387117445644,1.1227839237254474e-06,-0.0004636066550981819
2022-01-03,0.001662006238861746,5.078920528436229e-07,0.0016614983468089025
2022-01-04,-0.0006637892654585035,7.810064374955765e-05,-0.0007418899092080612
2022-01-05,-0.003102136651415586,4.810733204105123e-06,-0.0031069473846196912
2022-01-06,0.0004876322546929615,9.967080183432398e-06,0.00047766517450952906
2022-01-07,0.00024884371938971425,5.950646306249856e-07,0.00024824865475908924
2022-01-10,-0.0006626640359806176,1.0101975919676608e-05,-0.0006727660119002942
2022-01-11,0.0008980503027251185,0.00018162666138183948,0.0007164236413432789
2022-01-12,-0.0002710198207251674,2.8315589157232347e-06,-0.00027385137964089064
2022-01-13,0.0003740335777764885,2.937129630148177e-06,0.0003710964481463403
2022-01-14,0.0002442878067515762,4.7663562120441476e-05,0.0001966242446311347
2022-01-18,0.0005472103376928845,0.0001038815485678441,0.0004433287891250404
2022-01-19,0.0006377452306598974,1.5426251000275477e-06,0.0006362026055598699
2022-01-20,0.0009599102161678235,4.762000735893721e-06,0.0009551482154319297
2022-01-21,-0.0006589194430267258,7.029640046022715e-05,-0.0007292158434869529
2022-01-24,0.000699777498984831,1.0007622154811259e-05,0.0006897698768300198
2022-01-25,0.000488046810323239,1.3463184340968754e-05,0.00047458362598227024
2022-01-26,-0.0008799813687089953,1.397002481146362e-06,-0.0008813783711901416
2022-01-27,-0.0013765634316922012,5.167138865344564e-05,-0.001428234820345647
2022-01-28,-0.001112670534382687,6.85595669299389e-05,-0.001181230101312626
2022-01-31,0.0010617074865824313,0.00011763909589560116,0.0009440683906868302
2022-02-01,0.0007930179109773455,1.8571793894900597e-06,0.0007911607315878554
2022-02-02,0.005217153038579067,1.6460941656191544e-05,0.005200692096922875
2022-02-03,0.00266978781652077,0.00010637218026700329,0.002563415636253767
2022-02-04,-0.00019762866664959277,4.246316974110936e-05,-0.00024009183639070214
2022-02-07,-0.0007848984554108767,3.975728525340873e-07,-0.0007852960282634107
2022-02-08,0.0001264667145876627,2.398347339662221e-06,0.00012406836724800048
2022-02-09,0.0010719951436162774,6.470835303867794e-07,0.0010713480600858907
2022-02-10,-0.00011931858607439473,0.00012003998017846595,-0.0002393585662528607
2022-02-11,0.0006730850655080559,2.6727004955024015e-06,0.0006704123650125535
2022-02-14,-2.7250680020536285e-05,9.309707388302412e-05,-0.00012034775390356041
2022-02-15,0.001177958521043345,7.144534320422222e-05,0.0011065131778391227
2022-02-16,0.0009642047066132664,9.452714410081183e-05,0.0008696775625124545
2022-02-17,0.0048823413737372765,6.254819141557861e-06,0.004876086554595718
2022-02-18,0.004315881157968271,6.625423860360143e-06,0.00430925573410791
2022-02-22,-0.00024692920386868355,0.00011888237536824432,-0.00036581157923692786
2022-02-23,0.00020793739666328864,8.9524056954511e-05,0.00011841333970877763
2022-02-24,-0.0006078030535790081,9.882784488317651e-06,-0.0006176858380673257
2022-02-25,0.0008577212089940281,3.194993153370561e-06,0.0008545262158406576
2022-02-28,-0.0005093971445983684,0.00016966010036264834,-0.0006790572449610168
2022-03-01,0.002069435754871119,2.012948461784186e-06,0.0020674228064093345
2022-03-02,0.0016765092792456508,7.649100768754214e-05,0.0016000182715581086
2022-03-03,-0.00026164022231875157,4.9190514667585264e-05,-0.0003108307369863368
2022-03-04,0.00037115246693885024,5.843534837234441e-06,0.0003653089321016158
2022-03-07,0.00012896742060382197,4.112495844628631e-05,8.784246215753566e-05
2022-03-08,-0.0008761489303587474,4.136105022681701e-06,-0.0008802850353814291
2022-03-09,-0.0019916876447037025,0.00012901751590847798,-0.0021207051606121803
2022-03-10,-0.002522482013186358,3.869272165388131e-05,-0.0025611747348402397
2022-03-11,-0.0014300262618774236,2.4139976506565086e-05,-0.0014541662383839888
2022-03-14,-0.0025842673157715724,3.8263678311230385e-06,-0.0025880936836026954
2022-03-15,-0.004925507350103173,7.446730643368784e-05,-0.004999974656536861
2022-03-16,0.00092347523030894,8.114308288951264e-05,0.0008423321474194274
2022-03-17,-0.00038793658413166076,2.1366794627639102e-05,-0.0004093033787592999
2022-03-18,-0.0002751448607845172,9.26382278352648e-06,-0.0002844086835680437
2022-03-21,-0.00018458769336641623,6.0145925752674925e-05,-0.00024473361911909113
2022-03-22,-0.0003306266989178525,5.265956819105892e-07,-0.0003311532945997631
2022-03-23,0.0012163808104034433,8.376945764471057e-05,0.0011326113527587328
2022-03-24,0.0007435228406490219,7.417887921083712e-06,0.0007361049527279382
2022-03-25,-0.0002797958828767373,6.508585119686191e-05,-0.0003448817340735992
2022-03-28,-0.0005356458165613576,1.4218109613234261e-06,-0.000537067627522681
2022-03-29,-7.636810526936576e-05,4.22305180931411e-05,-0.00011859862336250685
2022-03-30,-0.0007678487406563471,1.7805607523626483e-06,-0.0007696293014087098
2022-03-31,-0.0036159464069686286,1.359916962649671e-06,-0.0036173063239312783
2022-04-01,-0.00032751354675873625,2.3841021160226983e-05,-0.0003513545679189632
2022-04-04,-0.0002120582303410455,4.2900393196017814e-07,-0.00021248723427300567
2022-04-05,-0.00029458466852996855,3.7730495894769273e-06,-0.0002983577181194455
2022-04-06,5.022862000917614e-05,2.3868682464863928e-06,4.784175176268975e-05
2022-04-07,-0.00021161372499061415,8.479723286070307e-05,-0.00029641095785131724
2022-04-08,-0.00021283251355469469,3.0821913213538896e-06,-0.00021591470487604858
2022-04-11,0.0009057343818390743,4.543675806811969e-05,0.0008602976237709546
2022-04-12,0.0003697981441837001,0.00015277361722518178,0.0002170245269585183
2022-04-13,0.0007281761742960608,0.00010996200483748203,0.0006182141694585789
2022-04-14,-0.0018063023475783885,0.0001664676054815786,-0.001972769953059967
2022-04-18,0.0011684194320286368,2.4519806894040124e-06,0.0011659674513392329
2022-04-19,0.00022765055887855718,5.921417748661638e-06,0.00022172914112989555
2022-04-20,-0.0015914312991002861,2.5146847923861286e-06,-0.0015939459838926722
2022-04-21,-0.002700865528846868,4.191742293857444e-05,-0.0027427829517854426
2022-04-22,1.7269281067054925e-05,8.520094041787186e-05,-6.793165935081693e-05
2022-04-25,0.0008394415872205524,4.941903413438564e-05,0.0007900225530861667
2022-04-26,7.0382180237024e-05,8.524851403708474e-05,-1.4866333800060743e-05
2022-04-27,-0.00020570934181580132,2.3722356538314898e-05,-0.00022943169835411623
2022-04-28,0.002539133306217113,0.000211759986032441,0.002327373320184672
2022-04-29,0.000533677566593946,0.00016476173887866157,0.00036891582771528443
2022-05-02,0.0006346830449891805,7.07011943117162e-05,0.0005639818506774643
2022-05-03,0.00047336458762856873,5.686767457620892e-06,0.0004676778201709478
2022-05-04,-5.963740867590689e-06,5.149879531616484e-05,-5.746253618375553e-05
2022-05-05,-0.00039830437417864156,1.3127910368806937e-06,-0.00039961716521552226
2022-05-06,0.0003942678937650106,4.493121367111795e-06,0.0003897747723978988
2022-05-09,0.0011118888658864542,3.0628814845334863e-07,0.001111582577738001
2022-05-10,-0.0010498174554046786,5.432552807263184e-05,-0.0011041429834773105
2022-05-11,0.00020613659597081002,5.419896324763361e-05,0.00015193763272317642
2022-05-12,-0.002514736194143765,4.460757753460796e-06,-0.0025191969518972256
2022-05-13,0.0003800774910868781,0.00013678950018796384,0.0002432879908989143
2022-05-16,0.00026445556042969953,6.610746716664625e-05,0.00019834809326305328
2022-05-17,-0.0022034862531166753,5.254785237905804e-05,-0.0022560341054957333
2022-05-18,-0.00030313933382203903,5.783381673814025e-05,-0.0003609731505601793
2022-05-19,-0.0006999367516133334,3.9728665608676475e-05,-0.0007396654172220099
2022-05-20,0.0016329573017721199,0.00018530081197544018,0.0014476564897966796
2022-05-23,0.0016390103514017929,6.23281623730744e-05,0.0015766821890287185
2022-05-24,0.0021286752317972372,4.512634867712277e-05,0.0020835488831201145
2022-05-25,0.00010602559409460493,6.267529972663246e-05,4.335029436797247e-05
2022-05-26,0.0001917108973233505,2.0347988773377242e-05,0.00017136290854997326
2022-05-27,0.00110389429495122,6.500114879122688e-05,0.0010388931461599931
2022-05-31,-0.0019330127858381279,5.3457670225549965e-05,-0.001986470456063678
2022-06-01,0.00022983616197301,8.515866710655033e-05,0.00014467749486645967
2022-06-02,-0.0018700618122834281,8.16213273602828e-05,-0.001951683139643711
2022-06-03,-0.000672964501006294,7.416632544614236e-05,-0.0007471308264524364
2022-06-06,0.0012846504081867672,8.940435962778645e-07,0.0012837563645904894
2022-06-07,-0.0013988441301238472,1.1249327066188836e-06,-0.0013999690628304661
2022-06-08,-0.0037077852146041824,4.354864406714645e-05,-0.003751333858671329
2022-06-09,-0.0012050591323795766,7.851778541010777e-05,-0.0012835769177896843
2022-06-10,0.00024698712766316796,7.524807362396468e-05,0.00017173905403920328
2022-06-13,-0.0011256089390794424,9.276015510750202e-05,-0.0012183690941869444
2022-06-14,0.005001030042426943,7.192291002375848e-07,0.0050003108133267055
2022-06-15,0.00018159960491419337,4.806760149555933e-05,0.00013353200341863404
2022-06-16,-0.00022609231070878563,2.5812797962850413e-07,-0.00022635043868841413
2022-06-17,-0.0001746442783563112,7.960359670029096e-05,-0.00025424787505660214
2022-06-21,-0.00013426371509982855,6.20353316995782e-05,-0.00019629904679940676
2022-06-22,-0.0011215542340318042,8.537496130158129e-05,-0.0012069291953333856
2022-06-23,-0.0015093450329673368,3.8499327258855986e-06,-0.0015131949656932225
2022-06-24,-0.00012028193078000057,5.13036065036744e-05,-0.00017158553728367497
2022-06-27,0.0005281092759353687,1.2820967625732874e-06,0.0005268271791727954
2022-06-28,0.00039735023966427766,2.9079793164236214e-06,0.00039444226034785406
2022-06-29,-0.001279982362162622,3.3276839092335773e-06,-0.0012833100460718555
2022-06-30,0.0006903069118800524,7.487520975034341e-06,0.0006828193909050181
2022-07-01,-0.0031280089048666294,6.668366560113822e-05,-0.0031946925704677675
2022-07-05,-0.0010492321940076045,0.00014441586161345827,-0.0011936480556210627
2022-07-06,0.0002801998932125925,8.958019479399921e-06,0.0002712418737331926
2022-07-07,0.0016929729252424565,6.897826622007039e-07,0.0016922831425802557
2022-07-08,-0.0001233503635515932,3.078096586396087e-06,-0.00012642846013798928
2022-07-11,-0.00017387066257812606,4.9719008616101955e-05,-0.00022358967119422802
2022-07-12,0.0013134561896804575,3.708202885496156e-07,0.001313085369391908
2022-07-13,0.0004023830962080403,7.536107894540693e-05,0.0003270220172626334
2022-07-14,0.0002324809638820084,1.2229959600651776e-06,0.00023125796792194324
2022-07-15,-0.00015529653974293055,6.535604313528978e-05,-0.00022065258287822033
2022-07-18,0.0035268712608554262,5.736244984138887e-05,0.0034695088110140372
2022-07-19,-0.00010500807962309823,0.00011829151786624657,-0.0002232995974893448
2022-07-20,0.0015868422497934324,2.8566823701196996e-06,0.0015839855674233128
2022-07-21,-0.0014702924250073913,6.2085189781639745e-06,-0.0014765009439855553
2022-07-22,-0.0015423237471038445,1.2893823022276167e-06,-0.0015436131294060721
2022-07-25,-0.0012756842834936947,5.3528909134736684e-05,-0.0013292131926284313
2022-07-26,-0.000564055344920757,4.805939989153388e-06,-0.0005688612849099105
2022-07-27,0.0006518563260009226,1.629230254142526e-05,0.0006355640234594973
2022-07-28,0.0038308219073626415,1.2016153745961849e-05,0.0038188057536166797
2022-07-29,0.0004365671625746713,4.712704634020116e-05,0.00038944011623447014
2022-08-01,0.002386640629958341,6.015007268273237e-05,0.0023264905572756085
2022-08-02,0.0003466734491765856,5.737165572923363e-05,0.000289301793447352
2022-08-03,0.00028442101429035794,7.942863031995031e-05,0.00020499238397040764
2022-08-04,0.0008439496952102792,3.0810359170114904e-06,0.0008408686592932677
2022-08-05,0.0005389325870487358,1.6491135114434715e-06,0.0005372834735372923
2022-08-08,-0.0006189403628071111,5.917474775148048e-05,-0.0006781151105585915
2022-08-09,-0.0024246462648366317,0.00011078395498147474,-0.0025354302198181064
2022-08-10,0.0017239973676276784,9.20055021281876e-06,0.0017147968174148597
2022-08-11,0.0006962911950863619,3.163206902403577e-06,0.0006931279881839584
2022-08-12,0.0014986505923429319,7.42272687152411e-05,0.0014244233236276908
2022-08-15,0.000382411715277492,7.08978520766287e-05,0.0003115138632008633
2022-08-16,-0.0002959579856974152,1.946447595901974e-06,-0.00029790443329331717
2022-08-17,0.0007124382251916782,1.443444224352455e-05,0.0006980037829481536
2022-08-18,0.0016089101644606294,6.321498694232182e-05,0.0015456951775183077
2022-08-19,-0.0007519722981561535,0.00010610896269458787,-0.0008580812608507413
2022-08-22,-0.0016044727904684526,8.847239263174156e-07,-0.00160535751439477
2022-08-23,-0.00046183142734348016,3.931328367590876e-06,-0.000465762755711071
2022-08-24,0.0013359836161279928,1.8946404785106161e-06,0.0013340889756494822
2022-08-25,-0.001436787709423765,2.8179405830670334e-06,-0.001439605650006832
2022-08-26,-5.158910423154451e-05,0.00011401925890288162,-0.00016560836313442612
2022-08-29,0.00022904917880258084,6.949144075034055e-06,0.00022210003472754677
2022-08-30,-0.0003040736616825332,6.606788803010734e-06,-0.0003106804504855439
2022-08-31,-0.00013096020710893775,1.9884361039601128e-06,-0.00013294864321289788
2022-09-01,-4.594223714139513e-05,9.194463105674919e-07,-4.6861683451962624e-05
2022-09-02,-0.0009623433713709505,0.00018806221600630317,-0.0011504055873772538
2022-09-06,-9.503245144462777e-05,1.2358749753813796e-06,-9.626832642000915e-05
2022-09-07,-5.798409765742085e-05,2.7005416035489303e-06,-6.0684639260969786e-05
2022-09-08,0.00044746657074390395,7.47624638419584e-05,0.00037270410690194554
2022-09-09,3.0273510719506548e-05,4.421148030666654e-05,-1.393796958715999e-05
2022-09-12,0.0005028239671291505,6.39365510963077e-05,0.00043888741603284283
2022-09-13,-0.001465469697791519,4.765985101267869e-05,-0.0015131295488041978
2022-09-14,0.002647040863475406,5.451992827353584e-05,0.00259252093520187
2022-09-15,0.0009932655128021893,9.914622651965877e-05,0.0008941192862825305
2022-09-16,-0.0017451737186997434,8.554284979923474e-05,-0.0018307165684989782
2022-09-19,0.0005216033154582292,0.00013531079541661525,0.000386292520041614
2022-09-20,-0.0011342737638541712,1.2851958218259158e-06,-0.0011355589596759971
2022-09-21,-0.0001661201346132354,9.066513388768005e-06,-0.0001751866480020034
2022-09-22,-0.00035870086638902063,8.112400350506732e-05,-0.000439824869894088
2022-09-23,-0.001118055244245724,8.732771774342047e-05,-0.0012053829619891447
2022-09-26,-0.0016486442131252083,6.531823023224601e-07,-0.0016492973954275309
2022-09-27,6.215622420849421e-05,5.180672234218457e-05,1.0349501866309638e-05
2022-09-28,0.00036335793521427204,5.868928687990932e-05,0.0003046686483343627
2022-09-29,-0.0025869209791893446,5.470503166382028e-05,-0.002641626010853165
2022-09-30,-4.752342200885391e-05,0.00014105355219207958,-0.0001885769742009335
2022-10-03,0.0007876901783004622,2.7577132441206336e-06,0.0007849324650563416
2022-10-04,-0.0018651195886614695,1.146134759168323e-05,-0.0018765809362531528
2022-10-05,-1.841503429938712e-05,6.332700472189173e-06,-2.4747734771576294e-05
2022-10-06,0.00032192771884596974,2.2830878543657924e-05,0.00029909684030231183
2022-10-07,-0.004542923249394764,3.9745131898789865e-06,-0.004546897762584643
2022-10-10,0.0023652983862657083,2.9871126783943296e-06,0.002362311273587314
2022-10-11,0.0014895587558378253,2.256481656461418e-05,0.001466993939273211
2022-10-12,0.0004241725019699371,0.000125796376328332,0.0002983761256416051
2022-10-13,-0.0011825948035191426,5.132731434851831e-05,-0.0012339221178676609
2022-10-14,-0.00016408517250353707,1.837524370600444e-05,-0.0001824604162095415
2022-10-17,-0.0011729908379573457,2.5010792522325734e-06,-0.0011754919172095783
2022-10-18,-0.000678393533840618,7.507407988648299e-05,-0.000753467613727101
2022-10-19,0.0002807253364107942,0.0001379586006642875,0.0001427667357465067
2022-10-20,-0.0005176728951390196,5.0727254813127335e-05,-0.000568400149952147
2022-10-21,2.4974813672656686e-05,9.914439990189675e-05,-7.416958622924007e-05
2022-10-24,7.599549752661944e-05,6.919683061700932e-05,6.798666909610122e-06
2022-10-25,0.0010790870882470508,1.9573134498433553e-05,0.0010595139537486172
2022-10-26,-0.0005669889199613814,9.255403969652632e-05,-0.0006595429596579078
2022-10-27,-0.0033368400293148615,0.0001383153176232575,-0.003475155346938119
2022-10-28,0.001881714076335422,9.557667101094973e-05,0.0017861374053244723
2022-10-31,-0.001016328214642478,7.656696385265187e-05,-0.00109289517849513
2022-11-01,0.00032872795666809393,7.932856343013239e-06,0.0003207951003250807
2022-11-02,-0.00028021942392864084,3.011165438065469e-06,-0.0002832305893667063
2022-11-03,-0.0028271815100247774,1.2613687392049634e-06,-0.002828442878763982
2022-11-04,0.00039024644549482746,7.447381959315486e-05,0.0003157726259016726
2022-11-07,0.001863206101042681,4.685331008766298e-06,0.0018585207700339147
2022-11-08,0.00022966320742574212,0.0001712824889345167,5.838071849122541e-05
2022-11-09,0.0021509633860205884,1.2212899671103506e-06,0.002149742096053478
2022-11-10,-0.0025154855223436107,0.0001383317617712814,-0.002653817284114892
2022-11-11,-0.001596473464823506,5.897424854659328e-06,-0.0016023708896781654
2022-11-14,-0.0012514216492981814,8.95640928178253e-05,-0.0013409857421160067
2022-11-15,0.0016405144392013442,7.544989918698252e-05,0.0015650645400143617
2022-11-16,0.0,8.632554525020551e-05,-8.632554525020551e-05
2022-11-17,0.0,0.0,0.0
2022-11-18,-0.0010654023963605984,7.005710467182222e-05,-0.0011354595010324208
2022-11-21,0.00010986659818074422,2.734184592781219e-06,0.000107132413587963
2022-11-22,0.0005121792238954788,5.155383033093743e-05,0.0004606253935645414
2022-11-23,0.000587220590878316,1.2026457034040421e-06,0.000586017945174912
2022-11-25,0.0008762606666715418,1.4847608785246784e-06,0.0008747759057930171
2022-11-28,0.0005502030286429851,1.948013144365634e-06,0.0005482550154986194
2022-11-29,-0.00027812989106305354,5.353952258804053e-05,-0.00033166941365109405
2022-11-30,-0.00045458029828441193,7.640876723649538e-07,-0.0004553443859567769
2022-12-01,-0.0002831613685405722,2.459318776957542e-07,-0.0002834073004182679
2022-12-02,-0.00041633852514539184,4.569747637884594e-05,-0.0004620360015242378
2022-12-05,-0.003377697085199784,3.068759718556149e-06,-0.00338076584491834
2022-12-06,0.0009138184887504182,1.3259313616402365e-05,0.0009005591751340159
2022-12-07,-0.0005251712778189596,1.4180133687552586e-06,-0.0005265892911877148
2022-12-08,-0.001222946937361594,9.501255094961188e-06,-0.0012324481924565552
2022-12-09,0.00032110618925626483,4.7236869937881924e-05,0.0002738693193183829
2022-12-12,0.0,6.914545205900666e-05,-6.914545205900666e-05
2022-12-13,0.0003782856351145633,0.00010089788306779633,0.00027738775204676696
2022-12-14,-0.0003509806936579825,1.42286025905922e-06,-0.00035240355391704173
2022-12-15,-0.0003151692585717932,3.240540758978075e-06,-0.0003184097993307713
2022-12-16,-0.0004832067362630949,2.8527406057653714e-06,-0.00048605947686886027
2022-12-19,-6.374823252929457e-05,1.6404615733744619e-06,-6.538869410266902e-05
2022-12-20,-0.00034954799771940164,3.792956834570375e-06,-0.000353340954553972
2022-12-21,0.0004477641513790355,8.257065919613025e-05,0.00036519349218290526
2022-12-22,-0.0009460749682622333,2.414757794851755e-06,-0.0009484897260570851
2022-12-23,-0.0002470443368714698,1.0860234893469024e-05,-0.0002579045717649388
2022-12-27,0.0,9.598185729600755e-05,-9.598185729600755e-05
2022-12-28,0.0,0.0,0.0
2022-12-29,-0.00030838410027694255,5.5965041435556426e-05,-0.00036434914171249897
2022-12-30,0.00022251062690437385,1.8618585394483428e-07,0.00022232444105042902
2023-01-03,-0.00033310798204857887,8.77081695795685e-07,-0.00033398506374437455
2023-01-04,0.0035492933858126702,6.441755642313953e-05,0.0034848758293895307
2023-01-05,-0.0006805874556304393,0.00010451023187644459,-0.0007850976875068839
2023-01-06,-0.0021135329630642104,4.7332904022005983e-05,-0.0021608658670862163
2023-01-09,0.0025872411553119774,9.67211304999378e-06,0.0025775690422619835
2023-01-10,-0.00028578260488423737,6.823548779128757e-05,-0.0003540180926755249
2023-01-11,-0.0016283444289058918,6.2028313514242534e-06,-0.001634547260257316
2023-01-12,-0.00021525021334865667,1.374011894313067e-05,-0.00022899033229178734
2023-01-13,0.0016420935028159515,4.83689758307514e-06,0.0016372566052328763
2023-01-17,0.003614660939743337,1.609833894753672e-05,0.0035985626007958003
2023-01-18,-0.0015678931579115921,0.00017451447675380241,-0.0017424076346653945
2023-01-19,0.0010793465139843227,8.003341813234511e-05,0.0009993130958519776
2023-01-20,-0.001054956013729733,2.364297165880868e-06,-0.0010573203108956138
2023-01-23,-0.0014989511303846333,7.842621473345409e-05,-0.0015773773451180874
2023-01-24,0.0003686102735901871,5.868624111688578e-06,0.0003627416494784985
2023-01-25,-0.0010756421527267838,4.557967368767722e-05,-0.001121221826414461
2023-01-26,-0.001834547793437419,7.249323267265676e-05,-0.0019070410261100759
2023-01-27,0.0009920044133551664,6.962644663617642e-05,0.00092237796671899
2023-01-30,-0.0020261187785204447,0.00010182955439024482,-0.0021279483329106896
2023-01-31,0.0021669706936297403,6.268279000161124e-05,0.002104287903628129
2023-02-01,0.006558837993335779,5.718746758790461e-05,0.006501650525747874
2023-02-02,0.0022760295827935245,0.00017993657645353492,0.0020960930063399896
2023-02-03,-0.0032989286381428966,0.00012544753792535578,-0.0034243761760682522
2023-02-06,0.00017390588868732785,8.331542815949826e-05,9.059046052782959e-05
2023-02-07,-0.0005090326252638087,6.914005422176281e-05,-0.0005781726794855715
2023-02-08,-0.003018164664212059,1.0154353326026522e-05,-0.0030283190175380854
2023-02-09,0.00018234455064612622,2.044696412799546e-05,0.00016189758651813076
2023-02-10,-0.0006807037048655656,9.645752722178648e-05,-0.0007771612320873521
2023-02-13,0.0005344358524967124,4.160338222405219e-06,0.0005302755142743072
2023-02-14,0.001340374220277434,7.41864949203209e-05,0.0012661877253571131
2023-02-15,-0.0009997028645396429,5.666324244325949e-05,-0.0010563661069829023
2023-02-16,-0.0021863246874164223,4.418627127459841e-06,-0.002190743314543882
2023-02-17,-0.0005026313715889665,6.700726282392192e-06,-0.0005093320978713587
2023-02-21,-0.00048308724656594,6.0239440778697853e-05,-0.0005433266873446379
2023-02-22,-0.0005407570662873841,1.1864607147528093e-05,-0.0005526216734349122
2023-02-23,0.0022605781296319836,5.536946840438043e-05,0.0022052086612276032
2023-02-24,-0.00013987494717702595,6.722721548119914e-05,-0.00020710216265822507
2023-02-27,0.00033535677446224757,8.34452350456148e-07,0.0003345223221117914
2023-02-28,-0.00012344509250528435,5.0066120247966544e-05,-0.0001735112127532509
2023-03-01,0.00037173433260209146,4.362158861688743e-06,0.00036737217374040274
2023-03-02,0.0,0.00010291518754079501,-0.00010291518754079501
2023-03-03,0.0,0.0,0.0
2023-03-06,0.0,0.0,0.0
2023-03-07,0.0010191656426949641,9.9140967643276e-05,0.0009200246750516881
2023-03-08,0.0,9.9140967643276e-05,-9.9140967643276e-05
2023-03-09,0.0,0.0,0.0
2023-03-10,0.0,0.0,0.0
2023-03-13,0.0,0.0,0.0
2023-03-14,0.0007469603881527932,0.000139865126826712,0.0006070952613260812
2023-03-15,-0.00041300192904527195,6.188440035794912e-07,-0.00041362077304885145
2023-03-16,0.0004102283264671845,1.2664474105076798e-05,0.00039756385236210774
2023-03-17,-0.0014577188996601645,0.00019308787925823435,-0.0016508067789183989
2023-03-20,0.0015647180332750519,1.5185669761847661e-05,0.0015495323635132043
2023-03-21,0.0015713075406490289,1.222175969852088e-05,0.001559085780950508
2023-03-22,0.0015747375171047797,0.00011055411555465917,0.0014641834015501204
2023-03-23,-0.0006418921983256188,4.014265130147954e-06,-0.0006459064634557667
2023-03-24,-0.0018477630565271546,7.3833367361978275e-06,-0.0018551463932633524
2023-03-27,0.0006481158373735896,2.662741483663442e-05,0.0006214884225369552
2023-03-28,0.00018337583264607202,5.24058722351594e-06,0.00017813524542255609
2023-03-29,-0.0009679871140530255,1.6262488891810486e-06,-0.0009696133629422066
2023-03-30,-0.0004100622611512121,6.038836648257974e-06,-0.00041610109779947007
2023-03-31,-0.0007245002681614644,5.743215516918546e-06,-0.0007302434836783829
2023-04-03,0.00016409623429266277,0.0001482884570062867,1.5807777286376058e-05
2023-04-04,-0.001271257946183131,1.5547683346785226e-06,-0.0012728127145178096
2023-04-05,-0.0008778153527711304,1.2810309186028648e-05,-0.0008906256619571591
2023-04-06,0.00032071333943212285,6.970485179381728e-05,0.00025100848763830554
2023-04-10,0.004469572088467043,0.00010280987286914484,0.004366762215597899
2023-04-11,-0.0004709460270055377,0.00021008527583912652,-0.0006810313028446642
2023-04-12,8.174234818701952e-05,3.5837122485866055e-06,7.815863593843291e-05
2023-04-13,-0.0010829006727453904,9.726642299684629e-05,-0.0011801670957422366
2023-04-14,0.001430981834752545,1.4190411137246471e-06,0.0014295627936388204
2023-04-17,0.0006804413177761584,8.67327050847291e-06,0.0006717680472676855
2023-04-18,0.0008696305674744516,0.00012207678826086827,0.0007475537792135833
2023-04-19,0.0013347411418953056,1.5270351121436376e-06,0.0013332141067831618
2023-04-20,-0.0010520195293501487,0.00014203050078502382,-0.0011940500301351725
2023-04-21,0.00036133996541937874,1.5769599819092711e-06,0.00035976300543746946
2023-04-24,-0.0005174982960005095,3.3827379939913046e-06,-0.0005208810339945008
2023-04-25,-0.001164836397942265,3.546851255263547e-06,-0.0011683832491975285
2023-04-26,-0.0012536794868545547,3.646343558326083e-06,-0.0012573258304128807
2023-04-27,-0.0010397543852303896,5.600748656634165e-05,-0.0010957618717967314
2023-04-28,0.002327104459532779,7.770758521428834e-05,0.0022493968743184907
2023-05-01,-0.0005356579937847316,1.8800846359599595e-05,-0.0005544588401443312
2023-05-02,-0.0009667160236739637,4.001684278197314e-05,-0.0010067328664559367
2023-05-03,-0.004601741277637799,4.6174585352422575e-05,-0.004647915862990222
2023-05-04,0.002997961255292341,1.0355845041876099e-05,0.002987605410250465
2023-05-05,0.001960152347863087,5.239534268347078e-05,0.0019077570051796162
2023-05-08,0.002012650194661313,4.773901957276168e-05,0.0019649111750885515
2023-05-09,0.001614596313526462,0.00011425581557436586,0.0015003404979520962
2023-05-10,0.00010125249581331198,4.627717070327726e-05,5.497532511003472e-05
2023-05-11,-0.0009526063822879967,6.665962280212323e-07,-0.0009532729785160179
2023-05-12,-0.0008358559193034578,4.7112962132880385e-05,-0.0008829688814363382
2023-05-15,0.0012580227621548864,6.454085978319916e-05,0.0011934819023716873
2023-05-16,0.0004901316444646771,4.447936913946842e-06,0.0004856837075507303
2023-05-17,0.0014999494109907677,6.773975285303345e-06,0.0014931754357054643
2023-05-18,0.00020037216638384037,0.00011009101459077257,9.028115179306779e-05
2023-05-19,0.0017799934327794736,6.154387945624859e-05,0.001718449553323225
2023-05-22,0.0007263020945838357,5.635175887922635e-05,0.0006699503357046094
2023-05-23,0.000272318555249697,1.6759053918687798e-06,0.0002706426498578282
2023-05-24,-0.0004100828909563021,0.00015970917080382013,-0.0005697920617601223
2023-05-25,-0.007824451111268279,2.2120179605349e-06,-0.007826663129228814
2023-05-26,0.0033747005817736414,0.00030957059048736783,0.0030651299912862738
2023-05-30,0.0012278612989266653,0.00010756271389783333,0.001120298585028832
2023-05-31,0.006595550852780343,2.2465869703071627e-06,0.006593304265810036
2023-06-01,-0.0019761994607663206,0.0001311220793807455,-0.002107321540147066
2023-06-02,0.0014467962038408728,5.588691218012247e-06,0.0014412075126228605
2023-06-05,-0.004168385226429398,8.406934865207076e-06,-0.004176792161294605
2023-06-06,0.0019524644326859345,3.058276528861063e-05,0.0019218816673973239
2023-06-07,0.0027568113312030655,0.00012801543115229812,0.002628795900050767
2023-06-08,-0.0013509140856996626,4.583717456859488e-05,-0.0013967512602682574
2023-06-09,-0.0029070593412169115,4.651818090927032e-06,-0.0029117111593078386
2023-06-12,0.0008031058298363768,2.445995431632349e-05,0.0007786458755200534
2023-06-13,0.0016713904675101639,0.00016910708401299173,0.001502283383497172
2023-06-14,-0.002541323341738253,0.0002779724231529559,-0.002819295764891209
2023-06-15,0.001699934395719785,5.1953604261254717e-05,0.0016479807914585303
2023-06-16,-0.0006656250814827566,1.2443819608633196e-05,-0.0006780689010913899
2023-06-20,-0.0016404640537353138,4.228053374940321e-06,-0.0016446921071102542
2023-06-21,0.001311440015107098,3.9281263669963256e-05,0.0012721587514371348
2023-06-22,0.0001436605597689548,3.200565672821154e-06,0.00014045999409613365
2023-06-23,0.0018553797564212727,0.00013607115478872213,0.0017193086016325505
2023-06-26,0.0013856099386431785,8.198386978052492e-05,0.0013036260688626536
2023-06-27,-0.0007196545005716554,7.994328885547398e-05,-0.0007995977894271294
2023-06-28,0.0010880447111034249,0.00016667550232399108,0.0009213692087794339
2023-06-29,0.0005583647917393002,1.3846781379014007e-06,0.0005569801136013988
2023-06-30,0.00026561547880531167,6.4766235798573e-06,0.0002591388552254544
2023-07-03,0.00025126564635684877,3.057602443715099e-06,0.0002482080439131337
2023-07-05,0.0011456440582664265,3.040842751939787e-06,0.0011426032155144867
2023-07-06,0.0012298639780134622,0.00013117828518675512,0.001098685692826707
2023-07-07,-0.0003537546473229564,5.318730131455022e-06,-0.0003590733774544114
2023-07-10,-0.0019610595132849413,2.7048498690059736e-07,-0.001961329998271842
2023-07-11,8.911107503349462e-05,2.1823982565763206e-05,6.728709246773141e-05
2023-07-12,0.0005696838929826935,1.968380549725049e-06,0.0005677155124329684
2023-07-13,-0.001535892809898838,5.8184999183801233e-05,-0.0015940778090826392
2023-07-14,0.0005343982159717647,0.00010652223985383202,0.0004278759761179327
2023-07-17,-0.0003671763699939635,6.153123035391797e-07,-0.0003677916822975027
2023-07-18,0.0004571227576344811,5.194895086457624e-07,0.0004566032681258353
2023-07-19,2.3684600690637387e-05,3.30367466595902e-06,2.0380926024678367e-05
2023-07-20,0.0008079439461321679,1.4315614338168762e-06,0.0008065123846983511
2023-07-21,-0.0011209526159233667,7.098797629927482e-06,-0.0011280514135532942
2023-07-24,0.00034336360657719316,3.291098511250673e-06,0.00034007250806594247
2023-07-25,-0.000141245756287857,2.0699104589443202e-05,-0.0001619448608773002
2023-07-26,0.002181030395095785,6.444491251941319e-06,0.0021745859038438437
2023-07-27,0.0,9.090889826920729e-05,-9.090889826920729e-05
2023-07-28,0.0,0.0,0.0
2023-07-31,0.0015194935120942956,4.235958466741542e-05,0.0014771339274268801
2023-08-01,-8.972694155883862e-05,3.9201778064111374e-06,-9.364711936524975e-05
2023-08-02,0.0011914031870474532,5.721309454721918e-06,0.0011856818775927314
2023-08-03,-0.000871389153477805,1.1834046140472535e-05,-0.0008832231996182776
2023-08-04,-0.0007662422469732353,4.324276525056644e-06,-0.0007705665234982919
2023-08-07,-0.0007682186662655039,4.337932394480839e-05,-0.0008115979902103122
2023-08-08,2.7343109905535667e-05,0.00018123930056926065,-0.00015389619066372498
2023-08-09,0.0016769434665285718,6.390577271207582e-05,0.001613037693816496
2023-08-10,-0.0002777976244151249,8.514838842926616e-05,-0.0003629460128443911
2023-08-11,-0.0004675424365724294,0.00013941660611701583,-0.0006069590426894452
2023-08-14,0.0001275681634989945,7.56682477595407e-06,0.00012000133872304044
2023-08-15,0.00012625167491577742,9.151921355696992e-06,0.00011709975356008042
2023-08-16,0.001302584581170445,9.882857639631696e-05,0.001203756004774128
2023-08-17,-0.0025174599544222974,0.00025757627449349947,-0.0027750362289157967
2023-08-18,0.00011563069619956003,8.263139949128167e-06,0.00010736755625043186
2023-08-21,-0.0005783881573966856,4.103476799592396e-06,-0.000582491634196278
2023-08-22,0.0008197799772046268,8.931046557464078e-05,0.000730469511629986
2023-08-23,-0.0004785280220153353,8.391279436524302e-05,-0.0005624408163805784
2023-08-24,-0.0017983168317575156,6.79775232209559e-05,-0.0018662943549784714
2023-08-25,0.0016285040977509478,5.412614202085407e-05,0.0015743779557300937
2023-08-28,-0.00010097871562711426,2.2801829241426327e-05,-0.00012378054486854057
2023-08-29,0.00010380342451508755,1.012129260375691e-05,9.368213191133064e-05
2023-08-30,-0.00011634053893171017,1.758400434612676e-05,-0.00013392454327783694
2023-08-31,0.0028368021705235027,5.381930990712204e-05,0.0027829828606163805
2023-09-01,-0.00284035730147335,0.00013938925256183726,-0.002979746554035187
2023-09-05,-0.00044653476439066926,2.5328048260250494e-05,-0.00047186281265091973
2023-09-06,0.00022298117149351315,0.00011163756608452392,0.00011134360540898924
2023-09-07,-0.0021064314073941824,0.00010955486018369152,-0.002215986267577874
2023-09-08,-0.0006256515223142635,8.744433207819392e-05,-0.0007130958543924575
2023-09-11,0.0004970378893893744,0.00018292535712910256,0.00031411253226027184
2023-09-12,0.00799215873224452,2.141837409629054e-05,0.007970740358148229
2023-09-13,0.0011370548657889026,0.0001418238028646065,0.000995231062924296
2023-09-14,0.0003951154500645526,8.686233196722714e-05,0.00030825311809732546
2023-09-15,-0.000732653771882111,2.304335455193036e-05,-0.0007556971264340413
2023-09-18,-0.0005775761466886724,1.6180736170664512e-05,-0.0005937568828593369
2023-09-19,0.0027759577623535175,2.18952583024012e-05,0.002754062504051116
2023-09-20,0.001038038457792947,5.553228681704103e-05,0.000982506170975906
2023-09-21,-0.003195131263442743,5.0906382369019575e-05,-0.0032460376458117624
2023-09-22,-6.5492936625423774e-06,1.582382392703112e-05,-2.2373117589573496e-05
2023-09-25,-0.00020907436659164437,5.559800891280921e-06,-0.0002146341674829253
2023-09-26,-4.563609915746213e-05,5.977017910789945e-06,-5.1613117068252074e-05
2023-09-27,-0.0002343362613058844,9.597234851372025e-05,-0.00033030860981960467
2023-09-28,0.00041216573906692976,5.351907823543542e-06,0.0004068138312433862
2023-09-29,0.0006562310015651435,0.00010013450765118847,0.000556096493913955
2023-10-02,0.0016269658905334273,4.0382101224910595e-06,0.0016229276804109363
2023-10-03,-0.0005583644921671315,9.1666219202185e-06,-0.0005675311140873499
2023-10-04,-6.85517834867976e-05,1.000407393648563e-05,-7.855585742328323e-05
2023-10-05,0.001565943568591128,8.589857769253984e-05,0.001480044990898588
2023-10-06,-0.0007665038037088709,1.1672012607153861e-05,-0.0007781758163160247
2023-10-09,-5.740279569681347e-05,0.00011568601785223956,-0.00017308881354905303
2023-10-10,-0.0005273055398578371,2.6777509554368065e-06,-0.0005299832908132739
2023-10-11,0.0006425632957511498,5.775424718975351e-06,0.0006367878710321744
2023-10-12,-0.0002095799785919383,9.46736428460137e-05,-0.000304253621437952
2023-10-13,-0.0004877975500867972,7.067350626938708e-05,-0.0005584710563561843
2023-10-16,0.0004902893178215636,7.315962463254409e-06,0.0004829733553583092
2023-10-17,-0.0016383804740684525,1.0139683971441903e-05,-0.0016485201580398944
2023-10-18,-0.002096433375705422,1.3366581469976701e-05,-0.0021097999571753987
2023-10-19,-0.00029311178417875956,0.0001430442665972112,-0.00043615605077597077
2023-10-20,-0.0023095938303742502,8.672143738207403e-05,-0.0023963152677563245
2023-10-23,0.00026417280393932604,2.3594518408126544e-05,0.00024057828553119951
2023-10-24,0.0001107493180214689,4.711376101758122e-05,6.363555700388768e-05
2023-10-25,-0.0012735484423421319,0.0001302046044056749,-0.0014037530467478068
2023-10-26,0.00013639092538560995,9.833853023639732e-05,3.8052395149212634e-05
2023-10-27,0.004155538597210543,0.0001084488643391463,0.004047089732871397
2023-10-30,-0.0012423713867060232,0.00013391857875860074,-0.001376289965464624
2023-10-31,6.469835338769809e-05,5.89967510176386e-05,5.701602370059491e-06
2023-11-01,-0.00040428556869641016,0.00010758456260400764,-0.0005118701313004178
2023-11-02,-0.0010520742739201956,8.84788194871334e-05,-0.001140553093407329
2023-11-03,-0.001587703032868197,3.939443505257826e-06,-0.0015916424763734549
2023-11-06,0.0010725155393870186,5.066114429751985e-05,0.0010218543950894987
2023-11-07,-0.001084201511033896,3.582252745067342e-06,-0.0010877837637789634
2023-11-08,0.002089314234963703,6.441093179994556e-06,0.0020828731417837087
2023-11-09,-0.00037893868353499564,9.9120560947946e-05,-0.0004780592444829416
2023-11-10,-0.0015631671779585033,1.999551602475249e-06,-0.0015651667295609785
2023-11-13,0.0015955515494644142,0.00010349478908081165,0.0014920567603836025
2023-11-14,-0.00043694978980065094,6.077569148495859e-06,-0.0004430273589491468
2023-11-15,-0.00032763494535893115,9.627029409602948e-06,-0.0003372619747685341
2023-11-16,0.0011227982879265083,0.0001585924639609656,0.0009642058239655427
2023-11-17,-0.0008966940505879049,0.00010630959865660742,-0.0010030036492445122
2023-11-20,-0.0007641666965586525,1.9814993353267987e-06,-0.0007661481958939793
2023-11-21,0.0016492117451194334,8.28657650794884e-06,0.0016409251686114845
2023-11-22,0.001084184225387526,7.177127760558594e-06,0.0010770070976269675
2023-11-24,-0.000248414322759123,9.67732669736815e-05,-0.00034518758973280453
2023-11-27,-0.00013060069874354043,8.545891483530268e-05,-0.00021605961357884312
2023-11-28,0.00020550751538551617,2.7533393188164115e-06,0.00020275417606669977
2023-11-29,-0.0013707756572840372,2.1240715690121553e-05,-0.0013920163729741588
2023-11-30,-0.005206347478108613,4.511134762506339e-05,-0.005251458825733676
2023-12-01,0.0010959583578564601,0.0001390303346358725,0.0009569280232205877
2023-12-04,0.0004080969111487497,1.3716744842058244e-05,0.00039438016630669146
2023-12-05,0.0011160280532814314,3.4478535516666994e-06,0.0011125801997297646
2023-12-06,-0.0011102124150066672,0.00020424660501601702,-0.0013144590200226843
2023-12-07,0.0007668016494149351,5.324897709687637e-06,0.0007614767517052475
2023-12-08,0.0013887253843383874,0.00015260264459838002,0.0012361227397400074
2023-12-11,0.0016421446525836584,9.027829452178472e-06,0.00163311682313148
2023-12-12,0.0006350519184702076,0.00017100583845797816,0.00046404608001222945
2023-12-13,-0.0004724638635879917,0.0001923386108363591,-0.0006648024744243509
2023-12-14,-0.006136157988436009,1.1597414094398838e-06,-0.006137317729845449
2023-12-15,0.001823458011707116,0.00012025762461632589,0.0017032003870907902
2023-12-18,0.0034914083952830607,0.00012159441426953606,0.0033698139810135245
2023-12-19,-0.0001386494962735397,0.0001570091714157153,-0.000295658667689255
2023-12-20,-0.0006282036849169516,9.070523454149243e-07,-0.0006291107372623666
2023-12-21,0.0006116216549058431,8.47920944861575e-06,0.0006031424454572274
2023-12-22,-0.0003187644256679716,2.4960224656500956e-06,-0.0003212604481336217
2023-12-26,-0.0005329427311107306,2.2556841972045902e-06,-0.0005351984153079351
2023-12-27,6.617328320879595e-05,2.326907129007273e-06,6.384637607978867e-05
2023-12-28,3.211931747367278e-05,1.4375869388159948e-06,3.068173053485678e-05
2023-12-29,0.0003810313096969356,0.0001394035237877425,0.00024162778590919312
2024-01-02,0.0029769988771086477,0.00010008651445951633,0.0028769123626491313
2024-01-03,0.000767329453830845,0.00017652529906659993,0.0005908041547642452
2024-01-04,-0.0010735587057928981,7.770839626095693e-05,-0.001151267102053855
2024-01-05,-0.0021519453824760167,9.271334572507973e-05,-0.0022446587282010963
2024-01-08,-0.002587687542039257,5.588384650873739e-07,-0.0025882463805043444
2024-01-09,-0.0011234355659753875,5.993532151307005e-05,-0.0011833708874884575
2024-01-10,-0.0005623734205173886,5.128459888304132e-06,-0.0005675018804056928
2024-01-11,-0.00018092983424345912,1.0129449511507172e-06,-0.00018194277919460984
2024-01-12,0.00034198677981619715,0.00023734361790581982,0.00010464316191037732
2024-01-16,-0.00034682734850831007,2.179180064762705e-06,-0.00034900652857307275
2024-01-17,-0.0010566102847287297,0.00020115936682380982,-0.0012577696515525395
2024-01-18,0.0019904381872522586,2.087296892259439e-06,0.001988350890359999
2024-01-19,-0.00031241192660092735,0.00015837887452462623,-0.0004707908011255536
2024-01-22,0.0018672921257859578,0.00010912095014404215,0.0017581711756419157
2024-01-23,0.0008197313421715365,1.1455752414668459e-05,0.000808275589756868
2024-01-24,-0.0022296413846088353,9.259682002034459e-05,-0.00232223820462918
2024-01-25,-0.0019966376991572173,1.2423107095681515e-05,-0.0020090608062528987
2024-01-26,-0.005488267589281479,7.791390110396357e-05,-0.005566181490385443
2024-01-29,0.0005011527692413121,0.0001280317344558023,0.0003731210347855098
2024-01-30,-0.0007745851583069337,1.9846451482409255e-05,-0.000794431609789343
2024-01-31,0.002155410085963986,5.812255562957408e-05,0.002097287530334412
2024-02-01,-0.0013431413472642147,1.4745387827166666e-05,-0.0013578867350913814
2024-02-02,-0.00012403839966933445,9.090292520562394e-05,-0.00021494132487495838
2024-02-05,0.002485001879981878,0.00016968241426939642,0.0023153194657124813
2024-02-06,0.0005880186675303141,0.00023607558800482165,0.0003519430795254924
2024-02-07,-0.0005099396509349829,2.88431345648038e-05,-0.0005387827854997868
2024-02-08,0.0013696246380483384,3.372032775838301e-06,0.0013662526052725002
2024-02-09,0.0012225641328578452,2.6406113772787486e-06,0.0012199235214805663
2024-02-12,0.0008693370494050239,1.0830401774233178e-06,0.0008682540092276006
2024-02-13,-0.0006195014317937134,0.0001906632336882971,-0.0008101646654820105
2024-02-14,0.0009487493661851558,2.034936156916287e-06,0.0009467144300282396
2024-02-15,0.0018126261573474306,1.7122570847921264e-06,0.0018109139002626385
2024-02-16,2.601272939180689e-05,9.140099169795069e-05,-6.53882623061438e-05
2024-02-20,0.0009350062587806477,8.815290411600605e-07,0.0009341247297394876
2024-02-21,1.4950598235292044e-05,5.348050818641169e-06,9.602547416650875e-06
2024-02-22,0.00045153989351423476,4.9202215999091864e-05,0.0004023376775151429
2024-02-23,-0.00028172497832462055,1.9036484402400882e-07,-0.0002819153431686446
2024-02-26,0.0013847749186620651,3.618474714248636e-06,0.0013811564439478166
2024-02-27,-0.00010804611179129545,6.2424572586996625e-06,-0.00011428856904999511
2024-02-28,4.0154100049287305e-05,3.1583853225741926e-06,3.699571472671311e-05
2024-02-29,0.0010598554647427887,9.846947878937235e-05,0.0009613859859534164
2024-03-01,-0.000980845024784737,0.00024214367088183975,-0.0012229886956665766
2024-03-04,-0.0009866713731797893,0.00014546327607176189,-0.0011321346492515513
2024-03-05,-0.0012156711465686606,2.079572971149824e-05,-0.0012364668762801588
2024-03-06,-0.0006435857256502316,1.1664077690045227e-05,-0.0006552498033402769
2024-03-07,-0.0019630691077639414,7.249296436403685e-05,-0.0020355620721279784
2024-03-08,0.004163204991092034,5.747361049263326e-05,0.004105731380599401
2024-03-11,0.0016304118083415179,0.00017396229637186384,0.001456449511969654
2024-03-12,-0.0005800773507780824,2.1877101042417086e-05,-0.0006019544518204994
2024-03-13,0.0014507094717621676,0.00023563748187636698,0.0012150719898858006
2024-03-14,0.00037423901639612074,0.00017664942696948345,0.0001975895894266373
2024-03-15,-0.0007825282326062984,4.178209573268694e-05,-0.0008243103283389853
2024-03-18,0.0029449149395308735,0.00014835061842062612,0.0027965643211102474
2024-03-19,0.0008939998005761948,5.428219487818649e-05,0.0008397176056980083
2024-03-20,0.00027427538987818815,0.00011139781545949113,0.00016287757441869704
2024-03-21,0.0008016872751244791,0.00027514771976159006,0.000526539555362889
2024-03-22,-0.0015296684866334931,0.0001467889587277875,-0.0016764574453612805
2024-03-25,0.0014915535043320508,2.20770370348123e-05,0.0014694764672972384
2024-03-26,0.00046546059868517235,1.0667144690338544e-05,0.0004547934539948338
2024-03-27,4.836687441984989e-06,4.230885730103044e-06,6.058017118819444e-07
2024-03-28,0.0007271852559999916,6.18504423852787e-05,0.0006653348136147129
2024-04-01,-0.00017051166052231017,2.0108134492606357e-06,-0.0001725224739715708
2024-04-02,0.00047026788040900776,0.00012514978355468995,0.0003451180968543178
2024-04-03,0.0044246906713780974,2.4624315589440206e-06,0.0044222282398191535
2024-04-04,-0.004788761166994084,0.00013067593096673945,-0.004919437097960824
2024-04-05,0.0007980484063804874,1.724341953537039e-05,0.000780804986845117
2024-04-08,-8.145663657516125e-05,4.671012144390148e-05,-0.00012816675801906273
2024-04-09,0.0002483354475437573,3.3876857210240265e-06,0.0002449477618227333
2024-04-10,0.0003114356597409213,0.0002200085419946374,9.142711774628388e-05
2024-04-11,-0.0008676271928657673,0.00030385681988283927,-0.0011714840127486066
2024-04-12,-0.003410447048835999,9.126079768091785e-05,-0.003501707846516917
2024-04-15,-0.00037484894735885597,1.4227420426982975e-05,-0.0003890763677858389
2024-04-16,0.002061840098689238,2.2958185021313686e-05,0.002038881913667924
2024-04-17,-0.0003828161101106181,7.305796540794648e-06,-0.00039012190665141275
2024-04-18,0.0012477093021033645,6.905713647493567e-06,0.001240803588455871
2024-04-19,-0.002663849307587641,9.472144359547858e-05,-0.0027585707511831193
2024-04-22,0.0023484949221851035,3.416089750002407e-05,0.0023143340246850794
2024-04-23,-4.759321637946758e-05,5.343970987410683e-05,-0.00010103292625357441
2024-04-24,-0.0031585518492932172,3.4225450139870465e-05,-0.0031927772994330876
2024-04-25,0.0027992892598580057,0.00011460013160440209,0.0026846891282536036
2024-04-26,-0.00364116275572923,2.0490173024922032e-05,-0.0036616529287541518
2024-04-29,-0.0009403798596458832,8.293116956036765e-05,-0.001023311029206251
2024-04-30,0.00040770755762852126,0.0001136205677446495,0.00029408698988387175
2024-05-01,-0.0005951435733162166,0.00011792792698211379,-0.0007130715002983303
2024-05-02,0.004459878792416888,7.451279908354478e-05,0.004385365993333343
2024-05-03,-0.0016049971785904995,0.00016323312993103312,-0.0017682303085215327
2024-05-06,0.0008677946797512981,3.381857776573602e-05,0.0008339761019855621
2024-05-07,-0.0012057964699483483,2.189538552901065e-06,-0.0012079860085012495
2024-05-08,-2.9222388996514524e-05,0.0002063768714812798,-0.00023559926047779433
2024-05-09,-0.0006155783538182978,1.3618903269359612e-05,-0.0006291972570876574
2024-05-10,0.00018643711282603605,3.295058342565712e-06,0.00018314205448347032
2024-05-13,0.0006456812184396825,8.254459326948704e-06,0.0006374267591127338
2024-05-14,0.0015882914917118734,2.8385914907063477e-05,0.00155990557680481
2024-05-15,0.0013292273813142528,0.00010476761248143683,0.001224459768832816
2024-05-16,0.0010572238871039898,0.00015354854574446618,0.0009036753413595236
2024-05-17,0.00011415119277991466,5.54890177266627e-06,0.00010860229100724838
2024-05-20,-8.85027966340491e-05,0.0001488562314567442,-0.0002373590280907933
2024-05-21,0.0,5.9637057899272384e-05,-5.9637057899272384e-05
2024-05-22,-0.0005603265294293247,0.0001506646888861654,-0.00071099121831549
2024-05-23,-4.3429575782035325e-06,6.62268707802945e-06,-1.0965644656232981e-05
2024-05-24,-0.0001809018538327374,3.9119562170485095e-06,-0.0001848138100497859
2024-05-28,-0.000211798451330104,0.00011943781270367479,-0.0003312362640337788
2024-05-29,0.00022334038495395206,5.532623204970353e-06,0.0002178077617489817
2024-05-30,-0.001739701664900191,6.811089528585574e-05,-0.0018078125601860469
2024-05-31,-0.0006575731234926884,8.79543551250938e-05,-0.0007455274786177822
2024-06-03,-0.00018911888340163982,9.482779956403884e-06,-0.0001986016633580437
2024-06-04,0.0005496350937176844,0.00014002279903256178,0.0004096122946851226
2024-06-05,0.0005187942138482294,9.1972207425935e-08,0.0005187022416408035
2024-06-06,0.0010241346044741818,6.328658238698758e-05,0.0009608480220871942
2024-06-07,-0.0005793286994646286,8.563210919665315e-05,-0.0006649608086612817
2024-06-10,0.0003532802010956195,4.403209109690328e-06,0.0003488769919859292
2024-06-11,-0.0001596124577077882,7.273021004454528e-06,-0.00016688547871224272
2024-06-12,-5.1012547568035855e-05,5.584870100270624e-06,-5.6597417668306476e-05
2024-06-13,0.0002845199238713776,9.399896425029267e-05,0.00019052095962108497
2024-06-14,0.0009595340330009044,2.7022868308000504e-06,0.0009568317461701043
2024-06-17,0.0012088994436304642,0.00013744892544935845,0.0010714505181811057
2024-06-18,0.00026911914398998374,0.00014273916704317114,0.0001263799769468126
2024-06-20,0.0010358475581976087,5.454027227288145e-05,0.0009813072859247273
2024-06-21,0.002785777549917182,0.00011547148656776025,0.0026703060633494215
2024-06-24,-0.002534626257100261,0.00031044665660455304,-0.002845072913704814
2024-06-25,0.0004923516248188393,3.9719534001127656e-05,0.0004526320908177116
2024-06-26,-0.0015017161104881336,1.2198352112316458e-06,-0.0015029359456993651
2024-06-27,-0.00259762618285872,5.551367410333996e-05,-0.00265313985696206
2024-06-28,-0.001071008882610168,1.077015851659871e-05,-0.0010817790411267666
2024-07-01,-0.00039791944950752414,0.00013233038435637185,-0.000530249833863896
2024-07-02,-0.0016509260575813603,0.00025981687520534364,-0.001910742932786704
2024-07-03,0.001875291412754445,2.3200294897692557e-05,0.0018520911178567525
2024-07-05,-0.004490455410924591,6.361237869364628e-06,-0.004496816648793956
2024-07-08,0.001701546606491108,0.0002413627379796427,0.0014601838685114653
2024-07-09,0.0031038398744685945,6.0960835591732e-06,0.0030977437909094213
2024-07-10,0.0012681938336939484,0.00012407530254397449,0.001144118531149974
2024-07-11,-0.0011158672721977164,9.850807894600684e-05,-0.0012143753511437232
2024-07-12,0.0011948500890542548,7.08935334144982e-06,0.0011877607357128049
2024-07-15,0.00023309556718910542,4.203197786097377e-06,0.00022889236940300804
2024-07-16,0.002114811251408842,5.672836019781979e-06,0.00210913841538906
2024-07-17,0.004821850515323519,5.1167150085795666e-05,0.004770683365237723
2024-07-18,0.001922847312823942,0.00012327591621499748,0.0017995713966089445
2024-07-19,0.0006594699449031086,0.00016070105519217645,0.0004987688897109322
2024-07-22,0.0,9.158209045874034e-05,-9.158209045874034e-05
2024-07-23,0.0,0.0,0.0
2024-07-24,0.0,0.0,0.0
2024-07-25,0.0,0.0,0.0
2024-07-26,0.0,0.0,0.0
2024-07-29,0.0,0.0,0.0
2024-07-30,0.0,0.0,0.0
2024-07-31,0.0,0.0,0.0
2024-08-01,0.0025188488811360445,0.00013163957993313493,0.0023872093012029098
2024-08-02,0.0009485281802040572,9.406585303660491e-05,0.0008544623271674523
2024-08-05,0.002294993873661706,0.00011698475815590732,0.0021780091155057984
2024-08-06,-0.0005854022857771008,0.00016191524888148128,-0.0007473175346585821
2024-08-07,-0.0003804331395124549,2.479398461065131e-06,-0.00038291253797352
2024-08-08,-0.0009540913681608794,3.8803349410436106e-07,-0.0009544794016549837
2024-08-09,-0.003943089966935911,1.8805549294149855e-06,-0.003944970521865326
2024-08-12,-0.00044406369107864534,5.5620456329438105e-06,-0.00044962573671158913
2024-08-13,0.0009645057672062274,9.843836307935607e-06,0.0009546619308982918
2024-08-14,-0.0014944674539818959,1.908319139941238e-06,-0.001496375773121837
2024-08-15,0.0011145968861548657,0.00010333209997418847,0.0010112647861806772
2024-08-16,-7.676447134311341e-05,9.627377936428961e-05,-0.000173038250707403
2024-08-19,-0.0014895387131304899,9.248094578038934e-05,-0.0015820196589108792
2024-08-20,0.0003858305570172539,0.00016308061432973388,0.00022274994268752004
2024-08-21,-0.000383396336687549,3.1184010019869452e-06,-0.00038651473768953594
2024-08-22,0.0006870787424324617,2.0217351855238154e-06,0.0006850570072469378
2024-08-23,-0.0008524575496507974,4.460023421254879e-06,-0.0008569175730720523
2024-08-26,0.0013036388248233095,0.0002977261505774154,0.001005912674245894
2024-08-27,-0.00010095029290545445,3.2944247892939555e-05,-0.000133894540798394
2024-08-28,0.0014718927838777243,1.721324339890967e-05,0.0014546795404788147
2024-08-29,0.002068539148274142,0.00013610796959583627,0.0019324311786783057
2024-08-30,-0.0009091122596377631,0.00010244480379350423,-0.0010115570634312674
2024-09-03,0.004861268777326547,9.765159750662961e-05,0.004763617179819917
2024-09-04,-0.0011029587153519773,0.0001889028848615494,-0.0012918616002135267
2024-09-05,0.0017334235538027597,0.00011659130843520394,0.0016168322453675558
2024-09-06,0.004837049803815371,2.467551170027124e-05,0.0048123742921151
2024-09-09,-0.00044542205579096257,0.00012283003080486426,-0.0005682520865958269
2024-09-10,0.0020526611073496837,1.2346553141421372e-05,0.0020403145542082623
2024-09-11,0.002336062237892174,0.0002889520516472639,0.00204711018624491
2024-09-12,-0.000732553649532176,9.609381927148315e-05,-0.0008286474688036592
2024-09-13,0.00017065380947204343,0.00011173168549656232,5.89221239754811e-05
2024-09-16,-0.006498952786898328,5.1566372641755636e-05,-0.006550519159540084
2024-09-17,-3.3933125278031786e-05,4.112977649709785e-05,-7.506290177512963e-05
2024-09-18,0.001633799481638928,0.00016509466744427613,0.0014687048141946517
2024-09-19,0.0013712181774662546,7.769792737541682e-06,0.0013634483847287128
2024-09-20,0.0001269559947226442,1.3256847466445013e-05,0.00011369914725619919
2024-09-23,0.0010175101569988496,0.00018723375717390856,0.000830276399824941
2024-09-24,0.0021070837969801265,9.535378429724451e-06,0.002097548418550402
2024-09-25,6.028789630162128e-05,4.722371614517686e-05,1.3064180156444419e-05
2024-09-26,0.000415124245643093,0.00015761567670520397,0.00025750856893788903
2024-09-27,-0.00043386101858095775,0.00016782040657682898,-0.0006016814251577868
2024-09-30,0.0006595887480169853,2.81713307544014e-06,0.0006567716149415452
2024-10-01,0.0009935174741242134,7.297164644210352e-05,0.0009205458276821099
2024-10-02,-1.9577970676493345e-05,6.303115299135792e-05,-8.260912366785126e-05
2024-10-03,0.0010317217356986587,3.3312284641198834e-06,0.0010283905072345388
2024-10-04,0.000264660291995315,0.00011959269639819412,0.00014506759559712086
2024-10-07,-0.00026370382898625237,0.00013612061344293918,-0.00039982444242919155
2024-10-08,-0.0012610016319600434,0.00013175633960031913,-0.0013927579715603627
2024-10-09,0.00024005788256223085,4.336342652776482e-06,0.00023572153990945437
2024-10-10,-0.00034082415636747874,1.741384495483225e-05,-0.000358238001322311
2024-10-11,-6.40966684634749e-05,4.3935179292525154e-05,-0.00010803184775600005
2024-10-14,0.0018625564737173167,1.1108873754302785e-05,0.001851447599963014
2024-10-15,-0.0011250541684974592,0.00015573088348575016,-0.0012807850519832094
2024-10-16,0.001873153379550632,3.0938839994085407e-06,0.0018700594955512234
2024-10-17,0.00017942262781928396,2.037649077330439e-05,0.00015904613704597958
2024-10-18,-0.00018299158173853622,0.00018875214248265484,-0.00037174372422119106
2024-10-21,-0.0009458235555131758,9.077018561459745e-06,-0.0009549005740746355
2024-10-22,0.0004419432178276836,0.0003688951193709225,7.304809845676112e-05
2024-10-23,0.0004031491718515675,0.0001575442137003166,0.0002456049581512509
2024-10-24,-0.00246089775527654,1.551187816083542e-05,-0.0024764096334373756
2024-10-25,-0.0010915854607855499,6.32986063617842e-05,-0.001154884067147334
2024-10-28,0.001931372242315835,0.00011660568974988592,0.001814766552565949
2024-10-29,0.002118358306969475,1.318265077965041e-05,0.0021051756561898246
2024-10-30,-0.004724930159652502,0.00016784354300964846,-0.00489277370266215
2024-10-31,0.002936615660601079,3.6476779659588966e-05,0.0029001388809414903
2024-11-01,-0.002665621427561064,0.00016290164778789,-0.0028285230753489544
2024-11-04,-0.0006148065065966542,3.976422514110708e-05,-0.0006545707317377614
2024-11-05,-0.00023690854419764493,4.839174102533143e-07,-0.00023739246160789823
2024-11-06,-0.0016267369644789808,5.841906336986161e-06,-0.0016325788708159668
2024-11-07,0.0008917847942725814,2.226006116206107e-05,0.0008695247331105203
2024-11-08,-0.00012626969043950497,7.176306806209863e-06,-0.00013344599724571485
2024-11-11,-0.0011593992529005458,2.8087240536679543e-06,-0.0011622079769542137
2024-11-12,-0.002409671908800597,4.1680804471087145e-05,-0.002451352713271684
2024-11-13,0.00010268533568419611,0.00022445129477635602,-0.00012176595909215991
2024-11-14,0.00207313604399006,4.227321392329196e-05,0.002030862830066768
2024-11-15,0.00018361983159150864,1.5476438102269894e-05,0.00016814339348923874
2024-11-18,0.0022356851861326872,6.067963711807421e-06,0.0022296172224208796
2024-11-19,-0.0018719598996072037,8.845967047799138e-05,-0.001960419570085195
2024-11-20,0.00029316224727438415,4.195719605511461e-06,0.00028896652766887266
2024-11-21,0.0004630010498229434,6.40589926113459e-05,0.0003989420572115975
2024-11-22,0.0003976883740830592,0.00012842049556502824,0.000269267878518031
2024-11-25,0.000636813236234839,1.5210501888340251e-06,0.0006352921860460051
2024-11-26,-0.0008922605864432622,0.00011241503428478757,-0.0010046756207280497
2024-11-27,-0.0004700348029138504,8.536171855361003e-06,-0.0004785709747692114
2024-11-29,0.0006145307090923471,9.34098360389976e-07,0.0006135966107319571
2024-12-02,0.0002798137906274028,6.389484990176081e-05,0.000215918940725642
2024-12-03,-4.1476555683957216e-05,5.2599837385740924e-05,-9.407639306969814e-05
2024-12-04,-0.001161026009020014,8.441814629726989e-05,-0.0012454441553172838
2024-12-05,-0.003704062312322833,0.00012116595010568629,-0.0038252282624285194
2024-12-06,-0.0006785117767336187,8.685396045031354e-05,-0.0007653657371839322
2024-12-09,-0.000364068978930102,6.872352933983641e-05,-0.00043279250826993844
2024-12-10,-0.002827978909588488,0.0001526463422493578,-0.002980625251837846
2024-12-11,0.001060325074085928,2.685291505492736e-05,0.0010334721590310005
2024-12-12,0.0011265483474288936,7.304208827810403e-06,0.0011192441386010832
2024-12-13,-0.001981370468783676,2.2471688160955324e-06,-0.0019836176375997716
2024-12-16,-0.005624024211621496,0.00021520344506085448,-0.005839227656682351
2024-12-17,-5.815379621085595e-06,9.366162726675037e-05,-9.947700688783596e-05
2024-12-18,0.0030135066345454483,0.00011094958303688488,0.0029025570515085635
2024-12-19,-0.0021793395613052147,7.542281014209596e-05,-0.002254762371447311
2024-12-20,0.0006620407269490015,8.121779588328245e-05,0.000580822931065719
2024-12-23,-0.0005375406683101082,7.44545777150205e-05,-0.0006119952460251287
2024-12-24,-0.0015136870014508135,8.029786467234179e-05,-0.0015939848661231553
2024-12-26,-0.001080354521455086,3.5584098118313994e-05,-0.0011159386195734
2024-12-27,0.0001813305398592561,0.0002192381250062817,-3.7907585147025616e-05
2024-12-30,0.0005214340486537374,1.7501417749366436e-06,0.0005196839068788007
2024-12-31,0.0,4.9202679154276614e-05,-4.9202679154276614e-05
2025-01-02,0.0,0.0,0.0
2025-01-03,0.0,0.0,0.0
2025-01-06,0.0,0.0,0.0
2025-01-07,-0.00010999166824988792,6.288257091007221e-05,-0.00017287423915996012
2025-01-08,0.0007118160295615842,4.972517344629625e-05,0.000662090856115288
2025-01-10,-0.0006341773551550062,9.346194243980794e-06,-0.000643523549398987
2025-01-13,-3.1770392773760486e-05,2.1457830560040365e-05,-5.322822333380085e-05
2025-01-14,-0.00019342069903602327,4.151225784399139e-06,-0.0001975719248204224
2025-01-15,-0.0019809678032402384,9.352264335131925e-06,-0.0019903200675753705
2025-01-16,0.0006217782193605325,1.1287337796501343e-05,0.0006104908815640312
2025-01-17,-0.00011164706788935037,3.0082261267010857e-06,-0.00011465529401605146
2025-01-21,-0.0006544028329496644,1.4975994332652272e-06,-0.0006559004323829297
2025-01-22,6.547939004276665e-05,1.221518025889202e-05,5.3264209783874636e-05
2025-01-23,-0.0009805899980204315,4.673678456408888e-06,-0.0009852636764768404
2025-01-24,0.00028582601587260654,4.8842591871036906e-05,0.00023698342400156963
2025-01-27,0.0031766241110559694,5.279578177718287e-05,0.0031238283292787865
2025-01-28,0.0006383710280919968,0.0001231393832575225,0.0005152316448344743
2025-01-29,0.0007987679540716304,6.615745780954613e-05,0.0007326104962620843
2025-01-30,0.00018736207731837365,6.825657585978295e-05,0.00011910550145859071
2025-01-31,0.0015598065809283768,1.1100949288032936e-06,0.0015586964859995735
2025-02-03,0.0009675015673363583,8.958628677134554e-06,0.0009585429386592238
2025-02-04,-0.0016164183320880846,6.917116099065374e-05,-0.0016855894930787384
2025-02-05,0.0035863874485780266,2.488331117195509e-06,0.003583899117460831
2025-02-06,0.0001953377262947865,0.00010914774713477293,8.618997916001358e-05
2025-02-07,-0.0004422839218013033,6.210541703797167e-07,-0.000442904975971683
2025-02-10,-0.00013349230981008804,1.8904795744726314e-06,-0.00013538278938456067
2025-02-11,-2.7412766666090098e-05,1.1886643948303879e-06,-2.8601431060920485e-05
2025-02-12,-0.00032442885249043315,1.7130703648845927e-06,-0.0003261419228553177
2025-02-13,-0.0022995541763016266,0.00012567500830213963,-0.0024252291846037664
2025-02-14,0.000499913322053314,7.017730175348038e-06,0.0004928955918779659
2025-02-18,-0.007037587771231143,7.576631268260048e-05,-0.007113354083913744
2025-02-19,-0.0010577883413861366,8.854776925955454e-05,-0.0011463361106456911
2025-02-20,-0.0017019331367506638,1.8873301442458386e-06,-0.0017038204668949097
2025-02-21,0.00014657818739647948,0.00010795804325121442,3.8620144145265066e-05
2025-02-24,-0.00020731319543046439,6.0894086729326364e-06,-0.000213402604103397
2025-02-25,-0.00035299419885629295,5.920854725086719e-07,-0.00035358628432880163
2025-02-26,0.0006099638632078943,6.259918359188669e-05,0.0005473646796160076
2025-02-27,-0.0003733030030177336,3.3083087839116454e-06,-0.0003766113118016452
2025-02-28,0.0008081742514728674,4.741232881905715e-06,0.0008034330185909617
2025-03-03,-0.001345170564499261,6.239893394108936e-06,-0.00135141045789337
2025-03-04,4.1272618689587104e-05,0.00016241621241581971,-0.00012114359372623261
2025-03-05,0.000380448959127689,0.0001968165705420509,0.00018363238858563807
2025-03-06,0.0022245922649652503,3.9117617615048695e-05,0.002185474647350202
2025-03-07,0.0024578633853849638,0.00018262737807091245,0.002275236007314051
2025-03-10,0.002734690650962117,1.4575338937618094e-05,0.0027201153120244986
2025-03-11,0.0004411163523559467,5.500612750720542e-05,0.00038611022484874124
2025-03-12,-0.0024102241147126225,4.6964551141464895e-06,-0.002414920569826769
2025-03-13,0.00040083675342464506,0.00012051823284670374,0.0002803185205779413
2025-03-14,-0.0003386743853521139,0.00031855307455665513,-0.0006572274599087691
2025-03-17,0.0012585353146743537,1.4052095841227668e-05,0.001244483218833126
2025-03-18,-0.00024608247556654313,0.0001752677747477669,-0.00042135025031431
2025-03-19,0.00041298878215150495,6.735007956116395e-07,0.0004123152813558933
2025-03-20,-0.00025439838065925913,3.5031679728760035e-07,-0.00025474869745654673
2025-03-21,-0.00020879957026398774,2.0929450258244664e-06,-0.00021089251528981222
2025-03-24,0.0001855286194191255,9.159619919276787e-07,0.00018461265742719782
2025-03-25,3.543230349388479e-06,5.6743257892061596e-08,3.4864870914964175e-06
2025-03-26,0.0010572453928471431,1.9186661855609687e-06,0.0010553267266615821
2025-03-27,-0.00017595207123441745,1.5764780445044636e-06,-0.00017752854927892192
2025-03-28,-3.213876918531616e-05,4.3632512538141665e-07,-3.2575094310697576e-05
2025-03-31,0.0005364465089817521,4.5959276064267906e-07,0.0005359869162211094
2025-04-01,0.0006467436447944129,0.0001578445578367654,0.0004888990869576476
2025-04-02,0.0009739233528349159,3.161771089947328e-06,0.0009707615817449686
2025-04-03,0.0019045211632703531,3.0178169232387212e-06,0.0019015033463471143
2025-04-04,-0.0005860495894690226,0.00030929536927726823,-0.0008953449587462909
2025-04-07,0.0009144186963342426,0.00012790176930952172,0.0007865169270247209
2025-04-08,-0.003798227622794279,7.113007444284957e-05,-0.0038693576972371286
2025-04-09,0.0022249860726071703,1.0064548601546292e-05,0.002214921524005624
2025-04-10,0.0011022498024320531,0.0001598209321107058,0.0009424288703213473
2025-04-11,0.0008386025607510771,2.2028877662706373e-05,0.0008165736830883707
2025-04-14,0.0008978419601960442,7.218817687265515e-05,0.0008256537833233891
2025-04-15,0.0007542058969107994,2.4555361697092566e-05,0.0007296505352137069
2025-04-16,0.0003952368680288634,4.13384371920968e-06,0.0003911030243096537
2025-04-17,0.0023756996173826418,1.6097154386752655e-05,0.002359602462995889
2025-04-21,0.0037045804164510523,0.00015323965467706083,0.0035513407617739916
2025-04-22,-0.0015526541235244854,0.0003604364143112695,-0.001913090537835755
2025-04-23,0.001234455453636951,8.340181633781837e-06,0.0012261152720031692
2025-04-24,0.0014402859151060694,5.269970132774478e-05,0.0013875862137783246
2025-04-25,-0.0004408756586411375,5.8696317567869084e-05,-0.0004995719762090065
2025-04-28,0.0007824076054579619,0.00013684048592511067,0.0006455671195328513
2025-04-29,-0.0010602391147234605,4.16230333057701e-06,-0.0010644014180540375
2025-04-30,-0.0011394526215290717,4.336959878332321e-05,-0.0011828222203123949
2025-05-01,-0.0008906558145763009,0.00023353121217835348,-0.0011241870267546545
2025-05-02,0.00190042629954068,1.0617814384538544e-06,0.0018993645181022262
2025-05-05,-0.0018247091417746071,0.0001204136081448641,-0.0019451227499194712
2025-05-06,-0.0001553659596972279,1.5168828206770991e-05,-0.0001705347879039989
2025-05-07,0.00043980775712821663,1.405718195182988e-05,0.00042575057517638674
2025-05-08,0.0011385849444357143,9.415681441819826e-07,0.0011376433762915323
2025-05-09,0.0038844361749574372,2.740478958986157e-05,0.0038570313853675754
2025-05-12,0.00022250467759386047,7.854868554970498e-05,0.00014395599204415548
2025-05-13,0.001726892694518502,2.100404382089963e-05,0.0017058886506976024
2025-05-14,-0.0009731169454197076,8.885458825117598e-06,-0.0009820024042448252
2025-05-15,0.00037939768230790144,4.320178131887884e-05,0.0003361959009890226
2025-05-16,-0.00010726157673445359,4.555727010812091e-05,-0.0001528188468425745
2025-05-19,-0.001139787969067528,0.00015965024975732583,-0.0012994382188248538
2025-05-20,-0.000274090826415405,6.640417315696099e-06,-0.0002807312437311011
2025-05-21,2.393853840747533e-05,6.83314382776892e-06,1.710539457970641e-05
2025-05-22,-0.000400032900296734,4.642059057416953e-05,-0.0004464534908709035
2025-05-23,-0.0016171938176823227,1.0173273856049508e-06,-0.0016182111450679278
2025-05-27,0.0004892511603882856,2.2737507194513248e-06,0.0004869774096688342
2025-05-28,-0.0004761280870303647,5.738036225288333e-05,-0.000533508449283248
2025-05-29,-0.0006994149496878584,1.5002042219905851e-05,-0.0007144169919077642
2025-05-30,-0.0028652161724840174,0.00014589911810017548,-0.003011115290584193
2025-06-02,0.0007975525868883156,9.625082288680906e-05,0.0007013017640015066
2025-06-03,-0.0011794559810527146,0.0001889685621761903,-0.0013684245432289048
2025-06-04,-8.14825343003835e-05,7.496127821786394e-06,-8.897866212216989e-05
2025-06-05,-0.0010886958464943078,4.622201189527751e-06,-0.0010933180476838356
2025-06-06,0.0010308357658591254,8.765539019236563e-06,0.0010220702268398888
2025-06-09,-0.0018089311959457728,0.0001567200521848747,-0.0019656512481306477
2025-06-10,-0.000608736044119688,0.00011779704609173446,-0.0007265330902114224
2025-06-11,-0.00041585106745981943,9.702103917754727e-05,-0.0005128721066373667
2025-06-12,-0.00563786772670901,6.075755950960334e-06,-0.00564394348265997
2025-06-13,-0.0007449656330208995,6.567658712425975e-05,-0.0008106422201451592
2025-06-16,4.842345358620616e-05,4.9892929962637655e-05,-1.4694763764314955e-06
2025-06-17,8.541759587953854e-05,1.1271884407191534e-06,8.429040743881939e-05
2025-06-18,-0.0006196096377516482,0.00010913117356070431,-0.0007287408113123524
2025-06-20,-0.0006350170064579447,2.268275359074468e-05,-0.0006576997600486894
2025-06-23,-0.0005334859732676408,0.00010008914025464722,-0.0006335751135222881
2025-06-24,-0.001634319189570639,1.995160273671802e-05,-0.001654270792307357
2025-06-25,-0.0017326117548111483,6.260842014606027e-06,-0.0017388725968257542
2025-06-26,0.0003469533250368218,9.994852644499689e-06,0.0003369584723923221
2025-06-27,0.0003692520160445012,1.9139443213469975e-05,0.0003501125728310312
2025-06-30,0.0013071827689098367,5.512056012882179e-05,0.0012520622087810148
2025-07-01,0.0013483866207189494,7.503986701249915e-05,0.0012733467537064502
2025-07-02,0.0032016133080829687,0.0001764056338884115,0.003025207674194557
2025-07-03,0.0012888849285906394,0.00017345463835962237,0.001115430290231017
2025-07-07,0.00014880870575882603,0.00011772027989419184,3.108842586463419e-05
2025-07-08,-0.0008476627672111028,2.0030778838161025e-06,-0.000849665845094919
2025-07-09,0.0013999300499352846,0.00013340271152708773,0.0012665273384081968
2025-07-10,-0.0018271447686292192,0.00015394600519126592,-0.001981090773820485
2025-07-11,-0.0018108289777473364,0.0001170614431364469,-0.0019278904208837834
2025-07-14,0.0013444001385020522,5.0663110040194234e-05,0.001293737028461858
2025-07-15,-0.0026607195308453375,1.3407799661494684e-05,-0.002674127330506832
2025-07-16,0.0002243822444957662,0.00016872381202503596,5.565843247073025e-05
2025-07-17,0.000651527647569768,0.00018004055403924354,0.0004714870935305245
2025-07-18,-0.0007082633704660267,1.7390163145019188e-06,-0.0007100023867805286
2025-07-21,0.002256642029667859,7.498287068240526e-06,0.0022491437425996184
2025-07-22,-0.0007890235670791659,0.0002704322504834164,-0.0010594558175625822
2025-07-23,0.0011097647694894137,6.283662015804315e-06,0.0011034811074736093
2025-07-24,0.0017737225033730992,0.00019984194027950424,0.001573880563093595
2025-07-25,-0.00012749825368114844,0.00010668610609225132,-0.00023418435977339976
2025-07-28,5.603206694824883e-05,7.20919745944375e-05,-1.6059907646188667e-05
2025-07-29,0.0013051799041388912,3.038386645352303e-06,0.0013021415174935388
2025-07-30,0.0002472845455410381,1.8169652281729072e-05,0.000229114893259309
2025-07-31,9.60105754125125e-05,4.141423637632255e-05,5.4596339036189955e-05
2025-08-01,0.0021757672736890956,0.00010457022590727708,0.0020711970477818183
2025-08-04,-0.0007979962517418642,4.435431361197612e-06,-0.0008024316831030618
2025-08-05,0.0011125616846748808,5.239339404620396e-05,0.0010601682906286767
2025-08-06,-6.451052525414388e-05,3.7525922773374874e-05,-0.00010203644802751875
2025-08-07,0.0004661144349619316,1.1378814329793639e-05,0.00045473562063213797
2025-08-08,0.00022727544432704953,6.722738574183238e-05,0.00016004805858521715
2025-08-11,-0.0016711827695039781,6.425919941237009e-05,-0.0017354419689163483
2025-08-12,0.002934390547963629,9.971872665556403e-06,0.002924418675298073
2025-08-13,0.0011857304218955797,6.633568789247507e-06,0.0011790968531063322
2025-08-14,-0.00028750825551172453,6.788816755901148e-05,-0.000355396423070736
2025-08-15,0.0010151124761788154,8.364621322033399e-05,0.0009314662629584814
2025-08-18,0.001530702104121235,8.597622486873783e-05,0.0014447258792524972
2025-08-19,-0.003922540492037175,4.6984827496808984e-06,-0.003927238974786856
2025-08-20,0.0037005784488273697,0.00016550246753108645,0.0035350759812962833
2025-08-21,-0.0006225818610075159,1.7611271858212453e-05,-0.0006401931328657283
2025-08-22,-0.0012130813162927819,7.20478388828771e-06,-0.0012202861001810695
2025-08-25,-0.00027046685546966323,7.84260563726491e-06,-0.00027830946110692816
2025-08-26,-9.487006381486164e-05,1.389115376655252e-06,-9.625917919151689e-05
2025-08-27,-0.0012302384565488565,3.797031842898188e-05,-0.0012682087749778385
2025-08-28,0.0005439649536764824,1.4929603436068028e-05,0.0005290353502404143
2025-08-29,-0.00098376231480789,0.00010805881428143089,-0.001091821129089321
2025-09-02,-0.0001103253010744194,1.2330345056871265e-05,-0.00012265564613129067
2025-09-03,-0.0003765040233274482,1.5785114291461947e-05,-0.0003922891376189102
2025-09-04,0.0030010575884377192,0.00013014498656417056,0.0028709126018735486
2025-09-05,-0.003488983127528744,8.127612397641404e-05,-0.003570259251505158
2025-09-08,-0.00104344447518722,0.00011981682816500174,-0.0011632613033522217
2025-09-09,0.0034456353059893097,0.0004167675229053071,0.0030288677830840023
2025-09-10,-0.0010838291007228503,0.00019428794539732801,-0.0012781170461201783
2025-09-11,0.00210759079570415,0.0005648036563641999,0.00154278713933995
2025-09-12,0.0020585056151105653,9.508597877138047e-05,0.001963419636339185
2025-09-15,-0.0015725457068965242,2.7105918806264506e-05,-0.0015996516257027887
2025-09-16,-0.0023092268182418212,7.456511959302761e-06,-0.002316683330201124
2025-09-17,-0.000957192075579618,1.901651250027263e-05,-0.0009762085880798907
2025-09-18,0.000754052865277249,0.00017657763213835764,0.0005774752331388914
2025-09-19,-0.0003901891423508555,7.27174963728545e-05,-0.00046290663872371
2025-09-22,0.0020538218799661797,0.00016537582731536928,0.0018884460526508104
2025-09-23,-0.0013247081675908778,0.0004571775626326508,-0.0017818857302235285
2025-09-24,-0.003582999241213973,3.5149378112552323e-06,-0.0035865141790252285
2025-09-25,-0.0036571021838680976,1.2130403352454473e-05,-0.0036692325872205523
2025-09-26,-0.00035086192122321967,0.00012530485701621282,-0.0004761667782394325
2025-09-29,0.001455216885027337,1.704323397634845e-06,0.0014535125616297023
2025-09-30,0.0010514302309138086,5.800546953123892e-05,0.0009934247613825698
2025-10-01,0.0013469990209869565,6.128142024927865e-06,0.0013408708789620287
2025-10-02,0.0,5.080020585572109e-05,-5.080020585572109e-05
2025-10-03,0.0,0.0,0.0
2025-10-06,0.0,0.0,0.0
2025-10-07,0.0,0.0,0.0
2025-10-08,0.0,0.0,0.0
2025-10-09,0.0,0.0,0.0
2025-10-10,0.0,0.0,0.0
2025-10-13,0.0,0.0,0.0
2025-10-14,0.0018396533561135088,5.0714418717107064e-05,0.0017889389373964017
2025-10-15,0.0,5.0714418717107064e-05,-5.0714418717107064e-05
2025-10-16,0.0,0.0,0.0
2025-10-17,0.0006833726475577182,5.94075754414644e-05,0.0006239650721162538
2025-10-20,-0.002097636192890634,6.082926319237243e-05,-0.0021584654560830065
2025-10-21,-0.0018085092416888703,8.68442629868572e-06,-0.001817193667987556
2025-10-22,0.0008673290354046524,4.33019579157063e-06,0.0008629988396130818
2025-10-23,0.0011091572392275904,5.634359035315089e-06,0.0011035228801922752
2025-10-24,0.00040954565882158624,4.194378367427362e-06,0.0004053512804541589
2025-10-27,0.00020111384307487477,2.6689204779196076e-06,0.00019844492259695517
2025-10-28,0.0018883432477961918,6.0136217183941135e-05,0.0018282070306122507
2025-10-29,0.0025709525121547874,4.248825470944635e-05,0.002528464257445341
2025-10-30,0.0011430184258804628,0.000136451628147799,0.0010065667977326638
2025-10-31,-0.0008986335493840962,0.00016254180742769996,-0.0010611753568117962
2025-11-03,-0.0006999522389205522,5.770510104113975e-06,-0.0007057227490246662
2025-11-04,0.0023173796976732873,5.475705149801878e-06,0.0023119039925234854
2025-11-05,0.00015189011683717894,7.589920479465373e-05,7.599091204252521e-05
2025-11-06,0.0007025910867887778,9.034209562897602e-05,0.0006122489911598017
2025-11-07,0.0006825131856764051,9.244418153065482e-06,0.0006732687675233396
2025-11-10,0.0013476735757662953,6.740193774000434e-06,0.0013409333819922949
2025-11-11,0.0009936748228980908,0.00013295888944599634,0.0008607159334520944
2025-11-12,-0.0005372378863914395,9.450227784121707e-06,-0.0005466881141755612
2025-11-13,-0.0030271698437301406,6.023371211116296e-05,-0.0030874035558413034
2025-11-14,0.0007682384374377118,0.00011671493802635606,0.0006515234994113557
2025-11-17,0.001554651556602701,4.0478648205723487e-05,0.0015141729083969775
2025-11-18,0.0004634524346415291,0.0001725431468674646,0.00029090928777406445
2025-11-19,-0.001019286382059086,3.3203963032820953e-06,-0.0010226067783623682
2025-11-20,-0.0012018420567891808,9.590109081026918e-05,-0.00129774314759945
2025-11-21,0.0008988721660399069,1.0943361439376389e-05,0.0008879288046005305
2025-11-24,-0.001613060076166288,9.624801680323637e-06,-0.0016226848778466117
2025-11-25,0.0009125297181886496,1.4893062400232921e-05,0.0008976366557884167
2025-11-26,0.00013897061384230954,6.256756681623453e-05,7.6403047026075e-05
2025-11-28,0.002512753588174481,1.4427773055834432e-06,0.0025113108108688973
2025-12-01,0.002743425842565833,0.00012504131820254577,0.0026183845243632872
2025-12-02,4.3101780445774826e-05,5.452599650962825e-05,-1.1424216063853425e-05
2025-12-03,-0.0015409684449668652,1.270280406176996e-06,-0.0015422387253730423
2025-12-04,0.0008020384249943982,6.63057891111738e-05,0.0007357326358832244
2025-12-05,-0.0035442130424731214,0.00013545380939623526,-0.0036796668518693566
2025-12-08,0.000756873452791783,9.165372806607773e-05,0.0006652197247257053
2025-12-09,-0.0016471008793629077,0.0001351964930159929,-0.0017822973723789007
2025-12-10,-0.001713413304068349,1.5163605904087195e-05,-0.0017285769099724363
2025-12-11,-0.000613671298935897,1.6957895822665207e-05,-0.0006306291947585622
2025-12-12,0.0029841829653637518,9.395800482086885e-06,0.0029747871648816647
2025-12-15,0.001232710899362095,0.00014475664115936815,0.0010879542582027267
2025-12-16,0.00027160576347585975,6.2834221394717e-05,0.00020877154208114273
2025-12-17,-0.002138994953565585,7.434195795939583e-06,-0.0021464291493615245
2025-12-18,-0.0005728491875293246,0.00018157417458705783,-0.0007544233621163824
2025-12-19,0.0013486506295684166,5.056186119312772e-06,0.0013435944434491039
2025-12-22,-0.0010464650364750067,7.464106976123857e-05,-0.0011211061062362452
2025-12-23,0.0009972154466513128,4.252132416214985e-06,0.0009929633142350977
2025-12-24,-0.00011139710336500365,1.5902588760957591e-06,-0.00011298736224109942
2025-12-26,-0.00044177208289948025,2.3379530675266786e-05,-0.000465151613574747
2025-12-29,0.0005663980115591173,1.3971558378423386e-05,0.000552426453180694
2025-12-30,0.00021527994791875442,2.4848934147752784e-06,0.00021279505450397913
2025-12-31,7.174167638126453e-06,0.00010802937859217999,-0.00010085521095405354
