date,AAPL,MSFT,NVDA,AVGO,AMD,ADBE,CRM,CSCO,INTC,ORCL,QCOM,TXN,SPY,XLK,QQQ
2020-07-01,0.0,0.0,0.0,0.0,0.0,0.0,0.0,0.0,0.0,0.0,-0.05,0.0,0.002684996847988854,0.012283808838983687,0.030232936095613058
2020-07-02,0.0,0.0,0.0,0.0,0.0,0.0,0.0,0.0,0.0,0.0,-0.05,0.0,0.0007551627344330631,0.024120360783577353,0.019055135011614863
2020-07-06,0.0,0.0,0.0,0.0,0.0,0.0,0.0,0.0,0.0,0.0,-0.05,0.0,-0.0027116729234545854,0.03612599254440959,0.009643704048728706
2020-07-07,0.0,0.0,0.0,0.0,0.0,0.0,0.0,0.0,0.0,0.0,-0.05,0.0,-5.074763581500841e-05,0.04000275264804828,0.0033998467694170455
2020-07-08,0.0,0.0,0.0,0.0,0.0,0.0,0.0,0.0,0.0,0.0,-0.05,0.0,0.005238264109429227,0.03469133679465754,0.0040527191320068505
2020-07-09,0.0,0.0,0.0,0.0,0.0,0.0,0.0,0.0,0.0,0.0,-0.05,0.0,0.008808962010861439,0.03909908530208465,-0.0043733094581840295
2020-07-10,0.0,0.0,0.0,-0.05,0.0,0.0,0.0,0.0,0.0,0.0,0.0,0.0,0.028208209584130946,0.06349960940042176,-0.04925878162407613
2020-07-13,0.0,0.0,0.0,-0.05,0.0,0.0,0.0,0.0,0.0,0.0,0.0,0.0,0.027389509485320068,0.06509626650160205,-0.050328963719813366
2020-07-14,0.0,0.0,0.0,0.0,0.0,0.0,0.0,0.0,0.0,0.0,0.0,0.0,-0.0,-0.0,-0.0
2020-07-15,0.0,0.0,0.0,0.0,0.0,0.0,0.0,0.0,0.0,0.0,0.0,0.0,-0.0,-0.0,-0.0
2020-07-16,0.0,0.0,0.0,0.0,0.0,0.0,0.0,0.0,0.0,0.0,0.0,0.0,-0.0,-0.0,-0.0
2020-07-17,0.0,0.0,0.0,0.0,0.0,0.0,0.0,0.0,0.0,0.0,0.0,0.0,-0.0,-0.0,-0.0
2020-07-20,0.0,0.0,0.0,0.0,0.0,0.0,0.0,0.0,0.0,0.0,0.0,0.0,-0.0,-0.0,-0.0
2020-07-21,0.0,0.0,0.0,0.0,0.0,0.0,0.0,0.0,0.0,0.0,0.0,0.0,-0.0,-0.0,-0.0
2020-07-22,0.0,0.0,0.0,0.0,0.0,0.0,0.0,0.0,0.0,0.0,0.0,0.0,-0.0,-0.0,-0.0
2020-07-23,0.0,0.0,0.0,0.05,-0.05,0.0,0.0,0.0,0.0,0.0,0.0,0.0,-0.057858696682859874,-0.03501211159789856,0.09174657185928745
2020-07-24,0.05,0.0,0.0,0.05,-0.05,0.0,0.0,0.0,0.0,0.0,0.0,0.0,-0.05227768492133725,-0.06582890498641186,0.08381601925898946
2020-07-27,0.05,0.0,0.0,0.05,0.0,0.0,0.0,0.0,0.05,0.0,0.0,0.0,-0.023566035457907367,-0.12296136949281705,0.027602468230440547
2020-07-28,0.05,0.0,0.0,0.05,0.0,0.0,0.0,0.0,0.0,0.0,0.0,0.0,-0.017358053645668947,-0.08666069238503352,0.026126201195136468
2020-07-29,0.05,-0.05,0.0,0.05,0.0,0.0,0.0,0.0,0.0,0.0,0.0,0.0,-0.038948855055919676,-0.04585081013017908,0.044520855383558204
2020-07-30,0.05,-0.05,0.0,0.05,0.0,0.0,0.0,0.0,0.0,0.0,0.0,0.0,-0.03802616120875385,-0.04647269261920483,0.04428253076470855
2020-07-31,0.05,0.0,0.0,0.05,0.0,0.0,0.0,0.0,0.0,0.0,-0.05,0.0,-0.01434792843923581,-0.029340740227758517,0.008291158634483552
2020-08-03,0.0,0.0,0.0,0.05,0.0,0.0,0.0,0.0,0.0,0.0,-0.05,0.0,-0.014282281533475927,-0.01859200204077556,0.03461919246271079
2020-08-04,-0.05,0.0,0.0,0.05,0.0,0.0,0.0,0.05,0.0,0.0,-0.05,0.0,-0.057144300165218084,0.013210102643451302,0.04898360098708105
2020-08-05,-0.05,0.0,0.0,0.05,0.0,0.0,0.0,0.05,0.0,0.0,-0.05,0.0,-0.055843804995561096,0.013588487990022135,0.04831511850886098
2020-08-06,-0.05,0.0,0.0,0.05,0.0,0.0,0.0,0.05,0.0,0.0,-0.05,0.0,-0.05614950939222266,0.013087932032994062,0.04932305423627442
2020-08-07,-0.05,0.0,0.0,0.05,0.0,0.0,0.0,0.05,0.0,0.0,-0.05,0.0,-0.05688931684476035,0.014251500287034842,0.04811465436488629
2020-08-10,-0.05,0.0,0.0,0.05,0.0,0.0,0.0,0.05,0.0,0.0,-0.05,0.0,-0.05766373024878302,0.019626584105035122,0.04516209742059465
2020-08-11,-0.05,0.0,0.0,0.05,0.0,0.0,0.0,0.05,0.0,0.0,-0.05,0.0,-0.05713742879954489,0.019967485781784665,0.045481301684503185
2020-08-12,-0.05,0.0,0.0,0.05,0.0,0.0,0.0,0.05,0.0,0.05,-0.05,0.0,-0.07566535015857075,0.01100333211897313,0.04563099021167784
2020-08-13,-0.05,0.0,0.0,0.05,0.0,0.0,0.05,0.05,0.0,0.05,-0.05,0.0,-0.06359461592561377,-0.044894414019412104,0.05541013715130867
2020-08-14,-0.05,0.0,0.0,0.05,0.0,0.0,0.05,0.05,0.0,0.05,-0.05,0.0,-0.0736326361040977,-0.03680094826613071,0.053549913256625684
2020-08-17,-0.05,0.0,-0.05,0.05,0.0,0.0,0.05,0.05,0.0,0.05,-0.05,0.0,-0.10844569554548059,-0.013061140918051994,0.10363219536562923
2020-08-18,-0.05,0.0,-0.05,0.05,0.0,0.0,0.05,0.05,0.0,0.05,-0.05,0.0,-0.1080302267002097,-0.015778173329789567,0.1056031498636581
2020-08-19,-0.05,0.0,-0.05,0.05,0.0,0.0,0.0,0.05,0.0,0.05,-0.05,0.0,-0.12465821735379426,0.03642043479197474,0.10412464391006865
2020-08-20,-0.05,0.05,-0.05,0.05,0.0,0.0,0.0,0.05,0.0,0.0,0.0,0.0,-0.07379022061324145,-0.06450822239645695,0.10690434083554329
2020-08-21,-0.05,0.05,-0.05,0.05,0.0,0.0,-0.05,0.05,0.0,0.0,0.0,0.0,-0.08177008962590071,-0.03288675876783049,0.12146896575952304
2020-08-24,-0.05,0.05,-0.05,0.05,0.0,0.0,0.0,0.05,0.0,0.0,0.0,0.0,-0.06919182604674858,-0.044708502554532126,0.08355427561297163
2020-08-25,-0.05,0.05,-0.05,0.05,0.0,0.0,0.0,0.05,0.0,0.0,0.0,0.0,-0.07308491747333529,-0.04766075052118083,0.09190678597734256
2020-08-26,-0.05,0.05,-0.05,0.05,0.0,0.0,-0.05,0.05,0.0,0.0,0.0,0.0,-0.09700626512868141,-0.01119005035331158,0.11589390706070574
2020-08-27,0.0,0.05,0.0,0.05,0.0,-0.05,0.0,0.0,0.0,0.0,0.0,0.0,-0.024347533475996094,-0.08501359563950202,0.07460270327358674
2020-08-28,0.0,0.05,0.0,0.05,0.0,0.0,0.0,0.0,0.0,0.0,0.0,0.0,0.005207280513243165,-0.0942469879859509,0.01507189615399643
2020-08-31,0.0,0.0,0.0,0.05,0.0,0.0,0.0,0.0,0.0,0.0,0.0,0.0,-0.015383710541139343,-0.04845061820288962,0.02747087055875834
2020-09-01,0.0,0.05,0.0,0.05,0.0,0.0,0.0,0.0,0.0,0.0,0.0,0.0,0.0037540309577878466,-0.09750846938046458,0.019294935241698855
2020-09-02,0.0,0.05,-0.05,0.0,0.0,0.0,0.0,0.0,0.0,0.0,0.0,0.0,-0.0002998573815449837,-0.02592666581997389,0.03133690718794009
2020-09-03,0.0,0.05,-0.05,0.0,0.0,0.0,0.0,0.0,0.0,0.0,0.0,0.0,0.003862192595782993,-0.027255961635660745,0.029803427213353405
2020-09-04,0.0,0.05,-0.05,0.0,0.0,0.0,0.0,0.0,0.0,0.0,0.0,0.0,-0.00017708402914005245,-0.019423783995591665,0.029506557834375644
2020-09-08,0.0,0.05,-0.05,-0.05,0.0,0.0,0.0,0.0,0.0,0.0,0.0,0.0,0.011548628173092811,0.030953377769641965,0.0036222355741104776
2020-09-09,0.0,0.05,-0.05,-0.05,0.0,0.0,0.0,0.0,0.0,0.0,0.0,0.0,0.01032017135073613,0.030739200455015617,0.002991041685385715
2020-09-10,0.0,0.05,-0.05,-0.05,0.0,0.0,0.0,0.0,0.0,0.0,0.0,0.0,0.009209545573664258,0.034380079271405586,0.0003696969259252402
2020-09-11,0.0,0.05,-0.05,-0.05,0.0,0.0,0.0,0.0,0.0,-0.05,0.0,0.0,0.029531879893117806,0.0533896821938508,-0.0154678914981104
2020-09-14,0.0,0.0,-0.05,-0.05,0.0,-0.05,0.0,0.0,0.0,-0.05,0.0,0.0,-0.021266208901014126,0.08875978794374009,0.07226163156238156
2020-09-15,0.0,0.0,-0.05,-0.05,0.0,-0.05,0.0,0.0,0.0,-0.05,0.0,0.0,-0.016552050695620334,0.0906211499437346,0.06951206306703968
2020-09-16,0.0,0.0,-0.05,-0.05,0.0,-0.05,0.0,0.0,0.0,0.0,0.0,0.0,-0.030711741950260628,0.07400329874985506,0.07865064406137352
2020-09-17,0.0,0.0,-0.05,0.0,0.0,-0.05,0.0,0.0,0.0,0.0,0.0,0.0,-0.03864332467026675,0.032374006038210654,0.09690998264312574
2020-09-18,0.0,0.0,-0.05,0.0,0.0,-0.05,0.0,0.0,0.0,0.0,0.0,-0.05,-0.017683191440986477,0.047727001858047506,0.09399341139240852
2020-09-21,0.0,0.0,-0.05,0.0,0.0,-0.05,0.0,0.0,0.0,0.0,0.0,-0.05,-0.015904576411288163,0.048122069384826674,0.09282816074220496
2020-09-22,0.0,0.0,-0.05,0.0,0.0,-0.05,0.0,0.0,0.0,0.0,0.0,-0.05,-0.02059403431227489,0.04966701749290012,0.09383484485918091
2020-09-23,0.0,0.0,-0.05,0.0,0.0,-0.05,0.0,0.0,0.0,0.0,0.0,-0.05,-0.021679131747454165,0.052420038850613936,0.09076944677368967
2020-09-24,0.0,0.0,-0.05,0.0,0.0,-0.05,0.0,0.0,0.0,0.0,0.0,-0.05,-0.015814250038651625,0.050569579316444464,0.08970438735102627
2020-09-25,0.0,0.0,-0.05,0.0,0.0,-0.05,0.0,0.0,0.0,0.0,0.0,-0.05,-0.01630568605476574,0.051322101966936505,0.0889537846886596
2020-09-28,0.0,0.0,-0.05,0.0,0.0,-0.05,0.0,0.0,0.0,0.0,0.0,-0.05,-0.012597593592452503,0.035019139501731196,0.10391530490194213
2020-09-29,0.0,0.0,0.0,0.0,0.0,-0.05,0.0,0.0,0.0,0.0,0.0,-0.05,-0.006298540423870139,-0.012088257144607189,0.09105301467208542
2020-09-30,0.0,0.0,0.0,0.0,0.0,-0.05,0.0,0.0,0.0,0.0,0.0,-0.05,-0.006917686708494056,-0.011726731181249478,0.0909862075271903
2020-10-01,0.0,0.0,-0.05,0.0,0.0,-0.05,0.0,0.0,0.0,0.0,0.0,-0.05,-0.01428984394516166,0.0378308501002191,0.10171537768898015
2020-10-02,0.0,0.0,-0.05,0.0,0.0,0.0,0.0,0.0,0.0,0.0,0.0,-0.05,0.02582443939246021,0.04605382331207725,0.020761117973414213
2020-10-05,0.0,0.0,0.0,0.0,0.0,0.0,0.0,0.0,0.0,0.0,0.0,-0.05,0.03298393863659987,-0.005810160866017107,0.013697301700341877
2020-10-06,0.0,0.0,0.0,0.0,0.0,0.0,0.0,0.0,0.0,0.0,0.0,-0.05,0.03633038653484659,-0.011478982180421617,0.017699991552441965
2020-10-07,0.0,0.0,-0.05,0.0,0.0,0.0,0.0,0.0,0.0,0.0,0.0,-0.05,0.031584132692318245,0.04685872420613907,0.015591511218220673
2020-10-08,0.0,0.0,-0.05,0.0,0.0,0.0,0.0,0.0,0.0,0.0,0.0,-0.05,0.02405335990460262,0.044763078656476815,0.021379079223863215
2020-10-09,0.0,0.0,-0.05,0.0,0.0,0.0,0.0,0.0,0.0,0.0,0.0,-0.05,0.026881467683090854,0.048845235908470314,0.01552052249544438
2020-10-12,0.0,0.0,0.0,0.0,0.05,0.0,0.0,0.0,0.0,0.0,0.0,-0.05,0.056525041792092334,-0.016470242102867023,-0.03652286782172011
2020-10-13,0.0,0.0,0.0,0.0,0.05,0.0,0.0,0.0,0.0,0.0,0.0,-0.05,0.05578893587035024,-0.025465909013557855,-0.025212484625750525
2020-10-14,0.0,-0.05,0.0,0.0,0.05,0.0,0.0,0.0,0.0,0.0,0.0,-0.05,0.05275232921922998,0.015746827295928516,-0.02340696714288449
2020-10-15,0.0,-0.05,0.0,0.0,0.05,0.0,0.0,0.0,0.0,0.0,0.0,-0.05,0.05634458655902311,0.014958735585870454,-0.0251752254263359
2020-10-16,0.0,-0.05,0.0,0.0,0.05,0.0,0.0,0.0,0.0,0.0,0.0,-0.05,0.0630516896438037,0.03387626954552612,-0.04786965549015962
2020-10-19,0.0,-0.05,0.0,0.0,0.0,0.0,0.0,0.0,0.0,0.0,0.0,0.0,-0.0029787081139316706,0.03745121925616349,0.004836705920552613
2020-10-20,0.0,-0.05,0.0,0.0,0.0,0.0,0.0,0.0,0.0,0.0,0.0,0.0,-0.0023736578543178876,0.03895873027844739,0.0033326267804077445
2020-10-21,0.0,-0.05,0.0,0.0,0.0,0.0,0.0,0.0,0.0,0.0,0.0,0.0,-0.002728895726129309,0.03862813536786214,0.004005481384413999
2020-10-22,0.0,-0.05,0.0,0.0,0.0,0.0,0.0,0.0,0.0,0.0,0.0,0.0,-0.0030422672216846177,0.03836851196968642,0.004600763819478052
2020-10-23,0.0,-0.05,0.0,0.0,0.0,0.0,0.0,0.0,0.0,0.0,0.0,0.0,-0.0008611962722772915,0.03649825975437685,0.005216314924942664
2020-10-26,0.0,-0.05,0.0,0.0,0.0,0.0,0.0,0.0,0.0,0.0,0.0,0.0,-0.0014983928758294839,0.03547507771444509,0.006687147736078963
2020-10-27,0.0,-0.05,0.0,0.0,0.0,0.0,0.0,0.0,0.0,0.0,0.0,0.0,-0.004567744814281868,0.04573029054831742,-0.0007509899811527672
2020-10-28,0.0,-0.05,0.0,0.0,0.0,0.05,0.0,0.0,0.0,0.0,0.0,0.0,0.04289154569614316,-0.003042389410931488,-0.02924669500373138
2020-10-29,0.0,-0.05,0.0,0.0,0.0,0.05,0.0,0.0,0.0,0.0,0.0,0.0,0.043390490337003686,-0.004282653996941397,-0.02837616341838329
2020-10-30,0.0,-0.05,0.0,0.0,0.0,0.05,0.0,0.0,0.0,0.0,0.0,0.0,0.044792764091800566,-0.004179599177446729,-0.029145133515395355
2020-11-02,0.0,-0.05,0.0,0.0,0.0,0.05,0.0,-0.05,0.0,0.0,0.0,0.0,0.09174288137671996,0.02489759023601749,-0.07085826932804243
2020-11-03,0.0,-0.05,0.0,0.0,0.0,0.05,0.0,-0.05,0.0,0.0,0.0,0.0,0.08758681839791796,0.026712634199069496,-0.07014702091779888
2020-11-04,0.0,-0.05,0.0,0.0,0.0,0.05,0.0,-0.05,0.0,0.0,0.0,0.0,0.08977228310580333,0.026246174706172472,-0.07100519614849543
2020-11-05,0.0,-0.05,0.0,0.0,0.0,0.05,0.05,-0.05,0.0,0.05,0.0,0.0,0.11420193592852303,-0.04677774808181007,-0.07874531735434771
2020-11-06,0.0,0.0,0.05,0.0,0.0,0.05,0.05,0.0,0.05,0.05,-0.05,0.0,0.06690081645011152,-0.1202821620273314,-0.06756013108849554
2020-11-09,0.0,0.0,0.05,0.0,0.0,0.05,0.05,0.0,0.05,0.05,-0.05,0.0,0.06638498832434112,-0.12289600413296374,-0.06459502128348943
2020-11-10,0.0,0.0,0.05,0.0,0.0,0.05,0.05,0.0,0.05,0.05,-0.05,0.0,0.0720967681375976,-0.11911206750899267,-0.0724425491689221
2020-11-11,0.0,0.0,0.05,0.05,0.0,0.05,0.05,0.0,0.05,0.05,-0.05,0.0,0.06594103665128892,-0.15851483547954529,-0.06220405952697287
2020-11-12,0.0,0.0,0.05,0.05,0.0,0.05,0.05,0.0,0.05,0.05,-0.05,0.0,0.06681291401758305,-0.1701719788343256,-0.050548260040653645
2020-11-13,0.0,0.0,0.05,0.05,0.0,0.05,0.05,0.0,0.05,0.05,-0.05,0.0,0.06137622596653411,-0.1653875848706146,-0.05254582290807548
2020-11-16,0.0,0.0,0.05,0.05,0.0,0.05,0.05,0.0,0.05,0.05,-0.05,0.0,0.06231315203952584,-0.16601156220045893,-0.05281554194053004
2020-11-17,0.0,0.0,0.05,0.05,0.0,0.05,0.05,0.0,0.05,0.05,-0.05,0.0,0.07476165737662424,-0.19100348658537591,-0.0360253954004606
2020-11-18,0.0,0.0,0.05,0.05,0.0,0.05,0.05,0.0,0.05,0.05,-0.05,0.0,0.0751055177562766,-0.1888428519885787,-0.03827824171041308
2020-11-19,0.0,0.0,0.05,0.05,0.0,0.0,0.0,0.0,0.05,0.0,-0.05,0.0,0.00956743271529423,-0.06613590814957598,-0.007610678257302646
2020-11-20,0.0,0.0,0.05,0.05,0.0,0.0,0.0,0.0,0.05,0.0,-0.05,0.0,0.011321271199293659,-0.0674202891659339,-0.008288783277189248
2020-11-23,0.0,0.0,0.05,0.05,0.0,0.0,0.0,0.0,0.05,0.0,-0.05,0.0,0.0115478598312731,-0.0710493560497313,-0.00479940691459338
2020-11-24,0.0,0.0,0.05,0.05,0.0,0.0,0.0,0.0,0.05,0.0,0.0,0.0,0.020561471454969775,-0.13111774064858886,0.006739700073820357
2020-11-25,0.0,0.0,0.0,0.05,0.0,0.0,0.0,0.0,0.05,0.0,0.0,0.0,-0.039922973657292596,-0.038100284752300366,0.009724374964359206
2020-11-27,0.0,0.0,0.0,0.05,0.0,0.0,0.0,0.0,0.05,0.0,0.0,0.0,-0.04075838075747145,-0.03672083731687563,0.009111186262584975
2020-11-30,0.0,0.0,0.0,0.05,0.0,0.0,0.0,0.0,0.05,0.0,0.0,0.0,-0.030942351391233205,-0.04502243759057176,0.011796158497006048
2020-12-01,0.0,0.05,0.0,0.0,0.0,0.0,0.0,0.0,0.0,0.0,0.0,0.0,0.005675095851647015,-0.02370302813729604,-0.021716576623898236
2020-12-02,0.0,0.05,0.0,0.0,-0.05,0.0,0.0,0.0,0.0,0.0,0.0,0.0,-0.048500099386096035,0.054630540558192074,-0.02262058129363148
2020-12-03,-0.05,0.05,0.0,0.0,-0.05,0.0,0.0,0.0,0.0,0.0,0.0,0.0,-0.07145268297557114,0.10794909407778286,-0.0098409697891672
2020-12-04,-0.05,0.05,0.0,0.0,-0.05,0.0,0.0,0.0,0.0,0.0,0.0,0.05,-0.07757043210374011,0.0851498268218529,-0.014697470804976753
2020-12-07,0.0,0.05,0.0,0.0,-0.05,0.0,0.0,0.0,0.0,0.0,0.0,0.0,-0.04876784524382354,0.05684366245498301,-0.022891934769197656
2020-12-08,0.0,0.05,0.0,0.0,-0.05,0.0,0.0,0.0,0.0,0.0,0.0,0.0,-0.045512660481393366,0.0533377076482745,-0.022092192652230776
2020-12-09,0.0,0.05,0.0,0.0,-0.05,0.0,0.0,0.0,0.0,0.0,0.0,0.0,-0.0452665730266081,0.05125888620972045,-0.020604406132887353
2020-12-10,-0.05,0.05,0.0,0.0,0.0,0.0,0.0,0.0,0.0,0.0,0.0,0.05,-0.02348167548886191,-0.00914225366719076,-0.0008682923947194814
2020-12-11,-0.05,0.05,0.0,0.0,0.0,0.0,0.0,0.0,0.0,0.0,0.0,0.05,-0.022439481197093575,-0.012962231508018377,0.0017895221482529095
2020-12-14,-0.05,0.05,0.0,0.0,0.0,0.0,0.0,0.0,0.0,0.0,0.05,0.05,-0.0021936093423135074,-0.12616473751322294,0.052849615895956624
2020-12-15,0.0,0.05,0.0,0.0,-0.05,0.0,0.0,0.0,0.0,-0.05,0.05,0.05,-0.018697489666973127,-0.0632407708862774,0.010618979300454667
2020-12-16,-0.05,0.0,0.0,0.0,-0.05,0.0,0.0,0.0,0.0,-0.05,0.05,0.05,-0.011229741120660115,-0.024025003085952915,0.05714780438807378
2020-12-17,-0.05,0.0,0.0,0.0,-0.05,0.0,0.0,0.0,0.0,-0.05,0.05,0.05,-0.011072127268960025,-0.027245609944855337,0.06158009767983757
2020-12-18,-0.05,0.0,0.0,0.0,-0.05,0.0,0.0,0.0,0.0,-0.05,0.05,0.05,-0.015158056380432673,-0.023838708869517514,0.057807848697511606
2020-12-21,0.0,0.0,0.0,0.0,0.0,0.0,0.0,0.0,0.0,-0.05,0.05,0.05,0.04206915080281227,-0.11937641589889408,0.024382543550442892
2020-12-22,0.0,0.0,0.0,0.0,0.0,0.0,0.0,0.0,0.0,-0.05,0.05,0.05,0.0408968825462836,-0.11867943567439129,0.022928994711472202
2020-12-23,-0.05,0.0,0.0,0.0,0.0,0.0,0.0,0.0,0.0,0.0,0.0,0.05,-0.021515804293482092,0.02179230103609046,0.006142683835459991
2020-12-24,-0.05,0.0,0.0,0.0,0.0,0.0,0.0,0.0,0.0,0.0,0.0,0.05,-0.020623312556098488,0.019868611689621056,0.007193598597391439
2020-12-28,-0.05,0.0,0.0,0.0,0.0,0.0,0.0,0.0,0.0,0.0,0.0,0.0,-0.019455887302742267,0.05542449098092775,0.005357326484576095
2020-12-29,-0.05,0.0,0.0,0.0,0.0,0.0,0.0,0.0,0.0,0.0,0.0,0.0,-0.019004357276255865,0.055038687143603465,0.006284079472409697
2020-12-30,-0.05,0.0,0.0,0.0,0.0,0.0,0.0,0.0,0.0,0.0,0.0,0.0,-0.02023169047320646,0.058163354670420414,0.004458219238644693
2020-12-31,-0.05,0.0,0.0,0.0,0.0,0.0,0.0,0.0,0.0,0.0,0.0,0.0,-0.020791396661405066,0.058702778003875564,0.00410730972978025
2021-01-04,-0.05,0.0,0.0,0.0,0.0,0.0,0.0,0.0,0.0,0.0,0.0,0.0,-0.02352071493914787,0.06305541488955861,0.0006923267765062547
2021-01-05,-0.05,0.0,0.0,0.0,0.0,0.0,0.0,0.0,0.0,0.0,0.0,0.0,-0.022479854842717126,0.06299332488605712,0.0006915165215969025
2021-01-06,-0.05,0.0,0.0,0.0,0.0,0.0,0.0,0.0,0.0,0.0,0.0,0.0,-0.021356197375224643,0.06156135208203609,0.0015967739425384732
2021-01-07,-0.05,0.0,0.0,0.0,0.0,0.0,0.0,0.0,0.0,0.0,0.0,0.0,-0.022308312661838102,0.06298643500665575,0.001059236370730131
2021-01-08,-0.05,0.0,0.0,0.0,0.0,0.0,0.0,0.0,-0.05,0.0,0.0,0.0,0.012573602195954858,0.06667521864417147,-0.007307412188821921
2021-01-11,-0.05,0.0,0.0,-0.05,0.0,0.0,0.0,0.0,-0.05,0.0,0.0,0.0,0.0012896492572683754,0.12481248462939767,-0.02132688146967736
2021-01-12,0.0,0.0,0.0,-0.05,0.0,0.0,0.0,0.0,-0.05,0.0,0.0,0.0,0.02335995693014574,0.06789799983615771,-0.025712025057394245
2021-01-13,0.0,0.0,0.0,-0.05,0.0,0.0,0.0,0.0,-0.05,0.0,0.0,0.0,0.026743907271303657,0.057179900595939484,-0.017376775131976774
2021-01-14,0.0,0.0,0.0,-0.05,0.0,0.05,0.0,0.0,-0.05,0.0,0.0,0.0,0.06194645541993722,0.04786776149150052,-0.07681695514837544
2021-01-15,0.0,0.0,0.0,-0.05,0.0,0.05,0.0,0.0,0.0,0.0,0.0,0.0,0.02941758685006511,0.04236653708482171,-0.07174270747972294
2021-01-19,0.0,0.0,0.0,-0.05,0.0,0.05,0.0,0.0,-0.05,0.0,0.0,0.0,0.06867098336830427,0.03989766555234229,-0.07164449125576372
2021-01-20,0.0,0.0,0.0,-0.05,0.0,0.05,0.0,0.0,-0.05,0.0,0.0,0.0,0.06780452950784344,0.03892768285055654,-0.06871124551808958
2021-01-21,0.0,0.0,0.0,-0.05,0.05,0.05,0.0,0.0,0.0,0.0,0.0,0.0,0.07315478017892353,-0.025835908135921234,-0.0706769359050092
2021-01-22,0.0,0.0,0.0,-0.05,0.05,0.05,0.0,0.0,0.0,0.0,0.0,0.0,0.07951254472566574,-0.039728032305763605,-0.06084368620960881
2021-01-25,-0.05,0.0,0.0,-0.05,0.05,0.05,0.0,0.0,0.0,0.0,0.0,0.0,0.056460079989572295,0.021627807484678407,-0.05903490424796563
2021-01-26,-0.05,0.0,0.0,0.0,0.05,0.05,0.0,0.0,0.0,0.0,0.0,0.0,0.07617760974598059,-0.0340576449671555,-0.05242469200970998
2021-01-27,-0.05,0.0,0.0,0.0,0.05,0.05,0.0,0.0,0.0,0.0,0.0,0.0,0.0780780492667657,-0.03387109264683171,-0.052656933359495006
2021-01-28,-0.05,-0.05,0.0,0.0,0.05,0.05,0.0,0.0,0.0,0.0,0.0,0.0,0.03054773077320868,0.05180570167978063,-0.08158882161975464
2021-01-29,-0.05,-0.05,0.0,0.0,0.05,0.05,0.0,0.0,0.0,0.0,0.0,0.0,0.030125386063677196,0.0541990788051319,-0.08646647971953217
2021-02-01,0.0,-0.05,0.0,0.0,0.05,0.05,0.0,0.0,0.0,0.0,0.0,0.0,0.060994174472306706,-0.021265903183635696,-0.07315794092231426
2021-02-02,0.0,-0.05,0.0,0.0,0.0,0.05,0.0,0.0,0.0,0.0,0.0,0.0,0.020216593057684442,0.04252420526283547,-0.06032315529534317
2021-02-03,0.0,-0.05,0.0,0.0,0.0,0.0,0.0,0.0,0.0,0.0,0.0,0.0,-0.019496163389313925,0.04256354369029523,0.009324642632260498
2021-02-04,0.0,-0.05,0.0,0.0,0.0,0.0,-0.05,0.0,0.0,0.0,0.0,0.05,-0.05988508882285701,0.085478811586803,-0.018778327335832415
2021-02-05,0.0,-0.05,0.0,0.0,0.0,0.0,-0.05,0.0,0.0,0.0,0.0,0.05,-0.061632106625545094,0.08414220165166317,-0.01764558505183967
2021-02-08,0.0,-0.05,0.0,0.0,0.0,0.0,-0.05,0.0,0.0,0.0,0.0,0.05,-0.06665468845705537,0.066213682518533,0.00467987993194957
2021-02-09,0.0,-0.05,0.0,0.0,0.0,0.0,-0.05,-0.05,0.0,0.0,0.0,0.05,-0.0134865088132912,0.08909319466273094,-0.04010064660531713
2021-02-10,0.0,-0.05,0.0,0.0,0.0,0.0,-0.05,-0.05,0.0,0.0,0.0,0.05,-0.010746248253027365,0.08725644701685456,-0.04132345918009684
2021-02-11,0.0,-0.05,-0.05,0.0,0.0,0.0,-0.05,0.0,0.0,0.0,0.0,0.05,-0.11143213201019858,0.1182798406120599,0.02300637223041151
2021-02-12,0.05,-0.05,-0.05,0.0,0.0,0.0,-0.05,0.0,0.0,0.0,0.0,0.0,-0.046348534885192146,0.06204451690134332,0.02787340278431021
2021-02-16,0.05,0.0,-0.05,0.0,0.0,0.0,-0.05,0.05,0.0,0.0,0.0,0.0,-0.07134438988626211,-0.002295348703878137,0.060008577649701425
2021-02-17,0.05,0.0,-0.05,0.0,0.0,0.0,-0.05,0.05,0.0,0.05,0.0,0.0,-0.0745400785430835,-0.03500009131895204,0.08028469900261148
2021-02-18,0.05,0.0,-0.05,0.0,0.0,0.0,-0.05,0.05,0.0,0.05,0.0,0.0,-0.06685749657685769,-0.02935444858991887,0.07162355549195099
2021-02-19,0.05,0.0,-0.05,0.0,0.0,0.0,-0.05,0.05,0.0,0.05,0.0,0.0,-0.06575904721236091,-0.030485098151209866,0.07104011534964155
2021-02-22,0.05,0.0,-0.05,0.0,0.0,0.0,-0.05,0.05,0.0,0.05,0.0,0.0,-0.06669233460718138,-0.029473047299043625,0.067616568001734
2021-02-23,0.05,0.0,-0.05,0.0,0.0,0.0,-0.05,0.05,0.0,0.0,0.0,0.0,-0.06557746697102454,-0.0014770097157756398,0.05169370427630493
2021-02-24,0.05,0.0,-0.05,0.0,0.0,0.0,0.0,0.05,0.0,0.0,0.0,0.0,-0.04221614482077279,-0.037769018225837975,0.04807349705360176
2021-02-25,0.05,0.0,-0.05,0.0,0.0,0.0,0.0,0.0,0.0,0.0,0.0,0.0,-0.013572466799520773,0.003604426895480701,0.0036205653249079682
2021-02-26,0.05,0.0,-0.05,0.0,0.0,0.0,0.0,0.0,0.0,0.0,0.0,0.0,-0.009570261602930875,0.006870024512106991,0.006906338239759683
2021-03-01,0.05,0.0,-0.05,0.0,0.0,0.0,0.0,0.0,0.0,0.0,0.0,0.0,-0.020706302625751398,0.013405819977904538,0.008063409127336205
2021-03-02,0.05,0.0,0.0,0.0,0.0,0.0,0.0,0.0,0.0,0.0,0.0,0.0,0.02293068141377524,-0.07076275159519436,0.008535656906186828
2021-03-03,0.05,0.0,0.0,0.0,0.0,0.0,0.0,0.0,0.0,0.0,0.0,0.0,0.023262156988300517,-0.0721992282533456,0.009841869378400005
2021-03-04,0.05,0.0,0.0,0.0,0.0,0.0,0.0,0.0,0.0,0.0,0.0,0.0,0.021868871925971624,-0.0734724827500777,0.012974687740568596
2021-03-05,0.05,0.0,0.0,0.0,0.0,0.0,0.0,0.0,0.0,0.0,0.0,0.0,0.019573243630796502,-0.0733245308066711,0.014934844850202883
2021-03-08,0.05,0.0,0.0,0.05,0.0,0.0,0.0,0.0,0.0,-0.05,0.0,0.0,0.06293723437005616,-0.06196217842303524,-0.06397320667718498
2021-03-09,0.05,0.0,0.0,0.05,0.0,0.0,0.0,0.0,0.0,-0.05,0.0,0.0,0.08303806747701901,-0.05748937533085096,-0.08568068624690034
2021-03-10,0.05,0.0,0.0,0.05,0.0,0.0,0.0,0.0,0.0,-0.05,0.0,0.0,0.07930101064900362,-0.059114304512152896,-0.08046777454136916
2021-03-11,0.05,0.0,0.0,0.05,0.0,0.0,0.0,0.0,0.0,-0.05,0.0,0.0,0.07709830569364533,-0.05644874628699206,-0.08171281422682962
2021-03-12,0.05,0.0,0.0,0.05,0.0,0.0,0.0,0.0,0.0,0.0,0.0,0.0,0.043144353592194325,-0.10409348656001857,-0.018549519430003797
2021-03-15,0.0,0.0,0.0,0.05,0.0,0.0,0.0,0.0,0.0,0.0,0.0,0.0,0.020796502400034278,-0.03082411580668619,-0.03229312001207413
2021-03-16,0.0,0.0,0.0,0.05,0.0,0.0,0.0,0.0,0.0,0.0,0.0,0.0,0.021404824159580595,-0.03168560578300437,-0.03264303220321476
2021-03-17,0.0,0.0,0.0,0.05,0.0,0.0,0.0,0.0,0.0,0.0,0.0,0.0,0.02139395811628294,-0.031572771360706686,-0.03270443856250315
2021-03-18,0.0,0.0,0.0,0.0,0.0,0.0,0.0,0.0,0.0,0.0,0.0,0.0,-0.0,-0.0,-0.0
2021-03-19,0.0,0.0,0.0,0.0,0.0,0.0,0.0,0.0,0.0,0.0,0.0,0.0,-0.0,-0.0,-0.0
2021-03-22,0.0,0.0,0.0,0.0,0.0,0.0,0.0,0.0,0.0,0.0,0.0,0.0,-0.0,-0.0,-0.0
2021-03-23,0.0,0.0,0.0,0.0,0.0,0.0,0.0,-0.05,0.0,0.0,0.0,0.0,0.03416376975081349,0.03511424741385616,-0.040066678046757016
2021-03-24,0.0,0.0,0.0,0.0,0.0,0.0,0.0,-0.05,0.0,0.0,0.0,0.0,0.03477628717475211,0.033669966916336475,-0.03915936331810392
2021-03-25,0.0,0.0,0.0,0.0,0.0,0.0,0.0,-0.05,0.0,0.0,0.0,-0.05,0.05426330827547155,0.06325889624242076,-0.03351413851792686
2021-03-26,0.0,0.0,0.0,0.0,0.0,0.0,0.0,-0.05,0.0,0.0,0.0,-0.05,0.05572272992576791,0.06477580504850014,-0.0353135427201014
2021-03-29,0.0,0.0,0.0,0.0,0.0,0.0,0.0,-0.05,0.0,0.0,0.0,-0.05,0.05893277669928042,0.08334346221975572,-0.05348971467293573
2021-03-30,0.0,0.0,0.0,0.0,0.0,0.0,0.0,-0.05,0.0,-0.05,0.0,-0.05,0.10726046262925212,0.12284186627001838,-0.12008153070306238
2021-03-31,0.0,0.0,0.0,0.05,0.0,0.0,0.0,-0.05,0.0,-0.05,0.0,-0.05,0.11865496245284211,0.08081640858653803,-0.13749512357573473
2021-04-01,0.0,0.0,0.0,0.05,0.0,0.0,0.0,-0.05,0.05,-0.05,0.0,-0.05,0.09166305496170071,0.030194152923421452,-0.11585937762629231
2021-04-05,0.0,0.0,0.0,0.05,0.0,0.0,0.0,0.0,0.05,-0.05,0.0,-0.05,0.05572455365824916,-0.007737713406632143,-0.07120686669937779
2021-04-06,0.0,0.0,0.0,0.05,0.0,0.0,0.0,0.0,0.05,-0.05,0.0,-0.05,0.07992827793308852,-0.025354736399460478,-0.06852462868574491
2021-04-07,0.0,0.0,0.0,0.05,0.0,0.0,0.0,0.0,0.05,-0.05,0.0,-0.05,0.08001121299674994,-0.026849641637949152,-0.06711953342610652
2021-04-08,0.0,0.0,0.0,0.05,0.0,0.0,0.0,0.0,0.05,-0.05,0.0,0.0,0.06470631782588959,-0.06801654443500899,-0.06711118960690435
2021-04-09,0.0,0.0,0.0,0.05,0.0,0.0,0.0,0.0,0.05,-0.05,0.0,0.0,0.05890033081289138,-0.0498947320533899,-0.0817960143044674
2021-04-12,0.0,0.0,0.0,0.05,0.0,0.0,0.0,0.0,0.05,-0.05,0.0,0.0,0.06305653605499587,-0.062199502368530404,-0.07263732807487888
2021-04-13,0.0,0.0,0.0,0.05,0.05,0.0,0.0,0.0,0.05,-0.05,0.0,0.0,0.09832913602691037,-0.10866986654291622,-0.1018699738117615
2021-04-14,0.0,0.0,0.0,0.0,0.05,0.0,0.0,0.0,0.05,-0.05,0.0,0.0,0.07547546590968104,-0.08283366766859386,-0.06261806828516678
2021-04-15,0.0,0.0,0.0,0.0,0.05,0.0,0.0,0.0,0.05,-0.05,0.0,0.0,0.07780212681594681,-0.07898104371534073,-0.0666740734340846
2021-04-16,0.0,0.0,-0.05,0.0,0.0,0.0,0.0,0.0,0.05,-0.05,0.0,0.0,-0.009955729197217805,-0.007811476473641195,0.030420018374828585
2021-04-19,0.0,0.0,-0.05,0.0,0.0,0.0,0.0,0.0,0.05,-0.05,0.0,0.0,-0.010710347214860572,-0.006378111162751377,0.02931388647464507
2021-04-20,-0.05,0.0,-0.05,0.0,0.0,0.0,0.0,0.0,0.0,-0.05,0.0,0.05,-0.037816709664544576,0.055667260806769814,0.02162751450575806
2021-04-21,-0.05,0.0,0.0,0.0,0.0,0.0,0.0,0.0,0.0,-0.05,0.0,0.05,0.010995919454432705,0.027543915622682543,-0.04045543341503871
2021-04-22,-0.05,0.0,0.0,0.0,0.0,0.0,0.0,0.0,0.0,0.0,0.0,0.05,-0.042746441220323575,-0.010731616501329248,0.025708999915451627
2021-04-23,-0.05,0.0,0.0,0.0,0.0,0.0,0.0,0.0,0.0,0.0,0.0,0.05,-0.04191087887505861,-0.01056484659671712,0.025026393930021686
2021-04-26,-0.05,0.0,0.0,0.0,0.0,0.0,0.0,0.0,0.0,0.0,0.0,0.05,-0.01990314588011074,-0.03813549011821758,0.043116288050871344
2021-04-27,-0.05,0.0,0.0,0.0,-0.05,0.0,0.0,0.0,0.0,0.0,-0.05,0.05,-0.08355830653985391,0.03369516794563442,0.11365830125465536
2021-04-28,-0.05,0.0,0.0,0.0,-0.05,0.0,0.0,0.0,0.0,0.0,-0.05,0.05,-0.07873525122947089,0.03421912104973456,0.11112865402995334
2021-04-29,-0.05,0.05,0.0,0.0,-0.05,0.0,0.0,0.0,0.0,0.0,-0.05,0.05,-0.04569235733893215,-0.018818528858607957,0.11622577656163716
2021-04-30,-0.05,0.05,0.0,0.0,-0.05,0.0,0.0,0.0,0.0,0.0,-0.05,0.05,-0.0390015162186452,-0.029061453987006387,0.12285258994300624
2021-05-03,-0.05,0.05,0.0,0.0,-0.05,0.0,0.0,0.0,0.0,0.0,-0.05,0.05,-0.03899296725963173,-0.01784520307221085,0.11243136694865472
2021-05-04,-0.05,0.05,0.0,0.0,0.0,0.0,0.0,0.0,0.0,0.0,-0.05,0.05,0.005024940704524351,-0.05859699952973277,0.0700434413163809
2021-05-05,-0.05,0.05,0.0,0.0,-0.05,0.0,0.0,0.0,0.0,0.0,-0.05,0.05,-0.029912511569163087,-0.00729157972192691,0.1008222016217852
2021-05-06,-0.05,0.05,0.0,0.0,-0.05,0.0,0.0,0.0,0.0,0.0,0.0,0.0,-0.024941637850236592,0.03467932454053892,0.05002410559040154
2021-05-07,-0.05,0.0,0.0,0.0,-0.05,0.0,0.0,0.0,0.0,0.0,0.0,0.0,-0.048465114362429146,0.07040079483840242,0.059142233826735086
2021-05-10,-0.05,0.0,0.0,0.0,-0.05,0.0,0.0,0.0,0.0,0.0,0.0,0.0,-0.047832244505274506,0.06944637792539288,0.05984574224389649
2021-05-11,-0.05,0.0,0.0,0.0,-0.05,0.0,0.0,0.0,0.0,0.0,0.0,0.0,-0.053270329827367284,0.07944828197414366,0.0520355165420428
2021-05-12,-0.05,0.0,0.0,0.0,-0.05,0.0,0.0,0.0,0.0,0.0,0.0,0.0,-0.05374438185772147,0.07979489916820906,0.05187102773021422
2021-05-13,-0.05,0.05,0.0,0.0,-0.05,0.0,0.0,0.0,0.0,0.0,0.0,0.0,-0.040598025881356886,0.04235839675963198,0.04785221198768252
2021-05-14,-0.05,0.05,0.0,0.0,-0.05,0.0,0.0,0.0,0.0,0.0,0.0,0.0,-0.040329936891649903,0.029401027779010148,0.0597293578059487
2021-05-17,-0.05,0.05,0.0,0.0,-0.05,0.0,0.0,0.0,0.0,0.0,0.0,0.0,-0.04343099868766795,0.03129591352938781,0.058510653530804924
2021-05-18,0.0,0.05,0.0,0.0,-0.05,0.0,0.0,0.0,0.0,0.0,0.0,0.0,-0.027665709605039827,-0.0010191257719037415,0.03988934902178609
2021-05-19,0.0,0.05,0.0,0.0,-0.05,0.0,0.0,0.0,0.0,0.0,0.0,0.0,-0.02991445797372954,-0.0006312052389121359,0.040794598513333766
2021-05-20,0.0,0.05,0.0,0.0,-0.05,0.0,-0.05,0.0,0.0,0.0,0.0,0.0,-0.030527233916150122,0.01593719515191,0.05609251606335383
2021-05-21,0.0,0.05,0.0,0.0,-0.05,0.0,-0.05,0.0,0.0,0.0,0.0,0.0,-0.03141355524406624,0.0029759413671177045,0.06862734445920844
2021-05-24,0.0,0.05,-0.05,0.0,-0.05,0.0,-0.05,0.0,0.0,0.0,0.0,0.0,-0.07527356861889319,0.00496484103205001,0.15168638005903
2021-05-25,0.0,0.05,-0.05,0.0,-0.05,0.0,-0.05,0.0,0.0,0.0,0.0,0.0,-0.09876541485919874,0.024895044240201183,0.14444207299485534
2021-05-26,0.0,0.05,-0.05,0.0,-0.05,0.0,-0.05,0.0,0.0,0.0,0.0,0.0,-0.08061603736592608,0.019315611570234426,0.14572319929219796
2021-05-27,0.0,0.05,-0.05,0.0,-0.05,0.0,-0.05,0.0,0.0,0.0,0.0,0.0,-0.08011594650536248,0.017233843103860585,0.14703826982215742
2021-05-28,0.0,0.05,-0.05,0.0,-0.05,0.0,-0.05,0.0,0.0,0.0,0.0,0.0,-0.08010573499114669,0.016425133760788503,0.1483422785885242
2021-06-01,0.0,0.05,-0.05,0.0,-0.05,0.0,0.0,0.0,0.0,0.0,0.0,0.0,-0.05990161908924049,-0.02853277481726074,0.1492773535077508
2021-06-02,0.0,0.05,-0.05,0.0,-0.05,0.0,0.0,0.0,0.0,0.0,0.0,0.0,-0.0501410146421226,-0.031887344579367934,0.1483868430007931
2021-06-03,0.0,0.05,0.0,0.0,-0.05,0.0,0.0,0.0,0.0,0.0,0.0,0.0,-0.02945627761339701,-0.012966581472840428,0.04811554231738914
2021-06-04,0.0,0.05,0.0,0.0,-0.05,0.0,0.0,0.0,0.0,0.0,0.0,0.0,-0.028174966730243497,-0.01201303216120482,0.045830901778388625
2021-06-07,0.0,0.05,0.0,0.0,-0.05,0.0,0.0,0.0,0.0,0.0,0.0,0.0,-0.02687778403656727,-0.013984221635076781,0.04632749978379478
2021-06-08,0.0,0.05,0.0,0.0,-0.05,0.0,0.0,0.0,0.0,0.0,0.0,0.0,-0.02317302395603303,-0.009552272436889254,0.03793760932376008
2021-06-09,0.0,0.05,0.0,0.0,-0.05,0.0,0.0,0.0,0.0,0.0,0.0,0.0,-0.026934606615303072,-0.008653511336329167,0.039691713568928
2021-06-10,0.0,0.05,0.0,0.0,0.0,0.0,0.0,0.0,0.0,0.0,0.0,0.0,0.017369272283530787,-0.04545097775869811,-0.001928140928039048
2021-06-11,0.0,0.05,0.0,0.0,0.0,-0.05,0.0,0.0,0.0,0.0,0.0,0.0,-0.017126636726985597,-0.015811688147100857,0.02924266581109474
2021-06-14,0.0,0.05,0.0,0.0,0.0,-0.05,0.0,0.0,0.0,0.0,0.0,0.0,-0.018372107552242185,-0.013371013110986762,0.02747454316478389
2021-06-15,0.0,0.05,0.0,0.0,0.0,-0.05,0.0,0.0,0.0,0.0,0.0,0.0,-0.022794885252577828,-0.012284815570434312,0.030407390728711896
2021-06-16,0.0,0.05,0.0,0.0,0.0,-0.05,0.0,0.0,0.0,0.0,0.0,0.0,-0.024092874359888522,-0.013272599103288747,0.03265229166344838
2021-06-17,0.0,0.05,0.0,0.0,0.0,-0.05,0.0,0.0,0.0,0.05,0.0,0.0,-0.08954014408551156,-0.022102563865416338,0.06708466473953392
2021-06-18,0.0,0.05,0.0,0.0,0.0,0.0,0.0,0.0,0.0,0.05,0.0,0.0,-0.058323281497781126,-0.04778121243493022,0.02895940278711699
2021-06-21,0.0,0.05,0.0,0.0,0.0,-0.05,0.0,0.0,0.0,0.05,0.0,0.0,-0.09683417699884697,-0.021013240249958143,0.06804518823727693
2021-06-22,0.0,0.0,0.0,0.0,0.0,-0.05,0.0,0.0,0.0,0.05,0.0,0.0,-0.10210416561638627,0.01559322243992605,0.07270933349061126
2021-06-23,0.0,0.0,0.0,0.0,0.0,-0.05,0.0,0.0,0.0,0.05,0.0,0.0,-0.10371409069378422,-0.0012319593449124852,0.08992849700927738
2021-06-24,0.0,0.0,0.0,0.0,0.0,-0.05,0.0,0.0,0.0,0.05,0.0,0.0,-0.10215674743089105,-0.008748234100252588,0.09682573593832139
2021-06-25,0.0,0.0,0.0,0.0,0.0,-0.05,0.0,0.0,0.0,0.05,0.0,0.0,-0.10120301652740168,-0.008383617624166137,0.09629085189909961
2021-06-28,0.0,0.0,0.0,0.0,0.0,-0.05,0.0,0.0,0.0,0.05,0.0,0.0,-0.10010135319193093,-0.008916522761646995,0.09603846535169304
2021-06-29,0.0,0.0,0.0,0.0,0.0,-0.05,0.0,0.0,-0.05,0.05,0.0,0.0,-0.08263495182146141,0.020978427436940984,0.09146762546939188
2021-06-30,0.0,0.0,0.0,0.0,0.0,-0.05,0.0,0.0,-0.05,0.05,0.0,0.0,-0.0784049249878614,0.012227513954943724,0.09927895481510333
2021-07-01,0.0,0.0,0.0,0.0,0.0,0.0,0.0,0.0,-0.05,0.05,0.0,0.0,-0.03732559212863895,-0.003919854496855624,0.049011669876882914
2021-07-02,0.0,0.0,0.0,0.0,0.0,0.0,0.0,0.0,0.0,0.05,0.0,0.0,-0.05694282389404103,-0.02182726756220805,0.04536184531845602
2021-07-06,0.0,0.0,0.0,0.0,0.0,0.0,0.0,0.0,0.0,0.0,0.0,0.0,-0.0,-0.0,-0.0
2021-07-07,0.0,0.0,0.0,0.0,0.0,0.0,0.0,0.05,0.0,0.0,0.0,0.0,-0.05190854886923973,-0.013764247237913172,0.02448695067455787
2021-07-08,0.0,0.0,0.0,0.0,0.0,0.0,0.0,0.05,0.0,-0.05,0.0,0.0,0.0004441750237983051,0.027389841943551145,-0.036481003414879386
2021-07-09,0.0,0.0,0.0,0.0,0.0,0.0,0.0,0.05,0.0,-0.05,0.0,0.0,0.002133862650156172,0.03100199537122026,-0.04158367960726804
2021-07-12,0.0,0.0,0.0,0.0,0.0,0.0,0.0,0.05,0.0,-0.05,0.0,0.0,0.004887198108140325,0.03255182108945601,-0.04433282674698626
2021-07-13,0.0,0.0,0.0,0.0,0.0,0.0,0.0,0.05,0.0,-0.05,0.0,0.0,0.005284546171736973,0.0289605906945805,-0.042088664928492905
2021-07-14,0.0,0.0,0.0,0.0,0.0,0.0,0.0,0.05,-0.05,-0.05,0.0,0.05,0.01795973440646299,-0.036646927350549405,0.005278371509457999
2021-07-15,0.0,0.0,0.0,0.0,0.0,0.0,0.0,0.05,-0.05,-0.05,0.0,0.05,0.01806540669705654,-0.03717617807624975,0.005801516302725355
2021-07-16,0.0,0.0,0.0,0.0,0.0,0.0,0.0,0.05,-0.05,-0.05,0.0,0.05,0.018947908992358885,-0.034180111638038226,0.004213608151501538
2021-07-19,0.0,0.0,0.0,0.0,0.05,0.0,0.0,0.0,-0.05,-0.05,0.0,0.05,0.1130680726779788,-0.0012660551885025143,-0.11486535679444687
2021-07-20,0.0,0.0,0.0,0.0,0.05,0.0,0.0,0.0,0.0,-0.05,0.0,0.05,0.09056231061034808,0.017663624585132008,-0.15314351688833394
2021-07-21,0.0,0.0,0.05,0.0,0.05,0.0,0.0,0.0,0.0,-0.05,0.0,0.05,0.13729431581967427,0.033608230394715874,-0.25728948776793215
2021-07-22,0.0,0.0,0.05,0.0,0.0,0.0,0.0,0.0,0.0,-0.05,0.0,0.0,0.0915324345699215,0.05738452099655964,-0.16766029571164234
2021-07-23,0.0,0.0,0.05,0.0,0.0,0.0,0.0,0.0,0.0,-0.05,0.0,0.05,0.0722424305383577,0.02787058366773519,-0.16639922797343495
2021-07-26,0.0,0.0,0.05,0.0,0.0,0.0,0.0,0.0,0.05,0.0,0.0,0.05,-0.0036777874635014474,-0.00808614949998287,-0.12586811259468098
2021-07-27,0.0,0.0,0.05,0.0,0.0,0.0,0.0,0.0,0.05,0.0,0.0,0.05,0.0032305345073749495,-0.024157349098799963,-0.1126431992968559
2021-07-28,0.0,0.0,0.05,0.0,0.0,0.0,0.0,0.0,0.05,0.0,0.0,0.05,-0.002838895941390496,0.009112461274216123,-0.14212575855630472
2021-07-29,0.0,0.0,0.05,0.0,-0.05,0.0,0.0,0.0,0.05,0.0,0.0,0.05,-0.03875392386099985,-0.05533188461186439,-0.010324912358364084
2021-07-30,0.0,0.0,0.05,0.0,-0.05,0.0,0.0,0.0,0.05,0.0,-0.05,0.05,-0.03848238703526023,-0.013771038810493685,-0.002970728481348415
2021-08-02,0.0,0.0,0.05,0.0,0.0,0.0,0.0,0.0,0.0,0.0,-0.05,0.0,0.040106644094923254,0.046552218903038484,-0.08266779587697858
2021-08-03,0.0,0.0,0.05,0.0,0.0,0.0,0.0,0.0,0.0,0.0,-0.05,0.0,0.03932851596661379,0.04985476700528979,-0.08569870566397055
2021-08-04,0.0,0.0,0.05,0.0,0.0,0.0,0.0,-0.05,0.0,0.0,-0.05,0.0,0.07492623692004535,0.07702588309517547,-0.11814202421275358
2021-08-05,0.0,0.0,0.05,0.0,0.0,0.0,0.0,-0.05,0.0,0.0,-0.05,0.0,0.09444951993772953,0.06808891856562257,-0.1328475466095797
2021-08-06,0.0,0.0,0.05,0.0,0.0,0.0,0.0,-0.05,0.0,0.0,0.0,0.0,0.08853005147195414,0.03770132449466314,-0.140197831010178
2021-08-09,0.0,0.0,0.05,0.0,0.0,0.0,0.0,0.0,0.0,0.0,0.0,0.0,0.04998086464742021,0.0128051991997209,-0.10715826882019112
2021-08-10,0.0,0.0,0.05,0.0,0.0,0.0,0.0,0.0,0.0,0.0,0.0,0.0,0.049043918060759265,0.0013593336606885387,-0.09541478489436278
2021-08-11,0.0,0.0,0.05,0.0,0.0,0.0,0.0,0.0,0.0,0.0,0.0,0.0,0.05099664459004004,-0.0012548671863924,-0.09334892147591695
2021-08-12,0.0,0.0,0.05,0.0,0.0,0.0,0.0,0.0,0.0,0.0,0.0,0.0,0.052262410057067325,-0.0013415253180795535,-0.09487665022969408
2021-08-13,0.0,-0.05,0.05,0.0,0.0,0.0,0.0,0.0,0.0,0.0,0.0,0.0,0.0468398876147161,0.027470642136721297,-0.08106167544887312
2021-08-16,0.0,-0.05,0.05,0.0,0.0,0.0,0.0,0.0,0.0,0.0,-0.05,0.0,0.05472093349103513,0.053919332645873855,-0.07037584151879298
2021-08-17,0.0,-0.05,0.0,0.0,0.0,0.0,0.0,0.0,0.0,0.0,-0.05,0.0,-0.0008957509217656888,0.056174966863887225,0.02825762972377137
2021-08-18,0.0,-0.05,0.0,0.0,0.0,0.0,0.0,0.0,0.0,0.0,0.0,0.0,-0.008503489531697885,0.03242695474777593,0.012551009705545877
2021-08-19,0.0,-0.05,0.0,0.0,0.0,0.0,0.0,0.0,0.0,0.0,0.0,0.0,-0.008669543993651774,0.03128562977089634,0.012424391667373073
2021-08-20,0.0,0.0,0.0,0.0,0.0,0.0,0.0,-0.05,0.0,0.0,0.0,0.0,0.03240866132113271,0.03818019254677837,-0.04162122596485755
2021-08-23,0.0,0.0,0.0,0.0,0.0,0.0,0.0,-0.05,0.05,0.0,0.0,0.0,0.01758497428082692,0.0290057575659254,-0.05055477958284404
2021-08-24,0.0,0.0,0.0,0.0,0.0,0.0,0.0,-0.05,0.0,0.0,0.0,0.0,0.032967817166116915,0.03681906213108727,-0.039309298717320335
2021-08-25,0.0,0.0,0.0,0.0,0.0,0.0,0.0,0.0,0.0,0.0,0.0,0.0,-0.0,-0.0,-0.0
2021-08-26,0.0,0.0,0.0,0.0,0.0,0.0,0.0,0.0,0.0,0.0,0.0,0.0,-0.0,-0.0,-0.0
2021-08-27,0.0,0.0,0.0,0.0,0.0,0.0,-0.05,0.0,0.0,0.0,0.0,0.0,-0.03337081636496343,0.021873697614783725,0.03894145219135118
2021-08-30,0.0,0.0,0.0,-0.05,0.0,0.0,-0.05,0.0,0.0,0.0,0.0,0.0,-0.037148639194720515,0.03668443964135951,0.06793844251613514
2021-08-31,0.0,0.0,0.0,-0.05,0.0,0.05,-0.05,0.0,0.0,0.0,0.0,0.0,0.013970418193015243,-0.011586505451027327,0.03816370074513066
2021-09-01,0.0,0.0,0.0,-0.05,0.0,0.05,-0.05,0.0,0.0,0.0,0.0,0.0,0.013305916376062906,-0.021466227154210805,0.049254770353747986
2021-09-02,0.0,0.0,0.0,0.0,0.0,0.05,-0.05,0.0,0.0,0.0,0.0,0.0,0.01597051987172181,-0.028646329436794127,0.011997021284431822
2021-09-03,0.0,0.0,0.0,0.0,0.0,0.05,-0.05,0.0,0.0,0.0,0.0,0.0,0.012519774322083956,-0.025573434192802252,0.011538307997793613
2021-09-07,0.0,0.0,0.0,-0.05,0.0,0.05,-0.05,0.0,0.0,0.0,0.05,0.0,-0.003665436287928897,-0.0330108923490045,0.027684158592799695
2021-09-08,-0.05,0.0,0.0,-0.05,0.0,0.05,-0.05,0.0,0.0,0.0,0.05,0.0,-0.008922410091567617,0.03690883208402422,0.00638354192893008
2021-09-09,-0.05,0.0,0.0,-0.05,0.0,0.05,-0.05,0.0,0.0,0.0,0.05,0.0,-0.009926557288789429,0.03758279686183407,0.007485870498712001
2021-09-10,-0.05,0.0,0.0,-0.05,0.0,0.05,0.0,0.0,0.0,0.0,0.05,0.0,0.016993366464518923,0.01413431650109544,-0.015109112403767354
2021-09-13,0.0,0.0,0.0,-0.05,0.0,0.05,0.0,0.0,-0.05,0.0,0.05,-0.05,0.060940350972164284,-0.06925884298601298,0.052967309487123304
2021-09-14,0.0,0.0,0.0,-0.05,0.0,0.0,0.0,0.0,-0.05,0.0,0.0,-0.05,0.039210683331150895,-0.009842008650166933,0.08104713784264972
2021-09-15,0.0,0.0,0.0,-0.05,0.0,0.0,0.0,0.0,-0.05,0.05,0.0,-0.05,-0.015966810270474724,-0.037873293330204345,0.12572552881097898
2021-09-16,0.05,0.0,0.0,-0.05,0.0,0.0,0.0,0.0,-0.05,0.05,0.05,-0.05,-0.022958774259406442,-0.11175056141961376,0.1132866876963344
2021-09-17,0.05,0.0,0.0,-0.05,0.0,0.0,0.0,0.0,-0.05,0.05,0.05,-0.05,-0.023744805747583312,-0.11302825595197583,0.11828952014472269
2021-09-20,0.05,0.0,0.0,0.0,0.0,0.0,0.0,0.0,-0.05,0.05,0.05,-0.05,-0.016969080775214317,-0.12738129465501818,0.08443280821491769
2021-09-21,0.05,0.0,0.0,0.0,0.0,0.0,0.0,0.0,-0.05,0.05,0.05,-0.05,-0.017106142507222602,-0.13719509642162755,0.10439796362773873
2021-09-22,0.05,0.0,0.0,0.0,0.0,0.0,0.0,0.0,-0.05,0.05,0.05,-0.05,-0.014070590285192688,-0.13812379201668037,0.10278562949376235
2021-09-23,0.05,0.0,0.0,0.0,0.0,0.0,0.0,0.0,-0.05,0.05,0.05,-0.05,-0.0005857024546761609,-0.1340467778667432,0.08508662735862373
2021-09-24,0.05,0.0,-0.05,0.0,0.0,0.0,0.0,0.0,-0.05,0.05,0.05,-0.05,-0.05696463373697506,-0.11184148321441752,0.18236484194708
2021-09-27,0.05,0.0,-0.05,0.0,0.0,0.0,0.0,0.0,-0.05,0.05,0.05,-0.05,-0.056014670768519265,-0.11141488555554895,0.18072241832343394
2021-09-28,0.05,0.05,-0.05,0.0,0.0,0.0,0.0,0.0,-0.05,0.0,0.05,-0.05,-0.020312437441461204,-0.11950255648551641,0.14373783523197486
2021-09-29,0.05,0.05,-0.05,0.0,0.0,0.0,0.0,0.0,-0.05,0.0,0.05,-0.05,-0.021873314110592887,-0.11710825523874535,0.14273992971628027
2021-09-30,0.0,0.05,-0.05,0.0,0.0,0.0,0.0,0.0,-0.05,0.0,0.05,-0.05,-0.026643982008646663,-0.052122169016960485,0.12403438800839045
2021-10-01,0.0,0.05,-0.05,0.0,0.0,0.0,0.0,0.0,-0.05,0.0,0.05,-0.05,-0.028406955274836214,-0.045952476246765045,0.11918845221610153
2021-10-04,0.0,0.05,-0.05,0.0,0.0,0.0,0.0,0.05,0.0,0.0,0.05,-0.05,-0.07422280619667537,-0.081297070240795,0.14335373442363683
2021-10-05,0.0,0.05,-0.05,0.0,0.0,0.0,0.0,0.05,0.0,0.0,0.05,-0.05,-0.0774766476941269,-0.07926951390922865,0.14582386886495327
2021-10-06,0.0,0.05,-0.05,0.0,0.0,0.0,0.0,0.05,0.0,0.0,0.05,0.0,-0.09308211757959443,-0.07602980566928831,0.12381893955391482
2021-10-07,0.0,0.0,-0.05,0.0,0.0,0.0,0.0,0.05,0.0,0.0,0.05,0.0,-0.11205656291107452,-0.010403140822558572,0.10960686220219526
2021-10-08,0.0,0.0,-0.05,0.0,0.0,0.0,0.0,0.05,0.0,0.0,0.05,0.0,-0.12697366580648226,0.024627649455578847,0.08416910501052453
2021-10-11,0.0,0.0,-0.05,0.0,0.0,0.0,0.0,0.05,0.0,0.0,0.05,0.0,-0.12402636907654709,0.022223184251826372,0.08347892639309237
2021-10-12,0.0,0.0,-0.05,0.0,0.0,0.0,0.0,0.05,0.0,-0.05,0.05,0.0,-0.06810799451624991,0.052849282612123676,0.02014553362238461
2021-10-13,0.0,0.0,-0.05,0.0,0.0,0.0,0.0,0.05,0.0,-0.05,0.05,0.0,-0.0472069293024525,0.055110161863082346,0.0034597048739094163
2021-10-14,0.0,0.0,-0.05,0.0,0.0,0.0,0.0,0.05,0.0,-0.05,0.05,0.0,-0.04074422501093965,0.05746578957380474,-0.0031978184392207638
2021-10-15,0.0,0.0,-0.05,0.0,0.0,0.0,0.0,0.05,0.0,-0.05,0.05,0.0,-0.047003655640063355,0.048393128983114944,0.0038555783137362368
2021-10-18,0.0,0.0,0.0,0.0,0.0,0.0,0.0,0.0,0.0,-0.05,0.0,0.0,0.0636511078281549,0.024594569400226682,-0.06417139299267839
2021-10-19,0.0,0.0,0.0,0.0,0.0,0.0,0.0,0.0,0.0,-0.05,0.0,0.0,0.06764417735583476,0.009711550711404431,-0.04606738525298435
2021-10-20,0.0,0.0,0.0,0.0,0.0,0.0,0.0,0.0,0.0,-0.05,0.0,0.0,0.06805403924443128,0.008704691856795522,-0.0454575250003096
2021-10-21,0.0,0.0,0.0,0.0,0.0,0.0,0.0,0.0,0.0,-0.05,0.0,0.0,0.06269620431300349,0.014513844131124568,-0.04788664258357055
2021-10-22,0.0,0.0,0.0,0.0,0.0,0.0,0.0,0.0,0.0,0.0,0.0,0.0,-0.0,-0.0,-0.0
2021-10-25,0.0,0.0,0.0,0.0,0.0,0.0,0.0,0.0,0.05,0.0,0.0,0.0,-0.01689204267639932,0.06291454442865986,-0.09144996951840907
2021-10-26,0.0,0.0,0.0,0.0,0.0,0.0,0.0,0.0,0.05,0.0,0.0,0.0,-0.018801633647265024,0.057403804287615226,-0.08327369858078483
2021-10-27,0.0,0.0,0.0,0.0,-0.05,0.0,0.0,0.0,0.05,0.0,0.0,0.0,-0.08143224733369772,0.0843421417818832,-0.007680836320998932
2021-10-28,0.0,-0.05,-0.05,0.0,-0.05,0.0,0.0,0.0,0.05,0.0,0.0,0.0,-0.17651311532138983,0.20961164754609443,0.04518424336213246
2021-10-29,0.0,-0.05,-0.05,0.0,0.0,0.0,0.0,0.0,0.05,0.0,0.0,0.0,-0.1171745637199169,0.1800895792599247,-0.022866034039526865
2021-11-01,0.0,-0.05,-0.05,0.0,0.0,0.0,0.0,0.0,0.05,0.0,0.0,0.0,-0.12205966216421696,0.1841731820959256,-0.024057713837498253
2021-11-02,0.0,-0.05,-0.05,0.0,0.0,0.0,0.0,0.0,0.05,0.0,0.0,0.0,-0.11867434474892097,0.186454008126127,-0.029570284745315544
2021-11-03,0.05,-0.05,-0.05,0.0,0.0,0.0,0.0,0.0,0.05,0.0,0.0,0.0,-0.1265351798139493,0.14246567471359245,-0.018794631038090776
2021-11-04,0.05,-0.05,-0.05,0.0,-0.05,0.0,0.0,0.0,0.05,0.0,0.0,0.0,-0.14869086180943006,0.13231239952374352,0.06375141365295312
2021-11-05,0.05,0.0,0.0,0.0,-0.05,0.0,0.0,0.0,0.05,0.0,-0.05,0.0,-0.11300032825256189,0.05441214274666435,0.05670223250532171
2021-11-08,0.05,0.0,0.0,0.0,-0.05,0.0,0.0,0.0,0.05,0.0,0.0,0.0,-0.07966668810366778,0.022162298523795046,0.019074655955404814
2021-11-09,0.05,0.0,0.0,0.0,0.0,0.0,0.0,0.0,0.05,0.0,0.0,0.0,-0.03674104448720836,0.016585443367285648,-0.06634798821192632
2021-11-10,0.05,0.0,0.0,0.0,0.0,0.0,0.0,0.0,0.05,0.0,0.0,0.0,-0.03707176648861849,0.01839576711249625,-0.06729730804046222
2021-11-11,0.05,0.0,0.0,0.0,0.0,0.0,0.0,0.0,0.05,0.05,0.0,0.0,-0.11112521503834763,-0.0027489237848384272,-0.0027868136900489997
2021-11-12,0.05,0.0,0.0,0.0,0.0,0.0,0.0,0.0,0.05,0.05,0.0,0.0,-0.10763396970663017,0.0015146217390594723,-0.007936977503786892
2021-11-15,0.05,0.0,0.0,0.0,0.0,0.0,0.0,0.0,0.05,0.05,0.0,0.0,-0.10947821370498431,0.004656648026135904,-0.008667720768768719
2021-11-16,0.05,0.0,0.0,0.0,0.0,0.0,0.0,0.0,0.05,0.05,0.0,0.0,-0.10889784567846866,0.001910869594921958,-0.007380611525061923
2021-11-17,0.05,0.0,0.0,0.0,0.0,0.0,0.0,0.0,0.05,0.05,0.0,0.0,-0.10449879726438147,-0.00673831608742956,-0.001361065246424955
2021-11-18,0.0,0.0,0.0,0.0,0.0,0.0,0.0,0.0,0.05,0.05,0.0,0.0,-0.08897462932520764,0.01217109407848075,0.007040914176654221
2021-11-19,0.0,0.0,0.0,0.0,0.0,0.0,0.0,0.0,0.05,0.05,0.0,0.0,-0.09575472312818288,0.015059261480786982,0.010308646958667674
2021-11-22,0.0,0.0,0.0,0.0,0.0,0.0,0.0,0.0,0.05,0.05,0.0,0.0,-0.09592605801214582,0.015185301507436041,0.010269435459692115
2021-11-23,-0.05,0.0,0.0,0.0,0.0,0.0,0.0,0.0,0.05,0.05,0.0,0.0,-0.08973305339314686,0.033764769865702864,0.028146265421842603
2021-11-24,-0.05,0.0,0.0,0.0,0.0,0.0,0.0,0.0,0.05,0.05,0.0,0.0,-0.07513935022407146,0.0343652434547761,0.014077702699023557
2021-11-26,-0.05,0.0,0.0,0.0,0.0,0.0,0.0,0.0,0.05,0.05,0.0,0.0,-0.07135972867253154,0.023904108049271573,0.02189880195899759
2021-11-29,-0.05,0.0,0.0,0.0,0.0,0.0,0.0,0.0,0.05,0.05,0.0,0.0,-0.06501648569091334,0.02598593600590539,0.01737833897459294
2021-11-30,-0.05,0.05,0.0,0.0,0.0,0.0,0.0,0.0,0.0,0.05,0.0,0.0,-0.02750127198863818,-0.0442106728435481,0.05647757839774263
2021-12-01,-0.05,0.05,0.0,0.0,0.0,0.0,0.0,0.0,0.0,0.05,0.0,0.0,-0.07513158264977943,0.010813684782609714,0.026558152781936052
2021-12-02,0.0,0.05,0.0,0.0,0.0,0.0,0.0,0.0,0.0,0.05,0.0,0.0,-0.0583885156479642,-0.042988065047227936,0.036097993240006315
2021-12-03,0.0,0.05,0.0,0.0,0.0,0.0,0.0,0.0,0.0,0.05,0.0,0.0,-0.044185025224922715,-0.04824956677601919,0.03186314487536614
2021-12-06,0.0,0.05,0.0,0.0,0.0,0.0,0.0,0.0,0.0,0.0,0.0,0.0,0.012470754063016311,-0.03184184607224641,-0.01424032787919528
2021-12-07,0.0,0.05,0.0,0.0,0.0,0.0,0.0,0.0,0.0,0.0,0.0,0.0,0.011817662054932149,-0.03206098607038717,-0.013740442046250495
2021-12-08,0.0,0.05,0.0,-0.05,0.0,0.0,0.0,-0.05,0.0,0.0,0.0,0.0,0.08586924370733157,0.00686060109921671,-0.05541054458316927
2021-12-09,0.0,0.0,0.0,-0.05,0.0,0.0,0.0,0.0,0.0,0.0,0.0,0.0,0.013163263674753052,0.029406814665606087,-0.003160068890526248
2021-12-10,0.0,0.0,0.05,-0.05,0.05,0.0,0.0,0.0,0.0,0.0,0.0,0.0,0.16866297301747377,-0.09681173829036258,-0.13596947449438979
2021-12-13,0.0,0.0,0.05,-0.05,0.05,0.0,0.0,-0.05,0.0,0.0,0.0,0.0,0.21834352319042205,-0.009839200239071741,-0.24157305885755365
2021-12-14,0.0,0.0,0.05,-0.05,0.05,0.0,0.0,-0.05,0.0,0.0,0.0,0.0,0.224848109219203,-0.007786362888139363,-0.2494783651042893
2021-12-15,0.0,0.0,0.05,-0.05,0.05,0.05,0.0,-0.05,0.0,0.0,0.0,0.0,0.251229499903349,-0.014318722032242983,-0.3197195654135034
2021-12-16,0.0,0.0,0.05,0.0,0.05,0.05,0.0,-0.05,0.0,0.0,0.0,0.0,0.24252944364979862,-0.07532824279708937,-0.2903043005141727
2021-12-17,0.0,0.0,0.05,0.0,0.05,0.05,0.0,-0.05,0.0,-0.05,0.0,0.0,0.2937525744321689,-0.002042015620794979,-0.38598168634525465
2021-12-20,0.0,0.0,0.05,0.0,0.05,0.05,0.0,-0.05,0.0,0.0,0.0,0.0,0.21822509898622625,-0.08392070184155491,-0.272944823498028
2021-12-21,0.0,0.0,0.05,0.0,0.05,0.05,0.0,-0.05,0.0,0.0,0.0,0.0,0.21834163898719816,-0.07941108300250632,-0.27698494525211637
2021-12-22,0.0,0.0,0.05,0.0,0.05,0.0,0.0,-0.05,0.0,0.0,0.0,0.0,0.17560672129546812,-0.03117016362496412,-0.23488570707220638
2021-12-23,0.0,0.0,0.05,0.0,0.05,0.0,0.0,-0.05,0.0,0.05,0.0,0.0,0.12126678877822361,-0.1272350221954074,-0.12051600682400174
2021-12-27,0.0,0.0,0.05,0.0,0.05,0.0,0.0,0.0,0.0,0.05,0.0,0.0,0.06984804107958988,-0.15348634085131507,-0.07115214700396641
2021-12-28,0.0,0.0,0.05,0.0,0.05,0.0,0.0,0.0,0.0,0.05,0.0,0.0,0.06964821485841254,-0.15380811028373945,-0.07081138653473887
2021-12-29,0.0,0.0,0.05,0.0,0.05,0.0,0.0,0.0,0.0,0.05,0.0,0.0,0.06490808926529007,-0.16572538249481703,-0.05572603218104789
2021-12-30,0.0,0.0,0.0,0.0,0.05,0.0,0.0,0.0,0.0,0.05,0.0,0.0,0.005616980481432655,-0.1222968319948742,0.024458060815951678
2021-12-31,0.0,0.0,0.0,0.0,0.05,0.0,0.0,0.0,0.0,0.05,0.0,0.0,0.005880870987645205,-0.123247018647452,0.025489551504612233
2022-01-03,0.0,0.0,0.0,0.0,0.05,0.0,0.0,0.0,0.0,0.05,0.0,0.0,0.0060946838890226195,-0.12300701270951347,0.02492758623824092
2022-01-04,0.0,0.0,0.0,0.0,0.05,0.0,0.0,0.0,-0.05,0.05,0.0,0.0,0.03994344967490532,-0.15197839781333722,0.06830872284764979
2022-01-05,0.0,0.0,0.0,0.0,0.05,0.0,0.0,0.0,-0.05,0.05,0.0,0.0,0.04323252864473668,-0.15056337977881568,0.06339135344379244
2022-01-06,0.0,0.0,0.0,0.0,0.05,0.0,0.0,0.0,-0.05,0.05,0.0,0.0,0.041674819750973556,-0.1446713438801187,0.05090693786938774
2022-01-07,0.0,0.0,0.0,0.0,0.05,0.0,0.0,0.0,-0.05,0.05,0.0,0.0,0.04128755232070712,-0.1453050076867435,0.051076135893746474
2022-01-10,0.0,0.0,0.0,0.0,0.05,0.0,0.0,0.0,-0.05,0.05,0.0,0.0,0.038379793273023245,-0.15196118174306944,0.06171615462908989
2022-01-11,0.0,0.0,0.0,0.0,0.05,0.0,0.0,0.0,0.0,0.0,0.0,0.0,0.05173139674255069,-0.03737815854912985,-0.07360254147112202
2022-01-12,0.0,0.0,0.0,0.0,0.05,0.0,0.0,0.0,0.0,0.0,0.0,0.0,0.05026825646301733,-0.03525573224957682,-0.07568009272348211
2022-01-13,0.0,0.0,0.0,0.0,0.05,0.0,0.0,0.0,0.0,0.0,0.0,0.0,0.048489882463856604,-0.036396890647201655,-0.07272536585997132
2022-01-14,0.0,0.0,0.0,0.0,0.05,0.0,0.0,0.0,0.0,0.0,0.0,-0.05,0.05958775305807788,-0.007346379552178562,-0.07790410841160988
2022-01-18,0.0,0.0,0.0,0.0,0.0,0.0,0.0,0.0,0.0,0.0,0.0,-0.05,0.0101515243511045,0.032498586704347444,-0.009422206239421096
2022-01-19,0.0,0.0,0.0,0.0,0.0,0.0,0.0,0.0,0.0,0.0,0.0,-0.05,0.010853912362825197,0.033532842620105134,-0.010770812511997805
2022-01-20,0.0,0.0,0.0,0.0,0.0,0.0,0.0,0.0,0.0,0.0,0.0,-0.05,0.01271526077109654,0.03670163672556509,-0.015264671470053948
2022-01-21,0.0,0.0,0.0,0.0,0.0,0.0,0.0,0.0,0.0,0.0,0.05,-0.05,0.03613868472564308,-0.01583996623199252,-0.029892445478404098
2022-01-24,0.0,0.0,0.0,0.0,0.0,0.0,0.0,0.0,0.0,0.0,0.05,-0.05,0.0332414699709644,-0.007229773239457581,-0.038400282040813
2022-01-25,0.0,0.0,0.0,0.0,0.0,0.0,0.0,0.0,0.0,0.0,0.05,-0.05,0.02494906110856626,-0.013531969810922131,-0.026068518792738186
2022-01-26,0.0,0.0,0.0,0.0,0.0,0.0,0.0,0.0,0.0,0.0,0.05,-0.05,0.024417106961862757,-0.014092572263846642,-0.024367070430073478
2022-01-27,0.0,0.0,0.0,0.0,0.0,0.0,0.0,0.0,0.0,0.0,0.05,0.0,0.02619577294708529,-0.055091874697758655,-0.013802261542316736
2022-01-28,0.0,0.0,0.0,0.0,0.0,0.0,-0.05,0.0,0.0,0.0,0.05,0.0,0.04313652678166513,-0.07008787306266676,0.04138012011807311
2022-01-31,0.0,0.0,0.0,0.0,0.0,0.0,-0.05,0.0,0.0,0.05,0.05,0.0,-0.015979976736150037,-0.12181884897445491,0.11581083247967208
2022-02-01,0.0,0.0,0.0,0.0,0.0,0.0,-0.05,0.0,0.0,0.05,0.05,0.0,-0.01454854312986918,-0.12376529787865458,0.11614730874817168
2022-02-02,0.0,0.0,0.0,0.0,0.0,0.0,-0.05,0.0,0.0,0.05,0.05,0.0,-0.032901605163169076,-0.11087069069620673,0.11782152284480703
2022-02-03,0.0,0.0,0.0,0.0,0.0,0.0,-0.05,0.0,0.0,0.05,0.0,-0.05,-0.05590282379926356,-0.040679597845093035,0.13737357189160543
2022-02-04,0.0,0.0,0.0,0.0,0.0,0.0,-0.05,0.0,0.0,0.05,0.0,0.0,-0.0550255460338523,-0.07288551344945243,0.1392167180040535
2022-02-07,0.0,0.0,0.0,0.0,0.0,0.0,-0.05,0.0,0.0,0.05,0.0,0.0,-0.054951434294292514,-0.07251723330583813,0.1388639641821594
2022-02-08,0.0,0.0,0.0,0.0,0.0,0.0,-0.05,0.0,0.0,0.05,0.0,0.0,-0.052533882066790875,-0.0743124554378508,0.13828004386234927
2022-02-09,0.0,0.0,0.0,0.0,0.0,0.0,-0.05,0.0,0.0,0.05,0.0,0.0,-0.05188907079599506,-0.0748075478066439,0.13812578044116464
2022-02-10,0.0,0.0,0.0,0.0,0.0,0.0,-0.05,0.0,0.0,0.0,0.0,0.0,0.00861009421158881,-0.019256182210337067,0.06409635068812344
2022-02-11,0.0,0.0,0.0,0.0,0.0,0.0,-0.05,0.0,0.0,0.0,0.0,0.0,0.007312752826388736,-0.021183757561053868,0.06621683494321137
2022-02-14,0.0,0.0,0.0,0.0,0.0,0.0,-0.05,0.0,0.0,0.0,0.05,0.05,0.0010792490663137058,-0.06363588413753643,0.02870831751372074
2022-02-15,0.0,0.0,0.0,0.0,0.0,0.0,-0.05,0.05,0.0,0.0,0.05,0.05,-0.04984184142778508,-0.07772032954589961,0.05659346801970321
2022-02-16,0.0,0.0,-0.05,0.0,0.0,0.0,-0.05,0.05,0.0,0.0,0.05,0.05,-0.08813865235881742,-0.05193183893317592,0.13156245467757088
2022-02-17,0.0,0.0,-0.05,0.0,0.0,0.0,-0.05,0.05,0.0,0.0,0.05,0.05,-0.0809427824518948,-0.053678844072824326,0.12799569144102618
2022-02-18,0.0,0.0,-0.05,0.0,0.0,0.0,-0.05,0.05,0.0,0.0,0.05,0.05,-0.07013133846474269,-0.05354151175120448,0.12569362002907786
2022-02-22,0.0,0.0,-0.05,0.0,0.0,0.0,-0.05,0.0,0.05,0.0,0.05,0.0,-0.057429335242020235,-0.006585476430057247,0.09758690783645893
2022-02-23,0.05,0.0,-0.05,0.0,0.0,0.0,-0.05,0.0,0.05,0.0,0.05,0.0,-0.03804776511224816,-0.08486333767575203,0.12897559037001405
2022-02-24,0.05,0.0,-0.05,0.0,0.0,0.0,-0.05,0.0,0.05,0.0,0.05,0.0,-0.030290160917590837,-0.08124669946772459,0.12058426379606352
2022-02-25,0.05,0.0,-0.05,0.0,0.0,0.0,-0.05,0.0,0.05,0.0,0.05,0.0,-0.03324861430050433,-0.08179160741754525,0.12347088877007048
2022-02-28,0.05,-0.05,-0.05,0.0,-0.05,0.0,0.0,0.0,0.05,0.0,0.05,0.0,-0.11503448777551098,-0.004703259764592433,0.15391686836740767
2022-03-01,0.05,-0.05,-0.05,0.0,-0.05,0.0,0.0,0.0,0.05,0.0,0.05,0.0,-0.11778519986684902,-0.00349716119649939,0.15398595463154496
2022-03-02,0.05,-0.05,-0.05,0.0,0.0,0.0,0.0,0.0,0.05,0.0,0.05,0.0,-0.09894045291125655,-0.0036328278347739044,0.06998435285032767
2022-03-03,0.05,-0.05,-0.05,0.0,0.0,0.0,0.0,0.0,0.0,0.0,0.05,0.0,-0.0792120974203999,-0.011644801805827075,0.09062505272358837
2022-03-04,0.05,-0.05,-0.05,0.0,0.0,0.0,0.0,0.0,0.0,0.0,0.05,0.0,-0.07215394364177784,-0.01225175769980456,0.08660309272171904
2022-03-07,0.05,-0.05,-0.05,0.0,0.0,0.0,0.0,0.0,0.0,0.0,0.05,-0.05,-0.06644779436233916,0.012027129096175478,0.08886797353887294
2022-03-08,0.05,-0.05,-0.05,0.0,0.0,0.0,0.0,0.0,0.0,0.0,0.05,-0.05,-0.07142291972237003,0.012887555404705004,0.09130463191567595
2022-03-09,0.05,-0.05,-0.05,0.0,0.0,0.0,0.0,0.0,0.0,-0.05,0.05,-0.05,-0.012362134885055606,0.08117675762867452,0.010619587160003916
2022-03-10,0.05,-0.05,-0.05,0.0,0.0,0.0,0.0,0.0,0.0,-0.05,0.05,-0.05,-0.006021971981600718,0.04299929945054457,0.04348740938618171
2022-03-11,0.05,-0.05,-0.05,0.0,0.0,0.0,0.0,0.0,0.0,-0.05,0.05,-0.05,0.008661504633619518,0.020276730478649023,0.054361316812196095
2022-03-14,0.05,-0.05,-0.05,0.0,0.0,0.0,0.0,0.0,0.0,-0.05,0.05,-0.05,0.00934380514144824,0.022793448191587875,0.04990759937071759
2022-03-15,0.0,-0.05,-0.05,0.0,0.0,0.0,0.0,0.0,0.0,-0.05,0.05,-0.05,0.02203843636547651,0.07665352924438813,0.01752769878017045
2022-03-16,0.0,-0.05,0.0,0.0,0.0,0.0,0.0,0.0,0.0,-0.05,0.0,-0.05,0.04967569716012529,0.07614471803203389,-0.016612394991851777
2022-03-17,0.0,-0.05,0.0,0.0,0.0,0.0,0.0,0.0,0.0,-0.05,0.0,-0.05,0.022626759295795877,0.08693761538657578,-0.011720640955444884
2022-03-18,0.0,-0.05,0.0,0.0,0.0,0.0,0.0,0.0,0.0,-0.05,0.0,-0.05,0.01706120675896645,0.08200888619891902,-0.0036872771128781093
2022-03-21,0.0,-0.05,0.0,0.0,0.0,0.0,0.0,0.0,0.0,0.0,0.0,-0.05,-0.01781978019182899,0.06487747934196011,0.014592180584717389
2022-03-22,0.0,-0.05,0.0,0.0,0.0,0.0,0.0,0.0,0.0,0.0,0.0,-0.05,-0.017159572312561194,0.06482509085820154,0.014251585583922583
2022-03-23,0.0,-0.05,0.0,0.0,0.05,0.0,0.0,0.0,0.0,0.0,0.0,-0.05,0.013426713060293846,0.009305832763605148,-0.017181786238047114
2022-03-24,0.0,-0.05,0.0,0.0,0.05,0.0,0.0,0.0,0.0,0.0,0.0,-0.05,0.019165348804248708,0.012487440863176867,-0.023097318236687956
2022-03-25,0.0,0.0,0.0,0.0,0.05,0.0,0.0,0.0,0.0,0.0,0.0,-0.05,0.04502540268969393,-0.031408269173114206,-0.033513256708675485
2022-03-28,0.0,0.0,0.0,0.0,0.05,0.0,0.0,0.0,0.0,0.0,0.0,-0.05,0.04447610215419835,-0.03242655117862757,-0.032237217327037576
2022-03-29,0.0,0.0,0.0,0.0,0.05,0.0,0.0,0.0,0.0,0.0,0.0,0.0,0.03273718089814343,-0.0546479455900869,-0.03273793784580553
2022-03-30,0.0,0.0,0.0,0.0,0.05,0.0,0.0,0.0,0.0,0.0,0.0,0.0,0.03266290779804258,-0.05271869649024857,-0.03429553715059165
2022-03-31,0.0,0.0,0.0,0.0,0.05,0.0,0.0,0.0,0.0,0.0,0.0,0.0,0.03220471169374811,-0.05354256733932656,-0.032857770178664765
2022-04-01,0.0,0.0,0.0,0.0,0.05,0.0,0.0,0.0,0.0,0.0,0.0,0.0,0.004313241354733587,-0.054668314728403666,-0.014192945586302434
2022-04-04,0.0,0.0,0.0,0.0,0.05,0.0,0.0,0.0,0.0,0.0,0.0,0.0,0.004877499696190567,-0.05490491770901765,-0.014250092128151828
2022-04-05,0.0,0.0,0.0,0.0,0.05,0.0,0.0,0.0,0.0,0.0,0.0,0.0,0.0027343349293778756,-0.05673758229195065,-0.01067982229894367
2022-04-06,0.0,0.0,0.0,0.0,0.05,0.0,0.0,0.0,0.0,0.0,0.0,0.0,0.0003902588224536234,-0.05697952540705229,-0.008492105027996775
2022-04-07,0.0,0.0,0.0,0.0,0.05,0.0,0.05,0.0,0.0,0.0,0.0,0.0,0.043446786222206046,-0.05672852238723089,-0.08477904032982907
2022-04-08,0.0,0.0,0.0,0.0,0.05,0.0,0.05,0.0,0.0,0.0,0.0,0.0,0.04356710300715635,-0.05951145107059708,-0.08151790315543778
2022-04-11,0.0,0.0,0.0,0.05,0.05,0.0,0.05,0.0,0.0,0.0,0.0,0.0,0.040431289748988714,-0.08770874901475614,-0.09105830808935045
2022-04-12,0.0,0.0,0.0,0.05,0.05,-0.05,0.0,0.0,0.0,0.0,0.0,0.0,-0.0257698255335091,-0.06153043246444978,0.022109494528208963
2022-04-13,0.0,0.0,0.0,0.0,0.05,-0.05,0.0,0.05,0.0,0.0,0.0,0.0,-0.08555037189027397,-0.0408080425932791,0.06153056797523749
2022-04-14,0.0,0.0,0.05,0.0,0.05,0.0,0.0,0.05,0.0,0.0,0.0,0.0,-0.018362003873222663,-0.1275492209721798,-0.017475096591967665
2022-04-18,0.0,0.0,0.05,0.0,0.05,0.0,0.0,0.05,0.0,0.0,0.0,0.0,-0.016032353557021345,-0.1270294430359006,-0.01952962971829518
2022-04-19,0.0,0.0,0.05,0.0,0.05,0.0,0.0,0.05,0.0,0.0,0.0,0.0,-0.008749335571663686,-0.131370484533482,-0.019310853703910946
2022-04-20,0.0,0.0,0.05,0.0,0.05,0.0,0.0,0.05,0.0,0.0,0.0,0.0,-0.009690021999379746,-0.12901842205644531,-0.021047474383930467
2022-04-21,0.0,0.0,0.05,0.0,0.05,0.0,0.0,0.05,-0.05,0.0,0.0,0.0,-0.01236065178378187,-0.10454323609790994,-0.014358444249719098
2022-04-22,0.0,0.0,0.05,0.0,0.05,0.0,0.05,0.05,-0.05,0.0,0.0,0.0,0.015135129106696529,-0.09133137416737476,-0.09405268226444921
2022-04-25,0.0,0.0,0.05,0.0,0.05,-0.05,0.05,0.05,-0.05,0.0,0.0,0.0,0.014947486138597331,-0.08423543098401348,-0.0524982001471384
2022-04-26,0.0,0.0,0.05,0.0,0.05,-0.05,0.05,0.0,-0.05,0.0,0.0,0.0,0.06466972905481577,-0.056383705088408544,-0.09542125940948448
2022-04-27,0.0,0.0,0.05,0.0,0.05,-0.05,0.05,0.0,-0.05,0.0,0.0,0.0,0.07136870712375293,-0.07945616988782235,-0.07774798920120565
2022-04-28,0.0,-0.05,0.05,0.05,0.05,-0.05,0.0,0.05,0.0,0.0,0.0,0.0,-0.03091353733549776,-0.07446181856606629,-0.011504612917330466
2022-04-29,0.0,-0.05,0.0,0.05,0.05,-0.05,0.0,0.05,0.0,0.0,-0.05,0.0,-0.09292926255608251,0.01937958271359353,0.06216173833974804
2022-05-02,0.0,0.0,0.0,0.05,0.0,-0.05,0.0,0.05,0.0,0.0,-0.05,0.0,-0.10362723224003317,0.04380683671091983,0.06843890328190347
2022-05-03,0.0,0.0,0.0,0.05,0.0,-0.05,0.0,0.05,0.0,0.0,-0.05,0.0,-0.10060774020282737,0.038659641302125416,0.07164575075114503
2022-05-04,0.0,0.0,0.0,0.0,0.0,-0.05,0.0,0.05,0.0,0.0,-0.05,0.0,-0.11012851162314641,0.06336565331237304,0.09041655795290804
2022-05-05,0.0,0.0,0.0,0.0,0.0,-0.05,0.0,0.05,0.0,0.0,-0.05,0.0,-0.11167470394404522,0.06411262933240666,0.09008414422007908
2022-05-06,0.0,0.0,0.0,0.0,0.0,-0.05,0.0,0.05,0.0,0.0,-0.05,0.0,-0.1131646125386072,0.06723279463612479,0.0857079753841356
2022-05-09,0.0,0.0,0.0,0.0,0.0,-0.05,0.0,0.05,0.0,0.0,-0.05,0.0,-0.11335049426511996,0.06760066729598387,0.08576679729467046
2022-05-10,0.0,0.0,0.0,0.0,0.0,-0.05,0.0,0.0,0.0,0.0,-0.05,0.0,-0.0674966027729127,0.0648413658494519,0.07572893408814603
2022-05-11,0.0,0.0,0.0,-0.05,0.0,-0.05,0.0,0.0,0.0,0.0,-0.05,0.0,-0.08097675302692534,0.10161749466309908,0.08387058151575343
2022-05-12,0.0,0.0,0.0,-0.05,0.0,-0.05,0.0,0.0,0.0,0.0,-0.05,0.0,-0.076231102639298,0.09766752008668389,0.08364469097287436
2022-05-13,0.05,0.0,0.0,-0.05,0.0,0.0,0.0,0.0,0.0,0.0,-0.05,-0.05,-0.034383818027482596,0.06377826668755182,0.03580222860789417
2022-05-16,0.05,0.05,0.0,-0.05,0.0,0.0,0.0,0.0,0.0,0.0,-0.05,-0.05,-0.018701990938399773,0.005843550706596412,0.04440061987114843
2022-05-17,0.05,0.05,0.0,-0.05,0.0,0.0,0.0,0.0,0.0,0.05,-0.05,-0.05,-0.036579627261849726,-0.019430112157913276,0.056345025441304875
2022-05-18,0.05,0.05,0.0,-0.05,-0.05,0.0,0.0,0.0,0.0,0.05,-0.05,-0.05,-0.03245685559234846,0.03993016396324711,0.05852961112692372
2022-05-19,0.05,0.05,0.0,-0.05,-0.05,0.0,0.0,0.0,0.0,0.05,-0.05,0.0,-0.035455988272911784,0.017790368135199172,0.05421120841818203
2022-05-20,0.0,0.05,0.0,0.0,0.0,0.0,0.0,0.05,0.0,0.05,-0.05,0.0,-0.08143300974269518,-0.07151430304143741,0.08953113972264243
2022-05-23,0.0,0.05,0.0,0.0,-0.05,0.0,0.0,0.05,0.0,0.05,-0.05,0.0,-0.0885390054660326,-0.02726350971247216,0.11283067541648854
2022-05-24,0.0,0.05,0.0,0.05,-0.05,0.0,0.0,0.05,0.0,0.05,-0.05,0.0,-0.08664450653366015,-0.05357532237606544,0.10078428965820874
2022-05-25,0.0,0.0,0.0,0.05,-0.05,0.0,0.0,0.05,0.0,0.05,-0.05,0.0,-0.09629698899004455,0.0011387629052048709,0.0898002579425985
2022-05-26,0.0,0.0,0.0,0.05,-0.05,0.0,0.0,0.05,0.0,0.05,-0.05,0.0,-0.10620426841176411,-0.011576220307959812,0.10787397285446873
2022-05-27,0.0,0.0,0.0,0.05,0.0,0.0,0.0,0.05,0.0,0.05,-0.05,0.0,-0.0946530765509006,-0.04418073352980529,0.07202738035472395
2022-05-31,0.0,0.0,0.0,0.0,0.0,0.0,0.0,0.05,0.0,0.05,-0.05,0.0,-0.10698941795285016,-0.022873957972178713,0.09529960384624775
2022-06-01,0.0,0.0,0.0,0.0,0.0,0.0,0.0,0.05,0.0,0.05,0.0,0.0,-0.06432561720962024,-0.06950501911427925,0.06427713151847758
2022-06-02,0.0,0.0,0.0,0.0,0.0,0.0,-0.05,0.05,0.0,0.05,0.0,0.0,-0.10645100217908643,-0.020320677933711763,0.08621006008900949
2022-06-03,0.0,0.05,0.0,0.0,0.0,0.0,-0.05,0.05,0.0,0.05,0.0,0.0,-0.10215509953379015,-0.08604740952976361,0.11452007673994608
2022-06-06,0.0,0.05,0.0,0.0,0.0,0.0,-0.05,0.05,0.0,0.05,0.0,0.0,-0.10192061476670257,-0.08530441050144115,0.11370947334280039
2022-06-07,0.0,0.05,0.0,0.0,0.0,0.0,-0.05,0.05,0.0,0.05,0.0,0.0,-0.1010308554864483,-0.08509185890078841,0.11256191881046963
2022-06-08,0.0,0.05,0.0,0.0,0.0,0.0,-0.05,0.05,0.05,0.05,0.0,0.0,-0.10012154098013214,-0.09759851217900042,0.08888059846070492
2022-06-09,0.0,0.05,0.0,0.0,0.0,0.0,0.0,0.05,0.05,0.05,0.0,0.0,-0.06271070349661842,-0.15219815740525622,0.07385551035025892
2022-06-10,0.0,0.0,0.0,0.0,0.0,0.0,0.0,0.05,0.05,0.05,0.0,0.0,-0.0715554214897334,-0.08546704254562668,0.048935195955074104
2022-06-13,0.0,0.0,0.0,0.0,0.0,0.0,0.0,0.0,0.05,0.05,0.0,0.0,-0.03127381168366649,-0.03999002669350405,-0.0008264886017403824
2022-06-14,0.0,0.0,0.0,0.0,0.0,0.0,0.0,0.0,0.05,0.05,0.0,0.0,-0.03076784302862726,-0.040633992662213014,-0.0005379650250134066
2022-06-15,0.0,0.0,0.0,0.0,0.0,0.0,0.0,0.0,0.05,0.0,0.0,0.0,-0.007401760301457535,-0.02373947743932718,-0.0064125700660765065
2022-06-16,0.0,0.0,0.0,0.0,0.0,0.0,0.0,0.0,0.05,0.0,0.0,0.0,-0.007256078477899514,-0.02396197206386304,-0.00626449055491338
2022-06-17,0.0,0.0,0.0,0.05,0.0,0.0,0.0,0.0,0.05,-0.05,0.0,0.0,0.003389621661813945,-0.008004572131488988,-0.03886858388340777
2022-06-21,0.0,0.0,0.0,0.05,0.0,0.0,0.0,0.0,0.05,0.0,0.0,0.0,-0.004531915886838491,-0.05186116896773005,-0.01657605486914487
2022-06-22,0.0,-0.05,0.0,0.05,0.0,0.0,0.0,0.0,0.05,0.0,0.0,0.0,-0.018384145725192844,0.025711773269029816,-0.0459008053971932
2022-06-23,0.0,-0.05,0.0,0.05,0.0,0.0,0.0,0.0,0.05,0.0,0.0,0.0,-0.01584637293948056,0.02220895438543647,-0.04424153161472763
2022-06-24,0.0,-0.05,0.0,0.0,0.0,0.0,0.0,0.0,0.05,0.0,0.0,0.0,-0.025665757832667672,0.051882897182336685,-0.031127646297466165
2022-06-27,0.0,-0.05,0.0,0.0,0.0,0.0,0.0,0.0,0.05,0.0,0.0,0.0,-0.026065438698601007,0.0532316780095982,-0.03194337812941789
2022-06-28,0.0,-0.05,0.0,0.0,0.0,0.0,0.0,0.0,0.05,0.0,0.0,0.0,-0.028502597430544133,0.0559372680176005,-0.032616588022319704
2022-06-29,0.0,-0.05,0.0,0.0,0.0,0.0,0.0,0.0,0.05,0.0,0.0,0.0,-0.025898946483842864,0.05722628855763802,-0.03537928435404807
2022-06-30,0.0,-0.05,0.0,0.0,0.0,0.0,0.0,0.0,0.05,0.0,0.0,0.0,-0.034372414843746944,0.06369440155797626,-0.03541274494387443
2022-07-01,0.0,-0.05,0.0,0.0,0.0,0.0,0.0,0.0,0.05,-0.05,0.0,0.0,-0.0266826844656659,0.11251646721699957,-0.06226828010904653
2022-07-05,0.0,-0.05,0.05,0.0,0.0,0.0,0.0,0.0,0.0,-0.05,0.0,0.0,0.06351089850989966,0.09641572318580952,-0.14480567632920746
2022-07-06,0.0,-0.05,0.05,0.0,0.0,0.0,0.0,0.0,0.0,-0.05,0.0,0.0,0.05363186094689973,0.09700894180304656,-0.1373618935506446
2022-07-07,0.0,-0.05,0.05,0.0,0.0,0.0,0.0,0.0,0.0,-0.05,0.0,0.0,0.05400321615030847,0.09630151257450972,-0.13706111265818877
2022-07-08,0.0,-0.05,0.05,0.0,0.0,0.0,0.0,0.0,0.0,-0.05,0.0,0.0,0.051098179920922734,0.09863747633034786,-0.13797630584575707
2022-07-11,-0.05,-0.05,0.05,0.0,0.0,0.0,0.0,0.0,0.0,-0.05,0.0,0.0,0.04729657421951497,0.14257675751216756,-0.13967343619473352
2022-07-12,-0.05,-0.05,0.05,0.0,0.0,0.0,0.0,0.0,0.0,-0.05,0.0,0.0,0.047165397493472164,0.14296523582134554,-0.13989542173661196
2022-07-13,-0.05,0.0,0.05,0.0,0.0,0.0,0.0,0.0,0.0,-0.05,0.0,0.0,0.058115028953124745,0.07636222430859918,-0.11672590681819703
2022-07-14,-0.05,0.0,0.05,0.0,0.0,0.0,0.0,0.0,0.0,-0.05,0.0,0.0,0.05743601807639105,0.07758129742626962,-0.11727381474392325
2022-07-15,-0.05,0.0,0.05,0.0,0.0,0.0,0.0,0.0,0.0,-0.05,-0.05,0.0,0.03527187771821201,0.11806207779782796,-0.09920664920308109
2022-07-18,-0.05,0.0,0.05,0.0,0.05,0.0,0.0,0.0,0.0,-0.05,-0.05,0.0,0.03327368526577705,0.12042734043574263,-0.15956809379550918
2022-07-19,-0.05,0.0,0.0,0.0,0.05,0.05,0.0,0.0,0.0,-0.05,-0.05,0.0,-0.0062862798302493065,0.09946188909115378,-0.08351047450363125
2022-07-20,-0.05,0.0,0.0,0.0,0.05,0.05,0.0,0.0,0.0,-0.05,-0.05,0.0,-0.006274139560039053,0.09681145616549063,-0.08045968295926526
2022-07-21,-0.05,0.0,0.0,0.0,0.05,0.05,0.0,0.0,0.0,-0.05,-0.05,0.0,-0.01067946159463725,0.09351237801828632,-0.0757470451847398
2022-07-22,-0.05,0.0,0.0,0.0,0.05,0.05,0.0,0.0,0.0,-0.05,-0.05,0.0,-0.011805584861621886,0.0940303567030906,-0.07481238253207348
2022-07-25,0.0,0.0,0.0,0.0,0.05,0.05,0.0,0.0,0.0,-0.05,-0.05,0.0,-0.0016829357696797002,0.05282636746041527,-0.08054356246692931
2022-07-26,0.0,0.0,0.0,0.0,0.05,0.05,0.0,0.0,0.0,-0.05,-0.05,0.0,0.003717464534809589,0.0512696153385485,-0.08319829001888003
2022-07-27,0.0,0.0,0.0,0.0,0.05,0.05,0.0,0.0,0.0,-0.05,-0.05,0.0,0.009909444012484215,0.034411404141401356,-0.07366387561085128
2022-07-28,0.0,0.0,0.0,0.0,0.05,0.05,0.0,0.0,0.0,-0.05,-0.05,0.0,0.0016511445283633186,0.04388332998491006,-0.07996595777514537
2022-07-29,0.0,0.0,0.0,0.0,0.05,0.05,0.0,0.0,0.0,-0.05,0.0,0.0,0.005201097821777337,0.018461380207664243,-0.09524814738488785
2022-08-01,0.0,0.0,0.0,0.0,0.05,0.05,0.0,0.0,0.0,-0.05,0.05,0.0,0.024683689075328977,0.00707221376939598,-0.1346765350585327
2022-08-02,0.0,0.0,0.0,0.0,0.0,0.05,0.0,0.0,0.0,-0.05,0.05,0.0,0.04256972981673133,0.011621229252419242,-0.09236827982449104
2022-08-03,0.0,0.0,0.0,0.0,0.0,0.05,0.0,0.0,0.0,0.0,0.05,0.0,0.033123531788917054,-0.04845582885449176,-0.05303427531931569
2022-08-04,0.0,0.0,0.0,0.0,0.0,0.05,0.0,0.0,0.0,0.0,0.05,0.0,0.03106010425905953,-0.049514120845764745,-0.04999392300642322
2022-08-05,0.0,0.0,0.0,0.0,0.0,0.05,0.0,0.0,0.0,0.0,0.05,0.0,0.03291816916722752,-0.050321244105478745,-0.05062696186142817
2022-08-08,0.0,0.0,0.0,0.0,0.0,0.0,0.0,0.0,0.0,0.0,0.05,0.0,0.017210645949849706,-0.009430123356102403,-0.038876110325221376
2022-08-09,0.0,0.0,0.05,0.0,0.0,0.0,0.0,0.0,0.0,0.0,0.05,0.0,0.07897787690017893,-0.04335694963872648,-0.11474996305521754
2022-08-10,0.0,0.0,0.05,0.0,0.0,0.0,0.0,0.0,0.0,0.0,0.05,0.0,0.08273043767595069,-0.0376212974893222,-0.12366285055567902
2022-08-11,0.0,0.0,0.05,0.0,0.0,0.0,0.0,0.0,0.0,0.0,0.05,0.0,0.0811708723824105,-0.039411122050788706,-0.12068582660587857
2022-08-12,0.0,0.0,0.05,0.0,0.0,0.0,0.05,0.0,0.0,0.0,0.05,0.0,0.11090776222976673,-0.0923306647745219,-0.13648393146527135
2022-08-15,0.0,0.0,0.05,0.0,0.0,0.0,0.05,0.0,0.0,0.0,0.05,-0.05,0.09335572044944301,-0.03368751351355667,-0.1520844425772398
2022-08-16,0.0,0.0,0.05,0.0,0.0,0.0,0.05,0.0,0.0,0.0,0.05,-0.05,0.09493749062727531,-0.03515318551323859,-0.15123898956295007
2022-08-17,0.0,0.0,0.05,0.0,0.0,0.0,0.05,0.0,0.0,0.0,0.05,-0.05,0.0970512498288868,-0.049778453702281095,-0.13910913246655496
2022-08-18,0.0,0.0,0.05,0.0,0.0,0.0,0.05,0.0,0.0,0.0,0.05,0.0,0.11234207001250188,-0.10178145647621949,-0.1299729815394648
2022-08-19,0.0,0.0,0.0,0.0,0.0,0.0,0.05,0.0,0.0,0.0,0.05,0.0,0.055305533226954695,-0.08265397865715761,-0.04391907075489812
2022-08-22,0.0,0.0,0.0,0.0,0.0,0.0,0.05,0.0,0.0,0.0,0.05,0.0,0.05490365224079166,-0.08323436718546598,-0.04313189241673469
2022-08-23,0.0,0.0,0.0,0.0,0.0,0.0,0.05,0.0,0.0,0.0,0.05,0.0,0.05486702866880988,-0.08748741406269436,-0.039558906130763107
2022-08-24,0.0,0.0,0.0,0.0,0.0,0.0,0.05,0.0,0.0,0.0,0.05,0.0,0.054025221039475935,-0.08592963978139259,-0.04094860517714862
2022-08-25,0.0,0.0,0.0,0.0,0.0,0.0,0.05,0.0,0.0,0.0,0.05,0.0,0.05130875538558902,-0.08419444223066133,-0.04213282313866451
2022-08-26,0.0,0.0,0.0,-0.05,0.0,0.0,0.0,0.0,0.0,0.0,0.05,0.0,0.027407792587518097,0.002482560302731137,-0.02467227066436467
2022-08-29,0.0,0.0,0.0,-0.05,0.0,0.0,0.0,0.0,0.0,0.0,0.05,0.0,0.030142189360996968,-0.004185608564623081,-0.02017654815512965
2022-08-30,0.0,0.0,0.0,-0.05,0.0,0.0,0.0,0.0,0.0,0.0,0.05,0.0,0.029982039227904884,-0.00987577059344163,-0.012813282711018815
2022-08-31,0.0,0.0,0.0,-0.05,0.0,0.0,0.0,0.0,0.0,0.0,0.05,0.0,0.02792891915183914,-0.009919732951396018,-0.010933492937118724
2022-09-01,0.0,0.0,0.0,-0.05,0.0,0.0,0.0,0.0,0.0,0.0,0.05,0.0,0.027623125539349955,-0.010598462802965196,-0.010079123780042101
2022-09-02,0.0,0.0,0.05,-0.05,0.0,0.0,0.0,-0.05,0.0,-0.05,0.05,0.0,0.14532624637308444,-0.01304714067668117,-0.11605175708519791
2022-09-06,0.0,0.0,0.05,-0.05,0.0,0.0,0.0,-0.05,0.0,-0.05,0.05,0.0,0.14529428661775218,-0.011941568371119494,-0.11738597497506673
2022-09-07,0.0,0.0,0.05,-0.05,0.0,0.0,0.0,-0.05,0.0,-0.05,0.05,0.0,0.14173134752769284,-0.01117690581089333,-0.11631249341825436
2022-09-08,0.0,0.0,0.05,-0.05,0.0,0.0,0.0,0.0,0.0,-0.05,0.05,0.0,0.1058175585200069,-0.04010118334925761,-0.08162563228038781
2022-09-09,0.05,0.0,0.05,-0.05,0.0,0.0,0.0,0.0,0.0,-0.05,0.05,0.0,0.10057742894980601,-0.058684223799228774,-0.09622542287354882
2022-09-12,0.05,0.0,0.05,-0.05,0.0,-0.05,0.0,0.0,0.0,-0.05,0.05,0.0,0.1179869386142066,-0.07529858272093683,-0.0523761892670421
2022-09-13,0.0,0.0,0.05,-0.05,0.0,-0.05,0.0,0.0,0.0,-0.05,0.05,0.0,0.11269703573494999,-0.04965899946483612,-0.03798597337704204
2022-09-14,0.0,0.0,0.05,-0.05,0.0,0.0,0.0,0.0,0.0,-0.05,0.05,0.0,0.12162764119789478,-0.07195177642521705,-0.06580244750078801
2022-09-15,0.0,0.0,0.05,0.0,0.0,0.0,0.0,0.0,0.0,0.0,0.05,0.0,0.10350453238352217,-0.13467117006570106,-0.0483524969163271
2022-09-16,0.0,0.0,0.0,0.0,0.0,0.05,0.0,0.0,0.0,0.0,0.05,0.0,0.08495518011438594,-0.14512924659003149,-0.006274226111324301
2022-09-19,0.0,0.0,0.0,0.0,0.0,0.0,0.0,0.0,0.0,0.05,0.05,0.0,0.00305886247746027,-0.07160899198172535,0.008930792476674415
2022-09-20,0.0,0.0,0.0,0.0,0.0,0.0,0.0,0.0,0.0,0.05,0.05,0.0,0.003942646783818116,-0.07320107165186943,0.009025320143824326
2022-09-21,0.0,0.0,0.0,0.0,0.0,0.0,0.0,0.0,0.0,0.05,0.05,0.0,0.005233800164704325,-0.06435650344410732,0.0010280149549366322
2022-09-22,0.0,0.0,0.0,0.0,0.0,0.0,0.0,0.0,0.0,0.05,0.0,0.0,-0.03816959336509803,-0.03263646640305893,0.038152591394220524
2022-09-23,0.0,0.0,0.0,0.0,0.05,0.0,0.0,0.0,0.0,0.05,0.0,0.0,0.0015186369554960073,-0.04395351720329712,-0.035497562971788195
2022-09-26,0.0,0.0,0.0,0.0,0.05,0.0,0.0,0.0,0.0,0.05,0.0,0.0,0.00048717092128628195,-0.04376729732401956,-0.03540888428063056
2022-09-27,0.0,-0.05,0.0,0.0,0.05,0.0,0.0,0.0,0.0,0.05,0.0,0.0,-0.008979702397845691,0.0002802069154003422,-0.035309817154813294
2022-09-28,-0.05,-0.05,0.0,0.0,0.05,0.0,0.0,0.0,0.0,0.05,0.0,0.0,-0.026313553368697895,0.04986131088999787,-0.0357734359691822
2022-09-29,0.0,-0.05,0.0,0.0,0.05,0.0,0.0,0.0,0.0,0.05,0.0,0.0,-0.023577347814210604,0.0026955974320666803,-0.026265291653960125
2022-09-30,0.05,-0.05,0.0,0.0,0.05,0.0,-0.05,0.0,0.0,0.0,0.0,0.0,0.027166663525821796,0.037698937664508284,-0.07262504446564524
2022-10-03,0.05,-0.05,0.0,0.0,0.05,0.0,-0.05,0.0,0.0,0.0,0.0,0.0,0.02488945151780281,0.038549072361885095,-0.07023696468279977
2022-10-04,0.05,-0.05,0.0,0.0,0.05,0.0,-0.05,0.0,0.0,0.0,0.0,0.0,0.018866651988517332,0.03196691692470773,-0.059919224465896155
2022-10-05,0.05,-0.05,0.0,0.0,0.05,0.0,-0.05,0.0,0.0,0.0,0.0,0.0,0.027589581673467926,0.031588379875395194,-0.06348315867601137
2022-10-06,0.05,-0.05,0.0,0.0,0.05,0.0,-0.05,0.0,0.0,0.0,0.0,0.0,0.025444178292620273,0.009673115721359862,-0.0418820691235785
2022-10-07,0.05,-0.05,0.0,0.0,0.05,0.0,-0.05,0.0,0.0,0.0,0.0,0.0,0.021195112455772925,0.009495426980402824,-0.038359797321624915
2022-10-10,0.05,-0.05,0.0,0.0,0.05,0.0,-0.05,0.0,0.0,0.0,0.0,0.0,0.019646413951678557,0.006136769387656532,-0.039426666581572914
2022-10-11,0.05,-0.05,0.0,0.0,0.05,0.0,-0.05,0.0,0.0,0.0,0.0,0.0,0.013056521694599093,0.028328553891716134,-0.055774622949662206
2022-10-12,0.05,0.0,-0.05,0.0,0.05,0.0,-0.05,0.0,0.0,0.0,0.0,0.0,-0.05707090910728796,0.06436047755526357,-0.010341224758432667
2022-10-13,0.05,0.0,-0.05,0.0,0.05,0.0,-0.05,0.0,-0.05,0.0,0.0,0.0,-0.04387874238171577,0.09639930810610757,-0.0177648561790531
2022-10-14,0.05,0.0,-0.05,0.0,0.05,0.0,-0.05,0.0,-0.05,0.0,0.0,0.0,-0.027963144115784523,0.10050525135225635,-0.03449380207898195
2022-10-17,0.05,0.0,-0.05,0.0,0.05,0.0,-0.05,0.0,-0.05,0.0,0.0,0.0,-0.02886746318259249,0.10267571392701047,-0.03642117894188501
2022-10-18,0.05,0.0,-0.05,0.0,0.05,0.0,-0.05,0.0,-0.05,0.0,0.0,0.05,0.0053357565080159545,0.07556537691460465,-0.07525578201183672
2022-10-19,0.05,-0.05,-0.05,0.0,0.05,0.0,0.0,0.0,-0.05,0.0,0.05,0.05,0.05389927615807874,0.015502214300716608,-0.09254630107646085
2022-10-20,0.05,0.0,-0.05,0.0,0.05,0.0,0.0,0.0,-0.05,0.0,0.05,0.05,0.0578150631860235,-0.029725957304611354,-0.09023575008347891
2022-10-21,0.05,0.0,-0.05,0.0,0.05,0.0,0.0,0.0,-0.05,-0.05,0.05,0.05,0.09904037369737706,0.018983106250777256,-0.14859017582053025
2022-10-24,0.05,0.0,-0.05,0.0,0.05,0.0,0.0,0.0,-0.05,-0.05,0.05,0.0,0.07128937009669387,0.04458904630522627,-0.11355345824164383
2022-10-25,0.05,0.0,-0.05,0.0,0.05,0.0,0.0,0.0,-0.05,-0.05,0.05,0.0,0.07037361371727172,0.028016362739772892,-0.09189562918965224
2022-10-26,0.05,0.0,-0.05,0.05,0.05,0.0,0.0,-0.05,-0.05,-0.05,0.05,0.0,0.1109924897875343,-0.0026716992239875018,-0.1056967705486819
2022-10-27,0.05,0.05,-0.05,0.0,0.05,0.0,0.0,-0.05,0.0,-0.05,0.0,0.0,0.09936077591027123,0.03531943805255891,-0.13270455464138736
2022-10-28,0.05,0.05,0.0,0.0,0.0,0.0,0.0,-0.05,0.0,-0.05,0.0,0.0,0.1186431476450617,-0.011264944453032244,-0.10741796685986954
2022-10-31,0.0,0.05,0.0,0.0,0.0,0.0,0.0,-0.05,0.0,-0.05,0.05,0.0,0.13051989692886237,-0.03873274135537415,-0.09362858534070839
2022-11-01,0.0,0.05,0.0,0.0,0.0,0.0,0.0,-0.05,0.0,-0.05,0.05,0.0,0.13477450318525588,-0.034908593606839025,-0.10141554402180623
2022-11-02,0.0,0.05,0.0,0.0,0.0,0.0,0.0,-0.05,0.0,-0.05,0.05,0.0,0.13294632107033463,-0.0361529142018151,-0.09846571585557262
2022-11-03,0.0,0.05,0.0,0.0,0.0,0.0,0.0,-0.05,0.0,-0.05,0.05,0.0,0.13176040745682277,-0.03613554626050743,-0.09714625993198223
2022-11-04,0.0,0.05,0.0,0.0,-0.05,0.0,0.0,-0.05,0.0,-0.05,0.05,0.0,0.13143179875312244,-0.05756577642972874,-0.01995745961859414
2022-11-07,0.0,0.05,0.0,0.0,-0.05,0.0,0.0,-0.05,0.0,-0.05,0.05,0.0,0.13551386133010074,-0.056840264338883784,-0.024520546968303487
2022-11-08,0.0,0.05,0.0,0.0,-0.05,0.0,0.0,0.0,0.0,0.0,0.05,0.0,0.04192159800613836,-0.12048411207694976,0.060808319838701545
2022-11-09,0.0,0.05,0.0,0.0,-0.05,0.0,0.0,0.0,0.0,0.0,0.05,0.0,0.041125714965630646,-0.1209238172633316,0.062015311546032695
2022-11-10,0.0,0.0,0.0,0.0,-0.05,0.0,0.0,0.0,0.0,0.0,0.0,0.0,-0.010419036864704892,-0.00032656612692512636,0.06653683212185349
2022-11-11,0.0,0.0,0.0,0.0,-0.05,0.0,0.0,0.0,0.0,0.0,0.0,0.0,-0.015652716194291635,0.003558984017840056,0.06921245235682022
2022-11-14,0.0,0.0,0.0,0.0,-0.05,0.0,0.0,0.0,0.0,0.0,0.05,0.0,7.574790877810413e-05,-0.07925813179995701,0.09979505807160399
2022-11-15,0.0,0.0,0.0,0.0,0.0,0.0,0.0,0.0,0.0,0.0,0.05,0.0,0.022286723455796603,-0.07922416705581155,0.02114019998880288
2022-11-16,0.0,0.0,0.0,0.0,0.0,0.0,0.0,0.0,0.0,0.0,0.0,0.0,-0.0,-0.0,-0.0
2022-11-17,0.0,0.0,0.0,0.0,0.0,0.0,0.0,0.0,0.0,0.0,0.0,0.0,-0.0,-0.0,-0.0
2022-11-18,0.0,0.0,0.0,0.0,0.0,0.0,0.0,-0.05,0.0,0.0,0.0,0.0,0.04042181333300287,0.021130924665950283,-0.028561471344691284
2022-11-21,0.0,0.0,0.0,0.0,0.0,0.0,0.0,-0.05,0.0,0.0,0.0,0.0,0.0436161567377658,0.020900237471114913,-0.030604809930655417
2022-11-22,0.0,0.0,0.0,0.0,0.0,0.0,0.05,-0.05,0.0,0.0,0.0,0.0,0.05122412160908703,-0.01797171293298227,-0.03723255531711185
2022-11-23,0.0,0.0,0.0,0.0,0.0,0.0,0.05,-0.05,0.0,0.0,0.0,0.0,0.05015983730879851,-0.016905049545602485,-0.03750689903625164
2022-11-25,0.0,0.0,0.0,0.0,0.0,0.0,0.05,-0.05,0.0,0.0,0.0,0.0,0.050043231717438096,-0.015626177197453926,-0.03908094285379202
2022-11-28,0.0,0.0,0.0,0.0,0.0,0.0,0.05,-0.05,0.0,0.0,0.0,0.0,0.04797047068520805,-0.014248501138351338,-0.03863535365639338
2022-11-29,0.0,0.0,0.0,0.0,0.0,0.0,0.0,-0.05,0.0,0.0,0.0,0.0,0.03817440649447281,0.021206728230029594,-0.02680760203942849
2022-11-30,0.0,0.0,0.0,0.0,0.0,0.0,0.0,-0.05,0.0,0.0,0.0,0.0,0.03891008222764047,0.021110452597689677,-0.027503826018650826
2022-12-01,0.0,0.0,0.0,0.0,0.0,0.0,0.0,-0.05,0.0,0.0,0.0,0.0,0.03867554215301166,0.021239731315652773,-0.02737578105585122
2022-12-02,0.0,0.0,0.0,0.0,0.0,0.0,0.05,-0.05,0.0,0.0,0.0,0.0,0.039228453364951815,-0.00407163451424049,-0.042906456771709685
2022-12-05,0.0,0.0,0.0,0.0,0.0,0.0,0.05,-0.05,0.0,0.0,0.0,0.0,0.04116547251921345,-0.0067859874785267124,-0.041420309453145246
2022-12-06,0.0,0.0,0.0,0.0,0.0,0.0,0.05,-0.05,0.0,0.0,0.0,0.0,0.025824476828231795,-0.00673064593372368,-0.030298019456125206
2022-12-07,0.0,0.0,0.0,0.0,0.0,0.0,0.05,-0.05,0.0,0.0,0.0,0.0,0.02462796384441113,-0.006227759707689411,-0.029161391928469622
2022-12-08,0.0,0.0,0.0,0.0,0.0,0.0,0.05,-0.05,0.0,0.0,0.0,0.0,0.022922743893310338,0.0014081143129871763,-0.03882280814661462
2022-12-09,0.0,0.0,0.0,0.0,0.0,0.0,0.0,-0.05,0.0,0.0,0.0,0.0,0.033457441075144916,0.025678905951585125,-0.029154557091283284
2022-12-12,0.0,0.0,0.0,0.0,0.0,0.0,0.0,0.0,0.0,0.0,0.0,0.0,-0.0,-0.0,-0.0
2022-12-13,0.0,0.0,0.0,0.0,0.0,0.0,0.0,0.0,0.0,0.0,0.05,0.0,0.0309260527685808,-0.09267483309181229,0.028194880275199556
2022-12-14,0.0,0.0,0.0,0.0,0.0,0.0,0.0,0.0,0.0,0.0,0.05,0.0,0.03257704729737502,-0.09362976112296052,0.027955082317023566
2022-12-15,0.0,0.0,0.0,0.0,0.0,0.0,0.0,0.0,0.0,0.0,0.05,0.0,0.03638863352729323,-0.09558050672327195,0.027236332629297054
2022-12-16,0.0,0.0,0.0,0.0,0.0,0.0,0.0,0.0,0.0,0.0,0.05,0.0,0.03371956278235084,-0.09308226242716063,0.026698166458820026
2022-12-19,0.0,0.0,0.0,0.0,0.0,0.0,0.0,0.0,0.0,0.0,0.05,0.0,0.031885605513354606,-0.09315248042627765,0.028074914337455695
2022-12-20,0.0,0.0,0.0,0.0,0.0,0.0,0.0,0.0,0.0,0.0,0.05,0.0,0.03417896324874243,-0.09631961138892008,0.030200339308566193
2022-12-21,0.0,0.0,0.0,0.0,0.0,-0.05,0.0,0.0,0.0,0.0,0.05,0.0,-0.010513245732420386,-0.04552687236947016,0.04985670970021393
2022-12-22,0.0,0.0,0.0,0.0,0.0,-0.05,0.0,0.0,0.0,0.0,0.05,0.0,-0.013427570128154336,-0.04487013012176245,0.051115158646475777
2022-12-23,0.0,0.0,0.0,0.0,0.0,-0.05,0.0,0.0,0.0,0.0,0.05,0.0,-0.015563232869434626,-0.03516530323806978,0.041235178484510686
2022-12-27,0.0,0.0,0.0,0.0,0.0,0.0,0.0,0.0,0.0,0.0,0.0,0.0,-0.0,-0.0,-0.0
2022-12-28,0.0,0.0,0.0,0.0,0.0,0.0,0.0,0.0,0.0,0.0,0.0,0.0,-0.0,-0.0,-0.0
2022-12-29,0.0,-0.05,0.0,0.0,0.0,0.0,0.0,0.0,0.0,0.0,0.0,0.0,-0.011844939933051656,0.03364406749203358,0.01644107544602762
2022-12-30,0.0,-0.05,0.0,0.0,0.0,0.0,0.0,0.0,0.0,0.0,0.0,0.0,-0.01163982949980222,0.033608658899090496,0.016309222764330472
2023-01-03,0.0,-0.05,0.0,0.0,0.0,0.0,0.0,0.0,0.0,0.0,0.0,0.0,-0.011527435342228415,0.03435068339592194,0.015409478027144352
2023-01-04,0.0,-0.05,0.05,0.0,0.0,0.0,0.0,0.0,0.0,0.0,0.0,0.0,-0.0034272821100045847,0.025217029522229255,-0.04619182771321818
2023-01-05,0.0,0.0,0.05,0.0,0.0,0.0,0.0,0.0,0.0,0.0,-0.05,0.0,-0.01809933833448488,0.0791052363667104,-0.0866520283971459
2023-01-06,0.0,0.0,0.05,0.0,0.0,0.0,0.0,0.0,-0.05,0.0,-0.05,0.0,-0.02253062968149237,0.11534174787639197,-0.08265402320982301
2023-01-09,0.0,0.0,0.05,0.0,0.0,0.0,0.0,0.0,-0.05,0.0,-0.05,0.0,-0.01503483189191897,0.10764690130946189,-0.07850044146633893
2023-01-10,0.0,0.0,0.05,0.0,0.0,0.0,0.0,0.0,-0.05,-0.05,-0.05,0.0,0.04349647291509097,0.1086067527671332,-0.10548026078423284
2023-01-11,0.0,0.0,0.05,0.0,0.0,0.0,0.0,0.0,-0.05,-0.05,-0.05,0.0,0.04012562169763722,0.10532462788264367,-0.09972757418332762
2023-01-12,0.0,0.0,0.05,0.0,0.0,0.0,0.0,0.0,-0.05,-0.05,-0.05,0.0,0.04306692611335264,0.09371149431874312,-0.08680177427668224
2023-01-13,0.0,0.0,0.05,0.0,0.0,0.0,0.0,0.0,-0.05,-0.05,-0.05,0.0,0.04405350723600012,0.08952327436730176,-0.08230278018462081
2023-01-17,0.0,0.0,0.05,0.0,0.0,0.0,0.0,0.0,-0.05,-0.05,-0.05,0.0,0.058189054650159465,0.09331009295736853,-0.09657709207546814
2023-01-18,0.0,0.0,0.0,0.0,0.0,0.0,0.0,0.05,0.0,-0.05,-0.05,0.0,0.015328780466390773,0.03355626625716347,-0.00016223945183710072
2023-01-19,0.0,0.0,0.0,0.0,0.0,0.0,0.0,0.05,0.0,0.0,-0.05,0.0,-0.04206969208896236,0.019949469295666496,0.038899327296003004
2023-01-20,0.0,0.0,0.0,0.0,0.0,0.0,0.0,0.05,0.0,0.0,-0.05,0.0,-0.04044475863435094,0.021102589663347052,0.036948786786533246
2023-01-23,0.0,0.0,0.0,0.0,0.0,0.0,-0.05,0.05,0.0,0.0,-0.05,0.05,-0.019859997908731535,0.0014384853593104171,0.05355235122378539
2023-01-24,0.0,0.0,0.0,0.0,0.0,0.0,-0.05,0.05,0.0,0.0,-0.05,0.05,-0.02642716277560827,0.003089134915398197,0.05707178502419803
2023-01-25,0.0,0.0,0.0,0.0,0.0,0.0,-0.05,0.05,0.0,-0.05,-0.05,0.05,0.007412235744642022,0.0039331847809900445,0.05059588603468574
2023-01-26,-0.05,0.05,0.0,0.0,0.0,0.0,-0.05,0.05,0.0,-0.05,-0.05,0.05,-0.0165720952636797,0.016956701106699695,0.05857450404596787
2023-01-27,-0.05,0.05,0.0,0.0,0.0,0.0,-0.05,0.05,0.0,0.0,-0.05,0.05,-0.06161245940844569,0.003290008528038323,0.08912034059489334
2023-01-30,-0.05,0.05,0.0,0.0,0.05,0.0,-0.05,0.05,0.05,0.0,-0.05,0.05,-0.09069612167362194,-0.02916723305285545,0.047002135660473746
2023-01-31,-0.05,0.05,0.0,0.0,0.05,0.0,0.0,0.05,0.05,0.0,-0.05,0.05,-0.11782814713664168,-0.01855268343131641,0.009383130741810053
2023-02-01,-0.05,0.05,0.0,0.05,0.05,0.0,0.0,0.05,0.05,0.0,-0.05,0.05,-0.1501353129539511,-0.042661890735320646,0.017341692796305604
2023-02-02,-0.05,0.05,0.0,0.05,0.0,0.0,0.0,0.05,0.05,0.0,0.0,0.05,-0.09609941606932396,-0.1575650577114328,0.10827578184263614
2023-02-03,-0.05,0.0,0.0,0.05,0.0,0.0,0.0,0.05,0.0,0.0,0.0,0.05,-0.06627202613294508,-0.06991631735462722,0.07485683628510906
2023-02-06,-0.05,0.0,0.0,0.05,0.0,0.05,0.0,0.05,0.0,0.0,0.0,0.05,-0.04083099005244535,-0.05621045960310653,-0.0026271262018670275
2023-02-07,-0.05,0.0,0.0,0.05,0.0,0.05,0.0,0.05,0.0,0.05,0.0,0.05,-0.08214923172921927,-0.07261715832453408,0.027928041843457114
2023-02-08,-0.05,0.0,0.0,0.05,0.0,0.05,0.0,0.05,0.0,0.05,0.0,0.05,-0.09470689858173888,-0.0648906213309702,0.027903539037487553
2023-02-09,-0.05,0.0,0.0,0.05,0.0,0.05,0.0,0.05,0.0,0.05,0.0,0.05,-0.10197061204098104,-0.04868449759212137,0.010479447979587633
2023-02-10,-0.05,0.0,0.0,0.05,0.05,0.05,0.0,0.05,0.0,0.05,0.0,0.05,-0.053591195172450645,-0.12465332723468445,-0.008087359952891848
2023-02-13,-0.05,0.0,0.0,0.05,0.05,0.05,0.0,0.05,0.0,0.05,0.0,0.05,-0.05597489356490297,-0.12164712429105216,-0.011018135061617678
2023-02-14,-0.05,0.0,0.0,0.05,0.05,0.0,0.0,0.05,0.0,0.05,0.0,0.05,-0.09071307702469972,-0.09205313006784283,0.023022677096018036
2023-02-15,-0.05,0.0,0.0,0.05,0.05,0.0,0.0,0.0,0.0,0.05,0.0,0.05,-0.06396570558916662,-0.07172766782816493,0.006769025884710064
2023-02-16,-0.05,0.0,0.0,0.05,0.05,0.0,0.0,0.0,0.0,0.05,0.0,0.05,-0.06543163332928598,-0.07469650443706748,0.011171515790607843
2023-02-17,-0.05,0.0,0.0,0.05,0.05,0.0,0.0,0.0,0.0,0.05,0.0,0.05,-0.0708366071687277,-0.06971978068976674,0.008151760812565915
2023-02-21,0.0,0.0,0.0,0.05,0.05,0.0,0.0,0.0,0.0,0.05,0.0,0.05,-0.05719093117988247,-0.12155529063278285,0.013149456438100286
2023-02-22,0.0,0.0,0.0,0.05,0.05,0.0,0.0,0.0,0.0,0.05,0.0,0.05,-0.0497699026190584,-0.11491955605036364,0.0034770052862873827
2023-02-23,0.0,0.0,0.0,0.0,0.05,0.0,0.0,0.0,0.0,0.05,0.0,0.05,-0.028871188900865763,-0.08596989123377473,-0.007413552987691929
2023-02-24,0.0,0.0,0.0,0.0,0.05,0.0,0.0,0.0,0.0,0.0,0.0,0.05,0.017701305698853365,-0.07383456033463072,-0.033160158451227065
2023-02-27,0.0,0.0,0.0,0.0,0.05,0.0,0.0,0.0,0.0,0.0,0.0,0.05,0.016951223322885945,-0.07300330367684954,-0.03307259278406337
2023-02-28,0.0,0.0,0.0,0.0,0.05,0.0,0.0,0.0,0.0,0.0,0.0,0.0,0.05372610861501857,-0.07601068309112813,-0.022722616994541506
2023-03-01,0.0,0.0,0.0,0.0,0.05,0.0,0.0,0.0,0.0,0.0,0.0,0.0,0.053905303100040686,-0.08187913065824566,-0.020045941323303666
2023-03-02,0.0,0.0,0.0,0.0,0.0,0.0,0.0,0.0,0.0,0.0,0.0,0.0,-0.0,-0.0,-0.0
2023-03-03,0.0,0.0,0.0,0.0,0.0,0.0,0.0,0.0,0.0,0.0,0.0,0.0,-0.0,-0.0,-0.0
2023-03-06,0.0,0.0,0.0,0.0,0.0,0.0,0.0,0.0,0.0,0.0,0.0,0.0,-0.0,-0.0,-0.0
2023-03-07,0.0,0.0,0.0,0.0,0.05,0.0,0.0,0.0,0.0,0.0,0.0,0.0,0.05057374683898928,-0.07699975755372535,-0.020708430893837376
2023-03-08,0.0,0.0,0.0,0.0,0.0,0.0,0.0,0.0,0.0,0.0,0.0,0.0,-0.0,-0.0,-0.0
2023-03-09,0.0,0.0,0.0,0.0,0.0,0.0,0.0,0.0,0.0,0.0,0.0,0.0,-0.0,-0.0,-0.0
2023-03-10,0.0,0.0,0.0,0.0,0.0,0.0,0.0,0.0,0.0,0.0,0.0,0.0,-0.0,-0.0,-0.0
2023-03-13,0.0,0.0,0.0,0.0,0.0,0.0,0.0,0.0,0.0,0.0,0.0,0.0,-0.0,-0.0,-0.0
2023-03-14,0.0,0.0,0.05,0.0,0.0,0.0,0.0,0.0,0.0,0.0,0.0,0.0,0.0931691632099203,-0.11715984232194734,-0.01940124812155638
2023-03-15,0.0,0.0,0.05,0.0,0.0,0.0,0.0,0.0,0.0,0.0,0.0,0.0,0.09305862996175494,-0.11652835861073077,-0.019896919169333428
2023-03-16,0.0,0.0,0.05,0.0,0.0,0.0,0.0,0.0,0.0,0.0,0.0,0.0,0.08961666599757226,-0.12798789604212601,-0.009469472354757761
2023-03-17,0.0,-0.05,0.05,0.0,-0.05,0.0,0.0,-0.05,0.0,0.0,0.0,0.0,0.02592821641283604,0.012525686379151349,0.022504254155697272
2023-03-20,0.0,-0.05,0.05,0.0,-0.05,0.0,0.0,-0.05,0.0,0.0,0.0,0.0,0.007742990852847092,0.02343998122228585,0.023776073276269148
2023-03-21,0.0,-0.05,0.05,0.0,-0.05,0.0,0.0,-0.05,0.0,0.0,0.0,0.0,-0.006586935875646908,0.027416289695860553,0.029913357471242207
2023-03-22,0.0,-0.05,0.05,0.0,0.0,0.0,0.0,-0.05,0.0,0.0,0.0,0.0,0.05360352509747883,-0.062191862621454756,0.008603739652364913
2023-03-23,0.0,-0.05,0.05,0.0,0.0,0.0,0.0,-0.05,0.0,0.0,0.0,0.0,0.05617175686569326,-0.06415049888101812,0.012105401884883023
2023-03-24,0.0,-0.05,0.05,0.0,0.0,0.0,0.0,-0.05,0.0,0.0,0.0,0.0,0.049791940860969566,-0.05730665825212198,0.010562385046107205
2023-03-27,0.0,-0.05,0.05,0.0,0.0,0.0,0.0,-0.05,0.0,0.0,0.0,0.0,0.039557655354083156,-0.0736772069173024,0.037212380547309215
2023-03-28,0.0,-0.05,0.05,0.0,0.0,0.0,0.0,-0.05,0.0,0.0,0.0,0.0,0.03533157388530836,-0.07556980235409695,0.04157487808877174
2023-03-29,0.0,-0.05,0.05,0.0,0.0,0.0,0.0,-0.05,0.0,0.0,0.0,0.0,0.034601354400583886,-0.07696594209000496,0.04270101664650136
2023-03-30,0.0,-0.05,0.05,0.0,0.0,0.0,0.0,-0.05,0.0,0.0,0.0,0.0,0.037327800731982476,-0.0725078069286327,0.03780792484275625
2023-03-31,0.0,-0.05,0.05,0.0,0.0,0.0,0.0,-0.05,0.0,0.0,0.0,0.0,0.03581345075321632,-0.06637654516638425,0.033967105549933777
2023-04-03,0.0,-0.05,0.05,0.0,0.05,0.0,0.0,-0.05,-0.05,0.0,0.0,0.0,0.13984043611568253,-0.09579155638711244,-0.02916781187944522
2023-04-04,0.0,-0.05,0.05,0.0,0.05,0.0,0.0,-0.05,-0.05,0.0,0.0,0.0,0.13826369635389668,-0.09450615190370681,-0.02892041945527965
2023-04-05,0.0,-0.05,0.05,0.0,0.05,0.0,0.0,-0.05,-0.05,0.0,0.0,0.0,0.1310225546069906,-0.10293207107355667,-0.018966861999978286
2023-04-06,0.0,0.0,0.05,0.0,0.05,0.0,0.0,-0.05,-0.05,0.0,0.0,0.0,0.15787299571300623,-0.131815540286638,-0.05264265526851587
2023-04-10,0.0,0.0,0.05,0.0,0.05,0.0,0.0,0.0,-0.05,-0.05,0.0,0.0,0.1797504878066733,-0.09595129151094,-0.10052066013744047
2023-04-11,0.0,0.0,0.05,0.0,0.0,0.0,0.05,0.0,-0.05,0.0,0.0,0.0,0.024888689337131405,-0.05667836574829905,-0.024484832691370324
2023-04-12,0.0,0.0,0.05,0.0,0.0,0.0,0.05,0.0,-0.05,0.0,0.0,0.0,0.02812799455248006,-0.055805462284499084,-0.027540048509394913
2023-04-13,0.0,0.0,0.05,0.0,0.0,0.0,0.05,0.0,0.0,0.0,0.0,0.0,0.02595081638097928,-0.14901394614200666,0.021607135455289334
2023-04-14,0.0,0.0,0.05,0.0,0.0,0.0,0.05,0.0,0.0,0.0,0.0,0.0,0.025649780752054593,-0.14712528648019518,0.022255522392002458
2023-04-17,0.0,0.0,0.05,0.0,0.0,0.0,0.05,0.0,0.0,0.0,0.0,0.0,0.02848778142079804,-0.14016665164067266,0.014705616883322612
2023-04-18,0.0,0.0,0.05,0.0,0.05,0.0,0.05,0.0,0.0,0.0,0.0,0.0,0.10545692898710415,-0.23517614977976406,-0.007469313933016404
2023-04-19,0.0,0.0,0.05,0.0,0.05,0.0,0.05,0.0,0.0,0.0,0.0,0.0,0.10531272649666562,-0.2364078468697628,-0.005791143289166396
2023-04-20,0.0,0.0,0.0,0.0,0.05,0.0,0.05,0.05,0.0,0.0,0.0,0.0,0.034963150372062386,-0.12907900654187643,-0.012173728406724467
2023-04-21,0.0,0.0,0.0,0.0,0.05,0.0,0.05,0.05,0.0,0.0,0.0,0.0,0.034437650658661424,-0.1303825462118462,-0.010848847826276653
2023-04-24,0.0,0.0,0.0,0.0,0.05,0.0,0.05,0.05,0.0,0.0,0.0,0.0,0.036056938327918835,-0.1284410220395015,-0.014053511972657157
2023-04-25,0.0,0.0,0.0,0.0,0.05,0.0,0.05,0.05,0.0,0.0,0.0,0.0,0.036171673339243725,-0.13159411421641648,-0.010227636650369933
2023-04-26,0.0,0.0,0.0,0.0,0.05,0.0,0.05,0.05,0.0,0.0,0.0,0.0,0.037151760288896246,-0.12919639931149013,-0.014142521912443227
2023-04-27,0.0,0.0,0.0,0.0,0.05,0.0,0.05,0.05,0.0,0.0,0.0,0.05,0.008459486164244611,-0.11861105121757512,-0.03687987282655989
2023-04-28,0.0,0.0,0.0,0.0,0.05,0.0,0.05,0.05,0.0,0.0,0.05,0.05,-0.0025166157480088483,-0.1773794931784886,-0.0012092462711501399
2023-05-01,0.0,0.0,0.0,0.0,0.05,0.0,0.05,0.05,0.0,0.0,0.05,0.05,-0.020622180561361933,-0.17092683466388559,0.01183422312009294
2023-05-02,0.0,0.0,0.0,0.0,0.05,0.0,0.05,0.05,0.0,0.0,0.05,0.05,-0.0013884206485363189,-0.1504638853317916,-0.028502753198933767
2023-05-03,0.0,0.0,0.0,0.0,0.05,0.0,0.05,0.05,0.0,0.0,0.0,0.05,0.0014508853601839025,-0.13764786916105123,-0.0018089046735492234
2023-05-04,0.0,0.0,0.0,0.0,0.05,0.0,0.05,0.05,0.0,0.0,0.0,0.05,-0.004194154552734183,-0.14400601689360482,0.006899597764731305
2023-05-05,0.0,0.0,0.0,0.0,0.05,0.05,0.05,0.05,0.0,0.0,0.0,0.05,-0.008835402355974886,-0.16446179130660896,-0.022794065385965415
2023-05-08,-0.05,0.0,0.0,0.0,0.05,0.05,0.05,0.05,0.0,0.0,0.0,0.05,0.0011903115687915064,-0.16630579718955354,0.010814253951846962
2023-05-09,-0.05,0.0,0.0,0.0,0.0,0.05,0.05,0.05,0.0,0.0,0.0,0.05,-0.07098066061482508,-0.07812806191537766,0.028977177642786192
2023-05-10,0.0,0.0,0.0,0.0,0.0,0.05,0.05,0.05,0.0,0.0,0.0,0.05,-0.09848568611561659,-0.09295396170909986,0.02875376153074538
2023-05-11,0.0,0.0,0.0,0.0,0.0,0.05,0.05,0.05,0.0,0.0,0.0,0.05,-0.09912504913961878,-0.09318166914522602,0.029219883526659496
2023-05-12,0.0,0.0,0.0,0.0,0.0,0.05,0.05,0.05,0.0,0.0,0.0,0.0,-0.07826313806068577,-0.07466749283535135,0.024370046649706427
2023-05-15,0.0,0.0,0.0,0.0,0.0,0.05,0.05,0.0,0.0,0.0,0.0,0.0,-0.048278148305358995,-0.052843587404139095,-0.0029027777301528666
2023-05-16,0.0,0.0,0.0,0.0,0.0,0.05,0.05,0.0,0.0,0.0,0.0,0.0,-0.04887671308629614,-0.05681064833523991,0.0014274703857028578
2023-05-17,0.0,0.0,0.0,0.0,0.0,0.05,0.05,0.0,0.0,0.0,0.0,0.0,-0.04829789008626655,-0.05019161496094679,-0.004922623810581124
2023-05-18,0.05,0.0,0.0,0.0,0.0,0.05,0.0,0.0,0.05,0.0,0.0,0.0,-0.02833444750756282,-0.09778743305913179,-0.007545392315237525
2023-05-19,0.05,0.0,0.0,0.0,0.0,0.05,0.0,0.0,0.05,-0.05,0.0,0.0,0.0020611523706137464,-0.0756394321538179,-0.02808955044424425
2023-05-22,0.05,0.0,0.0,0.0,0.0,0.0,0.0,0.0,0.05,-0.05,0.0,0.0,0.025641985030292372,-0.07689658984446587,0.009775976963881838
2023-05-23,0.05,0.0,0.0,0.0,0.0,0.0,0.0,0.0,0.05,-0.05,0.0,0.0,0.024987229272484996,-0.07470477417666689,0.009270737605750637
2023-05-24,0.05,0.0,0.0,0.0,-0.05,0.0,0.0,0.0,0.05,0.0,0.0,0.0,-0.08530262440612163,-0.02427116105940822,0.06796561241752558
2023-05-25,0.05,0.0,0.0,0.0,-0.05,0.0,0.0,0.0,0.05,0.0,0.0,0.0,-0.08639455021156907,-0.02568045988314886,0.0698884237094073
2023-05-26,0.05,0.0,-0.05,0.0,-0.05,0.0,0.0,0.0,0.05,-0.05,0.0,0.0,-0.13502129258413692,0.27972355995626474,-0.09522199505334691
2023-05-30,0.05,0.05,-0.05,0.0,-0.05,0.0,0.0,0.0,0.05,-0.05,0.0,0.0,-0.06730362299870629,0.23876266441666447,-0.15166885772398264
2023-05-31,0.05,0.05,-0.05,0.0,-0.05,0.0,0.0,0.0,0.05,-0.05,0.0,0.0,-0.06370655600072997,0.23834479085302773,-0.1521470911029839
2023-06-01,0.05,0.05,-0.05,0.0,0.0,0.0,0.0,0.0,0.05,-0.05,0.0,0.0,0.027311949323189484,0.17976729590931284,-0.21479524959684054
2023-06-02,0.05,0.05,-0.05,0.0,0.0,0.0,0.0,0.0,0.05,-0.05,0.0,0.0,0.03278133396908949,0.17645217123445678,-0.21240237648157212
2023-06-05,0.05,0.05,-0.05,0.0,0.0,0.0,0.0,0.0,0.05,-0.05,0.0,0.0,0.022636718157433507,0.1767179841969566,-0.2059989355253138
2023-06-06,0.05,0.05,-0.05,0.0,0.0,0.0,0.0,0.0,0.05,-0.05,0.0,0.0,0.0032379928172498133,0.15920744776732537,-0.18174266671790745
2023-06-07,0.05,0.05,-0.05,0.0,-0.05,0.0,0.0,0.0,0.05,-0.05,0.0,0.0,-0.08457121184956483,0.23395091187657713,-0.1382644731893776
2023-06-08,0.05,0.05,-0.05,0.0,-0.05,0.0,0.0,0.0,0.05,-0.05,0.0,0.0,-0.11037261213073235,0.21374403595217722,-0.09259840025775526
2023-06-09,0.05,0.05,-0.05,0.0,-0.05,0.0,0.0,0.0,0.05,-0.05,0.0,0.0,-0.11187507275326661,0.21107465953711835,-0.08746660111349433
2023-06-12,0.05,0.05,-0.05,0.0,-0.05,0.0,0.0,0.0,0.05,-0.05,0.0,0.0,-0.12697529115717932,0.20000527586958383,-0.06471629455229458
2023-06-13,0.05,0.0,0.0,0.0,-0.05,0.0,0.0,0.0,0.0,-0.05,0.0,0.0,-0.10170409930654255,0.11087262662164585,0.009094032375114192
2023-06-14,0.0,0.0,-0.05,0.0,0.0,0.0,0.0,0.0,0.0,-0.05,-0.05,0.0,-0.005101722814341625,0.24883109203870832,-0.11228997202153418
2023-06-15,0.0,0.0,-0.05,0.0,0.0,0.0,0.0,0.0,0.0,0.0,-0.05,0.0,-0.015469508684756043,0.21655487053140593,-0.10102677087674156
2023-06-16,0.0,0.0,-0.05,0.0,0.0,0.0,0.0,0.0,0.0,0.0,-0.05,0.0,-0.02721082422916454,0.22470253996575723,-0.10602542511524815
2023-06-20,0.0,0.0,-0.05,0.0,0.0,0.0,0.0,0.0,0.0,0.0,-0.05,0.0,-0.02854264778075651,0.22140439231954118,-0.10219928956317553
2023-06-21,0.0,0.0,-0.05,0.0,0.0,0.0,0.0,-0.05,0.0,0.0,-0.05,0.0,-0.008135434196986832,0.22942917756182857,-0.10232981807704497
2023-06-22,0.0,0.0,-0.05,0.0,0.0,0.0,0.0,-0.05,0.0,0.0,-0.05,0.0,-0.010654546077511736,0.22890151704240072,-0.09897545913135541
2023-06-23,0.0,0.0,-0.05,0.0,0.05,0.0,0.0,-0.05,0.0,0.0,-0.05,0.0,0.08763903968497688,0.14239804682701437,-0.1363207127309247
2023-06-26,0.0,0.0,-0.05,0.0,0.05,0.0,0.0,-0.05,0.0,0.0,0.0,0.0,0.05718417859025772,0.09125408503891352,-0.10395179605269486
2023-06-27,0.0,0.0,-0.05,0.0,0.05,0.0,0.0,-0.05,0.0,0.0,-0.05,0.0,0.08829983757774545,0.14096014323874512,-0.1330166565763235
2023-06-28,0.0,0.0,0.0,0.0,0.05,0.0,0.0,-0.05,0.0,0.0,-0.05,-0.05,0.20980144849844723,0.02978434845205912,-0.13234305763572912
2023-06-29,0.0,0.0,0.0,0.0,0.05,0.0,0.0,-0.05,0.0,0.0,-0.05,-0.05,0.21031883339739843,0.030750447341624573,-0.13362893012301527
2023-06-30,0.0,0.0,0.0,0.0,0.05,0.0,0.0,-0.05,0.0,0.0,-0.05,-0.05,0.217871439556537,0.030161209369426123,-0.13844033315139284
2023-07-03,0.0,0.0,0.0,0.0,0.05,0.0,0.0,-0.05,0.0,0.0,-0.05,-0.05,0.21476840880573894,0.02917757087066039,-0.13641179751352644
2023-07-05,0.0,0.0,0.0,0.0,0.05,0.0,0.0,-0.05,0.0,0.0,-0.05,-0.05,0.2117019958218279,0.029656452883352856,-0.1338754070062504
2023-07-06,0.0,0.0,0.0,0.0,0.0,0.0,0.0,-0.05,0.0,0.0,-0.05,-0.05,0.11959344728811369,0.11944133090530132,-0.10341226318840277
2023-07-07,0.0,0.0,0.0,0.0,0.0,0.0,0.0,-0.05,0.0,0.0,-0.05,-0.05,0.11979471136359282,0.11495489886453245,-0.09746249904174073
2023-07-10,0.0,0.0,0.0,0.0,0.0,0.0,0.0,-0.05,0.0,0.0,-0.05,-0.05,0.11969266800915289,0.11452029754899137,-0.09745817373792054
2023-07-11,0.0,0.0,0.0,0.0,0.0,0.0,0.0,-0.05,0.0,0.0,-0.05,-0.05,0.1294429639906638,0.1263510903544832,-0.11952505008244423
2023-07-12,0.0,0.0,0.0,0.0,0.0,0.0,0.0,-0.05,0.0,0.0,-0.05,-0.05,0.1300004526676832,0.12513732745222317,-0.11735954056227356
2023-07-13,0.0,0.0,0.0,0.0,0.0,0.0,0.0,0.0,0.0,0.0,-0.05,-0.05,0.09933381226214727,0.10745470022306104,-0.09933880982936916
2023-07-14,0.0,0.0,0.0,0.0,0.0,0.0,0.0,0.0,0.0,0.0,0.0,-0.05,0.054264577828435974,0.043988914185266514,-0.04482935059321091
2023-07-17,0.0,0.0,0.0,0.0,0.0,0.0,0.0,0.0,0.0,0.0,0.0,-0.05,0.05434227549935622,0.04458602967017711,-0.04538516204445843
2023-07-18,0.0,0.0,0.0,0.0,0.0,0.0,0.0,0.0,0.0,0.0,0.0,-0.05,0.05412256014162729,0.044244434855461395,-0.04490749319961154
2023-07-19,0.0,0.0,0.0,0.0,0.0,0.0,0.0,0.0,0.0,0.0,0.0,-0.05,0.05260651964049191,0.04226561259859192,-0.041795006625698364
2023-07-20,0.0,0.0,0.0,0.0,0.0,0.0,0.0,0.0,0.0,0.0,0.0,-0.05,0.052528494905883294,0.0436708505899609,-0.043174866767354526
2023-07-21,0.0,0.0,0.0,0.0,0.0,0.0,0.0,0.0,0.0,0.0,0.0,-0.05,0.04837181341785446,0.04085864914247202,-0.03594615444301728
2023-07-24,0.0,0.0,0.0,0.0,0.0,0.0,0.0,0.0,0.0,0.0,0.0,-0.05,0.04826960789393664,0.04303288501268125,-0.04025191007139157
2023-07-25,0.0,0.0,0.0,0.0,0.0,0.0,0.0,0.0,0.0,0.0,0.0,-0.05,0.031078034571707415,0.06020699769578205,-0.04728443324494795
2023-07-26,0.0,0.0,0.0,0.0,0.0,0.0,0.0,0.0,0.0,0.0,0.0,-0.05,0.03414669133663731,0.05537652821333392,-0.042294576988443335
2023-07-27,0.0,0.0,0.0,0.0,0.0,0.0,0.0,0.0,0.0,0.0,0.0,0.0,-0.0,-0.0,-0.0
2023-07-28,0.0,0.0,0.0,0.0,0.0,0.0,0.0,0.0,0.0,0.0,0.0,0.0,-0.0,-0.0,-0.0
2023-07-31,0.0,0.0,0.0,0.0,0.0,0.0,0.0,0.0,-0.05,0.0,0.0,0.0,0.011116799149011916,0.014539372262365971,0.009062997923452939
2023-08-01,0.0,0.0,0.0,0.0,0.0,0.0,0.0,0.0,-0.05,0.0,0.0,0.0,0.015162429542791693,0.01288008210127051,0.011198432981399975
2023-08-02,0.0,0.0,0.0,0.0,0.0,0.0,0.0,0.0,-0.05,0.0,0.0,0.0,0.022335846874395496,0.013480925060090177,0.007530074362379608
2023-08-03,0.0,0.0,0.0,0.0,0.0,0.0,0.0,0.0,-0.05,0.0,0.0,0.0,0.03675011227974404,0.01710003982686276,0.001895362253555665
2023-08-04,0.0,0.0,0.0,0.0,0.0,0.0,0.0,0.0,-0.05,0.0,0.0,0.0,0.034205942835432684,0.01458815984526917,0.005487865877764007
2023-08-07,0.05,0.0,0.0,0.0,0.0,0.0,0.0,0.0,-0.05,0.0,0.0,0.0,0.0211210708952258,-0.006814440243692673,0.007759041738212052
2023-08-08,0.0,0.0,-0.05,0.0,0.0,0.0,0.0,-0.05,-0.05,0.0,0.0,0.0,-0.03628052206768041,0.13961590427407292,0.016405705396061503
2023-08-09,0.05,0.0,-0.05,0.0,0.0,0.0,0.0,-0.05,-0.05,0.0,0.0,0.0,-0.05254454342830074,0.10230284425735464,0.04064016944287453
2023-08-10,0.05,0.0,-0.05,0.0,0.0,0.0,0.05,-0.05,-0.05,0.0,0.0,0.0,-0.03177243219023315,0.13114803248627288,-0.03003930794867195
2023-08-11,0.05,0.0,0.0,0.0,0.0,0.0,0.05,-0.05,-0.05,0.0,0.0,0.0,0.05944509015101099,0.029727600799675943,-0.06623456615486253
2023-08-14,0.05,0.0,0.0,0.0,0.0,0.0,0.05,-0.05,-0.05,0.0,0.0,0.0,0.04945822516227265,0.03059367436324401,-0.0619538551552608
2023-08-15,0.05,0.0,0.0,0.0,0.0,0.0,0.05,-0.05,-0.05,0.0,0.0,0.0,0.06243587565367157,0.02984883032727733,-0.06653520333928918
2023-08-16,0.05,0.0,0.0,0.05,0.0,0.0,0.05,-0.05,-0.05,0.0,0.0,0.0,0.07351109501079853,-0.06613132645949185,-0.025933426690551434
2023-08-17,0.0,-0.05,-0.05,0.05,0.0,0.0,0.05,-0.05,0.0,0.0,0.0,0.0,-0.05609107225747893,0.08989147692176422,0.0035941516469139775
2023-08-18,0.0,-0.05,-0.05,0.05,0.0,0.0,0.05,-0.05,0.0,0.0,0.0,0.0,-0.06152930439504112,0.09512433348796764,-0.0022610395475767438
2023-08-21,0.0,-0.05,-0.05,0.05,0.0,0.0,0.05,-0.05,0.0,0.0,0.0,0.0,-0.06549540321474467,0.09368561116953154,0.0005410929134683912
2023-08-22,0.0,-0.05,-0.05,0.05,0.0,0.0,0.0,-0.05,0.0,0.0,0.0,0.0,-0.09200972246078934,0.06559001171791329,0.07455210536508705
2023-08-23,0.0,-0.05,-0.05,0.05,0.0,0.0,0.0,-0.05,0.0,0.0,0.0,0.0,-0.042431153161113275,-0.01409362169754681,0.11311549138043693
2023-08-24,0.0,-0.05,-0.05,0.05,0.0,0.0,0.0,0.0,0.0,0.0,0.0,0.0,-0.08069649721165556,-0.024390182570695515,0.15050863289865773
2023-08-25,0.0,-0.05,-0.05,0.05,0.0,0.05,0.0,0.0,0.0,0.0,0.0,0.0,-0.08355761287675977,-0.06401561411606012,0.1347428960674184
2023-08-28,0.0,-0.05,-0.05,0.05,0.0,0.05,0.0,0.0,0.0,0.0,0.0,0.0,-0.10055825097605381,-0.07544182620345825,0.15191970436357888
2023-08-29,0.0,-0.05,-0.05,0.05,0.0,0.05,0.0,0.0,0.0,0.0,0.0,0.0,-0.1119655468683454,-0.06977192914959905,0.14875431210221585
2023-08-30,0.0,-0.05,-0.05,0.05,0.0,0.05,0.0,0.0,0.0,0.0,0.0,0.0,-0.08904271854214725,-0.07500210555104143,0.14173930813760285
2023-08-31,0.0,0.0,-0.05,0.05,0.0,0.05,0.0,0.0,0.0,0.0,0.0,0.0,-0.07924539688555621,-0.10536176292148497,0.12425766735039336
2023-09-01,0.0,0.0,0.0,0.05,0.0,0.05,0.0,0.0,0.0,0.0,0.0,0.0,0.02284801834678776,-0.1297391855218556,0.021950000059433455
2023-09-05,0.0,0.0,0.0,0.05,0.0,0.05,0.0,0.0,0.0,0.0,0.0,0.0,0.03658316860687692,-0.11609900541806145,-0.0013307660971842302
2023-09-06,0.0,0.0,0.0,0.0,0.0,0.05,0.0,0.0,0.0,0.0,0.0,0.05,-0.021522257459911792,-0.12480171352722477,0.05513623189591152
2023-09-07,0.0,-0.05,0.0,0.0,0.0,0.05,0.0,0.0,-0.05,0.0,0.0,0.05,-0.033864360019206355,-0.04601249102016357,0.08311462719693875
2023-09-08,0.0,-0.05,0.0,0.0,0.0,0.0,0.0,0.0,-0.05,0.0,0.05,0.05,-0.034946594352375224,-0.08202747010753136,0.12090607793278994
2023-09-11,0.0,-0.05,0.05,0.0,0.0,0.0,0.0,0.0,-0.05,-0.05,0.05,0.05,0.07349913959439361,-0.05303870312568934,-0.007510135396804351
2023-09-12,0.0,-0.05,0.05,0.0,0.0,0.0,0.0,0.0,-0.05,-0.05,0.05,0.05,0.09772570635794978,-0.06326774696763546,-0.015891272983883143
2023-09-13,0.0,-0.05,0.05,0.0,0.0,0.05,0.0,0.0,-0.05,0.0,0.0,0.0,0.08245363915051873,-0.0232073854036334,-0.04420644994166298
2023-09-14,0.0,-0.05,0.05,0.0,0.0,0.05,0.0,0.0,-0.05,0.05,0.0,0.0,0.08707819971357025,-0.10395091847547178,-0.0058498796420986005
2023-09-15,0.0,-0.05,0.05,0.0,0.0,0.05,0.0,0.0,-0.05,0.05,0.0,0.0,0.07058007497761991,-0.11447352426586391,0.013216098935419635
2023-09-18,0.0,-0.05,0.05,0.0,0.0,0.05,0.0,0.0,-0.05,0.05,0.0,0.0,0.0863954578851554,-0.11833839756117565,0.0005348827969378408
2023-09-19,0.0,-0.05,0.05,0.0,0.0,0.05,0.0,0.0,-0.05,0.05,0.0,0.0,0.10113830411710971,-0.10988446782024822,-0.02005885783498282
2023-09-20,0.0,-0.05,0.05,0.0,0.0,0.05,0.0,0.0,0.0,0.05,0.0,0.0,0.07849307250204465,-0.10850549448830413,-0.05709922652205572
2023-09-21,0.0,0.0,0.05,0.0,0.0,0.05,0.0,0.0,0.0,0.05,0.0,0.0,0.08857324618187296,-0.14416582193389232,-0.06317149013467836
2023-09-22,0.0,0.0,0.05,0.0,0.0,0.05,0.0,0.0,0.0,0.05,0.0,0.0,0.06411811481750648,-0.13729326703150757,-0.06285152854736735
2023-09-25,0.0,0.0,0.05,0.0,0.0,0.05,0.0,0.0,0.0,0.05,0.0,0.0,0.06642524393777968,-0.13397795701591858,-0.068348691194067
2023-09-26,0.0,0.0,0.05,0.0,0.0,0.05,0.0,0.0,0.0,0.05,0.0,0.0,0.07202160595533202,-0.13248465185179328,-0.07321305983396925
2023-09-27,0.0,0.0,0.05,0.0,0.0,0.05,0.0,0.0,0.0,0.05,0.0,-0.05,0.08977437364901131,-0.05937924505449223,-0.1242995823704294
2023-09-28,0.0,0.0,0.05,0.0,0.0,0.05,0.0,0.0,0.0,0.05,0.0,-0.05,0.08968875692935571,-0.05422897130673797,-0.12976750755010663
2023-09-29,0.0,0.0,0.05,0.0,-0.05,0.05,0.0,0.0,0.0,0.05,0.0,-0.05,0.04155299973145584,-0.02221150834692756,-0.05965171240544
2023-10-02,0.0,0.0,0.05,0.0,-0.05,0.05,0.0,0.0,0.0,0.05,0.0,-0.05,0.044974766453364894,-0.02547663030033434,-0.05826218083577371
2023-10-03,0.0,0.0,0.05,0.0,-0.05,0.05,0.0,0.0,0.0,0.05,0.0,-0.05,0.05527889231531226,-0.028716947527658254,-0.06305098158693943
2023-10-04,0.0,0.0,0.05,0.0,-0.05,0.05,0.0,0.0,0.0,0.05,0.0,-0.05,0.04717695706529762,-0.032572189656103874,-0.055000011092428434
2023-10-05,0.0,0.0,0.05,0.0,-0.05,0.05,0.0,0.0,0.0,0.05,0.0,0.0,0.05323977460645736,-0.1072520160453716,-0.013945499637776252
2023-10-06,0.0,0.0,0.05,0.0,-0.05,0.05,0.0,0.0,0.0,0.05,0.0,0.0,0.04748950001553716,-0.11422528486386024,-0.003325017832877376
2023-10-09,0.0,0.0,0.05,0.0,-0.05,0.0,0.0,0.05,0.0,0.05,0.0,0.0,-0.0059933664731517886,-0.10436937414167467,0.0647082406607272
2023-10-10,0.0,0.0,0.05,0.0,-0.05,0.0,0.0,0.05,0.0,0.05,0.0,0.0,-0.004174898280414707,-0.1031511338161401,0.06238944726812523
2023-10-11,0.0,0.0,0.05,0.0,-0.05,0.0,0.0,0.05,0.0,0.05,0.0,0.0,0.0002976274639074966,-0.10830068788781115,0.06431821689008269
2023-10-12,0.0,0.0,0.05,0.0,0.0,0.0,0.0,0.05,0.0,0.05,0.0,0.0,0.03989226721840996,-0.12423042940565396,-0.01950468752959946
2023-10-13,0.0,0.0,0.05,0.0,0.0,0.0,0.0,0.05,0.0,0.05,0.0,0.05,0.03205498282711541,-0.1795300343373907,0.008705435686143403
2023-10-16,0.0,0.0,0.05,0.0,0.0,0.0,0.0,0.05,0.0,0.05,0.0,0.05,0.03701094305515776,-0.1766627625085916,0.001896742816476055
2023-10-17,0.0,0.0,0.05,0.0,0.0,0.0,0.0,0.05,0.0,0.05,0.0,0.05,0.043078781124340784,-0.17196066145463226,-0.007612686003265399
2023-10-18,0.0,0.0,0.05,0.0,0.0,0.0,0.0,0.05,0.0,0.05,0.0,0.05,0.05692424478002983,-0.1703871960544015,-0.01892691988729899
2023-10-19,0.0,0.0,0.0,0.0,0.0,0.0,0.0,0.05,0.0,0.05,0.0,0.05,-0.04590836657405362,-0.15187117018880095,0.09581297608743938
2023-10-20,0.0,0.0,0.0,0.0,0.0,0.0,-0.05,0.05,0.0,0.05,0.0,0.05,-0.01578521667808829,-0.09988490679945788,0.05447951460859975
2023-10-23,0.0,0.0,0.0,0.0,0.0,0.0,-0.05,0.05,0.0,0.05,0.0,0.05,-0.0356525627834718,-0.10818467873528945,0.07350143338363777
2023-10-24,0.0,0.0,0.0,0.0,0.0,0.0,0.0,0.05,0.0,0.05,0.0,0.05,-0.0584421819570579,-0.12088547912464923,0.06476433091142121
2023-10-25,-0.05,0.0,0.0,0.0,0.0,0.0,0.0,0.05,0.0,0.05,0.0,0.05,-0.03053617803281812,-0.024681160197350428,-0.021534555048389973
2023-10-26,0.0,0.0,0.0,0.0,0.0,0.0,0.0,0.05,0.05,0.05,0.0,0.0,-0.02911810070300705,-0.05011338114064401,-0.0413613172480799
2023-10-27,0.0,-0.05,0.0,0.0,0.0,0.0,0.0,0.0,0.05,0.05,0.0,0.0,0.0026707210778375134,0.008714686704488502,-0.06764215630039543
2023-10-30,0.0,-0.05,0.0,0.0,0.0,0.0,0.0,0.0,0.0,0.05,-0.05,0.0,-0.0065520965027527946,-0.02961563855289931,0.05264185837882794
2023-10-31,0.0,0.0,0.0,0.0,0.0,0.0,0.0,0.0,0.0,0.05,-0.05,0.0,-0.0016277535939978973,-0.07893942860957966,0.06638722744866989
2023-11-01,0.0,0.0,0.0,0.0,0.0,0.0,0.0,0.0,-0.05,0.05,-0.05,0.0,-0.028300558362337094,-0.11490388755828757,0.16891908893963808
2023-11-02,0.0,0.0,0.0,0.0,-0.05,0.0,0.0,0.0,-0.05,0.05,-0.05,0.0,-0.058643412015870214,-0.09077075238650126,0.24140073908858545
2023-11-03,0.0,0.0,0.0,0.0,-0.05,0.0,0.0,0.0,-0.05,0.05,-0.05,0.0,-0.054015036311234436,-0.09243448206927905,0.23981395746548337
2023-11-06,0.0,0.0,0.0,0.0,-0.05,0.0,0.0,0.0,-0.05,0.05,0.0,0.0,-0.07149630808285976,-0.0883535527657424,0.21005386994560565
2023-11-07,0.0,0.0,0.0,0.0,-0.05,0.0,0.0,0.0,-0.05,0.05,0.0,0.0,-0.07007704500429128,-0.09209710286109961,0.21205556226181466
2023-11-08,0.0,0.0,0.0,0.0,-0.05,0.0,0.0,0.0,-0.05,0.05,0.0,0.0,-0.07088767940139952,-0.09827313589541918,0.21795108119037596
2023-11-09,0.0,0.0,0.0,0.0,-0.05,0.0,0.0,0.0,0.0,0.05,0.0,0.0,-0.03170654063622917,-0.08031435708875312,0.12684987686632038
2023-11-10,0.0,0.0,0.0,0.0,-0.05,0.0,0.0,0.0,0.0,0.05,0.0,0.0,-0.03205878665243233,-0.0789021863657497,0.12461519040057646
2023-11-13,0.0,0.0,0.0,-0.05,-0.05,0.0,0.0,0.0,0.0,0.05,0.0,0.0,-0.0913321663263405,-0.05844779726660636,0.2018769997891482
2023-11-14,0.0,0.0,0.0,-0.05,-0.05,0.0,0.0,0.0,0.0,0.05,0.0,0.0,-0.0954936721292391,-0.05258747943067192,0.1997436851309895
2023-11-15,0.0,0.0,0.0,-0.05,-0.05,0.0,0.0,0.0,0.0,0.05,0.0,0.0,-0.08569877474263174,-0.05627839330835046,0.1939754375760695
2023-11-16,0.0,0.0,0.0,-0.05,0.0,0.05,0.0,0.0,0.0,0.05,0.0,0.0,-0.030634854432437436,-0.11357138528180272,0.08914742193778488
2023-11-17,0.0,0.0,0.0,-0.05,0.0,0.05,0.0,0.0,-0.05,0.05,0.0,0.0,-0.07935975253364522,-0.13268089453641793,0.18393221189517672
2023-11-20,0.0,0.0,0.0,-0.05,0.0,0.05,0.0,0.0,-0.05,0.05,0.0,0.0,-0.07820611209952004,-0.1346052147614954,0.18481724990662768
2023-11-21,0.0,0.0,0.0,-0.05,0.0,0.05,0.0,0.0,-0.05,0.05,0.0,0.0,-0.07439095624437546,-0.1287124885379919,0.1779519789693781
2023-11-22,0.0,0.0,0.0,-0.05,0.0,0.05,0.0,0.0,-0.05,0.05,0.0,0.0,-0.08184799654452027,-0.1228368596049934,0.17897356525735197
2023-11-24,0.0,0.0,0.0,0.0,0.0,0.05,0.0,0.0,-0.05,0.05,0.0,0.0,-0.028559134024769346,-0.13175808313711407,0.09763711736186056
2023-11-27,0.0,0.0,0.0,0.0,0.0,0.05,0.0,0.0,-0.05,0.0,0.0,0.0,-0.04351683810753175,-0.051714635699876804,0.07172043921125487
2023-11-28,0.0,0.0,0.0,0.0,0.0,0.05,0.0,0.0,-0.05,0.0,0.0,0.0,-0.04658814124053279,-0.05101466996976249,0.07345584898577234
2023-11-29,0.0,0.0,0.0,0.0,0.0,0.05,0.0,0.0,-0.05,0.0,0.0,0.0,-0.05843169204542442,-0.06199489480988495,0.09311350472100136
2023-11-30,0.0,0.0,0.0,0.0,0.0,0.05,-0.05,0.0,-0.05,0.0,0.0,0.0,-0.034698184215590025,-0.057060366013601184,0.10466816334500996
2023-12-01,0.0,0.0,0.05,0.0,0.0,0.05,0.0,0.0,-0.05,0.0,0.0,0.0,0.014905085838322039,-0.06668563569546279,-0.014163966190961351
2023-12-04,0.0,0.0,0.05,0.0,0.0,0.05,0.0,0.0,-0.05,0.0,0.0,0.0,0.0041060100599739704,-0.05374482177709146,-0.017857566178358437
2023-12-05,0.0,0.0,0.05,0.0,0.0,0.05,0.0,0.0,-0.05,0.0,0.0,0.0,0.0018150989796575472,-0.050099387146619184,-0.018816927570903138
2023-12-06,0.0,0.0,0.05,0.05,0.0,0.05,0.0,0.0,0.0,0.0,0.0,0.0,0.1180297313993954,-0.04569470320002496,-0.2066908212366051
2023-12-07,0.0,0.0,0.05,0.05,0.0,0.05,0.0,0.0,0.0,0.0,0.0,0.0,0.11848270971370903,-0.05142223053681334,-0.20222153146833183
2023-12-08,0.0,0.0,0.05,0.05,-0.05,0.05,0.0,0.0,0.0,0.0,0.0,0.0,0.032138392432415744,-0.06677178612709263,-0.04871011514314436
2023-12-11,0.0,0.0,0.05,0.05,-0.05,0.05,0.0,0.0,0.0,0.0,0.0,0.0,0.03304748813724118,-0.07575891800180504,-0.04055068381832526
2023-12-12,0.0,0.05,0.05,0.0,-0.05,0.05,0.0,0.0,0.0,0.0,0.0,0.0,-0.00387313246209918,-0.1549653194622655,0.08533397103783023
2023-12-13,0.0,0.05,0.05,-0.05,-0.05,0.05,0.0,0.0,0.0,0.05,0.0,0.0,-0.09155850863043088,-0.21020000122771543,0.2270911347767668
2023-12-14,0.0,0.05,0.05,-0.05,-0.05,0.05,0.0,0.0,0.0,0.05,0.0,0.0,-0.0916501617749592,-0.2092106622747383,0.22585264405539246
2023-12-15,0.0,0.05,0.05,-0.05,-0.05,0.0,0.0,0.0,0.0,0.05,0.0,-0.05,-0.05131798059759416,-0.23590259474508207,0.29934377964033543
2023-12-18,0.0,0.05,0.05,0.0,-0.05,0.0,0.0,0.0,0.0,0.05,0.0,-0.05,0.02846986092602931,-0.23664536278613918,0.1866855606659439
2023-12-19,0.0,0.05,0.05,0.0,0.0,0.0,0.0,0.0,0.0,0.05,0.0,-0.05,0.10031527823892414,-0.2026442503404473,0.02851374759310002
2023-12-20,0.0,0.05,0.05,0.0,0.0,0.0,0.0,0.0,0.0,0.05,0.0,-0.05,0.10043412948235703,-0.20351043560508197,0.029342815775862313
2023-12-21,0.0,0.05,0.05,0.0,0.0,0.0,0.0,0.0,0.0,0.05,0.0,-0.05,0.09610397174878602,-0.2091894273507306,0.03629208519387418
2023-12-22,0.0,0.05,0.05,0.0,0.0,0.0,0.0,0.0,0.0,0.05,0.0,-0.05,0.09426175557542742,-0.2104270608725272,0.03820428043001918
2023-12-26,0.0,0.05,0.05,0.0,0.0,0.0,0.0,0.0,0.0,0.05,0.0,-0.05,0.09384419340249829,-0.21212279993698968,0.04060234758703674
2023-12-27,0.0,0.05,0.05,0.0,0.0,0.0,0.0,0.0,0.0,0.05,0.0,-0.05,0.09455353440022386,-0.21430452101193678,0.042365099772378616
2023-12-28,0.0,0.05,0.05,0.0,0.0,0.0,0.0,0.0,0.0,0.05,0.0,-0.05,0.09367340423655746,-0.21289015666939015,0.041784420400959664
2023-12-29,0.0,0.05,0.05,0.0,-0.05,0.0,0.0,0.0,0.0,0.05,0.0,-0.05,0.005717509015888033,-0.21263143003665746,0.1823768461230426
2024-01-02,0.0,0.05,0.0,0.0,-0.05,0.0,0.0,0.0,0.0,0.05,0.0,-0.05,-0.044177675006446614,-0.19316777526843412,0.2631910362515173
2024-01-03,0.05,0.0,0.0,0.0,-0.05,0.0,0.0,0.0,0.0,0.0,0.0,-0.05,-0.047151917826438974,-0.07387304281383193,0.18240941339291203
2024-01-04,0.05,0.0,0.0,0.0,-0.05,0.0,0.0,0.0,0.0,0.0,0.0,0.0,-0.09127632527807,-0.04245722212398905,0.15253284901247208
2024-01-05,0.05,0.0,-0.05,0.0,-0.05,0.0,0.0,0.0,0.0,0.0,0.0,0.0,-0.13440302501514756,-0.04330460957859267,0.24398545327095034
2024-01-08,0.05,0.0,-0.05,0.0,-0.05,0.0,0.0,0.0,0.0,0.0,0.0,0.0,-0.13501909572730983,-0.04356908257840241,0.24422258648915307
2024-01-09,0.05,0.0,-0.05,0.0,-0.05,0.0,0.0,0.0,0.0,0.0,0.05,0.0,-0.1466744197390437,-0.03090088687285661,0.19867546318029264
2024-01-10,0.05,0.0,-0.05,0.0,-0.05,0.0,0.0,0.0,0.0,0.0,0.05,0.0,-0.15278968285803196,-0.030725135595091175,0.2026413685601472
2024-01-11,0.05,0.0,-0.05,0.0,-0.05,0.0,0.0,0.0,0.0,0.0,0.05,0.0,-0.1530929390009745,-0.029484551265838363,0.20215931913004112
2024-01-12,0.05,0.0,0.0,0.0,0.0,0.0,0.0,0.0,0.0,0.0,0.05,0.0,-0.01757785249676166,-0.04400183060086264,-0.022495550842361375
2024-01-16,0.05,0.0,0.0,0.0,0.0,0.0,0.0,0.0,0.0,0.0,0.05,0.0,-0.015997633056334715,-0.04617712938225838,-0.02189270893465865
2024-01-17,0.0,0.0,0.0,0.0,-0.05,0.0,0.0,0.0,0.0,0.0,0.05,0.0,-0.1280870992611276,0.014946503545047698,0.10721292558086196
2024-01-18,0.0,0.0,0.0,0.0,-0.05,0.0,0.0,0.0,0.0,0.0,0.05,0.0,-0.13130081528391602,0.01571486659840674,0.10740544028923338
2024-01-19,0.05,0.0,0.0,0.0,-0.05,0.0,0.0,0.0,0.05,0.0,0.05,0.0,-0.060402460454799675,-0.05899290707211491,0.03625381973961894
2024-01-22,0.05,0.0,0.0,0.0,-0.05,0.0,0.0,-0.05,0.05,0.0,0.0,0.0,-0.04702984944717392,-0.0785394583210788,0.12157655777111359
2024-01-23,0.05,0.0,0.0,0.0,-0.05,0.0,0.0,-0.05,0.05,0.0,0.0,0.0,-0.051354783379900376,-0.0860951315261983,0.13260745546260455
2024-01-24,0.05,0.0,0.0,0.0,-0.05,0.0,0.0,-0.05,0.05,0.0,0.0,0.0,-0.07855490889886178,-0.14900576109871522,0.2276903404118154
2024-01-25,0.05,0.0,0.0,0.0,-0.05,0.0,0.0,-0.05,0.05,0.0,0.0,0.0,-0.08976148649167157,-0.15100885666882374,0.23932688144026013
2024-01-26,0.0,0.0,0.0,0.0,-0.05,0.0,0.0,-0.05,0.05,0.0,0.0,0.0,-0.11333062061003821,-0.08568222320164648,0.22239484681787688
2024-01-29,0.0,0.0,0.0,0.0,-0.05,0.0,0.0,-0.05,0.0,-0.05,0.05,0.0,-0.12752001714707545,-0.021682746633233926,0.1945202510117221
2024-01-30,0.0,0.0,0.0,0.0,-0.05,0.0,0.0,-0.05,0.0,-0.05,0.05,0.0,-0.1408588856964922,-0.030563647165937385,0.2119933848944204
2024-01-31,0.0,0.0,0.0,0.0,-0.05,0.0,0.0,-0.05,0.0,-0.05,0.0,0.0,-0.11195881599523794,0.00035229313145336213,0.20556428363391724
2024-02-01,0.0,0.0,0.0,0.0,-0.05,0.0,0.0,-0.05,0.0,-0.05,0.0,0.0,-0.08935198372422874,-0.0006854360294626938,0.19971806941150916
2024-02-02,0.0,0.0,0.0,0.0,-0.05,0.0,0.0,-0.05,0.0,-0.05,0.05,0.0,-0.03285535072388765,-0.018003199896849474,0.14172661586798918
2024-02-05,0.0,-0.05,0.0,0.0,-0.05,0.0,0.0,0.0,0.0,-0.05,0.05,0.05,-0.09989360074501089,0.04819671904261166,0.08559995628978073
2024-02-06,0.0,0.0,0.0,0.0,0.0,0.0,0.0,0.0,0.0,-0.05,0.05,0.05,0.05278502882946875,0.02504718292387914,-0.11072305402665047
2024-02-07,0.0,0.0,0.0,0.0,0.0,0.0,0.0,0.0,0.0,-0.05,0.05,0.05,0.04283483809354744,0.005953852517927776,-0.08208030603891554
2024-02-08,0.0,0.0,0.0,0.0,0.0,0.0,0.0,0.0,0.0,-0.05,0.05,0.05,0.04598499115185028,0.00732989653954402,-0.08429817451067306
2024-02-09,0.0,0.0,0.0,0.0,0.0,0.0,0.0,0.0,0.0,-0.05,0.05,0.05,0.048769479862824844,0.00905769721922374,-0.08352924114676985
2024-02-12,0.0,0.0,0.0,0.0,0.0,0.0,0.0,0.0,0.0,-0.05,0.05,0.05,0.04988986633790975,0.008470688486067125,-0.08398792629337497
2024-02-13,0.0,0.0,0.0,0.0,0.0,0.0,0.05,0.0,0.0,-0.05,0.0,0.05,-0.05741833140665958,-0.04084556299349838,0.040714091859084395
2024-02-14,0.0,0.0,0.0,0.0,0.0,0.0,0.05,0.0,0.0,-0.05,0.0,0.05,-0.05834069558402247,-0.039822975943300545,0.03858917077281255
2024-02-15,0.0,0.0,0.0,0.0,0.0,0.0,0.05,0.0,0.0,-0.05,0.0,0.05,-0.06014022450408365,-0.04048225587496845,0.03955487609066772
2024-02-16,0.0,0.0,0.0,0.0,0.0,0.0,0.05,0.0,0.0,0.0,0.0,0.05,-0.09905016897777374,-0.08722328583299778,0.08670588505484965
2024-02-20,0.0,0.0,0.0,0.0,0.0,0.0,0.05,0.0,0.0,0.0,0.0,0.05,-0.0992083719200477,-0.08792628906359591,0.08760773696429769
2024-02-21,0.0,0.0,0.0,0.0,0.0,0.0,0.05,0.0,0.0,0.0,0.0,0.05,-0.0971160690820739,-0.08343574354687328,0.08349448368171178
2024-02-22,0.0,0.0,0.0,0.0,0.0,0.0,0.05,0.0,0.0,0.0,0.0,0.0,-0.06689624062215958,-0.08631190525852572,0.09880292550832874
2024-02-23,0.0,0.0,0.0,0.0,0.0,0.0,0.05,0.0,0.0,0.0,0.0,0.0,-0.06684261333031152,-0.08620653310576253,0.0990246557517655
2024-02-26,0.0,0.0,0.0,0.0,0.0,0.0,0.05,0.0,0.0,0.0,0.0,0.0,-0.06481043500296371,-0.08455201179444577,0.0954744059619328
2024-02-27,0.0,0.0,0.0,0.0,0.0,0.0,0.05,0.0,0.0,0.0,0.0,0.0,-0.057038602922009456,-0.08597437438919932,0.09218368612024128
2024-02-28,0.0,0.0,0.0,0.0,0.0,0.0,0.05,0.0,0.0,0.0,0.0,0.0,-0.05702084957535794,-0.08316903149246992,0.08869001171847381
2024-02-29,0.0,0.0,0.0,0.0,0.0,0.0,0.05,0.0,0.0,0.0,0.0,0.0,-0.004789038777772966,-0.03272874207094552,-0.005576845641161525
2024-03-01,0.0,0.0,0.0,0.0,-0.05,0.0,0.0,0.0,0.0,0.0,0.0,0.0,-0.14745879386965413,-0.02613480897684499,0.2294468079365362
2024-03-04,0.0,0.0,0.0,-0.05,-0.05,0.0,0.0,0.05,0.0,0.0,0.0,0.0,-0.2294862214275691,-0.02473937201022136,0.33695049555552137
2024-03-05,0.0,0.0,0.0,-0.05,-0.05,0.0,0.0,0.05,0.0,0.0,0.0,0.0,-0.2284814317763194,-0.00615449632449101,0.31494870146950493
2024-03-06,0.0,0.0,0.0,-0.05,-0.05,0.0,0.0,0.05,0.0,0.0,0.0,0.0,-0.22850517815924004,-0.019631695941435812,0.32477591084972995
2024-03-07,0.0,0.0,0.0,-0.05,-0.05,0.0,0.0,0.05,0.0,0.0,-0.05,0.0,-0.2666555626740403,0.03068688069880785,0.33129287842275973
2024-03-08,0.0,0.0,0.0,-0.05,-0.05,0.0,0.05,0.05,0.0,0.0,-0.05,0.0,-0.2537007126175912,-0.0038351302243183946,0.31382251841706854
2024-03-11,0.0,0.0,0.0,0.0,-0.05,0.0,0.05,0.0,0.0,0.0,-0.05,0.0,-0.15329881191611122,0.006757577503572126,0.1768925341027114
2024-03-12,0.0,0.0,0.0,0.0,-0.05,0.0,0.05,0.0,0.0,0.0,-0.05,0.0,-0.16323019019961016,-0.005180042277082662,0.19877773812339186
2024-03-13,0.0,0.0,0.0,0.05,-0.05,0.0,0.05,0.0,0.0,-0.05,-0.05,0.0,-0.06072000213994641,0.07618322573006345,0.011376230437467744
2024-03-14,0.0,0.0,0.0,0.05,0.0,0.0,0.05,0.0,0.0,0.0,-0.05,0.0,0.0185185862714046,0.0017334807829701565,-0.08823429014305478
2024-03-15,0.0,-0.05,0.0,0.05,0.0,0.0,0.05,0.0,0.0,0.0,-0.05,0.0,0.022148824475348897,0.024512456579165613,-0.08107931267782065
2024-03-18,0.0,-0.05,0.0,0.05,0.0,0.05,0.05,0.0,0.0,0.0,-0.05,0.0,-0.022029784690946956,-0.08128866359946987,0.0156421948185003
2024-03-19,0.0,-0.05,0.0,0.05,0.0,0.05,0.05,0.0,0.0,0.0,-0.05,0.0,-0.0072178634926434,-0.04354827498047262,-0.040369885120571866
2024-03-20,0.0,-0.05,0.0,0.05,0.0,0.05,0.05,0.0,0.0,0.0,0.0,0.0,0.07331118420532573,-0.07693486521380197,-0.09924987810825561
2024-03-21,0.0,-0.05,0.0,0.05,0.05,0.05,0.05,0.0,0.0,0.0,0.0,0.0,0.283451434657511,-0.04335383355687514,-0.3558240355223237
2024-03-22,0.0,-0.05,0.0,0.0,0.05,0.05,0.05,0.0,0.0,0.0,0.0,0.0,0.18603188853091798,-0.047041834090851754,-0.21335366472731837
2024-03-25,0.0,-0.05,0.0,0.0,0.05,0.05,0.05,0.0,0.0,0.0,0.0,0.0,0.169511822929279,-0.054795071423376036,-0.19347289359185704
2024-03-26,0.0,-0.05,0.0,0.0,0.05,0.05,0.05,0.0,0.0,0.0,0.0,0.0,0.17607432584959057,-0.04940085279008863,-0.20285046141893515
2024-03-27,0.0,-0.05,0.0,0.0,0.05,0.05,0.05,0.0,0.0,0.0,0.0,0.0,0.17775681896111103,-0.0466474363133592,-0.20687632329089134
2024-03-28,0.0,0.0,0.0,0.0,0.05,0.05,0.05,0.0,0.0,0.0,0.0,0.0,0.15078216868610653,-0.07743614936090928,-0.19093880184288853
2024-04-01,0.0,0.0,0.0,0.0,0.05,0.05,0.05,0.0,0.0,0.0,0.0,0.0,0.15117585010200357,-0.07923138068006062,-0.18910608767941564
2024-04-02,0.0,0.0,0.0,0.0,0.05,0.05,0.05,0.0,-0.05,0.0,0.0,0.0,0.10756779975746328,0.028762961886220705,-0.23780326187797393
2024-04-03,0.0,0.0,0.0,0.0,0.05,0.05,0.05,0.0,-0.05,0.0,0.0,0.0,0.10851026867177231,0.026781445989671415,-0.2358023835709442
2024-04-04,0.0,0.0,0.0,0.0,0.05,0.05,0.05,0.0,0.0,0.0,0.0,0.0,0.14875763028673467,-0.08669220186363231,-0.17817153110573136
2024-04-05,0.0,0.0,0.0,0.0,0.05,0.05,0.05,0.0,0.0,0.0,0.0,0.0,0.13036642910194807,-0.07617332963818094,-0.18374829676623416
2024-04-08,0.0,-0.05,0.0,0.0,0.05,0.05,0.05,0.0,0.0,0.0,0.0,0.0,0.14145340647152663,-0.04676467127072573,-0.18667290391700336
2024-04-09,0.0,-0.05,0.0,0.0,0.05,0.05,0.05,0.0,0.0,0.0,0.0,0.0,0.1397120975716052,-0.04899406728305768,-0.1838682373872087
2024-04-10,0.0,-0.05,0.05,0.0,0.05,0.0,0.05,0.0,0.0,0.0,0.0,0.0,0.2501225061854293,0.00785229490258497,-0.35662855057701676
2024-04-11,0.0,-0.05,0.05,0.0,0.0,0.0,0.05,0.0,0.05,0.0,0.0,0.0,0.14516268743261043,-0.12706348750388588,-0.08879051197062798
2024-04-12,-0.05,-0.05,0.05,0.0,0.0,0.0,0.05,0.0,0.05,0.0,0.0,0.0,0.15553932866535464,-0.05998872156124527,-0.14386070015707886
2024-04-15,-0.05,-0.05,0.05,0.0,0.0,0.0,0.05,0.0,0.05,0.0,0.0,0.0,0.13631116454544268,-0.05249149729372195,-0.14559015262360953
2024-04-16,-0.05,-0.05,0.05,0.0,0.0,0.0,0.05,0.0,0.05,0.0,0.0,0.0,0.14065608240597025,-0.075483904504034,-0.12701110765182178
2024-04-17,-0.05,-0.05,0.05,0.0,0.0,0.0,0.05,0.0,0.05,0.0,0.0,0.0,0.14932007032573136,-0.07939472941375819,-0.12904788790392577
2024-04-18,-0.05,-0.05,0.05,0.0,0.0,0.0,0.05,0.0,0.05,0.0,0.0,0.0,0.14729567214363704,-0.08433425867332288,-0.12220038805059764
2024-04-19,-0.05,-0.05,0.05,0.0,0.0,0.0,0.05,-0.05,0.05,0.0,0.0,0.0,0.2030752858883053,-0.05530951111334538,-0.17683891393690898
2024-04-22,-0.05,-0.05,0.05,0.0,0.0,0.0,0.05,-0.05,0.05,0.0,0.0,0.0,0.2254189536529064,-0.04305841618167098,-0.21056594624068165
2024-04-23,-0.05,0.0,0.05,0.0,0.0,0.0,0.05,-0.05,0.05,0.0,0.0,0.0,0.20294880523016082,-0.07081552980730944,-0.20391378854085204
2024-04-24,-0.05,0.0,0.05,0.0,0.0,0.0,0.05,-0.05,0.05,0.0,0.0,0.0,0.19132544429185366,-0.037836448669108805,-0.22776224674408518
2024-04-25,-0.05,0.0,0.05,0.0,0.0,-0.05,0.05,-0.05,0.05,0.0,0.0,-0.05,0.1727326633893057,0.057614216181486766,-0.24291906419974582
2024-04-26,-0.05,0.0,0.05,0.0,0.0,-0.05,0.05,-0.05,0.05,0.0,0.0,-0.05,0.19222235177799654,0.04070061409594859,-0.23834200862413077
2024-04-29,-0.05,0.0,0.05,0.0,0.0,-0.05,0.05,-0.05,0.05,0.0,0.05,-0.05,0.1999423499618292,-0.03464444473959466,-0.20554472652277136
2024-04-30,0.0,0.0,0.05,0.0,0.0,-0.05,0.05,-0.05,0.05,0.0,0.05,-0.05,0.15478496098763186,-0.09347413934807251,-0.13229067461614755
2024-05-01,0.0,0.05,0.05,0.0,0.0,-0.05,0.05,0.0,0.05,0.0,0.05,-0.05,0.0960186950916746,-0.13437337362897123,-0.09610032082877595
2024-05-02,0.0,0.0,0.05,0.0,0.0,-0.05,0.05,0.0,0.05,0.0,0.05,-0.05,0.10217457404763822,-0.07512612736080006,-0.12972279377173074
2024-05-03,0.0,0.0,0.05,0.05,0.0,-0.05,0.05,0.0,0.05,0.0,0.0,-0.05,0.20427332529267778,-0.060665216342094805,-0.23962939137005212
2024-05-06,0.0,0.0,0.05,0.05,0.0,-0.05,0.05,0.0,0.05,0.0,0.0,-0.05,0.19989195405144913,-0.026292300169650736,-0.26851225948785146
2024-05-07,0.0,0.0,0.05,0.05,0.0,-0.05,0.05,0.0,0.05,0.0,0.0,-0.05,0.19898779710601852,-0.02790481477272287,-0.26664985393055207
2024-05-08,0.0,0.0,0.0,0.05,0.0,-0.05,0.05,0.0,0.05,0.0,0.0,-0.05,0.0893610192432143,-0.06844900109567302,-0.054067075153746834
2024-05-09,0.0,0.0,0.0,0.05,0.0,-0.05,0.05,0.0,0.05,0.0,0.0,-0.05,0.09684983594305151,-0.08062084500814,-0.0464899292273318
2024-05-10,0.0,0.0,0.0,0.05,0.0,-0.05,0.05,0.0,0.05,0.0,0.0,-0.05,0.09297213450149751,-0.0812616017027116,-0.044418270678325975
2024-05-13,0.0,0.0,0.0,0.05,0.0,-0.05,0.05,0.0,0.05,0.0,0.0,-0.05,0.09847603797575902,-0.08708677507687675,-0.039238428872855224
2024-05-14,0.0,0.0,0.0,0.05,0.0,-0.05,0.05,0.0,0.05,0.0,0.0,-0.05,0.1206828667910633,-0.11013070415333158,-0.02771735695048738
2024-05-15,0.0,0.0,0.0,0.05,0.0,0.0,0.05,0.0,0.05,0.0,0.0,0.0,0.08729735054037763,-0.17088325560002335,-0.012320199684991172
2024-05-16,0.0,0.0,0.0,0.0,0.0,0.0,0.05,0.0,0.05,0.0,0.0,0.0,-0.02131262758718106,-0.16722359661779213,0.13250725469415126
2024-05-17,0.0,0.0,0.0,0.0,0.0,0.0,0.05,0.0,0.05,0.0,0.0,0.0,-0.022286157676819907,-0.16175779534335075,0.12784878251289894
2024-05-20,0.0,0.0,0.0,0.0,0.0,0.0,0.05,0.0,0.0,0.0,0.0,0.0,-0.024833079266301697,-0.03346618100210302,0.010974855530140042
2024-05-21,0.0,0.0,0.0,0.0,0.0,0.0,0.0,0.0,0.0,0.0,0.0,0.0,-0.0,-0.0,-0.0
2024-05-22,0.0,0.0,0.0,0.05,0.0,0.0,0.0,0.0,0.0,0.0,0.0,0.0,0.10451594230793182,-0.01588045827479355,-0.13093297718960542
2024-05-23,0.0,0.0,0.0,0.05,0.0,0.0,0.0,0.0,0.0,0.0,0.0,0.0,0.10006191516233826,-0.010504345230006852,-0.13434821115528406
2024-05-24,0.0,0.0,0.0,0.05,0.0,0.0,0.0,0.0,0.0,0.0,0.0,0.0,0.10249473948732143,-0.008977259652259718,-0.13821221368665076
2024-05-28,0.0,0.0,0.0,0.05,0.0,0.0,0.0,0.0,0.0,0.05,-0.05,0.0,0.08007847971052792,-0.04747051986421856,-0.060246108268053544
2024-05-29,0.0,0.0,0.0,0.05,0.0,0.0,0.0,0.0,0.0,0.05,-0.05,0.0,0.07519608959640872,-0.04386935485401743,-0.057664416982433166
2024-05-30,0.0,0.0,0.0,0.05,0.0,0.0,0.0,0.0,0.0,0.05,0.0,0.0,0.09248196703300975,-0.06228948498284109,-0.10818019998871997
2024-05-31,0.0,0.05,0.0,0.05,0.0,0.0,0.0,0.0,0.0,0.05,0.0,0.0,0.070133479121211,-0.12184478498696708,-0.06417527765445709
2024-06-03,0.0,0.05,0.0,0.05,0.0,0.0,0.0,0.0,0.0,0.05,0.0,0.0,0.07848475001600663,-0.11985883210801423,-0.07280361379351638
2024-06-04,0.0,0.05,0.0,0.0,0.0,0.0,0.0,0.0,0.0,0.05,0.0,0.0,-0.013411921618656574,-0.1177715742465418,0.06325805477547151
2024-06-05,0.0,0.05,0.0,0.0,0.0,0.0,0.0,0.0,0.0,0.05,0.0,0.0,-0.01346657953453144,-0.11765067795968913,0.06326644498759584
2024-06-06,0.0,0.05,0.0,0.0,0.0,0.0,0.0,0.05,0.0,0.05,0.0,0.0,-0.05854869694525902,-0.12344990172701885,0.0889582685835137
2024-06-07,0.0,0.05,0.0,0.0,0.0,0.0,0.0,0.05,0.0,0.0,0.0,0.0,-0.06245156257453251,-0.04774771857198475,0.047299098974514994
2024-06-10,0.0,0.05,0.0,0.0,0.0,0.0,0.0,0.05,0.0,0.0,0.0,0.0,-0.060091289064425284,-0.045811480262626,0.042789192574600315
2024-06-11,0.0,0.05,0.0,0.0,0.0,0.0,0.0,0.05,0.0,0.0,0.0,0.0,-0.060865276362994006,-0.03944400676946103,0.03538461135742495
2024-06-12,0.0,0.05,0.0,0.0,0.0,0.0,0.0,0.05,0.0,0.0,0.0,0.0,-0.05924504316005195,-0.03470439915056736,0.03057471197871943
2024-06-13,0.0,0.05,0.0,0.0,0.0,0.0,0.0,0.05,0.0,-0.05,0.0,0.0,-0.06711830572156413,0.04755494480912448,-0.0172906100006619
2024-06-14,0.0,0.05,0.0,0.0,0.0,0.0,0.0,0.05,0.0,-0.05,0.0,0.0,-0.06815043024984636,0.04572457332460429,-0.014748532351864217
2024-06-17,0.0,0.05,0.0,0.0,0.0,-0.05,0.0,0.05,0.0,-0.05,0.05,0.05,-0.1339167873624227,0.06399178130868896,-0.05561281815392011
2024-06-18,0.0,0.05,0.0,-0.05,0.0,-0.05,0.0,0.05,0.0,-0.05,0.05,0.05,-0.22854724132034998,0.07556841194906884,0.07365843133411498
2024-06-20,0.0,0.05,0.0,-0.05,0.0,-0.05,0.0,0.05,0.0,-0.05,0.0,0.05,-0.22385526789210464,0.08257251967529311,0.12104289472540826
2024-06-21,0.0,0.05,0.0,-0.05,0.0,-0.05,0.0,0.0,0.0,-0.05,0.05,0.05,-0.1777589738601399,0.08405568506655697,0.03767938101311637
2024-06-24,0.0,0.0,0.0,0.0,0.0,-0.05,0.0,0.0,-0.05,-0.05,0.05,0.05,0.006449763383226078,0.14902836791265925,-0.18403251210652144
2024-06-25,0.0,0.0,0.0,0.0,0.0,-0.05,0.0,0.0,-0.05,-0.05,0.05,0.05,0.04010153044318126,0.11532437072029625,-0.1719492083565843
2024-06-26,0.0,0.0,0.0,0.0,0.0,-0.05,0.0,0.0,-0.05,-0.05,0.05,0.05,0.04019568383666897,0.11419040655936606,-0.17073765548853892
2024-06-27,0.0,0.0,0.0,0.0,0.0,-0.05,0.0,0.0,-0.05,-0.05,0.0,0.05,0.03904217773983472,0.13750313476813175,-0.13417654158745895
2024-06-28,0.0,0.0,0.0,0.0,0.0,-0.05,0.0,0.0,-0.05,-0.05,0.0,0.05,0.037160832025122756,0.12961832936419004,-0.1224023756729152
2024-07-01,0.0,0.0,0.0,0.0,0.0,0.0,0.0,-0.05,-0.05,-0.05,0.0,0.05,0.12119437150628978,0.13045515433225563,-0.2021927799364263
2024-07-02,0.0,-0.05,0.05,0.0,0.0,0.0,0.0,-0.05,-0.05,-0.05,0.0,0.05,0.29330103514843975,0.167996575279355,-0.4121784457578643
2024-07-03,0.0,-0.05,0.05,0.0,0.0,0.0,0.0,-0.05,-0.05,-0.05,0.0,0.05,0.29174163896835786,0.14994567427511363,-0.3853881531468024
2024-07-05,0.0,-0.05,0.05,0.0,0.0,0.0,0.0,-0.05,-0.05,-0.05,0.0,0.05,0.2933465129041233,0.1436773057600833,-0.3805389198588689
2024-07-08,0.0,-0.05,0.05,0.0,0.0,0.0,0.0,0.0,0.0,-0.05,0.0,0.05,0.17505140604526867,0.04813349459525692,-0.21165236192326456
2024-07-09,0.0,-0.05,0.05,0.0,0.0,0.0,0.0,0.0,0.0,-0.05,0.0,0.05,0.17563279624271116,0.04275872931375614,-0.20541635028386143
2024-07-10,0.0,0.0,0.05,0.0,0.0,0.0,0.0,0.0,0.0,0.0,0.0,0.05,0.12972399610517937,-0.02736317570346304,-0.17329645035066346
2024-07-11,0.0,0.0,0.05,0.0,-0.05,0.0,0.0,0.0,0.0,0.0,0.0,0.05,0.15294966736397198,-0.06162475318955338,-0.08376754120353276
2024-07-12,0.0,0.0,0.05,0.0,-0.05,0.0,0.0,0.0,0.0,0.0,0.0,0.05,0.15744364403296915,-0.059945530977178835,-0.09177304900506068
2024-07-15,0.0,0.0,0.05,0.0,-0.05,0.0,0.0,0.0,0.0,0.0,0.0,0.05,0.1551629726508383,-0.06224487730731141,-0.08794667114512934
2024-07-16,0.0,0.0,0.05,0.0,-0.05,0.0,0.0,0.0,0.0,0.0,0.0,0.05,0.15826855393035436,-0.061040583136749246,-0.09498246773461509
2024-07-17,0.0,0.05,0.05,0.0,-0.05,0.0,0.0,0.0,0.0,0.0,0.0,0.05,0.1245054965902802,-0.06768406728966386,-0.10691022641321765
2024-07-18,0.0,0.0,0.05,0.0,0.0,0.0,0.0,-0.05,0.0,0.0,0.0,0.05,0.13179719723914285,-0.030875635492487473,-0.15936192639717356
2024-07-19,0.0,0.0,0.0,0.0,0.0,0.0,0.0,-0.05,0.0,0.0,0.0,0.0,0.056526145087583544,0.01626576608651486,-0.060372269743382286
2024-07-22,0.0,0.0,0.0,0.0,0.0,0.0,0.0,0.0,0.0,0.0,0.0,0.0,-0.0,-0.0,-0.0
2024-07-23,0.0,0.0,0.0,0.0,0.0,0.0,0.0,0.0,0.0,0.0,0.0,0.0,-0.0,-0.0,-0.0
2024-07-24,0.0,0.0,0.0,0.0,0.0,0.0,0.0,0.0,0.0,0.0,0.0,0.0,-0.0,-0.0,-0.0
2024-07-25,0.0,0.0,0.0,0.0,0.0,0.0,0.0,0.0,0.0,0.0,0.0,0.0,-0.0,-0.0,-0.0
2024-07-26,0.0,0.0,0.0,0.0,0.0,0.0,0.0,0.0,0.0,0.0,0.0,0.0,-0.0,-0.0,-0.0
2024-07-29,0.0,0.0,0.0,0.0,0.0,0.0,0.0,0.0,0.0,0.0,0.0,0.0,-0.0,-0.0,-0.0
2024-07-30,0.0,0.0,0.0,0.0,0.0,0.0,0.0,0.0,0.0,0.0,0.0,0.0,-0.0,-0.0,-0.0
2024-07-31,0.0,0.0,0.0,0.0,0.0,0.0,0.0,0.0,0.0,0.0,0.0,0.0,-0.0,-0.0,-0.0
2024-08-01,0.0,0.05,0.0,-0.05,0.0,0.0,0.0,0.0,0.0,0.0,0.0,0.0,-0.07595115713850357,0.05316001546139127,0.034167987266374995
2024-08-02,0.0,0.05,0.0,-0.05,0.05,0.0,0.0,0.0,0.0,0.0,0.0,0.0,-0.116499638333668,0.0777162859672032,-0.03885896710585845
2024-08-05,0.0,0.05,0.0,-0.05,0.05,0.0,0.0,0.0,0.05,0.0,0.0,0.0,-0.26671660136028424,0.07195988380156981,-0.010862815986293418
2024-08-06,0.0,0.05,0.0,-0.05,0.0,0.0,-0.05,0.05,0.05,0.0,0.0,0.0,-0.19549532216455168,0.13752619310577943,-0.047905725249313774
2024-08-07,0.0,0.05,0.0,-0.05,0.0,0.0,-0.05,0.05,0.05,0.0,0.0,0.0,-0.1923735317960027,0.13759086870151968,-0.049678056207154805
2024-08-08,0.0,0.05,0.0,-0.05,0.0,0.0,-0.05,0.05,0.05,0.0,0.0,0.0,-0.19228694549590214,0.13719816170851182,-0.0493812825120545
2024-08-09,0.0,0.05,0.0,-0.05,0.0,0.0,-0.05,0.05,0.05,0.0,0.0,0.0,-0.19301932750120837,0.1396729956575848,-0.04993517641650527
2024-08-12,0.0,0.05,0.0,-0.05,0.0,0.0,-0.05,0.05,0.05,0.0,0.0,0.0,-0.18976693559267588,0.13604657558409206,-0.045689897132642876
2024-08-13,0.0,0.05,0.0,-0.05,0.0,0.0,-0.05,0.05,0.05,0.0,0.0,0.0,-0.19541459307822978,0.13066507790694848,-0.037031379679469144
2024-08-14,0.0,0.05,0.0,-0.05,0.0,0.0,-0.05,0.05,0.05,0.0,0.0,0.0,-0.19825557138452854,0.13051314389240568,-0.03785510563851006
2024-08-15,0.0,0.05,0.0,-0.05,0.0,0.0,-0.05,0.05,0.0,0.0,0.0,0.0,-0.06744110077867094,0.13821778355657244,-0.056000195316862636
2024-08-16,0.0,0.05,0.0,-0.05,0.0,0.0,-0.05,0.0,0.0,0.0,0.0,0.0,0.010296951328684613,0.1478376143692,-0.1111898711254587
2024-08-19,0.0,0.05,0.0,-0.05,-0.05,0.0,-0.05,-0.05,0.0,0.0,0.0,0.0,0.05155570616994974,0.14505865844223456,-0.07026569033291058
2024-08-20,0.05,0.05,0.0,0.0,-0.05,0.0,-0.05,-0.05,0.0,0.0,0.0,0.0,0.13293275743083197,0.08545058795710711,-0.1554417972463687
2024-08-21,0.05,0.05,0.0,0.0,-0.05,0.0,-0.05,-0.05,0.0,0.0,0.0,0.0,0.13023590665806767,0.08460291797967295,-0.15274951599259326
2024-08-22,0.05,0.05,0.0,0.0,-0.05,0.0,-0.05,-0.05,0.0,0.0,0.0,0.0,0.13001360214080968,0.08321659554773098,-0.1503146725707456
2024-08-23,0.05,0.05,0.0,0.0,-0.05,0.0,-0.05,-0.05,0.0,0.0,0.0,0.0,0.133774674338747,0.08443426358969693,-0.15425597917335207
2024-08-26,0.05,0.05,0.0,0.0,-0.05,0.0,0.0,-0.05,0.0,0.05,0.0,0.0,-0.029542633426155818,-0.04398551938081727,0.04945923124606163
2024-08-27,0.05,0.05,0.0,0.0,-0.05,0.0,0.0,-0.05,0.0,0.05,0.0,0.0,-0.02510300533533478,-0.016473675133404232,0.015522207798416598
2024-08-28,0.05,0.05,0.0,0.0,-0.05,0.0,0.0,-0.05,0.0,0.05,0.0,0.0,-0.03997179535709025,-0.020805550291625383,0.03074802941625931
2024-08-29,0.05,0.05,0.0,0.0,-0.05,0.0,0.0,0.0,0.0,0.05,0.0,0.0,-0.1526585599557253,-0.041363545901196806,0.11971920839972539
2024-08-30,0.05,0.05,0.0,0.0,-0.05,0.0,0.0,0.0,0.0,0.05,0.0,-0.05,-0.08366906244121053,-0.006992607025331506,0.06819003720309698
2024-09-03,0.05,0.05,0.0,0.0,-0.05,0.0,0.0,0.0,0.0,0.05,-0.05,-0.05,-0.13644833859819225,0.057538835790291176,0.0961825132437518
2024-09-04,0.05,0.05,0.0,0.0,0.0,0.0,0.0,0.0,0.0,0.0,-0.05,0.0,-0.06828072638956333,0.08171174072705198,-0.03928273933395717
2024-09-05,0.05,0.05,0.0,-0.05,0.0,0.0,0.0,0.0,0.0,0.0,-0.05,-0.05,-0.09406253729956761,0.17935268831529683,-0.029522880961798427
2024-09-06,0.05,0.05,0.0,-0.05,0.0,0.0,0.0,0.0,0.0,0.0,-0.05,-0.05,-0.07891170031422165,0.18958554207057482,-0.05349021362171695
2024-09-09,0.05,0.05,0.0,0.0,0.0,0.0,0.0,0.0,0.0,0.0,-0.05,-0.05,-0.001700743395920301,0.16488421761643507,-0.14723799385900438
2024-09-10,0.05,0.05,0.0,0.0,0.0,0.0,0.0,0.0,0.0,0.0,-0.05,-0.05,-0.0006931063687472226,0.17602069733780634,-0.15978698339330277
2024-09-11,0.05,0.0,0.05,0.0,0.0,0.0,0.0,0.0,0.0,-0.05,-0.05,0.0,-0.021203586242880323,-0.009186667352134768,0.012399275337150774
2024-09-12,0.05,0.0,0.05,0.0,0.0,0.0,0.0,0.0,0.0,-0.05,0.0,0.0,0.03296396556187958,-0.09610108660413205,0.013504942823359904
2024-09-13,0.05,0.0,0.05,0.0,0.0,0.0,0.0,0.0,0.0,-0.05,0.0,0.05,-0.035469417577659916,-0.13970128139103782,0.07493473589003923
2024-09-16,0.05,0.0,0.05,0.0,0.0,0.05,0.0,0.0,0.0,-0.05,0.0,0.05,-0.050787384079851686,-0.1294663015331999,0.04735493696655764
2024-09-17,0.05,0.0,0.05,0.0,0.0,0.05,0.0,0.0,0.0,0.0,0.0,0.05,-0.04728369561158312,-0.1372406684439707,0.026373439351401313
2024-09-18,0.05,-0.05,0.05,0.0,0.0,0.0,0.0,0.0,0.0,-0.05,-0.05,0.05,-0.0453954698207934,-0.06553399918064523,0.08296787918583831
2024-09-19,0.05,-0.05,0.05,0.0,0.0,0.0,0.0,0.0,0.0,-0.05,-0.05,0.05,-0.03596481366782605,-0.06668907790750245,0.07801402859057951
2024-09-20,0.05,-0.05,0.05,0.0,0.0,0.0,0.0,0.0,0.0,-0.05,-0.05,0.05,-0.05312839682815619,-0.059296460994417446,0.0799715234500544
2024-09-23,0.05,-0.05,0.05,0.0,0.0,0.0,0.0,-0.05,0.0,-0.05,0.0,0.05,0.0923402896870767,-0.13963216133038425,0.03130839595343698
2024-09-24,0.05,-0.05,0.05,0.0,0.0,0.0,0.0,-0.05,0.0,-0.05,0.0,0.05,0.0945295713476946,-0.13296601684751042,0.02109306523747982
2024-09-25,0.05,0.0,0.05,0.0,0.0,0.0,0.0,-0.05,0.0,-0.05,0.0,0.05,0.08731134636871316,-0.12583488084373826,-0.009005006070120291
2024-09-26,0.05,0.0,0.0,0.0,0.0,0.0,0.0,-0.05,0.0,-0.05,0.0,0.05,0.047070508924541524,0.02447496765586747,-0.08368567353675088
2024-09-27,0.05,0.0,0.05,0.0,0.0,0.0,0.0,-0.05,0.0,-0.05,0.0,0.0,0.15492998102838443,-0.08478701798363518,-0.06516631812643846
2024-09-30,0.05,0.0,0.05,0.0,0.0,0.0,0.0,-0.05,0.0,-0.05,0.0,0.0,0.1527666647425523,-0.08242626060890425,-0.06627651061675567
2024-10-01,0.0,0.0,0.05,0.0,0.0,0.0,0.0,-0.05,0.0,-0.05,0.0,0.0,0.15951953096770816,-0.11258594232147431,-0.007245765670274554
2024-10-02,0.0,0.0,0.05,0.0,0.0,0.0,0.0,-0.05,0.0,0.0,0.0,0.0,0.127439146852975,-0.13460357487153135,0.014718523647651097
2024-10-03,0.0,0.0,0.05,0.0,0.0,0.0,0.0,-0.05,0.0,0.0,0.0,0.0,0.12516007309261656,-0.13578265219293315,0.017922829494130633
2024-10-04,0.0,0.0,0.05,0.0,0.0,0.0,0.0,-0.05,0.0,0.0,0.0,0.05,0.05302662808154915,-0.18368980655247136,0.08706762291991325
2024-10-07,0.0,0.0,0.0,0.0,0.0,0.0,0.0,-0.05,0.0,0.0,0.0,0.05,0.0003725467487675285,-0.05418780035618771,0.046982483563100155
2024-10-08,0.0,0.0,0.0,0.0,0.0,0.0,0.0,-0.05,-0.05,0.0,0.0,0.05,0.13962308862747447,-0.028227009702123326,-0.0013188631047667508
2024-10-09,0.0,0.0,0.0,0.0,0.0,0.0,0.0,-0.05,-0.05,0.0,0.0,0.05,0.13672963927431186,-0.029402725012348842,0.0032846575373980946
2024-10-10,0.0,0.0,0.0,0.0,0.0,0.0,0.0,-0.05,-0.05,0.0,0.0,0.05,0.15809194815493255,-0.032103033795679484,-0.007480414708315085
2024-10-11,0.0,0.0,0.0,0.0,0.0,0.0,0.0,-0.05,-0.05,0.0,0.0,0.05,0.11473079085908658,-0.03618418858998671,0.03294763178658203
2024-10-14,0.0,0.0,0.0,0.0,0.0,0.0,0.0,-0.05,-0.05,0.0,0.0,0.05,0.12913937736535844,-0.041446867493424175,0.03040114968768578
2024-10-15,0.0,0.0,0.0,0.05,0.0,0.0,0.0,0.0,-0.05,0.0,0.0,0.05,0.19458168614783902,-0.058386012544149504,-0.09867916345060862
2024-10-16,0.0,0.0,0.0,0.05,0.0,0.0,0.0,0.0,-0.05,0.0,0.0,0.05,0.19510111428151006,-0.061264573996602456,-0.09588938503791553
2024-10-17,0.0,0.0,0.0,0.05,0.0,0.0,0.0,0.0,-0.05,0.0,0.0,0.05,0.18033219587320784,-0.06819196932978014,-0.07683271723278665
2024-10-18,0.0,0.0,0.0,0.0,0.0,0.0,0.0,0.0,-0.05,0.0,0.0,0.05,0.03401742819168351,-0.046114696330643724,0.08227952705186228
2024-10-21,0.0,0.0,0.0,0.0,0.0,0.0,0.0,0.0,-0.05,0.0,0.0,0.05,0.029367324389984142,-0.05034731956181629,0.09155083714190984
2024-10-22,0.0,0.0,-0.05,0.05,0.0,0.0,0.0,0.0,-0.05,0.0,0.0,0.0,0.19577503857401665,0.10635872275474131,-0.17312564509934497
2024-10-23,0.0,-0.05,-0.05,0.05,0.05,0.0,0.0,0.0,-0.05,0.0,0.0,0.0,0.3120072250654757,0.0456037989467119,-0.2112269622004897
2024-10-24,0.0,-0.05,-0.05,0.05,0.05,0.0,0.0,0.0,-0.05,0.0,0.0,0.0,0.3272456461419594,0.03302101412827366,-0.2080244117737408
2024-10-25,0.0,-0.05,-0.05,0.05,0.05,0.0,0.0,0.0,-0.05,0.0,0.0,0.0,0.2806232812202922,0.01427768212461605,-0.14679289597549722
2024-10-28,0.0,-0.05,-0.05,0.05,0.05,0.0,0.0,0.0,0.0,0.0,0.0,0.0,0.1778788682207994,0.041887943154267165,-0.19964960144612517
2024-10-29,0.0,-0.05,-0.05,0.05,0.05,0.0,0.0,0.0,0.0,0.0,0.0,0.0,0.16074397229217546,0.04339466686423511,-0.19192591952541624
2024-10-30,0.0,-0.05,0.0,0.05,0.05,0.0,0.0,0.0,0.0,0.0,0.0,0.0,0.09091063021417785,-0.076741543547742,-0.09620838599609406
2024-10-31,0.0,-0.05,0.0,0.05,0.05,0.0,0.0,0.0,0.0,0.0,0.0,0.0,0.0821995662480602,-0.1051416910942384,-0.06036603818953018
2024-11-01,0.0,0.0,-0.05,0.05,0.05,0.0,0.0,0.0,0.0,0.0,0.0,0.0,0.07932283573081751,0.02167142544373473,-0.15647948671009432
2024-11-04,0.05,0.0,-0.05,0.05,0.05,0.0,0.0,0.0,0.0,0.0,0.0,0.0,0.07025607747596553,0.022954787959099353,-0.17565781622209187
2024-11-05,0.05,0.0,-0.05,0.05,0.05,0.0,0.0,0.0,0.0,0.0,0.0,0.0,0.07058368635383808,0.02315548157793909,-0.1760973485458862
2024-11-06,0.05,0.0,-0.05,0.05,0.05,0.0,0.0,0.0,0.0,0.0,0.0,0.0,0.0755533182726935,0.018946008792846667,-0.17359264057586174
2024-11-07,0.05,0.0,-0.05,0.05,0.05,0.0,0.0,0.0,0.0,0.0,0.0,0.0,0.10485785992403802,0.010620116414305606,-0.1804823288700983
2024-11-08,0.05,0.0,-0.05,0.05,0.05,0.0,0.0,0.0,0.0,0.0,0.0,0.0,0.10970071235993106,0.01312960294650745,-0.18748260351442314
2024-11-11,0.05,0.0,-0.05,0.05,0.05,0.0,0.0,0.0,0.0,0.0,0.0,0.0,0.10857960850970996,0.012003817176924569,-0.1841120450268912
2024-11-12,0.05,0.05,-0.05,0.05,0.05,0.0,0.0,0.0,0.0,0.0,0.0,0.0,0.10714643568116207,0.00823954900668962,-0.21227621297028265
2024-11-13,0.05,0.05,-0.05,0.0,0.0,0.0,0.0,0.0,0.0,0.0,0.05,0.0,-0.026032939276121658,0.06861534114052327,-0.106928790508688
2024-11-14,0.05,0.0,-0.05,0.0,0.0,0.0,0.0,0.0,0.0,0.0,0.05,0.0,-0.02709125854792592,0.07109292111222247,-0.07591826190560755
2024-11-15,0.05,0.0,-0.05,0.0,0.0,0.0,0.0,0.0,0.0,0.0,0.05,0.0,-0.019542630317687902,0.05939256606678882,-0.06421436897673943
2024-11-18,0.05,0.0,-0.05,0.0,0.0,0.0,0.0,0.0,0.0,0.0,0.05,0.0,-0.023254384723218897,0.057330372478398485,-0.05785238954704592
2024-11-19,0.0,0.0,-0.05,0.0,0.0,0.0,0.0,0.0,0.0,0.0,0.0,0.0,-0.03105885172595242,0.12305051998547686,-0.05445766310087509
2024-11-20,0.0,0.0,-0.05,0.0,0.0,0.0,0.0,0.0,0.0,0.0,0.0,0.0,-0.0353533789898315,0.1229340669291705,-0.05047720421003761
2024-11-21,0.0,0.0,-0.05,0.0,0.0,0.0,0.0,0.0,0.0,0.0,0.05,0.0,-0.04509215684620085,0.07032776181202777,-0.034704301960857886
2024-11-22,0.0,0.0,0.0,0.0,0.0,0.0,0.0,0.0,0.0,0.0,0.05,0.0,-0.006790940086040576,-0.05151079572900699,0.011996914868003592
2024-11-25,0.0,0.0,0.0,0.0,0.0,0.0,0.0,0.0,0.0,0.0,0.05,0.0,-0.008648033681153522,-0.05141968897568952,0.013090814897241225
2024-11-26,0.0,0.0,0.0,0.0,0.0,-0.05,0.0,0.0,0.0,0.05,0.05,0.0,-0.05264653623927386,-0.07704717369124417,0.06829489619314134
2024-11-27,0.0,0.0,0.0,0.0,0.0,-0.05,0.0,0.0,0.0,0.05,0.05,0.0,-0.04763433291667818,-0.07175686717315127,0.061525062323107914
2024-11-29,0.0,0.0,0.0,0.0,0.0,-0.05,0.0,0.0,0.0,0.05,0.05,0.0,-0.04733149638947163,-0.0729382204416377,0.06190906924819489
2024-12-02,-0.05,0.0,0.0,0.0,0.0,-0.05,0.0,0.0,0.0,0.05,0.05,0.0,-0.07400864026624963,-0.07712899038179608,0.10883085523478012
2024-12-03,-0.05,0.0,0.0,0.0,0.0,-0.05,0.0,0.0,0.0,0.05,0.0,0.0,-0.07835352396574505,-0.04451894994214095,0.12707560586711142
2024-12-04,-0.05,0.0,0.0,0.0,0.0,-0.05,0.0,0.0,0.0,0.0,0.0,0.0,-0.02427630326830815,-0.01076867967707014,0.09606680423507935
2024-12-05,-0.05,0.0,0.0,0.0,0.0,-0.05,0.0,0.0,0.05,0.0,0.0,0.05,-0.1277321859003526,-0.03948941972908923,0.1062220817623884
2024-12-06,-0.05,-0.05,0.0,0.0,0.0,-0.05,0.0,0.0,0.05,0.0,0.05,0.05,-0.1323746173105365,-0.07555685906564316,0.1392201319162776
2024-12-09,-0.05,-0.05,0.0,0.0,0.0,0.0,0.0,0.0,0.05,0.0,0.05,0.05,-0.12602169941609542,-0.062226228294709376,0.07145662190197968
2024-12-10,-0.05,-0.05,0.05,0.0,0.0,0.0,0.0,0.05,0.05,0.0,0.05,0.05,-0.15318066804998456,-0.1732833246756973,0.13853324138581824
2024-12-11,-0.05,-0.05,0.05,0.0,0.0,0.0,0.0,0.05,0.05,0.0,0.05,0.05,-0.12267374448800047,-0.1818251829617174,0.12387619312396772
2024-12-12,-0.05,-0.05,0.05,0.0,0.0,0.0,0.0,0.05,0.05,0.0,0.05,0.05,-0.11617670927074077,-0.18100741864904202,0.11658257499828201
2024-12-13,-0.05,-0.05,0.05,0.0,0.0,0.0,0.0,0.05,0.05,0.0,0.05,0.05,-0.11249376913903371,-0.18121907594890993,0.1171823151988981
2024-12-16,-0.05,-0.05,0.05,-0.05,0.0,0.0,0.0,0.05,0.05,0.0,0.05,0.05,-0.29501356241807236,-0.18311741368072532,0.313171074309753
2024-12-17,-0.05,-0.05,0.05,-0.05,0.0,0.05,0.0,0.05,0.05,0.0,0.05,0.05,-0.3827344130213389,-0.19814123591748917,0.34774965600322333
2024-12-18,-0.05,-0.05,0.0,-0.05,0.0,0.05,0.0,0.05,0.05,0.0,0.05,0.05,-0.38429762270511114,-0.0903740246178702,0.28518091091284475
2024-12-19,-0.05,-0.05,0.0,-0.05,0.0,0.05,0.0,0.05,0.05,0.0,0.05,0.0,-0.30568516852301547,-0.0800146066991048,0.2733071627295139
2024-12-20,-0.05,-0.05,0.0,-0.05,0.0,0.05,0.0,0.05,0.0,0.0,0.05,0.0,-0.2507451608717005,-0.04280963753715659,0.2530165477762122
2024-12-23,-0.05,-0.05,0.0,-0.05,0.0,0.05,0.0,0.0,0.0,0.0,0.05,0.0,-0.19193232569233684,-0.03419169256855466,0.22153817249413676
2024-12-24,-0.05,0.0,0.0,-0.05,0.0,0.05,0.0,0.0,0.0,0.0,0.0,0.0,-0.19518167667795508,-0.0016280968092055735,0.1967553898944205
2024-12-26,0.0,0.0,0.0,-0.05,0.0,0.05,0.0,0.0,0.0,0.0,0.0,0.0,-0.1936913265479853,-0.018107383583507948,0.19355683056206469
2024-12-27,0.0,0.0,0.0,0.0,0.0,0.05,0.0,0.0,0.0,0.0,0.0,0.0,-0.025175660878053563,-0.008006817197628465,-0.016303187394687484
2024-12-30,0.0,0.0,0.0,0.0,0.0,0.05,0.0,0.0,0.0,0.0,0.0,0.0,-0.024379188560011922,-0.006512994159825319,-0.017513175588715985
2024-12-31,0.0,0.0,0.0,0.0,0.0,0.0,0.0,0.0,0.0,0.0,0.0,0.0,-0.0,-0.0,-0.0
2025-01-02,0.0,0.0,0.0,0.0,0.0,0.0,0.0,0.0,0.0,0.0,0.0,0.0,-0.0,-0.0,-0.0
2025-01-03,0.0,0.0,0.0,0.0,0.0,0.0,0.0,0.0,0.0,0.0,0.0,0.0,-0.0,-0.0,-0.0
2025-01-06,0.0,0.0,0.0,0.0,0.0,0.0,0.0,0.0,0.0,0.0,0.0,0.0,-0.0,-0.0,-0.0
2025-01-07,0.0,0.0,0.0,0.0,0.0,0.0,0.05,0.0,0.0,0.0,0.0,0.0,-0.022970116278590576,-0.03746452753496536,0.015330498006588481
2025-01-08,0.0,0.0,0.0,0.0,0.0,0.0,0.05,0.0,0.0,0.0,-0.05,0.0,-0.028367957733444388,0.006505280526269806,0.015247800630084966
2025-01-10,0.0,0.0,0.0,0.0,0.0,0.0,0.05,0.0,0.0,0.0,-0.05,0.0,-0.03957527109045937,0.006670074654689063,0.022568081632612313
2025-01-13,0.0,0.0,0.0,0.0,0.0,0.0,0.05,0.0,0.0,0.0,-0.05,0.0,-0.05228137749184156,-0.005215400693213166,0.04089216100340863
2025-01-14,0.0,0.0,0.0,0.0,0.0,0.0,0.05,0.0,0.0,0.0,-0.05,0.0,-0.04895110825723714,-0.009050183555982791,0.04202956047483287
2025-01-15,0.0,0.0,0.0,0.0,0.0,0.0,0.05,0.0,0.0,0.0,-0.05,0.0,-0.04257970036061948,-0.0051600104764039974,0.033586612780765475
2025-01-16,0.0,0.0,0.0,0.0,0.0,0.0,0.05,0.0,0.0,0.0,-0.05,0.0,-0.03226104896626171,-0.012501062586263632,0.038501584869550756
2025-01-17,0.0,0.0,0.0,0.0,0.0,0.0,0.05,0.0,0.0,0.0,-0.05,0.0,-0.034626048264925643,-0.013253895025751842,0.041400205384800784
2025-01-21,0.0,0.0,0.0,0.0,0.0,0.0,0.05,0.0,0.0,0.0,-0.05,0.0,-0.03622029771802128,-0.012451261239707374,0.041998521012191134
2025-01-22,0.0,0.0,0.0,0.0,0.0,0.0,0.05,0.0,0.0,0.0,-0.05,0.0,-0.026846708697926568,-0.008021268910178785,0.031371741844030396
2025-01-23,0.0,0.0,0.0,0.0,0.0,0.0,0.05,0.0,0.0,0.0,-0.05,0.0,-0.02505267412683738,-0.005614351322866749,0.026225337089613842
2025-01-24,0.0,0.0,0.0,0.0,0.0,0.0,0.05,0.0,0.0,0.0,0.0,0.0,-0.024649602817660723,-0.04824623531074293,0.03087556553463481
2025-01-27,0.0,-0.05,0.0,0.0,0.0,0.0,0.05,0.0,0.0,0.0,0.0,0.0,-0.03561178381463167,-0.021814434215457937,0.049073146996744615
2025-01-28,0.0,-0.05,0.0,0.0,-0.05,0.0,0.0,0.05,0.0,0.0,0.0,0.0,-0.055507077152055585,0.0312731177408455,0.07236906821806223
2025-01-29,0.0,-0.05,0.0,0.0,0.0,0.0,0.0,0.05,0.0,0.0,0.0,0.0,-0.03527011636347422,-0.011151188721232025,0.05271541984962885
2025-01-30,0.0,0.0,0.0,0.0,-0.05,0.0,0.0,0.05,0.0,0.0,0.0,0.0,-0.04279279092939284,-0.017326507135122272,0.07553057858938586
2025-01-31,0.0,0.0,0.0,0.0,-0.05,0.0,0.0,0.05,0.0,0.0,0.0,0.0,-0.04162629600580357,-0.01697772024106199,0.07482567054942882
2025-02-03,0.0,0.0,0.0,0.0,-0.05,0.0,0.0,0.05,0.0,0.0,0.0,0.0,-0.034352062352830254,-0.013713421326263252,0.06744694576293177
2025-02-04,0.0,0.0,0.0,0.0,-0.05,0.0,0.0,0.0,0.0,0.0,0.0,0.0,-0.0012794063409828048,0.011842791817493481,0.03773349293722849
2025-02-05,0.0,0.0,0.0,0.0,-0.05,0.0,0.0,0.0,0.0,0.0,0.0,0.0,-0.003234343698457127,0.013469818784428864,0.0391281908472098
2025-02-06,0.0,0.05,0.0,0.0,0.0,0.0,0.0,0.0,0.0,0.0,0.0,0.0,0.01955385970586717,-0.01846515801740888,-0.024444123216174
2025-02-07,0.0,0.05,0.0,0.0,0.0,0.0,0.0,0.0,0.0,0.0,0.0,0.0,0.01986986616742623,-0.018226963319283765,-0.02513203039724926
2025-02-10,0.0,0.05,0.0,0.0,0.0,0.0,0.0,0.0,0.0,0.0,0.0,0.0,0.018109673546206163,-0.016930165959424093,-0.025855999565114786
2025-02-11,0.0,0.05,0.0,0.0,0.0,0.0,0.0,0.0,0.0,0.0,0.0,0.0,0.016886381714004653,-0.01586175905362557,-0.025941629616775527
2025-02-12,0.0,0.05,0.0,0.0,0.0,0.0,0.0,0.0,0.0,0.0,0.0,0.0,0.014924135227804112,-0.014627805855940843,-0.026171570662659446
2025-02-13,0.0,0.05,0.0,0.0,0.0,-0.05,0.0,0.0,-0.05,0.0,0.0,0.0,0.1464293550875975,-0.015167527816832782,-0.04547664544625334
2025-02-14,0.0,0.05,0.0,0.0,0.0,-0.05,0.0,0.0,-0.05,0.0,0.0,0.0,0.15390728781017324,-0.01896407250435954,-0.042715662505659766
2025-02-18,0.0,0.05,0.0,0.0,0.0,-0.05,0.0,-0.05,-0.05,0.0,0.0,0.0,0.18251915450336892,0.013744863213648623,-0.08292748545965689
2025-02-19,0.0,0.05,0.0,0.0,0.0,-0.05,0.0,-0.05,0.0,0.0,0.0,-0.05,0.14168100624446223,0.0002758562145964414,-0.06013910219850668
2025-02-20,0.0,0.05,0.0,0.0,0.0,-0.05,0.0,-0.05,0.0,0.0,0.0,-0.05,0.1429883217709364,0.0015612695546912015,-0.06132103362042943
2025-02-21,0.0,0.05,0.0,0.0,0.0,-0.05,0.0,0.0,0.0,0.0,0.0,0.0,0.0724205232774987,-0.017248930890449807,-0.0347829460565793
2025-02-24,0.0,0.05,0.0,0.0,0.0,-0.05,0.0,0.0,0.0,0.0,0.0,0.0,0.06868248783941537,-0.020071605641525127,-0.029164838899872682
2025-02-25,0.0,0.05,0.0,0.0,0.0,-0.05,0.0,0.0,0.0,0.0,0.0,0.0,0.06923242307465877,-0.020051584890080007,-0.02977905385820151
2025-02-26,0.0,0.05,0.0,0.0,0.0,-0.05,0.0,-0.05,0.0,0.0,0.0,0.0,0.08749875810009144,0.010062193438723326,-0.05659730768773888
2025-02-27,0.0,0.05,0.0,0.0,0.0,-0.05,0.0,-0.05,0.0,0.0,0.0,0.0,0.08847153333258695,0.007065122029776628,-0.05395053676135779
2025-02-28,0.0,0.05,0.0,0.0,0.0,-0.05,0.0,-0.05,0.0,0.0,0.0,0.0,0.093536178751664,0.004066842175151887,-0.05537007725146742
2025-03-03,0.0,0.05,0.0,0.0,0.0,-0.05,0.0,-0.05,0.0,0.0,0.0,0.0,0.085027563281755,0.006328583560391779,-0.05366064731839845
2025-03-04,0.0,0.05,0.0,0.0,0.0,-0.05,0.0,-0.05,0.0,-0.05,0.0,0.0,0.11574898493348068,0.13525885539425342,-0.16884137866445054
2025-03-05,0.0,0.05,0.0,0.05,-0.05,-0.05,0.0,-0.05,0.0,-0.05,0.0,0.0,0.26301341371387743,0.11336624419225647,-0.29331747976615863
2025-03-06,0.0,0.0,0.0,0.05,-0.05,-0.05,0.0,-0.05,0.0,-0.05,0.0,0.0,0.26761158751560504,0.12272482861880374,-0.27903900276433613
2025-03-07,0.0,0.0,0.0,0.05,-0.05,-0.05,0.0,-0.05,0.0,0.0,0.0,0.0,0.21289242401441094,-0.008120498851967082,-0.14934873759447617
2025-03-10,0.0,0.0,0.0,0.05,-0.05,-0.05,0.0,-0.05,0.0,0.0,0.0,0.0,0.20654412189701696,-0.017118922497929137,-0.13554478548259602
2025-03-11,0.0,0.0,0.0,0.05,-0.05,-0.05,0.0,0.0,0.0,0.0,0.0,0.0,0.19160814397632087,-0.04066447963028851,-0.11401406552124066
2025-03-12,0.0,0.0,0.0,0.05,-0.05,-0.05,0.0,0.0,0.0,0.0,0.0,0.0,0.18864696684766383,-0.03668209773897753,-0.11646341672956562
2025-03-13,0.0,0.0,0.0,0.05,0.0,0.0,0.0,0.05,0.0,0.0,0.0,0.0,0.1542103059385365,-0.06332512207066471,-0.14642019718215854
2025-03-14,0.0,0.0,-0.05,0.0,0.0,0.0,0.0,0.05,0.0,0.0,0.0,0.0,-0.07863453060511764,0.15032387760110952,-0.055807884284276674
2025-03-17,0.0,0.0,-0.05,0.0,0.0,0.0,0.0,0.05,0.0,0.0,0.0,0.0,-0.0893328306892239,0.14592983848884625,-0.042796031798190866
2025-03-18,0.0,0.0,0.0,0.0,0.0,0.0,0.0,0.05,0.0,0.0,0.0,0.0,-0.019386065809647735,-0.023047556674019618,0.01881535765490091
2025-03-19,0.0,0.0,0.0,0.0,0.0,0.0,0.0,0.05,0.0,0.0,0.0,0.0,-0.01932250535740135,-0.022597494577526907,0.017981978612416728
2025-03-20,0.0,0.0,0.0,0.0,0.0,0.0,0.0,0.05,0.0,0.0,0.0,0.0,-0.0195072728161383,-0.02237674769749616,0.017686859356609224
2025-03-21,0.0,0.0,0.0,0.0,0.0,0.0,0.0,0.05,0.0,0.0,0.0,0.0,-0.02048797937108063,-0.02353628844123088,0.019732502109581104
2025-03-24,0.0,0.0,0.0,0.0,0.0,0.0,0.0,0.05,0.0,0.0,0.0,0.0,-0.021479299904884095,-0.023118435087768546,0.020155252206170662
2025-03-25,0.0,0.0,0.0,0.0,0.0,0.0,0.0,0.05,0.0,0.0,0.0,0.0,-0.021456816887049385,-0.02313949690451179,0.02022519388737683
2025-03-26,0.0,0.0,0.0,0.0,0.0,0.0,0.0,0.05,0.0,0.0,0.0,0.0,-0.021045194346699873,-0.024650063613038203,0.022140337009622844
2025-03-27,0.0,0.0,0.0,0.0,0.0,0.0,0.0,0.05,0.0,0.0,0.0,0.0,-0.02218132624254876,-0.024440017388226223,0.023947114977970904
2025-03-28,0.0,0.0,0.0,0.0,0.0,0.0,0.0,0.05,0.0,0.0,0.0,0.0,-0.021831947203517648,-0.024795373443442528,0.02411503013448632
2025-03-31,0.0,0.0,0.0,0.0,0.0,0.0,0.0,0.05,0.0,0.0,0.0,0.0,-0.021499845492294247,-0.025112794989095563,0.024384692398895243
2025-04-01,0.0,0.0,0.0,0.0,0.0,0.0,0.0,0.0,0.0,0.05,0.0,0.0,-0.051888521275689076,-0.12066722663603718,0.1141307006420895
2025-04-02,0.0,0.0,0.0,0.0,0.0,0.0,0.0,0.0,0.0,0.05,0.0,0.0,-0.0495601453530817,-0.11973371674661956,0.11106904427421983
2025-04-03,0.0,0.0,0.0,0.0,0.0,0.0,0.0,0.0,0.0,0.05,0.0,0.0,-0.05151041397188463,-0.117929688856635,0.10878770693652988
2025-04-04,0.0,0.0,-0.05,0.0,0.0,0.0,0.0,0.05,0.0,0.0,0.05,0.0,-0.19882000916203735,0.09297708404822404,0.04841333647700518
2025-04-07,0.0,0.0,-0.05,0.0,0.0,0.0,0.0,0.05,0.0,-0.05,0.05,0.0,-0.18545307231061778,0.20264520995883067,-0.03435513938001203
2025-04-08,0.05,0.0,-0.05,0.0,0.0,0.0,0.0,0.05,0.0,-0.05,0.05,0.0,-0.24299755332450407,0.22322265177383394,-0.04849336543682159
2025-04-09,0.05,0.0,-0.05,0.0,0.0,0.0,0.0,0.05,0.0,-0.05,0.05,0.0,-0.25258257483247726,0.22040768457925855,-0.04076425693627758
2025-04-10,0.05,-0.05,-0.05,0.0,0.0,0.0,0.0,0.05,0.0,0.0,0.05,0.0,-0.2779199699009953,0.1280895268311686,0.061222054468526
2025-04-11,0.05,-0.05,-0.05,0.0,0.0,0.0,0.0,0.05,0.0,0.0,0.05,0.0,-0.2579778380929689,0.13265452314837664,0.04167142726834771
2025-04-14,0.05,-0.05,-0.05,0.0,0.0,0.0,0.0,0.05,0.0,0.0,0.05,0.05,-0.32961885127563156,0.1512543019796896,0.03753586553701302
2025-04-15,0.05,-0.05,-0.05,0.0,0.0,0.0,0.0,0.05,0.0,0.0,0.05,0.05,-0.3492254379849144,0.14541948690256004,0.06120518714478577
2025-04-16,0.05,-0.05,-0.05,0.0,0.0,0.0,0.0,0.05,0.0,0.0,0.05,0.05,-0.3486611784456479,0.14172032745855467,0.06520945559993328
2025-04-17,0.05,-0.05,-0.05,0.0,0.0,0.0,0.0,0.05,0.0,0.0,0.05,0.05,-0.3602347720591669,0.1366243409703792,0.08073418427174417
2025-04-21,0.05,-0.05,-0.05,-0.05,0.0,0.0,0.0,0.05,0.0,0.0,0.05,0.05,-0.4554481132908257,0.2778737284844205,0.060717603663322614
2025-04-22,0.0,0.0,0.0,-0.05,0.0,0.0,0.0,0.0,0.0,0.0,0.0,0.05,-0.17554039992882856,0.14169375502879103,0.00593246185841022
2025-04-23,0.0,0.0,0.0,-0.05,0.0,0.0,0.0,0.0,0.0,0.0,0.0,0.05,-0.17674516646288488,0.1501028003523467,-0.001134089551541471
2025-04-24,0.0,0.0,0.0,-0.05,0.0,0.0,0.0,0.0,0.0,0.0,0.0,0.05,-0.1422957868220081,0.10150758510960003,0.021220718220324668
2025-04-25,0.0,-0.05,0.0,-0.05,0.0,0.0,0.0,0.0,0.0,0.0,0.0,0.05,-0.1555470608555124,0.09394851968874188,0.06780301390170038
2025-04-28,0.0,0.0,0.0,-0.05,0.0,0.0,0.0,0.0,0.05,0.0,0.0,0.05,-0.22203494205418836,0.036249565905795596,0.11729715077029942
2025-04-29,0.0,0.0,0.0,-0.05,0.0,0.0,0.0,0.0,0.05,0.0,0.0,0.05,-0.22401898496746384,0.039949428607330244,0.11465644972395553
2025-04-30,0.0,0.0,0.0,-0.05,0.0,0.0,-0.05,0.0,0.05,0.0,0.0,0.05,-0.22756122341479446,0.07208350045552024,0.11571933699508133
2025-05-01,0.0,0.0,0.05,0.0,0.0,0.0,-0.05,0.0,0.05,0.0,0.0,0.05,-0.08087034433702527,-0.14482419266393404,0.11918318915456483
2025-05-02,0.0,0.0,0.05,0.0,0.0,0.0,-0.05,0.0,0.05,0.0,0.0,0.05,-0.07972534347904071,-0.14571555520228127,0.1190959896739889
2025-05-05,0.05,0.0,0.05,0.0,0.0,0.0,-0.05,0.0,0.05,-0.05,0.0,0.05,-0.13745872866003295,-0.08249854956497421,0.09921916420255998
2025-05-06,0.05,0.0,0.05,0.0,0.0,0.0,-0.05,0.0,0.05,-0.05,0.0,0.05,-0.1426290216739639,-0.09214328583217457,0.11474179133497064
2025-05-07,0.05,0.0,0.05,0.0,0.0,0.0,-0.05,0.0,0.05,-0.05,0.0,0.05,-0.14625468445260612,-0.10203887778029519,0.12933490051186758
2025-05-08,0.05,0.0,0.05,0.0,0.0,0.0,-0.05,0.0,0.05,-0.05,0.0,0.05,-0.1471995683825679,-0.10116368273850078,0.1292718431952598
2025-05-09,0.05,0.0,0.05,0.0,0.0,0.0,-0.05,0.0,0.05,-0.05,0.0,0.05,-0.13468590923170343,-0.08640612207050666,0.10173348383439526
2025-05-12,0.05,0.0,0.05,0.0,0.0,0.0,-0.05,0.0,0.05,-0.05,0.0,0.0,-0.08087764813876963,-0.06224719032231344,0.0726033055761123
2025-05-13,0.05,0.0,0.05,0.0,0.0,0.0,-0.05,0.0,0.05,-0.05,0.0,0.0,-0.0900105123073339,-0.07318002359867676,0.09454569577298398
2025-05-14,0.05,0.0,0.05,0.0,0.0,0.0,-0.05,0.0,0.05,-0.05,0.0,0.0,-0.08767988236394952,-0.0815240145701823,0.10164199250832927
2025-05-15,0.05,0.0,0.05,0.0,0.0,0.0,-0.05,0.0,0.05,-0.05,0.0,0.0,-0.0799583621718055,-0.0474349817758678,0.0570489828570301
2025-05-16,0.05,0.0,0.05,0.0,0.0,0.0,-0.05,0.0,0.05,0.0,0.0,0.0,-0.0811945437390082,-0.07427426023124532,0.04400990266336849
2025-05-19,0.05,0.0,0.0,0.0,0.0,-0.05,-0.05,0.0,0.05,0.0,0.0,0.0,-0.1578317116881551,0.007397468950119047,0.10500150504750884
2025-05-20,0.05,0.0,0.0,0.0,0.0,-0.05,-0.05,0.0,0.05,0.0,0.0,0.0,-0.15831201729501654,0.0014533088462856535,0.1118578739682062
2025-05-21,0.05,0.0,0.0,0.0,0.0,-0.05,-0.05,0.0,0.05,0.0,0.0,0.0,-0.16552748220757282,0.0016636803243896218,0.11809832523308379
2025-05-22,0.05,0.0,0.0,0.0,0.0,-0.05,0.0,0.0,0.05,0.0,0.0,0.0,-0.17200246409978376,-0.02871442381031085,0.12408642035451144
2025-05-23,0.05,0.0,0.0,0.0,0.0,-0.05,0.0,0.0,0.05,0.0,0.0,0.0,-0.1722809211120538,-0.02942486923640367,0.1251321726873585
2025-05-27,0.05,0.0,0.0,0.0,0.0,-0.05,0.0,0.0,0.05,0.0,0.0,0.0,-0.17414062991089763,-0.02739498847927191,0.12447426080443144
2025-05-28,0.05,0.0,0.0,0.0,0.0,-0.05,0.0,0.0,0.05,-0.05,0.0,0.0,-0.1854992210776334,-0.02149744180560873,0.17197884746979916
2025-05-29,0.05,0.0,0.0,0.0,0.0,-0.05,0.0,0.0,0.05,-0.05,0.0,0.0,-0.18788422681801897,-0.007119712883621655,0.15873749769236012
2025-05-30,0.05,0.0,0.0,-0.05,0.0,-0.05,0.0,0.0,0.05,-0.05,0.0,0.0,-0.24354049282195372,0.12897308434235547,0.108688324721921
2025-06-02,0.05,0.0,0.0,-0.05,0.0,-0.05,0.0,0.0,0.0,-0.05,0.0,0.0,-0.1448381883214822,0.12134550364792965,0.07251656414320021
2025-06-03,0.05,0.0,0.0,0.0,0.0,-0.05,0.05,0.0,0.0,-0.05,0.0,0.0,-0.03432677604366202,-0.03365209500737951,0.06008845072394903
2025-06-04,0.05,0.0,0.0,0.0,0.0,-0.05,0.05,0.0,0.0,-0.05,0.0,0.0,-0.03513656272414978,-0.04004796313002211,0.06787505156439146
2025-06-05,0.05,0.0,0.0,0.0,0.0,-0.05,0.05,0.0,0.0,-0.05,0.0,0.0,-0.03908506848240679,-0.04074511530394616,0.0724737960112659
2025-06-06,0.05,0.0,0.0,0.0,0.0,-0.05,0.05,0.0,0.0,-0.05,0.0,0.0,-0.048826432826748575,-0.03763478089913916,0.07715317530059024
2025-06-09,0.05,0.0,0.0,0.0,0.0,0.0,0.05,-0.05,0.0,-0.05,0.0,0.0,0.019405890271894585,0.0017406980466162852,-0.028679127024760553
2025-06-10,0.05,0.0,0.0,0.0,0.0,0.0,0.05,-0.05,0.0,-0.05,0.0,-0.05,0.06591317498983089,0.0712915889942387,-0.09821504354267074
2025-06-11,0.05,0.0,0.0,0.0,0.0,0.0,0.05,0.0,0.0,-0.05,0.0,-0.05,0.006918417621010021,0.0425463443722226,-0.041912967178413196
2025-06-12,0.05,0.0,0.0,0.0,0.0,0.0,0.05,0.0,0.0,-0.05,0.0,-0.05,0.0003259021409490019,0.042725865838892665,-0.036533492223223614
2025-06-13,0.05,0.0,0.0,0.0,0.0,0.0,0.05,0.0,0.0,0.0,0.0,-0.05,0.022709480033197928,0.014886851240175424,-0.06766407398077694
2025-06-16,0.0,0.0,0.0,0.0,0.0,0.0,0.05,0.0,0.0,0.0,0.0,-0.05,0.05476110532918785,0.0157282479863557,-0.05077123609767182
2025-06-17,0.0,0.0,0.0,0.0,0.0,0.0,0.05,0.0,0.0,0.0,0.0,-0.05,0.05551871482850439,0.014667904354089212,-0.05033481234781654
2025-06-18,0.0,0.0,0.0,0.0,-0.05,0.0,0.05,0.0,0.0,0.0,0.0,-0.05,-0.0005390774898508012,0.04528979742100618,0.03124784938831994
2025-06-20,0.0,0.0,0.0,0.0,-0.05,0.0,0.05,0.0,0.0,0.0,0.0,-0.05,0.0010609824579825792,0.06476252973701074,0.006955134470668523
2025-06-23,0.0,0.0,0.0,0.0,-0.05,0.0,0.05,-0.05,0.0,0.0,0.0,-0.05,0.05654383254933759,0.10006494770592447,-0.05243787797835715
2025-06-24,0.0,0.0,0.0,0.0,-0.05,0.0,0.05,-0.05,0.0,0.0,0.0,-0.05,0.035697050167291126,0.10536907601589887,-0.03868558319694197
2025-06-25,0.0,0.0,0.0,0.0,-0.05,0.0,0.05,-0.05,0.0,0.0,0.0,-0.05,0.03862207794009005,0.09965799600016775,-0.03480000695625996
2025-06-26,0.0,0.0,0.0,0.0,-0.05,0.0,0.05,-0.05,0.0,0.0,0.0,-0.05,0.028388573604034212,0.10050627694489365,-0.025892086948042327
2025-06-27,0.0,0.0,0.0,0.0,-0.05,0.0,0.05,-0.05,0.0,0.0,0.0,-0.05,0.008072089409576873,0.10105538632221986,-0.008478794092885922
2025-06-30,0.0,0.0,0.0,0.0,-0.05,0.0,0.0,-0.05,0.0,0.0,0.0,-0.05,-0.007852732812087593,0.13654891694794274,0.000343973317370308
2025-07-01,0.0,0.0,0.0,0.0,-0.05,0.0,0.0,-0.05,0.0,0.0,0.0,0.0,-0.022805229379486633,0.07897535630940669,0.027897650136433506
2025-07-02,0.0,0.0,0.0,0.05,-0.05,0.0,0.0,-0.05,-0.05,0.0,0.0,0.0,0.11835160847586898,0.020375314494514792,-0.02515673797014198
2025-07-03,0.0,0.0,0.0,0.05,-0.05,0.0,0.0,0.0,0.0,0.0,0.0,0.0,-0.0065891809701125875,-0.026107825994929744,0.05032860881367674
2025-07-07,0.0,0.0,0.0,0.05,0.0,0.0,0.0,0.0,0.0,0.0,0.0,0.0,0.05750731707154913,-0.0649797948680703,-0.03214348405990466
2025-07-08,0.0,0.0,0.0,0.05,0.0,0.0,0.0,0.0,0.0,0.0,0.0,0.0,0.058942462524601294,-0.06743975843180623,-0.032032437309060545
2025-07-09,0.0,0.0,0.0,0.05,0.0,0.0,0.0,0.0,-0.05,0.0,0.0,0.0,0.14425896417577738,-0.01636590077815935,-0.11244750105841306
2025-07-10,0.0,0.0,-0.05,0.05,0.0,0.05,0.0,0.0,-0.05,0.0,0.0,0.0,0.04617985039299348,0.05029804607572766,-0.06929855131255212
2025-07-11,0.0,0.0,-0.05,0.05,-0.05,0.05,0.0,0.0,-0.05,0.0,0.0,0.0,-0.0233837928931232,0.08871277259021668,0.00684596515973597
2025-07-14,0.0,0.0,-0.05,0.05,-0.05,0.05,0.0,0.0,-0.05,0.0,0.0,0.0,-0.059199490760958186,0.07079877961450687,0.05444249439657964
2025-07-15,0.0,0.0,-0.05,0.05,-0.05,0.05,0.0,0.0,-0.05,0.0,0.0,0.0,-0.05936527443784461,0.08332421357819697,0.0403181127141668
2025-07-16,0.0,0.0,-0.05,0.05,0.0,0.05,0.0,0.0,-0.05,0.0,0.0,0.0,0.06445635712735434,0.046713118532322254,-0.0866967847248314
2025-07-17,-0.05,0.0,-0.05,0.05,0.0,0.05,0.0,0.0,-0.05,0.0,0.05,0.0,-0.0014343099880907671,-0.018048980703273872,0.04273155700261443
2025-07-18,-0.05,0.0,-0.05,0.05,0.0,0.05,0.0,0.0,-0.05,0.0,0.05,0.0,-0.0037208015459398655,-0.017389676353174583,0.04219932028155898
2025-07-21,-0.05,0.0,-0.05,0.05,0.0,0.05,0.0,0.0,-0.05,0.0,0.05,0.0,-0.011881627435257988,-0.01237734707300446,0.04037590131456618
2025-07-22,-0.05,0.05,0.0,0.05,0.0,0.05,0.0,0.0,-0.05,0.0,0.0,0.0,0.17481465014960867,-0.0356705397600029,-0.1404991293804015
2025-07-23,-0.05,0.05,0.0,0.05,0.0,0.05,0.0,0.0,-0.05,0.0,0.0,0.0,0.1809770204830355,-0.03432008179881374,-0.14555362511739414
2025-07-24,-0.05,0.05,0.0,0.0,0.0,0.05,0.0,0.05,-0.05,0.0,0.0,0.05,0.034546234908543916,-0.013652525755201657,-0.0629680861764893
2025-07-25,-0.05,0.05,0.0,0.0,0.0,0.05,0.0,0.05,0.0,0.0,0.0,0.05,-0.05419329377643858,-0.039020652903176675,-0.013703529824944197
2025-07-28,-0.05,0.05,0.0,0.0,0.0,0.0,0.0,0.05,0.0,0.0,0.0,0.05,0.0029347477072563513,-0.029248790934848664,-0.040987575561796274
2025-07-29,-0.05,0.05,0.0,0.0,0.0,0.0,0.0,0.05,0.0,0.0,0.0,0.05,0.0007950101820851062,-0.03020683888809867,-0.03800858774951292
2025-07-30,-0.05,0.05,0.0,0.0,0.0,0.0,0.0,0.05,0.0,0.0,0.0,0.05,-0.011375616354680332,-0.035107146825148115,-0.018740217659869662
2025-07-31,0.0,0.05,0.0,0.0,0.0,0.0,0.0,0.05,0.0,0.0,0.0,0.05,-0.017381062296571832,-0.04532089484721554,-0.03534949644855584
2025-08-01,0.0,0.0,0.0,0.0,0.0,0.0,0.0,0.05,0.0,0.0,0.05,0.05,-0.04385497137327689,-0.08587550145186743,0.00676243968464138
2025-08-04,0.0,0.0,0.0,0.0,0.0,0.0,0.0,0.05,0.0,0.0,0.05,0.05,-0.04233411556316228,-0.08212922923818922,0.010366174383243786
2025-08-05,0.0,-0.05,0.0,0.0,0.0,0.0,0.0,0.05,0.0,0.0,0.05,0.05,-0.02150301437214249,-0.06083829694541998,-0.002298580225375109
2025-08-06,0.0,0.0,0.0,0.0,0.0,0.0,0.0,0.05,0.0,0.0,0.05,0.05,-0.030663056138305243,-0.06263272799870902,-0.016395952952673064
2025-08-07,0.0,0.0,0.0,0.0,0.0,0.0,0.0,0.05,0.0,0.0,0.05,0.05,-0.037005219609404644,-0.06832458066502067,-0.005672340430496846
2025-08-08,0.0,0.05,0.0,0.0,0.0,0.0,0.0,0.0,0.0,0.0,0.05,0.05,-0.009819973297643178,-0.0716534207879881,-0.0017316553815609932
2025-08-11,0.0,0.05,0.0,0.0,0.0,0.0,0.05,0.0,0.0,0.0,0.05,0.05,-0.023425177707304665,-0.11996730810829653,0.014867651713209265
2025-08-12,0.0,0.05,0.0,0.0,0.0,0.0,0.05,0.0,0.0,0.0,0.05,0.05,-0.027452812945118248,-0.1262568742782991,0.024494195636505924
2025-08-13,0.0,0.05,0.0,0.0,0.0,0.0,0.05,0.0,0.0,0.0,0.05,0.05,-0.03050319828836951,-0.13278040083965786,0.028187421310390908
2025-08-14,0.0,0.05,0.0,0.0,0.0,0.0,0.05,0.0,0.0,0.0,0.0,0.05,-0.005925955096217253,-0.09450800092981264,0.005260729294365427
2025-08-15,0.0,0.05,0.0,0.0,0.0,0.0,0.05,0.0,-0.05,0.0,0.0,0.05,0.07519969539638069,-0.08412813028786272,-0.020526176011754663
2025-08-18,0.0,0.05,0.0,0.0,0.0,0.0,0.0,0.0,-0.05,0.0,0.0,0.0,0.07617544899791122,-0.015105852110312382,-0.022480593970149468
2025-08-19,0.0,0.05,0.0,0.0,0.0,0.0,0.0,0.0,-0.05,0.0,0.0,0.0,0.07844914721212073,-0.018712653554902477,-0.018964128129587282
2025-08-20,0.0,0.05,0.0,0.0,0.0,0.0,0.0,0.0,-0.05,0.05,0.0,0.0,0.07545819965200538,-0.17543324091308224,0.10232927201429048
2025-08-21,0.0,0.05,0.0,0.0,0.0,0.0,0.0,0.0,-0.05,0.05,0.0,0.0,0.05908624005173483,-0.17649873184482628,0.12011436519870079
2025-08-22,0.0,0.05,0.0,0.0,0.0,0.0,0.0,0.0,-0.05,0.05,0.0,0.0,0.06770849951055145,-0.1793800535724973,0.12302035178878856
2025-08-25,0.0,0.05,0.0,0.0,0.0,0.0,0.0,0.0,-0.05,0.05,0.0,0.0,0.07466279245056932,-0.18448460866578464,0.12664671503001318
2025-08-26,0.0,0.05,0.0,0.0,0.0,0.0,0.0,0.0,-0.05,0.05,0.0,0.0,0.0731576548103019,-0.18476720241199823,0.12763721439684267
2025-08-27,0.0,0.0,0.0,0.0,0.0,0.0,0.0,0.0,-0.05,0.05,0.0,0.0,0.07069474741612124,-0.17242554294923554,0.13877328439786307
2025-08-28,0.0,0.0,0.0,0.0,0.0,0.0,0.0,0.0,-0.05,0.05,0.0,0.0,0.0772336264611,-0.16383236894628536,0.12404613057365596
2025-08-29,0.0,0.0,0.0,-0.05,0.0,0.0,-0.05,0.0,-0.05,0.05,0.0,0.0,0.06025369620585842,-0.10791480655460733,0.1672662664895981
2025-09-02,0.0,0.0,0.0,-0.05,0.0,0.0,-0.05,0.0,-0.05,0.05,0.0,0.0,0.07217410116085306,-0.11028436867837471,0.1568955434546176
2025-09-03,0.0,0.0,0.0,-0.05,0.0,0.0,-0.05,0.0,-0.05,0.05,0.0,0.0,0.06571246501387673,-0.11967639459729282,0.17261210997164705
2025-09-04,0.0,0.0,0.05,-0.05,0.0,0.0,-0.05,0.0,0.0,0.05,0.0,0.0,0.0014930468494577104,-0.18589429974482458,0.20246475978803738
2025-09-05,0.0,0.0,0.05,-0.05,0.0,0.0,0.0,0.0,0.0,0.05,-0.05,0.0,-0.0308330479809883,-0.18033305064025623,0.2271296638058511
2025-09-08,0.0,0.0,0.05,-0.05,0.05,0.0,-0.05,0.0,0.0,0.05,-0.05,0.0,0.0031580280892423134,-0.2611656550640692,0.251939639641811
2025-09-09,0.0,0.0,0.05,0.0,0.05,-0.05,-0.05,0.0,0.0,0.0,-0.05,0.0,0.22569031287311137,-0.11856304722336335,-0.0664605135442283
2025-09-10,0.0,0.0,0.05,-0.05,0.05,-0.05,-0.05,0.0,0.0,0.0,-0.05,0.0,0.07349067761562156,-0.1181101635343936,0.11946285830396822
2025-09-11,0.0,0.0,0.05,0.0,0.05,-0.05,0.0,0.0,0.0,-0.05,0.0,0.0,0.2298825867907981,0.1553169840726774,-0.380325397642184
2025-09-12,0.0,0.0,0.05,0.0,0.05,0.0,0.0,0.0,0.0,-0.05,0.0,0.0,0.1437569461649948,0.16949339758171833,-0.34045549423426724
2025-09-15,0.0,0.0,0.05,0.0,0.05,0.0,0.0,0.0,0.0,-0.05,0.0,0.0,0.15249547779746997,0.1850339041911957,-0.3703882936048437
2025-09-16,0.0,0.0,0.05,0.0,0.05,0.0,0.0,0.0,0.0,-0.05,0.0,0.0,0.1468547393591617,0.1840032278536112,-0.36214668446213094
2025-09-17,0.0,0.0,0.05,0.0,0.05,0.0,0.0,0.0,0.0,-0.05,0.0,0.0,0.13160093355349003,0.17679914081110723,-0.34657155230976133
2025-09-18,0.0,0.0,0.0,0.0,0.05,-0.05,0.0,0.0,0.0,-0.05,-0.05,0.0,0.19134967024956062,0.2695446481292428,-0.39723257257227046
2025-09-19,0.0,0.0,0.0,0.0,0.0,-0.05,0.0,0.0,0.0,-0.05,-0.05,0.0,0.18046731571931673,0.33745271624692597,-0.4138771426700524
2025-09-22,0.0,0.0,0.0,0.0,0.0,-0.05,0.0,0.0,-0.05,-0.05,-0.05,0.0,0.2727915129604279,0.4142944992984666,-0.5254628170081391
2025-09-23,0.0,0.0,0.0,0.0,0.0,-0.05,0.0,0.0,-0.05,0.0,-0.05,0.0,0.17845287830245574,0.05585051631594205,-0.11389030938333439
2025-09-24,0.0,0.0,0.0,0.0,0.0,-0.05,0.0,0.0,-0.05,0.0,-0.05,0.0,0.1744062459373929,0.05424684700607264,-0.11251073543575617
2025-09-25,0.0,0.0,0.0,0.0,0.0,-0.05,0.0,0.0,-0.05,0.0,-0.05,0.0,0.16592913230756384,0.04826173167230835,-0.10271215769444057
2025-09-26,0.0,0.0,0.0,0.0,0.0,-0.05,0.0,0.0,0.0,0.0,-0.05,0.0,0.08064132036581856,0.008737113288663553,-0.026914873987405014
2025-09-29,0.0,0.0,0.0,0.0,0.0,-0.05,0.0,0.0,0.0,0.0,-0.05,0.0,0.08111004800237383,0.01084829124274597,-0.027743615192037017
2025-09-30,0.0,0.0,0.0,0.0,0.0,-0.05,0.0,0.0,0.0,0.0,0.0,0.0,0.04370304394561133,-0.002710184502947084,-0.012698155932014722
2025-10-01,0.0,0.0,0.0,0.0,0.0,-0.05,0.0,0.0,0.0,0.0,0.0,0.0,0.039394201338335544,-0.005082840193309464,-0.007123370179797157
2025-10-02,0.0,0.0,0.0,0.0,0.0,0.0,0.0,0.0,0.0,0.0,0.0,0.0,-0.0,-0.0,-0.0
2025-10-03,0.0,0.0,0.0,0.0,0.0,0.0,0.0,0.0,0.0,0.0,0.0,0.0,-0.0,-0.0,-0.0
2025-10-06,0.0,0.0,0.0,0.0,0.0,0.0,0.0,0.0,0.0,0.0,0.0,0.0,-0.0,-0.0,-0.0
2025-10-07,0.0,0.0,0.0,0.0,0.0,0.0,0.0,0.0,0.0,0.0,0.0,0.0,-0.0,-0.0,-0.0
2025-10-08,0.0,0.0,0.0,0.0,0.0,0.0,0.0,0.0,0.0,0.0,0.0,0.0,-0.0,-0.0,-0.0
2025-10-09,0.0,0.0,0.0,0.0,0.0,0.0,0.0,0.0,0.0,0.0,0.0,0.0,-0.0,-0.0,-0.0
2025-10-10,0.0,0.0,0.0,0.0,0.0,0.0,0.0,0.0,0.0,0.0,0.0,0.0,-0.0,-0.0,-0.0
2025-10-13,0.0,0.0,0.0,0.0,0.0,0.0,0.0,0.0,0.0,0.0,0.0,0.0,-0.0,-0.0,-0.0
2025-10-14,0.0,0.0,0.0,0.0,0.0,0.0,-0.05,0.0,0.0,0.0,0.0,0.0,0.025514911799891328,-0.010490421714086474,0.015423503920236325
2025-10-15,0.0,0.0,0.0,0.0,0.0,0.0,0.0,0.0,0.0,0.0,0.0,0.0,-0.0,-0.0,-0.0
2025-10-16,0.0,0.0,0.0,0.0,0.0,0.0,0.0,0.0,0.0,0.0,0.0,0.0,-0.0,-0.0,-0.0
2025-10-17,0.0,0.0,0.0,0.0,0.0,0.0,-0.05,0.0,0.0,0.0,0.0,0.0,-0.02766497763390721,0.005516985129405812,0.035633188119615765
2025-10-20,0.0,0.0,0.0,0.0,0.0,0.0,-0.05,-0.05,0.0,0.0,0.0,0.0,0.0012672887950664971,0.028317577328235685,0.015707520362674497
2025-10-21,0.0,0.0,0.0,0.0,0.0,0.0,-0.05,-0.05,0.0,0.0,0.0,0.0,0.0026757185188747493,0.02207057438086664,0.02542094028886864
2025-10-22,0.0,0.0,0.0,0.0,0.0,0.0,-0.05,-0.05,0.0,0.0,0.0,0.0,0.0002477678971198917,0.02567505056015947,0.022792975506775066
2025-10-23,0.0,0.0,0.0,0.0,0.0,0.0,-0.05,-0.05,0.0,0.0,0.0,0.0,-0.005239378721558075,0.02527910252077674,0.028178598919344548
2025-10-24,0.0,0.0,0.0,0.0,0.0,0.0,-0.05,-0.05,0.0,0.0,0.0,0.0,-0.006944281003152079,0.022149180105580563,0.03173253095740909
2025-10-27,0.0,0.0,0.0,0.0,0.0,0.0,-0.05,-0.05,0.0,0.0,0.0,0.0,-0.00767404837845702,0.019506188250689453,0.033697612683052255
2025-10-28,0.0,0.0,0.0,0.0,0.0,0.0,-0.05,-0.05,0.0,0.0,-0.05,0.0,0.039292271854452186,0.017693176866889506,0.05519071543422536
2025-10-29,0.0,-0.05,0.0,0.0,0.0,0.0,-0.05,-0.05,0.0,0.0,-0.05,0.0,0.07308683572713803,0.018423912342617536,0.05564192550470417
2025-10-30,0.0,-0.05,0.0,0.0,0.0,0.0,0.0,0.0,0.0,0.0,0.0,0.0,0.00702115066700679,0.0021651455037427015,0.015063121108112282
2025-10-31,0.0,0.0,0.0,0.0,0.0,0.0,0.0,-0.05,0.0,0.0,-0.05,0.0,0.1154963573456298,0.023352038927456464,-0.030358393644950868
2025-11-03,0.0,0.0,0.0,0.0,0.0,0.0,0.0,-0.05,0.0,0.0,-0.05,0.0,0.12241291147899971,0.022563262026247564,-0.0341940828186
2025-11-04,0.0,0.0,0.0,0.0,0.0,0.0,0.0,-0.05,0.0,0.0,-0.05,0.0,0.11655489572189716,0.021851917325013855,-0.02981203297733251
2025-11-05,0.0,0.0,0.0,0.0,0.0,0.0,0.0,-0.05,0.0,0.0,0.0,0.0,0.02509934346586802,0.030308543491298932,-0.03169826414432576
2025-11-06,0.0,0.05,0.0,0.0,0.0,0.0,0.0,-0.05,0.0,0.0,-0.05,0.0,0.08686584851759187,0.019358930907246698,-0.023730190522149808
2025-11-07,0.0,0.05,0.0,0.0,0.0,0.0,0.0,-0.05,0.0,0.0,-0.05,0.0,0.07781390212418607,0.01848892217412707,-0.01516330934254427
2025-11-10,0.0,0.05,0.0,0.0,0.0,0.0,0.0,-0.05,0.0,0.0,-0.05,0.0,0.07139700263799,0.01738830240202276,-0.009200441052843785
2025-11-11,0.0,0.05,0.0,0.0,0.0,0.05,0.0,-0.05,0.0,0.0,0.0,0.0,-0.004535018798287707,0.04410326215883807,-0.07247123875174348
2025-11-12,0.0,0.05,0.0,0.0,0.0,0.05,0.0,-0.05,0.0,0.0,0.0,0.0,-0.015760761866024292,0.04815032521524458,-0.06884358930764316
2025-11-13,0.0,0.05,0.0,0.0,0.0,0.0,0.0,-0.05,0.0,0.0,0.0,0.0,0.014976213778394736,0.029123694310005853,-0.048139771634975
2025-11-14,0.0,0.05,0.0,0.0,0.0,0.0,0.0,0.0,0.0,0.0,-0.05,0.0,0.029695799377458414,-0.014116024255534147,0.027330800253133433
2025-11-17,0.0,0.0,0.0,0.0,0.0,0.0,0.0,0.0,0.0,0.0,-0.05,0.0,0.051493979529669845,-0.014309233354494307,0.036296707413408826
2025-11-18,0.0,0.0,-0.05,0.0,0.0,0.0,0.0,0.0,0.0,0.0,0.0,0.0,-0.0354510836791682,0.08998949492168984,-0.017545794836498162
2025-11-19,0.0,0.0,-0.05,0.0,0.0,0.0,0.0,0.0,0.0,0.0,0.0,0.0,-0.03129116349886838,0.0897750193503842,-0.0198121916914569
2025-11-20,0.0,0.05,-0.05,0.0,0.0,0.05,0.0,0.0,0.0,0.0,0.0,0.0,-0.09469824882712177,0.10309381605021956,-0.0348884912839065
2025-11-21,0.0,0.05,-0.05,0.0,0.0,0.05,0.0,0.0,0.0,0.0,0.0,0.0,-0.08399271490121397,0.1027483514996094,-0.04572421568614132
2025-11-24,0.0,0.05,-0.05,0.0,0.0,0.05,0.0,0.0,0.0,0.0,0.0,0.0,-0.09569270999630922,0.10540425708351238,-0.04083051300449227
2025-11-25,0.0,0.05,-0.05,0.0,0.0,0.05,0.0,0.0,0.0,0.0,0.0,0.0,-0.1013919247320495,0.0971181336155825,-0.025029726407696597
2025-11-26,0.0,0.05,-0.05,0.0,0.0,0.05,0.0,0.0,0.0,0.0,0.05,0.0,-0.16533223049254553,0.09749905113654923,-0.0358436367587029
2025-11-28,0.0,0.05,-0.05,0.0,0.0,0.05,0.0,0.0,0.0,0.0,0.05,0.0,-0.16551685582540515,0.09852860320657458,-0.03751501396698481
2025-12-01,0.0,0.05,0.0,-0.05,0.0,0.05,0.0,0.0,0.0,0.0,0.05,-0.05,-0.16867487470499096,0.06943161726359533,0.03031261761554164
2025-12-02,0.0,0.05,0.0,-0.05,0.0,0.05,0.0,0.0,0.0,0.0,0.05,-0.05,-0.10303750510003937,0.06602888307934582,-0.009699271614513755
2025-12-03,0.0,0.05,0.0,-0.05,0.0,0.05,0.0,0.0,0.0,0.0,0.05,-0.05,-0.10311908537843262,0.06731381513762161,-0.010873320090198707
2025-12-04,0.0,0.05,0.0,-0.05,0.0,0.05,0.0,0.0,0.0,0.0,0.0,0.0,-0.08185763196934527,0.07706012548306775,-0.009269505622384617
2025-12-05,0.05,0.05,0.0,-0.05,0.0,0.0,-0.05,0.0,0.0,0.0,0.0,0.0,-0.07620287437743356,0.03173652573247779,0.06065975582758422
2025-12-08,0.05,0.05,0.0,-0.05,0.0,-0.05,-0.05,0.0,0.0,0.0,0.0,0.0,0.0033820879022094545,0.039980393592264934,0.015181129834858911
2025-12-09,0.05,0.05,0.0,-0.05,0.0,-0.05,-0.05,0.0,0.05,0.0,0.0,0.0,0.09602043632188455,-0.004355967891316008,-0.06823714629387086
2025-12-10,0.05,0.05,0.0,-0.05,0.0,-0.05,-0.05,0.0,0.05,0.0,0.0,0.0,0.08230043499875275,-0.006971428144988964,-0.05424539606250122
2025-12-11,0.05,0.05,0.0,-0.05,0.0,-0.05,-0.05,0.0,0.05,0.0,0.0,0.0,0.10164912221192694,-0.006171950025714024,-0.06801302237538251
2025-12-12,0.05,0.05,0.0,-0.05,0.0,-0.05,-0.05,0.0,0.05,0.0,0.0,0.0,0.11082745412137313,-0.00470214876774278,-0.07615649017213885
2025-12-15,0.05,0.05,0.0,0.0,0.0,-0.05,-0.05,0.0,0.05,0.0,0.0,0.0,0.1676188248005238,0.03233777519739306,-0.2218384778465886
2025-12-16,0.05,0.05,0.0,0.0,0.0,-0.05,-0.05,0.0,0.05,0.0,-0.05,0.0,0.233817164913375,0.040420770812906154,-0.2204513707855189
2025-12-17,0.05,0.05,0.0,0.0,0.0,-0.05,-0.05,0.0,0.05,0.0,-0.05,0.0,0.22875542319804892,0.037481784552310604,-0.21358370716956138
2025-12-18,0.05,0.0,0.0,0.0,0.05,-0.05,-0.05,0.0,0.0,0.0,-0.05,0.0,0.21533750423812545,-0.05449734037006569,-0.10583240187774552
2025-12-19,0.05,0.0,0.0,0.0,0.05,-0.05,-0.05,0.0,0.0,0.0,-0.05,0.0,0.21124386515000812,-0.0551915741434596,-0.10050790250063121
2025-12-22,0.05,0.0,0.0,0.0,0.05,-0.05,-0.05,0.0,0.0,0.0,0.0,0.0,0.12739358107846027,-0.062278488519819666,-0.092162961426062
2025-12-23,0.05,0.0,0.0,0.0,0.05,-0.05,-0.05,0.0,0.0,0.0,0.0,0.0,0.12460184290508014,-0.058998077596828305,-0.09459507716212048
2025-12-24,0.05,0.0,0.0,0.0,0.05,-0.05,-0.05,0.0,0.0,0.0,0.0,0.0,0.12284683698984487,-0.05933785123712595,-0.09350933896546187
2025-12-26,0.05,0.0,0.0,0.0,0.05,-0.05,-0.05,0.0,0.0,0.0,0.0,0.0,0.1386794050818048,-0.049765528474917844,-0.11486350946182743
2025-12-29,0.05,0.0,0.0,0.0,0.05,-0.05,-0.05,0.0,0.0,0.0,0.0,0.0,0.14334532102518807,-0.0402682814048054,-0.12864346320517847
2025-12-30,0.05,0.0,0.0,0.0,0.05,-0.05,-0.05,0.0,0.0,0.0,0.0,0.0,0.14640728253701157,-0.040854123626309066,-0.12996544630140186
2025-12-31,0.05,0.0,0.0,0.0,0.0,-0.05,-0.05,0.0,0.0,0.0,0.0,0.0,0.09618684885500162,0.07142771256567851,-0.13352193361176432
