date,AAPL,MSFT,NVDA,AVGO,AMD,ADBE,CRM,CSCO,INTC,ORCL,QCOM,TXN
2021-12-08,0.8641275781348666,0.9350826478940166,2.0715448960829477,0.9495021196098286,1.5451623061047446,1.329104214591068,1.1378380546787115,0.41965382235212584,0.8080256671194408,0.44309109970013716,1.3210990934155598,0.8760534287559599
2021-12-09,0.8667942954848383,0.9370389979708288,2.0623898961268066,0.9485777079196114,1.545471059344495,1.3305706678622666,1.1367913920267787,0.41212404366756183,0.8003049066317734,0.4288831085333258,1.3107610150717246,0.8733251454287817
2021-12-10,0.8619015872500599,0.9240046549552338,2.108307665197056,0.9426132317745508,1.6113371609918936,1.3395906781100078,1.1297910237307924,0.39822835253020195,0.8146967842476788,0.41460522568487296,1.3254728637071174,0.8746259549921998
2021-12-13,0.8797218966214831,0.9429995706298071,1.9988280010499448,1.0624417550931808,1.5491232083030788,1.360687067949101,1.1016950826682774,0.4416376863123624,0.7912656905106428,0.6906931691665136,1.2842989634058743,0.869347824823823
2021-12-14,0.8847974213810408,0.9282595266902534,2.103585124105154,1.0895893256030704,1.5746364109791964,1.3223046517208465,1.107823581072847,0.4466819806463631,0.795074773461891,0.704932287214069,1.2246916003200043,0.8924510141296249
2021-12-15,0.8611246038438874,0.9647527058896503,2.032461865685127,1.0731812115296122,1.5145916355546827,1.4348781636710388,1.1845469592536821,0.44146610036230216,0.7618649367972995,0.7296850538097931,1.2420511187558745,0.8925271117449826
2021-12-16,0.8710471136102541,0.94893490752143,2.078392717561661,1.096667325594675,1.606875018579152,1.412769919503564,1.1555926417276865,0.5038621220898951,0.7664933309769966,0.773514639067966,1.2495439205708079,0.8803624737056126
2021-12-17,0.917177914226558,0.9560176984114764,2.1113659752480287,1.0964622810357092,1.6512532012194305,1.6558988749753478,1.1402615706911292,0.4458608978347281,0.6803396962377287,0.7170345805145064,1.3451098646384707,0.8744019335023056
2021-12-20,0.9268353804307977,0.9649489199881531,2.1232896028430637,1.085582014952768,1.6583054742899763,1.6694710093253693,1.0655325689360284,0.4251463320269296,0.6753577178870794,0.7657703512954812,1.3630227139422089,0.8712370443431716
2021-12-21,0.9222314058112017,0.9633411929848117,2.0866718861201896,1.0453439435337604,1.6491838112785993,1.6482576343457984,1.0737147727854393,0.4199321827855603,0.6884737772419731,0.8267596331882038,1.3414101596504655,0.8671478104073282
2021-12-22,0.9065259994987283,0.9514725850709721,2.0722285394490387,0.9930376437222692,1.7219687802748964,1.5850418637316541,1.061729107125913,0.41389351342871283,0.7239412243247072,0.8012141257324724,1.303628555754478,0.8592806770268889
2021-12-23,0.9139304005145444,0.9290721962476389,2.102488315088988,0.9894042782385492,1.6475586035470615,1.6095000446276637,1.078821926384282,0.4134161755744216,0.7594438179052788,0.8337634942037071,1.3222732117777194,0.8557600504174652
2021-12-27,0.9151603287427084,0.929440706987684,2.0982594635981413,0.9898693034148159,1.6447174707652463,1.6126423849241724,1.0779140093452744,0.4160021864261573,0.7589665765785795,0.8365001428092482,1.3193635215358626,0.8538006475106782
2021-12-28,0.9145543392507138,0.9329808906078834,2.1165372733211267,0.9674464224270948,1.7102035307523833,1.5952807296709863,1.0933981518431886,0.41433251159319057,0.7602800513753727,0.7673420097870902,1.3033929786027332,0.8720109954674635
2021-12-29,0.9252121569478213,0.9193162541619181,2.162845232896575,0.9869375463346647,1.7504912206427974,1.6169799230416937,1.091685909548998,0.4057503961040476,0.7554569219504718,0.7461418987086393,1.3361493776847901,0.872548669852082
2021-12-30,0.9122619811085532,0.9194441947359323,2.1650661373564684,0.9770756241625099,1.8081694564204875,1.6407169443174663,1.1293197901831653,0.3808877585551381,0.7910387401147501,0.786553660369206,1.3708585038104528,0.8870229442620448
2021-12-31,0.9149712248959933,0.9137804960199559,2.159979470668072,0.981029845970133,1.833855409633921,1.6289500386571707,1.1251864370768698,0.38351436456490506,0.7842311898081172,0.7613883467814349,1.4017066894069996,0.8759952662467135
2022-01-03,0.9160312047400918,0.913640997361316,2.1581635804551023,0.9801056925968069,1.8325696371475375,1.6245722711553652,1.1174524271921256,0.3942290159404128,0.7836395058741212,0.7653667693236544,1.4010548024138723,0.8747481142586525
2022-01-04,0.9275933414804521,0.9052803003317622,2.16195100175218,0.9694978358712542,1.844792804030277,1.6093068529307135,1.1226675381393736,0.3771631184337261,0.8053113748145295,0.7633646804949669,1.4150207127646004,0.8794166837540011
2022-01-05,0.9332886639556698,0.9177498650872841,2.167059549150736,0.9429589605005196,1.8687689507420733,1.6096586944606728,1.1403626628177839,0.41585295291669727,0.7914981363733347,0.751850619019282,1.3863556749277264,0.8653788367407103
2022-01-06,0.9338394986257288,0.9520454918207641,2.1467027288052263,0.9940526471234733,1.8781117826458669,1.6753992134296818,1.2968973640605512,0.42690887031365715,0.6650971285632331,0.766290349824116,1.2680877858132389,0.8378330168555769
2022-01-07,0.9388353606425888,0.9542881601699783,2.132841136640902,0.9906773355246914,1.880224654566806,1.6847703716288045,1.305447182244273,0.41224560415457506,0.6476399228744726,0.769257395588092,1.2595272267252136,0.8212717400020851
2022-01-10,0.9355831824699352,0.9415692878151811,2.1488465160645704,1.0169760946428756,1.8843788340256817,1.6652986099189548,1.284076741758152,0.40502590436415187,0.6524229098984938,0.7423621172649033,1.2810711618682593,0.8569460675904098
2022-01-11,0.9414066192211374,0.9394155030317701,2.1714858646974977,1.0159843616417923,1.918853743560111,1.6718516965177515,1.2901143608631152,0.38672513576522777,0.6141427347230549,0.7927527798456282,1.290462257027386,0.8315230739174222
2022-01-12,0.9463245265388683,0.9320911523256473,2.1676839243371053,1.0018758902261315,1.9451189464405059,1.6668011616417129,1.302550058942699,0.39737950574080344,0.6161813346097588,0.7781949208970816,1.3044146734375681,0.8291338611171837
2022-01-13,0.9437493354573575,0.9323766733072318,2.168289863746278,1.006888372789704,1.9276703439539233,1.6594365500100905,1.3105523386748483,0.39905753054151144,0.6175711444505553,0.7714221209541157,1.3139625964135264,0.8329526368815531
2022-01-14,0.931571205968898,0.982055283058453,2.1766804158286157,1.0463830812913684,1.908020219030634,1.6058325737663246,1.3157824251103332,0.3978536044799776,0.6058409275453142,0.7299491896301761,1.2731497734944233,0.7910145166492812
2022-01-18,0.929626790021568,0.9893337390710609,2.1709742833682353,1.0375134303464841,1.9190010541478228,1.6053988789719826,1.3195839952530048,0.3954888851432435,0.6137900022483841,0.7262508153504943,1.2791418666597023,0.8014208053884034
2022-01-19,0.9270693324198628,0.9869725010972515,2.1409006685280874,1.0540340986323913,1.8957768366674363,1.5402942843215162,1.289685179255228,0.43839061875085306,0.614614652161271,0.7379049159846531,1.338315076528612,0.8084120149006042
2022-01-20,0.9380038252549,0.9663279244912255,2.148283089873947,1.068683976882095,1.9018005617501499,1.5068411387806468,1.266844512726463,0.4460408002623745,0.5918784831333461,0.7612875363621413,1.361701680461594,0.8170941110614789
2022-01-21,0.93944494036025,0.960241955113178,2.1567494055497343,1.0844138374063041,1.927146566211551,1.4924202460783909,1.2588870856672314,0.4566094533875272,0.6184160734681221,0.7571073854300465,1.3871373097910844,0.8318730379203761
2022-01-24,0.9327838568176003,0.9578284650785248,2.1256852634072474,1.0889468150265347,1.9069820600536656,1.4753492897772014,1.241391416284116,0.4796108768226708,0.6072789856399474,0.740714971890745,1.3666088480542464,0.7862535938282842
2022-01-25,0.9273565360898152,0.9577387156355723,2.1202238334848653,1.0924782748105906,1.893332887813234,1.49107545677678,1.2497042500092597,0.4802446824132067,0.6039309265924755,0.7409031108708203,1.3750077112425871,0.7902489013806006
2022-01-26,0.9006314233293984,0.9681365646346246,2.1152106920965106,1.073387766708249,1.9231730374536045,1.4944958456956077,1.2501230365780993,0.4893963843802259,0.6172312094979399,0.7381976754974791,1.3753726211435402,0.8035404795737368
2022-01-27,0.9064308906317621,0.972842576367835,2.1127074809802777,1.092680551018063,1.9216219954697302,1.4836465473234774,1.236101735621434,0.48315860446935693,0.6155775080868483,0.7288291115231168,1.3798749303133782,0.8166317319581878
2022-01-28,0.9055911973019876,0.9643866346695578,2.1234784694506588,1.102166918462074,1.9520594755858935,1.484406929723501,1.2268549099895028,0.48776418118503573,0.6481167488767233,0.7238911183934537,1.39438651909443,0.823198681713408
2022-01-31,0.9864363254497761,0.9235190030833254,1.9714995930625108,1.0495937846917183,1.7812737549051534,1.4578260942374928,1.2163205718707553,0.46470710808353394,0.5452208240048212,0.6567137947666222,1.314193607866017,0.7594193393890791
2022-02-01,0.9837598069380289,0.9024046576371122,2.0089152227410128,1.0778022668751337,1.8418694262174053,1.4466334999513293,1.2512539789994028,0.4488211369965197,0.5577691621013919,0.6473441179872316,1.3349975128786227,0.751664660652824
2022-02-02,1.0052565171440146,0.9067788443804671,1.920354061029879,1.0864458594545652,1.8186893421703156,1.4374147151779804,1.24927805177995,0.46432611443448596,0.5685473059948624,0.6608388408408082,1.233966748449708,0.7542897262476511
2022-02-03,1.0052020139007916,0.913494888710745,1.9299531774851362,1.086471058265089,1.8454643603848113,1.43742064283048,1.230208676713116,0.4715528092347938,0.5690592467892918,0.6722404217666957,1.248380379523028,0.7680042953507028
2022-02-04,0.9928374046508567,0.9356764637764413,1.9080365643857358,1.1035230351567764,1.7501103153375412,1.432188138150136,1.2544414579348953,0.47921278548378426,0.5799576922646726,0.644748027085969,1.2735783466732187,0.8523400825563865
2022-02-07,0.9904412576353141,0.9399108790027755,1.9122853308482757,1.1066813822417028,1.7576186781240966,1.435490882847506,1.2655594739443132,0.4804386460726915,0.576897546204399,0.6449039226652094,1.2736216250952557,0.843379342211506
2022-02-08,0.9846472646424876,0.9445834405782406,1.8940958092149194,1.106477883736829,1.7195456973381187,1.4313869333397409,1.2571193834375505,0.4933612665470519,0.5754236544749877,0.6536913288925971,1.2565597314468273,0.8391632265768938
2022-02-09,0.9898131010018164,0.9451572739624402,1.8811028443970663,1.1095300227927496,1.7208170984754756,1.4297520120291156,1.24683143023369,0.49770735517316383,0.5828627804436869,0.6489485937992182,1.2515509519054449,0.8425485603999988
2022-02-10,0.9673836612634515,0.9458855800034763,1.9283568126512631,1.0996603012192951,1.724547742904186,1.4124037620853558,1.2433531727374936,0.510114087021251,0.6050371364048222,0.6856766803784761,1.262515725360564,0.8517913258855921
2022-02-11,0.9692874131407759,0.9500672014102617,1.8988648630147533,1.108674690128684,1.736521691437695,1.4306485625086804,1.2156230229564304,0.5287847890114826,0.6131993915056327,0.6850455754595248,1.2997551251697448,0.8691868130074852
2022-02-14,0.962540637125364,0.9391432476583466,1.933679934251212,1.1106491193620718,1.8060870870031642,1.418916465334436,1.2233974785861863,0.5374541319157323,0.6245398889709466,0.6822660581374708,1.2868716722303544,0.8930217671093225
2022-02-15,0.9639395237525014,0.9394628288300338,1.9322933183453659,1.1114078713858233,1.8069048807458425,1.4198776468173275,1.2243331748816455,0.5364208241725676,0.6239795669177756,0.6818936603540218,1.2882908476413308,0.8932342310887786
2022-02-16,0.9468220572342413,0.9332144874275798,1.9523505330882582,1.1291565530286365,1.8263668230438626,1.3937070821361843,1.2545244643570836,0.584152900279985,0.6370954357867336,0.6812664822474442,1.3065289744067468,0.8863974410412891
2022-02-17,0.9432859416116366,0.9333556559540916,1.9395683351912703,1.1389111823648452,1.8301080284870648,1.3844950773363698,1.259537873873874,0.5899238709899672,0.6408962845303356,0.6860203855593945,1.3144825330104204,0.8848183958608218
2022-02-18,0.9416797160461542,0.9347870248741529,1.963445997264247,1.128085881011256,1.8143244516445014,1.3779446244167233,1.283559741948555,0.5373703888843973,0.6394338495424167,0.7320283519810099,1.3036683715557025,0.8733473201026017
2022-02-22,0.9426950343881928,0.9342623141580639,1.9699951868221564,1.123410973205028,1.7989063196775896,1.3846907305626073,1.2825323952057603,0.5244058350634666,0.6607382304719606,0.7328418595254493,1.2957485298999476,0.8632674066885334
2022-02-23,0.9499661895658602,0.9332502847777894,1.958572889180589,1.124216560821448,1.7661953781326907,1.38209170912455,1.285862669716168,0.5297648436472298,0.6569099207964383,0.7296686274042011,1.3012311605143585,0.8600958461846716
2022-02-24,0.9424980373617038,0.9351326946856726,1.9674597755884438,1.1235051279677901,1.807077249087877,1.3958665990333534,1.293760007438725,0.551827121266711,0.6332996670179707,0.7408308218404633,1.298866265233211,0.8331837251975656
2022-02-25,0.9160702696509939,0.9722686354495748,1.9427799262093581,1.094730873562873,1.8074624244880666,1.4486369872998035,1.3282615491609215,0.5187895746656388,0.6649627480108287,0.7706593146999532,1.2720686317411178,0.8096756845298353
2022-02-28,0.9279521482710817,0.9662179979543044,1.9363612395088663,1.0876509859218775,1.8173876009003869,1.4359446953640473,1.3224967813054431,0.5264869746636761,0.6703170480057432,0.7745814887985166,1.2688923444635787,0.8064337025622546
2022-03-01,0.9332127561199653,0.9738275369490409,1.9295941027000811,1.0969252719877254,1.7952096554112102,1.438850703420439,1.255407276348322,0.5327931099160843,0.6680405654260164,0.7755579113416691,1.2614965228931945,0.8121268405069741
2022-03-02,0.9365230865803019,0.9728571161059132,1.923745287475243,1.1156556397880324,1.8384996140196859,1.4031006112766689,1.2222844061527636,0.5351038079018644,0.6668628545899195,0.7601749263791823,1.2879006384423823,0.8091991991626478
2022-03-03,0.9369621453146033,0.9667035864256954,1.9054416128532667,1.1373964629970383,1.82877817694635,1.3376102490079884,1.2112599473684995,0.5607214924512044,0.7036061938061566,0.7724906907683603,1.3074397199914718,0.8203161835615095
2022-03-04,0.9269169154668415,0.9676509131202876,1.9243899066067696,1.1381625311816805,1.873522482334212,1.34174115727292,1.221109450665967,0.5544096683595574,0.6946865183638666,0.7662728597025686,1.3224201307416066,0.811823661530543
2022-03-07,0.9268889224663975,0.983290368907577,1.9004554554438993,1.093928959365796,1.9164121261424194,1.3305952517389208,1.2253163492760086,0.540795224760009,0.6693780566521044,0.7980407055921435,1.3201620418310616,0.8129349887193722
2022-03-08,0.9047621366171233,0.9879287648912404,1.9094219560104317,1.1071646128012327,1.884251090801621,1.2945498246500868,1.2048739931674182,0.5440620340917327,0.647957986053961,0.8007448585084972,1.3759967883587372,0.818116118296125
2022-03-09,0.9078141576819205,0.9905600282030486,1.8992821798300967,1.1061945087892302,1.8691409609013718,1.2890934581266433,1.208984389964193,0.551503475837414,0.6407823715458013,0.8044991654578495,1.3797610605666326,0.8138900572572704
2022-03-10,0.8951324741053062,0.9945010462756187,1.9375071999215134,1.0286006425606649,1.8620646477754816,1.270362516228884,1.2472045815149115,0.543634922136503,0.6078779524530113,0.6793714009175346,1.3746388012726247,0.81406693556585
2022-03-11,0.8991866056807033,0.9925466515385754,1.9008502643896643,1.0267506817414584,1.8647637876724696,1.2875055521067964,1.2522982228868373,0.5507748312071864,0.6133729314759578,0.6614459863159113,1.3786817576904482,0.8016170897421965
2022-03-14,0.9095097162633747,0.9830023976061762,1.9192795450233102,1.029920165934932,1.8848175357145005,1.2779097041467369,1.2325830535934734,0.5406726724240583,0.6210946625982987,0.6429126993359162,1.3824382195575347,0.7999812454823433
2022-03-15,0.9116548761793742,0.9886396096223881,1.8896709554489381,1.0140477727378785,1.834770506840514,1.2746454090310686,1.2530563261829175,0.5073345980060576,0.6322166888933242,0.6070599463629399,1.4160853620839697,0.8118832487420857
2022-03-16,0.89236041506431,0.9954659142825539,1.8876308919913594,1.0239350316077018,1.841357018542336,1.1653232562808886,1.222955406834508,0.5443766905885195,0.6391637362890007,0.6729641716211576,1.3475522380515752,0.8164535397274929
2022-03-17,0.891620198464756,0.9851280229995331,1.8897621489222138,1.0142158586438101,1.8340725039131547,1.1829762968176303,1.2386205896148232,0.525246096246308,0.6693124721978367,0.6193140271491869,1.3471929716360078,0.8098230600186614
2022-03-18,0.8936109418363536,0.9842667303849706,1.9005969548011554,1.0242672697448618,1.8227374201176696,1.1853377065945017,1.2421362966682574,0.5297794652071041,0.6656548275949525,0.5979520895322419,1.359784945956012,0.8117998698376989
2022-03-21,0.9003487355737788,0.9840199628235783,1.9274187995450263,1.0448964035155786,1.7839887502856695,1.1996950422776442,1.267240779889975,0.5182502577666677,0.650855462774098,0.6184572645962202,1.3611555199987326,0.8152316284261284
2022-03-22,0.8972789373083147,0.9806648840957459,1.9362393091342234,1.0462398272170252,1.7978384224754018,1.2007331977668034,1.2789897566896684,0.5165619888865259,0.6536915259521786,0.6360014082664668,1.3645875968895727,0.8204044551998384
2022-03-23,0.9030863612719694,0.9826291558680775,1.9108144851416138,1.044409884007285,1.7706070136711478,1.2080408809372296,1.2829039455572577,0.5106822373342442,0.6610419524323525,0.6387982773373321,1.359947674789305,0.8198030359336217
2022-03-24,0.8870377328792833,0.9803743929481128,1.9130073081696195,1.0557624653945967,1.738101689848962,1.2665354359121563,1.297923716924877,0.5150929070223308,0.6584740615301731,0.6593241520783738,1.3754678599172458,0.8180964804652712
2022-03-25,0.8850310201930381,0.9686368164414164,1.9640019757276397,1.075578466404617,1.7542273782262987,1.2552873968712155,1.2737647983833114,0.5020229901989905,0.7191988958406674,0.665838690385837,1.3763517964243202,0.8260305068922391
2022-03-28,0.8853512092744865,0.968435653225744,1.9647601576658889,1.075347350315072,1.7577873850144246,1.255247817808299,1.273561016867268,0.5016533324662819,0.7194265503729802,0.6661672204005045,1.3754898933527782,0.826564538495576
2022-03-29,0.8810882078489194,0.9750387958938398,1.9602663392090172,1.0700580602456118,1.7466173823731814,1.2753332746160815,1.2797659859672328,0.5008675780392916,0.7104822694721896,0.6753702304162321,1.365798797270348,0.8221226782236228
2022-03-30,0.8804696493026727,0.9692226114672112,1.9339669398653092,1.061616566759922,1.7356994705410085,1.2861007721748565,1.281726985045485,0.5015562671278063,0.7085761800542939,0.668569691855204,1.3557544027627708,0.831490805445511
2022-03-31,0.8711523398495512,0.9714321905664088,1.9371984210582456,1.0693235430988672,1.7274683708181409,1.2901656802645678,1.2901454636881073,0.4966882477888819,0.7006424175020673,0.6690518540413375,1.3706873683934726,0.834934218323576
2022-04-01,0.8727783736353765,0.9706779775889807,1.92633435152403,1.0704998580496377,1.7539697893875792,1.282458382013009,1.280010922139656,0.4851460201228775,0.7184987796608651,0.6746786510523701,1.3661843248805294,0.8441859354211784
2022-04-04,0.8720828196693003,0.9577482682869577,1.9267776629587992,1.0576863252737383,1.7513694197314715,1.2373729209089377,1.2178386709275186,0.4851534872143975,0.7697658109712728,0.667293635143194,1.4233032473301077,0.8510234298256627
2022-04-05,0.8747742691834559,0.9563133765644677,1.9207655989133738,1.0498894941597006,1.745523531670118,1.2388841559232595,1.226835268409049,0.48400537905290836,0.7789644116376492,0.6783648539169967,1.4426554506217915,0.8406303080076745
2022-04-06,0.879130066862346,0.9536033273804502,1.9266478250018417,1.052963831623431,1.735970740483666,1.2364030662713625,1.2424747628251187,0.4923650519779985,0.7819504394033213,0.684745731782346,1.457549250592886,0.8403331304081766
2022-04-07,0.8778060778199189,0.9680997657222786,1.9409792567133468,1.0484338400187738,1.722623931160165,1.2357732365803318,1.256788930228929,0.4886328927766778,0.7727551784347887,0.6770092666093255,1.4635357656922559,0.8199325090264487
2022-04-08,0.8748096527606283,0.9741186655494274,1.944317638843025,1.0550534812445294,1.7107694621630898,1.2412878257027393,1.251589537299388,0.48673076989630637,0.7700478343995147,0.6854175265822844,1.4542251189087678,0.8205840622176922
2022-04-11,0.8757917759155656,0.9735528371202934,1.9551199833930708,1.063534102522518,1.7121038720024766,1.240338014809639,1.2476659611523966,0.48699481649377846,0.7708603837375496,0.6852951576544326,1.451273392786601,0.8243396199413335
2022-04-12,0.8832352652971294,0.9706545439666006,1.9577251356629182,1.033763481848405,1.7153344608137064,1.2365960929992934,1.2173309366446432,0.5037780853393591,0.7667466236952337,0.6950636463384342,1.4492286099169873,0.8276978302308375
2022-04-13,0.8830573047889525,0.9675715403397385,1.960114396586832,1.037564192991474,1.7086614814957517,1.2389339132483663,1.2163235824466523,0.5076937676031273,0.7625297511233718,0.6981585990150597,1.4405055849616448,0.8230488696036785
2022-04-14,0.8850032646647561,0.9690322022403085,1.9689468447682734,1.0254440292266527,1.7182980026016537,1.2503686290707063,1.2132548052396064,0.4951187450254132,0.7658012472042546,0.6867295432477156,1.4334197625193268,0.8162612419263188
2022-04-18,0.8893244494468815,0.9812667425875188,1.9613148101124438,1.0276587686330905,1.721582409888629,1.2582731319988227,1.225389512920323,0.4972865079002489,0.7694886980905575,0.6651086211120625,1.414526393027714,0.7991880492318114
2022-04-19,0.8883172822895037,0.9846573198466285,1.958733130588032,1.0218950622802287,1.709757243683263,1.2635104544001023,1.2236689655079152,0.4940866992643873,0.7640039262990116,0.6620431476641808,1.4097129392171581,0.7926467748255013
2022-04-20,0.8887038566325257,0.9846113608785051,1.9492412306593285,1.0126983501872813,1.7210823608798649,1.270800520966809,1.2307472126031098,0.4885019667918454,0.788991504174456,0.6721702856097367,1.4164221644574018,0.8138642271227664
2022-04-21,0.8912749488913123,0.9854758066475577,1.952214525289137,1.010776316198178,1.7277823826507417,1.2627403462795834,1.2273829271767733,0.487504667239547,0.790142168368334,0.6722260681248331,1.4102439305571113,0.8112990109087092
2022-04-22,0.8928377417915422,0.9835889371551896,1.9728635546954463,1.0135001982730982,1.7328873716536575,1.2624188815871988,1.2423910852121118,0.48248829536903426,0.7900537366505899,0.6704965455872037,1.420935514428457,0.8041996157847102
2022-04-25,0.8993754467918521,0.973203488901348,1.9439069813494698,0.9845736439451703,1.6988125166265722,1.2455298146791478,1.2443686497280964,0.5017219549969981,0.7840660436070874,0.7031788072993295,1.3989419041868612,0.7988684940007151
2022-04-26,0.8948341094176584,0.9841157794334839,1.932253239331822,0.9691961024152237,1.6861122593949682,1.2418910642228085,1.2503774279621547,0.5023525325164454,0.7671090580032108,0.7047472339305385,1.3989542868442713,0.7893579519078033
2022-04-27,0.8489446531853647,1.0113255152279674,1.988516533647484,1.0114505472592252,1.7704604441322143,1.2251962302174844,1.2290286200682046,0.5091711049497346,0.8493415665388264,0.7541336457379021,1.3952148386893533,0.831497726267689
2022-04-28,0.8333684184206968,1.0538593705487884,1.92912470196719,0.9775014239029957,1.7045999284797384,1.2086525287575487,1.2161350262043842,0.4938005705150297,0.8340224447996968,0.7606361772038532,1.3679091450406,0.8367519557272666
2022-04-29,0.8527804198987303,1.023091962394508,1.922872312772569,0.9668478280548309,1.6824647452942623,1.1852755234838814,1.2426562221670054,0.5079110053024315,0.8371647528904489,0.7416919505487216,1.433181511011881,0.841688930613881
2022-05-02,0.854780570518197,1.0201674614427112,1.891748298359002,0.9683404677050959,1.6271329449338912,1.1645649593774863,1.2577960232325767,0.5200575551216651,0.8918007727888069,0.7449664625981056,1.4092750444487585,0.8265277069957715
2022-05-03,0.8561406398910894,1.0150397458881293,1.9110436523647492,0.9721092996625781,1.6744503575030028,1.1661578294304515,1.2329599462487817,0.5260087937208712,0.9042444127349498,0.7594084102796665,1.4148777933473455,0.7856731906634019
2022-05-04,0.8586474845556474,1.0110601605397742,1.9093438776509617,0.9704649431099479,1.6708647171445075,1.1656875076251878,1.2276301510901837,0.5266490873594439,0.9064201257822769,0.7581158523889653,1.414318810908332,0.7905153291316742
2022-05-05,0.8725150744309218,1.0003205640771367,1.8775041377788242,0.9746188421042549,1.7151872911185277,1.1644862905233562,1.224936128493355,0.5476629880777372,0.9089795761725359,0.7561572826422857,1.3917671657577333,0.7795412509939985
2022-05-06,0.8927124698914533,0.9936842075456123,1.852023303087037,0.9601764161790497,1.660014956902901,1.160552986297525,1.2500664794666587,0.5676347697172911,0.9052751593691184,0.7519940702240296,1.3593727541306626,0.7729580774405637
2022-05-09,0.9004369636144747,0.9946636025896457,1.8318833254600069,0.9624579868500464,1.6534890684172983,1.1661158351289245,1.2552203461654619,0.5632549405203781,0.903483105404393,0.73785104910339,1.3578282504030166,0.770939351152729
2022-05-10,0.8983756726946545,0.9909095584249783,1.8741123633909018,0.9470590537120068,1.6860772507640145,1.1362448233916336,1.2493279151448249,0.5360294147078679,0.8964374923145597,0.7179455597467262,1.3263160449853268,0.7406985048312416
2022-05-11,0.9065545408223618,0.9982682067826731,1.8650006205297687,0.953371381655621,1.6361469029282232,1.144850719609199,1.2456885437647838,0.5377561568542568,0.9028809539592515,0.7163050481946591,1.308929874283991,0.7289683007604109
2022-05-12,0.9307687503603485,1.0005402492072217,1.85913673816328,0.949322605489728,1.591679966222305,1.1427322775914717,1.240908401873582,0.5394882189640234,0.9017176877041517,0.714844479520087,1.2998264412821436,0.7297822297179337
2022-05-13,0.9364168720204559,1.011187626873102,1.8195718871939424,0.9311672755065917,1.5697713668163358,1.1510518914913104,1.2326947777235666,0.5334988159859806,0.9055224305703173,0.7223725399318391,1.2841305817250297,0.7251034164425403
2022-05-16,0.9376528353621676,0.9982795788503671,1.8582786403759084,0.9273414710490159,1.6153932319448436,1.1569901444445418,1.2335352257773182,0.5437091341485328,0.8907884686496906,0.7021099135332384,1.2634085014086178,0.7209375144751063
2022-05-17,0.9450142391635502,0.9963188012836243,1.840536456871617,0.9233982413920345,1.6164756364006938,1.1486861803169175,1.2169167470277331,0.5873152308740718,0.9039049161861379,0.6805711385897,1.2671963451700399,0.7199932784753956
2022-05-18,0.9436823377885466,0.9876252516646412,1.8368655839880876,0.9400725725163677,1.661166953571095,1.12596795713989,1.1797954712504526,0.6125201934339186,0.8949266532953658,0.6898078101600112,1.2793435943377294,0.7401239557135747
2022-05-19,0.9603347687631707,0.9935028504497165,1.8152802009230888,0.9709207748372042,1.6476808140715427,1.0942561154671486,1.1576886525191676,0.6318916883771662,0.9038000219915282,0.7163449019102516,1.2902259989935467,0.7334444555920568
2022-05-20,0.9632425479681077,0.9906170367784681,1.8087110314172303,0.9816796411632818,1.6334125989940662,1.0981844494663995,1.1617210811757006,0.6594430736570613,0.918888965329563,0.7160942146428997,1.2912973467501188,0.743749629600545
2022-05-23,0.9811493469578416,0.9706891452126548,1.8053128882538176,0.9902705355541616,1.6221794824431544,1.0531616593504145,1.1280593419032203,0.6802852448145063,0.9010444133045861,0.7104782124666434,1.296668496139848,0.7488709285767344
2022-05-24,0.9952179266245947,0.980396651665887,1.7861413342969967,0.9460896041001953,1.5978159516330632,1.0545583787975616,1.109496041868148,0.6687835851824803,0.8866760976123172,0.7082624587827341,1.2763625485261936,0.7366156914262482
2022-05-25,0.9969228503576832,0.976026483672887,1.7923737756808096,0.9422409544032458,1.6043748817096333,1.0564730286177852,1.110332260495174,0.6599215471635896,0.8844894286738246,0.7100100391513695,1.2789743677909167,0.737886239279121
2022-05-26,0.9974354905274294,0.9797314212376713,1.8063093853193182,0.936716532495289,1.5762873068839574,1.0667660470539224,1.1228628615463376,0.6568717270888641,0.8850742088603023,0.7199185673274734,1.2693774589547318,0.7373449961535543
2022-05-27,0.9976009134344482,0.9736245814105945,1.8182539201118166,0.9420617363888311,1.5946258673997866,1.0682627658151707,1.128127632964069,0.6523496992876423,0.8744345053038111,0.7166389416194162,1.2623179466382792,0.7418882722025434
2022-05-31,1.008794895332666,0.967318654667815,1.8118330690697548,0.968555615484048,1.5631004261415946,1.0763455525540675,1.1035447155268487,0.6494886841018147,0.8666159558352639,0.7105119288672446,1.2547712634553125,0.740910459477906
2022-06-01,1.0082128832795667,0.9651331227176415,1.8106071057627617,0.992051522795946,1.5590972336402749,1.0820633904142054,1.1141397817269982,0.6618617739283759,0.8754882863357005,0.7066280409687663,1.250528153527515,0.7443642736204931
2022-06-02,1.024820719518527,0.9617454521613931,1.8085155651928406,0.9844070133089509,1.5662542046220904,1.0919185013745363,1.118345261797922,0.6747016736785634,0.9056148245146258,0.704203018220281,1.2154182211033966,0.7404736698661313
2022-06-03,1.0183541928259805,0.9491138427000206,1.8308472393069548,0.97216335792068,1.5959420707154952,1.111861881844802,1.1483684622763577,0.6717761839953855,0.9024721076602695,0.706300947000714,1.2283337307037239,0.7385856736165176
2022-06-06,1.034933705034307,0.9336781223039917,1.833383610821303,0.9746119685970822,1.5981581262141615,1.1114003872803917,1.1256085480092173,0.6604972438536055,0.9514421345708218,0.6946698347772041,1.2395059617177124,0.7441158870205298
2022-06-07,1.030316358398239,0.9371687499363924,1.8437781268850872,0.9753128236217147,1.5895228830250296,1.1071086380634123,1.1282843039686838,0.656463803389809,0.9495941874940809,0.7062047808933082,1.243256354005042,0.7512243110611648
2022-06-08,1.0295327057811294,0.93688430688265,1.844154454284964,0.9792674025021767,1.5838031503621246,1.0856244629825678,1.1379833790903813,0.6646575239310545,0.9466482639452631,0.7177117704246972,1.245966962554954,0.7521961256595472
2022-06-09,1.022321155043225,0.9386259555482428,1.8417411102990981,0.980582547886181,1.5953703221770543,1.0900717816260306,1.1271738495219095,0.6712459267881724,0.9544923916547248,0.7240793074314373,1.2161677883891282,0.754319480625427
2022-06-10,1.0352917387025924,0.9260724348469836,1.8068802116333211,0.9592270879542238,1.5681955374108436,1.0843063518391964,1.1350251889603065,0.6602377627497662,0.9821649448436358,0.7071244481735511,1.2243797553154234,0.74723866924743
2022-06-13,1.0385974039066344,0.9425199234046661,1.7829267778210374,0.9542625329681809,1.5388459642104584,1.1186166835898028,1.1275191633380541,0.6627000879949452,0.9486373895663934,0.7421144314633127,1.1944396664733468,0.7409184667299071
2022-06-14,1.0278709863742412,0.9440824371926629,1.7809976989477305,0.9613725051836444,1.575886046237255,1.1307267282915445,1.1513547541546916,0.6249524835780881,0.9375395571977833,0.7574452504028906,1.167041297030559,0.7299852678841514
2022-06-15,1.028034105772137,0.9462491793303734,1.7573616941100587,0.9664530652018061,1.5856664489873693,1.1303210908326087,1.1337398619535621,0.6327376146882628,0.9463067669596836,0.7882797466109671,1.1814524942567144,0.7339898471238726
2022-06-16,1.0271043716192565,0.9536618924705006,1.7643052739142484,0.9597943106404644,1.5801893969695158,1.1244270384001418,1.1347005334714226,0.6401634705898137,0.9459962171284884,0.7642095500111274,1.1664217959569931,0.731510007163885
2022-06-17,1.0208321343613764,0.9379717131875491,1.76018295495442,0.9800438751393057,1.6212435545878123,1.101129317295547,1.1380100766898862,0.6218317662942019,0.9353442233192188,0.7440089862819035,1.2075509157667679,0.730246750940371
2022-06-21,1.0307374124839646,0.9385674945049709,1.7597310017039118,0.9756924507634515,1.6190251180308772,1.0626041867655909,1.1370304845140053,0.6139692532499332,0.9330094001759798,0.7335070056375084,1.199181335493294,0.7222822366782945
2022-06-22,1.0416197395546205,0.9491144157506782,1.7177462776671126,0.9488726562257331,1.5977670653543599,1.0533659048714228,1.1479829578949654,0.6304384181525711,0.8932195182724256,0.716051259653254,1.1951105303969947,0.7176501113497656
2022-06-23,1.0411519546608097,0.9492135753224951,1.71902335749309,0.9486238858419205,1.5982241250419753,1.0533334670051675,1.1491036541225832,0.6296196922357866,0.8926503529214708,0.7167851311410689,1.1956059704095583,0.7172452623363634
2022-06-24,1.0480136773218562,0.9483476534790938,1.7006351908934714,0.9434848812541751,1.5823397985492194,1.0477404278597322,1.1550660828859154,0.618051489889488,0.8937199540400999,0.7133925508867757,1.1809841485442376,0.707758338203998
2022-06-27,1.0354793990874842,0.9518664994577308,1.7099015370759996,0.9385973630536025,1.5877924760855948,1.0281038088931664,1.1884259157391495,0.6272795381249294,0.8979482844287883,0.7410926474245599,1.1863375059845906,0.7056544093688059
2022-06-28,1.0370303731605266,0.9546018154812388,1.7073675081069988,0.937629393790537,1.584263473767603,1.0291921604048047,1.185972421343507,0.632631122904098,0.8965046228407612,0.7407313167942441,1.1724081317514086,0.7027170653340312
2022-06-29,1.0349954325422168,0.9561007626850805,1.711448739711953,0.9301318586936427,1.5759279751187754,1.0392139600284636,1.2040319042307306,0.630832981647395,0.883698963409105,0.7447538605152814,1.1233328077876228,0.6891681483494361
2022-06-30,1.0367797505278107,0.958016329455936,1.7070310457232971,0.9273102806443907,1.5697373118792743,1.040013095765245,1.2026865814517425,0.630254768470925,0.881895737628391,0.7461566127221232,1.1215684660886833,0.6876386820495719
2022-07-01,1.035153436935703,0.9587032310925299,1.710133966999191,0.9289811369387286,1.574853858286577,1.035612654169271,1.2025414808844201,0.632872066071903,0.8725035522194311,0.733035535803673,1.1079990656825944,0.6893580336405074
2022-07-05,1.0393503557320987,0.9638184247349026,1.6947896543760947,0.9190437304352623,1.5671737269094166,1.0363460399478186,1.1973345130245845,0.6318934411771798,0.8659559771761206,0.7364765673630569,1.0834638092842053,0.6746090696047061
2022-07-06,1.04617728890278,0.9545031801116394,1.6901382211181901,0.9144364105324803,1.573090074737934,1.0359879842331015,1.1900800741049598,0.6264793989824359,0.8724613677155222,0.7443895048416691,1.0733719180253594,0.6835158288819776
2022-07-07,1.0463829398033815,0.9552905553596777,1.6910510633980709,0.9164843090310532,1.5695190999864015,1.0363363006365434,1.1880941028447898,0.6305994491477541,0.8731808605396444,0.7416915947552148,1.0735156857905708,0.6854910798233556
2022-07-08,1.049016528655461,0.9464295813987654,1.6947284584697575,0.9219773853037243,1.5816920260681788,1.035247395275627,1.1863875138418998,0.6334504505386447,0.8838920851189976,0.7340822559717254,1.0940214730984652,0.6904184248560902
2022-07-11,1.0500538608831922,0.9342697953718276,1.6891850150000014,0.9314879926150208,1.5847047364563747,1.0359708536254801,1.200650411540255,0.6283944051728277,0.8940357891541314,0.737246680821307,1.1060990670620359,0.694729716825799
2022-07-12,1.0513390123881254,0.9335375972124582,1.69516616543318,0.9390605068889509,1.5864871813084958,1.034772315808099,1.1972953908844917,0.6245385075397094,0.8968134393062583,0.734821216571523,1.1120439555202823,0.696417640263785
2022-07-13,1.0441014207969115,0.9415980680651236,1.6838205526412624,0.9358146441728741,1.580203065171453,1.0408386612317202,1.2164298609788506,0.6251500743267967,0.8926917902955974,0.7403696308325963,1.0986272331930766,0.6900510484736413
2022-07-14,1.0407644144019148,0.9384453291194157,1.6837206447613589,0.9302508752626077,1.5729282748998072,1.0402089004500663,1.2144205159495947,0.6238371236225914,0.8889444746438934,0.7505743586881999,1.0978156878617187,0.6962797046239546
2022-07-15,1.0452312228178413,0.9373922960751293,1.6803967531936392,0.9264981708252238,1.5720848639496618,1.036465447394325,1.208134842259619,0.6197178754446981,0.8880525969969705,0.7484093698888084,1.107222716032514,0.6996870700760182
2022-07-18,1.0445647588393159,0.9341119833026609,1.6856193667704793,0.9278017175465001,1.5728176414722292,1.0327233127754176,1.2182473584218838,0.6220018970085254,0.8861518700447882,0.7496518090439108,1.1113194651075937,0.7018223887264632
2022-07-19,1.0471351563588853,0.93411493749962,1.6775526797944433,0.9269375762445017,1.5696000163056276,1.0339093979799445,1.215921522234548,0.6217354611902695,0.8829673697169778,0.7492083956522959,1.1140383703864898,0.7012979987735672
2022-07-20,1.0482094151868986,0.925178050200529,1.6664794846744269,0.9397906172992343,1.5650497166228485,1.0321119056177033,1.1992151512245635,0.6413976958818198,0.8975417710102745,0.7569548802734128,1.1103807220997257,0.7107823135149417
2022-07-21,1.0482790938164743,0.9248110726350791,1.689046520013687,0.9511335355197459,1.5923884684284435,1.047712372797717,1.2127911996157112,0.6327681071852096,0.9010986874662749,0.7368937864358418,1.118213931072606,0.7058417961056819
2022-07-22,1.0526817773832153,0.9184617544365999,1.687187237614247,0.9562917743384635,1.5884252439763473,1.0507045221898677,1.2122912831416546,0.6324386029014125,0.8970719476287908,0.7446013662136657,1.1180681444400453,0.7080567838895303
2022-07-25,1.052210223199111,0.916668230966152,1.7029201851403322,0.9414625923095372,1.589251497719854,1.0555128167444998,1.2341978647146952,0.6359305287979533,0.9092470623577159,0.7328845944169871,1.1387181539430478,0.7048027808270568
2022-07-26,1.0606692077220818,0.9000267627693993,1.725618280512641,0.946615471565897,1.602177529059205,1.06824949200556,1.2348628232113315,0.6544433283474167,0.9166899142766366,0.7359845543758167,1.1421152450864438,0.7069285597397809
2022-07-27,1.0536236586680472,0.922137328613822,1.720553137443063,0.9436128883784642,1.6170947915564906,1.0913013790587882,1.228628221803349,0.6513965770182588,0.909575928586086,0.7509582017907224,1.083878606606053,0.6949263521558728
2022-07-28,1.048077943895499,0.9561061267771417,1.7348005491323613,0.9300969723943858,1.620580741865601,1.0892649242172294,1.230629373451386,0.6347887182694314,0.8568079590911626,0.7323461309975278,1.0279780213265637,0.7415408336117222
2022-07-29,1.0488716760733579,0.9578363849305024,1.7139645911380408,0.9159197393635771,1.6058797909456526,1.0885946553522814,1.2287034852288314,0.6367774816730104,0.8350809096753806,0.7359799702876892,0.9843975830364613,0.7427911044945503
2022-08-01,1.0565536565214542,0.9590770367342245,1.7062860605749686,0.9108004691576886,1.6077834704744889,1.0884894775461182,1.2264332699962928,0.6297615613251859,0.7846246287439432,0.7357923535028393,0.972443057311263,0.7464083923068034
2022-08-02,1.0526037641573298,0.9646886290459926,1.7303654165339175,0.9009441662550561,1.5688380559853043,1.0878204249455563,1.2310229091984022,0.6145051763374944,0.772659533199008,0.7366465260058708,0.9725838042627399,0.7526120369994382
2022-08-03,1.0428149069585728,0.9717934140220452,1.7438121582535138,0.9122921263888826,1.594966649866475,1.0828637060668684,1.2025915506379339,0.6023554074621027,0.7752978875616011,0.744569942202057,0.9652127406467982,0.7576066598007674
2022-08-04,1.0558284346533844,0.9734492644710925,1.7216482505285815,0.9212791327126436,1.552694704411771,1.0837550610997158,1.1995150867027795,0.6058037784265601,0.7738798332496618,0.7383992913675744,0.9544489543174747,0.7672942672599823
2022-08-05,1.0673519798588589,0.975043777355732,1.678352045469012,0.9349576472927102,1.4999208530975003,1.0934768460770734,1.2152742728387111,0.6336098724465614,0.7808263024295287,0.7624941870868616,0.9494290378739301,0.7903319848680594
2022-08-08,1.0674174741886073,0.972909755746081,1.6726517791115614,0.9239256029303885,1.4997844581946287,1.078790556952009,1.2145687517872892,0.6317202522852627,0.773330998865831,0.7612771311978799,0.9504477675078037,0.786750715268088
2022-08-09,1.0388627855512542,0.9700453356389174,1.6904074221498089,0.9335274439417514,1.5564736135436545,1.0725491961363725,1.2147997389710092,0.6342965269782815,0.7718133425771044,0.7679562608599609,0.9491224948089692,0.7921246824064408
2022-08-10,1.0257179573769266,0.9571511211926005,1.6966191833135607,0.9488274035175602,1.574099908981612,1.0930182707450604,1.2317134826691034,0.6319335447584812,0.7838698393238603,0.7642421241839973,0.9647531118045793,0.8093019298011919
2022-08-11,1.0267874743418146,0.9669035539171976,1.6634054917998458,0.9584833709261319,1.5192424262615447,1.0817331540101818,1.2337991871938145,0.6321243256342723,0.796516876081641,0.7773968617146139,0.9800970679921296,0.8225466246147672
2022-08-12,1.0260079038193388,0.9720072961382826,1.6597491617796716,0.959770136454788,1.522156622346639,1.0840293280229,1.2323676489010034,0.6301084196704771,0.7932255773125781,0.7717765499141312,0.9784123341867583,0.8231029092277745
2022-08-15,1.0318902487825568,0.9790079318177849,1.661354021891283,0.9444460765690104,1.473180792628285,1.102633312820148,1.2697575412372375,0.6153773526404029,0.7820586022211551,0.7700083699282178,0.965006096352704,0.8082022594735202
2022-08-16,1.0070638984081193,0.9714328457717644,1.6837866063792344,0.9053584358898261,1.4929559637866208,1.1557092201094992,1.3128029384022875,0.5821968171373962,0.7691020887303646,0.7330531552699168,0.9113960711005856,0.8324182113689631
2022-08-17,0.9973793833227076,0.9757974838900922,1.7041070856779352,0.8875249273812287,1.5079701249820616,1.159510242020913,1.3158850733912912,0.4919232580090532,0.7715563077065957,0.7243222474804006,0.9209378523289579,0.8304941145720539
2022-08-18,0.9909623568032788,0.9748249455487188,1.71050006787332,0.8944420346192367,1.510384610177398,1.1652958614315176,1.3156263449680317,0.49177474240335795,0.7722156962920167,0.7240547475349075,0.9225181851485044,0.8440372324167661
2022-08-19,0.974513042703152,0.964233407158445,1.7374131231359138,0.9490430490597178,1.5279405233983434,1.171264158687092,1.3399042419346097,0.5019877313582272,0.7789285073279087,0.7203757721756215,0.941584310829801,0.8622120893514998
2022-08-22,0.9682914855168954,0.9690343487205746,1.7398059396993433,0.9576940393794222,1.5293144775523562,1.1790061847425064,1.3367314228887832,0.5202799314442148,0.7896432805317957,0.7127813291728589,0.9385684479307768,0.8582601232796637
2022-08-23,0.9702800262487374,0.9719182357641662,1.7194319131079838,0.9671473410777914,1.512269022129204,1.177728614681555,1.3358626864197818,0.5299995718535427,0.8103139672714265,0.7238667083388319,0.9549990603401931,0.8616107209041814
2022-08-24,0.9724439460850337,0.9830265490436421,1.704465074838764,0.9516341498197103,1.4798730770888038,1.1901640668552695,1.3516520439334003,0.5212179050429896,0.7921340436780129,0.7150487913666014,0.9508922447390475,0.8552978369178971
2022-08-25,0.9628598390246103,0.9917107227360221,1.7083356482962122,0.9070343205365143,1.4996377741948426,1.1765742530588943,1.3996606770826228,0.5274418911597817,0.7877266084211418,0.7293406445943048,0.9440079615484213,0.8647680874698155
2022-08-26,0.9604808803444991,0.9882082883149887,1.7208837717720624,0.9257560851709961,1.521796068038696,1.1516122029351226,1.3449919941245145,0.5199772170771934,0.8076205256714555,0.7238861916629364,0.9707048550192869,0.8771321352068837
2022-08-29,0.9568107270065809,0.9810688265805354,1.7581617598587962,0.9497989719509093,1.5130523639363191,1.1661928338180212,1.3443036978372025,0.5351135351986267,0.8174678976494263,0.7207751235760382,0.9928672073631513,0.888089537649861
2022-08-30,0.9671277187125457,0.996759339550389,1.7297331772016087,0.966647843252089,1.4775680575890309,1.1343433135497405,1.3101854648559903,0.534246404290984,0.8141315545569014,0.7154710327750178,0.9685652605835677,0.8949127824194647
2022-08-31,0.9508564848085376,1.0040266398143296,1.728744261332459,0.9697290663954791,1.4962201405299482,1.131369442260798,1.3209600006333715,0.5374594863079308,0.8082654388778399,0.7103589332530685,0.9608804538305298,0.8901710257374859
2022-09-01,0.9521541584490895,1.0023998521904043,1.730746637893758,0.971348296145384,1.499201856244521,1.1276912943225572,1.3245152216781382,0.5402046578368374,0.8073405680723243,0.7072172637055347,0.9636974586461582,0.8911121184689278
2022-09-02,0.9481171643093813,1.0011686370283144,1.7499239239135245,0.9665799730020701,1.51402906753151,1.129302762057071,1.3205643452808773,0.5380478700781979,0.807004493512966,0.711457140656786,0.9665316440013825,0.8883271752652464
2022-09-06,0.9517974062732193,1.005084548011907,1.7510493402566443,0.94861315827779,1.5096140185536102,1.1255126754441531,1.3225871422939752,0.5389026507524106,0.7883182786385655,0.7060156565035862,0.9607856601096685,0.8845357026989508
2022-09-07,0.9368137942416758,1.014308997040025,1.7739419016250768,0.9611121084729635,1.5276258987571907,1.156403593761274,1.3576691250443806,0.5380178445525841,0.7877488994747851,0.691799575480587,0.9759000336092732,0.8830589625655962
2022-09-08,0.9216798983957062,1.005267760020112,1.793831344156114,0.9848680052454042,1.5637655877008523,1.1018466990773803,1.368310590704134,0.5471434243286663,0.817303575584464,0.679157755322983,1.0025770882566982,0.9052423245766797
2022-09-09,0.922335351673657,1.0111503112427553,1.80725839418785,0.9903502937128662,1.536947715867544,1.0840008596268238,1.3521815585013377,0.5978781592488597,0.8307893594591672,0.6312335193553907,1.0339531072970436,0.942266419727951
2022-09-12,0.9215672258909121,1.0134682697552329,1.8024898876230817,0.9926167654263944,1.543310994416537,1.094706709771338,1.3684921102231193,0.5979508895739982,0.8411316807482303,0.6081380453496387,1.0376518704006557,0.9377565079230636
2022-09-13,0.9405222268028066,0.9977770594340336,1.778559939590286,0.9988349189446403,1.520939005630979,1.0906917086544632,1.3695975318148357,0.5924943895601894,0.830017551879389,0.6433327608451193,1.0471425983187785,0.9332702317888796
2022-09-14,0.9658813615186712,1.0359057309158275,1.8197695026562388,0.945593546607824,1.5034975020443053,1.1613030881335762,1.2935396014160678,0.6777400197142273,0.913988329037308,0.6084046365409973,0.9771440460717196,0.9444931711357977
2022-09-15,0.9660703440632166,1.03468549440884,1.8168878058270583,0.9492686047271798,1.5111509006086286,1.17123984316272,1.2902907744760228,0.6787597758337918,0.9194199418882735,0.6096792447329472,0.9826054445040455,0.953348594979864
2022-09-16,0.9537731464945226,1.0359481975324445,1.7692064956073608,0.9597179370497011,1.4826013542939045,1.389510784618535,1.3012411825400236,0.6748583953596196,0.895836257842265,0.6429720166643457,0.9723402390585303,0.9468519449079691
2022-09-19,0.9557016557241949,1.0353859872953273,1.7582896931545153,0.953906063337166,1.4819051177920886,1.3996040911216383,1.3076762681701102,0.6711796139583117,0.888396631014567,0.6447288919990045,0.9674067758983421,0.9400168214396976
2022-09-20,0.9566051333026612,1.0274203722433293,1.784767354879013,0.9623649995821056,1.5095489093856895,1.3843023639501875,1.296410690768526,0.6895531749736608,0.896638471497147,0.6394792661029409,0.9948303436362175,0.9594547269169121
2022-09-21,0.9740885835992422,1.0312911354809526,1.7968701889369552,0.9850124788720758,1.5065794878245544,1.418270369710551,1.2414668939619606,0.688375766046929,0.8905855155423194,0.5982887262287275,0.9876497129595736,0.966925597933732
2022-09-22,0.9818875231779579,1.0281041250400766,1.7646188019185933,0.99091328219618,1.4942188195453667,1.4086679044321169,1.2300904335479077,0.6981209539646189,0.8932435191353311,0.6072908105037705,0.9836303475750915,0.9705793343427905
2022-09-23,0.9765396793215664,1.0163566514914169,1.7883279334582396,1.0185291532162162,1.4932898763626905,1.4057695408204622,1.1829074848065928,0.7092484043576666,0.9102321392693535,0.5964701541361336,1.0960433158055185,1.0012201342894653
2022-09-26,0.9784955892812832,1.0133667485154585,1.7757079231630943,1.0252105492932342,1.499692063378342,1.3947028817528793,1.1866367016704256,0.7116767416811064,0.9142556269778249,0.6057846121514512,1.1018955297488375,1.000481501959365
2022-09-27,0.9704327886123273,1.0120108809407364,1.7799526293430579,1.0310957168130916,1.5059814684077921,1.4118576032621821,1.1727328335123004,0.7137160014512506,0.9330797476941458,0.6244976387541938,1.100289307625736,1.0138119811191124
2022-09-28,0.9688004982959771,1.009911119667401,1.7891996518505588,1.0347438347565705,1.5140568500800395,1.411101326977472,1.1716626494843991,0.7138580106385525,0.9376197371364738,0.6203286575825496,1.106785067170781,1.0200562016277563
2022-09-29,0.9486468466973288,1.0157677263919982,1.7876591782429423,1.0418700790538846,1.5137762681428084,1.406856613677196,1.1620844055075776,0.7408832313103828,0.9381034934276617,0.6164732697477802,1.087665121193916,1.0287362837623293
2022-09-30,0.987731493179537,0.9945685166764884,1.7783766223865796,1.050293925334156,1.553154538584029,1.3585650130585039,1.1510915393906531,0.7340577531182391,0.9338058789939674,0.6337010996294015,1.0960122912465424,1.0313933576530478
2022-10-03,0.9973970148187349,1.0090504298934289,1.7330250750046283,1.0294933672392002,1.5080083169282557,1.3435292060990167,1.1476643653334713,0.7375627205723639,0.9138071036918133,0.6362731322991416,1.0463374328535893,1.0341249335764942
2022-10-04,0.9952356168406561,1.0142386189889732,1.695662682519766,1.0241821691308224,1.5033847951350456,1.34045434480757,1.137911075067163,0.7532442737713589,0.9531002348041994,0.6614687183031567,1.0553717643424565,1.031516943634827
2022-10-05,0.9792606578677983,1.0163295017948002,1.6765823212205218,1.0389528214835853,1.458885313673426,1.3333586178492538,1.1720622464400652,0.7365587965855307,0.9501598126260772,0.7007859085298369,1.0628678130031273,1.0256573053589009
2022-10-06,0.9927470679372263,0.9966034953067684,1.6904007852251235,1.0477192698652587,1.4679449585381326,1.3342407168713704,1.151063809825918,0.7377445140700166,0.9625034530307726,0.699244395196131,1.0808035677410333,1.040525554961948
2022-10-07,0.9922369015382229,0.9970950871943411,1.6878167792592695,1.0492331472826146,1.4653187754561317,1.3265706236185875,1.1473282249556078,0.7396274365522849,0.9650749153641,0.7045958506928349,1.0783550021072708,1.040794016037103
2022-10-10,0.97914774430022,1.0192648958747508,1.7095982577667115,1.0447408674569154,1.633955095784963,1.2783641278432547,1.130834504926365,0.7459371048347944,0.9797181128153122,0.713064527508903,1.0391680519298396,1.039964049958437
2022-10-11,0.970943315922618,1.0292239245948815,1.7147319423351652,1.0680876283933967,1.6139234919944956,1.2694654464215764,1.1225894522701907,0.7397202405855108,0.9675645048880702,0.7058911821348262,1.064178154103898,1.0421633277903537
2022-10-12,0.9637370604920226,1.0299945523509224,1.715919952546771,1.0690366324069203,1.6062993636425331,1.2580203593608723,1.130373109691922,0.7359358023791029,0.9648931562746568,0.6999673866789072,1.076354918122397,1.0479069479246457
2022-10-13,0.9695940210784044,1.046994880081085,1.7084682536155256,1.0624921454864538,1.5933097018293592,1.2619642707229972,1.1282399857065861,0.718373678107006,0.9399500989526768,0.6857926214129568,1.061493561559054,1.0518503873276965
2022-10-14,0.9757761047900946,1.0596422036397297,1.6715554947810616,1.0473639460228341,1.5332512608837514,1.23585814905405,1.081469759722788,0.7447790457240587,0.9707787367545497,0.6927870589925896,1.0614785515853875,1.039091876581147
2022-10-17,0.9828420961266643,1.0576796908050505,1.6926467190936019,1.0435001614113752,1.5388922696107306,1.2153964975371878,1.067676605715378,0.7318575579848728,0.9604764651588412,0.6711914812797012,1.041211500605098,1.0596154536240838
2022-10-18,0.9827260341802105,1.0651182026358221,1.6985230541735148,1.0282380095020804,1.5238835767166432,1.1940992976798392,1.073155204821155,0.7424925616195468,0.9442571357581623,0.711119446582087,1.0227211626268278,1.0356920548150865
2022-10-19,0.9824327429448858,1.062420721854856,1.695302128148298,1.0254017253165704,1.5205882124187473,1.1867154537887472,1.0853154243806455,0.7452627081025126,0.9345393509507102,0.709348605359443,1.0198237569557262,1.0330322871399384
2022-10-20,0.9865582748671244,1.0556685217313273,1.6952102271264455,1.034328568939948,1.5223268317038945,1.177699345083133,1.0707012356789998,0.7451570090353812,0.9441592414007222,0.7104210565279576,1.0176024222621276,1.0335540837029908
2022-10-21,1.0055455939408895,1.0111425719998064,1.6875981136406688,1.0563914332907212,1.5420146217141106,1.2078406364039675,1.0496160942820991,0.7751408724011567,0.9539331299312402,0.7277979609265967,1.0555198668190184,0.989189619242759
2022-10-24,1.0152119373558017,0.9975002053169688,1.66954033228374,1.0842141120333522,1.514384167801622,1.1745981858521082,1.0429223017148408,0.7737027602381857,0.9909925438076113,0.7656345973309905,1.1179041227525273,0.9981494451226336
2022-10-25,1.0013170693335753,1.0029565923156218,1.6730511788784255,1.0955395382679136,1.4898760242517435,1.188152941836489,1.034764259841053,0.793901167155146,1.0767439164735118,0.7608971006116254,1.133026168676467,0.9946730341805157
2022-10-26,1.0005888538646548,0.9973675818195249,1.695440750948884,1.0826461449041507,1.5130232959999308,1.1910936817969866,1.043519655833319,0.7964421067681524,1.0673651516006837,0.7486907352147978,1.1366786890720466,0.9782709395307058
2022-10-27,0.9981146238934704,1.052565430990539,1.6877451463158704,1.0558145662534635,1.5129850613353568,1.175128786105165,1.0557201502913385,0.7789100688655213,1.0446131033617423,0.708541168409928,1.1207599615153367,0.9826262647815787
2022-10-28,0.9920723040296979,1.055057826551814,1.7011571389279871,1.0542911554075993,1.5783960389065972,1.1629918806093646,1.0456003856994713,0.7817586572381442,1.069180969199641,0.7130214913981137,1.1470544407108707,0.9684551959020815
2022-10-31,1.054804671826889,1.0454831717757638,1.6529480208152687,1.0381944988603,1.5489952750293052,1.107279648501733,0.9956150696357353,0.769682273237101,1.194361149831722,0.7085774346221715,1.1263126349896169,0.9425622508164667
2022-11-01,1.0561468107227112,1.0461011338603678,1.6533299508934225,1.0341366448707305,1.551987015450896,1.1098721409903725,0.9901655635272858,0.767790814721609,1.1970859957402051,0.7002204511508067,1.1246448300872636,0.9385224923260593
2022-11-02,1.0602406255277494,1.0483229551869304,1.6344642077456675,1.0325203781957488,1.5478165514711233,1.112696700076125,0.9943162246982781,0.7677292828691802,1.1983659568632208,0.700455617349836,1.1210369482280624,0.9325142134637482
2022-11-03,1.0657537156595922,1.0516024090809761,1.579952354355656,1.0134871164249097,1.4814167903253546,1.119915652157358,1.02361080730766,0.7615293220585143,1.1787959442319504,0.7079079921878392,1.1154347663241175,0.9194567935007353
2022-11-04,1.0844564168984636,1.0491812905035243,1.4899045428966349,1.0027600047347538,1.3983321543127192,1.1380369951140148,1.0071036744228785,0.7541803272492095,1.1486105997816685,0.7012807073304025,1.1645331073387037,0.8971730773584213
2022-11-07,1.0627211266282839,1.062660421075805,1.513259792777075,1.028310928381318,1.4090856927933342,1.1214214163890661,0.9492961667904086,0.753719927270618,1.1564848997782644,0.699464770375128,1.1712762050899204,0.9165867405119857
2022-11-08,1.050878090109745,1.0760946089265648,1.4889572496694516,1.0289921770547807,1.4014742853313085,1.1428894462399843,0.9664096848824059,0.7434823346310863,1.1546775356492467,0.6866572160945213,1.1811912463286036,0.9195776713783022
2022-11-09,1.047796720453562,1.073529208499729,1.489331661998094,1.0334861771613515,1.4040875664711485,1.1401509512812906,0.9709218650096805,0.7421791836782723,1.1503855014172495,0.6769068977867843,1.1880077429330054,0.9248471453638167
2022-11-10,1.0533669473685392,1.0644292746383661,1.5078702474376917,1.034239522318726,1.4262787576673064,1.1195750848331958,0.9787437719953673,0.7401236253751706,1.1539257127521654,0.6610629960340567,1.1757497564746378,0.9213143929925439
2022-11-11,1.062040172095954,1.0529875555518686,1.5431225975161038,1.0135470400905175,1.488749034639547,1.1523165878493455,1.0299153561684187,0.6847033625301385,1.1202122049342778,0.5710633144842051,1.1667620391555553,0.8705689770376844
2022-11-14,1.0646897063154903,1.0548046863978182,1.5451055896192916,1.0090651914867712,1.5049112542326404,1.162333726833757,1.0263492056011763,0.6529772298033938,1.121034095322032,0.569795878850259,1.1557036204115023,0.8762000495718527
2022-11-15,1.0671533630347785,1.0607819544664108,1.5305965388486693,1.0091713683485624,1.4897539805642026,1.155356762764805,1.0215148868576556,0.6511857943624598,1.118437602424889,0.5673897694653922,1.1528971016062388,0.8789676621006407
2022-11-16,1.073324929129733,1.057172580085399,1.5274199231701375,1.0050671008826197,1.5087736841819104,1.1582815439361245,1.0182842126845113,0.6476386798191004,1.1067728247989577,0.5556162143945063,1.1589842235187937,0.8687643970040042
2022-11-17,1.0705634135982687,1.051229341485041,1.5387626849318339,1.0099682716436502,1.5198077241100576,1.1602537764950618,1.0301720014163,0.6483914744571261,1.1166255456758027,0.5493900794818317,1.1695768015926857,0.874350415751355
2022-11-18,1.0715201781918153,1.051308690357692,1.537159187672588,1.009807837562991,1.5210188310599198,1.1608344927326018,1.02542957123899,0.6531322153986283,1.117815935556545,0.5487570808936291,1.1707848858766845,0.8753549731634009
2022-11-21,1.0735665159064518,1.0546882968553326,1.527410274698507,0.9992139359545569,1.5065299152807097,1.1725459498502273,1.0550551606776353,0.6599383086242798,1.110517733841662,0.5499376640725667,1.1620558281842788,0.8670246242628394
2022-11-22,1.0898133287476401,1.0603600697487916,1.4787384553564489,0.9768474428758365,1.5116064632986284,1.1687875742784803,1.0519362039762228,0.6560003256454147,1.1234286301275003,0.5374625690575109,1.1620277928389782,0.8569771028043984
2022-11-23,1.086257580677166,1.0568524270049027,1.4861473733103414,0.9794402331694825,1.5157023444427975,1.1750249829441806,1.0523181727237814,0.6588279347827323,1.1314698089720585,0.5484029917334163,1.1700038552977436,0.8642098189076478
2022-11-25,1.0840319834354988,1.0585444965002366,1.4885617659438644,0.9763323794422769,1.5168518776686843,1.1815464577998247,1.0587620064756798,0.6561098211594153,1.1241738957647058,0.5490130574981312,1.168609700120583,0.8646510502357362
2022-11-28,1.0867220297595044,1.0590578308470846,1.4863184085373997,0.9747877079811739,1.5155266362589916,1.1836848071599553,1.0521442461604464,0.654140536786403,1.1253697922463932,0.5495798648042451,1.1685346716174378,0.8653183782136579
2022-11-29,1.0900500597789895,1.059188397213424,1.4729133627229933,0.969331335660588,1.506325118545208,1.1755108434197772,1.0321636983116502,0.6519088277795982,1.122461137474744,0.5565756986586677,1.171179482959582,0.8708920467444705
2022-11-30,1.0938602098020964,1.056528046744963,1.4710069780017716,0.9793408374391328,1.498151835687453,1.1779733150483396,1.0394308664799143,0.6452603321785159,1.1159618882876456,0.556353939321376,1.172521249470746,0.8646220914642792
2022-12-01,1.086227993409419,1.0691179492463503,1.4756051877709655,0.989239408332049,1.4709149816947786,1.1768297498155638,1.043911189165136,0.6393443899055647,1.0895459570721102,0.5508124232196403,1.1862350373512214,0.8636159463718913
2022-12-02,1.0896798246411075,1.0678197938723168,1.479966011147023,0.9906642279801342,1.4763847973125814,1.1699492836105119,1.0440499173436706,0.6391339333248639,1.092770495523321,0.5519593590029959,1.1878352307830342,0.8621247664118362
2022-12-05,1.0902146242212496,1.0664583045106337,1.480628299027856,0.9923220132422995,1.4771132312712523,1.1688441143801391,1.0436812797034392,0.6393316191592231,1.0940921746834515,0.5536062419689983,1.1883205859247707,0.8599320355719596
2022-12-06,1.085584834552697,1.0655077717809245,1.480085129459807,0.9939681672743605,1.4697942674805646,1.1639783668964543,1.0629824287188043,0.641755833605118,1.0868655839837824,0.5722551396476243,1.1863676532421645,0.8561211240596125
2022-12-07,1.075062518775344,1.068121600035718,1.4963471951748264,0.9884535472815726,1.495389433965446,1.1585112680383776,1.0469665445832048,0.642563447912952,1.0912296554518424,0.5663013773950694,1.194270477982062,0.8645826163821219
2022-12-08,1.0747568293089713,1.0713503642789046,1.4535726252048964,0.9971970674135502,1.472650581930828,1.1436136390520113,1.0741782227690875,0.610999085143605,1.0636236169622708,0.5974588785835866,1.2010442465327085,0.861218269157223
2022-12-09,1.0714494223288649,1.0689274780549247,1.4751415187621326,0.9999487762939702,1.462153785181348,1.1434052146727613,1.062669249272778,0.6148645796514509,1.057070391265716,0.6080494151284944,1.204896917583289,0.8594825719354865
2022-12-12,1.0764262488780378,1.067214174616593,1.4884670497872488,0.9942705978994364,1.487040907657787,1.0125847519045468,1.0530300523672433,0.6144638135777206,1.0681911924407792,0.5964389971336623,1.2152819802501136,0.863819050889214
2022-12-13,1.0714671567577936,1.072124900202886,1.4897780436220815,0.9954361195671784,1.4887987199457307,1.0064819951512953,1.0468669049327128,0.6164559445498031,1.0676716438530223,0.5942864997504621,1.2116024787420125,0.8671208524854572
2022-12-14,1.0663032030849153,1.075177678069358,1.492920606743367,1.0017444919126772,1.4887207342736162,1.0094575779031287,1.0494567560663408,0.6165382277116339,1.0634602339909833,0.587643107515967,1.2124285773980266,0.8629249346586361
2022-12-15,1.0732965641520447,1.0713935597084512,1.494809642754959,0.9945483788900031,1.4942918895577646,1.0067028728871694,1.0452357666254057,0.6142055225843817,1.0634095659493987,0.5788443893728773,1.2118743964835994,0.8645807963288049
2022-12-16,1.078777882041732,1.0619890573226227,1.4941493895563622,0.9808616510011411,1.4717947106355145,1.001526237028487,1.0349070205459026,0.6084923845089522,1.0617662337591534,0.5743006993473998,1.2158535635143455,0.8639740517066579
2022-12-19,1.08031224896478,1.070343815585641,1.4821165455150844,0.9770530295065242,1.4513193986694917,0.9867934198857494,1.0456918875409882,0.6067097357622048,1.0579295303643033,0.5721597593011724,1.2183465395702329,0.8616522557301738
2022-12-20,1.0787469905345668,1.070949174057209,1.487004603691139,0.9720967130665802,1.4436274381958079,0.996235461952582,1.029552764553921,0.6044709679842474,1.048386479939568,0.5542493659965108,1.2146398372483433,0.8617056759563462
2022-12-21,1.0817347401732147,1.0724660490097933,1.4822136883521715,0.9692373204659699,1.440554006346204,0.9917133964206265,1.0306158588694916,0.604276204348193,1.044859192232255,0.5501524980228565,1.213945681805505,0.861388390986892
2022-12-22,1.085924666958578,1.0690853239264673,1.4805245102199582,0.9759320741668973,1.4490858187489026,0.9865496767896953,1.0301538071234497,0.6011471777946568,1.0439966885047183,0.54748748795795,1.2157046994592695,0.8620980869409481
2022-12-23,1.088099179079509,1.0649365694254729,1.5108088796939394,0.9729504325538182,1.4649074939762539,0.979717565105724,1.0128244942200695,0.5923951858214143,1.048821992209247,0.5494722554558699,1.2252925887338635,0.8628988320553588
2022-12-27,1.0705941793747005,1.0769615102010026,1.5064941361792594,0.9623782060195328,1.4437376344398216,0.9901658172282467,1.0188260282661115,0.5875737967029828,1.0492646508681456,0.5348174920909494,1.2240451384076079,0.8588363152990358
2022-12-28,1.065907055836402,1.0769999397023713,1.5409960491030537,0.9609003974992659,1.4564558539191115,0.99489255670911,1.012680054294736,0.5826643012051966,1.0459701644311097,0.5344299805186968,1.2296671072291094,0.8526477789575428
2022-12-29,1.0731928132333783,1.072112771329574,1.5505790002588575,0.9669038625201606,1.4500321839915,0.9957056311333499,1.0125381338102608,0.5721247546236574,1.0299462247526947,0.5241630461955645,1.2299439355800017,0.8479597463263222
2022-12-30,1.0846356377702644,1.074102515290232,1.550858999745977,0.946103785186195,1.4724189917842558,0.9974045187065587,0.9954895577273709,0.5746168935760746,1.0375479295830892,0.4979483210184688,1.2219888674065718,0.8440091746831583
2023-01-03,1.0844110241166927,1.0744748873605552,1.5513520318422682,0.9455174117825467,1.4728568907503445,0.9972612217600114,0.9950430330383504,0.5745798994240261,1.0378051530298358,0.49676094873949267,1.2195751556078644,0.8422876974340405
2023-01-04,1.0938358803598922,1.0712704564684958,1.5551858465400756,0.9451251652396722,1.4750363338814119,0.9971593532205845,0.9875611850866366,0.5691411654288541,1.028763758844923,0.4833203540275358,1.2274492848035612,0.8434679324879208
2023-01-05,1.1113674662738506,1.0562276935083568,1.5251060688942233,0.9401694085337513,1.338865478635125,1.0083104371244394,1.005613354537539,0.5535604197509452,1.012369956018798,0.4595673952499072,1.259240056299583,0.8318944046089305
2023-01-06,1.116492045376778,1.0607453033095504,1.5225903900248388,0.9115095529771002,1.3542659355722722,1.0266705794541509,0.9990887339929869,0.5562096593526701,0.9989234842989452,0.4525260231605349,1.2344452021344985,0.8287016905352484
2023-01-09,1.1282961461021108,1.0427788695173434,1.52461302240478,0.9368970265582443,1.3502582900773297,1.0143901398032311,0.9991708598441172,0.5669687926554606,1.0153342492967377,0.45028010879153424,1.2407700042341097,0.8466332341044448
2023-01-10,1.126058290024621,1.0432701407614244,1.535000429554554,0.9237342772933215,1.3641092410562536,1.0206173165492465,1.0127331163683222,0.5641193209442807,1.0200863784872776,0.4527654414701807,1.2319909384940846,0.8439568380938834
2023-01-11,1.12481532913573,1.0367909257963501,1.5479906351884407,0.9376843725460077,1.3909505863112324,1.020788996315432,1.0212909052458627,0.5488817833179411,1.0086152466197509,0.4474255993539551,1.2332480457040775,0.8545208791948203
2023-01-12,1.1293600075179038,1.0520174427407851,1.5078136839472833,0.9268897359376607,1.3690765744068785,1.0220058869704933,1.0096288649079996,0.5500134050948992,1.0157119026504107,0.4484363082121596,1.2395451018966002,0.826917781306429
2023-01-13,1.1308675095110647,1.04400064215682,1.5021812447541631,0.9397058054977249,1.380071182962479,1.0354505279976938,1.0097873830744724,0.5383352010743488,1.0304468860896128,0.42076508687302117,1.2683351453567429,0.8340439722726826
2023-01-17,1.1307951351369767,1.045069994124957,1.50590736630789,0.9426220250698597,1.3838599025329459,1.03852250342381,0.9997161494568314,0.536485008693274,1.0385631617534188,0.42287654303371836,1.2713619611596072,0.8356049021357873
2023-01-18,1.1326318762685352,1.0445045800495523,1.5116200289449304,0.9417117310311593,1.3822827286183375,1.0418575210208716,0.9993868536752789,0.5341521077832649,1.0367910317677371,0.41893021777295797,1.2737978190969061,0.8337059583719484
2023-01-19,1.12611910601919,1.0469097947458768,1.5135801279198926,0.9413199692214709,1.3817995617900936,1.0399934205189365,1.0030500927215424,0.5447798932553,1.0447506727212224,0.43097552276657314,1.2561743024436793,0.8336948443047881
2023-01-20,1.1192194051657005,1.0499799193113963,1.5473727522309009,0.9311704949209232,1.4156446924243338,1.0484884159869823,1.0004167370623744,0.5365011838488777,1.040004225289601,0.3992844823265688,1.2673484156077377,0.8217843782326593
2023-01-23,1.1095176301752157,1.054465177069626,1.5718253264405597,0.9166397587976504,1.422171896413957,1.0508424984881577,1.012822469071792,0.523353229783737,1.0431394736594484,0.40377156928764435,1.2841942303349902,0.8109603512018756
2023-01-24,1.1096461434071452,1.047249600088869,1.587981470166204,0.9214869793949894,1.455894278383881,1.0481674415913005,1.0127390023666152,0.5200032128954215,1.0611015702093036,0.4155095490075262,1.3144006258158845,0.8289992986131803
2023-01-25,1.115684320449021,0.9952534599164997,1.5906995911255133,0.9400204248256635,1.458913876034494,1.0602075028266613,1.0050798967961505,0.5303432846795206,1.0765912812681064,0.44251194507426933,1.3333907897453865,0.8208823095669171
2023-01-26,1.1075220793962477,0.9915486071087105,1.6081939248573016,0.9375744931179107,1.4561218454619167,1.0640390313923493,1.0096299684567906,0.5330209046741526,1.0655249605595025,0.4463447738234605,1.3253238296280136,0.8229944886098851
2023-01-27,1.0580785438476183,1.0054662173357651,1.6475291014183848,0.9493319434971361,1.4556865257092082,1.1091429209875123,1.0733719996925577,0.5252671898024799,0.9645268950309658,0.42814025529514005,1.3576889673561636,0.8229733731927359
2023-01-30,1.0600075384182601,1.0033691939180578,1.6451324612692875,0.9489215376782622,1.4460093760668886,1.104842642272261,1.0800067550166272,0.5265074240743726,0.9496053322383461,0.43422310712246265,1.3588278330698345,0.8268894861996516
2023-01-31,1.0554823524138923,1.0023503270520546,1.6791986735744868,0.9497440597352397,1.4594656332980425,1.1047910316757672,1.0573420827398579,0.5251971673293573,0.9411338982703908,0.44030731140675106,1.3515173556493945,0.8321490254542454
2023-02-01,1.0549821582701864,1.0045962371055055,1.725111739622129,0.9526119255787184,1.519883087019562,1.0888746678865042,1.017910402891908,0.5230555170465008,0.9448762786191776,0.4226560605840988,1.3554192549870105,0.8409376882510302
2023-02-02,1.0263593836295095,1.00516106077153,1.8432996323108495,0.9567753809437726,1.6994846252159181,1.0661167146882216,1.0249290210339974,0.5072977557577292,0.9938412111875691,0.44231650025153,1.302753698836961,0.8659107465647001
2023-02-03,1.0519199262931087,1.0154329307329726,1.8135922253857233,0.9129909597785726,1.6931195249306399,1.071067955029176,1.0570141162548163,0.5048291274460358,0.9987879605764769,0.41716174905255227,1.2412272085277758,0.8403075983742839
2023-02-06,1.0429774627049475,1.0153513294505612,1.8350846173507445,0.9141138618632467,1.7087311468738682,1.066677288823382,1.0531808209915696,0.514872894435451,0.9966614871105246,0.41412733396458273,1.2328855771191074,0.8401250783108195
2023-02-07,1.0476400079925714,1.012792188301678,1.8219684542134815,0.9027018134225429,1.7160083753769901,1.0671200217718495,1.0502756724633437,0.5263805192951319,1.0253471138850894,0.4265002784974183,1.2301928625916694,0.8354882560108318
2023-02-08,1.034332427188683,1.0390205916453497,1.8077433730216717,0.8940057594219182,1.673224405450155,1.0827985011273913,1.0274819614913422,0.5164680057073574,1.007408005228167,0.41831316722313777,1.2445059920776007,0.833960528400139
2023-02-09,1.0179866532815467,1.0452454987576376,1.8462180379923165,0.8871714643660455,1.6692287887991109,1.0257739445546799,0.9575552755862994,0.5345507166200871,1.0158950326719907,0.494602231757105,1.3049392376913114,0.8960268446467395
2023-02-10,1.0155990583212553,1.0487520714428615,1.8396479838720765,0.8816907790581672,1.6474763595694828,1.0115696292338425,0.9531961245639948,0.5632212484091677,1.0128519269761955,0.49650895768438486,1.3226547662194572,0.8841977782212581
2023-02-13,1.013346119319689,1.0394541754722273,1.861485062457477,0.8823842790537751,1.6701135265829221,1.0181735317364016,0.9736789136852609,0.5605234583713445,1.0145947749639683,0.5020310402860335,1.3284171601188506,0.8791258143858723
2023-02-14,1.015091458069038,1.0595119229294898,1.8530160450048352,0.8725231843017253,1.6494947906353468,1.0086341918067372,0.9744713270413466,0.5655550341737098,1.024842368686681,0.5172810143914626,1.3021603657640528,0.8763279258593164
2023-02-15,1.0197460497691035,1.0714456152218457,1.8384071453605515,0.8588262590956001,1.6293726106742785,1.0012024256291117,0.9437270846443148,0.560568300004583,1.0033681056551678,0.529919524921037,1.2803302708152364,0.8656555894110819
2023-02-16,1.02189284771417,1.0682185118342207,1.8339364558351696,0.8594840556096139,1.626103113223355,0.9991007903199732,0.943731296454219,0.5636208254136102,1.0044245762075128,0.5273985584870877,1.2804734325925216,0.8675977452021153
2023-02-17,1.0122702461771982,1.077983048267889,1.8401786161483162,0.8576347884205755,1.664215369542054,1.012735647381315,0.9459543324814143,0.4935815130094133,1.008027379018293,0.5260964931657363,1.2795083253767723,0.8647161235680778
2023-02-21,0.9998144889272179,1.0908450189204684,1.8550827125591054,0.865701204658675,1.6653496737993565,1.008416810664974,0.942436316347964,0.4933489142310782,0.9997430345023632,0.5298507219179376,1.2700523209240713,0.8542531349076014
2023-02-22,1.0078495782860681,1.0927191973519697,1.8380454025629827,0.8653262691731577,1.6312178133038184,1.0061019866052763,0.9306109318650942,0.5016738417208291,1.032260623232411,0.5111280856725281,1.266648318274397,0.8483950843088809
2023-02-23,1.0085730391495362,1.0926977142103136,1.8325072444691946,0.8673505919731584,1.6305749864713137,1.0025557229159054,0.9239204763635288,0.502800672657671,1.0401483805947869,0.5108468814378357,1.2654717108022444,0.8470015711405867
2023-02-24,0.9912923826828691,1.0901805164623755,1.921859767478423,0.8641226353929703,1.6409132333163405,0.9823692300572493,0.9175243558781215,0.49266436975441263,1.0308982802896332,0.5283977135522121,1.2609938806527,0.8442207466153278
2023-02-27,0.9848349127576705,1.093158514865812,1.918781588607735,0.8635812326342289,1.6437665401964447,1.058671012789829,0.9417319238895769,0.5049178901757113,1.0330228813552664,0.510107060577005,1.2456981002687237,0.8383475145544314
2023-02-28,0.9783517158156466,1.095949210765148,1.9182685938158568,0.8693880064053849,1.6560698712434772,1.0621216549718966,0.9391419837882898,0.5116997889026902,1.042229900447321,0.5051831819430356,1.2437135347653765,0.8458320043520656
2023-03-01,0.9797666519916194,1.073700478859482,1.9897235756893303,0.8269086308221928,1.7408318212801648,1.0495942363425657,0.90868597176001,0.4964672172769613,1.068501156143558,0.5030032205596346,1.2230775762235337,0.8381730410913909
2023-03-02,0.9832843786451295,1.0762253796347858,1.9959407916076273,0.8253308772081341,1.7366788140382485,1.046257796822142,0.9029551666804698,0.4947049781536136,1.0553546737245012,0.5065926837693425,1.217476318932787,0.8341508426525674
2023-03-03,0.9779597657046498,1.085284351159778,1.9902703104740125,0.8166833308306198,1.731606274600506,1.0619584683662966,0.977330689713965,0.4924905762382788,1.0727873002930894,0.5043031123504412,1.205195902176805,0.8378220143850904
2023-03-06,1.00862790901416,1.076225547564059,1.9732397758336453,0.8599869550267336,1.7094225298610275,1.0705112417822975,0.8630484783716917,0.501637957492403,1.0689241347503975,0.4757295039577807,1.169823162215166,0.8422168606909709
2023-03-07,1.0063488157096,1.082164990860427,1.9664773573493175,0.870469058126183,1.6901183944437415,1.095751483701703,0.8720423886934232,0.49559717584316776,1.0742349637320516,0.4797504438613066,1.161861154874287,0.8405937085535459
2023-03-08,1.0043760914980626,1.080114164975028,1.9638000746182582,0.8686682043163895,1.6614310730524702,1.0847912646177926,0.8588117834617885,0.4968156662226361,1.0751647905802415,0.4901103342223842,1.1697850145547415,0.8357137523610225
2023-03-09,1.0090517148869782,1.0799231593875886,1.9430861221087725,0.8612494439315163,1.6991311790298718,1.0811930140952577,0.8749053862098918,0.48723229838748694,1.0926896948025764,0.48051517417444156,1.161262696888446,0.8423703502912651
2023-03-10,1.011002847612818,1.0678016093852676,1.9498416437404285,0.8811498334352874,1.682201587699216,1.088090900037566,0.8958550383784452,0.48202866310630643,1.0547562497978282,0.4939087579146067,1.1709298020350338,0.8425138148668714
2023-03-13,1.014580740403515,1.052952150949737,1.958678837145065,0.8771109907114384,1.6799578293189057,1.0980356389182488,0.9345494534886284,0.46643533581973584,0.9982968433205988,0.5168112583042336,1.1741647464869145,0.8342060307948578
2023-03-14,1.0218917265953629,1.0544836266006932,1.9504829043286023,0.8642319506198893,1.679394408044783,1.0898181648940546,0.9331577347876666,0.46296079675624785,1.0005435739433544,0.5323006790094028,1.164652397586492,0.8451702237267706
2023-03-15,1.0021022345675825,1.0657419029056872,1.942041452479895,0.8792577455568841,1.6994696971062044,1.0974367680371506,0.9557624484114783,0.4661113367916995,1.0224216232038679,0.5177678523266455,1.1521175827274934,0.8311411862557353
2023-03-16,0.970647401472375,1.0914349605537077,2.0296519737801195,0.8905971919738767,1.7799169413878828,1.1261900736384178,0.9544117938829935,0.44933114796341045,1.0207680382447646,0.512448237100039,1.1614007627324414,0.8273887278706734
2023-03-17,0.9505247406558037,1.1076259971713152,2.0178973765990316,0.8820142628074584,1.828127504310182,1.2320806326373523,0.9309448468801903,0.4662462529550773,1.0908372274650089,0.528504524345992,1.1835845480618312,0.8248916742316613
2023-03-20,0.9502510686808149,1.1049493115873499,2.0308521662875227,0.8878590649247894,1.8451477451731524,1.216522483406799,0.9591407468750914,0.46437716181639666,1.112726606249985,0.5556589060014547,1.1877545568793375,0.8306530262327225
2023-03-21,0.9481829912522894,1.108742901853896,2.029579668836822,0.8846225917651954,1.8471463146598381,1.2161892967908683,0.9589004621548942,0.462336633984576,1.1148882054930833,0.5532755524869059,1.186159406644754,0.8274438561567518
2023-03-22,0.9417380199442852,1.1152121603315004,2.038324619170357,0.858080179161526,1.8271252080042413,1.236996818301263,0.9681062809081483,0.4599058024028223,1.1028949500580147,0.5569568095184088,1.1856164203687585,0.8195374721005929
2023-03-23,0.9404963315897765,1.1159981870610145,1.954608588329131,0.8750859796186096,1.7623566715072396,1.299978674630509,1.0018573302177851,0.49026904645914804,1.09508874686602,0.5515631464393015,1.1800231099591245,0.8167311873856518
2023-03-24,0.9300619961704663,1.1182811156553663,1.9426864809078999,0.8735075229338487,1.7585654954497911,1.3016613006207083,0.9850488840200221,0.48842249349481004,1.1122284530019693,0.5405549929765054,1.1799974858009166,0.8272580181013133
2023-03-27,0.924090111270986,1.1217813595714632,1.88219626127541,0.8838882847808376,1.7533610319026294,1.305829367050419,1.0002409634549518,0.4944591760473645,1.1180711479981822,0.5473949092708665,1.1798196019571403,0.8322252963257797
2023-03-28,0.902115281286468,1.1404586230229596,1.9131088197706179,0.8888730678379853,1.7797763061494243,1.303686435059366,0.9841099089296815,0.48801808256765783,1.1207861097809024,0.523540045742685,1.1745985238784504,0.8354954701874426
2023-03-29,0.8955766395440582,1.1426345186299762,1.9438636290430458,0.8867262355551123,1.8151803515513498,1.3070298460754062,0.976062260404086,0.49498996565148445,1.11859122314908,0.5256537857717674,1.1878412760892854,0.8252579794569131
2023-03-30,0.8964033180673939,1.1353309931380235,1.9066677604778546,0.8623767329619991,1.7792829916182296,1.2913633630948438,0.972634195750845,0.5044625288963428,1.2003292401263213,0.5230769624859393,1.1999076784776617,0.8316817072392552
2023-03-31,0.8620110704044378,1.146597047377521,1.8898173089167682,0.8635107276663785,1.780646631218022,1.3033608661185967,0.9853040819700202,0.5163527954012636,1.2286974012145173,0.5488021712026766,1.1902792117079137,0.8341413904885631
2023-04-03,0.8639301479853861,1.1430047010101783,1.8750350448757214,0.8645473472344831,1.757443568037365,1.2972419897152982,0.9861124689295725,0.5244567929789267,1.2319437604421992,0.5667428229943611,1.1791692013261674,0.834768056099109
2023-04-04,0.8702075818954824,1.1280554285956401,1.8706969916077387,0.8799001538581732,1.7567615557410516,1.278999419683592,0.980107679018099,0.5159852765391303,1.2709364779487684,0.5806104103768793,1.1993779682278995,0.8469882929052236
2023-04-05,0.8474906969521835,1.1739904962555743,1.9232547465318677,0.8040174638932276,1.8176631861667267,1.3131534653594934,0.9765731471078781,0.4840698659935164,1.2430426822744898,0.5784633627566119,1.1589396393481766,0.7980865085373924
2023-04-06,0.8574609144577083,1.1735593755316331,1.9080299221813437,0.8243877887936036,1.8150599159535743,1.2907805605245533,0.9518701126534149,0.47632580929612744,1.2274270760345725,0.5552499811401128,1.1443851185273017,0.8058254415385339
2023-04-10,0.8579771531706004,1.1785754670643536,1.904891931953672,0.8230073147905553,1.811743639754805,1.2933404026518784,0.9477319667497404,0.47207133924363326,1.2262988011471383,0.5581598800120738,1.1383055061232654,0.8043773573790121
2023-04-11,0.856287054698528,1.1686783436210655,1.9429399376747845,0.8312791855604466,1.8259484172443223,1.3074335207752386,0.9991649117303484,0.4708695315317891,1.2361735728496128,0.5446627229469986,1.1413215560613414,0.814210151071479
2023-04-12,0.8610856569643272,1.1810237124327378,1.9379083657111806,0.8316986015380762,1.8199052767155315,1.308962092746956,0.9951615553917433,0.4842414639443711,1.2241802286017782,0.5371678520180259,1.1239928780802682,0.8053233811873795
2023-04-13,0.8611032628069979,1.1748971159713517,1.9497906764254913,0.8340062161797492,1.826393608252979,1.305142091869557,0.9874780218087815,0.4894048155321375,1.2261031667105573,0.5351160713864421,1.138172299937226,0.8098500763445219
2023-04-14,0.884537526859816,1.1750915428107156,1.882699739436209,0.8307107392720553,1.772107602150967,1.3077217332842008,0.9887951694194014,0.5008545019353535,1.2044256190444707,0.5483788122353003,1.1216317504910949,0.8079857527137757
2023-04-17,0.8901438234488999,1.1739166241194627,1.8736197954571436,0.836307733634393,1.778771650837583,1.3134671238332447,0.9700629946573717,0.4769059372324677,1.1898231590100286,0.5246324649008559,1.1653583670577843,0.8077532010684347
2023-04-18,0.9025757770243293,1.169916747796123,1.851179337081416,0.8252986176776129,1.7490282050619845,1.3398627027530263,0.9912352391848661,0.4708957460317271,1.1921429442401419,0.520002174516771,1.1370188804818449,0.800741106977384
2023-04-19,0.9176550196623852,1.1615430529954862,1.8295279796238582,0.8461484268152235,1.7791791889946766,1.325795027455592,0.9825175442949551,0.48493114716139496,1.1984551447100527,0.5186779109740687,1.0959492046427532,0.8205520101055279
2023-04-20,0.9105740296475705,1.1962084109405666,1.7627736979838475,0.8434554006865324,1.6735387006376776,1.3285561637540915,0.969363448338457,0.4973886815939456,1.1862050554231207,0.5058786247782163,1.0015404034152635,0.8017242019573145
2023-04-21,0.9134984113915081,1.1965643949988618,1.7812999828559435,0.842051138997908,1.6574510173568053,1.3177603878046842,0.9701621433665242,0.5216826738314445,1.184111759170749,0.5137642404749964,0.9926598248204942,0.7972237871657293
2023-04-24,0.9159855194105538,1.1940317177214441,1.7810266716868615,0.8418660586958905,1.6665862659964448,1.3165963000129213,0.9690351965920746,0.5176557317205223,1.1892919528512358,0.5114161340131888,0.9965365941603798,0.7909569345913731
2023-04-25,0.9143650357706052,1.1840192454570004,1.7895032422106985,0.8251513188410846,1.7031062945709914,1.3105912648440126,0.923162242474783,0.5103901884152449,1.2042587609433872,0.5176819635344081,0.9808106447834486,0.8174897757594471
2023-04-26,0.8912679682399756,1.1808404398229042,1.7711301272078206,0.8349473198354396,1.7213976777077409,1.2883190748840803,0.9343006297320482,0.49706073270397466,1.2245597914794002,0.5298824352828833,0.9910242047117166,0.8587934446095342
2023-04-27,0.8629583199850368,1.250406596474856,1.706746009085204,0.8047814355736674,1.7060975847705464,1.253048196094551,0.956716317121285,0.48201451749314156,1.2441073977124109,0.4951010061865325,0.9966005818815546,0.8156513288067472
2023-04-28,0.8848772323612036,1.2552746130022912,1.6598319607329604,0.7854451205078005,1.6543779659075073,1.2456715379183367,0.9537293637563989,0.46108127571326607,1.2551217962586858,0.49486642342584286,0.9572299868516898,0.7789623881045957
2023-05-01,0.9131386239119593,1.2731026422669645,1.5949950609941008,0.7632790251096779,1.476621401738194,1.2302449194642842,0.9560285172016015,0.4975487920845855,1.2810932164519278,0.47270236918819575,0.9292362688387511,0.7584952293518802
2023-05-02,0.8831466616672727,1.2446560990112385,1.6213507502140583,0.806380838737144,1.4657244404537315,1.258722296260516,0.9866653323058826,0.4886864165159343,1.2706920200728116,0.5314234003942448,1.044492530841335,0.7692085773642353
2023-05-03,0.9130358560295702,1.2183494211479935,1.6170590226702453,0.8373093594566956,1.4337657716012817,1.2384910352041423,0.9863329483215185,0.4968634538696376,1.2922641689552037,0.5339302920625528,1.0329897803712669,0.7725891418401334
2023-05-04,0.9013273537379543,1.223286014386529,1.6450178188502222,0.8527408542683547,1.5067927591986456,1.3033399691465064,0.9843403089966332,0.47858551176698033,1.1928422529015423,0.5208474548036732,1.0510251791632736,0.7740682942349928
2023-05-05,0.9167514974509152,1.191913287882811,1.6288074394731915,0.8499231352431577,1.4901269177793608,1.334911637372266,1.018629717373447,0.4947745452217339,1.2260401366179283,0.5829692353461633,1.0660361982582325,0.7828660513412523
2023-05-08,0.9657092842747609,1.168404766209017,1.6468631599316463,0.8659875033709344,1.4972445832932537,1.3593897699423112,1.0204821065423106,0.479366144906647,1.1004212751799085,0.5883108248689042,1.0391025332020032,0.7546326314918859
2023-05-09,0.9637982595422625,1.1647892855787667,1.653539493670202,0.8670303338124578,1.4795705383228157,1.3638142277026601,1.041319799584515,0.47766328585531853,1.092252745846348,0.5900160074985428,1.0371771155124647,0.7541029333779328
2023-05-10,0.9702874926799666,1.1638431416496597,1.634867990568952,0.8730580182664587,1.4590187546746667,1.352105096931809,0.9952356441414338,0.4796941091947261,1.1108529214388985,0.5980162102382118,1.0467670368611264,0.7602751615976951
2023-05-11,0.9654199506013029,1.1484612353389505,1.6322988031608403,0.8786450221308978,1.4722852010231378,1.3577374099189783,0.9913098193670401,0.4702545935991482,1.0742158054477617,0.5786636554775975,1.043194750293286,0.7622045983795948
2023-05-12,0.9663326512651109,1.1514985846640817,1.6195856025464583,0.8753211621433075,1.4582830370616509,1.3547924571608285,0.9989127826529575,0.4746360591844067,1.094709261756976,0.5808203717655686,1.0471169931242144,0.76717796978137
2023-05-15,0.9643788820227059,1.15990206182991,1.6300062810278912,0.8715123323028185,1.469982767222373,1.361881985203665,1.0011210161909887,0.46615097413839984,1.092058845918519,0.5852740542726811,1.0441477840468327,0.7605534213048458
2023-05-16,0.9664270235985495,1.1341610726448188,1.6171153672552774,0.8845998461146655,1.3962881024733451,1.3749302849648455,0.9942205143266535,0.6043451483323694,1.1029665000047935,0.5794728817009132,1.0648241830168388,0.7786019640914643
2023-05-17,0.9730821739581629,1.129082261484305,1.5988905769333424,0.8893908718020961,1.3878224210554075,1.369588452430237,0.981988433024352,0.6135214513043683,1.0922401692579968,0.5811863805693078,1.0642792710378035,0.7917723420326128
2023-05-18,0.9442566707653588,1.1308580913033277,1.61330276723299,0.8998490875785832,1.4196455353991442,1.4168518692825773,0.9928182930065422,0.6112601177180135,0.9500231949939938,0.5919146931150627,1.060438189463588,0.7802353899073969
2023-05-19,0.9323831671392504,1.1067169891252624,1.6438355729563359,0.9229957547433334,1.437836364074996,1.3869636527866231,0.9892563599144504,0.6122031670310767,0.9590199113448185,0.6196194086417767,1.0729275675036902,0.8080529030287623
2023-05-22,0.9550405639740412,1.1192070028542076,1.4639696817845944,0.9254930254828196,1.4187381163847357,1.4216421250072517,1.0194320709695792,0.6239386513259831,0.9754454433776347,0.5921766140479393,1.064646375016819,0.8058177080325778
2023-05-23,0.9512122489527016,1.1099127274575455,1.4885478578660547,0.9415776709896677,1.425242827216902,1.2783289510407778,1.0324755747139023,0.6178801524849702,0.9706203599364552,0.6216524994213697,1.0910431905787674,0.8072771300052777
2023-05-24,0.9537381478109701,1.1193640032489602,1.4771014172883292,0.8818069637741905,1.3804755063739895,1.2448029551596418,1.0414798058754173,0.5890358671651329,1.0036757155802214,0.6792009690280179,1.0827713628213151,0.7883529828858025
2023-05-25,0.9428191494063016,1.1155211034944161,1.4658535678024354,0.8960492921226035,1.3683910035149331,1.2530583910494757,1.022070292436077,0.5926573458833908,1.0181559220636693,0.6734827211274993,1.0777584618520941,0.8025468064036353
2023-05-26,0.8184807938040141,1.085900323249031,2.081493661737166,1.0419320775460532,1.5749466400206835,1.3512991619192034,0.9116551069830572,0.5643760728049885,0.670747879738277,0.7936300042428915,0.993655256401885,0.7655671997724848
2023-05-30,0.7996731651631006,1.0527828910199213,1.9881243271061235,1.25580539045651,1.5889156143059133,1.3910420901915241,0.8159050463387623,0.572109172836587,0.7470206293576784,0.7305097294922667,1.0965805010766658,0.8131347982136397
2023-05-31,0.767129836421581,1.0643403645463492,2.0339624108623453,1.1947730115978956,1.628978488146733,1.3860874921202109,0.8558304025397604,0.5643076700061486,0.7710140261387867,0.7126621176979309,1.14986199708318,0.8248800612012864
2023-06-01,0.757127635319781,1.0656119399824535,2.0928730384347882,1.1783790506165692,1.6881128732794128,1.3693210960213078,0.8279909579492417,0.568726220132854,0.7120855321456048,0.6973180648758566,1.1627466251746281,0.8361213099112259
2023-06-02,0.7538498054156835,1.068301979559207,2.1345686170207254,1.1525891821156817,1.7340132306359217,1.39446515968834,0.7937575591126633,0.5631682132246095,0.6799367474533239,0.6781277708986173,1.160120115033127,0.8513719497248086
2023-06-05,0.7529160060186516,1.0756347446003327,2.1162309524577263,1.1581557692248499,1.7125195346479032,1.403749997513726,0.7976305655382366,0.5638552605486307,0.673884649717065,0.6793498138599243,1.1521886071967509,0.8382881351361728
2023-06-06,0.747316630389628,1.086306277145619,2.104607515683596,1.1650770292060475,1.7193190771498008,1.3977730167705964,0.7842494561251674,0.5621155544722589,0.770406740650952,0.6474593461157778,1.1416898776029947,0.857183520784507
2023-06-07,0.7449458102199343,1.0970328837726606,2.148388258645962,1.1908415118092202,1.7317135008838953,1.3931536391015356,0.7333683392163449,0.5802167402513941,0.8629483666957205,0.5901460759835071,1.143654529455909,0.8749335353797818
2023-06-08,0.7367948590661898,1.126418739556572,2.1523081990792234,1.1483286861434687,1.7944926460528072,1.4268113178571988,0.7806772166959121,0.5615434326184654,0.8170785368857825,0.6107368367965325,1.1240846747594546,0.8183019314114078
2023-06-09,0.7513967283482427,1.1189399436046588,2.1644468109436557,1.1528250456758902,1.7470890560904861,1.4700344396681335,0.73470367171959,0.5513522863908756,0.7774266998476386,0.6706236846217395,1.1348930387526373,0.826841922576235
2023-06-12,0.751240995844995,1.1231124493490123,2.164060110869022,1.1481521263883565,1.7591073543227818,1.476300904018463,0.740360285286699,0.5512388145292932,0.776490186334203,0.6688279215311045,1.138308328664793,0.8226054484159597
2023-06-13,0.7571832341859959,1.0763866945150025,2.1215511125935347,1.279663804015475,1.670936282324841,1.455722178895635,0.6766404518285027,0.5418346260447616,0.7420396939944895,0.7615539239443178,1.1037528541052612,0.8479056687647926
2023-06-14,0.7514427638999046,1.0835694382955678,2.1355496551845357,1.269762876783519,1.6604364118334354,1.4633142475680714,0.6595900992738851,0.5454253552402896,0.7445820220581835,0.7609756838410655,1.1127702200923288,0.8521783018487086
2023-06-15,0.7516867008621972,1.0735584828702547,2.157629306982727,1.2984469244584915,1.6623805534256102,1.4542221010686984,0.6557986672315134,0.5494960430832349,0.7732648666890655,0.7979032497598736,1.1012489454329961,0.8517604401811831
2023-06-16,0.7498173988503155,1.0959107326823738,2.1182132914805596,1.28724048096503,1.622286860274823,1.4484054373240225,0.6521621453364096,0.5701735012426614,0.7872343021437822,0.8240512500088785,1.0841738371744583,0.853592059372118
2023-06-20,0.7466560529766745,1.1153382170862491,2.142625752471082,1.3024209115372003,1.704863915269839,1.3881097894232866,0.6375684094452057,0.5303716345847379,0.7504132988866561,0.8449949725808509,1.0763858270520845,0.8495365184999071
2023-06-21,0.7457493651511087,1.1175266826174817,2.0948754524193194,1.3027782108231312,1.6914223437088012,1.404246814132,0.6038655064874919,0.5405719694348828,0.7696819084024398,0.9083710099663006,1.0856804103741065,0.8361862298966148
2023-06-22,0.7354949490477857,1.111074050642895,2.0717435489251943,1.314962840824583,1.757695822943048,1.398272700467803,0.6578485680229008,0.55001219852227,0.87511476929288,0.885753660428406,1.115799539180242,0.8510104982188378
2023-06-23,0.7329452390752637,1.1087122978350088,2.0637265086104795,1.2954112229857122,1.7440791522297836,1.397491601892707,0.6799518254406388,0.5589934463414874,0.8680771788364586,0.9053651028219215,1.1202336689237102,0.8512347610469775
2023-06-26,0.72306291260866,1.112795637865404,2.0645818860355556,1.315014037281196,1.710564318323579,1.3561171488273944,0.6995928102232798,0.5727973022358255,0.8454046593446122,0.9180849648364322,1.1276005378984386,0.8863187512159758
2023-06-27,0.718520735027001,1.1360178770060723,2.1469412422203313,1.3673104140615575,1.7597139331821272,1.3888186690817261,0.6899193858770466,0.5578589127372022,0.700529829029275,0.9596550027551862,1.0572712144257193,0.8576743268896185
2023-06-28,0.7179441225490685,1.127998793742932,2.1320567101598225,1.379681340425788,1.7474750515544129,1.3834747955546989,0.6863075344754818,0.5648053116535474,0.7083488750741992,0.9513624700151073,1.0662542522599814,0.9073306912756336
2023-06-29,0.7104640906268898,1.1294004682738705,2.1624554443717887,1.3934823516293156,1.779026009558507,1.4031585536940618,0.6734682251380495,0.5503523369328174,0.6987508641941645,0.9384593173008249,1.0840826341469056,0.9090487245874805
2023-06-30,0.7140231937656476,1.1286433954160258,2.166621418126444,1.393766231319823,1.774056634006374,1.3976404504696012,0.6671117288384389,0.5514328033560914,0.7035353301603744,0.942759480202823,1.076166826470711,0.9060263231666942
2023-07-03,0.7311882418252565,1.131480698494934,2.1583758357753586,1.3583523421950547,1.773332639156732,1.3969682226628979,0.6643077821699583,0.551761726050153,0.7246551734602938,0.9379989182066149,1.057421998398292,0.9037996852545597
2023-07-05,0.7287898603730872,1.1395454418347426,2.1584090556563926,1.3606311993016786,1.7380607272804494,1.4125279968886615,0.6595589087155254,0.5625570796888664,0.722714394852859,0.9788725826284272,1.0855032302533023,0.8932404428165142
2023-07-06,0.7307974979049525,1.124345191021249,2.1521857574486143,1.3789761707125687,1.7467844188784636,1.4040665197334048,0.6511937852419303,0.568428475574282,0.7524885371322381,0.9824715544040798,1.1022428301510296,0.9032327507901532
2023-07-07,0.7227734970948441,1.1144333759587455,2.1597121477614114,1.3900270816199582,1.7578273021060693,1.4056832204122862,0.6588951767932634,0.572418994476342,0.7579487499688737,0.975951599822513,1.1133995088623023,0.9097928579100956
2023-07-10,0.7232376810711786,1.1023281825468223,2.1506912953204016,1.390658030896646,1.7564019296572146,1.3925991025728788,0.6479390324024827,0.5608698887712763,0.7623717586959358,0.9943062047962378,1.1133947982156538,0.92944559622278
2023-07-11,0.7219103768623233,1.110859269649103,2.1354372142549405,1.389034595539863,1.749324276848584,1.396316617768101,0.6592538546344636,0.5551282785251187,0.7585931026206284,0.9984471354563453,1.0962324422037826,0.9246175093608571
2023-07-12,0.6827034702291689,1.106896155126011,2.222191970640811,1.4209062394263363,1.8183013654896247,1.402485744007045,0.6442436231297332,0.5457302984108654,0.7763327940562349,1.0017859674280638,1.11609267777295,0.9369803053393393
2023-07-13,0.6846857644875269,1.102446678920621,2.2512598583226255,1.4083789597311185,1.8363682741715848,1.3973605081414096,0.6716246672096124,0.5094552055042405,0.7881335491675389,1.0061839069603136,1.1240532435623165,0.9562272122428694
2023-07-14,0.678229057154421,1.1043141045240985,2.269953513960054,1.382351290305059,1.8251287497160182,1.3985128180421675,0.6756928045027525,0.5228632243538546,0.771746889153193,1.0050369077665475,1.1568743718129342,0.9480164689682938
2023-07-17,0.6773284824074741,1.0996881836868713,2.2746128013302522,1.3832885571944193,1.8234847273121522,1.4009101675403326,0.6776913145898479,0.5336153154800592,0.782135395840373,0.9963792936422704,1.1573934870194365,0.9524922145455823
2023-07-18,0.6931347141830795,1.087064124947126,2.273282018302513,1.3928625389315885,1.8263986082026349,1.401255412329834,0.6622209749438516,0.5063347859199685,0.80239661088599,0.9728978182732995,1.1563230311484063,0.9485549071671159
2023-07-19,0.6816704458419056,1.1127859024366593,2.2475140921686028,1.3739496030194747,1.8215590985026928,1.4140295076555556,0.6492051122510719,0.4768101562432479,0.7938708778158587,0.971286831801864,1.1554641930804415,0.9488352280772611
2023-07-20,0.6692702445557972,1.1215086658016378,2.2559247643109326,1.376429976818585,1.817179735620455,1.4164199772911628,0.6350822746872571,0.4685691395259698,0.7806797729067135,0.9871137215093458,1.1417221140180596,0.9517055053732939
2023-07-21,0.6655012801459418,1.1156284002028685,2.2333428986425945,1.3508127281760118,1.8614926236846114,1.3988430626029962,0.6585938356971995,0.45502428150287166,0.8087425020581224,1.0052905601380833,1.157233612757924,0.9491308357265155
2023-07-24,0.6820275082853454,1.1234131954417854,2.2973171620230226,1.370635955610362,1.8506072725096552,1.4220942733435056,0.6324617594786731,0.4625611659401702,0.7716698100420555,1.019400346656123,1.1379678547541943,0.8898646779779061
2023-07-25,0.6970573780625503,1.044016944167995,2.308876818773296,1.4164248120169858,1.8522616157022647,1.4802376616409925,0.6431716448493174,0.48907270770747635,0.7823310953326625,1.0473551122009754,1.1587480508399357,0.9510458483929873
2023-07-26,0.6622420146673547,1.0258793196759814,2.398685251212596,1.4828968112688026,1.9017119543742516,1.4862760923923384,0.6157093290374452,0.517235638673456,0.7615454237140558,1.0524751901492517,1.2125899917784813,0.9864279182631608
2023-07-27,0.6350495806874072,1.0775446486569282,2.3536922386357606,1.5081519801829588,1.8966822185266228,1.491406479485991,0.5983141254771326,0.51035541704582,0.6914931583353227,1.0833720532965176,1.1771368072326391,1.069893406068881
2023-07-28,0.6384089770083847,1.0879329035580305,2.352860030206763,1.5099132999150684,1.8865129681036656,1.4873301056937702,0.5978943669223235,0.512890427983112,0.6800497077253932,1.0762775522511288,1.1615143965845198,1.0592337325720325
2023-07-31,0.6429217755252965,1.1185479810600862,2.325467640479726,1.4440426186461675,1.9096346369080075,1.4930310479687463,0.5647294082195538,0.45272684422284026,0.7354402851884376,1.064353803687815,1.2042529097236825,1.038939658877184
2023-08-01,0.6402807865694365,1.1309759620037398,2.331409193269451,1.4619047969546313,1.7898831582005725,1.4079674937326174,0.5614884183958345,0.4447669835229322,0.7898455012135338,1.0763855303009795,1.1769919430939377,1.0483293893518295
2023-08-02,0.6335232151343452,1.141860402430861,2.33452676111676,1.4582966246493347,1.8562890855357725,1.3825931219982344,0.5631714335592537,0.43825195361524355,0.8138392479052403,1.0829373248736078,1.1244244910182746,1.0503693214157592
2023-08-03,0.551541118805248,1.15417554470931,2.362013516343543,1.4625988192927355,1.9687590155881831,1.4000802746797543,0.5415886924430359,0.4083544866748341,0.9605462414664875,1.0720800084545017,1.1222775525554498,1.0781346421454563
2023-08-04,0.55579794883561,1.1495365031473657,2.356789945688923,1.4651508537940046,1.9546161348678772,1.4029190605612216,0.5589595050261064,0.39962832492584305,0.9436302490366621,1.07639366565752,1.1860377478267872,1.0734806280738602
2023-08-07,0.6308176613441628,1.1148761187253584,2.284887085717297,1.4279371607820763,1.8736521159954933,1.3644733898329047,0.5782958390049979,0.4164171271504179,0.8849242360028998,1.051448799115607,1.0894850171344803,1.0831368976781068
2023-08-08,0.6251096659291917,1.1090785096897733,2.3098533295979418,1.4385549089556788,1.8759124774092673,1.385350992217298,0.5645847195381739,0.4182135160030038,0.9046912258003641,1.0513285963485273,1.0958692675255775,1.0971984932646959
2023-08-09,0.6157313682448334,1.1114601273703548,2.309372998946128,1.4522381363779466,1.9031827951820146,1.3944649724050677,0.5811239948199359,0.4093001259518057,0.876661130672967,1.0540578343467748,1.088224331102295,1.0969750031377807
2023-08-10,0.6143102693588973,1.1038933339825585,2.3443546526886885,1.4922711252639123,1.8950444244746354,1.385460552197695,0.6132183014723784,0.4071168254197593,0.8982425663372394,1.0660493801255286,1.0783134857988377,1.0655069732047515
2023-08-11,0.6203871937624412,1.1082756759363044,2.3460236237622047,1.4952671506182635,1.889283059206653,1.3744003859702167,0.608338609767245,0.40316378352780136,0.8799966351685733,1.0786605530384605,1.066711125181297,1.0543188755048236
2023-08-14,0.6160190671741758,1.105061034791111,2.3698564205078543,1.5024765236181004,1.901635977230084,1.3832654028151563,0.6008489922076085,0.3927147460020463,0.8664109173933616,1.0706294633040134,1.065784022126091,1.052431245766498
2023-08-15,0.6218393039599319,1.1019927285501718,2.42063544677255,1.50394637680013,1.9237286610494908,1.3699935733005797,0.5906346605292914,0.3707339391375036,0.9135891374981544,1.077335808629785,1.0342724261574328,1.0706213467823276
2023-08-16,0.6252007288213214,1.1109377155248754,2.392768359038001,1.5094447926449797,1.8979812245522372,1.41713240648633,0.5853558824052623,0.37423399320281714,0.9223968137630185,1.0373413047762865,1.0491875050945751,1.0587101506121388
2023-08-17,0.6235733220603328,1.1020543624381494,2.3780657280955215,1.5089303138848404,1.9185704939316268,1.420254715674017,0.5858459406626866,0.38361768720564304,0.9606868770296102,1.048220895463038,1.0519051723147188,1.0633562829291228
2023-08-18,0.6346527380700315,1.100510374736851,2.3597923027157717,1.503841572527682,1.923538470315792,1.41610653818454,0.59696622394553,0.3408815547722963,0.9847881893027655,1.0439132020991793,1.040990195245945,1.0482995895692004
2023-08-21,0.6243004638700769,1.0979961619184424,2.3897049368349057,1.5663322126763535,1.9862091922411647,1.4395188397056315,0.5824936858517885,0.35141092183898,0.9622013937864957,1.009324070379178,1.0389727542599947,1.0687186978433978
2023-08-22,0.6233159357030796,1.096934554457758,2.468271983698483,1.5983053044156732,1.9861718222837859,1.4184255878911076,0.6210633670219556,0.33943517530752815,0.9354499353824617,0.9714302075386546,1.0113200825130069,1.0405325109460102
2023-08-23,0.7066297716737651,1.1085070147235916,1.836158990972383,1.5586788954956559,1.8130550769454936,1.3553875154937216,0.7207044423312867,0.3493448023284833,1.4265500189887108,0.8614440537471529,1.1622830655157772,1.1603738491730773
2023-08-24,0.7545015935954302,1.1327997277534487,1.9443862641444143,1.2774162769064095,1.8008650369285917,1.2704637837021966,0.6911608427169967,0.3309381974115685,1.3779426001153794,0.961193385150452,1.0370785702950611,1.1210256322847154
2023-08-25,0.7795024281471369,1.1214250686097194,1.7850397046176307,1.278852508417187,1.9038341136403947,1.3035416817057024,0.6830244955369643,0.35317227083455527,1.3978865956739956,1.03070306519756,1.0025961598535933,1.11619436984569
2023-08-28,0.7940955802990617,1.1216288393661258,1.6666087944466201,1.2751299675702275,1.841087671690743,1.3255082439654091,0.7349323247681798,0.3467959412163423,1.4758075746693622,1.0712067417817586,0.9969580359837641,1.1147954521166663
2023-08-29,0.7858024667582542,1.1120260299032234,1.6263736425485698,1.324297847550138,1.83862931482634,1.3139536349943997,0.8157939366748965,0.356847636543384,1.5089085458084408,1.083494667988283,0.9860927788137236,1.1106711428612825
2023-08-30,0.801680553781216,1.0925851876052965,1.658395250227917,1.3262292193671557,1.8490285885586613,1.2820099341480635,0.780392491303018,0.34900174491972974,1.484650021527742,1.1134941881633746,0.9906564716587662,1.092723610947856
2023-08-31,0.8110477041794752,1.0952204365642877,1.6564780812357127,1.314546643375433,1.8576069283929084,1.2784810310314563,0.7797370448622781,0.35252834822221707,1.4446217866444024,1.12134607714668,0.9640537758290166,1.0596158517048382
2023-09-01,0.8092806388129952,1.0906469472974847,1.6495341016513696,1.3260214219590543,1.8592723379994163,1.2862263839199017,0.795658346547356,0.3541203736157048,1.4551899619034463,1.114870076610198,0.9730434695485456,1.0541203022404686
2023-09-05,0.8207483171684476,1.059949005951805,1.6236346252834362,1.3603952662338814,1.8212982498365957,1.2455011657058614,0.7452828833600901,0.36166671556282604,1.5357632811839836,1.1114576068073034,0.9873182820654952,1.1169097972215525
2023-09-06,0.8113670515440845,1.0702798859957212,1.6109703287379247,1.3587055883370007,1.8096701080081228,1.2010179258366311,0.7262875449674758,0.3678696791067195,1.5347475453220094,1.1073597531145853,0.9890474189903079,1.1282532456144192
2023-09-07,0.8565859497253036,1.0539625215964816,1.6383674321352244,1.338578920829077,1.7803789414207583,1.179517744894335,0.6791569792053277,0.3698869661328911,1.5113008025076509,1.0772847344677259,0.9852312632917481,1.1303547939274212
2023-09-08,0.8989248692513163,1.059418450219245,1.6859894724382425,1.2374032711379193,1.772953066714463,1.1038959559536463,0.71613587027575,0.3571069984216693,1.3400616528905769,0.9307819409094148,1.09399658939963,1.144642843630281
2023-09-11,0.9056456660334529,1.0613734795192844,1.65883530750585,1.2471427599918081,1.8083852172595847,1.1025692183309874,0.7410090827489042,0.35391335581120126,1.3250352555985443,0.9363549384423625,1.0812253056479837,1.132949725405793
2023-09-12,0.9150889635192592,1.0678425874797373,1.6030558259364789,1.2031225676611024,1.7884747616989973,1.1204930625317107,0.7489772355026527,0.35676367176829454,1.2816318531216968,0.8812172085183433,1.1316408142295946,1.1522761341156502
2023-09-13,0.9149703270221174,1.0314270416894458,1.602072520752281,1.2224376442228146,1.7794293679057342,1.1649917538219978,0.7561567697749458,0.3414882150078902,1.2277933791615465,1.1669306445339196,1.0723595380216424,1.146865577378899
2023-09-14,0.9121944804058786,1.0266215782562407,1.6198584897056898,1.2170284181707671,1.767389300418691,1.1897456099171004,0.7550707779882149,0.34442133593694024,1.2514871010899866,1.177789614099857,1.0798075981722646,1.1516117795552125
2023-09-15,0.9272196334090338,1.0228009548233221,1.6581354680756246,1.2440542340127618,1.754961415933332,1.1626377997945045,0.787386648727431,0.3314199802923351,1.2032159170008014,1.1674861228823497,1.0693170435091506,1.1513824697532506
2023-09-18,0.9060280830924698,1.0416576770048596,1.6880678393505752,1.2305463908697636,1.7268251714661025,1.2194815336406732,0.7505080217843347,0.3126098691816947,1.10519647006213,1.1365024992883495,0.9952464916439846,1.135687919920158
2023-09-19,0.9005184649488623,1.0276630373149218,1.7036936818927526,1.247422678432556,1.7582359122665303,1.2334507677615643,0.7374789436363112,0.3108213151300734,1.1242169944659013,1.153890779792316,0.9955750816040317,1.1305742390000924
2023-09-20,0.9138221828598573,1.0240994373810526,1.7027747800761375,1.2300511359580593,1.7808246089004238,1.273631265589288,0.7256977905788756,0.2896402771200763,1.1572882258399246,1.1492844861362426,0.9740730740346878,1.105200653329383
2023-09-21,0.9245149658959326,1.0294474906299502,1.683987666877367,1.2447322732160382,1.7345736480791534,1.253882460177381,0.720479095357319,0.29475512519327907,1.2395709457985935,1.098661842541306,1.0042169481837198,1.0943138800233236
2023-09-22,0.918237121858705,1.0087708706523966,1.7030814551336118,1.2405023269962203,1.7855405018696473,1.323408020887845,0.7642059260677176,0.35667144537029744,1.2105250903609572,1.1617416696705882,0.9705136980104864,1.0132374466755987
2023-09-25,0.9185580173398349,1.0042371363915865,1.710536284336891,1.2497016501199107,1.7851840712542848,1.3237609306011642,0.7565793249021614,0.35784950620232164,1.2067227718724742,1.1614892060969646,0.972327022782831,1.0138094325193023
2023-09-26,0.9210577604247637,1.004852481473985,1.7186993922256288,1.245530437351706,1.786736332953071,1.3194951735530607,0.7582380280703422,0.3540278949894567,1.213568525879239,1.1529186916351548,0.9836808650966633,1.011283824514095
2023-09-27,0.9145599248162828,0.9998526562379666,1.648298862624797,1.2775060046622575,1.7490674436116287,1.3194239078931373,0.790506688934867,0.3667220492701506,1.2074349924531798,1.1937235108959225,0.9710673511588594,1.0016498218874095
2023-09-28,0.9102814754250864,0.9994232052719499,1.6522824853802371,1.2786674920427097,1.7596261612080384,1.3140460054655891,0.7908826975515688,0.36995909090542317,1.2156595089146505,1.1904593777777457,0.9703380011931051,1.002115724801414
2023-09-29,0.9064490417780332,0.99983045882542,1.657933412172424,1.2821366175349989,1.7957319925584705,1.3135970998901207,0.7981773304306533,0.37695112621708,1.2014342089261598,1.196250848526545,0.9689077847044254,0.993859433322101
2023-10-02,0.908653835627535,1.0052311925012443,1.6584847064155785,1.2746341016363383,1.7926881974806421,1.3132079960110068,0.7913994606214769,0.37212036082366595,1.199573024413928,1.1925413348812357,0.963059564515673,0.9903828796090499
2023-10-03,0.9179054057882846,1.0151154614483155,1.6811782662053094,1.262362527988438,1.7727982224885719,1.3285408498096105,0.7857229921670171,0.38132817567902516,1.170724626751613,1.1841712491452023,0.9528031639090294,0.9836170330269708
2023-10-04,0.9041847165238641,1.043189686304816,1.6913458309453389,1.254348047503824,1.7741038784110246,1.3348881223741633,0.7920217675339917,0.39706238526721194,1.1079758133233866,1.1861834616155607,0.931140899303722,0.9677824819891027
2023-10-05,0.900188479026762,1.051405439085283,1.672600415689976,1.2458470956769525,1.8132379022300793,1.337395611777503,0.7792828733876421,0.37587214650253253,1.0872114009764673,1.2024619366482796,0.9078387454045517,0.9589325934256525
2023-10-06,0.9029741598207685,1.0477364509715505,1.6529242817504781,1.2533519987250772,1.7957469551376237,1.3536570693926084,0.7479027248377905,0.42498174435731767,1.0762328824947733,1.2110056134647618,0.8984866987892217,0.9369557462789672
2023-10-09,0.911830739945334,1.055917398880399,1.5898910198081022,1.287870125761301,1.8367762299037438,1.3355587450765984,0.7729689789322965,0.40446723740215645,1.07640397777314,1.1978365147692427,0.8365684687388351,0.9394875186078596
2023-10-10,0.9152729410385223,1.0585986220926418,1.5736334108297845,1.2921653970243738,1.8278884357853413,1.3326403503177287,0.7700781443317977,0.40640606148530645,1.0657118246779345,1.197581701628095,0.8401504353095361,0.9348840325383265
2023-10-11,0.9031299996823775,1.078303314970947,1.5751102041945695,1.2787831278158672,1.8380435349462667,1.3416322273858285,0.7955526621360688,0.4019824022871549,1.0308287486606023,1.2276668398259658,0.846670461331606,0.9298782000472451
2023-10-12,0.9210663052117519,1.0376544391152565,1.5783077798287661,1.3239097861268974,1.8454835901945261,1.3612831231374114,0.8023858773226139,0.38570020443661257,1.0478256025872845,1.208378806320271,0.84410128265867,0.9295203637043494
2023-10-13,0.9243394992807085,1.0345272883716004,1.5770391220026574,1.3317908740517586,1.8441905141397017,1.3629406172383602,0.8082419375184211,0.3912830676755817,1.0467259441655963,1.2040095503225026,0.848340743633562,0.9271060577050876
2023-10-16,0.9417819955573858,1.019545342050086,1.5887837539865206,1.3746674551472595,1.8126419062499455,1.3819174959072513,0.7693579784712128,0.4008582936748014,1.0322754007057846,1.1874231001275695,0.8390721628086883,0.9259273295312772
2023-10-17,0.929292519997949,1.0268978323991285,1.5855821330776456,1.385098589810724,1.8058642495936117,1.365953119583104,0.7871242323780038,0.40447100149332443,1.0381610378871782,1.177919132794177,0.8525183562982226,0.9302401898341409
2023-10-18,0.9302909986659333,1.0246119930950157,1.6074042317394037,1.3923716255140135,1.8103962419139132,1.3534856899662724,0.7848136427193173,0.4035107669869202,1.0489032914192309,1.172291294824438,0.8430301228320677,0.9272483919769994
2023-10-19,0.9355220854558592,1.0100229772560438,1.6310110632341799,1.3685748034254255,1.8228100639601197,1.3681172393773806,0.8154576806334912,0.39603698024871886,1.0522739862499848,1.1888900150284334,0.8456264842583239,0.926326538428314
2023-10-20,0.9642230892324023,0.9603592170869456,1.6558328002075429,1.361347438507337,1.811583844209996,1.3588894057146141,0.8177074679537217,0.3965776746616954,1.083982906132469,1.175388895062404,0.8470598810487037,0.8536272678350421
2023-10-23,0.9582404716378629,0.9522870603126963,1.6359420339735788,1.3494871441030014,1.76220607916767,1.3723846660411776,0.8344837574479502,0.39784373014987584,1.0949652000150465,1.2670478040639872,0.8697233354341265,0.8667609991267946
2023-10-24,0.9558549579942998,0.9357022702953469,1.6562819894553398,1.376851707553505,1.7711077354239473,1.3550509732338631,0.849039318713935,0.4401939962269561,0.9854639315193962,1.313691709245977,0.8327652977108261,0.8759163654596805
2023-10-25,0.9513955593502239,0.9367408759442117,1.6628833023416505,1.3919254479510965,1.7714832678192516,1.3273550097694475,0.8573987044969513,0.45455437368542656,1.0174678969710391,1.2950398819989983,0.8258605827055742,0.871641084977805
2023-10-26,0.9555545918458388,0.8806291857604999,1.7020803409130854,1.4133223810437552,1.8115952416070098,1.355334260080093,0.8942258525442199,0.4600791333394825,1.0754523823951334,1.2953166201599444,0.8695061506640306,0.9073191916675897
2023-10-27,0.9999715928573029,0.9173712489786439,1.685825333775684,1.4287473070300865,1.6973249887301518,1.3192828384763486,0.8800834570256981,0.5200523070733684,1.0034796618889643,1.3038257371062705,0.8106475191692396,0.7901957220311883
2023-10-30,1.0021273351414755,0.9165643333143499,1.6843154612767375,1.4323309721481274,1.7325758219507872,1.2954829527057719,0.8701420897419926,0.5253512340388301,1.090843320859756,1.3010412677404395,0.7844480625681876,0.7820960744161697
2023-10-31,0.9440390417408885,0.9611382873999155,1.727656646338028,1.4387660897052899,1.7848151919053727,1.370291096890744,0.8919438456377798,0.5114605514174182,1.1138448377246035,1.3210750737231411,0.8553832271801598,0.7299574476638419
2023-11-01,0.9498754212671976,0.953382021358872,1.6985293678657676,1.4210387663122788,1.7961779909595876,1.368786804164121,0.8917014573856615,0.5163639715388604,1.1292090317422778,1.3246885691947274,0.8711775736258164,0.7368676626418482
2023-11-02,0.9634041509356408,0.9573913100820133,1.7088171361745763,1.3816324066323318,1.9337953854480643,1.3502185179524038,0.8750927433804035,0.49833597556765163,1.126232551138714,1.323207103549206,0.8684597060124194,0.7223755695254922
2023-11-03,0.9797472439293685,0.932805860033019,1.6627943981235365,1.3447452006927112,1.860963315294608,1.3598831016144999,0.8612255757045635,0.5126450030772203,1.0920752736407422,1.2994401424203401,0.9656692528342411,0.788409674532857
2023-11-06,0.9606761545697211,0.9355057214341378,1.6839917518652523,1.3432580316946023,1.8886863483854468,1.3520258352386905,0.8464302477223306,0.5126593477334003,1.091159588943326,1.2979937948104554,0.9761067466175845,0.806081287599812
2023-11-07,0.9741046550332385,0.9378128671168916,1.6623244569246554,1.3283992045471629,1.8656232415678649,1.3413135592111798,0.8513028082936641,0.5266383140676033,1.0941916739021997,1.311659493515371,0.9719367213384897,0.78944245100705
2023-11-08,0.9910654796075509,0.9507922790630556,1.5596689243731428,1.319011749698171,1.8368599240790597,1.3576041519258317,0.8619474980915166,0.5278229756245983,1.0973551077959947,1.287466129616691,1.0077970732932064,0.7418259549101508
2023-11-09,0.9897687555749618,0.9531772162182589,1.5904051046622332,1.322532134603621,1.850125920472676,1.3596178656580662,0.8486264347499347,0.5187523004576715,1.0561269019343327,1.3445315259678723,0.9844468932579593,0.730006801807056
2023-11-10,0.9947446666209309,0.9605590319574527,1.5858801349622373,1.3193615935566465,1.8166776202405517,1.3706995821504742,0.8504247564200601,0.5280692103113468,1.0178348492656444,1.3365881687557792,0.9744036505503343,0.7288067755500693
2023-11-13,0.9766731942683379,0.9522726447500582,1.566364095613916,1.3722489262150401,1.7985133246159446,1.3710599646278774,0.8277909294609259,0.5765679131354939,0.9908595798074342,1.2744994334859416,1.0096901446600723,0.777324713461877
2023-11-14,0.9789950438339634,0.9557196237082611,1.5525571520649435,1.375526586466896,1.802160236742147,1.3750264320063819,0.8160835880543329,0.5781945060508595,1.0015960258775958,1.2570588419242779,1.00753856359448,0.7783753048009527
2023-11-15,0.9907103860209336,0.9370225350073719,1.416803092729917,1.3304316312050999,1.798068638060203,1.3705980084690164,0.8304595536289517,0.6011208489929697,1.041252033740603,1.2885414554276327,1.055999653464828,0.8194770767260865
2023-11-16,0.9935557720511587,0.9376224866829863,1.4090958588543536,1.3274553588463667,1.7916996051633531,1.370505162475083,0.8275238162407775,0.6018720580099597,1.0384457901246074,1.2896412112818398,1.0525359796350744,0.8189412170527803
2023-11-17,0.986447245870777,0.9515525381079948,1.3973137983673,1.3161761083526236,1.787383862982726,1.3800724207900397,0.8371139142679227,0.5500359923635328,1.041328199205288,1.3113390921119203,1.0585931766854837,0.8092692890779319
2023-11-20,0.9743944259871977,0.9569269601216607,1.5161235722726905,1.323213204802575,1.678099114770832,1.3667011604068122,0.843908627501744,0.5601835144529806,0.966082731022744,1.2707665775389556,1.0525174151917311,0.785636937713993
2023-11-21,0.9629356370627203,0.9682692507419867,1.5647999297739488,1.3410105586106897,1.6634022016169536,1.3484208733300835,0.8410129285136777,0.5637159011844046,0.9644887192413161,1.2458980153370423,1.0186521106910966,0.7712254705985641
2023-11-22,0.9566212229048133,0.9808106739817418,1.5537265349287366,1.347077995305972,1.6813186076924003,1.3405640072139349,0.8329991714475327,0.5590821485567377,0.9910788616108466,1.241285611057678,1.0316767647704284,0.7761631083459405
2023-11-24,0.9486078552985958,1.0008081669791784,1.5093851030149856,1.323755081004917,1.6962091451303976,1.3640177170981742,0.8713584684214156,0.5658430883425314,0.9942727801798353,1.2153915893451746,1.038021085003332,0.7802518166231872
2023-11-27,0.9389232641199152,1.0083025736003792,1.5154514012083193,1.3269174675870734,1.702565422030805,1.3656485072488425,0.8621565186069218,0.5583687331850907,0.9958704904031609,1.2168178459975951,1.0492362339388464,0.7908715725701088
2023-11-28,0.9405601797378135,1.013579267328606,1.5161246090275675,1.3149487547984626,1.7123505693889784,1.355416930162135,0.8471674012739027,0.5532895653250716,0.9903502812565448,1.2222888959158587,1.0460658035058976,0.7963111924160111
2023-11-29,0.9388643305331738,1.0153780742315244,1.5212142145780256,1.3335948607492971,1.701500140212676,1.3552492009220005,0.8476808706569127,0.5500320617904337,0.9786113174108406,1.2211038514685748,1.0425142733703294,0.7933588435973525
2023-11-30,0.9394351811522716,1.0115081306217475,1.5225302710052782,1.3358104258527488,1.699265842224883,1.3562450222611322,0.8540664486068232,0.5534975972157021,0.9799223062207426,1.2120482266657728,1.0402442028249246,0.7937690047638275
2023-12-01,0.8957333820994337,1.0238753486557466,1.4969917905930052,1.35836609461078,1.7039089528439522,1.3701522099359698,0.8985219397219866,0.5669471772061742,1.0049609821372212,1.2422197330788243,1.0306944705130707,0.7948590371387506
2023-12-04,0.8568995758806786,1.032943886100567,1.510536754638712,1.36456926443525,1.7030593621652106,1.4115672107853208,0.9413888026464163,0.5798198157149522,1.1078287558269304,1.3073392003273023,0.8839400886895119,0.782686680919058
2023-12-05,0.8550721174655324,1.036474850267433,1.527013292627834,1.344158369861279,1.7097768718788782,1.4030830950802589,0.9924835232540525,0.5763652603823891,1.1477432889890853,1.292228549993945,0.8637858820644789,0.7321162181091654
2023-12-06,0.8653533191424287,1.0351078076587512,1.5477745893557795,1.3326646961257116,1.7110754497600942,1.3939642767551637,0.9907421912666924,0.5723476991800223,1.1292978525087847,1.2810479029667319,0.8431485555319442,0.726163853257458
2023-12-07,0.8581488444059149,1.0376386710688321,1.6291476341105906,1.3536452989131842,1.8030948568096,1.3483937016354708,0.9936581996522166,0.5850944060372844,1.2214287983220105,0.9353247939986726,0.9109657843143051,0.7278883811035739
2023-12-08,0.8596223533466718,1.0239735613778347,1.6365070116341918,1.3597602949752916,1.9191269410249472,1.3541571099836873,0.9738500299401122,0.5983208927145378,1.2337175662066318,0.9268828261763937,0.9259796678430272,0.7322488701898973
2023-12-11,0.8573102632593391,1.0236440653630083,1.6514493963290018,1.362357396038259,1.9273713330433715,1.354885412138653,0.9795895310719329,0.5985765122334087,1.245353400434182,0.9171801453052323,0.9122984424169552,0.7168847056562248
2023-12-12,0.8744085256320571,0.9848709372166914,1.602695987667486,1.4584687369447216,1.9113618273247077,1.3123848925407282,0.9706574398164967,0.6506926074035918,1.292429883667683,0.9972934825368509,0.956840201975285,0.7153196380187314
2023-12-13,0.8741511951155715,0.9868683335528016,1.6128361182759714,1.4827802887737076,1.9184418020134721,1.3153549650723433,0.9783197886485805,0.6486318219487474,1.2771269176857718,0.8941555866819229,0.9551530475154278,0.7029409434660137
2023-12-14,0.8866630936761096,0.9767647534403808,1.6059643087157283,1.4844389038409094,1.9002133179931362,1.2935205252443065,0.9726242819207649,0.6535071845902395,1.2599127999210173,0.9161608085503062,0.953364894613036,0.7261889735889364
2023-12-15,0.8659170730599894,0.965759434306124,1.5886211446322531,1.4708993225046332,1.9480615515955293,1.3725416184610018,0.9778750001649632,0.6765048386441793,1.164133141377354,0.9897132441037212,0.9365587786689522,0.7104978357089577
2023-12-18,0.8765602207702634,1.0041382149925298,1.5790113184273016,1.4570243652475678,1.9022483243516086,1.30977934337068,0.960732470345827,0.59792148251216,1.2177116413477205,0.965319606708899,0.9403689476267768,0.7131541560515801
2023-12-19,0.8796916068042567,1.0019304305090908,1.572370163742192,1.4547414988494312,1.9033416386565227,1.301690626029985,0.9578897442636556,0.5953219720589946,1.220377518978203,0.9591651434562438,0.9440812276790127,0.7152296512180575
2023-12-20,0.8796509598342153,1.0016261900949452,1.5680615012291068,1.4518573723487533,1.9029045963261257,1.3034343783171596,0.9579496622152649,0.5952501648849192,1.2238112521235893,0.962353481535185,0.9429776114031477,0.7159897474105578
2023-12-21,0.8424561647938431,0.9791807477281831,1.6697648387762312,1.4820582115691106,1.9932294771540124,1.335734059653876,0.9549495585010999,0.5780432915323152,1.2583352930203489,0.9260591687269205,0.9993263827928751,0.7251930810877139
2023-12-22,0.8251791676447777,0.9741988063813414,1.6749259382638853,1.4774532488260153,2.011477388158462,1.3228937202511046,0.9757662754135277,0.5714873419361671,1.281545709856472,0.938466739197039,0.9998084912477193,0.7297719965852566
2023-12-26,0.8301150522727917,0.9773295865685315,1.6718172274306697,1.4741447976681394,1.987564501583179,1.3272383485500798,0.9824579693589309,0.5601255753159943,1.27303503132109,0.9292969129789578,0.9919494503164176,0.7260418411882094
2023-12-27,0.8284738580931297,0.9758582698409096,1.6722283800780622,1.4755671501701566,1.993235969604096,1.3249525225073366,0.9817307220824649,0.5613927683129685,1.2838262565439098,0.9292827330963301,0.9946886869324862,0.7297096413135215
2023-12-28,0.819070435311225,0.9643541823751015,1.6495934499989153,1.4956560423190173,2.0098437594977003,1.3135695072909925,0.9931912646976498,0.5464369468207042,1.3099647952223497,0.929233834371131,1.0124676508189445,0.7298245957316936
2023-12-29,0.8438698829986335,0.9246782813463198,1.6568540645033436,1.4976271145639937,2.013945756751046,1.298970239109956,0.9791844882299161,0.5388971982879235,1.4153740261516774,0.9186601442484299,1.0408602389434223,0.7140929966702787
2024-01-02,0.8517670542819109,0.9085741910388287,1.6600180272353082,1.5166406587686423,1.992617855669364,1.2776619107563005,0.9958969890771826,0.5485657870715952,1.4398658056899056,0.8922806333739467,1.0828573194840148,0.726414403491797
2024-01-03,0.9174214450934595,0.8607296854604127,1.5715682399800315,1.4627061727377835,2.0370804491576027,1.244320239827521,1.0073400733706115,0.4668356724512026,1.5054397459597186,0.8302535891104177,1.1015531252537898,0.6618472534986375
2024-01-04,0.9157703424141888,0.8226607495796019,1.569660482966937,1.495110514164196,2.036310913833764,1.2542810885203732,1.008119222606047,0.45244187554362963,1.571513502216557,0.8344133998364457,1.1571103233000195,0.6794928523346188
2024-01-05,0.9206251193188361,0.8236854896036411,1.5467525786825664,1.4919829479808993,2.0156637047026735,1.252446997977391,1.0077257752607922,0.45258214531238905,1.5712532334989429,0.8185070465398256,1.1622106829587162,0.6957768774243274
2024-01-08,0.9214937408261004,0.8241069521509528,1.5395822161409067,1.49216993354776,2.010141223893158,1.253276291860824,1.0084108971620316,0.45194991200895224,1.5714793651071306,0.8174867368436816,1.1613890118021275,0.694447911855598
2024-01-09,0.928607596984056,0.8104803567196133,1.6211968040548999,1.4360695292359336,2.0501729959584707,1.2193177351311926,1.0631177284986,0.452107533255885,1.5464614057736739,0.82675511422768,1.1386602351759412,0.717584912865356
2024-01-10,0.929237259456959,0.8098689275480789,1.621280337714845,1.4397609419116049,2.050085089946101,1.2212246121135564,1.0621316942424315,0.45278773419517454,1.5460929996331592,0.8264631373987482,1.1386409313892258,0.7158021373415611
2024-01-11,0.9394232180272847,0.822600886939692,1.6093250622007997,1.4112554969962783,2.006123384797185,1.2182871795591745,1.0824743756139803,0.4768653467088204,1.5082125518515788,0.8412099608693606,1.092788718914726,0.688354686102089
2024-01-12,0.9465628054973269,0.8148394967848918,1.6112626813165012,1.4067566594039576,2.0081446990579477,1.2298388550622656,1.0841150568440359,0.4727592092171792,1.5049449140861446,0.8461815628332421,1.082268151978245,0.6771595085761247
2024-01-16,0.9429800901392427,0.8174370812487337,1.5648921074054294,1.3910416031624748,1.999536808507282,1.255510136309613,1.093574887024158,0.4727741205532875,1.4924798305890277,0.8597273879662778,1.1036526908041937,0.6793702678487427
2024-01-17,0.9500886018162202,0.8210478457692939,1.5124745166280615,1.4266937412857734,1.981605237087432,1.2783292039149838,1.0609882604937406,0.4812962379184972,1.4973931082986383,0.8678861795476193,1.1017082548026882,0.6605699741516593
2024-01-18,0.9554432112080264,0.8299867544082726,1.5191478728947034,1.4116149250752235,1.9767020213544684,1.278860688530061,1.0755538071772972,0.4779926938383568,1.5277652979550658,0.8725203783205019,1.1231566591465854,0.6649223854615897
2024-01-19,1.0088397833398741,0.8089974591969447,1.5064535577248486,1.4554698786856681,1.9833116516192577,1.1843263117629346,1.0182915865605313,0.49218457481720573,1.4922795478272122,0.7354218773421467,1.1563953232556337,0.6751264477930716
2024-01-22,0.9900123432465158,0.7888760082794153,1.5365795788765249,1.5323572896183315,2.0437024389045173,1.1986684809170627,1.0077155721189914,0.4914606529128116,1.4655835784123952,0.7201376980934906,1.20970680065948,0.7478947332251205
2024-01-23,0.9932813780720163,0.7885075796587931,1.5328561476407885,1.5262289591807834,2.035192464526844,1.2002905397343435,1.005050298730541,0.4843093314099753,1.458310091673926,0.7251936171739213,1.211408329282441,0.7492939121686848
2024-01-24,0.9925553486275903,0.8907971165994019,1.464503762147912,1.4772493694213331,1.944730588229309,1.1510640956924088,0.9362890774390987,0.4747462395546493,1.3657749705929472,0.7070340773636111,1.132142021018911,0.6780552070703092
2024-01-25,0.9684573226237145,0.8039282409671068,1.4374082034649982,1.4845597152850998,2.00955635205413,1.2025549855072217,0.9818682375842621,0.431213616303821,1.4269862207113806,0.7352884331772055,1.2484222021266689,0.7808036398920786
2024-01-26,0.9670202231255902,0.8036923152863954,1.4390965230433144,1.4819383844193306,2.0045311990897,1.209395442258286,0.983971711994345,0.4310555166599775,1.399814748389382,0.7346382099989701,1.248398388439876,0.7835699958083893
2024-01-29,0.9530673783809306,0.7679156710082857,1.4239807555012192,1.5094130796398748,2.029036843329482,1.173866259504851,0.9479190155774299,0.4271943244562774,1.714681036024588,0.7187917290736813,1.281784305005534,0.8459692330830494
2024-01-30,0.9438734169654208,0.7768959812376717,1.445707114749926,1.5127076879804118,2.0069678397635826,1.1889532720467648,0.9654642416076521,0.42180446888237905,1.6980689632768362,0.6973017852424439,1.2617227693146797,0.8472431040341816
2024-01-31,0.9593117499015323,0.7466728885252204,1.3920585403605248,1.5513826065919363,1.8962642615453305,1.1675455251157758,0.9718715103741139,0.4293837228839276,1.7300618207249314,0.6463962155732671,1.315412656246138,0.9048038239356895
2024-02-01,0.9341625000182584,0.8106558624091601,1.3577164693742554,1.5310634342155816,1.931375262653846,1.1098989513143256,0.9903839211990737,0.5384451963503019,1.5901226171135467,0.6749458704147485,1.0510018860485966,0.8379731925713075
2024-02-02,0.9567207720277758,0.8137560227303905,1.342740525423661,1.5301510299269587,1.8908234006247768,1.1176603023534037,1.001922654166292,0.5286721582148879,1.5742126059556831,0.7127284401563669,0.9320837807065125,0.8015544587928882
2024-02-05,0.9324740144240302,0.8229840669311386,1.381144366619722,1.5430425397812655,1.928858090286795,1.120245375254633,0.9998923303739526,0.5218672487981181,1.5417765110855042,0.703217482298922,0.9265311384327702,0.8032416649590889
2024-02-06,0.9235027766633264,0.8206784346819623,1.3985208965219518,1.5414475024284888,1.9420104556497746,1.08737421228151,0.989043851648906,0.5313230175567075,1.5320716130528096,0.714378132860666,0.9315964948873495,0.8235206554584354
2024-02-07,0.9050963564866168,0.8150691293907363,1.4126319854922265,1.5519368442260062,1.9845427651624603,1.1264973832010332,1.0018231021122364,0.5162090336856066,1.5384136745306616,0.7055407896568183,0.9332308760397732,0.8297640751362018
2024-02-08,0.8915496635083621,0.8293599752126526,1.4362954659204543,1.5701244621718942,1.9747762083435048,1.1219684228807116,0.9862138120927635,0.48297627949415545,1.5138363031049076,0.7250234119678579,0.9364130595950805,0.8045869736038571
2024-02-09,0.8889442057054504,0.8156330881580779,1.4813837277758264,1.5383368950623928,2.0095449372867606,1.0952832547664797,1.0352243730358848,0.4801290919827127,1.5535912186266168,0.7659243218928383,0.9006287803171731,0.776963412426161
2024-02-12,0.8721027937147676,0.8191759409115503,1.524268487011078,1.5031089933863928,1.9820589559058328,1.1012532136907882,1.0143646870719973,0.4750866719702467,1.5456210650206639,0.7706131697815397,0.9144406345175125,0.7775333262846186
2024-02-13,0.877242127422443,0.8538515233280017,1.54459810775816,1.5240785914267674,2.0121177949738414,1.1167758569542696,1.0149209363763827,0.4353709347697448,1.4846021535747764,0.758507899573658,0.8481520985048034,0.7401363860482919
2024-02-14,0.8590472041170508,0.8780258077275441,1.4698098976710456,1.4761494753704203,1.908104279532045,1.099249894596062,1.0359618053344881,0.4277715569023783,1.464822464751799,0.7711230884300707,0.8724428663647453,0.7868662989815224
2024-02-15,0.8375525772786535,0.8688301302469724,1.4770066194950326,1.4772586011696878,1.9337139334750362,1.0875077214874014,1.0574647682451381,0.49992023697928617,1.4471303099899453,0.7672690509623542,0.8996773724187086,0.7872035044841269
2024-02-16,0.8385467029111852,0.8620804742177408,1.4862383759086921,1.488648136769624,1.9458266614253927,1.1047339700152545,1.0500413601656813,0.5128943709279928,1.456598204414232,0.7804745160483935,0.8946201584537881,0.7870924526604284
2024-02-20,0.8376722104151777,0.8404761438718902,1.4747875389171998,1.505825049891603,2.0012887013328893,1.2198954943310742,1.0517604053486265,0.518246853348781,1.4433998329265552,0.7789820799548232,0.9540791427428672,0.7860982660153338
2024-02-21,0.8321324328622856,0.821215976039754,1.5410039441493149,1.5021168326859178,2.053379557414617,1.2228081029839555,1.0626797328148754,0.5045640102872265,1.3432034345364507,0.8137448589218057,0.9248548685965569,0.7273240809403935
2024-02-22,0.816081740628437,0.8115406225875861,1.5900476332324849,1.5005534583895634,2.0419502275449832,1.209036748016004,1.0755535115808645,0.49189750535957255,1.363415283167116,0.8074553802135946,0.9200445499354566,0.7103722235687588
2024-02-23,0.7536620640577695,0.7987057262393309,2.0213785240175937,1.5545286100632767,2.1945685450120593,1.044664091471091,1.0665372518168637,0.43454662550740264,1.1264557196313256,0.8197785329450219,0.8595768187003161,0.6422273741658284
2024-02-26,0.7579060063583539,0.8003888585856668,2.0205519121395463,1.5488433634279155,2.211472051287901,1.0237056989882254,1.0681728765368774,0.42754899493843646,1.124627930369357,0.8131583618117574,0.8592378718112856,0.6460726408525841
2024-02-27,0.7585788882397714,0.8011183085731466,2.021232459481045,1.548314238174578,2.212540102529487,1.0217188203408785,1.0656088372459962,0.4287138043294394,1.124400572941026,0.8140771356584184,0.8581986118689742,0.6456915138669562
2024-02-28,0.7567066759816351,0.799608116879175,2.022831089441197,1.548712972624761,2.2132724787654854,1.0222614168412758,1.0695888601213777,0.42960999738779726,1.127686238764979,0.8135829695742862,0.8586592089465444,0.6454675073154237
2024-02-29,0.7578978438256176,0.7952328436009515,2.029586876680536,1.548559172150873,2.2123035294499482,1.0150738518832696,1.0689791915847755,0.4321907370771061,1.1363952024142032,0.8053517034170141,0.8717378607076053,0.6535305975545491
2024-03-01,0.7437677879640242,0.8038716093541353,2.017929926471676,1.5330096650597422,2.2936568944519355,1.024850646402765,1.08993993203004,0.4354407335973118,1.1585548111130928,0.7954192144670108,0.8730596711331652,0.6780086972746842
2024-03-04,0.7082547667301166,0.7701573513681232,1.9964423301362324,1.6509496099887766,2.3100880958364853,1.0393590394667551,1.0505910531152665,0.41527064215446496,1.123183277723085,0.8106014867616734,0.9324913323053229,0.7478802335204856
2024-03-05,0.7052914135810466,0.7682996390568391,1.9835225668677956,1.6647991654869443,2.3173181117241937,1.0436533687412108,1.056826391503757,0.4124087444419011,1.117685805820379,0.8165099004798789,0.9267671283567297,0.7479882655857234
2024-03-06,0.7391937206759315,0.8027154998699542,1.7795115355016464,1.6844881712936628,2.1321059423972066,1.0894337091394308,1.153543242348072,0.38580649706763726,1.205114987365731,0.8178518126974668,0.962697208054767,0.7167297183218374
2024-03-07,0.7260971009916154,0.801705748538349,1.794443277223801,1.6798284481506756,2.048602526423115,1.0660133780865568,1.1807985279651838,0.37714609468773136,1.2124780360619118,0.8245923287244386,0.9740635626548948,0.7156212262728804
2024-03-08,0.7066986593309614,0.8088821396292009,1.8123053323011808,1.6960021408870138,2.004170774995274,1.0882071197651038,1.140158817473828,0.3575123622902846,1.2425898178349644,0.8394043211616381,1.033886529068137,0.7394848998330581
2024-03-11,0.6681428165569955,0.8114743734995924,1.9302211435993226,1.7410588016594044,1.9715617658605027,1.0451130066899001,1.0906110257411572,0.3025106493482743,1.2723727079675262,0.8422627964852983,1.0590967891239447,0.7423281509963366
2024-03-12,0.6547175854736248,0.8108469043753948,1.9411656987947878,1.7268478423089684,1.9905308667713297,1.026208021240212,1.0828787683949592,0.29585312827238025,1.2703999162603468,0.9226435718537243,1.060093123516942,0.7472086330630722
2024-03-13,0.6251005154718461,0.8395982689429717,2.0069296639077776,1.641976552523602,1.9546691138059378,1.0801584301184979,1.0402360894551503,0.2711412125547238,1.2318052741068553,1.1231369294650393,1.0281816356171898,0.7037866483416366
2024-03-14,0.6310191643504411,0.8168782289617496,2.003668146361738,1.6647536880573723,1.987968384372498,1.0436538246724547,1.0350500028263192,0.2630697254551591,1.2862655167562955,1.1191720457213077,1.0575963184525734,0.7319575460212824
2024-03-15,0.6299989972399397,0.8098872259347544,2.012623240595957,1.6586102732491297,1.9964584219377357,1.0456531065015156,1.0313547404642045,0.26071986103369044,1.2798298220009041,1.1099021389715371,1.0564645277814169,0.734873888908114
2024-03-18,0.6095003684781581,0.8288180569829944,1.969985431949432,1.6509667329267237,1.9008637899852348,1.2961075559383455,1.0613368762237878,0.2862584161048344,1.2409188898757577,1.0810054859186322,1.0416360615727784,0.6959664068753297
2024-03-19,0.6094572921529103,0.8292149104488793,1.9759005553036217,1.6539298373450726,1.8984496897855387,1.303999582124917,1.0660536249800674,0.28841187417187675,1.2350606578310221,1.0822588451958017,1.0382458317378362,0.6893861275780028
2024-03-20,0.6179878319206115,0.8406536359593562,1.9567974252835687,1.650101874105598,1.8541668120323274,1.3290868507676163,1.0640079657075445,0.28160609686377885,1.23101761290534,1.0729537109659295,1.0169576063709886,0.6639052514433134
2024-03-21,0.6360796430681179,0.8420872006691777,1.9484216638046177,1.6679252525824044,1.8053925575728567,1.3165440337431489,1.0507327125810437,0.2937497003367285,1.2017994391672846,1.0543417303428804,1.025658986819405,0.6748391107191378
2024-03-22,0.6396823898903375,0.8413457396902706,1.9478668167405846,1.6627735009666698,1.806065051139247,1.3176524141750243,1.0500544355243508,0.29327655809424613,1.2015155616221231,1.0547412273302939,1.0241983780143895,0.6735845107529214
2024-03-25,0.6394674305592756,0.8431542654468797,1.947088290922829,1.6619662565047038,1.7996159564710736,1.320733460642918,1.0523903282366902,0.29246101839523625,1.1840184578582262,1.0583182589482427,1.02233735759605,0.6693016109557195
2024-03-26,0.6412516788537055,0.8516295481383959,1.9343243668775036,1.6523890324043373,1.7975911877533033,1.2931205416243707,1.0520834574827622,0.2925869381974914,1.1905567693982786,1.065395791649693,1.0317231842820958,0.673935076173456
2024-03-27,0.6420133438741397,0.8518130859205533,1.9513117426051387,1.6581917118459168,1.7962442754541743,1.286395690699126,1.0503438326925365,0.2930901068395589,1.1818416133391907,1.0615450562992197,1.03133678762774,0.6827399039441052
2024-03-28,0.6510791320589052,0.8511916767096339,1.9306902378650452,1.6489953784344373,1.7937522353436879,1.2877968468374477,1.037067161964325,0.29596695598486594,1.2026899345076931,1.0508307719016396,1.030678355559218,0.6926778459925004
2024-04-01,0.5923134054646515,0.8815571342286289,1.9923468968293467,1.7018049197110825,1.7330049072244982,1.323679790518681,1.0353967441073098,0.3250655911051422,1.1413495686980513,1.099196483599522,1.0117135642381148,0.7327065622404503
2024-04-02,0.5929746901195971,0.8950552708375527,1.9924861550494941,1.6901795025977404,1.7217626202116476,1.3295793775489042,1.0235055246326785,0.3321247376178557,1.140898379899907,1.089601661281282,0.9963592527513556,0.7208381200035371
2024-04-03,0.5836713732806511,0.8924734173880338,2.0098953502476227,1.682421743681623,1.7585419469899022,1.3188047629605886,1.0058188389481055,0.340596478600302,1.1488694280048781,1.099399099600089,0.9841376300667022,0.7247112873011037
2024-04-04,0.5837262160386674,0.8917510775234052,2.013403648228642,1.6835537304016743,1.7645436279483515,1.318724790825558,1.0052493573957908,0.3398137946898546,1.14235512041728,1.1005881753054934,0.9859885767663433,0.7260789044983273
2024-04-05,0.5296708892668066,0.8861003750009374,2.013339307580074,1.7643540526266694,1.877641602427226,1.305462788781099,1.0156674048473184,0.3550885728894238,1.0931677085986102,1.1331312133309195,1.0431342046735286,0.7101591321311603
2024-04-08,0.5306660304214932,0.896099430611643,2.0071858109579637,1.7579102422333261,1.8858473800071078,1.2857290194514408,1.0344908849874173,0.3638543891465197,1.0473239094953728,1.1216522169763385,1.038346957741936,0.6920488464257233
2024-04-09,0.528608905578984,0.8868058829053076,2.011625243337422,1.775855267550848,1.9060034760019635,1.2817724772416503,1.033636418016884,0.3611029818637878,1.0673612703792261,1.1313055762790283,1.049122778421785,0.7002453688677637
2024-04-10,0.5340069669780484,0.8863778864608494,1.9966757894609681,1.765927993996524,1.9105803506865962,1.284858072541584,1.0207119455647324,0.3775587684835978,1.0702410385889045,1.122494645959457,1.055975386267207,0.7174145306775427
2024-04-11,0.5377134302351746,0.8785821700351388,1.929608958722327,1.7441147730354396,1.9114393228850977,1.267343782175274,1.0158524621062024,0.3978263409637452,1.0940853907026646,1.117896449557646,1.0852954356526099,0.750882438392941
2024-04-12,0.620111869830668,0.8618793571243358,1.9181118267496469,1.7648648740127162,1.8573297907948905,1.2041186810798674,0.9650887403582695,0.395709606109952,1.0819025501471677,1.0924145139188184,1.0875493019557505,0.7494742233115783
2024-04-15,0.5755706414263643,0.8643656054366492,1.9194698373565064,1.7641068682702414,1.897379588512159,1.202889092440576,0.9768084039158133,0.42365234423683146,1.1389805339183636,1.0960126715018093,1.0945390341447545,0.7812045556045593
2024-04-16,0.546829274969465,0.8886999050364777,1.9653369804945888,1.748204110665602,1.8992279294736871,1.210470858990973,1.137133256108134,0.41016314051180686,1.0367707621517808,1.0762665435421475,1.0262945406474153,0.7138281333688601
2024-04-17,0.5302231755847621,0.914322986849906,1.995654751257921,1.7020173198872983,1.8222935243361977,1.1931722889674923,1.1457281019371,0.40363827163952043,1.0046884528388256,1.1269337148636296,0.9666968534853777,0.643758044172239
2024-04-18,0.5201828517832369,0.9088812666825736,2.0335040851423134,1.7251667226675007,1.9056882970845925,1.1682572640132014,1.1255331712031391,0.3925480149625508,0.9974074778222176,1.130909690800925,0.9909436255810194,0.643459515703705
2024-04-19,0.5127458992039094,0.9205151823453103,2.004695656993191,1.7269724675665734,1.8666796485309776,1.154426325760282,1.1396239623256301,0.3733005449442213,0.9916508454519734,1.1412333216085782,1.0024538902458142,0.6519248864472783
2024-04-22,0.5153039980371655,0.9045948675760004,2.1713453192587817,1.7409015273302622,1.8645534014886227,1.1198557054291562,1.103679585705704,0.35102110257591557,0.9857713130967538,1.0975701848274624,1.0152501036617405,0.703964444450978
2024-04-23,0.519504396244703,0.8989925808635575,2.1984881514670187,1.7572800837550175,1.859717163508447,1.1018343810206148,1.104766444658738,0.3323740635132348,0.9824469958389996,1.0810554770979923,1.0249299629359476,0.7353418251104455
2024-04-24,0.5200537042472175,0.9135718901972029,2.207043216803446,1.7420464224557823,1.864917296793736,1.1062077353611275,1.1138076408806927,0.33406881170966846,0.8122677053245247,1.0711437977782738,0.9894052291136638,0.722117332134122
2024-04-25,0.5346390181046332,0.9067541095991611,2.180251334163586,1.7476900625653158,1.8725429982406283,1.0878271312868226,1.0893981409101676,0.33310409895288506,0.8153892555636344,1.0900041471749202,1.0146526190986944,0.7474272549385866
2024-04-26,0.520252575029092,0.916021675614362,2.1895242359054836,1.7456926990691584,1.8533268521088264,1.0972412791872954,1.099667108053936,0.3366607982155764,0.7999821843439242,1.101899585335575,0.9974926262331506,0.7282581012990074
2024-04-29,0.4905592119069099,0.9059154589223053,2.2877539096516735,1.799729300744601,1.8984708696169612,1.1284483474630527,1.0902590254294218,0.24054272196846788,0.7217039128523037,1.114741411698766,1.0959952380240847,0.7374200481887806
2024-04-30,0.4898005707677734,0.8919353351293979,2.295595855308413,1.8043740686540375,1.91374792195532,1.1125326516525593,1.0964113796032138,0.24300071478340485,0.7097356461999099,1.077883483829947,1.2101118036157703,0.7619046533056797
2024-05-01,0.5185938098091739,0.9135442533002637,2.1898270351179905,1.7797739447934082,1.797994721420433,1.0866804041523972,1.1020356739348796,0.2734983767935893,0.7555634793078172,1.0893523196142911,1.214447660559259,0.781605117761454
2024-05-02,0.5145182350183607,0.891054440717915,2.2030105379990412,1.8097024717154517,1.891565771362235,1.0535738922000621,1.0871115388498136,0.27729879138298197,0.7416412707187623,1.0668487036510965,1.2121835654680617,0.7848340056058312
2024-05-03,0.5479854417341559,0.8830526948507731,2.1922037237326464,1.751857500480566,1.8571276282483957,1.0467369289284445,1.081609615123709,0.27550533279635037,0.7441075273369888,1.0420110534129718,1.3395391170244024,0.7665530513962481
2024-05-06,0.6908194361615904,0.8622758228647126,2.107493292070917,1.6925882187903394,1.8046418821472177,1.0249519208618378,1.0142631698734133,0.2869021374128344,0.7418986438136851,0.9716430766192116,1.2206390747745788,0.7636573153763071
2024-05-07,0.6720399511248857,0.8718220915577994,2.123805189157597,1.6956166780853799,1.8276460121427136,1.0335641415827488,1.0064395521104348,0.2822535822714371,0.74172507357639,0.98760680621773,1.2106441269598596,0.7675508369841457
2024-05-08,0.6783170341615468,0.8685164650124871,2.125659956116085,1.72051571821618,1.8352779917842905,1.0198278030431538,1.0254799096773077,0.27923075518867707,0.7207616561590809,1.0086365520231966,1.2147219087620023,0.7637670092416706
2024-05-09,0.6755073569560959,0.8638536310392462,2.1329373193714662,1.722478212256986,1.842318580224048,1.0061933962792637,1.0222944333379558,0.2844216631923736,0.737581113370481,1.0063167219028741,1.229796708287812,0.7608548618812401
2024-05-10,0.6760330341300143,0.8499056389432367,2.195475594176214,1.7588872411348282,1.9043654112087216,1.0154776006278807,1.015347354139999,0.281603006610701,0.7350418737376799,1.0028036264741857,1.2258907207814775,0.7289663111593003
2024-05-13,0.6856079980518132,0.8524219856755841,2.198083339865921,1.777080804410993,1.8728877231880452,1.0177536321399574,0.994582605404485,0.2711259023931072,0.7065124851521917,1.007971025128705,1.2142709701782857,0.7351636381176376
2024-05-14,0.6932028867967509,0.8474551258176801,2.1899388005856855,1.775464453135762,1.8638751197941943,1.0134403347138323,0.9974343709317591,0.2714992849820142,0.721047986120661,1.001001500508701,1.219368154516467,0.7384039235229314
2024-05-15,0.6906960382806485,0.848399116910603,2.1966614376108216,1.7902358464511012,1.8716378627182149,0.9211518511196317,0.9902621782619855,0.26338173012174804,0.7386336555090657,1.024186555323105,1.2169573177855555,0.7492389305631413
2024-05-16,0.6861975102235038,0.8469575839234431,2.1261968502276605,1.7908662598304936,1.845886441277553,0.929720938172399,1.031014039233903,0.28320628047383856,0.776352344988902,0.9620520158644977,1.2212361386466457,0.7823380799068064
2024-05-17,0.6916767485733168,0.8511524511200562,2.1100994383913454,1.8059743079272452,1.836675314103183,0.9312102676935611,1.0317224275585324,0.3013716793834808,0.7491647289692545,0.9606323635699942,1.2283126124359818,0.7925512387653728
2024-05-20,0.7352495623476365,0.8670876498701751,1.7939662901112234,1.7983967455218928,1.6522579540769151,1.0450549580867317,1.0182586076266926,0.33217485389125634,0.8671371087359298,0.9802999452766307,1.324911329384774,0.8700758859008855
2024-05-21,0.7284928862233279,0.8695096137411632,1.798593735670384,1.7865911836547845,1.63571260604118,1.0478805789816634,1.010442325013947,0.30015760929747237,0.8751557223253464,0.97768646740995,1.3270955354999838,0.8778482642126707
2024-05-22,0.7293591901877777,0.8705620084768897,1.7987813918387154,1.784816729854781,1.634591596459871,1.0469137565493833,1.0082848463655765,0.30001348758840957,0.8742023303773361,0.9778168824629636,1.3279640655227996,0.8772756195449798
2024-05-23,0.7274673752039207,0.8708150469156525,1.7969903155843963,1.7833718648774446,1.6351147573392397,1.0480693733756368,1.008252607208812,0.30196210636274434,0.8730405200618205,0.9771187137644013,1.3286805937717345,0.8796777404249749
2024-05-24,0.7422041296488984,0.8752823479194756,1.6808598713467287,1.7686480284662092,1.6533237471386042,1.0413304739019407,1.0227791179319499,0.3158522730003924,0.9015727988154159,0.9782506970962522,1.3182204908852118,0.8967731877802181
2024-05-28,0.7675100858588247,0.8692348823642849,1.6931273493488497,1.7786844853403831,1.5853108843940478,1.0112999721583593,0.9679870969676087,0.3055176859179452,0.8931271610585934,0.9755300780236179,1.3518093298025236,0.8787509325608227
2024-05-29,0.812057733549471,0.8934454222418811,1.709998321480839,1.683432169915706,1.539741225595556,1.005009940533709,0.9378175735829042,0.31302448719303394,0.8819950075669106,0.9792847292616427,1.342764732318474,0.868257515338026
2024-05-30,0.8057421094854891,0.890988179409055,1.699020230524766,1.6872147970610567,1.5620107510578503,0.9980668338438008,0.9242591785679594,0.31490997600768394,0.8998379410443648,0.9801147937526409,1.3590657169111928,0.8860173168808082
2024-05-31,0.7041478166231984,0.9072017714463781,1.8617452207214313,1.623120248478468,1.547443036382332,1.0831647877209367,1.4342460532501655,0.30408068481119915,0.7248179595735862,1.068097918471888,1.3225478390615304,0.8492580977121862
2024-06-03,0.7177271295703628,0.9158695923745559,1.8461333125663173,1.6252719835109635,1.5296157236697758,1.0911573051421595,1.4364494365948937,0.30243678918755895,0.6981387328816269,1.0649075687831169,1.2957239067702424,0.8495978892431171
2024-06-04,0.748932616402513,0.9079214734454089,1.834810422899632,1.587456679771487,1.5570008560927782,1.0658098571716732,1.486967451341343,0.3231064628169389,0.6269424027528142,1.063736600762812,1.249523221160128,0.8367445614694523
2024-06-05,0.7890447513246128,0.9222910827656443,1.7655417631706687,1.4873949150770858,1.5700295577884125,1.0971494384551743,1.5615212769857616,0.36511961069062215,0.5596772495017845,1.05742354706694,1.2173326397138011,0.8221559241771189
2024-06-06,0.7625719936274037,0.9173603744999487,1.776841469243265,1.5603724713229838,1.5768676943351867,1.0965545387182674,1.5044291100996676,0.269039046023148,0.624766151622319,1.0571301895797867,1.2380176949975148,0.8121958351127219
2024-06-07,0.8048868637780116,0.8946280491081421,1.7040224091310043,1.652976097214696,1.5872037847481961,1.0491996894964493,1.5497821195693395,0.28418622468890326,0.6194371163684089,0.8065383738706966,1.2883602691699743,0.8507040557933088
2024-06-10,0.7988905494817854,0.9084024179544874,1.7070051290967,1.637506858147326,1.5583344975039795,1.0630936153470876,1.5728128272895099,0.2907392916951041,0.572408668545266,0.8008755001385501,1.2657195792994442,0.8416142023371829
2024-06-11,0.7929461458040314,0.9117099773870931,1.704790016284372,1.6427609678644435,1.5434641278870609,1.0601063435952207,1.5729874096133492,0.2907867997034264,0.5748946619077666,0.7973046448461544,1.2673092804228006,0.842813100206631
2024-06-12,0.9424185533370926,0.884145921255629,1.647165368428301,1.6062376018177589,1.5718980022154256,0.7496118995833954,1.5027020740402426,0.2513622473674195,0.5910429456422495,0.7804998784777837,1.214943992419618,0.841716071989476
2024-06-13,0.9571210329523948,0.8847852721638308,1.6351829807540077,1.5730581184713457,1.5147092357647285,0.6842984444580741,1.3645699831343614,0.22976211459777468,0.5572246147018772,1.0694339159128292,1.226319147903722,0.8152197889082362
2024-06-14,0.9505657774378238,0.8775769692126761,1.6511074992803898,1.6627504469618344,1.5324414428011015,0.6736234862939263,1.3352577664390097,0.22883204387862366,0.5564762104172977,1.0566766024219403,1.2379710833633362,0.8069485204560857
2024-06-17,0.9434809400366516,0.8776847727832996,1.6679969752358343,1.6584903844927668,1.5599393188559154,0.7270779723036344,1.3307211111854966,0.22063508126920206,0.5530474436364806,1.0659917549269207,1.2257171816457202,0.7905367003673375
2024-06-18,0.9448090060496126,0.8794160660710733,1.6063058446802148,1.7075893464039469,1.512566519508365,0.6858697557691253,1.2976921630291478,0.21907282446572784,0.5806119771834747,1.0780390511008937,1.2458676033191824,0.7784598598701074
2024-06-20,0.9459443183251032,0.8794752288541797,1.6093860567812392,1.708692578593046,1.5151639102926635,0.6817729560427038,1.297912046688665,0.2186611737960079,0.5824851128789293,1.0753634635629035,1.2438140156710642,0.777933271961402
2024-06-21,0.963196839663291,0.8567346346386878,1.659813793496736,1.7516844706807153,1.4145122098057028,0.687482802836487,1.203732240724268,0.18646367323902094,0.554094179471492,1.0687377193072332,1.3012642536516494,0.7889552332239324
2024-06-24,0.9643888777841335,0.8528304328317686,1.6576706476610765,1.763397999552668,1.4172417081723234,0.6812645659201426,1.2019694009295998,0.1801859844824429,0.5534925665887801,1.0775436983865394,1.3074673943460846,0.7716954634049635
2024-06-25,0.8708272359636542,0.79618109475922,1.7640992880809974,1.756015413341637,1.2999716498887042,0.6830830815313756,1.1561412982181585,0.15984485434787796,0.5204925762630707,1.0297728962365065,1.3823684765001236,0.7254032500423505
2024-06-26,0.8408523576004263,0.7822153390043332,1.8232749839835292,1.6824331788303009,1.2658224149997637,0.6702562329096203,1.1429006113714235,0.16196506332810823,0.5321943086682908,0.984744901829961,1.3456145043399022,0.7069638212853463
2024-06-27,0.8377475452114697,0.7801055186902511,1.824149962788556,1.6778959162474205,1.2665435694282106,0.6701190665315003,1.1385237650478603,0.1641696980564224,0.5297913262282411,0.9870925263800487,1.3507428489527262,0.7103946791703818
2024-06-28,0.8356190440591217,0.7801464159379862,1.8324256269004724,1.687612443706386,1.2529696562917663,0.6672090547144006,1.161461367405998,0.14876883340953703,0.5275346443996455,0.985708559021654,1.3631534835203791,0.6970780629386419
2024-07-01,0.8398653400431239,0.7836464067272266,1.835438804216344,1.6829559675599282,1.2464461410076746,0.6645598002401475,1.1558760393021834,0.1499439243605506,0.5342189628464997,0.9824016945020558,1.3566113593203255,0.6963708618581922
2024-07-02,0.8661254609621664,0.8079413513984633,1.810413067321203,1.672949741479799,1.091536664301912,0.6440774530932655,1.1245031749051906,0.12878096236628564,0.5294369191196808,0.9836467873411865,1.3464741256139185,0.6906237905246171
2024-07-03,0.8788869203842155,0.7982537022672371,1.799838667621844,1.6770371094655572,1.0860743704874538,0.6622072403554058,1.1036486609949694,0.11741085898178974,0.5643049445840944,0.9890383947485308,1.3500553707490313,0.7138647938903948
2024-07-05,0.8638976209736494,0.7879576645170621,1.8204737036945786,1.7024839040040247,1.0667651210453513,0.6531682483744138,1.116738187369566,0.10867452940160664,0.5622107174420429,0.9793188768217174,1.3546874970610676,0.7064142848472869
2024-07-08,0.8659716682878853,0.7895075001458162,1.8287203949180137,1.7037123812686015,1.072012763017539,0.650142832970989,1.117604783466674,0.09435545137137513,0.5619271728464744,0.9845452932322766,1.3538009545337746,0.6991396756570036
2024-07-09,0.8582043248508398,0.7896232280986061,1.8993884818163311,1.7305403612178154,1.0791315886304502,0.6366489057339181,1.1197122813275864,0.06384126811288274,0.5615067377462402,0.979943959981783,1.3359416584623207,0.6703006292373239
2024-07-10,0.8081258285885752,0.8042734623353843,1.8900263921335794,1.711578252621357,1.0816908747619915,0.6871501549555753,1.165942469030374,0.05089157566953941,0.5473795278271794,1.007990960596816,1.3413696351136657,0.6756697633429721
2024-07-11,0.8597177976049863,0.8075751617808423,1.8876307739939204,1.6813266536916007,1.0602391070314154,0.6387891801039416,1.1676955671686184,0.021976366665526274,0.45163558522330605,0.9973621853379802,1.3225691960880446,0.639050616262454
2024-07-12,0.8525345202979853,0.8117045000479675,1.951074207722944,1.6314557885773795,1.0111190778059496,0.6366976490158954,0.9415667556986268,-0.029088326047072323,0.6167803316308699,0.9183376399724053,1.4023613442503517,0.6793115314989339
2024-07-15,0.8511521869048903,0.8045036640826472,1.9489719631903877,1.6188518762504762,1.0056440648474947,0.6348380309748324,0.9496180587221213,-0.019086273659634532,0.6377403812913096,0.9229835911615704,1.4017488456592586,0.6815508986796401
2024-07-16,0.8522209357876152,0.8166642177885545,1.92212429815335,1.5915469042104111,0.9099937965212037,0.6433281056825098,0.9798852620016216,-0.025418265406287114,0.6279051003483387,0.9166319903276142,1.3880561752902534,0.6756352438300892
2024-07-17,0.8526310225648248,0.8059222587152455,1.9833853451563401,1.5958046728337845,0.9499925698460991,0.6479456591704339,0.9626558404692657,-0.013719888454882237,0.6111499686002726,0.893304718617005,1.3752740459800068,0.6445962337588286
2024-07-18,0.8349696969382644,0.7275513516576513,1.7698476070635314,1.6583521548659235,1.1849251646773113,0.5475535442247679,0.9013369849050568,-0.10927739370246008,0.4455307412128037,0.8632915394804339,1.5559108248189608,0.5528998201730494
2024-07-19,0.8453844792725449,0.7306895601330864,1.746289157424303,1.6499050972642433,1.1871868316474135,0.5528615977836583,0.8985356435014172,-0.10433877330249175,0.43989289607244353,0.8744370523834734,1.5538186687238469,0.5401952249757296
2024-07-22,0.836933175233363,0.7141514351220846,1.7392219591499452,1.6459870510345036,1.1874604899937986,0.5552802940454363,0.8597243070326839,-0.07843376863738288,0.5466621226591659,0.8548041151922027,1.5797528805165368,0.5910255432184863
2024-07-23,0.7810304498972525,0.706708300353086,1.7570868077794555,1.610995374590394,1.1945262976993787,0.5371930558060427,0.880477348671481,-0.09785332796376343,0.5467162992404024,0.8334813460423957,1.599315070643963,0.6180439896841634
2024-07-24,0.7796729062792684,0.6914337661789939,1.77657124791571,1.611211139119128,1.2060593601987446,0.5434130301586494,0.8683517215353098,-0.09373809104573455,0.5617098029783578,0.8172115707317443,1.6011352117215802,0.6427714251074417
2024-07-25,0.7899165613511541,0.7117549019718281,1.7366340388041646,1.637529583171557,1.2303758424552962,0.5652736542211448,0.8138022599993122,-0.11729415554151697,0.6979006856714469,0.8022673417954831,1.5932605458536737,0.5373301455536147
2024-07-26,0.7844029929515016,0.732999920394773,1.7401834813291706,1.6366280040106307,1.2551106456961818,0.5616251118729138,0.7736365017570002,-0.12443184462143074,0.7139910972405582,0.8055104666414583,1.6035630997859314,0.5365552721828798
2024-07-29,0.7653461538679205,0.7051276012916935,1.7680348396223495,1.647323795038071,1.2987397803693859,0.5490446962799789,0.7772381801294672,-0.1517104953070353,0.687983251786563,0.7851320229684113,1.6467383010918257,0.5416419411226456
2024-07-30,0.7631676156917082,0.7248601937335097,1.746605903042102,1.6176560975157523,1.2112063536997273,0.5743887117283576,0.7927875524595193,-0.15789342308146173,0.7001496278448335,0.802176940274624,1.6547365529058258,0.5383679026704261
2024-07-31,0.7102179286310859,0.70675514605892,1.8099135411396847,1.6598352670587875,1.1579823046130953,0.5281052044915516,0.7438173287154755,-0.15487366243322034,0.7149439088428133,0.8154989031891869,1.629049160873413,0.52692514209713
2024-08-01,0.5785493318358671,0.5715808697181309,1.9881677488814813,1.8310664575564612,1.1471644591290255,0.5208796431980797,0.6882250354827913,-0.13788302363021918,0.6996174044363416,0.8246926629405168,1.7738364944134895,0.49306014499384804
2024-08-02,0.5860611520428197,0.5103903305237095,1.9662778392592,1.8869151899238417,1.241270045623021,0.4902409857855608,0.6720645940611866,-0.06075913326828118,0.7840248891342312,0.7741018986206067,1.8588465476530156,0.5853620517858343
2024-08-05,0.5463283781517572,0.5206287623660063,1.892945803360965,1.8270366254649122,1.166351920077935,0.5387757101163991,0.7047482152288128,-0.026198036226868674,1.3239394123862882,0.7954399533693257,1.8070237998279237,0.6158800174274773
2024-08-06,0.6185331469403242,0.5530143216958178,1.9041200894356365,1.7232679815586152,1.042200606147287,0.5736247598638893,0.6917419884631737,0.060514028406098194,1.3600554691726832,0.8323131527848722,1.691676084306368,0.6434403270125745
2024-08-07,0.6005266864913396,0.5565294868211013,1.9116148293515653,1.712453844305719,1.0010652998157819,0.5743154821466379,0.6834363706442099,0.06889489224216432,1.3370744259207479,0.8233266291392489,1.677189441546209,0.6628954396223911
2024-08-08,0.5845431653647596,0.5491762350936168,1.9348510543314352,1.7370677825519536,0.9955616905710338,0.5686737806591068,0.6626761768105863,0.0660740357718441,1.353258414660375,0.8309481677357576,1.6641315180729954,0.666044500954616
2024-08-09,0.5652658415561738,0.5312000273934293,1.9064239004007633,1.7428583301842118,1.0476801629799912,0.5893740901027813,0.6930670609519675,0.09209178912721591,1.4163520249388377,0.8158831193631438,1.6531194366247932,0.7167934576914133
2024-08-12,0.5682263842983822,0.5315671868498063,1.9074979068621578,1.737560847099408,1.0379079774995739,0.6025177701267344,0.6999620120400877,0.08718031495071761,1.4000221955381333,0.8058591624351797,1.6443231254645452,0.7088004967040891
2024-08-13,0.5716406397549731,0.5251908997241694,1.9316793173672395,1.7313799193266823,1.016666956366691,0.5885638500775037,0.6635966436740051,0.06217518381326879,1.4113372436575526,0.8214363101307048,1.6406597387224269,0.696420411661456
2024-08-14,0.5669746721651313,0.5281122920833405,1.9344327359824063,1.7217888612281838,1.02602782383592,0.5682732322637791,0.6538432412258024,0.07573486701002631,1.4527628210640542,0.7989083665901388,1.6277317565217546,0.7056677424297483
2024-08-15,0.5657963114698782,0.5293160176954285,1.9326305209384824,1.7201402583269934,1.0265258819880625,0.5694613651573063,0.6550923076630287,0.07605913435989303,1.4453940570291974,0.8016173114464885,1.6230702942446285,0.702325864326359
2024-08-16,0.5600008023689819,0.5184410756312212,1.9056447049972225,1.7277420227605895,1.0545519536132801,0.5854715628175892,0.673739520724955,0.18548468983201014,1.4531643033141959,0.7817247540161695,1.6106330492234546,0.7123745921243398
2024-08-19,0.5599491900813779,0.5175424261644921,1.9061066395762687,1.728205140144854,1.0556578510327448,0.5857369988081592,0.6744615831958566,0.18690158311655464,1.4543850643619245,0.7819086655440809,1.6092858018453404,0.7119961938014873
2024-08-20,0.5507074393567299,0.5169014224888396,1.913632508164256,1.713989164037439,1.079383715317259,0.5903776429444343,0.6743882373775529,0.19164921894784082,1.466896602525815,0.7732915162700156,1.5994903323957552,0.7018488394887982
2024-08-21,0.5410262748901282,0.5129796611728122,1.9660687066700901,1.7216259977706407,1.0666127450265288,0.5914312319567194,0.6710554686646579,0.18243746324832386,1.4581989438430236,0.7713669917160116,1.605454522309909,0.6894979444950552
2024-08-22,0.5355887961286562,0.5104372141030649,1.9622349251494469,1.7204677752590265,1.0561063896045693,0.6011264481275168,0.6805126427956638,0.18561010368402592,1.4567068134648062,0.7787968801368111,1.5942297788612814,0.6945393241534433
2024-08-23,0.5344996607693464,0.52034883525554,1.942938056302543,1.699967052014954,1.0664962166566032,0.604886536216387,0.6735819303679272,0.18844098928262357,1.4811878117272912,0.7756127412811742,1.5786104334281568,0.702501561751554
2024-08-26,0.5345988119740716,0.5172124897016163,1.9598888485316563,1.6939958341247374,1.0611710505232674,0.5965302726984616,0.6863439323622816,0.19153342699826037,1.4808013528893627,0.7700226410429588,1.5797141001063941,0.7097413697178154
2024-08-27,0.5493700513308324,0.4906432726467173,1.9667069480641235,1.7318208458206503,1.1185046603879374,0.519893545064576,0.4223881083732253,0.19494388290240722,1.5310882296503714,0.717048869140082,1.6090345979997147,0.7339220703211623
2024-08-28,0.5487910513264915,0.4901818348943465,1.9676193815448824,1.732656380454787,1.1182798913101133,0.5223360211382851,0.417624554754963,0.19362345544328144,1.5291068525988663,0.7145894348349774,1.614577105721406,0.7358916666062789
2024-08-29,0.5493749164717602,0.4910175716851202,1.9595728893063902,1.7319057865021414,1.1273902135288387,0.5309546999873952,0.4290505356833909,0.20525019183487903,1.525380223315801,0.7106673856644752,1.6027450052802314,0.740105365103822
2024-08-30,0.5410678007174347,0.4851620812960892,1.982598532635984,1.7288866968595484,1.1258023951006089,0.5212042917227343,0.43211044286678996,0.19830801573098866,1.5020136850556223,0.7027558773421867,1.6009462208052185,0.7296632053926573
2024-09-03,0.5397452126505704,0.47790902308141076,1.9672004763483766,1.7143644141290428,1.1140285174639852,0.5182830715636282,0.4207950091939348,0.23762311063052025,1.5554426364115608,0.7000729802362131,1.6064433462444903,0.7359231169559569
2024-09-04,0.5487489466897542,0.46903643992933475,1.9807870145539663,1.6805000535432215,1.1737987712340747,0.4864448643053136,0.4255572257237074,0.2378297757312576,1.583492972339705,0.6617481489720414,1.5887134772498093,0.7945376659106383
2024-09-05,0.5485902374828352,0.46929838478390584,1.9823891515043826,1.6797078303012083,1.1695725204810168,0.48456881141844366,0.42633787115389177,0.23997995720699924,1.5841058919407889,0.6588970162214589,1.588493154481122,0.7941188682803103
2024-09-06,0.5516294302072029,0.4680632012140065,1.9812338047190876,1.6776147117706108,1.1765499724686732,0.4877324561441848,0.4268772272972835,0.2408339843406502,1.5825356985805474,0.6605268833617723,1.5869661435144864,0.7936470034093772
2024-09-09,0.4939214366207218,0.4695187455270071,2.006888588018502,1.7720265953266496,1.2078638246483673,0.4927060622689177,0.43548905912820424,0.2566951905731312,1.5772326388727955,0.6679977229137929,1.6018511636427382,0.8089808725603
2024-09-10,0.4692564301021203,0.46159874809418444,2.0184565552193994,1.788067399879828,1.2343014182403549,0.5148699693161147,0.46984250268375827,0.26664505253004483,1.605403075570343,0.5288707429598651,1.5959375190617773,0.824566528302807
2024-09-11,0.46020632816150114,0.4731922042732898,1.9995119735651252,1.7629641908121243,1.2507863609732248,0.5165392846281345,0.4793067406310385,0.2664175514503575,1.5954646285631624,0.6068753035198933,1.5839437615743077,0.8184490212416677
2024-09-12,0.45490265132211155,0.48160846035157584,2.015168048686717,1.7674027428510326,1.261486334993739,0.47367094211230004,0.4712958077677962,0.26034672088349065,1.5752281565738593,0.5881277784681159,1.5559789254383734,0.7978955676621612
2024-09-13,0.4450336306397407,0.47958211392617167,2.042097042135063,1.7588235127369367,1.2785050621584744,0.49083967197130063,0.48572901977820504,0.266588943178587,1.566899405611325,0.5877909677442322,1.540340166898544,0.7874567219739063
2024-09-16,0.44506745085208316,0.4816496231464271,2.0364419695554563,1.7629632997000433,1.2817655125363268,0.46651910416370435,0.4855178652764119,0.2664358830188836,1.5711208039832247,0.5855608337571309,1.5414057426606447,0.7909003562885367
2024-09-17,0.44054524474023765,0.48310878564840015,2.032126130500722,1.7563108641136262,1.309145985913986,0.47314527879457063,0.5057959984131555,0.27142824567984114,1.571955530100528,0.5749680470191513,1.5262453356433385,0.7869419408437751
2024-09-18,0.4399234852071011,0.48302607856735186,2.0311010452404332,1.7546914054157288,1.309416919057575,0.4747744819415133,0.5068042506011005,0.2724735988594564,1.57108792765575,0.5754713967565197,1.5248214642631808,0.7867771219328583
2024-09-19,0.44804796170241695,0.4951447195732367,2.0133564814896974,1.7564249179560127,1.3458026780476584,0.4727680136706967,0.49935648974279645,0.2791342067009147,1.6123201406353347,0.5824946568701937,1.5032453421877272,0.7994497402430384
2024-09-20,0.4810472559103188,0.5015240102410117,1.963490805274416,1.766385268002027,1.3872373803397458,0.5040405941978376,0.549569995662549,0.2926130567655391,1.595882306129932,0.5957471108803432,1.5067389989059201,0.8221313091618442
2024-09-23,0.4822241279308768,0.5026941001960649,1.9648683868334331,1.7607322275389192,1.3862711316481287,0.5053234100817026,0.5489271058257086,0.29004086914135796,1.5864411354770878,0.5949486012085451,1.5099733995621287,0.8255715499153347
2024-09-24,0.4827208891324547,0.5028199997605718,1.965039109876721,1.760019211015612,1.3853027808714637,0.5032655061841903,0.5483673212742944,0.28944241329790626,1.58321560513313,0.5956538102074783,1.5112437221898045,0.825323383437231
2024-09-25,0.48233477944462927,0.49861473168414355,1.9730787264604674,1.7592238791624537,1.3856792593952658,0.5003292627513798,0.5544142636747986,0.29026340023560865,1.5849729722238253,0.5932418516143595,1.5109281014204003,0.8249517520652335
2024-09-26,0.47312035238751954,0.49303891121938126,1.978332148838602,1.7564874610899432,1.401740551492638,0.4968267990157084,0.5589087912441876,0.29153621366765325,1.5933324325542146,0.5909250011892535,1.5133429557015141,0.8269493069578006
2024-09-27,0.46902083820581314,0.4877232767653763,1.9706293018746972,1.7505693164631648,1.40238121125734,0.4880158755436709,0.5583459842402826,0.29234046798766344,1.592011321166857,0.5921574058185497,1.5192268577205972,0.828602834747212
2024-09-30,0.46773857478688285,0.48997996257746773,1.9609737519030528,1.7459921822225488,1.418313965860802,0.48596861768965804,0.549604232193498,0.29682171232548044,1.592122079900275,0.5914301700060628,1.518561208785156,0.8320237487461409
2024-10-01,0.46782733360292006,0.4884862445150051,1.9641517988600796,1.7482846370730862,1.410565705205918,0.48439865141576216,0.546648491936265,0.2989078126957111,1.5852953317703138,0.5924714682824409,1.5170305292062811,0.8302899286284104
2024-10-02,0.48617012325544456,0.49983783312108193,1.9514516073187624,1.7315927802770625,1.392333791866187,0.5029274343164829,0.5536780034418647,0.3088738117341709,1.556810681553995,0.6021923218232772,1.5014724258601682,0.8330870658240784
2024-10-03,0.485633034437662,0.4959542398664902,1.9516296218265412,1.7334087757676406,1.388903882557126,0.5044131721346823,0.5629949178163923,0.30635147213562586,1.5496660603697503,0.6008415203529514,1.503745273119727,0.8338364312846512
2024-10-04,0.47632934509508806,0.48967328972973806,1.9584561634286297,1.746459775688216,1.3795591010427934,0.5090674817420896,0.569671695713196,0.30248284102947337,1.5539040136350992,0.5998818263058673,1.5113856731359303,0.8280680264857606
2024-10-07,0.46355501354627743,0.47443855431666304,1.946557082296873,1.7720838046814305,1.4239414422098728,0.5124739499527334,0.584472039091241,0.3201645768764884,1.5612911877762297,0.6254854311926037,1.4997240627011243,0.8281453209334803
2024-10-08,0.4652650759466109,0.4799046786068555,1.9384355795217252,1.7802618577378808,1.4270799514967645,0.5224626323996386,0.5856003198768764,0.3178966983757743,1.5502266269816265,0.6244352719345985,1.4988252889329898,0.828111405964353
2024-10-09,0.4719581826400368,0.48394464527256464,1.9416628492357906,1.7774864145529075,1.4151325339803436,0.5298785056573352,0.5956506286597326,0.3150612531336877,1.5654271175356664,0.6350826968832375,1.4717458976410611,0.8190087111636742
2024-10-10,0.47828435010146186,0.4842444436904913,1.9277945556365834,1.779901369549993,1.401108980445359,0.526462821690171,0.5864190174739675,0.3200540850241974,1.5636614872775487,0.6401839531233687,1.4786252508178006,0.8245758939160645
2024-10-11,0.46634049402559513,0.4973414349755784,1.9399582029207822,1.7541627608414598,1.3049439700115653,0.5576925234891535,0.5904049414428776,0.3833217098415058,1.698601952008949,0.6366401585552011,1.4257668550539093,0.8648948674028681
2024-10-14,0.46554739111071974,0.4973301549099176,1.940110847372719,1.7529682105219355,1.3057242939229614,0.5566289506195665,0.5894744793190722,0.38377160136509403,1.7000659692210256,0.6362607585138351,1.4263308882623333,0.8657551139762326
2024-10-15,0.47761168791703806,0.4994166265223414,1.9415361908957767,1.7470928132400454,1.2810714028321015,0.5701904263954073,0.5972300174582672,0.37150942510239987,1.6717899065392487,0.6386017162300661,1.4415312751713745,0.854123055930988
2024-10-16,0.46885238693955633,0.48442780193287377,1.9472137029812946,1.7643873560586176,1.3104687752775495,0.5632269165810728,0.586969299618613,0.39182663334861484,1.6826014020296394,0.646878130452495,1.4133766581745957,0.8648641150741415
2024-10-17,0.4686046853807787,0.48501145149405633,1.9502660373930596,1.7687278224243819,1.3081681752540018,0.559296039111735,0.589255299822946,0.3946965739629617,1.680916967170792,0.6506973563771017,1.4109768967584866,0.8583651348465287
2024-10-18,0.4467850825547679,0.4520492912544477,1.9748519562846234,1.7597841574717497,1.291460465524614,0.552261471371283,0.5847686617162232,0.4482438478113268,1.7700515405163433,0.6362963988612703,1.402600368664059,0.9382745924044794
2024-10-21,0.4476302311212096,0.44045721299844903,1.9766766234590276,1.7603147046267358,1.2714608915886123,0.5578867849165777,0.6045153158154574,0.45509625252989266,1.7766872691807305,0.6329210025588428,1.3931550755902895,0.9414784046518243
2024-10-22,0.450785748613221,0.43366821670413536,1.9935870719717372,1.7631179972259368,1.2751925971334879,0.5503693799734948,0.5938204639971545,0.45055237563274353,1.781240882817518,0.6323328111932767,1.3837712987452209,0.9302643386941272
2024-10-23,0.4518732327560413,0.4328982248582586,1.9918846761950473,1.7627146559944586,1.2790232721205657,0.5492858012807397,0.5908520288690519,0.4513523576978146,1.7820281300259746,0.6299998454848701,1.3806772959612588,0.9326064839025969
2024-10-24,0.48485636714060304,0.43665385400568446,1.958274822771507,1.7678103830622067,1.3032536694716923,0.5837184839234979,0.6125989537990815,0.47045499607916724,1.813062762692557,0.6264936589401076,1.3508785755486241,0.9166317448005414
2024-10-25,0.4976076129632803,0.5049207636195626,1.8687778233466437,1.6718750304971803,1.330086533567336,0.5782209386930446,0.668132510479351,0.5054403543191228,1.92925299565278,0.6308406980957443,1.288099021673905,0.9744273739301189
2024-10-28,0.5023512406549872,0.548128551883471,1.868893680696548,1.6079001809389415,1.241384369642527,0.6172126632918186,0.6746127731589011,0.49077787210364865,1.9924765198525995,0.6453171274055377,1.1692991104812096,0.9347072270561146
2024-10-29,0.5449885793378534,0.5383753721917647,1.9411304030021608,1.6580982532403055,1.309588491447381,0.5814874768050116,0.6338876061821647,0.48498943704551895,1.4901174957727126,0.6136433105290615,1.178697398255128,0.9272035630709394
2024-10-30,0.45540296408156294,0.5026402062488119,1.922275539958054,1.7950963220664657,1.4942363072778178,0.5564883125285016,0.636903536352175,0.40857586695795617,1.4376413190677013,0.5438224929977734,1.2732245353041072,0.9321736841348836
2024-10-31,0.48085244591307186,0.4865002753229575,1.8907185227850114,1.78312954458086,1.6578875020928774,0.5341122843594184,0.6479224899078551,0.40424628992374234,1.4662560860178653,0.5349442814028559,1.3180700486494934,0.9185066444886627
2024-11-01,0.5138244126898943,0.6048968121153283,1.8317564877039245,1.7056262265710043,1.6202170208920437,0.5423389038458194,0.6627717834938397,0.4184124432841753,1.410799952124411,0.5797495776555264,1.289365254962535,0.901283739029417
2024-11-04,0.5127287476697655,0.63608588152392,1.8577591059658496,1.685838271492797,1.6091913956289008,0.508136489410265,0.6358191841189369,0.42756825864010084,1.3738947356487445,0.5843372643319129,1.2672106465296848,0.8595927190716721
2024-11-05,0.510674774806644,0.6352661071198626,1.8597522346563518,1.6837337294171038,1.6148407883044196,0.5055307564911851,0.6321546762123834,0.42983755727034223,1.3890721780010753,0.5812413072421008,1.2683907917444197,0.8625861356374069
2024-11-06,0.5092745982166798,0.6357552645176354,1.8484908259686097,1.6966563100326777,1.5980246568536387,0.5168751469289292,0.6263985296375002,0.4369530024447547,1.417981899565712,0.5845725908853503,1.2666409590169663,0.8497610167386125
2024-11-07,0.4702790923239603,0.6456155397352532,1.8086720036848736,1.6691873534760893,1.5927098601117293,0.5786466327215546,0.6669768978090123,0.47734680522169143,1.4541083179620202,0.6711614634981627,1.2761574968994764,0.920327795305611
2024-11-08,0.4860695959311268,0.6467480749290552,1.79526604992939,1.662824747662817,1.602773723098362,0.5580763747846299,0.6665268830627061,0.46931160708051267,1.4872325145529732,0.6848117188984781,1.257177958822572,0.9193473848596794
2024-11-11,0.48623454550160433,0.6640473239568417,1.82242770578985,1.6515213799302035,1.599990755330613,0.5328514117822888,0.6438870572557629,0.36482759194452885,1.501108079327572,0.7122081063556958,1.2539489295413158,0.9052490018058225
2024-11-12,0.49061650365228116,0.6676562508494435,1.8255662155975447,1.6603729551414719,1.5962265895647745,0.519881469161635,0.6127752709459762,0.35929556951690944,1.520919049525672,0.7129395711872626,1.2578017733679443,0.9137544319911343
2024-11-13,0.5006418399440304,0.6717084165035416,1.811214413394682,1.678034573520972,1.5704970272098777,0.5080092374575897,0.6179945885267059,0.3565977269052087,1.514028859491562,0.7288993161278065,1.2652081281101126,0.9312268564209313
2024-11-14,0.5002466799434869,0.6726413843242863,1.808571121590892,1.679596715928448,1.5834782149600044,0.5035693702291774,0.6127984579051513,0.3556631204553334,1.494884320117794,0.731922274185383,1.2672746441990448,0.945991737829377
2024-11-15,0.4963204991406178,0.6725212003599262,1.8064881561558408,1.6878617693658744,1.5805649098466763,0.5022619865710265,0.6274239519543384,0.36317952914553975,1.4884377179199648,0.7376505958142704,1.2551901163496357,0.9346218436870929
2024-11-18,0.5060123239862127,0.6865308607740441,1.7897201162757788,1.7033672749977073,1.5526832040413927,0.5749969650638314,0.6449181322905658,0.36848791899208133,1.4145797578197126,0.7405556216791407,1.2319198416164594,0.9344242373561031
2024-11-19,0.5057323280582655,0.6961693572881796,1.766755468961253,1.7061130525219275,1.55973945542695,0.5804245951541883,0.6327834451599306,0.36416829305425447,1.42185707144794,0.75185970897932,1.226746562441404,0.9213029481419949
2024-11-20,0.5127261433642021,0.6971433131153805,1.7853857702977731,1.676199291047922,1.5439834644731776,0.5914438876805779,0.6406637502353005,0.3621002565112366,1.3922630855729177,0.7588246630344877,1.2152006888482756,0.9038507032055144
2024-11-21,0.5118326243871034,0.699035128619012,1.7851775822217328,1.6768120417418604,1.5466821928120733,0.5851034197817463,0.644843899728702,0.3636090874104379,1.3992591942549606,0.763483716238078,1.2141337637749343,0.9020765490541613
2024-11-22,0.5072920884223401,0.6920187830084167,1.7780893075427657,1.672940878583285,1.5313575716992025,0.5871326421769283,0.6427667355716281,0.34307114515635234,1.3931750599784274,0.7623709764884938,1.222146685550512,0.8964944589687085
2024-11-25,0.5235691930445941,0.7025653050470231,1.7367823870209795,1.679977004169042,1.5399148796311959,0.6064776235864406,0.6375306154593285,0.3523526872211736,1.424466548526082,0.7740325514648052,1.2216914421735496,0.918565593865032
2024-11-26,0.5324456190146808,0.7010112908406706,1.749779706129804,1.663141846863016,1.5346437706808553,0.6022305365192372,0.6680419382903197,0.3561307453003595,1.3508312605523884,0.777721558347487,1.199375060053708,0.9107848590894457
2024-11-27,0.5229062164173883,0.7839346596923344,1.6550535758930558,1.7429636355918174,1.489184246038042,0.732971991987854,0.7097534764499606,0.38545859836635005,1.1868290404451398,0.8809377864964842,1.1324347794255678,0.8270318015816603
2024-11-29,0.5093279787515942,0.7851003513498035,1.6334622011802935,1.7582088550374748,1.485198690228152,0.7532900054509288,0.7607808840515421,0.3849197631797228,1.175272733307753,0.935538896478496,1.1171704835828862,0.8268877190131698
2024-12-02,0.5158916138674636,0.7812440759587835,1.6407470320423045,1.757817785070836,1.4805820782772479,0.7507731881122225,0.7497678045679536,0.3749111729127228,1.1783687156071865,0.9397324366484,1.1198297968062274,0.8262897291395882
2024-12-03,0.5396397103318136,0.8052273447838525,1.6304455857573303,1.5741347353409687,1.514210465938124,0.7947570894312983,0.7675075535602809,0.35575412779536797,1.1739665777121684,0.9686033331292226,1.1283193174210193,0.832978659783501
2024-12-04,0.554641007504429,0.8086887110398459,1.6196407894114457,1.5708391939249964,1.50411736927678,0.7918482153918744,0.780064678525024,0.3619350348378034,1.1802843521686317,1.0184152665318285,1.1274669745556822,0.8184432703722222
2024-12-05,0.5560149845263764,0.7961741951527852,1.6403358182502161,1.506641313991188,1.466216522891328,0.8410445570816462,0.9528015228017427,0.35850938166729795,1.1329101207595824,0.9044476583074627,1.115965527641516,0.8144173136118003
2024-12-06,0.5839665828367917,0.8009045550228312,1.5463655712944464,1.4350029730061302,1.4648862783112073,0.8920025899418782,1.0584571002584413,0.38556207501535217,1.1882937605946908,1.0030011615733179,1.14591576281904,0.8738795233326448
2024-12-09,0.5869803055954298,0.7980378263631135,1.5347430284831958,1.425009887905491,1.4606937587753925,0.8946517287309947,1.0548281891946627,0.3801448058021692,1.2083979785424104,0.9956902711119714,1.1576076179015529,0.9050426864418587
2024-12-10,0.5700357203811658,0.784561835860083,1.5548284110312116,1.4126137658108164,1.5013010357956653,0.936746047794092,1.0833427924444217,0.3961278336059773,1.200699723069283,0.9980059774597821,1.1342306482839808,0.8879943669696826
2024-12-11,0.5329640479630259,0.777771836857533,1.5572946465856377,1.4400224200221745,1.5041851952533374,0.8987850658154254,1.0828227883372525,0.4117694277947228,1.2679753691620592,1.13443844825611,1.150583176739822,0.8919854897442747
2024-12-12,0.5112562424256907,0.7852367011147552,1.566378204781142,1.5062944875048967,1.5066191089678713,0.8830634604415484,1.0759126882759888,0.3925234362334173,1.252730412645784,1.1117372992970271,1.168701916605946,0.8946360567876358
2024-12-13,0.5320896936707668,0.776982201061423,1.5642345648702087,1.5225550550854454,1.4943691590007981,0.9986433420922789,1.0600604710395711,0.3896375724924151,1.1922444576301496,1.1127714826649107,1.1835261701740711,0.8973939469739457
2024-12-16,0.4572943259252228,0.7891124339841807,1.5801755738260403,1.6460589765968086,1.421337811297725,0.9569331459141962,0.9880653126347213,0.3725592800017952,1.2395491486267693,1.1568725639806772,1.179454101005279,0.8604236915659516
2024-12-17,0.4631464011075716,0.7889225638008941,1.5355138254395815,1.7666177976087332,1.4148769968368051,0.9393776556599676,0.9855048533679628,0.3696183942632439,1.2884227305278524,1.1376731090589993,1.1478227133876446,0.8287103651816881
2024-12-18,0.4487202981821827,0.7768566813858537,1.5406772476439945,1.8029974254610441,1.4199183463792102,0.9507207456957867,0.9953549158107009,0.36753519996577516,1.31280864657597,1.1346537630847793,1.1328466871330183,0.8313427485645711
2024-12-19,0.48060179421502164,0.8359222050703526,1.3702705604901195,1.866360753545185,1.3281124447586328,0.943230419447927,1.0272946042434175,0.390572883683746,1.35118180502364,1.0916035101970019,1.101403029517265,0.7802442014536863
2024-12-20,0.4826870371826749,0.8346353257546838,1.366392590943146,1.8659191946938587,1.320809085042062,0.9457479101396908,1.0249800180363497,0.3905535745585479,1.342515664881792,1.0925517457142913,1.0987235501279422,0.7800184556400543
2024-12-23,0.5028867257252773,0.8314295428979718,1.4022637505806892,1.8532092061063186,1.2720726160713205,0.9843055877516921,1.0458227623873353,0.4076983141339804,1.352110042776092,1.0797239200977837,1.0832654901985974,0.7683339671978028
2024-12-24,0.5053169617168671,0.8226644952233466,1.4130467723294222,1.8638456078768832,1.3074266919017938,0.9928142277870504,1.0443625718027711,0.4168309766010575,1.3957881089343196,1.0856932974089908,1.106121231747283,0.7907448356153935
2024-12-26,0.506147787695312,0.8233706274912167,1.4018998802966764,1.8750348765410765,1.3134994869724634,0.9873667913838153,1.0385151255970837,0.425988680717465,1.3994217605486958,1.0873764352098259,1.1042555811213313,0.7998926247630621
2024-12-27,0.447223693913282,0.8180050624426424,1.3907578413971844,1.9154659009946389,1.3506650043484685,0.9816126471098906,1.0796932683359002,0.4257563207479872,1.4148591208994954,1.115078070393776,1.1176618456780938,0.7917515106354956
2024-12-30,0.46463496329372206,0.8389562579500931,1.3933148958809305,1.9018305456264875,1.3094117745162626,0.9657186860303252,1.0594026511308108,0.4344659727966343,1.4020369284133187,1.117606386217868,1.0945744133045172,0.7708338609997335
2024-12-31,0.4821173563467853,0.8441717554415246,1.3500069716296073,1.9118158807699468,1.3018360314042154,0.9450531807312337,1.0542220001447922,0.44215902438917765,1.4097391204838592,1.115717214589392,1.095122467773785,0.7830795722978945
2025-01-02,0.4890617000652336,0.8572180333203119,1.3623591551074017,1.9125846517174592,1.2490483750177366,0.9374926422688511,1.03872712124771,0.44040023734215183,1.3791940557998477,1.0913437955233187,1.1017840056179247,0.7789025883147682
2025-01-03,0.47996951771728963,0.8502709494441363,1.3787098297911957,1.9127379226513428,1.2600024893743222,0.9111228747761463,1.0371858240359346,0.4383616910807915,1.3766858807491444,1.094322879889288,1.0983544138335433,0.7786659418058768
2025-01-06,0.4419112976446009,0.8525904131319412,1.3882046949420643,1.8683044003666094,1.3194648202522994,0.8353041708141918,1.0079851911634232,0.42643226608227647,1.3318155831167036,1.0527705663057934,1.1664385299911029,0.8109385244933086
2025-01-07,0.42869459252724085,0.8559379762775774,1.4331569409618656,1.8477362923003267,1.375302585498691,0.8398360718386261,1.0090145608891472,0.40248028405064384,1.2700167045674755,1.015132624042229,1.1510973701166047,0.8032933796739662
2025-01-08,0.436920284400676,0.8451145992288405,1.5186985522262044,1.8449122923126353,1.3358662919992859,0.8416945332951868,1.005524645148864,0.38007358713326983,1.1850159488542624,1.0141721744775636,1.082424945370561,0.7607272995863764
2025-01-10,0.4382294818168186,0.8448297581128167,1.5192065713112568,1.849892210781842,1.334125419569419,0.8444597247970855,1.0070339566292927,0.37797290442774,1.1826010096689235,1.0132902116543696,1.0815588196902686,0.7586401315455934
2025-01-13,0.46147213305267104,0.8388294706588078,1.5068458274715963,1.847075634052409,1.406831620136369,0.8421635697690021,1.029476324281414,0.38860052794321076,1.227590369446334,1.1003066042075076,1.004010306681198,0.7219802984239791
2025-01-14,0.520357442734919,0.8820173362234006,1.4767971479978625,1.840360841593112,1.3422798446263629,0.8779285974153465,1.0467585019599617,0.3966372115967524,1.2068273720296587,1.1329523122465148,1.000204738769901,0.6469464091464664
2025-01-15,0.5223033261567768,0.8834644147374512,1.4623038930943433,1.8385638491248482,1.3403094876886374,0.8853088351926803,1.048387349390683,0.38444234934196136,1.2128438043449732,1.136655512801484,1.010860845236916,0.6495218712737955
2025-01-16,0.5418528301200457,0.9007107564189065,1.471494088632039,1.777502955012018,1.3639743634698283,0.8817944535125064,0.9851109988637284,0.3902343427662131,1.2226338155033358,1.1183939567742307,1.0366221125418527,0.6716252624694076
2025-01-17,0.5695855340994561,0.8984493756510504,1.4772190942169063,1.7710694411072139,1.3627218560968468,0.8556330486510746,0.9824698949072407,0.38917469483587547,1.2098149633511446,1.1059300883178735,1.0461654063544474,0.7122652663245868
2025-01-21,0.5661559463077795,0.8935941256946696,1.4739958673499172,1.781382379257901,1.3717629848255812,0.8475000053810231,0.9838289711348526,0.3917667695039982,1.3290143329041877,1.099709321557242,1.0599213302541877,0.7472634669783645
2025-01-22,0.5347820675226215,0.8890465740815947,1.4836928328977648,1.7744832445601053,1.3690669996549432,0.85538784866701,0.9798794177828494,0.3993469427551286,1.3292742069086618,1.1537560005517813,1.0705935845653025,0.7535204820442988
2025-01-23,0.5018162199147574,0.945397651067396,1.4981633820998959,1.6631218160317855,1.3632210381297152,0.8199083455528322,0.964203381679577,0.39709368254387056,1.276201067880607,1.2504575552237034,1.0228889217027086,0.8171979200473674
2025-01-24,0.502032868843532,0.9458624442738368,1.497597485521698,1.6667508247978526,1.3620146898022767,0.8209177582323826,0.9636862850992195,0.39949918746570695,1.2719845216371426,1.2505690614853624,1.0235805372676465,0.8140402066468275
2025-01-27,0.49850043294056473,0.9398645414951261,1.5149258282284972,1.6321779682845114,1.334551728501185,0.8133803009577456,0.9539086595713762,0.3997920416235308,1.2898905428517538,1.258642297753261,1.0221541920881898,0.892937073396775
2025-01-28,0.26489810966939664,0.8353939497335614,1.959320711119075,2.096360176081402,1.3100428877471202,0.6072706044954961,0.607036555677459,0.5360651186064957,1.1235622214472138,1.6063943986563816,0.8328817233508778,0.6670373283019355
2025-01-29,0.32705922835714024,0.8472863196540084,2.0535216784183916,2.0186378565711274,1.2071360495386863,0.5947045677430695,0.6364328664101608,0.5179273670834558,1.0309179296518127,1.609905219933395,0.7811446365885032,0.5418289060125014
2025-01-30,0.30901552500100654,0.8687660899454994,2.095817922015134,2.032281717694958,1.0671115011367478,0.6098451083774706,0.6444404333901274,0.5217173467404768,1.0156794720186972,1.6513351186303244,0.7300178097662955,0.5318514427944323
2025-01-31,0.28236271926161643,0.7628396496406646,2.1611662413801427,2.106590430720712,1.0916220499710108,0.6218029105643667,0.644156630675783,0.5261864020791699,1.0161530715990634,1.7028007838174837,0.7130727880226574,0.5248302036232979
2025-02-03,0.2952995657779823,0.7575134478509958,2.169708896379691,2.1009451884858543,1.1115069293098196,0.6255059556506919,0.6437191781287516,0.5191073550107381,0.9858899312978324,1.6970486683964128,0.7019781814752986,0.5200205895062331
2025-02-04,0.3318948768333235,0.7566351206160686,2.1661555484569646,2.0899941168932363,1.10598200443691,0.6099673916240455,0.6453181755939333,0.5040775752687094,0.9667065169939678,1.6789403470505526,0.7097072859257691,0.5327414998545671
2025-02-05,0.34894605677381596,0.7517171363945458,2.1521115562402566,2.0773116855926523,1.1509118205529412,0.6017362730886773,0.6639665780578102,0.5026300251846919,0.9196667785289405,1.6576189622923423,0.7235164792951272,0.5367830891715205
2025-02-06,0.374925005144003,0.7417374026121353,2.2254602947868656,2.164836366976432,1.0681162295411313,0.530713587047704,0.6375294201474033,0.48025846627039775,0.8071097808910129,1.6378392383661133,0.6776434958924892,0.4188478340594441
2025-02-07,0.3527645390652034,0.7430639174054552,2.25464756403969,2.190661570577691,1.035086009290568,0.5530798523068783,0.6237583330179819,0.48788673866807336,0.7454813994346458,1.6370253832301538,0.6869316133967016,0.4097175593317802
2025-02-10,0.36911629761579884,0.7487922862884442,2.231241929665839,2.2010090539480887,1.0422674741135252,0.5511423249507966,0.6346230675110471,0.48556921765967953,0.7482767218584917,1.6175989622692681,0.687633717960699,0.4198080646091556
2025-02-11,0.35688900662499223,0.7396366714006323,2.2266882622128517,2.202792605605691,1.0674181560432752,0.6091029742035131,0.6590985586741239,0.4915331617693403,0.7677966603968222,1.6256770946580776,0.695088222594228,0.4109429979744065
2025-02-12,0.3578347587777806,0.7382768317479632,2.2242786963048773,2.2051175434073382,1.0703359789591589,0.6048980109260305,0.6589688624152009,0.4912742231513369,0.7741262548076033,1.6251431339610065,0.6986906826052555,0.4121730353057577
2025-02-13,0.35567028747313384,0.7416170713974343,2.2241449869719263,2.2001442746872617,1.0607480985655666,0.6075303656500408,0.6589961793103688,0.49369908981334015,0.7709717612577163,1.6321055374081388,0.695169676176283,0.4012622104628382
2025-02-14,0.377002614888557,0.7365436653985361,2.230561695982416,2.147932355189904,1.0493765972724851,0.5904206328168673,0.6536324458172692,0.5025648748436536,0.8493015831076308,1.61552133969033,0.7030365630213463,0.40423920047164663
2025-02-18,0.3659631764756616,0.7132386344572189,2.2968088543845027,2.181809178132412,1.0560180382869737,0.5080960247415172,0.644036764008641,0.5135199333045646,0.8303995729582985,1.674976602804686,0.6918896237556662,0.37927900387936103
2025-02-19,0.359737406632769,0.7110969622923735,2.2894925115545943,2.149798504288622,1.0530050165256852,0.5142059115253934,0.6479518388595419,0.506662479292504,0.9359071347152368,1.687826129019759,0.6880850933473176,0.38569807493652514
2025-02-20,0.3615254248283421,0.7102758842141267,2.2676428107067297,2.165953901687819,1.0532677863569089,0.5167044126443927,0.6497834863154214,0.5141344399376848,0.9640935429056656,1.6834574436668803,0.690749295375759,0.40386586836076044
2025-02-21,0.36037389329457176,0.7073569536020747,2.2612336156419395,2.165817925249856,1.0510201085473407,0.5175797972120494,0.6570466009579878,0.5162300364120542,0.9567065333536742,1.6941098903961482,0.6835376206495861,0.387066061797475
2025-02-24,0.3471618117152358,0.7171738603231976,2.218540120176135,2.1378967097772854,1.0500654086656767,0.52864273048253,0.6560858851097124,0.516785179377124,1.004581126531414,1.695722768322738,0.7609972990156616,0.3887730386340272
2025-02-25,0.3343418266017727,0.716324462262399,2.2175685871588073,2.167994943524018,1.0571008169311131,0.5152513954922441,0.6474358354507762,0.523226509435109,1.0170458296962324,1.6465722159752751,0.7810582490864602,0.39001572202407175
2025-02-26,0.3309056342542272,0.7221150592587209,2.21697531756789,2.170448720158286,1.079692080449902,0.5075187413268942,0.645311397372091,0.49968626788057774,1.0610785572262675,1.630961795604105,0.7694568882204065,0.38824761159075033
2025-02-27,0.29763907336243905,0.7112389564390857,2.230533828796972,2.19848702991128,1.0913970294087272,0.4949573473212283,0.6400125125774089,0.4856292367614508,1.089577071344635,1.6346592982548065,0.7735379778976548,0.3813313068544889
2025-02-28,0.30697515431111955,0.6843620533304435,2.2657673674098415,2.1841213813514635,1.1180257324576226,0.4501980082987887,0.6559133276765092,0.4508045618694102,1.0256662697389693,1.5716306913592664,0.8376377657539253,0.4380426343462973
2025-03-03,0.31704898358011524,0.6909783864757061,2.2753522323970214,2.1650161196428046,1.1102500473603576,0.4478247533720747,0.6623858410275142,0.45322738654297273,1.0346964264703717,1.560566018450979,0.840044420640997,0.45372689021473755
2025-03-04,0.32653875834873275,0.6810876490278015,2.3332531688115568,2.1641840440915865,1.0394584808552285,0.4033718597736056,0.6519036426147347,0.4494875086237082,1.070164349824455,1.5334931854029197,0.8188703750477585,0.44124113962434175
2025-03-05,0.3221611698092232,0.6815411251820334,2.3327378185979186,2.1650481173249596,1.0405326777243837,0.4036776116125544,0.6511235069105563,0.45016692006369663,1.09166122835889,1.531463611715315,0.8211776174601819,0.4500628996835789
2025-03-06,0.3224158821820752,0.7031557337069461,2.3202737511261167,2.1926208717509375,1.0399672667431892,0.365282306794401,0.5260032233772485,0.4642949568442373,1.108082395122498,1.5349720678553456,0.8519771711167846,0.46321483162380567
2025-03-07,0.309251202269105,0.6885829740528657,2.3109436118613735,2.2099182772698933,1.0278773404713901,0.37023401764677827,0.5279759455062825,0.4611517321944396,1.0460007226280519,1.5793254944427055,0.8344758272771032,0.495903431405056
2025-03-10,0.32243554387814,0.6683682995218055,2.305813259715554,2.2463031918154157,1.039674722697088,0.36790963844904817,0.5096953250162624,0.4632422831746908,1.0216706464099974,1.5765849230815727,0.859709055248691,0.49499072303650066
2025-03-11,0.41821822920345336,0.6814880859870633,2.180575909183291,2.1538860956612864,0.998175381612352,0.40118728310036234,0.5303846402726526,0.48865617822204227,1.0015367105123156,1.5081010097366088,0.8721843088204855,0.49732649643646715
2025-03-12,0.42929705499329357,0.6843121359455798,2.17943026519618,2.1380000533190944,0.9916670843709192,0.4061501852624852,0.5297825674039518,0.4921771143836374,0.9879457657293983,1.4762821295544037,0.8615124201739931,0.4955565388708031
2025-03-13,0.4143354744217185,0.6779060636680341,2.210593390472749,2.0906256322034658,1.0150266096975935,0.4124284024104109,0.5405732955845522,0.48932819582943643,1.0360380026423526,1.517624201593924,0.8355058358807264,0.47612183734277774
2025-03-14,0.44195847636468877,0.6766869019992219,2.1692870262675044,2.068621748536724,1.0227785144898733,0.5256639442446733,0.5776631648091677,0.49591605706155406,0.8854587133334304,1.5081990431430414,0.82456283849014,0.4792560338074192
2025-03-17,0.45379208222840905,0.6911569590921584,2.1534120839703497,1.9139010760110653,1.0348104568727443,0.5879772979733098,0.6062387971639978,0.4943029173361902,0.8668685169442838,1.4516143015341925,0.8334183858972672,0.48435447433071377
2025-03-18,0.4482387093520597,0.6868457128739991,2.163326063017393,1.8451197204605188,1.0569694044416968,0.6016248611953303,0.6045738092875044,0.5025835404711391,0.887795305643547,1.4808435532712403,0.8435586266858958,0.5036778985389837
2025-03-19,0.44955858427743245,0.6907993961152052,2.1661190924226585,1.8398082052126674,1.0503452318292696,0.6069298165724779,0.598290942675206,0.5063648735112577,0.8703576137845453,1.4869753370714065,0.8438225327425559,0.4992252813221411
2025-03-20,0.4472017783456792,0.667157803262759,2.262925532137415,1.8294922733709853,1.0731645104515415,0.5752198868361652,0.5626965609941229,0.507204749033044,0.7299406766435874,1.528332779824981,0.8340682622145975,0.5031822012199874
2025-03-21,0.4460762335149609,0.6660675810148649,2.2535184080252764,1.837846056707778,1.0705560238500587,0.5730506563815532,0.5611217701631633,0.5094036479105692,0.734694685789569,1.5215444925366046,0.8362476128811023,0.5046312965022398
2025-03-24,0.4374525300560262,0.6785718406651993,2.254301614484728,1.854217620489419,1.0809315944838351,0.5567019536618186,0.5470952682404177,0.5010686037578935,0.7281113919539959,1.537281444335016,0.8312304698638479,0.4966758832950804
2025-03-25,0.4430142585392463,0.6769743581370541,2.235542368379117,1.7953742048741335,1.1134863472263987,0.5709873472210997,0.5631912081269503,0.5011324303290834,0.6931152383931121,1.5374552522598248,0.8207439463345015,0.5186944509959882
2025-03-26,0.4409596548915048,0.6758925843228907,2.245627539622696,1.779751050726269,1.1135006610894258,0.5789723764197464,0.5654033471418811,0.49451371513490516,0.6919510015547656,1.5362751033652569,0.8216559629665311,0.5111086678182563
2025-03-27,0.43826429826491725,0.6730423032421577,2.257908026224087,1.7852834202876267,1.1346152372084162,0.5789635105387925,0.5807719782852334,0.4664520302282439,0.7177347921433044,1.5443183141768313,0.815466967128844,0.494576816586569
2025-03-28,0.427409805735257,0.6641348651305694,2.2636955868278537,1.802536993893404,1.1550485311409202,0.5783608737021753,0.5826269809170384,0.4670791067337394,0.7121404136501159,1.5470990100703983,0.8148074299727461,0.5038487148796359
2025-03-31,0.442832113669213,0.6793928816207255,2.2331256897915943,1.7640042809827046,1.155774558748467,0.5974869434734248,0.5992597172457175,0.4639564572954021,0.7337839991581867,1.547310756007112,0.829627012139664,0.5134452946388369
2025-04-01,0.44504746114677846,0.6774955549568171,2.2289975726935727,1.762893795120809,1.153795221504663,0.5981305650677103,0.5998621517901932,0.46663724518006683,0.7382655960275676,1.5500431312764595,0.8298556706378843,0.5167748315548872
2025-04-02,0.4456531087771212,0.684442470106003,2.229606004540847,1.7607990676858278,1.1498861468207056,0.5959001115749449,0.6022130194428381,0.46471179745600866,0.7184405185570402,1.5519599364717596,0.8239546940223639,0.5095942712734142
2025-04-03,0.45493259092525024,0.6812110938853174,2.2142075215736727,1.791428166964469,1.1249247994821425,0.6318611342441143,0.6044688533021542,0.47603338013622853,0.7099121773570595,1.585215772408517,0.8107195073174485,0.4970289780235879
2025-04-04,0.6543912835225931,0.6028095236109735,1.9750114984383091,1.7415222485404656,1.1495943641589723,0.6486627207002276,0.6667778304295858,0.6195703991073406,0.5319882367659102,1.4473178469834,0.9464568965976398,0.6399895449806537
2025-04-07,0.731867948025568,0.5896861058869205,1.8141272087983846,1.5714144536924963,1.1788502107958065,0.6598704528360425,0.6930914618972643,0.6507345897268818,0.766207322813,1.3768651963803542,1.026183193285917,0.7418540957396748
2025-04-08,0.7154702686454573,0.5854280449625706,1.823187275933553,1.5879288669918963,1.1730508509713715,0.6499613426858618,0.6966549643442743,0.6472408862414972,0.7590169323803907,1.3687468917361367,1.0318199924020817,0.7474130005018892
2025-04-09,0.7330602984627771,0.583390233369302,1.814704691651239,1.5680932145139375,1.1848115850608598,0.6294419186914565,0.6791132088319135,0.6578130636830452,0.7836294340990217,1.3470286546828265,1.050493533875635,0.7780535985513617
2025-04-10,0.8923386126780568,0.6546373881094785,1.6359754874481214,1.489047878540475,1.3883889187933403,0.6038248118534721,0.6784937319191432,0.6733400619177853,0.9995664477595296,1.1764147098169482,1.0777532875040208,0.9386275766864401
2025-04-11,0.8926996311110837,0.6476992620153613,1.620898579902847,1.4901301516190912,1.4113405733921662,0.6141617944078598,0.6813425088433372,0.6682248636763123,1.0368290260886455,1.1656971772478628,1.091841372386044,0.9721714691333895
2025-04-14,0.9029982494783594,0.6441259624499673,1.6190346474679063,1.51016221764785,1.4207600735370758,0.6118419597141731,0.6844798890384478,0.6690696525017911,1.0190426667832841,1.1547178967666412,1.0943849987729966,0.9305971103993101
2025-04-15,0.9026029155078589,0.6422453241432317,1.613522936290266,1.5035761754015877,1.420400384550958,0.6130725139137486,0.6833977771717619,0.6677818449279722,1.0236274319467147,1.1584448777575613,1.0904693541810806,0.929642625502477
2025-04-16,0.9045917519399822,0.6409766580341613,1.612517148869002,1.498554283341493,1.4194532911397901,0.6130327099227273,0.6812099066553455,0.6686219584769181,0.9908318080738464,1.1606698016472483,1.0884105140912201,0.9239760135211764
2025-04-17,0.9205469410868293,0.6529750895353433,1.620988025836859,1.4774831920569196,1.4389812725582918,0.6060053186240368,0.6758390539840389,0.6687957738124918,0.9884229724940216,1.1385447378456819,1.0738488341088845,0.9194777725268799
2025-04-21,0.9292609248299784,0.6378370058253657,1.6177586530488413,1.495635561630262,1.4504647377269573,0.6108126133361602,0.6732396965044594,0.6721209874978505,1.0001211159387935,1.1145038975119952,1.0771487638610082,0.9243170037828242
2025-04-22,0.928104658213441,0.640820084904589,1.619818456021954,1.4909790393347264,1.4437399700516589,0.610115352268521,0.6847606536948293,0.6752735664255652,0.9924813506774292,1.120346595772871,1.0624724893449287,0.9189299906810746
2025-04-23,0.9346582839240467,0.6451748800217221,1.606258815982513,1.4863223139482062,1.4295280427918275,0.6143497965242867,0.6957820502612942,0.6734417202274207,0.9940623104664039,1.1265894380761219,1.0578631696748306,0.9010304515526303
2025-04-24,1.0148291057073637,0.6597745349844805,1.4870843691929494,1.3612732391478073,1.4413971290791272,0.6501435478932678,0.7868475028028582,0.64711356738438,1.0330549107526572,1.0306838858565615,1.096671390333162,0.9672524671953021
2025-04-25,0.9925826819944481,0.6612299169368424,1.4411420978961176,1.3777033716789278,1.4627691757695451,0.6565045227605981,0.8005499477521847,0.6437664124631278,1.0694371841254446,1.0321828147715606,1.1196078931907885,1.030197043708748
2025-04-28,0.9907131569925686,0.6616547866016362,1.4445691490736812,1.378524866477061,1.4688312804414818,0.6612028722159474,0.8008630323520654,0.6438195550453871,1.0374699423354772,1.0290842756769,1.1184451761304206,1.0270672117896698
2025-04-29,0.9914530831594159,0.666880566396517,1.4441445033374212,1.3752499965426157,1.4679612005453588,0.6603791844766748,0.8031396744366284,0.6427073181694076,1.036824724958212,1.0251383022660778,1.1184566969185095,1.0250001147867391
2025-04-30,0.9914910593520054,0.6678000415766012,1.440787070433202,1.3764325846873893,1.4652091770384126,0.6598515048223399,0.8043160588240924,0.6440337140296656,1.0322731169588066,1.0258303870110186,1.11830663406172,1.0232005681056717
2025-05-01,0.9861262808059209,0.6674855353666901,1.4371322111762737,1.377319403773721,1.4678122193650378,0.6646184467738728,0.8064174961078094,0.6488105259715001,1.0324294791839985,1.0272584813374923,1.1192550434555317,1.0206964830984318
2025-05-02,0.9800933337781884,0.6920879890952618,1.4396163557781778,1.378467689689643,1.4494714713260057,0.6628945979767349,0.8021265757518155,0.6493721002922532,1.03174035594831,1.0403229187284564,1.0803946971342944,1.0172817991959902
2025-05-05,0.9636005704390466,0.6989963907434311,1.4298990623957268,1.3741672030246799,1.477109424545846,0.6702363149522895,0.8054502882814816,0.649627197264113,1.0359097353083206,1.044939392269477,1.0862934454405215,1.0287837283158117
2025-05-06,0.9657117511829025,0.6984293801535105,1.4273901329815084,1.3753127955517253,1.476763191934918,0.6702684593464975,0.8101957092160232,0.6499432464715528,1.0388292060985822,1.0450359873653972,1.089361982112952,1.0287628507342945
2025-05-07,0.962245396821315,0.6971534015744326,1.4293158796078178,1.3714004368281665,1.4761256439844002,0.6687129304836504,0.8074611502157725,0.6502574862847543,1.0391102648852661,1.0487025220229766,1.0876821923994164,1.027248277964178
2025-05-08,0.9617212409479153,0.6970573547792887,1.4307448045770392,1.365204983287949,1.474986673209191,0.6571730865423945,0.8124013769863214,0.6503990199422152,1.034478054999042,1.0452076375521178,1.09114189101588,1.0350695491995832
2025-05-09,0.9603907734025948,0.697837516479093,1.4283810418082856,1.3656100433502236,1.4744843441080182,0.6547172102134138,0.8125048310431192,0.649715255158527,1.037389457216294,1.0450110419857717,1.0900954561335243,1.0341875736150226
2025-05-12,0.9608008056301424,0.697722694470492,1.4282013374482743,1.3657771368463307,1.47466140397298,0.6549383629617139,0.8126283885416334,0.6497710333285149,1.0387111513668996,1.0445656647347403,1.0899896268010694,1.0343911725268435
2025-05-13,0.9760391376362674,0.6904792745959061,1.413155067017259,1.3730881174607243,1.4640440231031246,0.6645139480313401,0.82423313350586,0.6478054892666734,1.0085127622605432,1.0441928069476767,1.0894921905879427,1.0730616633038559
2025-05-14,0.9708725130868487,0.683389307435275,1.4229109350142546,1.382881047425249,1.4669789702690208,0.660412474177205,0.8183141027759547,0.6411321691907338,1.008727793410185,1.0489327478811554,1.0771041081101416,1.0634906478959498
2025-05-15,0.9713245305098704,0.684748889872358,1.429390268877283,1.3879230535428047,1.4729772313219627,0.6599158930535518,0.8182539580232857,0.6413740558604523,0.9723724557480982,1.0439742783232948,1.0779116493433911,1.0600408233668637
2025-05-16,0.9711329037132113,0.6845099855561465,1.429169535832626,1.3878987154279259,1.47187358106176,0.6606618961881239,0.8184338354698611,0.6432021262679003,0.9732954022052385,1.042937607725363,1.0776783475756728,1.0593943622414597
2025-05-19,0.9716063820411808,0.6846870987432695,1.4298431029211538,1.3865551920170178,1.4725787502973808,0.6620953437595604,0.8176320204120565,0.642597400617401,0.9747121905309805,1.0417636952305318,1.0774236673661304,1.0618758247608968
2025-05-20,0.9880748014176556,0.6831211323221609,1.4284549120688665,1.3868510500149827,1.4789020920242357,0.6595708369295699,0.8156436335415086,0.6464766261007253,0.964148777040739,1.0312959328550382,1.0668075603430351,1.0737653845429174
2025-05-21,0.9955738532325811,0.6824202923733224,1.4253348137706114,1.3763329073905726,1.4780661785521365,0.6632261244001197,0.8177174114946937,0.646207510937623,0.9615559180630379,1.0394329455902354,1.0631918294691738,1.076404766481127
2025-05-22,1.0005585903784802,0.6806413550238242,1.4195081360424047,1.3670237849321307,1.466399817786,0.6632530827381989,0.8202569112666712,0.649516266963988,0.9534205453343054,1.0407385814817744,1.0656570200595747,1.0779738003609591
2025-05-23,1.0087441877622123,0.6818142913665096,1.4148430802168515,1.3592234618757486,1.4685402837777624,0.6656934021312098,0.8209518463343648,0.6518135856954377,0.9500248621965586,1.0377002698374507,1.0666200575253015,1.0822372574957047
2025-05-27,1.0355448586890128,0.6870919004020524,1.3838501047939302,1.3373225190199103,1.4673950618371412,0.6807207352968844,0.8197412685063469,0.6674960315274262,0.968621482351587,1.031789508387975,1.0606046695648323,1.0892784698183948
2025-05-28,1.035206100603866,0.6894822416499718,1.3774036364055056,1.3386647454251188,1.4731378672373039,0.6812254508329132,0.8180495312013026,0.6658996788402828,0.9661286082163411,1.0402466605850733,1.058504189239369,1.0934712101645176
2025-05-29,1.048222900240531,0.688453291597358,1.3425263460065708,1.320015198190491,1.4938446316057499,0.7003846296829666,0.8255303035918955,0.6741677357988379,0.9593081739859189,1.0442947565629332,1.0666596116623857,1.1115629114039114
2025-05-30,1.0480542456939776,0.6883993503772218,1.343611569366403,1.3200536825876952,1.494813492879137,0.70099608536495,0.8243257240551431,0.673997964821659,0.956865157760806,1.0431355663001298,1.0670475297288768,1.111836303084105
2025-06-02,1.0505358753065372,0.682215671880498,1.3486746340062457,1.3198478989674733,1.4998440472607488,0.6991637278999551,0.8224936756329024,0.6730848460492025,0.9702287823467773,1.0380259171001522,1.064701457333652,1.1152887489455092
2025-06-03,1.071241407944242,0.6861921918195301,1.3340690142111042,1.3009788489892165,1.5126461530299598,0.6983435815195248,0.8224362404540886,0.6817782678959947,0.9882772636888333,1.0117386160868698,1.0762954213291023,1.1158119351531084
2025-06-04,1.0686307407161684,0.6893101094662992,1.3364835744569463,1.285773064662937,1.514924446591715,0.7019695037615569,0.8288594458516978,0.6815427344208311,0.9980760248246355,1.0079214305753033,1.071074130636018,1.1200533501334662
2025-06-05,1.0695332425356339,0.6829273950208418,1.340878812068215,1.282924256650002,1.545084498830726,0.7024035693819056,0.8313771888545902,0.6821356938738975,1.0089277423782903,1.009932173671897,1.081692278759332,1.1513799420250272
2025-06-06,1.0668552550572181,0.6822026524245511,1.3452178216899415,1.288125833719849,1.5485888572864202,0.7018105658507565,0.8321278084611412,0.6785862468562894,1.0096575584989707,1.0034605063170878,1.0814501694754117,1.1444807285898722
2025-06-09,1.078622695088435,0.6834572918409517,1.331877320998786,1.276739244167701,1.5412858754394303,0.700925387861929,0.830708633874592,0.685926277392881,0.9988975567153765,0.9951062823649333,1.0873990958012636,1.153074793508494
2025-06-10,1.0723244125371216,0.6830326257871931,1.3440697346883763,1.2798540312509437,1.5454274636342256,0.6309641740202968,0.8154501459296792,0.6855028784829297,1.0826193354940608,0.9943206563394816,1.098986234473614,1.1605695162267688
2025-06-11,1.0799874746301255,0.6800325309040787,1.3366394892062046,1.2913182948750064,1.557609002100253,0.6135161657441037,0.810165725479976,0.6887017030674053,1.0978782366117454,1.007304231122158,1.1010363849977267,1.1737731441020465
2025-06-12,1.0816477508431956,0.6804966559478948,1.3405855643378282,1.289797131301317,1.555945179117985,0.6131522222712905,0.8104348978632507,0.689791490798165,1.0959649845755983,1.0048345048662148,1.100010060501542,1.173290991309353
2025-06-13,1.0868037501762504,0.6791561938925996,1.3344682503164706,1.2839938932734354,1.5557407872982745,0.6081638812297024,0.8135209588680797,0.6917350466653202,1.1096385359599668,1.0183250839201214,1.1012740098230955,1.1781834025558307
2025-06-16,1.0844657648457854,0.6794180833341591,1.3357253682022021,1.2845131359272433,1.5525182402275715,0.6306636910835836,0.8223141980344016,0.6926080565316248,1.1353103640137248,0.9833498672952458,1.1041514071691356,1.1810686842339573
2025-06-17,1.0844590195587085,0.6779752039919974,1.3386065332897257,1.2772281428605736,1.5781789972578584,0.6384909253384913,0.8276283978707827,0.6958155006410991,1.1423491292675783,0.9710362931715101,1.1055147622957873,1.1830402922923284
2025-06-18,1.084736171947435,0.6777507988663044,1.337645643410412,1.2780534484156645,1.5744299525044312,0.6483103844759445,0.8265433671978031,0.6953966090261247,1.138531730286768,0.9735148169814776,1.1067986768257332,1.182877024890426
2025-06-20,1.0858629605032715,0.6810836241916203,1.3346755528244192,1.2877293842858344,1.5590644366140847,0.6450870490231957,0.8238295528518101,0.6955743788317158,1.1441682363583727,0.9743970119013443,1.105256220056709,1.1766609541535311
2025-06-23,1.0806527202741676,0.6818057774045952,1.336042981456583,1.2889124811888175,1.5560081461538249,0.6438777662120033,0.8217712121431657,0.6941175636435294,1.1457237178206774,0.978909446212419,1.1064263933276883,1.1763237000344282
2025-06-24,1.0909413098356238,0.6836126615963511,1.3153966772994352,1.2749235013135314,1.551956532809038,0.6460473605065576,0.8196209395715641,0.713525843882952,1.1436754971605003,0.9647172647345257,1.1175023925080163,1.1959387152535381
2025-06-25,1.090049701594049,0.6830477529797254,1.312923585502238,1.270115798938065,1.5615895211017679,0.6458827245028953,0.8259208632915315,0.7116636963986954,1.1680873774342915,0.969185153928175,1.120571509313791,1.194078857765278
2025-06-26,1.093470990784273,0.6713708035001966,1.3276230337745094,1.2760231929663153,1.568346206195252,0.6412268259097078,0.819488437704197,0.717696795888096,1.1603149924542404,0.9543981815799948,1.117682913909915,1.1963899364263633
2025-06-27,1.0946180537414298,0.6708806812190251,1.3260761437455626,1.2758026612146702,1.5670607388958708,0.6400928248851847,0.8199816691987605,0.7192809302829636,1.1614355288402305,0.9535367536277671,1.1191922384184463,1.1975474363353709
2025-06-30,1.0936399210356373,0.6702797681540671,1.323641439985028,1.2770937300499705,1.5680325447853216,0.6399069435109551,0.8181524445761895,0.7199613324683797,1.1635416502456126,0.9547270083888637,1.1193743303875394,1.19857845003734
2025-07-01,1.0960767378367486,0.6700853961568934,1.3223957373309183,1.2774127010971101,1.5642169291579164,0.6392130727134525,0.8166176987233652,0.7211253941308509,1.1609202644537315,0.9573563203628858,1.1186406115719885,1.1979510024041355
2025-07-02,1.053040034716985,0.7196740135397035,1.3531959371633784,1.2359073984732931,1.612679731228786,0.6264413036119707,0.8101288503777742,0.6660378128243718,1.3815591950281203,0.961433915060526,1.0736053693613035,1.1972208735397207
2025-07-03,1.0559383244888771,0.7466677258390165,1.3926680696609266,1.3109326187640382,1.66656484073005,0.6024597372166953,0.8051686624258524,0.6518886666848223,1.3141556776629206,0.9527342492191505,1.0384178229259688,1.2025684922275373
2025-07-07,1.0551643838511329,0.7480556024688363,1.3908262835541243,1.3102314178567034,1.6604345917998016,0.6018048691777232,0.8057791531194077,0.6526300889112067,1.3185032586865642,0.9567334355939277,1.0349768719339323,1.1990424633397683
2025-07-08,1.0332205468819957,0.7513575267345048,1.402459544781863,1.3425293001635081,1.6346137260192188,0.6129135498093192,0.8227740556664536,0.6443339037770418,1.2801561820616456,0.9599233386244518,1.027110436201887,1.1739425293970414
2025-07-09,0.8948377919334328,0.7450902520774209,1.4498190675744176,1.3367576999249102,1.5617908867042534,0.6634188140703123,0.9814376376163036,0.5790089361083297,1.1529701279081812,1.056335804324452,0.9004065820256921,1.158640479716595
2025-07-10,0.9041149325145388,0.798072700907747,1.490363875645359,1.291957851709811,1.4964846571527033,0.6239661155162687,1.035338302692672,0.5806945421977738,1.0449860390482912,1.0522967105386702,0.7949279528507204,1.0426943291139408
2025-07-11,0.8595324205026792,0.7976054601588864,1.480367558932166,1.2569118550986795,1.4321856516593137,0.6307996636133544,1.0753988978448172,0.5842160147822113,1.0687219943002408,1.1060284545165169,0.7629690137945928,1.1518387132258825
2025-07-14,0.8513887622819435,0.7970770230604833,1.478585517997385,1.2720621244719783,1.4166181183217368,0.648625554024604,1.0899705243730915,0.5941351105278553,1.0674613366683732,1.1201581288808096,0.7706261734892886,1.1383665700190109
2025-07-15,0.8552320080922562,0.797212316229886,1.480916268327383,1.2703492834852352,1.4173911759898818,0.6428397997472786,1.0848699151033205,0.5947370659075373,1.0678124195473424,1.1237831993280094,0.7788831284246258,1.141034641758325
2025-07-16,0.8251894286518716,0.7503325532640155,1.407751968891123,1.3538257395649094,1.3169265531318946,0.6673460337998861,1.1771009765657938,0.5661588411758585,1.0907010748798462,1.1442080138014599,0.8119469149390777,1.1657558004500777
2025-07-17,0.8483667796878362,0.7421466095964838,1.3816884320439198,1.3376862407432457,1.306921074455543,0.6907019071765125,1.1777879472293555,0.5690894160779559,1.0842649707938794,1.1323357386772792,0.8272407597122333,1.1890545003290591
2025-07-18,0.8685078050270294,0.7196706041212325,1.3320149615393044,1.35985923051976,1.3329843363997511,0.7135254876654902,1.1405127893163662,0.5303295053929035,1.1854615343316195,1.0542281967681357,0.8992161980196649,1.228955126459898
2025-07-21,0.8220066425102709,0.7184172138717595,1.3708437590331652,1.4039178493681435,1.4178825756958118,0.7001953811283985,1.1122077438914737,0.5369824125677277,1.1486377877453378,1.0582632316011324,0.885203827524002,1.281660926820489
2025-07-22,0.8054237591853736,0.7262814012179214,1.3876043710385488,1.3949833248313177,1.4084063624523464,0.7350952784457804,1.1066064103235076,0.5541882851915093,1.0638793869190932,1.0774257773559333,0.9068204723234521,1.2887093169225485
2025-07-23,0.8070184287028072,0.7069442729820439,1.509943169915534,1.3965410360907293,1.4704016006127256,0.6812731055449468,0.9658734937316911,0.599820572674991,1.0038661708273842,1.1113869459702386,0.8147408254607525,1.1730919527755532
2025-07-24,0.8146930841123915,0.7062036149342885,1.4811934786300782,1.3991377225567432,1.4775054091696427,0.6610884303807684,0.9672114250159156,0.6046448666293833,1.1520556719857218,1.1380719962660761,0.8193121154840274,1.1473304590349798
2025-07-25,0.8216648239479971,0.7045632941167783,1.4640541209569284,1.4014546102402372,1.4756869340673842,0.6660150262582022,0.9645629898285601,0.6061480188972188,1.1725086394402082,1.1453018426137018,0.8159105100732426,1.1480823773552447
2025-07-28,0.8207064837443423,0.7037197090283187,1.4666589052201326,1.4034967706544421,1.4728359281549936,0.6655942628382661,0.9619697725909369,0.6045091084484849,1.1954135547414078,1.1456380852453334,0.8175837681473755,1.1510786120155776
2025-07-29,0.8184915409464739,0.6972727441773778,1.470295783377234,1.4043862665583233,1.4907493673295091,0.6608597582507563,0.9618813206608225,0.5930228038229094,1.1918850446552451,1.143816763837196,0.825093457816868,1.161956404937955
2025-07-30,0.8336281630899294,0.585949932210232,1.474922257643691,1.3941814592480648,1.5402952090596167,0.6714661416943061,0.9808271539255431,0.597219941097432,1.232289834018081,1.1202969419632185,1.0090597241650852,1.2027141551300016
2025-07-31,0.9453715523814034,0.5585238196130711,1.4745442488933966,1.3771195223310162,1.5579817197663393,0.6567251027785284,0.9632047387889257,0.5735834919522073,1.198476456454744,1.0946099067960922,0.9738412247631792,1.1598642974607822
2025-08-01,0.9052884788506225,0.4888071766481422,1.4727558362542703,1.4031549891403912,1.609775065998394,0.6844087266584893,0.9882459766495545,0.5754911836056704,1.213996046368176,1.0535036872814596,1.1095982955833086,1.2167499757193194
2025-08-04,0.9322449563641845,0.51562166620706,1.4625423438165912,1.3705237821035339,1.5733498438435636,0.7476222867782131,1.0311333777879679,0.5888691823344204,1.1879343816588417,1.1180330819805369,0.9940972684088382,1.1164978032164137
2025-08-05,0.9216825658003901,0.5472472742796285,1.4579744919364708,1.366566759816946,1.5585354936667581,0.6515293297113365,0.9940331706968308,0.6100593294909193,1.1519444972697193,1.1361868167667168,0.9135813735170334,1.0762164335223499
2025-08-06,0.9084326740965055,0.5634181484292987,1.4713028938306365,1.378130618968258,1.5734854136002354,0.640275719751236,1.0036225469077165,0.6297196211207068,1.044118265813257,1.1175469604186277,0.906152240083015,1.037196575269008
2025-08-07,0.9635333100430922,0.5482376709594342,1.4518179693676887,1.3941202298382613,1.474370125768714,0.6622543941017489,0.9982001126168034,0.6515038612666374,1.0636786766059814,1.0970867086994927,0.8927128834267277,1.055183563449009
2025-08-08,0.797465055117056,0.5720318508546463,1.5843986718516172,1.4166586370831125,1.6306556350811627,0.6135820767893126,0.9463575985693108,0.6371030885642872,1.1522128714379745,1.19799835463757,0.8146571230155774,0.7283706939172
2025-08-11,0.8785618831604461,0.6204350121258974,1.4961893897679333,1.3325959103347533,1.598207205397891,0.6457265737913999,0.9933635053153589,0.7207607282260551,1.1681204122929134,1.1697454564019072,0.9061283663932959,0.7672330278353724
2025-08-12,0.8911773790565991,0.6125289739427058,1.4609594207089585,1.3360175310835527,1.5598090710309735,0.666284933486074,1.0286043736929134,0.7554063152365507,1.1277003827620966,1.1515427823831403,0.8779689113394014,0.7967784671784625
2025-08-13,0.8843889590119842,0.6221079632508356,1.4101338322110235,1.3535310481203005,1.522998731222327,0.691548654246014,0.9907294335013817,0.7569240089953289,1.2362107546280632,1.0980610422820223,0.9501804567853559,0.9016012008830993
2025-08-14,0.87816180900474,0.6288681216276769,1.4142798839178934,1.3574354941159907,1.5055714845141293,0.6784712367855625,0.9803598763141128,0.7614544988084432,1.2287757700106545,1.114811462132036,0.9425814950433905,0.9007524276425837
2025-08-15,0.8706777079961097,0.6327234055497138,1.4121630398637923,1.3569846591861774,1.5062190428879942,0.6899226280636896,0.9835129426055047,0.7783462109778688,1.154249006704142,1.107726261394066,0.9388862555211328,0.8971905641027038
2025-08-18,0.8605540291613719,0.6335761742533369,1.4052904342458776,1.3808223035317313,1.5186388251840166,0.635346879497412,0.8956804879431923,0.8504736546472992,1.0786517809238017,1.0782838029606678,0.9317116995425507,0.8802414051912154
2025-08-19,0.8274095013694293,0.6292506420889872,1.430512324426564,1.4576172981554845,1.5756882983993072,0.6703640140924945,0.9021495805755998,0.915115823144743,1.0471152489802638,1.0583886485650054,0.9444655918459866,0.8826674479718625
2025-08-20,0.773371378476712,0.6464426105171279,1.4821428430834915,1.505171582383249,1.697905510667924,0.5651964631551243,0.7889193720498967,0.8575632502784885,0.6961567705137756,1.2430467019612614,0.929082308782134,0.7700374949216008
2025-08-21,0.7390315518393679,0.6439587877604173,1.4777947289716824,1.5337333101242197,1.731038793971765,0.5737338606942413,0.7006298158553621,0.8531046712811886,0.7750547020750291,1.2346492631649082,0.918807816011233,0.6773971830685219
2025-08-22,0.7088061822930903,0.6083229132629617,1.4988271276087537,1.5674657669125023,1.7659786068452308,0.5498221566185353,0.6885861761110794,0.8945067404291895,0.7475590890227275,1.2227064071477256,0.9165754136330724,0.566335658578777
2025-08-25,0.7196521070224198,0.5943483646128699,1.4863695580948377,1.5811365323391782,1.7461861895267963,0.6068487301224486,0.7012387770715682,0.8745472338547047,0.8472162967046243,1.2241503392449358,0.948093991367038,0.6220007323941232
2025-08-26,0.7208791641947342,0.5992427622569236,1.4771109536581095,1.5776950375247283,1.7702665439222804,0.5997172712467279,0.695745202514499,0.8740171919376395,0.855797247258265,1.2278676480189428,0.9552311993686236,0.6218517027062609
2025-08-27,0.7309989027424958,0.6013143227607385,1.4476237008708261,1.5869021569298751,1.7544229989021447,0.5987790758479256,0.6852567162269763,0.8860697969649772,0.8083886335194582,1.2393070602733518,0.9423193426364025,0.6080004924033898
2025-08-28,0.7356794100665144,0.6086061333463262,1.436886486983231,1.5664207460570474,1.7231523063863274,0.6473021069297753,0.72994802357841,0.8751742794673344,0.8177630911923043,1.2487643151932923,0.9386829639998356,0.6011706434212087
2025-08-29,0.7507132554657788,0.6309993681171118,1.394907918605844,1.5604357489897718,1.7285065396932913,0.5876958083841125,0.7421405105578454,0.8995091731043885,0.770985132766459,1.2762769974580068,0.9315694748583605,0.5509703555353156
2025-09-02,0.716745960243479,0.6175709895908591,1.4453732463697644,1.609539050918385,1.7727644383206915,0.5115130990416276,0.6661525641216448,0.863956820466407,0.82109448641842,1.4413247092434562,0.8773172558627944,0.5503641883036599
2025-09-03,0.7180261208262863,0.6196478843785362,1.4503664237014746,1.5611086253057824,1.7178696107423392,0.5759956035397942,0.69576758955072,0.8941463924597298,0.8073770972646055,1.4385565851341393,0.8780604906638296,0.5698736562551745
2025-09-04,0.7340648307110281,0.616937028212829,1.4443627768751277,1.6760001390567276,1.7291497260931847,0.5797800962569876,0.6689520193865747,0.863979691972164,0.8029215807716735,1.419100433590649,0.8589183292957723,0.5392799455141954
2025-09-05,0.7467262592606222,0.6170401782541344,1.4440912311137855,1.692475399136335,1.6941136794328642,0.5721629753363761,0.6388998483959805,0.8690953403584553,0.80615957520148,1.4047729313388695,0.8409041267288117,0.4824602393137426
2025-09-08,0.7469898294044792,0.6272546332636845,1.4476853059014305,1.6890028574119824,1.702959304341433,0.5695838234009378,0.6488200394314257,0.8848947987721156,0.7463004632068672,1.4062113116091763,0.8232964874418783,0.46909464843526705
2025-09-09,0.7126143381873224,0.6336796929572329,1.4392198006903862,1.737135284387411,1.6764851617664867,0.6008831475852526,0.6486453928524724,0.8675246009891658,0.6855103292283409,1.4155377935500852,0.8243320985999673,0.4448889627205256
2025-09-10,0.721481574199606,0.621199655043189,1.4379599354859123,1.7442359217082075,1.7431340971677503,0.600223652141453,0.6491500095637651,0.856733526510493,0.6912488958666175,1.2337558318571136,0.8422069688129136,0.44850366265765057
2025-09-11,0.5402200878992872,0.6001572891106282,1.4720531934813705,1.9273082376770128,1.7193127674910764,0.3886978860936012,0.40983417204145345,0.8365688384187603,0.6098622153958365,2.5210371149062283,0.758273084064199,0.35514147114330474
2025-09-12,0.5440357858030732,0.6016915416304054,1.486964418215612,1.9788475307111526,1.531983390336074,0.3198910617114002,0.36310671913595066,0.8042226681244176,0.550545659184731,2.692702898548334,0.754610402324239,0.3002390931699501
2025-09-15,0.5101644450380272,0.5956260636674461,1.4968821220279769,1.9807926708561958,1.5534783537151933,0.2303167773420358,0.3707041390054956,0.8216170998649548,0.5745519450999396,2.7313076687605817,0.733533972417237,0.296961361536127
2025-09-16,0.5177685489745776,0.6048086344727321,1.475646551339936,1.9682023971988607,1.5549760613268702,0.2179687596402137,0.3650304188526802,0.825131709780044,0.6145213582086576,2.746594988261114,0.7172407618222681,0.25854356728886435
2025-09-17,0.5436014121542856,0.6129221256287745,1.48264873735551,1.9787578809533046,1.5804581009029957,0.19418911325587682,0.38943913631993987,0.8396491455396644,0.5619752728969083,2.6933254029902534,0.6739422922030741,0.26252694872492593
2025-09-18,0.5471250305356307,0.5860946101577087,1.5309526223034289,2.0313482262376925,1.5938610087386718,0.14538277886692946,0.3542660750892227,0.8033050371798133,0.5835110616138065,2.7367113169120483,0.6530285970400617,0.21219603568688475
2025-09-19,0.5556801061860199,0.5473331373433,1.565643603574511,1.8919019740999865,1.3325478534555215,0.1764943330347951,0.2792836246251168,0.8289221072380687,1.079016933852504,2.551648326677445,0.6558076220626471,0.159026391767164
2025-09-22,0.601332943379259,0.572173631131224,1.4964610613622338,1.8727688903345305,1.2648343434073448,0.14730365328184966,0.319035993000113,0.8048042983056001,1.0332204599014836,2.6429471392034225,0.6353129682536132,0.1386881508048211
2025-09-23,0.6922440073592945,0.5290238502928832,1.5505021190958723,1.7543598443952682,1.2690320249348683,0.1399589187259842,0.32785085857820867,0.756661971279099,0.9162929949755982,2.715747311035317,0.6461841081674091,0.13726050094737885
2025-09-24,0.698467526267543,0.5395057363315506,1.5977349085415207,1.71833678406366,1.2283332797936557,0.15137348290908642,0.37249021063205207,0.74353004511514,0.8623123125872554,2.761155039819298,0.6377163557804622,0.10221803238191009
2025-09-25,0.6907219570975889,0.5329503046208406,1.6168480940233714,1.6893802633808925,1.2594732158202182,0.18324181516982035,0.36176237432403596,0.7296007666001515,0.7952105858190225,2.745161707302352,0.5940657316187015,0.0679754204754451
2025-09-26,0.7174279141139152,0.5232352406651144,1.5753735904780308,1.6331122570005554,1.1834748226918284,0.21974548347158504,0.38154771215334105,0.73115183698562,0.7858495280515612,2.845502878283817,0.6246614718572064,0.11499230295423368
2025-09-29,0.6895895999332557,0.5399718119438602,1.5563530779831,1.6276544358483016,1.1696383910561137,0.29798427791746873,0.4083026429427915,0.7553043941735247,0.9127518079730343,2.7947161949986516,0.5996148632330431,0.06849553789361254
2025-09-30,0.6965360031725975,0.5192761454921361,1.585981126842082,1.6087346163305547,1.2290978391376297,0.2963939599667366,0.3933451227691245,0.7517326833172058,0.8517635657320364,2.7912877772672546,0.5982906694480116,0.05381817093592825
2025-10-01,0.6615532770622999,0.5276311401607138,1.6146275115778181,1.6255212049132408,1.1930436623158907,0.2734171996116694,0.3560586203495991,0.7611728070108242,0.7695181707097795,2.778064988241215,0.5548707081842217,0.03812952388374424
2025-10-02,0.6560868592413075,0.528846522972929,1.5896573102587754,1.6298886402450525,1.1823717282004509,0.21077704002024525,0.3316016297492093,0.765369555273576,0.8229878778749221,2.7843939183728184,0.541538147850389,-0.006860696756437505
2025-10-03,0.6575385608558169,0.5091883032599281,1.5814978120619059,1.6222514312487206,1.2092643873596844,0.2533619043967098,0.3531819923704179,0.7508518345202343,0.8631532289379815,2.7817052741594046,0.5549542041117842,0.0029548234374264437
2025-10-06,0.6572871576085408,0.49725729073877617,1.5942916272189676,1.60432634016194,1.3002599642275754,0.2670303634538435,0.3104567505866453,0.7475344672680592,0.901000823568462,2.7801861926817355,0.547689095729995,0.03674547878251383
2025-10-07,0.6235423348193415,0.5379878753260535,1.5624441881819935,1.5604514920003956,1.707742748973585,0.2550169284899724,0.3222658870495435,0.7529741949481878,0.8338851655815694,2.7578878045553865,0.5191296512694157,0.07368647466972796
2025-10-08,0.6126372194866446,0.5475827443400794,1.543436984160986,1.538580778708777,1.6149807257074371,0.26664021717903386,0.3686985326438553,0.738541282482728,0.7970492302851488,2.767695422860179,0.5373147965797492,0.11669516095597912
2025-10-09,0.5977223134386817,0.5206464977697167,1.4889866792329107,1.529022974970307,1.8057173184875597,0.2730760911294151,0.37761122578380235,0.786381905908648,0.7972533181211381,2.660055663332618,0.5592678660816539,0.2156760483708599
2025-10-10,0.6108818749071748,0.523713238734428,1.4716081417497358,1.5298466909317783,1.809875158839563,0.276262972807137,0.3591834674840741,0.7885466879625805,0.798581296547979,2.6274335017334995,0.5696070361733127,0.22546524591885797
2025-10-13,0.6996326612544315,0.5136112677663002,1.3956464284028163,1.5085883760314582,1.8846182862482324,0.37149969822094553,0.34227433207271574,0.7501680021312844,0.8929623913066803,1.967391297525192,0.9365066609216419,0.4138835668200376
2025-10-14,0.6714979280945605,0.4940290099845911,1.3778103502545314,1.6936262390482986,1.7425463498776042,0.3655936489358479,0.41847710292008444,0.6699805289731301,0.8779969963457699,1.9704623950024776,1.0407394690137832,0.4613009767461281
2025-10-15,0.6565763722640726,0.48194844886220556,1.431081097766548,1.724118104750998,1.6878126272725793,0.37251991653576355,0.4780836509688318,0.6151809927760136,0.9558103276490734,1.9807289434604882,1.0125673050494286,0.4543894567798652
2025-10-16,0.6749490458278335,0.46972220308351226,1.3966714457824563,1.6986723058582178,1.7664885280083849,0.3817646988341126,0.47700550431098443,0.6293255716999289,0.9901858874109414,1.966854642602103,1.0173765237460646,0.4781690797906069
2025-10-17,0.6798463180612067,0.4706991483998292,1.3864044331678076,1.6937383423125882,1.7625724324745613,0.38237362754331927,0.4645370335158391,0.6276861746272457,0.9925423058158915,1.9617277064700143,1.0123244383270629,0.5626847963802866
2025-10-20,0.6830021711423132,0.46754639968317496,1.3818075664962797,1.6893007605513437,1.7579078165553743,0.3834229314047634,0.46330732257929247,0.6309685231175911,1.0111698702246006,1.960601504011555,1.015963056520505,0.5644067748834612
2025-10-21,0.7224532501214622,0.46922442083252025,1.3589090398941743,1.662880559825992,1.7674783900189777,0.4210547023223394,0.519016870893174,0.6316271520189237,1.0356705154972192,1.8643773120013691,1.0316549063786864,0.5811290622644488
2025-10-22,0.7291243724448563,0.4739292576957883,1.351613968086685,1.6651917714219584,1.7466406329529838,0.41985996036684237,0.5123938264243515,0.6458989009236731,1.0530374808513894,1.8684707565793524,1.0218253542195506,0.5621303730101739
2025-10-23,0.7446402945568471,0.4572270593817338,1.3348570861385756,1.6521433129417402,1.7790318519675525,0.4274910668725525,0.5415637595254995,0.6369384657941453,1.0962727710977649,1.8539234740283397,1.0020637698985877,0.6430844170460478
2025-10-24,0.7350461909288122,0.4490783370913915,1.3251811579954598,1.6369279902954637,1.7726232391697931,0.4233803935773215,0.5250185389892481,0.6164493738867214,1.1141311976523591,1.860854269188666,0.9928686173500864,0.6489667810055587
2025-10-27,0.727165752902358,0.5004457360411139,1.3360424526690196,1.6209592439680047,1.8450370282508652,0.39389444450561867,0.48706508123566644,0.6118188158372048,1.0382593634472341,1.8648695981535204,0.8636599385963551,0.5551835659844034
2025-10-28,0.7007094116517623,0.49697676777840055,1.3717868245498634,1.665074364386403,1.8609842820501834,0.34331857753185174,0.41360607561212764,0.6102299221844678,1.0086138384978243,1.7939509652007999,1.155153071231525,0.5861618439532761
2025-10-29,0.722445370918438,0.4811364131438823,1.3869084414057835,1.6854803122837974,1.8585765038523723,0.4307973261506936,0.4081270378465122,0.600651333114621,1.0926412505406247,1.7780148713272845,1.1767864974139342,0.5636243177150777
2025-10-30,0.7201947161060104,0.462809982130776,1.4062049963720271,1.6973224382297796,1.863686593514186,0.3914163312293103,0.37489654219297486,0.5717222184709796,1.1320702243596699,1.8053029650800339,1.167788103454309,0.5709571310097744
2025-10-31,0.6437680393286512,0.524250591898902,1.420286635872407,1.6927341560049527,2.0128229533879978,0.3484916309458426,0.3161924337323532,0.4847195315567409,1.196740971501413,1.9148981443600785,1.1795953790954612,0.5441285992811372
2025-11-03,0.650333317198217,0.5255369701389907,1.4220675130129639,1.6973532425832154,2.0223236818825328,0.34388217770282054,0.3071919990982963,0.4860961814550384,1.1914424634254646,1.9057111990739237,1.1759975550557054,0.5430915675397862
2025-11-04,0.6098723102045727,0.5267480849279823,1.429498904678274,1.704123767246075,2.0462723979565545,0.3350637372491654,0.31362807295980455,0.465507988587012,1.197464011607588,1.9139706211303174,1.1756007670767428,0.5375635039062518
2025-11-05,0.5323424525369559,0.49358810163703226,1.4420659131758697,1.651642862079644,2.0011686236437134,0.3005509354961846,0.3495549380689297,0.5125829426091539,1.3910219712398462,1.8825525192223225,1.239406230867636,0.5060094886151614
2025-11-06,0.5299031029963449,0.4745617901489915,1.463050208006498,1.6483863102781746,2.039105657032012,0.2818105227507017,0.366443086349403,0.5062526280591134,1.3498917621242594,1.922368762840005,1.2150990397657877,0.43156351228995915
2025-11-07,0.5108803641106268,0.4972910483000246,1.4792287177299357,1.5806122701267054,2.1461150251314165,0.3361198019179756,0.4999065131965028,0.5154127394276765,1.3784745284778555,1.8747152892654062,1.2524172124547965,0.43559888190603646
2025-11-10,0.5124530325604785,0.4983994624886325,1.4781461202926627,1.5922287396631185,2.146281192890145,0.33315027745588416,0.4910735127459922,0.5077393296741984,1.3945930321478393,1.8847431715581384,1.2630898645095467,0.43851679662086374
2025-11-11,0.4779505951494297,0.5194113731999621,1.5392002839307792,1.546411055835716,2.107372605163241,0.35440944664121016,0.5250739715984724,0.4655979813069938,1.3396392929154204,1.8114190040761982,1.1948664852662825,0.4310864239637298
2025-11-12,0.4498315309036958,0.5064693652363103,1.5576617736768126,1.552409134955717,2.1206624449230023,0.3321871395007926,0.5043728294076245,0.4672398003943067,1.3528148695779705,1.8116932966870798,1.164723965459423,0.4281569555228031
2025-11-13,0.4587176801522626,0.4967850882385961,1.5415234036454337,1.5321960359329638,2.083046696923344,0.3775630790186816,0.5484177161308901,0.4834334871112859,1.5578080896927369,1.7477077321436223,1.1762178569391877,0.4791354751768662
2025-11-14,0.4169857076476103,0.4994149101696905,1.5398584082300284,1.5460083065320722,2.0667351971236463,0.35794218097397806,0.579524325464602,0.3171381942536498,1.55007204566574,1.7472238588667148,1.1251969332142249,0.47635350030260026
2025-11-17,0.4105606981981928,0.5041827445491833,1.547165810282783,1.5455999141269459,2.0556445355093063,0.35641371752061896,0.5849184174302259,0.3177067249427118,1.539776080691139,1.7564414864778948,1.1186060992235747,0.4731244614546151
2025-11-18,0.43165977127443184,0.49795997114866214,1.5373703974673931,1.505774335475778,2.0578273716679183,0.3487512855801814,0.6133467350618343,0.3196979337116007,1.5057932206534566,1.7301074006253372,1.1528164400194334,0.4691108186813292
2025-11-19,0.42105010894511213,0.5316724797483872,1.546660827874922,1.4733645342876989,2.0735231656549282,0.3393612801936056,0.6202146216397645,0.3221416878256934,1.4830752149378115,1.6655982369913833,1.1327006388575975,0.41826569962367
2025-11-20,0.4184458790213732,0.5235641171320112,1.5565761334404478,1.4897336304755624,2.0409183432257083,0.33522792935588364,0.609924486929522,0.3221005091370195,1.4953808990653452,1.6781037137812036,1.127217001869914,0.4174723182488141
2025-11-21,0.410124068242058,0.5206493972081757,1.500880532653059,1.4131240914077312,2.1065327880316995,0.34957982017944306,0.5661841905888172,0.4180309753962448,1.4920420336410742,1.716006944511562,1.13928789777733,0.43605624536212273
2025-11-24,0.41284704563909236,0.5138655442573907,1.5097096130682381,1.3934870766099214,2.1068983951179674,0.3675658455948654,0.5578686626947686,0.41290462368391073,1.5067166149668092,1.6891669938367289,1.1471706386117186,0.4539602357365992
2025-11-25,0.42495057535362996,0.5053422856554092,1.463298056271696,1.520280058508801,2.1021194738197533,0.33970692439447187,0.5590849463804178,0.3932706529056317,1.491134968612049,1.5798467049010072,1.1402970578709823,0.4705088221660581
2025-11-26,0.4155077093629553,0.510281803985418,1.4548095842633604,1.5394415837503304,2.1140358064992815,0.311749128599588,0.5579943700272265,0.3753794989655419,1.4950853611829762,1.5952592074600631,1.138684092422798,0.4667103741577096
2025-11-28,0.3959988126642152,0.5239219732838829,1.456193747701288,1.549982229709095,2.1329765538803866,0.29990182909868796,0.5221618112486888,0.3687079568486843,1.5095566316269247,1.625976255167498,1.14416979747325,0.49553679907965836
2025-12-01,0.39500758327387825,0.5295435853950562,1.4360594603380288,1.5477533514905617,2.1345210079527503,0.30891704182504154,0.54453155658984,0.372823850449023,1.559064573430305,1.6110712997908783,1.1465803329173556,0.521256464359436
2025-12-02,0.3936536605945652,0.5290392893799669,1.432940032234554,1.556847596350366,2.1298089737766706,0.30882585514049776,0.5450822360078991,0.3730606961127288,1.5602704379698955,1.6137990505199047,1.1466190693712415,0.5214136355213452
2025-12-03,0.4047391068571491,0.5289377705495286,1.4297264376567087,1.522338621432455,2.101489497217756,0.2922700722203837,0.5465599848669743,0.3802527609863292,1.6213472822285955,1.5950749395304522,1.1535749414656808,0.5607475882300216
2025-12-04,0.4045981061514801,0.5267300657853979,1.4280927136895785,1.5230696518077926,2.100835771485187,0.29391891872101433,0.5480653636382619,0.38081532265541806,1.6214734465837561,1.597349984209239,1.1560421717548761,0.5644484200034195
2025-12-05,0.47019102356339376,0.5347829167777028,1.4103677354013229,1.4143424143258736,2.1236148800622536,0.31928187179614587,0.6324330083399496,0.3751917324770458,1.6371121686887715,1.1430457532508689,1.1847786704067014,0.5847097037945533
2025-12-08,0.4605617015305876,0.5359248074239998,1.4028918332180802,1.4290956733291105,2.125352887991516,0.3486661972409075,0.6573216879028131,0.3760511029722252,1.6431298994100931,1.1638157720816376,1.1788704783983408,0.5904253144715043
2025-12-09,0.4587732050311058,0.5472235050192027,1.4087354996221633,1.4392065742718119,2.1269841120321984,0.33596316614768623,0.6497843213953327,0.3758994012394528,1.6132265263835535,1.1616537304307233,1.1766888526111021,0.582284879880641
2025-12-10,0.4543992194933763,0.5421539212435712,1.4167428882008501,1.4411284232032542,2.130231736076381,0.34425359227348773,0.6554760467370302,0.37528152629980593,1.606923628953761,1.140729515752503,1.187231932081006,0.6025039335786844
2025-12-11,0.45763613858258284,0.5285018692346564,1.4079703390990783,1.4412136840714196,2.1261270669093744,0.3514252051442417,0.6527626939423122,0.37578549344138373,1.6141321768252677,1.1555824895924112,1.2073670724836298,0.6054354419575587
2025-12-12,0.46060924129972775,0.5217451675749932,1.40278625070385,1.4305157891668716,2.119128655830173,0.3497056761346207,0.6620467726337018,0.3890213574525519,1.625600512319531,1.2176163440600565,1.2119468645967517,0.6114815563446843
2025-12-15,0.44782405001712833,0.5190186489584053,1.3611147355825854,1.6913586725935186,2.1605346464238284,0.2572734778011516,0.6158447100716175,0.4066677288167845,1.3712275347278993,1.2635072094701958,1.1642836452635874,0.5980093534876835
2025-12-16,0.4378234624290212,0.5072904223168909,1.3505361447945474,1.744548233998521,2.183805928042128,0.2735538069956492,0.6342782475230271,0.41078025397294743,1.4126989894503519,1.2379315724562652,1.1665423130512926,0.6155103179033273
2025-12-17,0.39535597580133647,0.5224286680804567,1.3257902965639285,1.7942167239052185,2.2055594441789,0.28173774295949633,0.6321360249870571,0.4265084184644808,1.4725190380465643,1.1764791096986706,1.1624588653371435,0.6229315280809045
2025-12-18,0.3968885757383486,0.49408287895216046,1.329922559321918,1.817193810763486,2.240076866485904,0.22661697399519878,0.5672052676002065,0.45083237179163366,1.5051372067915,1.1966314473495563,1.1609915716266792,0.6438195552229361
2025-12-19,0.38508414116649553,0.5104858156956237,1.3286805358163718,1.8039696869086723,2.215259995060349,0.21420266245834607,0.5575560106663134,0.45406333951854844,1.5169270563418384,1.1959913452091944,1.168296965186711,0.6545050027402045
2025-12-22,0.3816892249849961,0.49928979850361616,1.349017705529673,1.791755812423474,2.2320453383738466,0.20689809244137722,0.5454102263316134,0.4678431546119652,1.4998147524829266,1.270582626823416,1.1314786280398104,0.6303891161611767
2025-12-23,0.3798786134785457,0.496864583036751,1.3518949977823405,1.792817208598819,2.234970819696082,0.2046312031399902,0.5479275356596386,0.4682632284304632,1.4872033154685094,1.284851067439057,1.129961905914236,0.6313072569532108
2025-12-24,0.38348207981884147,0.496021741401259,1.3556765481983493,1.8096869448853319,2.230006563595673,0.19987660471931448,0.5433622345870855,0.4648306740200449,1.4983212385467746,1.2795745113131,1.1402539014917552,0.6301595081919986
2025-12-26,0.3848965207349617,0.4943347120660713,1.3471902945446719,1.810904401592957,2.234009879065415,0.20800216006466613,0.5593233097484681,0.4620309588918106,1.5114336205388605,1.2839802200396955,1.139826814790465,0.6300067954146404
2025-12-29,0.38580013018652487,0.4944226576411063,1.3550372753176374,1.816691224337071,2.2424150887591905,0.23014778293318533,0.5692589007214751,0.46320849340761394,1.4688860274968938,1.2677460429553031,1.1479017024168294,0.6483925570130089
2025-12-30,0.3834041051198218,0.49738871859816997,1.3565984432815508,1.8146246930860177,2.23035825149954,0.22166538184975276,0.5649575515916403,0.4697713216120408,1.4475987922237776,1.2683129779714744,1.145839693435012,0.6463371178936568
2025-12-31,0.3861196926843699,0.49945402711717296,1.3565238596413458,1.8169940450702708,2.219342664856681,0.2162693830778877,0.5686668298089024,0.468924423976175,1.4388522238917398,1.2641513858939315,1.1479240949393792,0.6427416412347619
