date,AAPL,MSFT,NVDA,AVGO,AMD,ADBE,CRM,CSCO,INTC,ORCL,QCOM,TXN
2021-12-08,0.5175770802405911,,0.22830049484563492,,,,,,0.41411022520417623,,,
2021-12-09,0.5916572561973051,,0.3609284369012825,,,,,,0.3178700271239823,,,
2021-12-10,0.4871011733368772,,0.4055740520689871,,,,,,0.38661448220021594,,,
2021-12-13,0.5285436739826069,,0.3344082130957295,,,,,,0.3588881565348566,,,
2021-12-14,0.6316646139982192,,0.4857741312553533,,,,,,0.29484511512445993,,,
2021-12-15,0.6440570096988516,,0.47924032274024586,,,,,,0.28692030463751095,,,
2021-12-16,0.7044499601140577,,0.23800221705088143,,,,,,0.32456503012211896,,,
2021-12-17,0.6854039579235003,,0.41001059647889265,,,,,,0.19191653081125365,,,
2021-12-20,0.5176773870663264,,0.29177776000655564,,,,,,0.23160440644216096,,,
2021-12-21,0.5179234353739749,,0.424910717725077,,,,,,0.22330327558263402,,,
2021-12-22,0.4586142758145252,,0.22341650825336729,,,,,,0.22637468964188728,,,
2021-12-23,0.41369955382793966,,0.22447265200046315,,,,,,0.2386581862384088,,,
2021-12-27,0.5840878035717053,,0.28968880768408084,,,,,,0.18828814135138908,,,
2021-12-28,0.574391162905269,,0.2031370180194057,,,,,,0.19718642994850077,,,
2021-12-29,0.4155069674391149,,0.38483983260422105,,,,,,0.14760668870354074,,,
2021-12-30,0.46351580690787714,,0.327655184976167,,,,,,0.172866906068532,,,
2021-12-31,0.6150841035712721,,0.3341608558493569,,,,,,0.2317906996938606,,,
2022-01-03,0.5901336251582667,,0.33316218692132804,,,,,,0.2725842853685589,,,
2022-01-04,0.5376166827720926,,0.265993792281055,,,,,,0.3198592934968973,,,
2022-01-05,0.5173629990706505,,0.3074033599162202,,,,,,0.36912186980551853,,,
2022-01-06,0.36910807526833117,,0.5167109368839736,,,,,,0.2629517510073346,,,
2022-01-07,0.3420471279312914,,0.4083537367884844,,,,,,0.30675286709532,,,
2022-01-10,0.23844678974966582,,0.49261572193499736,,,,,,0.3386651422857437,,,
2022-01-11,0.32502789371559654,,0.3778947876314204,,,,,,0.32127456795175574,,,
2022-01-12,0.3074673147311472,,0.23956464413793876,,,,,,0.35340186821124236,,,
2022-01-13,0.36314687705668425,,0.2694105331752441,,,,,,0.37389422801162486,,,
2022-01-14,0.41368590800681326,,0.52932425783108,,,,,,0.3123694097146687,,,
2022-01-18,0.42011466382594637,,0.39569210054768594,,,,,,0.44524634191547663,,,
2022-01-19,0.32176028039651244,,0.5232521188726215,,,,,,0.4763310658619369,,,
2022-01-20,0.29994381857497393,,0.42436069458133124,,,,,,0.29835949357544944,,,
2022-01-21,0.19152078069706793,,0.47209442777740934,,,,,,0.3271658272372202,,,
2022-01-24,0.245840872068802,,0.5138770680536554,,,,,,0.25430710992143124,,,
2022-01-25,0.19475448587053815,,0.33629133916575044,,,,,,0.26006624965554126,,,
2022-01-26,0.2345885884910359,,0.632901769735698,,,,,,0.20920614580071248,,,
2022-01-27,0.17483307517137003,,0.4741246904307854,,,,,,0.1818494002316081,,,
2022-01-28,0.13317644676559406,,0.5331453966657468,,,,,,0.2236146552597065,,,
2022-01-31,0.10850899660903361,,0.2323150001702942,,,,,,0.26542886428984064,,,
2022-02-01,0.1070386232213421,,0.3026991739099143,,,,,,0.18391091660842526,,,
2022-02-02,0.10710297187288871,,0.44803032360397255,,,,,,0.1775130011599098,,,
2022-02-03,0.1277628649621514,,0.3983932680546717,,,,,,0.19629741537217404,,,
2022-02-04,0.21928955969207925,,0.5866587862466061,,,,,,0.2112758008808071,,,
2022-02-07,0.33000097353877356,,0.4000261062252635,,,,,,0.20709013967287113,,,
2022-02-08,0.31879290069253297,,0.45774807369393905,,,,,,0.21791656759541542,,,
2022-02-09,0.2725815389691562,,0.3510115984516387,,,,,,0.24793597441587706,,,
2022-02-10,0.2530981061385197,,0.28720257449577913,,,,,,0.25986090926497046,,,
2022-02-11,0.2920075498947026,,0.5800248251250156,,,,,,0.1884536421473947,,,
2022-02-14,0.19300998452580084,,0.5282403150369386,,,,,,0.18541099739641825,,,
2022-02-15,0.18723946782798326,,0.4258004521603255,,,,,,0.20371460092307922,,,
2022-02-16,0.24983711915429982,,0.13926173146796528,,,,,,0.25692387487644014,,,
2022-02-17,0.21780681091375853,,0.17614733096371035,,,,,,0.2718689294565858,,,
2022-02-18,0.26071584854575003,,0.23810667803056107,,,,,,0.21867090449115092,,,
2022-02-22,0.3976851316947852,,0.20509722729702193,,,,,,0.26833852257095464,,,
2022-02-23,0.3851108147567735,,0.21163934960994993,,,,,,0.2422594750585934,,,
2022-02-24,0.4002739637338828,,0.24581064237859865,,,,,,0.2398772329562885,,,
2022-02-25,0.46530048218538544,,0.05791088235842231,,,,,,0.2723263384323923,,,
2022-02-28,0.48374133210681813,,0.20940823320234822,,,,,,0.3157662479378486,,,
2022-03-01,0.3644768974792168,,0.30523533581260964,,,,,,0.2848248158586424,,,
2022-03-02,0.26322019821865844,,0.4965692890331854,,,,,,0.2554111453266842,,,
2022-03-03,0.2805405527364331,,0.3274916268805982,,,,,,0.25823746500459194,,,
2022-03-04,0.21293189759769646,,0.5262381095068416,,,,,,0.26101345528686265,,,
2022-03-07,,0.5440434583782625,0.6034451946144657,0.2724499203238611,0.5070437986187544,0.5885906457805077,,0.5183732797498816,0.27960821908072625,0.47925325525297985,,0.3705705310746579
2022-03-08,,0.39858284154154333,0.5775829736790009,0.4435700768965797,0.5973213531859369,0.5496310244717346,,0.5408752482050317,0.2210806460650267,0.45823586837280367,,0.3431088363875713
2022-03-09,,0.5402332771489451,0.5931735920375404,0.30854287593808033,0.5948775586142007,0.49103871858494147,,0.6295236706212775,0.204157277348674,0.5452573118005292,,0.41630138766343755
2022-03-10,,0.6141548350901711,0.5180984938511028,0.4923558553519635,0.5255225451008192,0.6591821010806065,,0.8281537606668722,0.27438555453903135,0.6582281997355836,,0.3748445761262135
2022-03-11,,0.49767620319252326,0.6883239673782087,0.3407499503150233,0.4343364164260599,0.6195982612660876,,0.5965461911607133,0.2686110072454288,0.5345372002767562,,0.3948447411615137
2022-03-14,,0.5388345925049132,0.7708468324709493,0.5367116565693546,0.4845815193753578,0.4530379028542552,,0.645296061119171,0.3231360958654109,0.5492786928072619,,0.2554523828512662
2022-03-15,,0.47066842158855815,0.7492726331672732,0.483844353179877,0.3787991029869936,0.6683240059845217,,0.6143007716718126,0.3737784152919938,0.5846001946202021,,0.19498744375925084
2022-03-16,,0.5595482367611013,0.5477297067163286,0.5436957021913067,0.38232150844113666,0.7403142266830339,,0.7636021058382403,0.3609707317258211,0.6930035097952314,,0.15591855361800389
2022-03-17,,0.6291022172000333,0.478154679953318,0.6965284858903306,0.40351262410678285,0.8751235413239455,,0.7068373005141679,0.27239722197201355,0.6564636798896005,,0.13203499358450604
2022-03-18,,0.5186403203097035,0.693649555417773,0.7216744920657928,0.2904364791837371,0.8270274419329562,,0.6835560230934085,0.3165330981671132,0.5350313442369604,,0.19387248599980242
2022-03-21,,0.41255599873792986,0.611570960188777,0.6672615592437554,0.3025090111019486,0.7655102897413468,,0.830100578107308,0.37790723828584344,0.5708665135159532,,0.09926821013215295
2022-03-22,,0.37376087633758737,0.7843667826374043,0.7347103483190309,0.3037293580788052,0.769036780380137,,0.7497421414543239,0.44824653499553824,0.3476414368145319,,0.2146753998298797
2022-03-23,,0.5616289857994763,0.6074920232545,0.7957700524162342,0.35782018573707386,0.7951349003994944,,0.7288918998861019,0.4089055292135869,0.3647745211313312,,0.17218190454417998
2022-03-24,,0.7581372881022104,0.6896070571209109,0.8372050836765954,0.5318160621167977,0.5215792903082471,,0.6162679522637015,0.4336419870663789,0.259109105348648,,0.19835986129660238
2022-03-25,,0.8141865647445677,0.3630846814087032,0.7050840095304848,0.4624027074814878,0.6507175438885154,,0.7279500637040662,0.26169431143506244,0.349143732105086,,0.2687950943291117
2022-03-28,,0.8151900030384432,0.5512310371289677,0.6652694478585865,0.5037241427700545,0.6376167349805048,,0.6230066173582475,0.34905155573259417,0.2921914395376191,,0.3316930557146265
2022-03-29,,0.7858314473009967,0.6211909838336453,0.6613424815116143,0.5908504883294065,0.6630345599150854,,0.5682459397137724,0.41210658746448287,0.29369950323960975,,0.23307432881896942
2022-03-30,,0.8210441512473409,0.5717171667401738,0.6667829505362829,0.5622027056396043,0.6454078976117187,,0.5550901847643481,0.4486249793507667,0.2868409439198963,,0.26186694654603115
2022-03-31,,0.7121818744489361,0.6436621499171391,0.5033170027661853,0.6182323639585087,0.5638650493352233,,0.3615104481314615,0.49677896915862535,0.23584433727602838,,0.2902089200588622
2022-04-01,,0.8358438229531614,0.6105232335056868,0.4447305302949158,0.6523139472896187,0.5183896795907101,,0.42337941055930606,0.5451984964408969,0.28652177804943074,,0.3769046302099334
2022-04-04,,0.8196729434978459,0.5988720313263273,0.5887196188232272,0.627712785434768,0.682074477071154,,0.5559125510997962,0.5797441805322863,0.27938917051722445,,0.5377105814903619
2022-04-05,,0.8909577451867552,0.6017576737720843,0.594610649325806,0.715712324144713,0.6544831264678602,,0.5714995440125319,0.598810728211398,0.28511193673399926,,0.36877414083270094
2022-04-06,,0.8795006443376449,0.6933917500039761,0.5885046523332094,0.7695498632364932,0.6694057257285264,,0.5184237463211268,0.6503011957139462,0.17068546161041484,,0.4732176294070755
2022-04-07,,0.8347678519318859,0.4923683292195994,0.463025095416484,0.7415430411492153,0.6543483510011608,,0.5059382932503806,0.5319897187963526,0.1971445431750687,,0.49689127311686176
2022-04-08,,0.8211125245132551,0.5572363037491391,0.5346940237156351,0.7042995183696509,0.7010447612486569,,0.5341393643377207,0.5398474239172913,0.23591156397598653,,0.4121924114947294
2022-04-11,,0.8467548979545502,0.6397046067252768,0.5482509034860313,0.7431057431229109,0.5964093576255387,,0.4960831064748643,0.5340712428067468,0.2262032787510937,,0.36924509544198486
2022-04-12,,0.8580663313200676,0.623989015495006,0.5175278677347447,0.8002156575785533,0.6358264617220013,,0.5264275826508463,0.4878428215031101,0.17570357707714182,,0.4005875228423308
2022-04-13,,0.7223551029660469,0.5523227377021513,0.5289948897281952,0.7900701161491325,0.6123848397077187,,0.592688186819399,0.4503557690354699,0.3324193676363286,,0.38400928494772507
2022-04-14,,0.6624994293017304,0.5916868177423901,0.5125163129575212,0.7505649837653238,0.5415411674167263,,0.6543833951944107,0.4655176495590168,0.38435585671948086,,0.35668507965654817
2022-04-18,,0.5608825920695434,0.6079230930923246,0.39746402960687416,0.7171990594625556,0.535970944509959,,0.5601881124784507,0.472837273889642,0.30460123916897813,,0.470784961872522
2022-04-19,,0.5107428673719109,0.5846648987730334,0.3152337166941859,0.6550951034486597,0.5298468474567264,,0.6330253900295144,0.3991795537931475,0.39426402743510947,,0.43417456423026635
2022-04-20,,0.5276067922948982,0.6494871162623973,0.2980680044619547,0.6282308354893775,0.49043741217841413,,0.6526505074059957,0.421032079517684,0.41986567582072754,,0.4227369869805244
2022-04-21,,0.31547057376518844,0.6541270797303369,0.31869519612344344,0.5912363184813789,0.3830107486502322,,0.716338016185385,0.5164988419508888,0.40579851260866956,,0.40196103867900546
2022-04-22,,0.4613084901993444,0.4690360230950697,0.2702680446787582,0.626547853182747,0.5042027727125907,,0.5662881208686639,0.4661807515264675,0.34744184972851827,,0.3776375616640966
2022-04-25,,0.43703509871009155,0.5111041019895705,0.2632840447871176,0.7019198826732979,0.5489620896845934,,0.5088035112622187,0.47869201511981024,0.3137219819600193,,0.45782602416945184
2022-04-26,,0.49882008389022503,0.4103655945925877,0.42076665230617605,0.6624921813512993,0.5143343678296841,,0.7189517608001772,0.39972343331805194,0.43965799098962416,,0.5129614466459811
2022-04-27,,0.4573868432945102,0.6397699179061623,0.3069723016546926,0.7091423185409413,0.5098131440271848,,0.5864741519174433,0.3937849118862852,0.3236276516639506,,0.6261972000214161
2022-04-28,,0.14379708680802888,0.5409299269293084,0.36933498504761847,0.6302976606202638,0.44398266092414784,,0.7873344619631506,0.3940834909997154,0.47069254817355766,,0.5089277104709549
2022-04-29,,0.5712081336489998,0.44898510819754306,0.3527977520263797,0.5690975388433467,0.4683087630397554,,0.8183920309135202,0.3227461295128779,0.46281225460416225,,0.5511696514179529
2022-05-02,,0.2735396666364887,0.6902627215018087,0.3213175436117309,0.558288991986284,0.3490218874313729,,0.6575784152232108,0.3644187307325037,0.27963740981667073,,0.5118690062089712
2022-05-03,,0.3688571751517223,0.5763078719645306,0.4275102739356677,0.4733842906657449,0.5728744986371191,,0.764904905851491,0.27809274733233413,0.38689775331028514,,0.6905953523719318
2022-05-04,,0.30259996877252476,0.6480241207292589,0.3280800049156056,0.33624896117779945,0.4416828544285431,,0.6957792051838914,0.3306970304653779,0.40260973607597644,,0.6027976791605012
2022-05-05,,0.12100734845460331,0.5126581803481027,0.2776489612819046,0.25880297538037267,0.5201374188555185,,0.7261466584964872,0.3361882010711177,0.40441960896610357,,0.48020318058696415
2022-05-06,,0.12242540549598303,0.6921750787279575,0.21958473139016915,0.4069564967770185,0.3450368426960603,,0.4871549376971861,0.4268350387362444,0.2205223319198905,,0.652710223828102
2022-05-09,,0.1296968537673879,0.6177582520635718,0.2624163383645382,0.3445787057651705,0.32767160725551153,,0.6760416852178567,0.36835496530577644,0.3252790528690372,,0.6936067880867631
2022-05-10,,0.11969828249392088,0.614558766371823,0.2535815927684576,0.35655499440305366,0.421988116258962,,0.6616395056117923,0.34960927398949904,0.28847187428215515,,0.8062516016994982
2022-05-11,,0.3309632033301029,0.48203469856881304,0.4160383521128691,0.4126643069185312,0.6741675991770983,,0.7355028011331489,0.31933651679325625,0.41700620356603335,,0.8599727272939626
2022-05-12,,0.487621248340019,0.5846402355542455,0.5007955872429628,0.40813442259779364,0.7099925261538067,,0.5549657938785493,0.35703011124701833,0.30325144419479083,,0.9237420664567537
2022-05-13,,0.3724129712183752,0.47631043219982544,0.4613549853077897,0.26113602645486855,0.7996994387032171,,0.6213936104764856,0.2967528015432659,0.3760783762106779,,0.8930517270394369
2022-05-16,,0.516360687137522,0.3926645976383387,0.5534754759676127,0.23235231792787772,0.7817072231070366,,0.7444542796504864,0.34493901674696004,0.5193606120714396,,0.8453753971610171
2022-05-17,,0.23011826537959898,0.643383554170017,0.44590767821573146,0.19923166444205068,0.6379759188050801,,0.6611272168194515,0.4749593841010346,0.35793174676330874,,0.8184154978703022
2022-05-18,,0.3955853882697362,0.5470281882960166,0.5104374447068909,0.1481021289316647,0.6550892533510144,,0.8703493290388664,0.37170395223722275,0.4595426592071816,,0.8014782775362286
2022-05-19,,0.169950514321057,0.7278453815052146,0.41822194994026574,0.1925811282348774,0.6060906134276687,,0.7852299757068828,0.4242628524009189,0.29369440549621634,,0.8283874104230677
2022-05-20,,0.32685979546500105,0.5669241690944211,0.738980076319599,0.1094026623676809,0.7331116459433371,,0.9593673577089034,0.319813305911815,0.462813401369981,,0.8611905194120011
2022-05-23,,0.44928267523246995,0.4924078907036968,0.8002116403256061,0.18797828633875346,0.8120499407366248,,0.980077127131971,0.2884397117616287,0.4720856742878129,,0.8345855687092014
2022-05-24,,0.3598711974181681,0.42001647302855283,0.9367382207003971,0.15142758428892253,0.8298715878598955,,0.9798914416334628,0.309979309992807,0.5645196933880933,,0.6759663838623297
2022-05-25,,0.6185314051226206,0.5996356513490663,0.9188581914170268,0.28349967561133144,0.7832891944367789,,0.9651626789596116,0.35268994107667145,0.4328175551887549,,0.6638520340005575
2022-05-26,,0.724899439910916,0.4676427663613071,0.8429661295133904,0.23378491371384885,0.7980629494124275,,0.9257898839812224,0.3119072137016916,0.5814245199359195,,0.6286500022260504
2022-05-27,,0.7795652994353924,0.31511423841725955,0.5700968393956877,0.25205609678670826,0.6817873403323057,,0.9100593371668797,0.2796577162169373,0.6256204563720065,,0.6402345124695343
2022-05-31,,0.7544082481488028,0.44266497201276883,0.4132112336758824,0.25941012178344663,0.7357687016170696,,0.8580159222228406,0.3883191032280281,0.5805958464697866,,0.43778935988951617
2022-06-01,,0.517415017694027,0.579105872225428,0.2830876285262132,0.33967319791326833,0.4679815071071752,,0.7995522522061229,0.38663206708607656,0.42632993418486326,,0.35078234938553576
2022-06-02,0.26861956773244333,0.5482670460064494,0.5702528120682461,0.5869882199073997,0.37758688248774697,0.5951675682475529,,,0.35305238258092575,0.42835317852966687,,0.43012219854319794
2022-06-03,0.1740807848489244,0.482213181911495,0.34601669657378753,0.6796289668123306,0.3842425069996731,0.6940297390158624,,,0.2965783870551158,0.4336535277202302,,0.5624925852134399
2022-06-06,0.35755625015637965,0.5763303119698634,0.5287290940547743,0.6314479927990932,0.49219940997558526,0.6391131973836685,,,0.36259301934291854,0.36044051363278096,,0.5724432321185695
2022-06-07,0.2898768407672996,0.830163872077477,0.6557363187243082,0.8130656365010537,0.6723699860755553,0.6245805204788333,,,0.3735194648207503,0.3628187022607495,,0.49401620917298933
2022-06-08,0.2460920621473424,0.8073145023252613,0.6467261428233213,0.8126478940487247,0.6364361921830796,0.6439486609753335,,,0.4430388623284414,0.39448610269986656,,0.5314891825895182
2022-06-09,0.19070160587966012,0.8392957617758596,0.705163318917834,0.7177055471672781,0.5977095899425242,0.49198988285160866,,,0.272054195124905,0.40335967040971243,,0.3497850293166772
2022-06-10,0.40047706711851544,0.8665664209559586,0.74841413981925,0.7240119834601763,0.7824957870446339,0.2568860946129927,,,0.3509905322107473,0.38352783228736637,,0.47436428641226475
2022-06-13,0.4545951962833696,0.8186100306794104,0.6876094278991177,0.6808728943549951,0.7767660591168767,0.45452626271351954,,,0.2943607567952511,0.32499366619016884,,0.5653956906802159
2022-06-14,0.7157592909059339,0.6866362622900618,0.645556695549042,0.6234985248463013,0.8344117423670556,0.3709579276392636,,,0.21955039270768292,0.301634933577128,,0.5831210411921711
2022-06-15,0.7133279543237036,0.862996599265714,0.6041614768498543,0.8156359737348137,0.8478142702097452,0.5145090782744777,,,0.19564616477059957,0.23190945358119525,,0.69491257885994
2022-06-16,0.5948501924322062,0.839226114148208,0.445909025661257,0.8825963712246668,0.8142381865565481,0.5479255873368436,,,0.1285634383154957,0.4591779633257548,,0.7495565450938453
2022-06-17,0.7568322373844616,0.7868869414941194,0.5670494184506937,0.6122364866210175,0.7851649777960185,0.39337909963491746,,,0.17235534882782635,0.3185169327174064,,0.722670882116103
2022-06-21,0.645275036207413,0.7310462370056493,0.5114754824613561,0.5266069922424748,0.7381665837577029,0.6457703513551976,,,0.1266541105679684,0.43432049427279196,,0.7246125682770285
2022-06-22,0.32162202424712083,0.7129111503392438,0.6391540563667168,0.65716447641873,0.5810689978930895,0.6148066815029731,,,0.18846715786842536,0.5272614946426127,,0.8206963314542473
2022-06-23,0.4580861860717766,0.6842052306724862,0.7696722753004577,0.3522997629402726,0.5580305919459018,0.36712103054129375,,,0.27126636670128806,0.501549421204531,,0.7492408233059352
2022-06-24,0.4517474016971395,0.6769740634558175,0.5473764534339187,0.4876854007848624,0.48947718200765505,0.3673914296702432,,,0.25831045694858373,0.510221344595982,,0.7637550374971375
2022-06-27,0.2916981119632956,0.4561495492375662,0.5238661547947344,0.47632178838687994,0.2752936106354364,0.5739085925785528,,,0.2425147593741283,0.45120858723322554,,0.7661779537160207
2022-06-28,0.5226222746914762,0.41548945847257535,0.6494038397788298,0.4891606967951597,0.3176042168185422,0.49822951961786266,,,0.28653691599417636,0.4444315661092455,,0.6651880713908183
2022-06-29,0.6923638822585181,0.37849198366892145,0.6150764016286975,0.5497437575852776,0.33114815687414934,0.48043425155206376,,,0.19722257833201534,0.43153960399069946,,0.7255797554333407
2022-06-30,0.6180716809077399,0.40031661997839696,0.5360044126653758,0.6797139682505099,0.2915201349442963,0.46792870385510393,,,0.15595893226713795,0.45365621096850955,,0.6789222796999929
2022-07-01,0.705631612843745,0.3136466941341523,0.4063323863102241,0.6765192923879404,0.3152560124328847,0.46195100026832236,,,0.14892772266372215,0.3597768869136781,,0.6616354366876567
2022-07-05,0.5145600123967747,0.42547309367212244,0.407039019071842,0.6153524792875168,0.3230874777425144,0.3955546482365129,,,0.11205320558903223,0.38742138103650653,,0.5669279215404617
2022-07-06,0.5792725627092083,0.4275832431646941,0.39094637634486645,0.6676363741839799,0.3293395606820188,0.4594221380562526,,,0.1418352093297328,0.37274429824488814,,0.606184692368704
2022-07-07,0.5096074545549033,0.31457693407719955,0.5596291968476569,0.5762061698059476,0.25941656914617744,0.42919872516026913,,,0.1577807349859831,0.4603127573342119,,0.6505418535909392
2022-07-08,0.49451889851456465,0.43017834368481483,0.5822592964958063,0.6717457368176086,0.28699644676555197,0.5687121332627587,,,0.1312601133313372,0.4438878702650783,,0.6824721221573823
2022-07-11,0.4665816003411839,0.28686081037950856,0.6273109533680041,0.6455654679313332,0.2105813259454179,0.4314425273173218,,,0.267221286391608,0.40047625079013704,,0.604788637571751
2022-07-12,0.6196072915418072,0.2460608728508661,0.6973201341871974,0.723284540570095,0.25018744469571136,0.5021564932245495,,,0.26549303013640213,0.3237271504342656,,0.5342459144698012
2022-07-13,0.6058899654098637,0.391439778839765,0.7279367011383514,0.7837971004547807,0.3948820350162681,0.5072918604349916,,,0.28623515292373336,0.3146578572241897,,0.49294373219885756
2022-07-14,0.5916441656851725,0.47138121614197304,0.707642200689887,0.7880715267425688,0.5023841991551858,0.49765343093774744,,,0.3326300327743261,0.2587482545671737,,0.476368822000614
2022-07-15,0.620556217305768,0.5938125416013169,0.6758130350210342,0.8245334134584806,0.5418435902866569,0.49372170831766654,,,0.28604329866613926,0.4707311337729997,,0.5262405857311514
2022-07-18,0.43529155021455757,0.6194579578043733,0.6516287646597526,0.8417240031320082,0.5540055802929115,0.4874571037769703,,,0.27026950739085104,0.40254561820709833,,0.5364209113722326
2022-07-19,0.49595161387697967,0.6188677257382574,0.5991293921912422,0.7227956471737115,0.6414421636598924,0.5691992966342715,,,0.35871839184766724,0.3698726739507999,,0.3876410389251403
2022-07-20,0.3614838086809978,0.6759251545396106,0.4671636745433035,0.7715961205962842,0.6169856515271323,0.7521089041200204,,,0.3123224114062619,0.42689410398240735,,0.356114438778606
2022-07-21,0.5072172381732633,0.5953038364165544,0.37999026804498925,0.7615851778351408,0.5873411238613553,0.7523932142849795,,,0.40056230723425534,0.43759966871923867,,0.31765296752484923
2022-07-22,0.4759798430631159,0.6247914601748988,0.5828135023074212,0.7446359482447743,0.681211690740881,0.7263368701434817,,,0.48938780957781974,0.400047991656104,,0.32666434224786617
2022-07-25,0.5756272454244892,0.530961558294723,0.5716942222004687,0.5588540796278049,0.6761668527282979,0.6787819104844405,,,0.47142977553421644,0.373548816226002,,0.3671062023122128
2022-07-26,0.43535593178992604,0.5739823905800384,0.5487173624494815,0.5328056508604351,0.6379225625205694,0.7076474252670727,,,0.4164256014111601,0.46470506483768226,,0.4203048943941089
2022-07-27,0.5993553353214537,0.43900258224903493,0.6077027210921816,0.43844589159998376,0.7101869887588439,0.6190329289531805,,,0.4251776386889327,0.4694342944047603,,0.4213500347093311
2022-07-28,0.42973131360187694,0.2789006588507437,0.3745866455572517,0.606825203610164,0.6915169965776848,0.6186243142301755,,,0.34344532430482877,0.5345600877316702,,0.35438530298953
2022-07-29,0.4411335983292948,0.34892600300408116,0.45039377722842977,0.5252708886548297,0.630631320816702,0.46892827742028714,,,0.3563529808438821,0.45040235313611504,,0.2831292384326954
2022-08-01,0.25921763363677913,0.40176070398777947,0.5756598422615573,0.5287145476365236,0.628761783483375,0.49523729934849964,,,0.26951315079630955,0.42023952712732277,,0.19231955584786647
2022-08-02,0.35722071031954766,0.44131823116389934,0.6008595529929842,0.46620182422402867,0.6249395830910435,0.48241941777680536,,,0.45530465847870344,0.3980734798889131,,0.22418120478509632
2022-08-03,0.28725790157782727,0.3714882663893098,0.6279917455459629,0.4161333155292638,0.6012680636218618,0.5205853193605601,,,0.5013963219052857,0.41324464011433815,,0.19118972226330283
2022-08-04,0.27911433173101396,0.41122253698038164,0.5576262490658724,0.4637248075534977,0.5034257988938282,0.5633689327027777,,,0.48238416144608515,0.4794345897686369,,0.22499742610381662
2022-08-05,0.2806037740444416,0.4415269536005163,0.6471396238007345,0.47471531580256493,0.5918158410466574,0.6130218712333152,,,0.5035708632091587,0.41203297935730204,,0.2805384173742364
2022-08-08,0.3866673711937003,0.5056474993100745,0.73517942882322,0.6276832239400257,0.643962145445668,0.577833922630643,,,0.47402819732623913,0.3955528414895767,,0.35286423352417473
2022-08-09,0.16747009348429812,0.5223303429045121,0.21872199964935354,0.5863924371285757,0.6006407311249573,0.5465436063643635,,,0.5472820146615639,0.43559676150645793,,0.35301728142068267
2022-08-10,0.15440129469917713,0.4473101546010447,0.4508422412440675,0.5321672317450445,0.5850437578165238,0.5030042269443995,,,0.5441617502220915,0.4373623907248278,,0.3028431465664492
2022-08-11,0.14519195808667024,0.5678156204478764,0.44564765131439915,0.6959622206665904,0.6840270219521022,0.6101899611112817,,,0.5401671481083007,0.5018960116682384,,0.316179434359925
2022-08-12,0.15400240640023144,0.5141984795928016,0.6001102717864305,0.6228899912655502,0.6796126413820307,0.47520488274575995,,,0.5870422879742402,0.4459876739740861,,0.2865104443847449
2022-08-15,0.13917721877794947,0.43492049937398636,0.5128219755762484,0.6771395690146567,0.6061464896209922,0.5809696433437799,,,0.5545828270716716,0.44975963100671673,,0.2885792172256929
2022-08-16,0.110834040844596,0.40166798637863205,0.6221690086996579,0.6531791907738356,0.5719441654288208,0.5332899599072614,,,0.604226498681687,0.4368300425797218,,0.270573444461822
2022-08-17,0.10843940448933331,0.33800674744497106,0.5718163868340673,0.6126137208344223,0.5161275825795302,0.49396890524927617,,,0.5353482681592181,0.4077781664773173,,0.31225023635820226
2022-08-18,0.17479482900130033,0.2947119231782012,0.5850472925750542,0.5363227975381594,0.5953914238263726,0.38955039325590185,,,0.48993731077816255,0.37754629730296063,,0.265053083605945
2022-08-19,0.14971390912785124,0.39264378282529877,0.6291411309167421,0.46933555910757163,0.6231950532970378,0.4322478395979906,,,0.4333664958656675,0.37470601845047435,,0.38872101556786515
2022-08-22,0.19942664185087786,0.39885858438791005,0.6430443294625698,0.5208322625336715,0.638921015949563,0.4224719751969639,,,0.4795046627372402,0.3457277771054787,,0.39504969567419
2022-08-23,0.22299075412441566,0.42370743921326415,0.6501455793320399,0.530435910678804,0.7010038984494211,0.435672060094575,,,0.43742765890639085,0.34595972752735316,,0.43102362316303156
2022-08-24,0.1600836980578441,0.7318584882928835,0.6651190409444658,0.7335371991713339,0.7191663677093011,0.5812012477862377,,,0.4065520192262768,0.38954088563131417,,0.453066165218931
2022-08-25,0.20179952715771565,0.7797447996634693,0.5438374861946209,0.7240414594087138,0.6745216993543586,0.6210947241587967,,,0.35292710985766124,0.3933423285134718,,0.4563735093030022
2022-08-26,0.17124675022765778,0.8172694847753883,0.24265602704345893,0.6686273312114075,0.6280688976129487,0.5905522457526966,,,0.3316550337602319,0.4590117030930191,,0.4773589141555237
2022-08-29,0.47296759804789296,0.4552205199175619,0.3210681171604588,0.35501578324434446,0.5687581989673876,0.4455493290452849,,,0.6126791696391658,0.3809642869289597,,0.5201487363916484
2022-08-30,0.4831483320428773,0.5382529009991697,,,0.34649536549430804,0.5262292808053821,,0.44092065867955055,,0.5202947065525073,0.3553131155740875,0.5366100265710205
2022-08-31,0.44439750174352105,0.5749086806943062,,,0.440180967822947,0.45260092368013416,,0.391275397265596,,0.5014822673581529,0.2993478101424307,0.5956406741951106
2022-09-01,0.4925893128565476,0.5888715269959672,,,0.23932752504304988,0.47090280766862946,,0.37924640001439647,,0.34965459241006736,0.29272444428088984,0.5685025846230792
2022-09-02,0.5101254082227115,0.599223007744889,,,0.26898910031332857,0.3449919665579354,,0.3852628860318652,,0.28967896440289487,0.27668996612625557,0.569918500645812
2022-09-06,0.48602980849105776,0.6540231895886842,,,0.36138684743809724,0.372441587220131,,0.3049853729271979,,0.26369791410602517,0.3338557420395656,0.5549274941530862
2022-09-07,0.43158968784250074,0.7057906171678812,,,0.34990386925742756,0.42965636568591636,,0.37230444538531454,,0.31471094641954167,0.33969738266673416,0.5664597361505058
2022-09-08,0.33960999578303036,0.6644577591276579,,,0.2927430683834968,0.5192497427135848,,0.44142739197743086,,0.37892064073779125,0.37089222576099995,0.5134817796897561
2022-09-09,0.4083792375814411,0.7262388690801002,,,0.4350889330024973,0.6233213960271933,,0.46399537037348015,,0.3411781326331503,0.4362468329316351,0.5784650201840148
2022-09-12,0.4448714452900108,0.7453385873252367,,,0.3758983900462196,0.7513145303291904,,0.3860746094742116,,0.40835690540294095,0.3854820799650844,0.37242808575790903
2022-09-13,0.5082455218079698,0.7992721320596609,,,0.4180175760922323,0.7331790308036669,,0.5190306478469664,,0.2476823496636186,0.3710811583372123,0.31711804233119867
2022-09-14,0.5145973295151814,0.4385575949949394,,,0.43719364262347726,0.6847221302808997,,0.35337853352024295,,0.06280074532719725,0.5554859060515388,0.627882604156443
2022-09-15,0.4478928859313341,0.731594550165208,,,0.3592727541165593,0.6413848359276705,,0.2901671815800204,,0.08637790586230545,0.49288026967337784,0.4701293491269984
2022-09-16,0.4028027556212547,0.5574808871099152,,,0.3487586933958818,0.9991113287102518,,0.35813107962006036,,0.21761849381083137,0.4826595938415021,0.7057444191448995
2022-09-19,0.459215731567319,0.5944434539909145,,,0.3798658444426891,0.9678750678000331,,0.6102175282613018,,0.12403591953440903,0.2970733866716868,0.7302782043000197
2022-09-20,0.5740319757946786,0.7558524479629329,,,0.3323128618342981,0.8480061237975611,,0.5154529517546662,,0.37638367214935897,0.3646702956711908,0.6545950896018103
2022-09-21,0.4744279124427723,0.7420098867269098,,,0.31749514066550766,0.8529236231675867,,0.6133316067431034,,0.3216951490704319,0.2708267840668912,0.6320903248535215
2022-09-22,0.4388316384175131,0.7118643590588853,,,0.361178421669572,0.7913346691649897,,0.5311913696751789,,0.3870705938944052,0.25833300290946076,0.5840903535217029
2022-09-23,0.4903337926849204,0.5746331048889168,,,0.46128695183159835,0.8197937559499556,,0.5425751726140302,,0.3404233593304086,0.14937992731518818,0.4585864496736833
2022-09-26,0.5027624473045047,0.6846434643274133,,,0.5338645427512154,0.7995531370864084,,0.4731720763490964,,0.24475650404272628,0.11167278476787193,0.3942077175935763
2022-09-27,0.5167029307943384,0.782423493245422,,,0.48244088965008075,0.8154332294486258,,0.41416252466783354,,0.26925079388710843,0.12158769000858306,0.32278386687143795
2022-09-28,0.5791128694663487,0.8336948642422072,,,0.5588205681343438,0.8101580873093885,,0.37638917307460346,,0.26396866771837435,0.17223881117554957,0.3180296574034503
2022-09-29,0.4591285602214942,0.6582476074171633,,,0.5396281201609322,0.7662142586696147,,0.4320088321169567,,0.2814650362485265,0.17433131914390224,0.20881783500177523
2022-09-30,0.6693267775251054,0.6249829511792293,,,0.6156773759996387,0.7086080500052762,,0.3546360883028523,,0.25532351620152516,0.1774747239615446,0.359602740838653
2022-10-03,0.7478600530365715,0.5118710215638825,,,0.5768180492055168,0.7320485445073859,,0.38066921838562223,,0.2484094339722304,0.24006740344732577,0.3086554941550011
2022-10-04,0.805102889650541,0.5673018040444547,,,0.5984935701808131,0.8136322350529844,,0.47336493025648385,,0.3807386757757148,0.23417184310859745,0.3109371796235205
2022-10-05,0.733136808486836,0.40327347110974054,,,0.651768754053021,0.8337454327229759,,0.5120260368061597,,0.42327246429652315,0.32232359833768737,0.29345311467852175
2022-10-06,0.7783119898355134,0.4658925478835298,,,0.6164648623680702,0.7835793233119573,,0.6174060009736485,,0.3552610640231422,0.266906645542033,0.47046363047400563
2022-10-07,0.7032097050664461,0.4070209254566072,,,0.5778161964039575,0.8545574883291301,,0.6646078653301368,,0.3425805874551341,0.2516085852377431,0.35254368079822884
2022-10-10,0.6578460514747244,0.13467364435339024,,,0.7628004949395697,0.7200778130084138,,0.7384317347918011,,0.2758427404360884,0.30226215880063195,0.47536868885472205
2022-10-11,0.6278477342882703,0.21256997389213386,,,0.6479352009713545,0.5930055905710443,,0.6365435157804964,,0.32392655978471546,0.17436337261721604,0.4561841997187677
2022-10-12,0.5493556527122957,0.2827906339409295,,,0.6170088846986614,0.42551596982084805,,0.44251039456193036,,0.4360214835081526,0.19161856377486516,0.5290718093548749
2022-10-13,0.49802657128840433,0.32143912509709505,,,0.555299140204307,0.4491708315283036,,0.4136892745546817,,0.48199263192030256,0.2549342647081859,0.5815810411996188
2022-10-14,0.5482322579671987,0.1473213888361471,,,0.5465807624498075,0.46683238888042927,,0.6215777227168304,,0.5620940132201206,0.3678860625684414,0.6664467305957693
2022-10-17,0.5507801578682664,0.1388865563443779,,,0.4797987517696751,0.5397554856364566,,0.647610251924126,,0.530851681321214,0.4782276892463383,0.789760517344645
2022-10-18,0.4881382763221045,0.2341382319393172,,,0.4425252797376237,0.7254877295097824,,0.6303770618489629,,0.5872776663406583,0.378985487163931,0.542074444731549
2022-10-19,0.4998291768292348,0.27943617308161156,,,0.4167923837831353,0.6828844846778853,,0.6893773408690061,,0.6558959840258077,0.4773120143569721,0.71717025262519
2022-10-20,0.5122987436676097,0.37688064240239855,,,0.4953622445712087,0.6334630030795104,,0.6417106498918456,,0.670159947489895,0.5573167848673694,0.7696228968609243
2022-10-21,0.5774488751907673,0.45244196753215626,,,0.40519613262092147,0.6000095947938378,,0.4743954011538011,,0.5594853951561023,0.5002082721934965,0.7824718072890762
2022-10-24,0.4827197720425192,0.46555800954998333,,,0.4011029768342298,0.7002699253579744,,0.6503438035090042,,0.6267651874757607,0.6806709951205683,0.6394066216367439
2022-10-25,0.5009010253899545,0.385590773350408,,,0.36861275253459375,0.6718952462273711,,0.5922312295928079,,0.6095873160037302,0.6539458145884152,0.6229860964277485
2022-10-26,0.5161244250635381,0.42214551066377987,,,0.3240943882334699,0.6968242768769726,,0.6126859050030935,,0.6757252171910877,0.6685771774051592,0.4645748415033476
2022-10-27,0.6498304763258519,0.14778955818233563,,,0.45321310485436644,0.5819591232616668,,0.6573225913054441,,0.6376604669880225,0.7748408054924711,0.7245562470917869
2022-10-28,0.6327435855577259,0.06195502217177512,,,0.5891030617023418,0.478850789579876,,0.5919799659118289,,0.6381785080038809,0.5779971391730774,0.7902118513974339
2022-10-31,0.763113741364774,0.14676380224803326,,,0.4337425412726854,0.4766785384406787,,0.5914193738179775,,0.6920243047921414,0.39630406696361065,0.7065607570948266
2022-11-01,0.6252450230646706,0.09217816598654555,,,0.4710448332208474,0.4156467671328763,,0.5645688952498306,,0.5144651326334198,0.7282208269035024,0.7872898276293233
2022-11-02,0.6815821037112424,0.14047074543735602,,,0.5544807857985605,0.36308791171475246,,0.4547929762622212,,0.5522490124598417,0.6871854152965116,0.7814308754504792
2022-11-03,0.7155653340516901,0.10580610290085833,,,0.6279835956817849,0.37454280369888004,,0.38599257911810875,,0.4733805385281318,0.42134664638153396,0.7110145958415091
2022-11-04,0.587364026033443,0.10589438019432897,,,0.590797502748051,0.4109877643812747,,0.27771231047081557,,0.45740426930558514,0.5433300105640276,0.6804959056893111
2022-11-07,0.683278325229538,0.14842933702855604,,,0.7073052434452823,0.3931509059595057,,0.1663509963565227,,0.5680082862527731,0.6368368145568416,0.6188272583329003
2022-11-08,0.7221637838056788,0.17051730679281468,,,0.6090113827374469,0.3393858859281832,,0.22099075798243373,,0.5759076124539809,0.6613510358980458,0.6061965385586768
2022-11-09,0.6899155180296034,0.22682524355465872,,,0.6253236711872532,0.3714120545062596,,0.3092820870014307,,0.45936558329480504,0.6007918992701955,0.5578752189877629
2022-11-10,0.6429357695171086,0.12411757081732434,,,0.6113966656089782,0.3011936247587553,,0.41004613158969844,,0.505024260937458,0.6782829326866098,0.5927659467655239
2022-11-11,0.5929542022268799,0.38046436259129607,,,0.560039549653338,0.5780886038037862,,0.6606182600031387,,0.4380811590891619,0.36149615920570466,0.2858195790426502
2022-11-14,0.42038088259014583,0.23706043018537165,,,0.6036517275154719,0.46218915330167554,,0.6025449568300252,,0.41638741602947116,0.5817170241333577,0.42131017827390493
2022-11-15,0.41745558727556187,0.2678805275731197,,,0.6366337291110664,0.46001281918844167,,0.7253694475023948,,0.3828235374920282,0.7224192088533277,0.4658421932281552
2022-11-16,0.3903555256710975,0.2753100529675086,,,0.6302253673566895,0.438212889028811,,0.6386743882519538,,0.35755108369046706,0.5946403275068071,0.43218910620385054
2022-11-17,0.37396574781796854,0.13293670490325588,,,0.47986415769465435,0.3593968064937279,,0.6237730305944901,,0.31119267882971097,0.6883823780105124,0.5254472725548672
2022-11-18,0.4230214639691626,0.2342628890277011,,,0.5800127945471671,0.31394359016632606,,0.3489073770149448,,0.39440724394159854,0.5020707547397111,0.5250949931822052
2022-11-21,0.37513706954304693,0.18665207905495945,,,0.6332196452259465,0.29282891627131186,,0.24552373340992645,,0.35125144580679407,0.42532575925124194,0.3983002279219779
2022-11-22,0.3204208559153844,0.08707720181862019,,,0.6137544531022427,0.21955937841966733,,0.27459636861518466,,0.3043209516475394,0.40277620176079804,0.41580372918970027
2022-11-23,0.3993136036364765,0.1539964625180477,,,0.6693821154069004,0.20903299192221236,,0.31094579036131764,,0.30440381140004136,0.3846106387275463,0.46660330837705916
2022-11-25,,0.537216577634417,0.6318249464727941,,,0.40068956439468933,0.6480430526957195,0.5389501039215783,,0.652287853889811,0.38476107145027844,0.35837336048611573
2022-11-28,,0.38113222521244805,0.801976304757977,,,0.3883413665102978,0.6929297935000032,0.5108387578355731,,0.6794031352437508,0.4199817151031665,0.3241342181899471
2022-11-29,,0.4065077215858839,0.7874478854905401,,,0.38475779761518347,0.4132696907769455,0.4225840548058219,,0.6317035782216743,0.4226524736251246,0.2759591532456551
2022-11-30,,0.4533876003140922,0.8220992550100001,,,0.4454617577360647,0.5345581541320136,0.42939036155221605,,0.6784290882841055,0.47958294498213383,0.3408672519025141
2022-12-01,,0.4879702058727144,0.5236413381274897,,,0.6777024587987956,0.7278583179050107,0.45956599512966406,,0.731156123629417,0.238441286649348,0.26016418267185604
2022-12-02,,0.3650220902228362,0.6868223418189575,,,0.43782359896227313,0.20563549418613483,0.5914468448421156,,0.5624898230338613,0.37459673820444217,0.35485723685466963
2022-12-05,,0.24694610290785293,0.8118239770495819,,,0.4430621901286231,0.35078078979601496,0.6233850769560514,,0.4814586062091644,0.39506564813422484,0.46415215250739894
2022-12-06,,0.2842474863176149,0.8174776522134161,,,0.35480547626576747,0.13332291324403836,0.6839889760563489,,0.4679889284914537,0.41780296013905205,0.5605026729306359
2022-12-07,,0.23383658779200234,0.8781966784998964,,,0.29187263546843367,0.14920998031355598,0.6125777660686398,,0.41683361659526574,0.4891815303459108,0.583961059198007
2022-12-08,,0.2165824519988833,0.8285891740958601,,,0.2784995567343625,0.3061696221103638,0.4623064974674254,,0.3533131059804984,0.35189054345745,0.6230112199818416
2022-12-09,,0.25646997488235257,0.6188855127916598,,,0.36741199824017234,0.5657009645867082,0.4968558696109432,,0.40023717992955316,0.2997168806035126,0.5560664412697063
2022-12-12,,0.31303266872900054,0.6788725328325197,,,0.42542599337585196,0.3799843599030663,0.3398991521498025,,0.3397661313846086,0.3404850523852788,0.583546573978194
2022-12-13,,0.30813595557415197,0.6720585846488628,,,0.6583946448758431,0.54984767439228,0.36065488409558416,,0.4063568933276619,0.29027085534280805,0.4847029354068356
2022-12-14,,0.22224478391164074,0.46876558696674414,,,0.6529340507474123,0.47652189437868886,0.38303174467899864,,0.38669244695975036,0.39229130909186205,0.35607836100416396
2022-12-15,,0.16008271563102333,0.6314754160237437,,,0.5285599068514446,0.3755226631460743,0.3504961822855327,,0.29760714534246874,0.4667175633526274,0.41562507705468554
2022-12-16,,0.09539248034203997,0.5582425605206295,,,0.5117415681943592,0.257279562662998,0.2288977959021216,,0.23825271336683668,0.5536161468006466,0.4545501851374165
2022-12-19,,0.2617551503512028,0.4930397321577635,,,0.7223320244101099,0.2984955381225586,0.6371276848898203,,0.18028940370119367,0.43503845003618424,0.40308553097032424
2022-12-20,,0.1900022264123348,0.641964220295616,,,0.4963918882835915,0.32600386871139914,0.5146737920024921,,0.15448536160941745,0.5474334519063696,0.5342575933464393
2022-12-21,,0.20536156608104036,0.6122645171422445,,,0.41900351403830527,0.42100840366727293,0.4642687361237845,,0.1896069779473998,0.46170497935592153,0.5751043225581783
2022-12-22,,0.28606873013573203,0.7294342664216654,,,0.5001380492661995,0.4856702790993774,0.4605845233835731,,0.2727512421065006,0.4883475655889903,0.5579636754771121
2022-12-23,,0.2263151148434643,0.7077724311524916,,,0.27636485074172196,0.20297905209952624,0.5773538632703521,,0.24366795762116558,0.5562068903020397,0.5257666359235939
2022-12-27,,0.27317829933513377,0.837444717473276,,,0.3485767741390697,0.3658201151848442,0.48657736733860296,,0.3910533348374622,0.5190407329818819,0.5216555596882801
2022-12-28,,0.2283378344238425,0.7603541791680959,,,0.2815053013473673,0.29584878006387166,0.5944297578582534,,0.36599952568794625,0.49678233127856,0.5868338754455117
2022-12-29,,0.21555205379540548,0.7558969850545894,,,0.2949274754690851,0.3036381730630597,0.5872139265110196,,0.3625561584029382,0.4657771147988235,0.5559723532346073
2022-12-30,,0.4134584019829762,0.7173739394245998,,,0.4088673306978987,0.6183016411702645,0.5318722945903369,,0.49648457456991896,0.32888828987324226,0.4708808920487983
2023-01-03,,0.4203404928459689,0.7246515449821597,,,0.44232159777327235,0.3786773418085719,0.6033271695184776,,0.5387710345076369,0.4781845919442469,0.4232240267120524
2023-01-04,,0.35633922526967793,0.6975323172259328,,,0.36768299533437726,0.36177565471388284,0.6372643606069016,,0.37782442459039345,0.4685435488755888,0.5274462967552943
2023-01-05,,0.8898748603817638,0.6862806112724539,,,0.3821788326242352,0.30894485372106134,0.4954970049292223,,0.4928081476584758,0.6130625545062389,0.5441552691982944
2023-01-06,,0.858942926011137,0.6984359263905455,,,0.39305506766931836,0.263509650516193,0.5408678034238746,,0.4175245490194721,0.5980286472663998,0.5114651176169415
2023-01-09,,0.9499742976440222,0.6166311708626897,,,0.6076695832945289,0.5499969379778186,0.6491923183932018,,0.508540852629562,0.47245718052379804,0.602650765794784
2023-01-10,,0.9434084580480762,0.5283893262024657,,,0.511543548636163,0.34306668959686015,0.5943777920050533,,0.47441019209780627,0.45979856566162625,0.6545948161099252
2023-01-11,,0.9176410008809439,0.7072227411784877,,,0.6117778555832639,0.35537312946654837,0.6052915110469401,,0.49363507637375237,0.6245465388002185,0.5838253818581948
2023-01-12,,0.8762894108246324,0.7338445576842967,,,0.6744768499454694,0.29363969543161306,0.6744088828218844,,0.5453880001684167,0.5263933351716991,0.41898515086692006
2023-01-13,,0.8890878583160186,0.631341098839918,,,0.6625778298277036,0.2549263787600654,0.6655197952778571,,0.6136023115943516,0.643311962697932,0.43141351787943133
2023-01-17,,0.8250946861574675,0.6894942535965843,,,0.5118423909502073,0.32361719287139673,0.6116922959223053,,0.5799164356835826,0.5661038721886515,0.4345605631721845
2023-01-18,,0.8046606136701561,0.5553616627035264,,,0.2555649655314723,0.35833199809982147,0.5045270752856663,,0.6436251757947263,0.47472747020046124,0.34677122070078525
2023-01-19,,0.7948504150263658,0.612525110894053,,,0.18258625353548605,0.29816256411267567,0.4611402881592236,,0.6803057670502204,0.5554706849633742,0.4527173892171061
2023-01-20,,0.7541448556525616,0.6473495530536347,,,0.09602497534203766,0.4115199060791714,0.4851764033809105,,0.6356742333160903,0.43401426512570174,0.4618884288969754
2023-01-23,,0.8192353851302756,0.5043685155668386,,,0.20935684747580396,0.5631913123655176,0.47843311155303403,,0.7395406759449195,0.396307042772448,0.43873625652397835
2023-01-24,,0.8968638226779141,0.34989299617892666,,,0.24578001484289547,0.4106142952810943,0.4669398519997209,,0.70296171623053,0.4357355752753842,0.5512832480373467
2023-01-25,,0.6491698002522989,0.40495833788556096,,,0.2032342812076105,0.4465937313613289,0.5052858541607631,,0.6323196300159631,0.46206556094781487,0.5331647764962785
2023-01-26,,0.6584807820677354,0.36333177528290855,,,0.23075663495264143,0.42019798898102895,0.52058641497316,,0.7015876705462265,0.5151334468460512,0.44775105261843784
2023-01-27,,0.5915641280567037,0.3275068488521007,,,0.3269929547508252,0.45823821063762094,0.5223600879197562,,0.776871851429006,0.4589925295431038,0.39829765217813423
2023-01-30,,0.5889940306798599,0.26613752118424205,,,0.2605921344833867,0.46546167393468024,0.5410530417125966,,0.7345595976765269,0.3997558110137627,0.45895056646185955
2023-01-31,,0.4774429505260551,0.3202031231223387,,,0.25203204685424774,0.38517418025249767,0.528772144639482,,0.6151986355899711,0.3890203054885531,0.440400485308619
2023-02-01,,0.5447820321771636,0.2859399042313668,,,0.34638491956670275,0.5732783475331817,0.5188207972444866,,0.5491968720499004,0.3119321446331268,0.37106812532464395
2023-02-02,,0.6663358549002306,0.12360522352713385,,,0.4137408410891386,0.5801195197638429,0.5466463598087017,,0.5240758665880699,0.23954127318019677,0.4766636520092861
2023-02-03,,0.5506746117737678,0.14167472253844918,,,0.5612005395116162,0.557861969494521,0.6494386543628115,,0.5841941031855397,0.1267779485789756,0.4005934846017743
2023-02-06,,0.5476642732323544,0.22266305250354243,,,0.6330710844414704,0.44946866659533274,0.5401193448788587,,0.4610975458517062,0.3076835789984361,0.6042035085446025
2023-02-07,,0.419140939939807,0.36162659999256147,,,0.459851726955853,0.3637315685135768,0.5799911191910572,,0.5214204104997043,0.4209750339384791,0.5913637454252146
2023-02-08,,0.4966268008980925,0.18732373041390543,,,0.6360720103186066,0.5553670461997701,0.6869942095248384,,0.5972513179216336,0.3146717972259928,0.6411291755726712
2023-02-09,,0.3356642239984432,0.2702464749973618,,,0.5995478308701037,0.4134157226047738,0.6776084150399085,,0.41854472567447437,0.3285522278067501,0.5138773144384167
2023-02-10,,0.45997472261545236,0.23798685348283657,,,0.6359477884541115,0.4023824489233062,0.6014076724460369,,0.44532497948122135,0.32327429426036564,0.5768775514843152
2023-02-13,,0.25142015447682753,0.37361708928571746,,,0.5753228525390692,0.3983893954712879,0.651481317169044,,0.4036269482236741,0.3281915478434706,0.540026354657635
2023-02-14,,0.2511698943389359,0.33780636206584935,,,0.6913730181711288,0.5405561916083943,0.6279298372781454,,0.5283405185655452,0.3208413708723844,0.42685983523666204
2023-02-15,,0.24894119140636872,0.23182694239629106,,,0.5329415987758698,0.4264543178723161,0.5008712331635443,,0.5722975143150618,0.41152588747378616,0.48102160225486496
2023-02-16,,0.28850688957336823,0.39846002533451724,,,0.42085138454616083,0.39080442869723064,0.597463001708888,,0.6364172571207445,0.4546099334271692,0.4484681045282883
2023-02-17,,0.2253101938887216,0.4142442339660426,,,0.30679016365723055,0.21025810646216062,0.8272927336089639,,0.4981427050615905,0.4816657590484886,0.5239141661416359
2023-02-21,,0.2744597894384458,0.47811345599165217,,,0.2994002297192895,0.22419976809772127,0.38993212175163827,,0.4910855877599574,0.49063182751329465,0.4481299582646426
2023-02-22,,0.385891778427803,,0.24807206237111493,,0.36706397833988624,0.302778135446566,0.41570761353884644,,0.47981886599501905,0.43576967798741717,
2023-02-23,,0.5528961318526495,,0.315549435147129,,0.31848822210646305,0.3572691437872494,0.4108312825870099,,0.4326986503330985,0.42094869152857545,
2023-02-24,,0.6181401542255254,,0.2619709737554446,,0.43227690063823837,0.47852199051411237,0.40461252892025434,,0.5773462873420768,0.23435656258820436,
2023-02-27,,0.5954598128187463,,0.35292173655858716,,0.7994070441185614,0.391446710051552,0.40503413280971595,,0.7224135693846396,0.3453218230255011,
2023-02-28,,0.6580766429187127,,0.28242870390719194,,0.2994377613946751,0.4288015543496608,0.484509414545266,,0.8788867916000697,0.2887728710664724,
2023-03-01,,0.6180787096999321,,0.21639585369213757,,0.24507677781498824,0.40377765790188197,0.45393628723806617,,0.9031278661137185,0.3577254727250098,
2023-03-02,,0.622445409315735,,0.26428480298847884,,0.21417544175466585,0.30145309317670166,0.44664671781888404,,0.9229678809819275,0.3684268281144595,
2023-03-03,,0.5250672076507534,,0.23180177239551372,,0.2482786936538135,0.21895407484914448,0.46426137234521014,,0.914290404864542,0.3219054855629177,
2023-03-06,,0.6408978980300317,,0.1238739094331314,,0.3329798510367805,0.17907164261108394,0.4639030668499135,,0.8886865977309089,0.3351059297755396,
2023-03-07,,0.4796407238076484,,0.18840515451384868,,0.31504094717131853,0.19904990753121507,0.37627682202369644,,0.8828668420422265,0.3544742928802093,
2023-03-08,,0.3797712245715224,,0.24231669547247803,,0.2775539415811187,0.19502692819277528,0.43210213515612017,,0.9269841055053559,0.30715909522195756,
2023-03-09,,0.5256672570128326,,0.2188131245514705,,0.3559392692910143,0.2268270221187829,0.4062974438723304,,0.9551262178482327,0.3238070536003196,
2023-03-10,,0.41269625837706053,,0.2796107641532536,,0.44516671285682846,0.26678423130744966,0.43296861567455314,,0.9151117698368952,0.43923299390286846,
2023-03-13,,0.4874357250002289,,0.35539836331258423,,0.47709606026604634,0.25918458897091423,0.5209391387177129,,0.7972379607183532,0.47684468914300654,
2023-03-14,,0.49894920121897846,,0.31243631427491153,,0.5412696013391873,0.3546986796391247,0.5713534203528249,,0.7596955402632662,0.42477676434801936,
2023-03-15,,0.6959872395357481,,0.22479693119544086,,0.441256695741285,0.4009090202120831,0.5512580989920313,,0.8776515892366201,0.4094375596288465,
2023-03-16,,0.5222208133869451,,0.2296537386359384,,0.47277216682289946,0.3797924987819993,0.6694721526874461,,0.8323865780842099,0.4041479511109017,
2023-03-17,,0.48530788781604567,,0.13079041030932484,,0.6142797465194356,0.4193752256729619,0.8382058500835783,,0.8153723005216561,0.4102448391408589,
2023-03-20,,0.30939429108288047,,0.03920391049012919,,0.7206802555788372,0.3659076375386642,0.9714568874437709,,0.8822879097681149,0.5040251284156678,
2023-03-21,,0.6158920932667163,,0.1847624894900817,,0.5813264666065416,0.30217754617965414,0.9063254442306623,,0.7945948118947649,0.6857138200680379,
2023-03-22,,0.5429858630846216,,0.2938324133911098,,0.45579729554695475,0.32716697282270113,0.8328597131861264,,0.7987193424945203,0.5700823569930591,
2023-03-23,,0.42188348545355275,,0.250901139704001,,0.6479061243501016,0.30363201246992194,0.8182555230176529,,0.8253988409059309,0.5235371727401653,
2023-03-24,,0.4952583750263184,,0.3108038952655498,,0.5948140092125676,0.34670164314343815,0.7989185646876437,,0.7252102149190971,0.44375589070023075,
2023-03-27,,0.4397844847754841,,0.4520813131147772,,0.7069341822802154,0.3389693227372904,0.7878144386988691,,0.6714271075777062,0.48407962328677945,
2023-03-28,,0.5217502800891528,,0.5332574987562,,0.7357370785758195,0.33611550521790273,0.7024972173065773,,0.5109963135106335,0.5807537032429512,
2023-03-29,,0.49868948268968355,,0.5772793749090481,,0.7333916715304449,0.3686160367647349,0.6671997619559943,,0.7663939215722728,0.5043772858905997,
2023-03-30,,0.5720169750642052,,0.42069577541340986,,0.7356234645697013,0.48642189653377044,0.6786243273283286,,0.8055722024503533,0.3877248695799266,
2023-03-31,,0.5622861511460896,,0.370061312347977,,0.6749946504581738,0.5418774564364045,0.6721164796854647,,0.7863029467419808,0.39914417469554553,
2023-04-03,,0.42075928469273915,,0.3744489268913745,,0.6956005798912797,0.5682241758151076,0.6904086047302185,,0.5210415171395216,0.5425787114204715,
2023-04-04,,0.41335071014588154,,0.3672945281945246,,0.6773908383405916,0.5274219244108839,0.6334117585115219,,0.5318931806789773,0.6035551969318008,
2023-04-05,,0.3482437491165656,,0.3364315455698058,,0.5038854486826463,0.5475865180832238,0.6702206945092378,,0.6295823540612264,0.5368651563456317,
2023-04-06,,0.3736897129699403,,0.3569520654566687,,0.5382842238542165,0.5545335118433022,0.6964374759256474,,0.4149777431119684,0.594925588130425,
2023-04-10,,0.31479582890287794,,0.3491389188322492,,0.535980042675586,0.5702853040435908,0.718211456219352,,0.38749787958293674,0.49840457903261726,
2023-04-11,,0.5237762705895942,,0.3776010314933109,,0.5766159794001263,0.5621374715045412,0.7159399339639752,,0.44640485347326836,0.48646991560989,
2023-04-12,,0.6196069781790685,,0.3708581774969419,,0.6114825889531085,0.5271254981799797,0.6285571893983417,,0.3400588637839071,0.6192312341751328,
2023-04-13,,0.4584252326074327,,0.3947712192974779,,0.621694106121628,0.5539140667739708,0.582426933749085,,0.45875296844289054,0.6038221488677576,
2023-04-14,,0.6034950064994893,,0.3354222839967878,,0.5846125467559129,0.5982916812134307,0.5454606669925577,,0.5360512310341294,0.5197623430785161,
2023-04-17,,0.5975035811577221,,0.31903010350470656,,0.4784325490541424,0.46996544296859144,0.5429994524366673,,0.44854804641990215,0.6338586875646074,
2023-04-18,,0.5115449431413372,,0.38140174165580926,,0.5613725975764292,0.4942331742927762,0.4919884242449203,,0.5494404939689774,0.62278265897771,
2023-04-19,,0.6230133328917982,,0.4092698338476293,,0.5073916157159495,0.48466156103104335,0.5119442094352787,,0.5372999146869908,0.6348722665366204,
2023-04-20,,0.5363533478047318,,0.24497195019127596,,0.5058054808074159,0.46800420071141213,0.1752450972607969,,0.6224943724068702,0.6686992042504957,
2023-04-21,,0.5973958697760519,,0.31287945201879075,,0.5396825142368121,0.4185960309244341,0.13076059671678505,,0.5881587126435399,0.6471846987887419,
2023-04-24,,0.5684021441779344,,0.4303215667930247,,0.46570227948286264,0.35969440296324284,0.14037273448167048,,0.4935965460797005,0.6098017431173584,
2023-04-25,,0.6882718007606132,,0.46160470537352694,,0.36263358058235845,0.3782089654037958,0.12285444475202587,,0.48360973228462795,0.6344521843584991,
2023-04-26,,0.5528647154186448,,0.34415300045778047,,0.31063486288706255,0.3941930160583629,0.13888952079590605,,0.4379155375950971,0.5937277232554721,
2023-04-27,,0.13420044395478178,,0.35849303092571855,,0.4753014381294016,0.5963388430323975,0.15901452071744465,,0.6735934491441397,0.397443849222176,
2023-04-28,,0.3363733508745634,,0.2279191640910976,,0.302158579712905,0.5841968033071165,0.18104084737021908,,0.6410770653732676,0.36591659612516925,
2023-05-01,,0.379340324220497,,0.22153056187275655,,0.3690694133369176,0.5486888306988318,0.15667120275658106,,0.5798902223454282,0.42538052781874364,
2023-05-02,,0.3909135865116707,,0.2799301530476943,,0.48969985362110013,0.5081266194778383,0.1879147609371603,,0.6005705990863359,0.4079477465685931,
2023-05-03,,0.19467679996331774,,0.20423190048230894,,0.4306123116773194,0.4652345430069005,0.20643052322656996,,0.6153183453302511,0.42140588427578,
2023-05-04,,0.2379697881674744,,0.2600040924976402,,0.7385207683171695,0.5386664687909464,0.23547859426497805,,0.412910579527064,0.2461540944838281,
2023-05-05,,0.22510179403576827,,0.2884054394249765,,0.58489405737676,0.5214976204314951,0.2751665105517293,,0.4963827347759643,0.12695922838857165,
2023-05-08,,0.4586673090105638,,0.19090607201347834,,0.32648451810315166,0.6392940933845178,0.2555674358443093,,0.5375113349771182,0.15157805384548903,
2023-05-09,,0.3669985002937008,,0.2582268706848979,,0.3032631161615454,0.6140791441298975,0.2695708298829163,,0.7211690911238045,0.2105059419330659,
2023-05-10,,0.28437773502617286,,0.19644833432911277,,0.17156239668866638,0.5656087195032369,0.32285072712936486,,0.6532124392862891,0.21582423927126765,
2023-05-11,,0.3275705648771873,,0.19939053568289622,,0.3351337721314149,0.556135785592885,0.3165087636538748,,0.7742519261526731,0.30393625954065406,
2023-05-12,,0.3328494161978761,,0.26945026738724887,,0.2023268650247069,0.49660572512092505,0.35240368968386576,,0.7660842071335833,0.45414821779865655,
2023-05-15,,0.3772105702769163,,0.3244221483761457,,0.35047017670904457,0.5595535757555903,0.40858332104578693,,0.7355002758250129,0.5359317510057308,
2023-05-16,,0.4945975915655717,,0.3688198526815473,,0.20622897729730208,0.5577795680103224,0.39446223535588165,,0.7892799392285146,0.5885252264376034,
2023-05-17,,0.3573605142557795,,0.3596797376501035,,0.2322379764121861,0.5300724286275175,0.3775346569574098,,0.7657032466583015,0.5926594134340014,
2023-05-18,,0.5543255714972763,,0.3284924571643481,,0.18500701451806456,0.5049294017457455,0.43930316059587327,,0.595156883699901,0.5540766741505831,
2023-05-19,,0.6048018534354002,,0.3300817830825558,,0.3569103326148132,0.48165649416591744,0.6004424333294328,,0.6850575278357062,0.5262654310567758,
2023-05-22,,,0.5148025582822481,0.35091448648507156,0.5059058676376803,0.46770615255184433,,,0.4058749759434853,0.6859556587299444,,
2023-05-23,,,0.5011536388721264,0.4021210942426854,0.4860591138975346,0.5103155988891541,,,0.3879091492298761,0.7289482699593731,,
2023-05-24,,,0.4956856239920721,0.37158488225963265,0.43132758020939804,0.5049987464043648,,,0.41391418160054594,0.5894592619525173,,
2023-05-25,,,0.36564760833341803,0.49458318005739665,0.47359640997683305,0.5777763175857367,,,0.3493756459864863,0.5507354496783188,,
2023-05-26,,,0.16257931151041868,0.21551854551049449,0.26565686741412053,0.6579029702671678,,,0.3209101231722164,0.4523835742829618,,
2023-05-30,,,0.4081414958655114,0.0901542083655594,0.2997605881241782,0.6861393333694248,,,0.46987967159202465,0.653075566754845,,
2023-05-31,,,0.4385184466302947,0.04987777169385808,0.2697033344068873,0.6363331544153349,,,0.5317326738793773,0.6762317027247089,,
2023-06-01,,,0.5555316412212921,0.04357570173347994,0.28560776422106776,0.5359044787645895,,,0.6935459928354132,0.5689997461162021,,
2023-06-02,,,0.5787370259680211,0.06621748967996259,0.16104227950826475,0.6129544443303251,,,0.44292740352527005,0.6784828332975882,,
2023-06-05,,,0.6416798573935721,0.16777156643448027,0.35319079407398457,0.583215587616593,,,0.4425539217877613,0.467084927062583,,
2023-06-06,,,0.6302380615835161,0.4252666573348217,0.3244253201048254,0.4758672822385294,,,0.5096415807312321,0.3760646301061953,,
2023-06-07,,,0.591445753267786,0.38014037182538607,0.3688700985322408,0.47913266137997973,,,0.5982155610944871,0.41573083728610555,,
2023-06-08,,,0.6401075548346031,0.4346392011373216,0.4797602124576971,0.5436854923675521,,,0.6791654023738865,0.36675313586494995,,
2023-06-09,,,0.5251106547251896,0.44435875344181014,0.5711776464001351,0.5814479793696106,,,0.6337675956683763,0.4432971249805479,,
2023-06-12,,,0.48565651245194746,0.5041072464349885,0.576571178445842,0.6633260024437665,,,0.6616461256291644,0.40957353330401686,,
2023-06-13,,,0.40781844746219964,0.25921186112574135,0.5583673333241507,0.7332581626089711,,,0.7283067347901567,0.1638563198999956,,
2023-06-14,,,0.5237247004621576,0.3487642739308501,0.47830727762472003,0.7063053339239885,,,0.7755866135068141,0.2140304144471599,,
2023-06-15,,,0.4230366148847904,0.24075913209006738,0.5813158368891042,0.6776317852839985,,,0.8144238988524858,0.4320086063402582,,
2023-06-16,,,0.5460430545472873,0.37829405662847176,0.5681928975388382,0.6981977041328788,,,0.7628922354400859,0.39091670163038245,,
2023-06-20,,,0.525166986117841,0.220697432640339,0.574339939614192,0.8179209616020146,,,0.8437730680423534,0.5754203440519332,,
2023-06-21,,,0.6070928151760133,0.4488573819290535,0.5314491407148946,0.627541393659802,,,0.8082147056505499,0.5062704937527542,,
2023-06-22,,,0.6954451331745549,0.5107792162488968,0.5589210788833425,0.5812512139004843,,,0.8322178943847346,0.4048808141245038,,
2023-06-23,,,0.571731688598004,0.5996607621915904,0.5937869392316785,0.4800565179557784,,,0.7741055025879644,0.41673557060031763,,
2023-06-26,,,0.6502731960650454,0.5691222081700397,0.5929776159106855,0.4800329098656507,,,0.8310957658571444,0.23138398855526562,,
2023-06-27,,,0.5544179124999221,0.699935432579784,0.6498356149066642,0.44827440046548583,,,0.7504459716463073,0.4087450403071544,,
2023-06-28,,,0.5306796310237984,0.7135760781902127,0.6786938637662715,0.4237307398214811,,,0.651547232220081,0.45553253291743373,,
2023-06-29,,,0.5630980607714451,0.652917958743481,0.659337393305251,0.5149482638712262,,,0.6967375676125477,0.46291574616627046,,
2023-06-30,,,0.6386735312671245,0.6855963427748761,0.5848825349314338,0.5081426211221408,,,0.6427949209528262,0.4785351370518498,,
2023-07-03,,,0.5475674040551372,0.5903433711415972,0.5690087221385421,0.539712154214604,,,0.6327322550220924,0.47426772396484124,,
2023-07-05,,,0.660771505441635,0.6017735272970112,0.5422875500372708,0.494380241874511,,,0.7084500995701203,0.5929344495842375,,
2023-07-06,,,0.625630057558384,0.5781789323670775,0.5303075549855903,0.48948971532027385,,,0.6735734674268007,0.41324667909884794,,
2023-07-07,,,0.5125030189849094,0.5684586098402742,0.672519002861975,0.5847347849579769,,,0.615852538942747,0.4541618326701598,,
2023-07-10,,,0.5241260822360267,0.5938111558459939,0.6352109905285097,0.6138062586173694,,,0.5860398769568144,0.29187336264656366,,
2023-07-11,,,0.5238843706661644,0.4917679928127683,0.6519615257402027,0.606682809630371,,,0.5878411548741087,0.2413485732395679,,
2023-07-12,,,0.5780826069183173,0.4838214949262401,0.677066923115446,0.5859372186476003,,,0.5620662042997733,0.16010975741431327,,
2023-07-13,,,0.5784576395451854,0.4997556997456351,0.6932298933947043,0.5755098685611011,,,0.5177586221563394,0.1941934612594204,,
2023-07-14,,,0.5824341685820155,0.39951668791942685,0.6419109971134587,0.6135083304721639,,,0.4819138189597581,0.12950906916271607,,
2023-07-17,,,0.5950849497153758,0.451176328802209,0.5923931482854973,0.6474796154823663,,,0.4418991894416362,0.11339355888911186,,
2023-07-18,,,0.5272054888190518,0.40440998575788717,0.6067418222853064,0.5903148641172608,,,0.4475759062850734,0.19655868335503512,,
2023-07-19,,,0.598950944489408,0.5298180222992699,0.5927945867159805,0.5887358279671348,,,0.4348662761251024,0.18176484929989262,,
2023-07-20,,,0.692220799075012,0.5281746264487033,0.5953560557134929,0.5762171943240642,,,0.4464243177668061,0.15096318985258178,,
2023-07-21,,,0.7034493276471869,0.6206117155237586,0.5679826798739398,0.5026970970120657,,,0.3983898591154639,0.128173115737642,,
2023-07-24,,,0.5527232924511172,0.3163487375999975,0.5224769261431533,0.641778712948322,,,0.41592913654421526,0.17064950567701653,,
2023-07-25,,,0.5781760400547503,0.5802035228406197,0.5981910744200198,0.507988104194656,,,0.30214504160196926,0.2265790256600407,,
2023-07-26,,,0.46351106630056355,0.5895496182866625,0.5858880998159645,0.5153389328203257,,,0.280560702239681,0.2611787013825525,,
2023-07-27,,,0.6827496707729723,0.5125253077988586,0.5632326004663097,0.48637563517428556,,,0.4101961213737089,0.21277366063104153,,
2023-07-28,,,0.4918668236621734,0.46867819497911783,0.5585443453802209,0.548428434956163,,,0.4079375991554859,0.24303206544528627,,
2023-07-31,,,0.5409956038534239,0.43634743173941926,0.5879795464906381,0.5638025902500139,,,0.488311972998331,0.2732306773400493,,
2023-08-01,,,0.613084845512872,0.40157118020009297,0.5341543505337131,0.6737020051145823,,,0.4956453211195302,0.31350958520566935,,
2023-08-02,,,0.5727796471347157,0.3657495209772054,0.5617434078717499,0.700462714375803,,,0.49141383196832933,0.34243923876803445,,
2023-08-03,,,0.6512485450217214,0.3946361361591813,0.5149850178964606,0.7020559472459647,,,0.5517999631360548,0.3997040192561657,,
2023-08-04,,,0.6541868840536826,0.3344579023479503,0.5182087143406662,0.6679828013788275,,,0.4650521766165798,0.38618136623285115,,
2023-08-07,,,0.6873626646625429,0.28770936220324383,0.5665321456597499,0.627205494188945,,,0.5249785304985571,0.4632874119841949,,
2023-08-08,,,0.7156468390163279,0.35385896918514365,0.6397239398323664,0.6161287476023392,,,0.3979289226504653,0.4544898478454011,,
2023-08-09,,,0.7097776333754822,0.3818526960153497,0.6271763785026516,0.5677223065668834,,,0.3960931861442466,0.5310445772111891,,
2023-08-10,,,0.7279651061775476,0.3094414405542626,0.67571930213547,0.5883906325686377,,,0.4062245004926938,0.5599485756933806,,
2023-08-11,,,0.6206973679678823,0.3195483847697988,0.716148148221175,0.5691970041680858,,,0.42967436524443675,0.589369016440629,,
2023-08-14,,,0.6689823894284996,0.39221797533955605,0.7266214620745697,0.5311089729610985,,,0.446265513745595,0.6365458697451134,,
2023-08-15,,,0.49033866709956864,0.46466269203058447,0.7233297581782628,0.5599294702114462,,,0.3474910021353466,0.6297250345861849,,
2023-08-16,,,0.5805077208599515,0.3615201027828591,0.7302355455977343,0.5745188715241328,,,0.4212788369409917,0.6288727745764425,,
2023-08-17,,,0.6042068325339774,,0.529543107175457,,0.4054388307355566,,0.427949824773969,0.6712184847875986,0.5776204474042723,0.528988427467888
2023-08-18,,,0.6400748221205663,,0.47875365827099686,,0.38231084248550684,,0.4245203607048027,0.5601562949801165,0.5217322893688237,0.5524295067385508
2023-08-21,,,0.5034609502085758,,0.40959182130938854,,0.41158639676196496,,0.37351140691189755,0.5593862382722056,0.5709663016975339,0.6016989048515494
2023-08-22,,,0.5179259712710524,,0.3880604758546522,,0.5261428172008182,,0.3079221909185624,0.6802093881584065,0.4772163860219516,0.6122110291252001
2023-08-23,,,0.3614159503717649,,0.47421445450907723,,0.36709557327524744,,0.3084079014570639,0.5935631306589564,0.5412748014728933,0.7284118332781127
2023-08-24,,,0.4406054996472485,,0.42498926097490625,,0.3298379819217688,,0.3171891806486932,0.6186208997122165,0.5768138161501346,0.48121454220520854
2023-08-25,,,0.5423951099399478,,0.5212040783970338,,0.31771821069031525,,0.47658607689731847,0.7171927062813027,0.681962039074346,0.614563475678892
2023-08-28,,,0.3457349466952298,,0.5111471109564006,,0.38016263661719224,,0.3480812189966371,0.48304905287668803,0.5651730211783854,0.6103966591072699
2023-08-29,,,0.42279916722076766,,0.592836561144369,,0.3891367542323542,,0.3642999406176583,0.6149685068265847,0.6069918138081963,0.5811450946930152
2023-08-30,,,0.4151083557391327,,0.5911554051997229,,0.29832634152118914,,0.344574616114372,0.5664418555686929,0.5619163781819035,0.48155201181478385
2023-08-31,,,0.37159000160208855,,0.45660972352147644,,0.4007548806634926,,0.35993691741371575,0.6222186777024621,0.6580440950800281,0.3888179975510555
2023-09-01,,,0.49582836286917403,,0.35042497574915926,,0.37560760681514943,,0.44542925862756655,0.7158501074749583,0.5354730654074126,0.25921481620315817
2023-09-05,,,0.5391980855821487,,0.38742343976946775,,0.33986939415987805,,0.4650571176490521,0.6082601781969926,0.5374325634953708,0.34540927501697755
2023-09-06,,,0.5816312733822498,,0.3745255781851071,,0.3812065141449455,,0.4553578676222599,0.5050030848140717,0.4186977679599038,0.35637148157813403
2023-09-07,,,0.5835630308065743,,0.4077531276919718,,0.5653970518993636,,0.4954680969243201,0.482084480534298,0.4298798889700979,0.4306760359779422
2023-09-08,,,0.6337970857519981,,0.502525201958474,,0.5757236278888654,,0.5497490412820754,0.39035649718865517,0.472797614292523,0.6218905926743825
2023-09-11,,,0.5339456872665043,,0.5221830503792922,,0.6477863395092408,,0.47563220766654635,0.427331874588978,0.3859454344020669,0.6271514862753329
2023-09-12,,,0.44924084253021684,,0.5288933994607465,,0.6743190035862542,,0.5080306020436238,0.44382795979919504,0.43707680782979286,0.5981465937615672
2023-09-13,,,0.675537962041975,,0.7912656383207369,,0.6588069204285775,,0.5428858570663847,0.8648007098859114,0.4265604501084424,0.8120011034281622
2023-09-14,,,0.6146312584900605,,0.7930438328538475,,0.6189808179032684,,0.47287585596345216,0.4264055533466758,0.4074037698966699,0.7415426141781631
2023-09-15,,,0.5050332837388389,,0.7452659487045005,,0.6559628319017963,,0.4511019365902366,0.45168649955585227,0.4944421763353146,0.605586916178197
2023-09-18,,,0.5908212060503084,,0.6989385949213348,,0.5670793800501216,,0.5167887777402251,0.3057900568970999,0.5105750355465845,0.5246386376565183
2023-09-19,,,0.4832858054908184,,0.683847807511626,,0.5912775128999826,,0.41506088434105015,0.5445920214317326,0.47149169158748194,0.6338191804902142
2023-09-20,,,0.4946707420727047,,0.6590641122797865,,0.5753077829381855,,0.43585903872086335,0.680114605806027,0.5268373885660174,0.4041090453751183
2023-09-21,,,0.5158832993063142,,0.6334782541232585,,0.5614366847375956,,0.48088793712909594,0.5651983247294009,0.5481407849640473,0.44437261441298237
2023-09-22,,,0.4424270285844922,,0.6430102333424383,,0.5181914414061809,,0.44813925523110204,0.659926653077533,0.4874847036620572,0.5027521531483153
2023-09-25,,,0.5033848582152707,,0.5495256181895571,,0.42948042444899537,,0.37692677692782356,0.5775025595059348,0.4464012406545449,0.4921566921784962
2023-09-26,,,0.475562155377338,,0.576452160027819,,0.3916111764572031,,0.3587916835665252,0.6694016028754408,0.45726699964590745,0.6281484844578729
2023-09-27,,,0.5472385417730071,,0.6199560666131306,,0.4280171305539023,,0.46771716504251937,0.6799316760965367,0.5608200676520372,0.611211290547742
2023-09-28,,,0.4343098812809942,,0.5944900636650003,,0.38488835012000405,,0.4209876844477814,0.7132066078027004,0.5839065850287978,0.6076006221202228
2023-09-29,,,0.44197140881917907,,0.5950293084904044,,0.3238117810863993,,0.432399658221353,0.751585858343013,0.6013908274558389,0.504310635946476
2023-10-02,,,0.4847325550725332,,0.546706454542584,,0.33751958781841335,,0.44565661725805245,0.7787765473483323,0.6407969762070154,0.40153860262534574
2023-10-03,,,0.4455249449014777,,0.5633141539942734,,0.37919155914270675,,0.3764684796305323,0.7587458684249382,0.5636522565665399,0.3955246276761159
2023-10-04,,,0.5377321189239505,,0.6391817338742205,,0.2578738301431824,,0.5129420957325352,0.7954319085125559,0.6598114027192227,0.41886414559464874
2023-10-05,,,0.44294083290896724,,0.5479677948707656,,0.3138509752483384,,0.39045794086518976,0.7496361619849338,0.5988647752233612,0.3308431085249238
2023-10-06,,,0.4751813450268083,,0.6324289140184995,,0.2960520359291179,,0.4174900171491758,0.7421786714688803,0.623463058076157,0.2465630367984721
2023-10-09,,,0.40694514616083755,,0.5758207973545255,,0.4171671858955384,,0.3466123868535302,0.839762120999863,0.5282294262536185,0.17747484045050124
2023-10-10,,,0.3946835617793898,,0.6320512092963113,,0.38674356756219536,,0.3819015766730323,0.8897649552806722,0.5458386616838087,0.26833818864113634
2023-10-11,,,0.47944988965510454,,0.6480370631451297,,0.3632511201991352,,0.4364994739499119,0.6736260459265982,0.5534105350150624,0.30334244093396057
2023-10-12,,,0.46827625996426675,,0.7125254236385101,,0.3326256440057784,,0.3996824068168178,0.6146827666762508,0.5096861122576006,0.28663742262465436
2023-10-13,,,0.48001821279177076,,0.6830932085301387,,0.3268524635803935,,0.445181996484507,0.525343975134842,0.4988827465419873,0.24917176444054348
2023-10-16,,,0.44598703947619756,,0.7027918153468495,,0.41427583247712957,,0.4664074358431862,0.43582016996851697,0.5472228712129923,0.4284051088774264
2023-10-17,,,0.44180048703513536,,0.6415699396474995,,0.47474204842041967,,0.3918149119711559,0.4234927758388856,0.5158823362727705,0.41343486067200114
2023-10-18,,,0.3219963172167114,,0.6304081481801773,,0.4566207954687969,,0.4351378866428545,0.32710578393895745,0.5350005326480636,0.5410373720828835
2023-10-19,,,0.41462229375695786,,0.6647648314359285,,0.43094696198574794,,0.4523699029537441,0.37371316047387476,0.5420379101176415,0.5454813488770864
2023-10-20,,,0.43436219302714557,,0.6305949604547542,,0.559458117150525,,0.44365164268866075,0.4060880186826862,0.5831289974804347,0.4309361813639651
2023-10-23,,,0.4719463552993775,,0.6201916170745728,,0.5105947906883957,,0.4976604464598075,0.6064532388250155,0.5520613904555373,0.4622641337098815
2023-10-24,,,0.4564936510046887,,0.5816965475931131,,0.5303153877091331,,0.42077575666416667,0.3529111098877557,0.3932251112389645,0.5272925190306703
2023-10-25,,,0.40510240363277383,,0.47238374865251603,,0.5883295875048876,,0.4177791187010083,0.45774335331277693,0.4524571857720429,0.5634585045158299
2023-10-26,,,0.4222753412044958,,0.5712695373492553,,0.392142423621716,,0.4316808522371365,0.3304139442965247,0.511086618951903,0.6429384513902971
2023-10-27,,,0.44616190149886076,,0.6964526191179485,,0.41787945388454245,,0.4350312157470956,0.28580685930857286,0.446252871598775,0.5830355795906212
2023-10-30,,,0.46170753404370596,,0.6165166292430982,,0.34527491153257517,,0.3763365233874555,0.45340154823991113,0.36166158251994257,0.5206812730634528
2023-10-31,,,0.4633076579284787,,0.5676920133372199,,0.3734247420807741,,0.4025851647454249,0.4524838486298052,0.4437013454172562,0.6106637126811915
2023-11-01,,,0.42670724848490765,,0.5773147574751727,,0.40548102690017807,,0.418683264870224,0.35595663324872345,0.48044035423134795,0.5552842399089299
2023-11-02,,,0.5096176737285385,,0.5607113987557328,,0.29107340213846533,,0.45243880811706,0.5224318558781359,0.4641725484893262,0.46783330833570874
2023-11-03,,,0.5844923031235204,,0.6249408911180739,,0.2158803528615138,,0.4852296999795721,0.6488218292511654,0.5399161772973268,0.3983911867288832
2023-11-06,,,0.601133037934184,,0.7045459823397564,,0.2140614476358946,,0.5227537568112703,0.6549338367674107,0.618436115836598,0.2924955361735944
2023-11-07,,,0.5715695203563439,,0.6712647134594738,,0.21215684842902763,,0.547918697312878,0.6598162075377806,0.6383425475590211,0.30143664882817134
2023-11-08,,,0.5137411284710189,,0.6604130637985307,,0.2788297812569,,0.5337480011175376,0.6975877224096751,0.5947614044365475,0.2899287021742405
2023-11-09,,,0.49992316748864474,,0.6697421562605568,,0.2974721559885638,,0.5055712056876326,0.5184593934898822,0.6343325927047319,0.3034934355327416
2023-11-10,,,0.4475074619869882,,0.639979598841421,,0.31988657222961686,,0.5174168042158975,0.5721189149450732,0.6103742178566759,0.2853052149827608
2023-11-13,,,0.3406333707772604,,0.5389620158294539,,0.37270228655955184,,0.40143910576671626,0.6946917893491267,0.48576005841577335,0.2799837897209172
2023-11-14,,,0.4120634870139067,,,,,,,,0.6094570298989557,0.3014447508128693
2023-11-15,,,0.4250040270459953,,,,,,,,0.6064978947083648,0.3316626575211352
2023-11-16,,,0.4393505642902496,,,,,,,,0.6358751045490408,0.3281536322596871
2023-11-17,,,0.45948256817258337,,,,,,,,0.6060401899509751,0.45693157550663654
2023-11-20,,,0.40678298835014637,,,,,,,,0.6416721452506456,0.5475649286341328
2023-11-21,,,0.3493654232840259,,,,,,,,0.6108426917570694,0.4616994204456119
2023-11-22,,,0.39377491556310334,,,,,,,,0.6389504800388123,0.5248033232266038
2023-11-24,,,0.37560879892003013,,,,,,,,0.5798668744929546,0.5013261466856113
2023-11-27,,,0.32000739177856435,,,,,,,,0.6608284975646748,0.370303456503487
2023-11-28,,,0.2297239767747793,,,,,,,,0.6107474376119123,0.3944584265879327
2023-11-29,,,0.25393483351893,,,,,,,,0.6220860052591832,0.3198948100757738
2023-11-30,,,0.26509722476170045,,,,,,,,0.5918597794627659,0.309495565367129
2023-12-01,,,0.4190236232728701,,,,,,,,0.5837794629862795,0.5789060264198825
2023-12-04,,,0.3668652640350253,,,,,,,,0.6178155525281221,0.6010145523420495
2023-12-05,,,0.42754901165607784,,,,,,,,0.6615978651674255,0.7178553682785063
2023-12-06,,,0.3495455766464174,,,,,,,,0.6159283815477262,0.5856834216884288
2023-12-07,,,0.4285599242056348,,,,,,,,0.717352281049111,0.6039474351847445
2023-12-08,,,0.3133187521758864,,,,,,,,0.6296729609031226,0.4583874323014243
2023-12-11,,,0.3317258081605077,,,,,,,,0.6511994248682985,0.4700533589700719
2023-12-12,,,0.47991633696539227,,,,,,,,0.5641191825548619,0.5041837981400251
2023-12-13,,,0.4436841790187581,,,,,,,,0.5862277571852307,0.6610701223105164
2023-12-14,,,0.5856856538013763,,,,,,,,0.6148707552050797,0.7774278030268228
2023-12-15,,,0.5765826117834288,,,,,,,,0.592007899922097,0.8974155008734368
2023-12-18,,,0.4288277684337165,,,,,,,,0.48467951854565716,0.7086133828120348
2023-12-19,,,0.42615270601885985,,,,,,,,0.7039812025626379,0.8574832941087436
2023-12-20,,,0.5464358749390952,,,,,,,,0.7523544982478618,0.7155029806164436
2023-12-21,,,0.47767899842327965,,,,,,,,0.7234737521874337,0.6363989106355826
2023-12-22,,,0.4312306320276521,,,,,,,,0.6865300889169018,0.543018843426267
2023-12-26,,,0.45257899795438394,,,,,,,,0.7219049808313408,0.5505421675028584
2023-12-27,,,0.45756964739653133,,,,,,,,0.7281798282121,0.4963328870527638
2023-12-28,,,0.4441584908607333,,,,,,,,0.7347314919606942,0.5098204596373394
2023-12-29,,,0.4853327813992615,,,,,,,,0.7360296050026576,0.4578377374867262
2024-01-02,,,0.420451708382733,,,,,,,,0.7327100859120882,0.4699469499269293
2024-01-03,,,0.5483947881420321,,,,,,,,0.7858146861829609,0.7426949148624856
2024-01-04,,,0.4063315968568305,,,,,,,,0.6545988871312941,0.6592128138596398
2024-01-05,,,0.41902838676865445,,,,,,,,0.6518100437169693,0.6773212100099512
2024-01-08,,,0.40247915790706984,,,,,,,,0.6334815612384941,0.6298182534004285
2024-01-09,,,0.3674335111424952,,,,,,,,0.6199871972527575,0.5752031548771622
2024-01-10,,,0.4647192272209069,,,,,,,,0.5666521706042753,0.4151144959739266
2024-01-11,,,0.5182348179347691,,,,,,,,0.6330481261336863,0.5005493363813441
2024-01-12,,,0.4747989711253071,,,,,,,,0.5931543479703828,0.4288705645881501
2024-01-16,,,0.504679460968641,,,,,,,,0.5748730140332483,0.5519256598955278
2024-01-17,,,0.4157489881381341,,,,,,,,0.5106175307359647,0.6630320828453127
2024-01-18,,,0.5031641697526953,,,,,,,,0.5915251797210929,0.6803039164247735
2024-01-19,,,0.48655723431076225,,,,,,,,0.5059010794785259,0.5054971746295983
2024-01-22,,,0.48467069255999323,,,,,,,,0.5393558159082251,0.36137197809712
2024-01-23,,,0.5363941178432169,,,,,,,,0.6298416510760317,0.4810928646630285
2024-01-24,,,0.5401398388694527,,,,,,,,0.6395064604412989,0.4283685084316042
2024-01-25,,,0.5071386574499384,,,,,,,,0.596822807748471,0.40556071816606754
2024-01-26,,,0.5988787872485553,,,,,,,,0.6707558951703614,0.7038428206328534
2024-01-29,,,0.610038446165781,,,,,,,,0.5861841274925763,0.8205628660753446
2024-01-30,,,0.5620890302247652,,,,,,,,0.5536104270236955,0.7919236038377301
2024-01-31,,,0.6226227002409295,,,,,,,,0.5858686306969237,0.8652828475722758
2024-02-01,,,0.5688411664122881,,,,,,,,0.47990776230453186,0.7131511690743917
2024-02-02,,,0.5333551922336339,,,,,,,,0.6655717736296672,0.8322628079806524
2024-02-05,,,0.472377896118409,,,,,,,,0.5251861706579263,0.6446575348230805
2024-02-06,,,0.414588229508485,,,,,,,,0.5535485816838582,0.6366060081176427
2024-02-07,,,0.6227683404072444,,,,,,,,0.5839745132246171,0.7618621161966516
2024-02-08,,,0.536916696349575,,,,,,,,0.5849680291194759,0.6321013664166445
2024-02-09,,0.4333789075847669,,0.4391668643787691,0.5857021947811325,,,,0.607938853954557,,,0.38453634031419537
2024-02-12,,0.3215896579677728,,0.5161641717193153,0.4786356745217259,,,,0.5118327723821449,,,0.29599903810767153
2024-02-13,,0.35188668148486685,,0.5028435126250252,0.5447266727418613,,,,0.6008375240409062,,,0.2474214374519544
2024-02-14,,0.28100331183983074,,0.4827766973126946,0.5213932776440061,,,,0.635563346846698,,,0.17565299428119455
2024-02-15,,0.19097183959146385,,0.4595998425485603,0.435360046969318,,,,0.5872758313162265,,,0.24784533205343526
2024-02-16,,0.21615230613152153,,0.3709778399388616,0.4662590470613538,,,,0.6833121257381485,,,0.4262406108129324
2024-02-20,,0.24322150878200013,,0.4902580262084622,0.5150851630972376,,,,0.6922329650034363,,,0.7069033231929346
2024-02-21,,0.299847430441211,,0.49512702419861004,0.3979681619208086,,,,0.663247082685871,,,0.7254489700231039
2024-02-22,,0.3384553297412525,,0.37962745969172385,0.47659091156859185,,,,0.6558370019392737,,,0.7189232720557805
2024-02-23,,0.38158115017352184,,0.2883945971036393,0.2584708575404981,,,,0.45945381166294214,,,0.7860210261381632
2024-02-26,,0.35096655704877616,,0.2934910569072335,0.2865170491301414,,,,0.4028756688258251,,,0.7560652608281514
2024-02-27,,0.34405015979778697,,0.279271919312804,0.3605631195016665,,,,0.39092066193985636,,,0.6390762587831013
2024-02-28,,0.291067184709325,,0.32148428439130944,0.4286805861738452,,,,0.37292053777905615,,,0.5830294090769967
2024-02-29,,0.29810344048023335,,0.27775441004706886,0.4524518013455168,,,,0.4333643544058971,,,0.6490151876507408
2024-03-01,,0.2892788088681215,,0.406410257734846,0.5512618342572202,,,,0.29681913068799615,,,0.4823854104315669
2024-03-04,,0.24958147065474245,,0.2577313723411548,0.4440320518628218,,,,0.2955028579076149,,,0.36377340580208156
2024-03-05,,0.37756822966637876,,0.40748002549521567,0.47990479218009297,,,,0.42421515026053375,,,0.3703708019886806
2024-03-06,,0.39017739041648614,,0.44089804249903475,0.5305651303299566,,,,0.6280447566741315,,,0.4288526804073194
2024-03-07,,0.3551754064410109,,0.3566618156043254,0.2842985983299751,,,,0.5108856157986531,,,0.42347115853165124
2024-03-08,,0.3738455627875533,,0.37245267169456975,0.3860156071666455,,,,0.5227341881402269,,,0.3972100016079284
2024-03-11,,0.41771461736671234,,0.6390810327938079,0.4239692335270773,,,,0.6503204405267838,,,0.6135684750898971
2024-03-12,,0.4238060516216306,,0.35936664959824877,0.5166144522124897,,,,0.5924817172738234,,,0.6646409422927513
2024-03-13,,0.46361216948374023,,0.31700790852657457,0.4660418639823348,,,,0.48037472724747116,,,0.5804384936767661
2024-03-14,,0.5326650340352331,,0.3169284457891469,0.5869833110241308,,,,0.5673735818246692,,,0.686714563953274
2024-03-15,,0.6061746778248802,,0.25436464450324187,0.6517580428138725,,,,0.43011520712166995,,,0.7781018090637493
2024-03-18,,0.6100741034778812,,0.4915314943827232,0.6886785342346762,,,,0.5109632564590455,,,0.7583648091839283
2024-03-19,,0.5349062207880028,,0.38287874322221116,0.6305137707827471,,,,0.4978383242082307,,,0.7874466792102918
2024-03-20,,0.4167583888649592,,0.48314025924968,0.7225107922481846,,,,0.42270169143816283,,,0.8664431395321174
2024-03-21,,0.350987658859906,,0.4382666658632444,0.7173751022631105,,,,0.3864379437573376,,,0.7687331971873563
2024-03-22,,0.371593982442083,,0.4439595725510303,0.7501757421797124,,,,0.624155974893263,,,0.6765485608063799
2024-03-25,,0.27162186226027313,,0.6620851149071557,0.7803418509167971,,,,0.578173159094745,,,0.4051507932754582
2024-03-26,,0.21298387806547683,,0.685964719683073,0.7014495089487618,,,,0.569882208387967,,,0.3758319734529019
2024-03-27,,0.17420415964470953,,0.7322994643343614,0.6144866139147687,,,,0.5698367957119878,,,0.2765276506386651
2024-03-28,,0.15298438385459404,,0.7080831764078482,0.5091127493524332,,,,0.5801758454107805,,,0.5164656105069108
2024-04-01,,0.09652999263864362,,0.4684408969396322,0.5859850141494799,,,,0.560098662768305,,,0.38751520230987957
2024-04-02,,0.09952457911769033,,0.566603839836793,0.6055295711855697,,,,0.5709730435596768,,,0.3601437333732289
2024-04-03,,0.11003528068044101,,0.6019321584514997,0.6413626321995282,,,,0.5243440859594231,,,0.37996401688089776
2024-04-04,,0.14228782568048093,,0.586132302058301,0.5286479007476704,,,,0.5201585108229057,,,0.5071881898408322
2024-04-05,,0.16842203499872999,,0.6514793968831785,0.5438226116950445,,,,0.4567099645764779,,,0.5992602444076852
2024-04-08,,0.18207830794220828,,0.5483562573780053,0.5512984713782646,,,,0.2931890320236669,,,0.7552521333394918
2024-04-09,,0.22752875622770832,,0.5150210649151623,0.641425218290252,,,,0.378984047129814,,,0.804368981730397
2024-04-10,,0.24945089009181026,,0.513605843496206,0.565971872448244,,,,0.33836506451677184,,,0.7814817745598693
2024-04-11,,0.31795261759185245,,0.37667814446315123,0.65106772649218,,,,0.527395376402576,,,0.581312855451108
2024-04-12,,0.272306012195186,,0.3773704256272011,0.5122097383827303,,,,0.43204591342074455,,,0.5034705203463478
2024-04-15,,0.37551920928802696,,0.5163987780228402,0.4913406624202665,,,,0.6112059378791866,,,0.47894762590514184
2024-04-16,,0.47804833127574914,,0.4768288661633296,0.44615959112964726,,,,0.6428926625143285,,,0.663924166443419
2024-04-17,,0.46868802674564225,,0.48178814118103347,0.3982873354474463,,,,0.5716125908432093,,,0.6230167944051612
2024-04-18,,0.49067874190639676,,0.5557781759249684,0.3422331293847159,,,,0.6703180421390236,,,0.6520757574376663
2024-04-19,,0.5308655270413863,,0.47600529431074423,0.463731934427006,,,,0.6817971857972354,,,0.70470146505422
2024-04-22,,0.5767261787152629,,0.5982147205604451,0.3926041839110742,,,,0.7560997743769083,,,0.8221220237598896
2024-04-23,,0.47710519464372464,,0.41413553782355145,0.4490505801372097,,,,0.6115832661887554,,,0.7550090503928907
2024-04-24,,0.4574969875320775,,0.42166236328735895,0.48937415075646773,,,,0.4979652147792359,,,0.6958009708287829
2024-04-25,,0.4266967176243534,,0.4472888333915051,0.47309077955748235,,,,0.5526851330975046,,,0.6587086946672077
2024-04-26,,0.4953782772268295,,0.37506744468965336,0.5042039983807595,,,,0.5235119126643543,,,0.5797336824217783
2024-04-29,,0.37520174556177655,,0.3989013592653011,0.42725314196456,,,,0.4984836949129843,,,0.4559219825979202
2024-04-30,,0.26782252195114586,,0.489016699570082,0.47139574557103947,,,,0.3962546406728145,,,0.536692667272138
2024-05-01,,0.2334540422689268,,0.4838455047571004,0.5732609926860517,,,,0.407582014167271,,,0.46682388974308164
2024-05-02,,0.23187818217722858,,0.5981696098599739,0.6276631912633742,,,,0.4453768923707596,,,0.7258226646432037
2024-05-03,,0.27367232330265345,,0.45437519386428754,0.5715076743347953,,,,0.33607770518575486,,,0.7624949668785121
2024-05-06,,0.16613913697302338,,0.3512169410599959,0.6049909135858231,,,,0.3419577101141096,,,0.6404871386008766
2024-05-07,,0.19367754350844474,,0.3061268525019809,0.650050956579771,,,,0.4247494905214844,,,0.6440014705661148
2024-05-08,0.6852525503668792,0.394180684388117,,0.28436109022560213,0.56810728670535,,,,,0.30555506609462546,0.38380307237561473,0.4485826924226202
2024-05-09,0.8558359358708065,0.3775727327670918,,0.22810835851868017,0.6462347799011283,,,,,0.33929671805453193,0.4348526973969772,0.3727165561878679
2024-05-10,0.7080609299845156,0.34276595450907876,,0.46070870494283306,0.7002400146683906,,,,,0.28696288675917797,0.43748369862880293,0.3960108349224345
2024-05-13,0.8754647047095167,0.38214189263931325,,0.38173108775074416,0.7054998118649829,,,,,0.2784212205387492,0.47079393763408406,0.3646789474139877
2024-05-14,0.6963483373273519,0.389839976092648,,0.4211236136420125,0.7104716489827547,,,,,0.24654999588152401,0.4712948097844643,0.3576683596043292
2024-05-15,0.8770665080322169,0.40368798882920176,,0.3016427354564927,0.6505547417183026,,,,,0.224170328715683,0.4692260628022795,0.36608499592954746
2024-05-16,0.8462748440332638,0.39891482437504455,,0.2871015919324079,0.6025378203093534,,,,,0.41141958338677803,0.5172449625324971,0.39175665195540266
2024-05-17,0.856521500684208,0.4038406015994658,,0.4247170778759168,0.45383574072669547,,,,,0.4577045869760961,0.5527995759486529,0.24819282253263783
2024-05-20,0.8511216801552104,0.4537314914258897,,0.3473520126713759,0.4694948433491973,,,,,0.5499852081946401,0.5431012050185624,0.3380218750649521
2024-05-21,0.9047694192539767,0.4590401540768348,,0.31121687345244914,0.5091368065174263,,,,,0.6307414616244302,0.45480488096353355,0.32123339757761965
2024-05-22,0.8528570245833842,0.4437814183847321,,0.33131174792265883,0.5624946572685964,,,,,0.5590049187530122,0.461579999958107,0.4600122286529853
2024-05-23,0.8822834941840262,0.5180001873640742,,0.26541327727349234,0.6396657562454894,,,,,0.6024127601775968,0.4730820394299062,0.2536549427019241
2024-05-24,0.8371699386264496,0.5303182002619637,,0.28475849439661494,0.4734999559964053,,,,,0.5394624493720002,0.43991011217524567,0.26463745662796045
2024-05-28,0.8235729148296242,0.580388687270712,,0.31220971712260287,0.6531298666089244,,,,,0.5605721298323385,0.326423792149414,0.4077254456881073
2024-05-29,0.758623124957376,0.6114979882826157,,0.39160197350777787,0.6849992870896728,,,,,0.5698507362659648,0.3836841401563549,0.36724798109818674
2024-05-30,0.7339370586188874,0.5639032875440023,,0.5005757284501188,0.5160341548897815,,,,,0.5461191408459057,0.4540743056178149,0.34812559532113313
2024-05-31,0.6083338788008553,0.7318008649214762,,0.5459979651378333,0.264404517036215,,,,,0.3430435240497175,0.2549880484571525,0.6701873574361853
2024-06-03,0.5802842226149373,0.6280366927944429,,0.7697229590001856,0.2575667335261522,,,,,0.3094350890666215,0.4270866936327071,0.807038628685715
2024-06-04,0.5939936502820359,0.6815354849133073,,0.46561639874684807,0.30262683813266417,,,,,0.32334757793440644,0.2545156339125303,0.5950754607852349
2024-06-05,0.6632116619559302,0.6803331069326025,,0.4207668858901882,0.41519590160590025,,,,,0.3119880201956638,0.3291343716782068,0.6810502548258933
2024-06-06,0.7066733404571806,0.6392076824837023,,0.26346729188933415,0.3980614421703645,,,,,0.3429655081367496,0.2258986430180945,0.6453944682497077
2024-06-07,0.7501683386889764,0.5383647646800359,,0.4380021575781561,0.4786116163312752,,,,,0.5943723826970253,0.4638715115517405,0.292555278089425
2024-06-10,0.5571796957889424,0.4990015233511684,,0.4031374514986393,0.5374992210241766,,,,,0.6019763104287799,0.4838614040559579,0.2701899748967433
2024-06-11,0.5608591035469729,0.44398832318695036,,0.49548376215349954,0.4748260799940758,,,,,0.5607233616926727,0.4201253333499222,0.29864176298408673
2024-06-12,0.06024422162364914,0.432219160573159,,0.4797741362787829,0.6093161022146495,,,,,0.3874915251234692,0.510150911785624,0.4174891936835479
2024-06-13,0.07526532395533216,0.42023920279453003,,0.49584799057759105,0.532017384998593,,,,,0.12266167649631077,0.3582602363127151,0.508017507555358
2024-06-14,0.4565228977956536,0.42634244969174007,,0.16594820039105607,0.36048263989431856,,,,,0.3047809386396895,0.3447686860798534,0.44817014190579313
2024-06-17,0.6926712823850985,0.4600594914569258,,0.382924496424147,0.2088927406771317,,,,,0.2988870351246927,0.31012913865492386,0.402523573892084
2024-06-18,0.4073180053921675,0.3766416396567339,,0.32242555446381177,0.16350673567756932,,,,,0.3120132407300613,0.20008797354736235,0.45860811970306736
2024-06-20,0.7506019845593155,0.4047057201439499,,0.6205932822860792,0.11204400097859422,,,,,0.3254074236156527,0.23687167412710092,0.43043125444998703
2024-06-21,0.663537740207226,0.4232329760541172,,0.7026684042335098,0.14611088941336642,,,,,0.14716374084252964,0.37138881902942755,0.3864933319718014
2024-06-24,0.088324415330572,0.3702941224421988,,0.682646669363659,0.15065547885055824,,,,,0.11826591347344477,0.21860790974910974,0.39191008014376544
2024-06-25,0.37143906241225166,0.46607766766668474,,0.4705411344646251,0.24568455052286897,,,,,0.14470914591362471,0.35198128130841905,0.3928847036228353
2024-06-26,0.8126309283874383,0.4830956474478019,,0.3974463276311859,0.3382224967558778,,,,,0.1218692949696801,0.19680809781294553,0.4535923183752226
2024-06-27,0.5193521614999482,0.43921516701550195,,0.22887973247353868,0.3464939499588327,,,,,0.10670466508977113,0.21369275449910421,0.3932116606252962
2024-06-28,0.6496565275166365,0.3811555616634184,,0.2518032808916798,0.4883913820067473,,,,,0.12231946464902628,0.21596958929826146,0.38144612607573236
2024-07-01,0.4431938609687042,0.3194314475952321,,0.5124197101201907,0.572920232112882,,,,,0.10785123297477577,0.15114952674088045,0.41870312129861553
2024-07-02,0.41480357672581564,0.25207335718486146,,0.25705498888717465,0.5696713403317816,,,,,0.19079091688594466,0.25165067025209514,0.23991144440171297
2024-07-03,0.37283546586466315,0.26846929132074326,,0.3301410694904968,0.7008011366787622,,,,,0.25098325400669724,0.27902948987525644,0.1897952117542224
2024-07-05,0.6956620545206407,0.28654865413975245,,0.19266249716786063,0.7132149120665671,,,,,0.3229560102198927,0.2856209192145686,0.19369672063946036
2024-07-08,0.474383561004558,0.2241538912127508,,0.5338758908783907,0.8129667390449739,,,,,0.28503911401800597,0.26604604944976373,0.1601451585588776
2024-07-09,0.6000667832262965,0.25841739214798015,,0.31504113376891996,0.8209833992813268,,,,,0.25482417183212674,0.2543697284270486,0.24558829836790058
2024-07-10,0.5971998293506908,0.24784503268620642,,0.40553493014215475,0.7814059897179738,,,,,0.2370846491248113,0.3013792948305408,0.234150467031334
2024-07-11,0.6575290176488904,0.24246293201217417,,0.43919678963645287,0.7244806837852844,,,,,0.28781035431773594,0.3592042444546301,0.29358841284466214
2024-07-12,0.4613361639164964,0.2764362161453261,,0.5085606395942449,0.6688611995433392,,,,,0.13655167787130149,0.38376796288912335,0.2984599189122493
2024-07-15,0.6318674679497612,0.3065104622498723,,0.31012403263318783,0.7706327152040842,,,,,0.19902150362224746,0.31884614447210524,0.2963844414984098
2024-07-16,0.5530810407460163,0.31356747941974294,,0.5859685661993226,0.8030573246731685,,,,,0.23301609201599677,0.2534149768647291,0.21556330025581436
2024-07-17,0.7547882622005141,0.38284429421003774,,0.6817659749612889,0.7820889565456838,,,,,0.2661854400797216,0.4336179263312472,0.25329129012045165
2024-07-18,0.6865527509653825,0.3582987706366658,,0.9534834650430943,0.4540883182039776,,,,,0.15082873016527554,0.5080721250783332,0.35586351404776845
2024-07-19,0.8668612544275722,0.3427970025278724,,0.7024498526471067,0.7111660904140308,,,,,0.17826836478864672,0.23310524346983222,0.29619196965944156
2024-07-22,0.752716418206123,0.35693410473145415,,0.84712042339916,0.6662575603941917,,,,,0.15868326924554368,0.30635891570122104,0.3541732314598544
2024-07-23,0.9390139663079237,0.38844826427074036,,0.6019335928671067,0.7566897083982308,,,,,0.15316974923211707,0.21756323130884458,0.6565465575425166
2024-07-24,0.7486220395199192,0.49421192791792623,,0.6052440953627747,0.6258621700778562,,,,,0.2226160512845626,0.3169917759964778,0.5595326261663609
2024-07-25,0.6997758255930895,0.34941434194246085,,0.8537341223243885,0.593076733941724,,,,,0.2239102055504259,0.39733369363332044,0.6030880179994842
2024-07-26,0.6559933437862406,0.4240409420270083,,0.7471745786371243,0.5975589193459141,,,,,0.1796651499997051,0.4836250973375796,0.6217715655386995
2024-07-29,0.809809997781269,0.42398027463110255,,0.5326998950086762,0.7035277043324857,,,,,0.1918795947378017,0.4461556006192056,0.607620144308941
2024-07-30,0.7773466287573851,0.3469790698296723,,0.6095587522709807,0.5470529668426081,,,,,0.18590476013265092,0.4412441923856801,0.44681507990923036
2024-07-31,0.5946824186439963,0.3413307056904723,,0.7775970374423626,0.38038646404149073,,,,,0.12610812164131793,0.556876233544238,0.5540990269211843
2024-08-01,0.8535599312996406,0.37066110736188,,0.18705027550838407,0.31900682485263027,,,,,0.17657832663439804,0.15810358219307916,0.5361399078016373
2024-08-02,0.7248425956230491,0.3052428121003951,,0.8525618178809372,0.14297247219765155,,,,,0.12623281913804807,0.3021425078942673,0.3856970535542783
2024-08-05,,0.2866323206894609,0.4737201922027277,,0.5704304676726302,,,0.1665623091085902,0.009997574005500023,0.30383581179152847,,0.4503628908179181
2024-08-06,,0.27179893359166163,0.2948525970896458,,0.807512137321324,,,0.07905760858745292,0.06342583970721172,0.28552959843744297,,0.3599563397617417
2024-08-07,,0.1836796909646934,0.5504212551480299,,0.7816530719817745,,,0.03489398272147365,0.11335699632452396,0.2219947017771537,,0.44803031932869997
2024-08-08,,0.2337803346941871,0.3653656463210116,,0.8507884567557508,,,0.0350552952414089,0.11048355754930443,0.15780964447741516,,0.5151955540997318
2024-08-09,,0.1983997463311172,0.5095410277449981,,0.9410041958319273,,,0.03638469617933643,0.12144330706216319,0.1625572168301096,,0.6300743980647253
2024-08-12,,0.19212001766404646,0.5288809754156429,,0.9262251794767405,,,0.2647247260398802,0.31389928429283986,0.2577328903814248,,0.6578807123688394
2024-08-13,,0.18806685126716058,0.6564951122669074,,0.9580221547641784,,,0.4634287251418725,0.4538236865860903,0.2713330906832361,,0.7623533718061789
2024-08-14,,0.1812530943510162,0.5688482717037505,,0.9462314860988379,,,0.3549959090141589,0.45926467209897925,0.24234993893641776,,0.6783770830846142
2024-08-15,,0.3056159426723785,0.5416836798497778,,0.9088931719119246,,,0.6942495783453762,0.6032272135899394,0.3692479839698437,,0.7354663535326275
2024-08-16,,0.2901606841769713,0.5485699931540821,,0.9096340750317572,,,0.5255858472243986,0.5891995358270825,0.23619888210346074,,0.5744027744431117
2024-08-19,,0.33394451682357806,0.6019475647700728,,0.892839353039684,,,0.6608511292863,0.6203569066558778,0.27597286980915875,,0.5652949119627401
2024-08-20,,0.25414624836410177,0.5950442072215854,,0.8993120210838202,,,0.6224773626670378,0.5961381667486969,0.2152968937986111,,0.5811449825237209
2024-08-21,,0.2900745133163539,0.4267103030842317,,0.8520818034063548,,,0.6514713538997768,0.4697337969104142,0.2329053245999523,,0.3644391310934835
2024-08-22,,0.3370875786299412,0.4368761530765227,,0.8504668981827127,,,0.668424538502217,0.579533474489288,0.2943530774313593,,0.39055393923627757
2024-08-23,,0.3872569575134923,0.3807852562152042,,0.7212262635357459,,,0.6042864011760184,0.46876561376632536,0.2645808718176353,,0.42979280035339923
2024-08-26,,0.29484838079400566,0.3997559422473996,,0.7971597085566569,,,0.48386555472802295,0.530848864088383,0.23657117490141802,,0.5083977238579143
2024-08-27,,0.3231344900251235,0.3646748827400641,,0.6416393804474106,,,0.5689802667693131,0.49506646199657617,0.30233151467240643,,0.5767677043250209
2024-08-28,,0.30783657758792865,0.2611579762700416,,0.736469440840817,,,0.5476239642197952,0.5748249235554931,0.32798734897164916,,0.6657755099650555
2024-08-29,,0.3195941077205174,0.28004943540157,,0.7136629400975817,,,0.6519743411301893,0.4968974192233022,0.32588649729069846,,0.6783691853506371
2024-08-30,,0.4177674502321262,0.16522427712827042,,0.617274516970062,,,0.6204316447634617,0.6523752944942822,0.4366363494174105,,0.5252351466360161
2024-09-03,,0.42763849421189243,0.31139483692471226,,0.6732343393668642,,,0.4011040122394582,0.872875867042312,0.49485696076776053,,0.595714015525224
2024-09-04,,0.5232011009731715,0.20206827359668159,,0.4716299264781617,,,0.4536673488291167,0.8190022800039388,0.6607506708044792,,0.48953915988078794
2024-09-05,,0.3804947108876657,0.22483198584219782,,0.5412834573281945,,,0.23042749382010344,0.8321803924841558,0.5439313690441485,,0.45077022194105554
2024-09-06,,0.4349453113119988,0.30186714779050733,,0.5431367174095791,,,0.24501965489027774,0.8361000097437018,0.6043727303127814,,0.627874364442471
2024-09-09,,0.47118655111658453,0.26035170061129015,,0.5342098207808423,,,0.27281653060508415,0.8493145203506784,0.5014746592081009,,0.4638456350100722
2024-09-10,,0.412026285820231,0.331028429743048,,0.6197009736334003,,,0.1449273303706328,0.8430050837607721,0.3975202945134998,,0.5883181287292057
2024-09-11,,0.41545668371224226,0.4433342806269902,,0.6570436887741823,,,0.1824688971319633,0.8666053595305387,0.19314725552524353,,0.6735614043454459
2024-09-12,,0.3978826587026411,0.5834146447074747,,0.6513787547123344,,,0.1682282890072514,0.93043231021804,0.3112839511985279,,0.5980016376573364
2024-09-13,,0.4993452512089486,0.72927106108286,,0.6179944872135329,,,0.20833798800597902,0.9182429768065394,0.40116513669350856,,0.5319368663203186
2024-09-16,,0.4728598159235219,0.6064757358021652,,0.7186704460906284,,,0.524215074804002,0.9413941329416248,0.35895608916221583,,0.3082046154245165
2024-09-17,,0.4221572708323591,0.5532178758712923,,0.5696341730330291,,,0.47260232622873966,0.9053460466904817,0.4334227610314713,,0.22299853577535336
2024-09-18,,0.3089188643852433,0.5978434880766261,,0.6257752151027216,,,0.5104472599979702,0.8979682930460504,0.29403679272837785,,0.2826629863491492
2024-09-19,,0.2550601565646875,0.4115429703777566,,0.6127146365167101,,,0.4871202456953823,0.8485851430240242,0.29419235320195736,,0.4113370710508891
2024-09-20,,0.19089275463305114,0.38126495614927425,,0.6196469853997126,,,0.4070998830406491,0.893279764783311,0.36087345560418593,,0.6385713005999748
2024-09-23,,0.32199715752352237,0.32844596340906373,,0.47721215305967507,,,0.6614680202874406,0.7940406072939077,0.4299114309458713,,0.521688987101986
2024-09-24,,0.20089753178638053,0.4063730010376567,,0.5186788554681194,,,0.6212725468592838,0.7987845629999899,0.31360211142286193,,0.545506567679445
2024-09-25,,0.19054876652335798,0.4357424754124677,,0.44977083217082947,,,0.6820475143470015,0.7980493236791589,0.37909184553376857,,0.5329205443198402
2024-09-26,,0.15255634131482596,0.4496226475918015,,0.42086094104336147,,,0.711312773717631,0.82181033004905,0.38307709088125713,,0.4680392926657368
2024-09-27,,0.16916703376530065,0.42210146110772057,,0.3339479282157552,,,0.6285816697454177,0.7935865310074653,0.32248338260748854,,0.4729200708069145
2024-09-30,,0.27192486034900726,0.4402885530942712,,0.3718774289073494,,,0.7270677283073244,0.7604833006330188,0.35697722831290224,,0.5543720067953326
2024-10-01,,0.26289655864634137,0.45207085580276074,,0.38907711981340304,,,0.7244023075576951,0.8551095892924943,0.3329570026736294,,0.6856218699098835
2024-10-02,,0.4093577420659132,0.4371507791767048,,0.3225640293605381,,,0.7673690619865005,0.791408584737422,0.3579608843216016,,0.5990007815518008
2024-10-03,,0.33023867837705767,0.29493692782411496,,0.3806116822965964,,,0.6527091693846478,0.752140355517775,0.3620999054829802,,0.7057148391996352
2024-10-04,,0.33671698615511925,0.37773552686525,,0.35049250310200347,,,0.6169690724931574,0.7244944435950605,0.35904392686224795,,0.7035375301872046
2024-10-07,,0.4284150881810147,0.38767847033255254,,0.37240405820156003,,,0.5955778014028967,0.7454947572327597,0.4004084994552476,,0.6645218513010833
2024-10-08,,0.36996169791219274,0.4879658608464157,,0.3041155598227419,,,0.5986769049900423,0.7659444338884929,0.1923110594407965,,0.6465161997028491
2024-10-09,,0.4162813496296812,0.5902606681588367,,0.3341047080658,,,0.5679370993285855,0.8317402233280762,0.4720196840530364,,0.7350647736943141
2024-10-10,,0.46854620733129737,0.43861637503859874,,0.4192743580291326,,,0.5777875712133922,0.855452791198094,0.4037006886805926,,0.6051806424149886
2024-10-11,,0.4363050739514086,0.5889802093494497,,0.4744063415375922,,,0.6000502524063106,0.8479168226060539,0.41205366347660893,,0.7271472036804887
2024-10-14,,0.48160939764086097,0.6105349529507558,,0.6373898880731824,,,0.5780684472987485,0.820382237080973,0.33040901383011956,,0.6994134962297753
2024-10-15,,0.47153064624409186,0.5285615250572314,,0.6847396476074286,,,0.650128436226755,0.8872951812049221,0.43906963680164196,,0.7825963150372311
2024-10-16,,0.5489999110543671,0.4438826170135289,,0.6202913651370757,,,0.6581716485385913,0.8847852251099004,0.3915872737624379,,0.8165679691243264
2024-10-17,,0.460654850088484,0.5091753650975895,,0.6505216840766641,,,0.5049278799486456,0.8884671128971978,0.2823123377400121,,0.7258599619386458
2024-10-18,,0.40536736068741297,0.41863711915082935,,0.6577405633496757,,,0.5161456428602313,0.88103354068611,0.31858889564307186,,0.8018540619823941
2024-10-21,,0.4775104305391929,0.43592421886165256,,0.5992658129243364,,,0.5549691604471919,0.9026935489417733,0.35087772312691834,,0.7388160969507067
2024-10-22,,0.4354807772752521,0.3833592926296845,,0.5485781567397741,,,0.555955501268769,0.9348281388444785,0.3266241261524549,,0.7676295418061564
2024-10-23,,0.5158816743283187,0.43102936223245797,,0.4801272879206745,,,0.666305967758483,0.9213050768295323,0.3539344662036446,,0.7890359068230085
2024-10-24,,0.594912623574736,0.4094152088470586,,0.4388109590098836,,,0.6068713920460478,0.9413370930924128,0.28780432061199496,,0.6034924936029962
2024-10-25,,0.5242494413086088,0.4883574423083725,,0.4698624978483934,,,0.5443807977806557,0.9417735370668656,0.25846825242711974,,0.824006614073282
2024-10-28,,0.42488801842316454,0.45681792949789635,,0.4276522357076951,,,0.5473891771256678,0.9473751175850381,0.24174987578463292,,0.8463670993311815
2024-10-29,,0.4048291386222987,0.3319342180220243,,0.4042300570376677,,,0.5679152577547287,0.7082335000964263,0.26073069918020503,,0.8362787783458197
2024-10-30,,0.2821065687700058,0.36160045730978796,,0.1560294324007596,,,0.5645176636426217,0.7019446576689581,0.2752589196196684,,0.8120911818024876
2024-10-31,,0.5070244792042876,0.39103464270518995,,0.20087151507781242,,,0.28106024852661987,0.4747491625767979,0.33495180006883185,,0.660975756366323
2024-11-01,,0.535116765098807,0.38083123506110406,,0.4855603909555388,,,0.26809383158447203,0.5036241200473321,0.20417193876266057,,0.5045086318079274
2024-11-04,,0.1561989899124749,0.3211445579987129,,0.3216609670421595,,,0.1730239162103893,0.6940000484330429,0.21487374631032516,,0.5924750475686215
2024-11-05,,0.19825084580770488,0.37013285482871916,,0.4259866532318936,,,0.22761058615631527,0.3900647569489985,0.2187918588115817,,0.6878975346150294
2024-11-06,,0.1597318362204033,0.5054696733183414,,0.33710566705090944,,,0.19958601061529577,0.4897824441913544,0.15046735878835998,,0.6787109455721742
2024-11-07,,0.18451263246564256,0.48241006017055316,,0.20085256246987926,,,0.21842657930434134,0.5568585391556037,0.2842498640281832,,0.5024119066098037
2024-11-08,,0.454269127746549,0.3513569838767741,,0.26009751756946664,,,0.4350077004047358,0.45759407923820866,0.47182295879744623,,0.6659618416633576
2024-11-11,,0.5298901773368115,0.47346239203914087,,0.33359609164973464,,,0.5557189217998592,0.3389445632860387,0.46174863644098735,,0.7122280856416613
2024-11-12,,0.5304170499201365,0.4748278856767556,,0.3418913687342507,,,0.3830595988263791,0.2705864243824298,0.4334291809444398,,0.7605209096690858
2024-11-13,,0.4537950831681236,0.32953530225017696,,0.28942988120575963,,,0.3242676223109436,0.2827459601141025,0.4880803150842764,,0.7989436021336023
2024-11-14,,0.4126089800827504,0.4836242366053949,,0.2504958119001663,,,0.23004508467568793,0.3372061786390691,0.3637403602567643,,0.6618370850940192
2024-11-15,,0.35047654883228185,0.4061276985279137,,0.32151834169162785,,,0.3847738487274416,0.29651578502072967,0.3601710159060025,,0.4932808147273659
2024-11-18,,0.5099915276456755,0.47604623560015574,,0.32294024476996464,,,0.3514578951737264,0.2438371883459099,0.31742812852033453,,0.31049381694350736
2024-11-19,,0.3594279017838862,0.44480346649310903,,0.2723115119694951,,,0.40766639835998875,0.3416612606529228,0.2988617749222766,,0.20434469064992866
2024-11-20,,0.37585983786958294,0.493567817192754,,0.3072319126367916,,,0.49266098709332323,0.28703820100737715,0.3563961782081014,,0.44535051270736714
2024-11-21,,0.430417442265248,0.4898684428913319,,0.34470636475878486,,,0.4620597607433741,0.3020900758876033,0.3704804066546903,,0.47933992020442534
2024-11-22,,0.3692216321842217,0.4463424252014752,,0.37698418583048526,,,0.5617045154627196,0.37114374539167433,0.3592180320443579,,0.4797979062341566
2024-11-25,,0.455473791230536,0.44443516615022954,,0.42072886122084957,,,0.5071396962554736,0.3329765236520696,0.441356980488321,,0.41888052903656636
2024-11-26,,0.4638139041029679,0.5266694197517814,,0.5064918241046642,,,0.39536837930234375,0.4469331171673856,0.2956810494210098,,0.290320873780268
2024-11-27,,0.4256115106085723,0.4628033034830081,,0.5489978327035313,,,0.5345322366766058,0.35539180550925875,0.3106906595020056,,0.5672374182827326
2024-11-29,,0.678609737486341,0.5468346959787447,,0.4670396999705114,,,0.5580151643945311,0.30491689556389623,0.32680684957668543,,0.5685134044915476
2024-12-02,,0.5898611841848024,0.47838449649291054,,0.5346173069360107,,,0.4873530984871854,0.2456743805128258,0.318778511952323,,0.6666833413856663
2024-12-03,,0.5138612055958581,0.4260450214647206,,0.5919602573475324,,,0.44789251665662916,0.46626597182459684,0.30254459750374696,,0.666184400388846
2024-12-04,,0.5879039550632521,0.5020566868185498,,0.6514066491041118,,,0.5263179959973401,0.33606236787758237,0.34770442204652524,,0.6511392243954625
2024-12-05,,0.4337373490739948,0.442863954651358,,0.5303198290704964,,,0.4557157445852524,0.36772716222815294,0.35158974012309135,,0.5914148362788809
2024-12-06,,0.5395438591513653,0.5284472225481116,,0.5950055800394628,,,0.5081109923177662,0.43401233780404985,0.449723263605684,,0.6047860969616983
2024-12-09,,0.624386536174717,0.4735983213549855,,0.548344151418676,,,0.4705688232762685,0.4345776997855184,0.4551106130386764,,0.5472907946574636
2024-12-10,,0.5421403345442555,0.4793585972440293,,0.55857645619556,,,0.4956978788209436,0.4739668776805815,0.43523548216692676,,0.5761475434206239
2024-12-11,,0.5793285867380187,0.5309355833297309,,0.6396536948740525,,,0.36449577872411193,0.4976334580013747,0.282746345926708,,0.6394235404369344
2024-12-12,,0.4149115773805755,0.5044963500611284,,0.5260424006426957,,,0.35377219018203976,0.47171695284267173,0.34109319375062036,,0.6625952184427819
2024-12-13,,0.4794901380223216,0.5021870195934361,,0.5713503168136208,,,0.3040731013632163,0.6106638568932132,0.39896783549502646,,0.6191999473084336
2024-12-16,,0.5679992668856465,0.5280798478070109,,0.2191059976403816,,,0.14994977879749888,0.6360574262546933,0.24468060545542927,,0.5541096819135956
2024-12-17,,0.5297909587806429,0.5839112247186794,,0.20097197080908735,,,0.11398103930451768,0.7374567730187751,0.20699965164615644,,0.5821258415492968
2024-12-18,,0.6325009268918661,0.47912290904448795,,0.2647079100570648,,,0.15167311857701618,0.6885011266055743,0.37310342708305944,,0.5353604616688856
2024-12-19,,0.6593470696917386,0.46246732295855836,,0.409883272749082,,,0.16930588555955747,0.6610746320980411,0.532121828227613,,0.30079795434268497
2024-12-20,,0.4856292897143793,0.5447597925145216,,0.2112760888974572,,,0.170553562311793,0.6336558695871425,0.4703744766723995,,0.36380511551417843
2024-12-23,,0.3477706624693253,0.5361609941969004,,0.1770413159405515,,,0.2547994981836875,0.661017301889489,0.4559247346337906,,0.3312711110623067
2024-12-24,,0.3790276343525606,0.570829800780546,,0.20879774071601617,,,0.44437697036700896,0.5471716946734165,0.6400809461724588,,0.45394263283583214
2024-12-26,,0.3250685188263304,0.47180288414483507,,0.2754485390192581,,,0.4706141203451007,0.5094750515774406,0.6370528764590949,,0.48736581524145867
2024-12-27,,0.5203219483855559,0.34216739062469403,,0.43747694771574835,,,0.7492416599568038,0.4794016089449019,0.7301464130134129,,0.43187409191480824
2024-12-30,,0.6064618682994337,0.30034207073311087,,0.6144097370198786,,,0.764250485676939,0.4330875109085352,0.702483629962064,,0.35884296653495806
2024-12-31,,0.5666073430304129,0.3668149955244882,,0.6376598366748215,,,0.706532662500281,0.4718577238265669,0.7197085014513604,,0.4025612460375784
2025-01-02,,0.6329603632770562,0.3999422421080849,,0.6816217341833788,,,0.6918751204159596,0.5550474540961127,0.6069367668790888,,0.4255404534198806
2025-01-03,,0.5848530133256711,0.4590188204882661,,0.6858316499297792,,,0.6633162952480924,0.5961056660629906,0.5778827614711538,,0.37010596455618794
2025-01-06,,0.47083136638951006,0.46908745205378594,,0.6773307302100005,,,0.6695081866813779,0.6520179209437945,0.5029179374081597,,0.34347944041773504
2025-01-07,,0.5294917031359454,0.46377276762273173,,0.7381573742274731,,,0.727891721345875,0.6338498274526664,0.4924782565991401,,0.3434561159000521
2025-01-08,,0.5999436402566373,0.44730235298589965,,0.7445276310506314,,,0.6850132120951293,0.6073757693323805,0.6142722962297232,,0.30593770051800245
2025-01-10,,0.5866808776255151,0.4557430587863236,,0.4743896274411889,,,0.6697934866553253,0.60259485579076,0.6449995254412948,,0.44847158434852097
2025-01-13,,0.6577828688436487,0.4222051201841498,,0.5693703900994026,,,0.6164650071854743,0.6147737151035791,0.4456783684393282,,0.40014384346620907
2025-01-14,,0.6179298085311445,0.5104883446347279,,0.4725073404911296,,,0.5608561912266717,0.5335520979705198,0.456481204834068,,0.3989118598080291
2025-01-15,,0.6024392808361312,0.47057529858637626,,0.4169820871346769,,,0.6879608144507857,0.5801797946015872,0.5400215283205622,,0.4561350610651045
2025-01-16,,0.4949319138192619,0.5522042909507923,,0.29548534739158083,,,0.6960310052160962,0.5602856684208384,0.4495000271290195,,0.43147204637755354
2025-01-17,,0.582574541847781,0.50795588853557,,0.43958323908323155,,,0.7336297719194951,0.5292933300219332,0.49605332861979407,,0.6708145354872439
2025-01-21,,0.6007171245424873,0.41797990337619295,,0.27715274283404473,,,0.7241861720459711,0.6713328275631186,0.4983188579697567,,0.4096569272829241
2025-01-22,,0.6162020747901611,0.5705426539138131,,0.24952763145485046,,,0.7252228863152058,0.5514515463349096,0.5249596686778393,,0.33306615530640915
2025-01-23,,0.5158904803629129,0.4345109968276454,,0.2587096760126156,,,0.7577142351084604,0.5262642526745708,0.4744435661523028,,0.4071577592669346
2025-01-24,,0.6815286843606904,0.5669632261232999,,0.20691413323739613,,,0.7152486833648614,0.4504644027672425,0.7187407681409963,,0.24865324820488857
2025-01-27,,0.6586865466151542,0.5533862472585057,,0.3318005603345036,,,0.7106278850684534,0.4550664349403118,0.7239621061927493,,0.6376708907786297
2025-01-28,0.24367248166526634,0.6922236043442693,0.552349371259919,,0.39688557451412154,,,,,,,0.44874590714875473
2025-01-29,0.6344932672139196,0.6662698504894607,0.5285618372469058,,0.3793652874936927,,,,,,,0.6462552244065048
2025-01-30,0.6711146205877276,0.5641291869928685,0.6590007059519756,,0.6821332161737133,,,,,,,0.5431035195678655
2025-01-31,0.7330657786297392,0.22642122758018238,0.8006564379582777,,0.5618315810139124,,,,,,,0.3817661401511862
2025-02-03,0.5809985611397465,0.3451340204724277,0.7030938520237073,,0.5851676968522598,,,,,,,0.6274151636697245
2025-02-04,0.6378426975900269,0.24534229733646423,0.6293999294159984,,0.587465738762707,,,,,,,0.5356000691168826
2025-02-05,0.6393041435761881,0.1677822368792987,0.5919993855287146,,0.4204983240204903,,,,,,,0.688193262747057
2025-02-06,0.6521570176069071,0.17691471342469428,0.688476582352625,,0.26113743274407014,,,,,,,0.6663487815641571
2025-02-07,0.5476228290901118,0.49334002890235584,0.7274662707148799,,0.7169537499602343,,,,,,,0.6980268253798748
2025-02-10,0.526778874576984,0.4255520339082907,0.6838808075805561,,0.8158113650489429,,,,,,,0.7235424391238829
2025-02-11,0.5305393332783569,0.4324379986665206,0.7352095240565005,,0.7611843784750265,,,,,,,0.7361937351465968
2025-02-12,0.43371493779639925,0.421427323201487,0.7589785516733112,,0.7927955997749219,,,,,,,0.7058747439117776
2025-02-13,0.5711553053277686,0.3797411821654567,0.674577201911009,,0.7648636335833429,,,,,,,0.6072291160844083
2025-02-14,0.6327064926728045,0.26023759607573677,0.6724225036635085,,0.542535551778606,,,,,,,0.5336551094752575
2025-02-18,0.7369543855573206,0.29758519580124654,0.5835963754120226,,0.748217644745358,,,,,,,0.451791927899555
2025-02-19,0.7964872874098949,0.2796419123466193,0.5645792046324831,,0.7045551039945279,,,,,,,0.4153268258533647
2025-02-20,0.8233515751567947,0.22539067779377778,0.6386138253272102,,0.7647790498363247,,,,,,,0.4281956940819016
2025-02-21,0.8281020927329994,0.36803500517526055,0.5747970245219696,,0.795183755198639,,,,,,,0.6086169139020089
2025-02-24,0.7975115471100714,0.42804226940777473,0.5526305400738316,,0.7609322503127248,,,,,,,0.8267396085571531
2025-02-25,0.8812786736252057,0.43945412068308176,0.6843489940851097,,0.636804814097088,,,,,,,0.8085176055366825
2025-02-26,0.7006557052748336,0.515499013512083,0.4533315304173014,,0.6295961509566791,,,,,,,0.9039670362508748
2025-02-27,0.7844093725424892,0.5139424735878013,0.4258525184079593,,0.6236541650836933,,,,,,,0.8151363937364992
2025-02-28,0.5026429249995398,0.6605011133276361,0.4570395022014793,,0.5262695164090377,,,,,,,0.707536971530819
2025-03-03,0.632716511872059,0.5918511045479085,0.564993342754398,,0.39245668581458276,,,,,,,0.6905314196246738
2025-03-04,0.5883990845821897,0.696881903344619,0.42312255498629214,,0.687704362321877,,,,,,,0.7124145924962775
2025-03-05,0.752281984154554,0.705055195367788,0.3695298246297903,,0.6669554123240662,,,,,,,0.7242490142953719
2025-03-06,0.7204671672749556,0.738439320603442,0.4716646822933872,,0.46805380844296923,,,,,,,0.7869039287625065
2025-03-07,0.5920660256112285,0.6926249695587376,0.3497617016167133,,0.6128846711521045,,,,,,,0.752122543696392
2025-03-10,0.7072885710549079,0.6002081633329223,0.38445469326113796,,0.3716389080828314,,,,,,,0.6520666482206658
2025-03-11,0.7474351605079228,0.5442390269016916,0.4594458711995495,,0.5516313390332701,,,,,,,0.4817839817838002
2025-03-12,0.8653086263498295,0.5329647874064405,0.3812110405562749,,0.4201702794940869,,,,,,,0.5771985314440912
2025-03-13,0.8577017868311947,0.42906547344023277,0.5047056533509675,,0.36389792104169927,,,,,,,0.39485072296994
2025-03-14,0.7259636466889118,0.4299245204226023,0.5523726864591307,,0.4765012186188101,,,,,,,0.22246015890093093
2025-03-17,0.7100697489438853,0.514354873307163,0.5614119499521895,,0.2496088762056674,,,,,,,0.25439081367515964
2025-03-18,0.606803692451978,0.5356365569418109,0.5497942878754823,,0.4344966069274222,,,,,,,0.1626388704086808
2025-03-19,0.6380200819085186,0.49112915188539297,0.3510595532322217,,0.610783271276628,,,,,,,0.3624029751493347
2025-03-20,0.7018322889619528,0.5400333644878589,0.41497927543506113,,0.41994656363957034,,,,,,,0.5215025126223161
2025-03-21,0.6527520579059434,0.5265388591461964,0.3070916108134969,,0.5299042348692163,,,,,,,0.5757295858701764
2025-03-24,0.5528884840278897,0.3625863357188923,0.2642936253535859,,0.36780923019232753,,,,,,,0.5332226362913861
2025-03-25,0.646841927427118,0.48830560733660294,0.45531705363636205,,0.2588107175827466,,,,,,,0.5448259325434801
2025-03-26,0.5069129619129531,0.5288992901811204,0.37447675293313165,,0.41564543125132425,,,,,,,0.6168398930576269
2025-03-27,0.6127299284661875,0.5114755063420375,0.3193671164168589,,0.3872021278509929,,,,,,,0.49069000768670445
2025-03-28,0.589977583649115,0.5718773519999752,0.30889022672866284,,0.36704014140690255,,,,,,,0.6321454589020783
2025-03-31,0.5866478621097375,0.40174397249164184,0.29527613879363224,,0.5468576660584473,,,,,,,0.673456480347346
2025-04-01,0.4886892880095965,0.3119710464141649,0.39140123907078694,,0.25857231554889704,,,,,,,0.5755752900052326
2025-04-02,0.6155390086084401,0.3933574839259433,0.3812487769451094,,0.38799424567910695,,,,,,,0.7558329289576214
2025-04-03,0.6028618306999723,0.49452980058447293,0.37339879015173727,,0.40448322516790386,,,,,,,0.7046638364050053
2025-04-04,0.44519514064169274,0.5591401335166523,0.3410156484565129,,0.7146495437048468,,,,,,,0.5927739382833485
2025-04-07,0.22653289593784193,0.5280125225918848,0.1819649275812413,,0.8492597094680686,,,,,,,0.5830960056741895
2025-04-08,0.46575248633463656,0.4807269600443921,0.4438402454888619,,0.5054842631704525,,,,,,,0.39514999175077126
2025-04-09,0.41055187173683727,0.550022832541214,0.5207129093016769,,0.5898165492719457,,,,,,,0.49791244798640466
2025-04-10,0.5637301593987789,0.5945218852365801,0.7549580558347696,,0.05535334680540524,,,,,,,0.08289833019422845
2025-04-11,0.34766052311123247,0.667063565845864,0.2909838282265659,,0.9237765454069891,,,,,,,0.42103641661871705
2025-04-14,0.528361259742485,0.7713320003898935,0.4615518887376819,,0.7161787176025869,,,,,,,0.48140073758320945
2025-04-15,0.5859709453531886,0.7910453351049785,0.3494963541244117,,0.7229900407716147,,,,,,,0.29273840561441744
2025-04-16,0.6828525369905667,0.7780484285013184,0.20484156695705824,,0.8374392647736449,,,,,,,0.4290919366296237
2025-04-17,0.5034533688179794,0.5211928357083487,0.3175512410494043,,0.6587305508816212,,,,,,,0.4059240050431087
2025-04-21,0.56654843306702,0.4033955168607252,0.34890473157302293,,0.6063959924816282,,,,,,,0.41409030597338997
2025-04-22,0.5016615742288755,0.4042414923260998,0.18878961863774732,,0.762085333861551,,,,,,,0.6656766079953403
2025-04-23,0.6411194857485806,0.4302396394590737,0.4060110874339725,,0.2745684315010311,,,,,,,0.5753832738325679
2025-04-24,0.6974795772788209,0.4106749302162415,0.2645219635053668,,0.4850295297777437,,,,,,,0.4385705381105325
2025-04-25,0.2515971161774186,0.33722982582569677,0.13318329799908218,,,,,0.9204359822705767,,,0.41274973116642627,0.4804910524043684
2025-04-28,0.1727464787664302,0.466460104304607,0.15234621520430153,,,,,0.9326063830624342,,,0.4178801440095333,0.4851187710042097
2025-04-29,0.1763846939194329,0.5825495836064558,0.17282407626559798,,,,,0.9387994957559614,,,0.34515543006981897,0.4523264098974595
2025-04-30,0.13380999907893482,0.6051942226424268,0.2505234646204796,,,,,0.9388728448763244,,,0.45950421953439885,0.36566631652196313
2025-05-01,0.18460982184749683,0.48397860796394754,0.23013296799587454,,,,,0.9243467736392442,,,0.43242955692839596,0.4295260297953116
2025-05-02,0.1846410943891939,0.3392314659900547,0.21759866838077752,,,,,0.8992801183567709,,,0.8246476753771026,0.49949593626715716
2025-05-05,0.3836382681257481,0.808471224572461,0.24315995758772616,,,,,0.836641024298477,,,0.43062263246104215,0.6172670528663058
2025-05-06,0.4928188866470189,0.8644230665147185,0.3606626785183685,,,,,0.8143467573753103,,,0.36095092304913223,0.5780822765613064
2025-05-07,0.4683258120525294,0.9120454458296983,0.35811465769339806,,,,,0.8321039472411588,,,0.29774196223522126,0.4705687910806117
2025-05-08,0.6354498051229801,0.8930348576920122,0.3588475692700722,,,,,0.791440878676559,,,0.3304396620372419,0.5929419189807802
2025-05-09,0.7145376210115826,0.7606028697135022,0.20891322342220087,,,,,0.8782480052896994,,,0.30710640904553305,0.41673219577466963
2025-05-12,0.6000593336810727,0.7655483965905218,0.29649547970181694,,,,,0.8482117868811161,,,0.2781929356399778,0.3942161738331787
2025-05-13,0.5160852196035584,0.7035673224395853,0.1615950779130098,,,,,0.8547362741344531,,,0.3022443811509093,0.6144429381326794
2025-05-14,0.5945762104371292,0.5142800643236883,0.10631423552705223,,,,,0.8829153000689015,,,0.20803847002822398,0.5803290422467791
2025-05-15,0.4281295635882973,0.472314596478922,0.2119856576734045,,,,,0.8776279828183171,,,0.1421606864066009,0.5696004631005207
2025-05-16,0.43696742866700916,0.5355692453286276,0.32312962941547474,,,,,0.7593636443542835,,,0.22515561914814686,0.5299487139665912
2025-05-19,0.45817017826778783,0.5076884076986475,0.3744255809964045,,,,,0.8372204896221589,,,0.22915836265960618,0.6100027032176024
2025-05-20,0.5711976477928205,0.6761162758323541,0.4868448793237533,,,,,0.7541557487221173,,,0.25199759386569875,0.5588495855493492
2025-05-21,0.631647130115845,0.8160335990243003,0.46079303668820687,,,,,0.7458680222323322,,,0.28336024005787863,0.6774414866200398
2025-05-22,0.6006731650958658,0.8093572205913149,0.3804235468431777,,,,,0.7842154724712,,,0.2549551273889971,0.567064473855356
2025-05-23,0.5171926084538646,0.8494676961642643,0.40933272106239327,,,,,0.8237567010302754,,,0.404490236750006,0.42524803388956256
2025-05-27,0.49021933949516605,0.8543979159763758,0.5475480735267,,,,,0.8569292178840915,,,0.29868700375918633,0.42080846004372935
2025-05-28,0.41696430189955713,0.8335695323772269,0.5048665878898808,,,,,0.847311582718474,,,0.38833533571489887,0.5642461833659884
2025-05-29,0.44894031596779427,0.7787949356883932,0.42750629223496117,,,,,0.8495749863655975,,,0.2237135317360675,0.5409374230360743
2025-05-30,0.40087975206208254,0.7036223966894631,0.4012096492927429,,,,,0.85312836337646,,,0.21818642680510764,0.552477807476894
2025-06-02,0.3775062845092685,0.686630264278498,0.36665517607453846,,,,,0.8316951725508531,,,0.6450806281277907,0.40066000061906615
2025-06-03,0.3315662710865788,0.7710546254180782,0.39391293081546613,,,,,0.8358185244099456,,,0.45921807864911574,0.5423259811293846
2025-06-04,0.41235069408564684,0.8048345361904685,0.37974825890482794,,,,,0.8229643516731906,,,0.46238990888389725,0.5633514535200668
2025-06-05,0.3247834787357891,0.8092944350555592,0.44090154111308055,,,,,0.834146967522077,,,0.4790069801381909,0.6268826167677053
2025-06-06,0.3250006977379516,0.8495816660536207,0.36834161375674696,,,,,0.8562410550806066,,,0.4390632272922225,0.45778347779521766
2025-06-09,0.27193029207304276,0.904165489608413,0.46723729246347623,,,,,0.8579763336834595,,,0.4962019557911618,0.5718471362925224
2025-06-10,0.3817297195138014,0.9235999589624471,0.41444959876107507,,,,,0.8553389789417194,,,0.2507697203413133,0.6245776205231586
2025-06-11,0.313150188020061,0.9288566540671634,0.42918969474583146,,,,,0.8453866364665634,,,0.32194059152236565,0.548617546851736
2025-06-12,0.37803852581692576,0.9170766699464421,0.37843486161110773,,,,,0.8311663753739933,,,0.37342152072871665,0.5024706841162836
2025-06-13,0.3725102960406395,0.8969933353057686,0.3720350114796199,,,,,0.7314786523577871,,,0.35952014621715206,0.4900027524717121
2025-06-16,0.30354397688093476,0.936984009876612,0.39066064422158175,,,,,0.7605413675155942,,,0.32744552216146333,0.42679499024016193
2025-06-17,0.26448430504698506,0.9212765747921087,0.32887528910233194,,,,,0.6877485361114061,,,0.35255928689388594,0.5687811933876898
2025-06-18,0.2558346337069978,0.9268072553929697,0.4155537416728285,,,,,0.7541886428338754,,,0.31612073474519625,0.5856246868018207
2025-06-20,0.20493204480864308,0.9373030008093998,0.37682743385399453,,,,,0.7522539774062861,,,0.3144231360010544,0.5791015830049241
2025-06-23,0.22912273319049778,0.8393313597727139,0.31057866505738535,,,,,0.7226450399253332,,,0.3762995447730546,0.4432737039134645
2025-06-24,0.2226024299466118,0.851031743911707,0.32197406533556083,,,,,0.8211511703711577,,,0.4671519041716284,0.6221973545266459
2025-06-25,0.3468005165673929,0.8661534749349357,0.2732740431078432,,,,,0.8081882971847013,,,0.4549209862884393,0.62694273523553
2025-06-26,0.35355778184259357,0.8303213039897517,0.20930515114542264,,,,,0.8308587354689283,,,0.3547161897616738,0.6304827625522835
2025-06-27,0.29707949472554906,0.8253185620481059,0.23581241053940044,,,,,0.8433665936264881,,,0.4179850620671757,0.6697597557105707
2025-06-30,0.36614895445049483,0.7726645405470415,0.2963455311686369,,,,,0.8491690476577232,,,0.4439570712435671,0.601527780637307
2025-07-01,0.37872153420483096,0.7274848882489539,0.28794142487135027,,,,,0.7905548742040851,,,0.453715758502601,0.654550418838339
2025-07-02,0.24095645714152428,0.768435783883517,0.38443859917177114,,,,,0.7841480026477924,,,0.5314816093153011,0.7853480535191796
2025-07-03,0.37188434592389386,0.7512821970406476,0.3261483016126877,,,,,0.682953201545059,,,0.5276396387440125,0.815352831332263
2025-07-07,0.352097145307714,0.7252681787071232,0.4005514917363909,,,,,0.6582722526619087,,,0.6369270712612259,0.8073791106264064
2025-07-08,0.3515389485381357,0.8059029184541443,0.42878249816069663,,,,,0.6956367679696979,,,0.6254567923307172,0.767542183093622
2025-07-09,0.3672063864057583,0.6999518973849967,0.47371257682896145,,,,,0.49026642165829887,,,0.6207876693167281,0.7984692252228106
2025-07-10,0.39064846651858187,0.6825268907716097,0.48106868552505666,,,,,0.5576969223753279,,,0.7606273374871436,0.8081311993198127
2025-07-11,0.41210518325604456,0.7341816262357401,0.5485419702970582,,,,,0.6037388118072309,,,0.747212758455626,0.787148707922896
2025-07-14,0.5136617423315071,0.6629258159774872,0.5479238109834124,,,,,0.5172784065336332,,,0.7343954102906202,0.714608666298936
2025-07-15,0.5811097614099388,0.7486902247993543,0.6002811469238367,,,,,0.5264440717136555,,,0.7730422567356489,0.6171602449002087
2025-07-16,0.6859926896338565,0.6801192075344218,0.4650608798563953,,,,,0.4353858988256277,,,0.6549161776645556,0.6945138313565934
2025-07-17,0.5613919736113985,0.7080565078698877,0.6292370647429018,,,,,0.4861143417130655,,,0.7319137588232266,0.5821179295597866
2025-07-18,0.6231119040685928,0.6997387914255878,0.6133934060350762,,,,,0.4773332276795094,,,0.7548931793444243,0.6364252636473374
2025-07-21,0.6173060486342562,0.6689379923787404,0.6252590130484553,,,,,0.5380184918895747,,,0.5796938636937776,0.6525844843505819
2025-07-22,0.43162823610714696,0.727441771466767,0.6600283902952658,,,,,0.5302490935945938,,,0.5523113160415087,0.4635155464637268
2025-07-23,,,,0.5692085170542596,,0.451124247352402,,0.3575149471864955,0.5265539749724492,0.21841461210218724,0.6733007983684929,0.32320693121800165
2025-07-24,,,,0.6145999388182309,,0.49455860619381875,,0.30795602791125043,0.4424582477036555,0.4133150161154623,0.6236330395731353,0.007277966918642288
2025-07-25,,,,0.5475483057898474,,0.48450907550565897,,0.31490046162288243,0.4790192941849312,0.29628905604913885,0.6271246321162727,0.11687923825837532
2025-07-28,,,,0.6294187073083816,,0.5059600190327671,,0.28029975828765,0.6093098778640712,0.3288518098805069,0.5944332137650633,0.17962285731578442
2025-07-29,,,,0.5723652767340395,,0.5067425512537115,,0.32354260732922097,0.629819852735883,0.25234766874065984,0.5152403864046281,0.284147818656321
2025-07-30,,,,0.5161575580739777,,0.5334262740930571,,0.38957579977750234,0.6751787291724975,0.265065034368273,0.4386759914982454,0.2755286612637826
2025-07-31,,,,0.44717897897551206,,0.48450812794829007,,0.4541883481258837,0.7216686687952423,0.19321601017579226,0.5936499569848511,0.16059586441985896
2025-08-01,,,,0.5827064717231553,,0.5162466828985306,,0.4343019698001559,0.7082222535709387,0.2533216203360139,0.47908473546003716,0.11004462679276722
2025-08-04,,,,0.4311664138248158,,0.5126875626036882,,0.522661977001689,0.5623953898810227,0.20407735691407414,0.18044475526457568,0.19763947823254094
2025-08-05,,,,0.4569280334316949,,0.593528933970719,,0.3743349275659694,0.5107484367744096,0.3353504958378501,0.5316638758885235,0.20527925717326106
2025-08-06,,,,0.44403838930062267,,0.49200502874071644,,0.431971558483564,0.48175416672734533,0.32740320332082157,0.32042932131775825,0.2297148280904442
2025-08-07,,,,0.4162489673144052,,0.4816542711952626,,0.319358773383686,0.4770752513548371,0.29373353920601575,0.39826636050977876,0.15171896795046913
2025-08-08,,,,0.31472574101412787,,0.4657889201664038,,0.35872726851571113,0.5243918064242281,0.21888991956022052,0.34621591332031454,0.13418317769820015
2025-08-11,,,,0.34494478172838433,,0.4688642606894077,,0.3199718241273288,0.593665457548535,0.2526029559403637,0.3671414071453844,0.2183388048650384
2025-08-12,,,,0.2575517382707152,,0.4681991881998704,,0.3870820821870104,0.6133273839169514,0.2708171820415581,0.37563260651057456,0.11651810750861953
2025-08-13,,,,0.2577147035014311,,0.41092846219395257,,0.33245558086997556,0.652601770409917,0.21321241046840061,0.3495263295689185,0.2528115090314941
2025-08-14,,,,0.22618281098347504,,0.40656932288290437,,0.3221851817223146,0.6028786949194741,0.1511487094935147,0.41326112394455733,0.17379738403798808
2025-08-15,,,,0.14823369288039653,,0.41793684412799254,,0.36387008989968034,0.5130855265194515,0.30655997196033113,0.4862841649437914,0.1564242814489768
2025-08-18,,,,0.16786744752053395,,0.38932333001805514,,0.47355410281293125,0.3134501203701517,0.3489692917580905,0.5056324848203778,0.12910425660622832
2025-08-19,,,,0.1300022694274498,,0.4614840870131199,,0.4227027546920585,0.23730751231111025,0.2946316206812204,0.49888642034764236,0.143703118151667
2025-08-20,,,,0.2295410361570405,,0.44095548936971435,,0.3070520085486877,0.1655335874446549,0.15065214829749188,0.4927722715398271,0.19885587185397535
2025-08-21,,,,0.36312692079939257,,0.4621849866068072,,0.35140974523002827,0.13995528990996417,0.33825022900222024,0.48641924511472573,0.4801986522581497
2025-08-22,,,,0.35821794466706874,,0.4959786502941669,,0.43126997387178917,0.18668736750385453,0.2897550606649507,0.5166089510482849,0.38839611895375176
2025-08-25,,,,0.49858328307880195,,0.4745211183039578,,0.48535022352963475,0.23215935946143834,0.30119682474501847,0.5162983495009849,0.6533116959976383
2025-08-26,,,,0.38801718229811755,,0.5017407458074402,,0.5108981136752929,0.19174595000701117,0.2680356920085262,0.4573649575960557,0.3766176306361221
2025-08-27,,,,0.5870420017399803,,0.5677217724814015,,0.5028074993515063,0.3304420723351956,0.24875316997187483,0.35572421411229155,0.42478431590926763
2025-08-28,,,,0.37279764132384063,,0.53566758411333,,0.6097083591336734,0.2559742327272879,0.2441857873246027,0.38273900789370113,0.37740223579235105
2025-08-29,,,,0.4184645250046638,,0.5266787659974511,,0.5565847300832306,0.3194618087032369,0.2916685188082906,0.5466966399982993,0.3674488703182501
2025-09-02,,,,0.5130981818334931,,0.5180984218296825,,0.43941242512765166,0.37740336717050366,0.14392646053080316,0.3967408156118607,0.35354925533900894
2025-09-03,,,,0.3854057111002894,,0.5227537621925402,,0.5401161316762277,0.367272179397448,0.3131072385875686,0.4908245318326913,0.32258478113783917
2025-09-04,,,,0.4030485433041294,,0.5224388260629542,,0.5085236899447598,0.38610211979273595,0.3357514968929662,0.5759792815468898,0.28444401816200837
2025-09-05,,,,0.5729862145507423,,0.5352372106484894,,0.4233399840603089,0.5041709901022069,0.3882966491834467,0.5162325528559277,0.22133931447921168
2025-09-08,,,,0.532146025861859,,0.4950246470882811,,0.40019057361870936,0.5828073129576684,0.48427658157478565,0.5202895337754104,0.29820382462632716
2025-09-09,,,,0.3310935954211208,,0.47113252577174436,,0.49308593776012233,0.6897866799733856,0.33815529346756745,0.630191890054088,0.2691509640438799
2025-09-10,,,,0.3159365539377517,,0.5135066543686133,,0.4565559993218941,0.7553023306298131,0.37150386063359914,0.6708095008461813,0.399926779033523
2025-09-11,,,,0.1359458031130619,,0.36655363525283874,,0.4521695021214146,0.6873290412855294,0.06971225691633252,0.6410989790737358,0.42086021848603106
2025-09-12,,,,0.16245979660333315,,0.4292117824280584,,0.45080692925594484,0.5709393201468607,0.0038679422207346732,0.5002871619011227,0.5291553118645453
2025-09-15,,,,0.14988868884694365,,0.46500695968342964,,0.49978413618452927,0.5145817118634776,0.013627084621561664,0.5147228306392309,0.3977889578377321
2025-09-16,,,,0.15058528150668393,,0.34338013723772637,,0.46926716244485994,0.534832785310813,0.06881868803392838,0.6341087686307952,0.40362530648957057
2025-09-17,,,,0.13469682234596153,,0.3665884766873995,,0.4490207071241004,0.518291132820899,0.06230278058065508,0.42701822691502433,0.42216489154717574
2025-09-18,,,,0.3340417756951689,,0.5028886649651291,,0.35414545751637105,0.7001982845910266,0.04763077371116264,0.6590298069002513,0.6253862546237487
2025-09-19,,,,0.1881665555805465,,0.3733593601499166,,0.3548748299104187,0.2850597149585723,0.06138445778070994,0.6508590499972029,0.6268269846924758
2025-09-22,,,,0.31290411085851977,,0.46490506905449497,,0.3478732468424144,0.3908722439109362,0.08360126529132081,0.7074218215022047,0.5678653759699194
2025-09-23,,,,0.33235965184406313,,0.4372085487517778,,0.43510436676574843,0.4196206304812914,0.080043393062001,0.6901938120381812,0.8044836556311469
2025-09-24,,,,0.35071897772579536,,0.4284634869206973,,0.36563654231530723,0.42005873267683536,0.03652272679171648,0.681951854193228,0.7356897563783843
2025-09-25,,,,0.26566320706081104,,0.40450437259000654,,0.389211461414206,0.30802083937062374,0.04730860977651911,0.5246526526656595,0.6766758257664257
2025-09-26,,,,0.24197287286296168,,0.4110718793235176,,0.34627369797973984,0.2973921733615432,0.04474445077494687,0.7770276116086354,0.5900728224855325
2025-09-29,,,,0.22610196249180864,,0.39953386284333603,,0.37849256207184784,0.17474437884092225,0.1016510930085677,0.7465916717077249,0.7555909961801507
2025-09-30,,,,0.23153266306380293,,0.39593001722879473,,0.2726957370832229,0.20305441560655635,0.09847436902244938,0.7763829829249204,0.6740234531465767
2025-10-01,,,,0.23043997018523688,,0.4892301641452408,,0.2473615859977855,0.23954860283264776,0.06700034402271708,0.6699939439567234,0.793992961391097
2025-10-02,,,,0.1985096156041443,,0.547860510637009,,0.2832849604133114,0.2619891284696075,0.0416457276125338,0.758602087195113,0.7920601364470549
2025-10-03,,,,0.19486161735544402,,0.5165036668518214,,0.3448246088394141,0.37476363431368476,0.019238624875767604,0.6971716422213173,0.8782498599973296
2025-10-06,,,,0.3115171015358088,,0.54135405220757,,0.367641570424481,0.35020116710065846,0.022323989486689663,0.7202457449263517,0.8174813814213965
2025-10-07,,,,0.11735829281032072,,0.358125321387977,,0.30621335614519396,0.27393642620499026,0.020133431748499794,0.6602909903045574,0.809035813930735
2025-10-08,,,,0.12767589663849882,,0.33531661125523576,,0.30409505967420725,0.2683429510937346,0.006582389260201018,0.6595872829716584,0.5455566789194516
2025-10-09,,,,0.1567199259009769,,0.27667864429626327,,0.3443595720738888,0.2500147681058451,0.1279379450209288,0.6289562241870332,0.7169907780311342
2025-10-10,,,,0.20392814851894106,,0.27729389474224914,,0.39317432055397045,0.4387177206357144,0.12258525673638995,0.691853688456006,0.5010801683862847
2025-10-13,,,,0.20097029645290604,,0.32600751265384886,,0.36521479218695047,0.4076248522274021,0.13365147464048593,0.6584606131482178,0.1292730302688226
2025-10-14,,,,0.4024506685379716,,0.3321877136505806,,0.5010156322292811,0.4495625669934572,0.1775212008880899,0.6243673917727364,0.7509794012305783
2025-10-15,,,,0.3599631064802992,,0.41572582257938984,,0.32139100554865657,0.6332616310996424,0.14052675145228566,0.6562195921738426,0.6697049762365765
2025-10-16,,,,0.3463873530613032,,0.40553960295513763,,0.2815366043032476,0.6175317227732658,0.35985955765893296,0.7272953482566109,0.7240447873048458
2025-10-17,,,,0.32965328418823164,,0.386761680435735,,0.41524902840848305,0.5758540830540073,0.1980271297091655,0.5974788897133629,0.5293829251839361
2025-10-20,,0.47986442535913026,0.4380402402261753,0.30724671717218516,0.27491123166802106,0.2531983744783572,,,0.7162818445750114,0.07435911613462348,0.6007606967814669,
2025-10-21,,0.4784230220049185,0.30509278736673723,0.36347435925848126,0.29594844498515777,0.21602668701391992,,,0.7058110114974325,0.1794431360509001,0.5270435881043138,
2025-10-22,,0.387593226578055,0.29480475881268386,0.3386267627860046,0.2676921561785694,0.25627169145038337,,,0.6720458262457146,0.22537441385121146,0.549763294372229,
2025-10-23,,0.5622192090641321,0.48492941899736286,0.4394370657210608,0.29229216685117126,0.4267001370724941,,,0.6372070694589206,0.26736151097255084,0.4855564599502667,
2025-10-24,,0.46987269695335315,0.3571855967215316,0.5245569962413301,0.4454931205102128,0.3929833037944415,,,0.6221701250622392,0.24222408235895412,0.6411160494642091,
2025-10-27,,0.44922072652372746,0.38871232338771206,0.5262371511421208,0.36300366479629026,0.3848833777184619,,,0.5686773850420761,0.20016574583989907,0.5729498186085545,
2025-10-28,,0.40771152950897743,0.4165101004477972,0.4396288102107407,0.3012752813420282,0.32299231730294675,,,0.653567657789298,0.21583485342101258,0.9703831622567871,
2025-10-29,,0.3928474222468359,0.7199950664061989,0.35440769475381767,0.3682219856927348,0.28256821161756984,,,0.6562754578243416,0.19467709606110942,0.8523417926907376,
2025-10-30,,0.2995711253355578,0.6367905217167663,0.3811212703885215,0.4027385647755212,0.5222088908766315,,,0.6663341431722246,0.13431189079149702,0.6954944484186693,
2025-10-31,,0.22274628271800948,0.37790289431054747,0.3339228948550221,0.44299944777232,0.4326867381069135,,,0.7041242260246028,0.11068465413580848,0.4984761862308316,
2025-11-03,,0.255598719051208,0.46002123647949544,0.39749939187028094,0.37875829840038067,0.44736351461843493,,,0.676779290234548,0.2706458044124919,0.6428827466136207,
2025-11-04,,0.4612825825894057,0.6319365905412397,0.5129795003764931,0.5376148641692695,0.5067204987392179,,,0.5960938266209753,0.23333352735628715,0.6191797271841054,
2025-11-05,,0.5077151587388692,0.5814236757252295,0.5419121307153972,0.4810687221520152,0.5526031476327784,,,0.6640331951584391,0.2729835850576405,0.6640385949446255,
2025-11-06,,0.3948052298470766,0.3360184681361687,0.5351453074465905,0.5883551307661251,0.47926879878708195,,,0.4871286462604232,0.34904744853253317,0.7881517390874777,
2025-11-07,,0.500256657889497,0.4254368997151015,0.5024278959924885,0.46158406822799825,0.5650622097192267,,,0.5306686136151205,0.24721293919810933,0.7581696060658875,
2025-11-10,,0.6090817662087974,0.5632064517991877,0.5101517237952276,0.5701428347657803,0.5338280392227484,,,0.49989703374188105,0.2445528537226751,0.7833318660754434,
2025-11-11,,0.6132962871293918,0.6039526337139532,0.6068471474389376,0.5011702245299672,0.5464246184350796,,,0.40448222719470805,0.2623858965520489,0.8277471377131512,
2025-11-12,,0.5898394028945357,0.4009328072803559,0.5435608891770793,0.29315762685374186,0.5713876928727051,,,0.5391085341876821,0.1687001497170984,0.7002220491439348,
2025-11-13,,0.5451590388275963,0.42480074935741857,0.5485298499487404,0.6365191272522459,0.567016648159192,,,0.479675705241533,0.16203470866290967,0.6916953494501547,
2025-11-14,,0.5075665664977059,0.4171653191069893,0.5632702762742992,0.43391049320536307,0.6077600069885651,,,0.45648523507171673,0.1823408971243638,0.6580195349393767,
2025-11-17,,0.5357271587096551,0.4558912867807165,0.5922633030576286,0.48956024177389507,0.5502735021170382,,,0.4085583627346908,0.19444204556336112,0.7728955254589756,
2025-11-18,,0.541358309315972,0.5313642627676242,0.5126132381126921,0.5539591873643557,0.6369921346982391,,,0.42448811578865264,0.18175445369622892,0.8092871327866564,
2025-11-19,,0.410078864856969,0.5031240304030877,0.4543868371586226,0.49298520620857417,0.5383895868138229,,,0.42478192352734473,0.19249769234285885,0.7047343380351782,
2025-11-20,,0.5172603257332998,0.6531899463565638,0.47745791844327384,0.5688844676630005,0.509835023017296,,,0.40188117746568053,0.2181489623658154,0.7088635777057367,
2025-11-21,,0.5780262248274015,0.7230690038322,0.32430396131091777,0.47280616995219443,0.6131305205198339,,,0.4999964161461466,0.10122335868282521,0.6227114700418047,
2025-11-24,,0.44989434108850035,0.5356787270461101,0.3898561593473715,0.6460199589893895,0.4865209645133086,,,0.47345290250110084,0.12992985147316902,0.7824454920439009,
2025-11-25,,0.436831564181307,0.34609941596439026,0.4666172821322744,0.7428913161291066,0.5729966832156187,,,0.4010517013245566,0.13162576151487076,0.7085011455885456,
2025-11-26,,0.6015331024295526,0.28334810104310354,0.33075681700893217,0.5358461989198037,0.5182170668895952,,,0.5924914094850493,0.07659232937996122,0.6665922297496737,
2025-11-28,,0.6746987905328972,0.2930442742575278,0.29692482135079495,0.7352868524269942,0.4913709037023918,,,0.5715717273009817,0.11414730797422865,0.6990244029744754,
2025-12-01,,0.5956781236601321,0.11804588586059951,0.21409827641964402,0.5933609972450509,0.3886692304772183,,,0.5841038496276627,0.05449420295073886,0.6512778457391879,
2025-12-02,,0.4702334684877606,0.2561726911459097,0.25837778676967665,0.5355750767175589,0.44135872691455585,,,0.5162138577295102,0.06783320347146599,0.5873841218086666,
2025-12-03,,0.49710516357066664,0.22480294696015135,0.4139149606261814,0.4730326829273971,0.49377790464249105,,,0.4400610628491493,0.0771268518669039,0.6436253042812226,
2025-12-04,,0.3987366007954144,0.20476154273839534,0.42389979643063863,0.4063859598290115,0.4379729290742918,,,0.4082558000581152,0.11518091453320484,0.6844221775947392,
2025-12-05,,0.5277522639748976,0.3625942358654368,0.45880499576870104,0.4870067110223369,0.4649258430100635,,,0.37412188011272396,0.22944392375132086,0.6539974441007363,
2025-12-08,,0.35883121461309103,0.250452090863584,0.4819472798930157,0.4380072134528318,0.4658809051249575,,,0.43819677831895226,0.30868845837405506,0.6236890938945794,
2025-12-09,,0.4181805211572844,0.31928682186917734,0.4089639626080486,0.44357624496865516,0.5474413933077742,,,0.429411228093407,0.3190690414920647,0.5508861800986633,
2025-12-10,,0.33970670188206104,0.3327742717774533,0.28387810722170853,0.409084044103955,0.5772707813104095,,,0.5240334214891067,0.25832327067798416,0.6581413150140253,
2025-12-11,,0.3182629191003183,0.3707477003593409,0.3188370267298948,0.3032325639696861,0.6255758667954314,,,0.5824784231907194,0.2723611209591277,0.633675439927553,
2025-12-12,,0.5967240074585696,0.42880343189436193,0.424468766009993,0.2782102148875748,0.637118563564975,,,0.6073819452981886,0.0811097871338871,0.6690643623585631,
2025-12-15,,0.5278022658844154,0.5969383536109596,0.8262969154008204,0.3759860020614413,0.6722584912733159,,,0.6285553003985367,0.18975647249917452,0.5495428117572891,
2025-12-16,,0.4893255734513975,0.578340470489812,0.8710662004054242,0.5067019437345613,0.6422404011139498,,,0.5762481407990246,0.2637902190393633,0.5974689282101192,
2025-12-17,,0.558643442887743,0.49339531178290996,0.8779039504333783,0.615728076431224,0.5951017155495355,,,0.5437189140022155,0.33967320351328373,0.7322923613692982,
2025-12-18,,0.6586045568756401,0.47251675341122634,0.8933059515327598,0.5281712576199307,0.5967959591705533,,,0.6168821883580943,0.24509085220577348,0.5352674765007702,
2025-12-19,,0.5555278096134281,0.4211907156182715,0.8878483265747,0.41219823910932607,0.5880085706447362,,,0.3645102058304496,0.40772523981033265,0.6953311365220639,
2025-12-22,,0.3646009326045034,0.5078517712627123,0.9526603891630092,0.2689546256792265,0.6175620612322604,,,0.2484404888127923,0.423600060590346,0.7894052133725832,
2025-12-23,,0.47947708446089204,0.3532394743603685,0.5938339903005189,0.14598254499449564,0.5928502384711166,,,0.29464382827790275,0.3045407528167401,0.5049278233259687,
2025-12-24,,0.48394638727516875,0.45232721575470075,0.5948996660732043,0.2354998074290518,0.626860095669162,,,0.2986080050894945,0.21133885654912848,0.5276938673010516,
2025-12-26,,0.4311319311759639,0.2498686264640354,0.5059011995249462,0.13054612215667533,0.6068185548996694,,,0.2979917602933157,0.1787045574131861,0.578688979875866,
2025-12-29,,0.4036370487794558,0.38932661180240963,0.5165224319261532,0.15402042596021073,0.6066111728296474,,,0.2316487199228371,0.20878732657278393,0.6116092946681213,
2025-12-30,,0.4986983062874753,0.3588737941228508,0.6079081640539008,0.20035452568129414,0.6543319884333595,,,0.2655042919094875,0.17565765841490744,0.6713926927104188,
2025-12-31,,0.46031437990617646,0.3971172327029249,0.5396726946638659,0.23003544992938282,0.6201294883241544,,,0.22742133186030622,0.2035853353950638,0.6869999204438841,
