date,AAPL,MSFT,NVDA,AVGO,AMD,ADBE,CRM,CSCO,INTC,ORCL,QCOM,TXN
2020-07-01,0.6090375896478692,0.8540241544222704,-0.8061801950592652,0.2646766430668878,0.3046370878300234,1.306013244175634,0.5892227340096805,-0.5975656605869671,0.00949387457984705,0.17483668488204188,1.1249871772096092,0.5364696670404441
2020-07-02,0.5089743872478832,0.9509888798617488,-0.7556353211010873,-0.02734265458565387,0.2774353739388115,1.3871139384371602,1.235737179025959,-0.9537960532531825,-0.2005723436151843,0.2256500654147908,0.5828127846135124,-0.016789114124460755
2020-07-06,0.30136765464024523,0.9211164041836635,-0.7281228159645696,0.08882484304338437,0.3510269644143174,1.3253166263620337,1.0882819212143124,-1.2547914427412563,0.07413620132742235,0.297058959467408,1.0465704269194016,0.1414605952731371
2020-07-07,0.5816394721476846,0.9910598405488089,-0.7061731614231157,-0.3163880754652866,0.3092189217273609,1.325470428738944,1.2378908092534866,-1.1474457792047061,1.0339290876047442,0.3149897269251883,0.7520940464390176,0.33567859966264085
2020-07-08,0.5848488189650206,0.9462293285095674,-0.33720742051614333,-0.3732539215124463,0.24669433188014833,1.2834004501531235,1.2615708499324239,-1.207658858585239,0.5293988527056145,0.3961415976398319,0.8729499022496562,0.4772022795071566
2020-07-09,0.6531040344146922,1.1334890230289503,-0.017785693694413983,-0.34715746264214997,0.116111192101254,1.2297397331122593,1.2768460462075832,-1.3268539223688702,1.1969164191610688,0.30153024196809125,0.7714684692247019,0.11475724723912732
2020-07-10,0.6226034164186296,1.4158348533867724,0.6040342439605244,-0.31574226950384143,0.3503800888002387,1.1807641284065353,1.1771753034129582,-0.9333641007890986,1.3221685791872726,0.6324229879570576,0.5506740473827414,0.2523221442441339
2020-07-13,0.5733421027966553,1.652400084964631,0.6309680917880836,-0.5558519263221893,0.08690951675888717,1.3205647361563075,0.902753206300249,-0.903420320108666,0.11162937344269695,0.6303264876577885,0.3149116883664966,0.38082507619654987
2020-07-14,0.6091185197419597,1.159432205435087,0.008240559982818618,-0.4832460002068067,-0.06934129169471034,0.44903244936256087,0.024126979144707784,-0.6884248150279604,0.3157956896155986,0.9804221351813182,0.6149818241279541,0.6969356974439548
2020-07-15,0.7263331405736644,0.9394785989563375,0.5107322905877684,-0.5728742336421475,0.01645453729728619,-0.5053822693675495,-0.10148677986703182,-0.6906387600444187,0.2727977283973365,0.9134873375362712,0.5538842207484688,0.9284817471395738
2020-07-16,0.5148471948729244,0.6720409349276739,-0.2054932174219063,-0.8285562980732342,0.1563556131764888,-0.7472325970381388,-0.6379148638310138,-0.692033524882963,0.21491710893767652,0.4955639642488656,0.42491422996517814,0.8321965495984114
2020-07-17,0.6553030626405789,0.3615389288745522,-0.03164381278722202,-0.5392713556652344,0.3268638313686327,-0.9255953470858411,-0.6605388907442531,-0.6637770158529168,0.1983326369755155,0.3748693139309993,0.3893057449121211,1.1465302456015127
2020-07-20,0.48564499922870585,0.01744403778839573,-0.06152978055714887,-0.5172306566304964,0.3382762740387168,-0.6401157770394803,-0.47670403745061307,-0.12477196924721011,0.4047214495676745,-0.20514461613136023,0.5599603596618551,1.1416683832685313
2020-07-21,0.3444650062301532,0.5967325818586322,-0.10723355611262406,-0.9270286625258202,0.731353916467144,0.18834500078204153,-0.12236685520874402,-0.6351954573978549,0.37602376784429753,-0.4505940381022993,-0.05290635715633421,1.10523375930544
2020-07-22,0.10187491097587856,0.435931959801251,-0.31798586813253416,-0.7646603198005374,0.9122880101921134,-0.2879770230219833,-0.5046706184025898,-0.24343335814869208,0.4624575140940251,0.16856770623730558,0.005683802948297397,1.1893841617744267
2020-07-23,-0.1768388635333452,0.5172082862253569,-0.33164852196347216,-0.9836847853397479,2.4197337698616943,-0.7043941003516494,-0.7852305264535184,-0.4934728952726666,0.48198394426685287,0.11017376231336565,-0.16718291909035074,0.6154381578003899
2020-07-24,-1.4874809995828628,0.035583714984523084,-0.4161449990717126,-0.464647612366666,1.8025907116716318,-0.8107738394732379,-0.247575255828103,0.637287886175163,0.9017935883383258,0.7109119440695337,-0.20907227793161837,0.706794075320775
2020-07-27,-0.9407686171826402,0.39393872819596676,0.10102368526660283,-0.4384610279317032,,-0.4644861821536222,0.25387984941519776,0.24202733133107873,-1.447575747558292,0.9841832221816865,-0.010662288467802228,0.897914379965793
2020-07-28,-0.559190855742208,0.27173386147290823,0.10351972549302531,-0.3237104924381427,0.17321470478893614,-0.5053803631978362,0.06011061380060645,0.3210899671124467,-0.15255017413895672,0.38961192157687163,0.7674472351739196,0.7563889400959589
2020-07-29,-0.8451206971003637,0.5257171834338338,-0.14295721363875782,-0.45840762405471885,1.0311186963413408,-0.5122416694436809,0.2745662265918398,0.05065593132713489,-0.6793527162419337,0.7635403983032711,0.727660136879886,0.6788307931610883
2020-07-30,-0.7012069574066614,0.2897657802403385,-0.060444336182991894,-0.809341498571552,,-0.6696522298481223,0.49088889031925803,-0.07339253775123407,1.5892585338004401,0.6712714866746043,0.7484146847186343,0.6108215263995445
2020-07-31,-0.48207098538627413,-0.0005068697137481645,0.08150470522499073,-0.7324464101990326,,-0.6251256670132713,-0.16989913535792486,-0.4533765882331453,1.1584567301205673,0.16445325180971793,2.454285696242773,0.03739567550355244
2020-08-03,1.997731036730726,-0.8063727583874004,-0.9272878068494657,-1.1207635955074435,,-0.9908563756367011,-0.4814953201906693,-0.7118342820299507,,-0.3223100526872334,2.309943951214649,-0.820710126826035
2020-08-04,1.7653372573129007,0.4184978603223252,-0.7224773335329886,-1.3000708634896525,-1.9400553455056886,-1.4068154547938456,0.2616198688310054,-1.1208103667376617,,-0.517136439906487,2.1363912528178624,-1.0160464488893626
2020-08-05,1.6054967084630274,-0.37566390424822355,-0.209370113024732,-0.8008335992945409,,-1.4051455234844208,-0.0921582508444834,-0.8363210157281826,1.2649854360119492,-0.5167807162799903,1.9530413005011484,-0.5511963342414863
2020-08-06,1.4742520450814942,-0.5832059004333895,-0.2915406798345662,-0.8112431281871656,,-1.2892498242572423,0.051965710805493386,-0.9959776372864874,1.1980440158010959,-0.94994404422531,1.7672019008936926,-0.594761370167676
2020-08-07,1.3231438720211297,-0.4904312740307052,-0.6536684128707633,-1.2353813511865634,,-0.9043570037963706,0.5053744183657026,-1.0227859157531847,1.9655154035484244,-1.37908971037249,1.4898344412811275,-0.7873243620376957
2020-08-10,1.2637663124142475,-0.5138107332825266,-0.5251086265695177,-1.0692588947124866,,-1.4596392317411995,-0.2983367977058055,-0.7241552058248591,0.7583681443279,-0.9820988916780958,1.297449043345957,-0.4505500736754218
2020-08-11,1.0317637651156757,-1.1957803846943251,-0.5228012806207993,-1.1033912100919083,-2.7884223797984857,-1.2851324018365284,-0.8802375254326392,-0.4240303224195962,-0.04704272767097974,-1.0879335310731266,0.9822689323886463,-0.0021730758257282727
2020-08-12,1.0895719448997674,-1.1300169753241953,-0.9137394506391778,-0.6843955351581421,-0.13776837353564242,-1.4245382116022687,-1.1946324201690162,-0.2799193312855085,-0.07131349319440719,-1.0897163825303458,1.4195804172865492,0.6518146333723863
2020-08-13,1.0600442715716847,-0.9629688202419935,0.1961159035251287,-0.5595001297180513,-1.0486702492726672,-1.2566592283419205,-1.6712323798459967,-0.20288948529491227,-0.125767435913327,-1.5836024751336837,1.4935387671228255,0.6393983530676943
2020-08-14,0.8672899435903252,-0.9981607015549183,0.1659412898255127,-0.9619862805006238,-0.568297379334049,-0.97811050552325,-1.2089843108739016,-2.363483095904307,-0.1551174744189442,-1.5654733376274865,1.320011660641727,0.18794263773802222
2020-08-17,0.8357293630091231,-0.8619254634008373,0.7119531362327219,-1.0709957520875644,-0.49183591764038737,-0.8871383813894729,-1.3512605066642338,-1.9190258729915717,-0.2001707809788906,-1.3310955169402283,1.3075305872147438,0.16718621106087178
2020-08-18,0.85090101812711,-0.8589204651012586,3.677830698995156,-1.00387299591532,-0.5079729031238638,-0.8063319647395203,-0.9164615253879012,-1.399786977142467,-0.2151572789618127,-1.4699181951797864,1.0323109360428637,0.20515893704898028
2020-08-19,0.8315657310071612,-0.853156088382758,2.7447324744137163,-1.027929041590997,-0.4203724781015268,-0.630355859526668,0.3266316165997402,-1.1459223130715028,-0.24303358664998426,-0.6559278850393112,0.9101193869230463,0.3577367392506711
2020-08-20,0.8114479370552257,-1.086773069965821,2.0234635346160093,-0.8511091269896756,-0.3628939144482666,-0.743570296609175,0.5915738325627253,-1.191723177141779,-0.28991646458522413,0.20013487768523808,0.7289306594171023,0.08047302538698811
2020-08-21,0.8094294500616048,-0.7921485627705995,1.2259373181985285,-1.1028933441317366,-0.38916368372673066,-0.1884112558759808,1.0265575809767589,-1.1050573224885938,-0.1821087035834409,-0.7654070729500332,0.3698330172914739,-0.434013399818304
2020-08-24,0.8373477554840854,-1.4060220708831817,2.3691245785030857,-1.032803484481411,-0.31880969875040466,-0.6718650642622354,-0.023584238492591496,-1.2375802562713558,-0.2050097451811234,-1.0215874529048203,0.4630867679330647,-0.2693834159782176
2020-08-25,0.675960066764629,-1.4396190946119498,1.8646179682995996,-0.9543300956228093,-0.21668327239146887,-0.6419412291329893,-0.11314352951319047,-0.6419601135378004,-0.21004509814708622,-0.554603152275179,0.6916414965354222,-0.4251534332679099
2020-08-26,0.8459917811046359,-1.2689398023759773,1.5364916122747085,-0.8643570640990739,-0.33644905351920595,-0.46601186041775833,0.9414220533818668,-0.5653287918199433,-0.15709710174034805,-0.560531966308372,0.5567141382771126,-0.30758118231713255
2020-08-27,0.6919966720691053,-1.3439978185220038,0.5061064591234541,-1.146751915331331,-0.25791309798662915,0.9135646442480094,,-0.38852234479167447,-0.20240733038161407,0.0655742568008838,0.10988153988361751,-0.5950095436875598
2020-08-28,0.36873504693377335,-0.617396714671289,-0.09744482720689288,-1.3538026644888599,-0.2440547742503497,0.10244107378510721,,-0.5693540030907878,-0.18658844365854324,-0.17075308424975383,0.11095131118979876,-0.8918933505794895
2020-08-31,-0.01730208445058483,-0.6354461280000528,1.0308708651812102,-1.0882741015682946,-0.270044139328454,0.09313167786540698,1.4473009141761175,-0.4701092724103691,-0.00788451248772099,0.16541620848610983,0.2498305325774918,-0.44854174337432123
2020-09-01,0.6600148932546657,-1.3372697901635013,1.4192656894204485,-0.9210256427551404,-0.22456525588288292,-0.14245289218611706,1.202428489632307,-0.5317615495607231,0.13444943290394143,-0.3200292518552242,0.35910100493188546,-0.9870653284913
2020-09-02,0.8440680271894289,-1.6418374337325392,1.6216824594347354,-0.09874136283737028,-0.20851840895790025,-0.04256660860795298,1.0668321047130165,-0.25797889014865566,-0.0039464633869711165,-0.451589328883423,0.34802214806252324,-0.555436463193797
2020-09-03,0.12983534328153526,-1.0898567471105336,2.155158367807587,1.2587057832892081,-0.20378491488821346,-0.016384979600204005,1.2162628802554902,-0.16769235576312302,0.28916242461408237,0.3535721013884883,0.3158192426013222,0.09744861429021778
2020-09-04,-0.24049558087330677,-0.9542885335309877,1.2001123970257737,1.021467936994923,-0.30540711100627105,0.398550377342724,0.8589041260547214,-0.2867927126721659,0.5073577298998986,0.22953664452755018,0.2710426322731413,0.11093964045837693
2020-09-08,0.13585504986889455,-0.9052500178930304,0.6286548431646943,2.321355877023151,-0.29430072685097297,0.1166067207506869,1.0188588287966538,-0.30790376116175544,0.5797523025938689,-0.5495002983324223,0.40644585492592705,0.13696239860483153
2020-09-09,-0.09793750138762208,-0.9374915128943802,0.7708184300505463,2.180772979154338,-0.2569636746967081,-0.16452960702951308,0.9314995407823631,-0.3138163263139927,0.7585211712751159,0.16692169261560524,0.09829214400065774,-0.035397017590459615
2020-09-10,-0.2711282946115508,-0.713786968634789,1.3481313406973843,1.9737911456882833,-0.31678294560663456,-0.1474319444618645,0.8822877936886484,-0.27254078489125433,0.6892789380165477,0.8671305872576376,0.22053750655798043,0.2177729043397105
2020-09-11,-0.3852395668538648,-0.680934891843245,1.2111287953164471,1.9577216157007657,-0.3628998923676249,0.3716558495821714,0.7800471668870516,-0.2579158212038168,0.77794349123673,1.6166756698061686,0.3162827243585401,0.05892290982980102
2020-09-14,-0.5354152490768004,-0.5005582326890868,1.0468531584898129,1.8497607759913572,-0.5045476155456657,0.3925467746303209,0.7923459149979744,-0.27620822357199565,0.900274716342442,1.23916772657534,0.5295240363460129,-0.022861443404085104
2020-09-15,-0.5824167171367834,-0.9325845393703068,1.7082394910616352,0.36057126598899036,-0.5276881341559517,0.6836785067778471,0.7684220252457151,-0.24913290892157391,0.8638742225236472,1.6464228089784334,0.12208963032662251,0.06494979354162668
2020-09-16,-0.8724818097704842,-0.6766413999742541,1.4177058764735062,0.2523412719760946,-0.5676313993729516,1.0758691987954154,0.751589955436879,-0.27262480534249905,0.9229457660686936,0.14502128689645027,0.37520740387334406,0.4308335968034303
2020-09-17,-0.9936003929617233,-0.6120108872500977,0.8463452052342305,,-0.7002755335077699,0.35591246501701507,0.6420365106359368,-0.22250578881117009,1.0314371569967111,0.43880495183338825,0.23248051605894887,0.5836174033051139
2020-09-18,-1.070587492801679,-0.5653595529680537,1.0203496080468315,,-0.6903688937457755,0.5968928117799295,0.627136235752729,-0.14418643967284642,1.1458488348878921,0.49612644160039,0.39820235650881647,1.0663006923368596
2020-09-21,-1.1738142261845657,-0.25523009336673835,1.0279786205536923,-2.7568035400367124,-0.7808448054243864,0.8301428715856246,0.6009664129394013,-0.15408740060596895,1.014119097799059,0.4219705550595097,-0.11845149771513774,0.9380710091802309
2020-09-22,-0.8913223586716503,-0.06886426309186842,1.4137144471266245,0.8245029686709267,-0.6356935894968073,1.1305887594124127,0.5537449672397257,-0.12532445470708564,1.018118303902369,-2.1386358727108625,-0.050344446948917654,0.07678370669234448
2020-09-23,-0.963906905382564,0.20794201842295562,0.8796899853606406,0.5081899589469908,-0.8668541842082081,1.1392946677602285,0.4949269680253851,-0.09791667045287948,1.0267621733409007,0.30087541905148285,-0.08648667758979907,0.13214059292812524
2020-09-24,-0.9927363592677675,0.47095872291548113,0.9500252032117944,0.5605426223547052,-0.8698674205916469,1.2995488963549315,0.44462233367055365,-0.13822961803234843,1.089594293711715,0.719116628374073,-0.09162559494401899,-0.16286313499547286
2020-09-25,-0.9957698372052995,0.8318072895242259,1.1529502949965547,0.39076802860887877,-0.8818036814468919,1.0127162163245202,0.45124718814123116,-0.15908822284363824,0.9961241317633297,0.6814931378923016,-0.013414232188905771,0.12994191399508276
2020-09-28,-1.009413539389585,0.738124656337975,1.2351306711540084,0.498317853013322,-0.9773193647667628,0.9429933785508241,0.3758234535381235,-0.1452953273880229,1.0093153401209105,0.7094670550436125,-0.10353211476167508,-0.11737224881626439
2020-09-29,-1.0304196875205887,0.2373689667909472,0.5842669503111022,0.18102369674183186,-1.0922828869676389,0.8408374878193023,0.32648493582211685,-0.07487810132324887,0.9125806441157988,0.6597747582131258,0.1330241584074059,0.5958133172993555
2020-09-30,-1.0591252299591414,0.018632863182467724,1.1346926081356985,0.23786401154537756,-0.8736094979465187,1.0658613494065134,0.34597710297843776,-0.05485512103075588,0.8247319873369927,0.6653068060873466,-0.05807337172224437,0.5025052151905053
2020-10-01,-0.9626312359935629,0.41687603782390115,1.3199078220522187,0.3047589353968455,-1.0554743063381438,0.8579259929046489,0.34895082631911345,-0.01832645091333152,0.6520203160332324,0.6012078227351537,-0.264513889468235,0.6029062597340032
2020-10-02,-1.063653156486917,0.46602655542730304,0.9671707326847636,0.3042423461867836,-0.7928164483772719,1.1057431005668998,0.29088149302781147,-0.0727836669078275,0.536542293006263,0.6613183275536798,-0.24288375581582927,0.9631185644525608
2020-10-05,-0.9899425218170265,0.5514542047244164,0.7324773188176288,0.2360725626302155,-0.9844523015300616,0.8393765566003087,0.2923498247506173,-0.04628900177206432,0.7374312129851206,0.5962491293884589,-0.5478543145247512,0.3891143083280795
2020-10-06,-0.9045911262669563,0.3852996602434198,0.9441285069620443,0.2433659257614544,-0.8642246671584455,0.3563747748735917,0.11815063899241139,-0.013270469105856726,0.7876306541584982,0.7430304929057147,-0.1159348669013356,0.7182803424732445
2020-10-07,-0.9223642820475227,0.2745542367328766,1.6365347865604964,0.21969773424325476,-0.93972037805566,0.39391223396665226,0.16640926308829118,0.09814444240419953,0.6919699538256006,0.7571926788441715,-0.021237280056109177,1.1838745455414887
2020-10-08,-0.939358076342655,0.2892305442762166,1.2210269069646402,0.11981286723988861,-0.9979516594108109,0.621430345187433,0.22156258436157958,0.2940147331223684,0.4493690613146986,0.6323482528066441,0.12048552542770855,1.4418523329497919
2020-10-09,-0.9109510718404693,0.2449422438469152,0.6573614802175936,0.17336441929062024,-1.1842473862333251,0.21914221621661262,0.15543174974309956,0.44561209177926836,0.4410793894395748,0.5620850342186882,-0.25889726715792544,1.727439236804423
2020-10-12,-0.8906918667781932,0.7500355629719672,-0.3186086181286466,0.158982486849734,-1.9084666886266848,0.3820003664928965,0.1499181845548394,0.511245000215113,0.8241569860727114,0.34297067227493133,-0.22967805744277603,2.099848137602126
2020-10-13,-0.8713069569257466,0.6789384722297458,-0.5689567232034786,0.018199604348404813,-2.039254268230553,-0.054373970078281784,-0.0805834392857345,0.5110207026663012,0.7073860377993694,0.2606603554021951,-0.7554473218211831,2.0952267982706645
2020-10-14,-0.9898809948561013,1.6180356278450103,-0.3330293187319304,0.03169390258528692,-1.9166119993439767,0.3862281906153102,-0.08919178231792103,0.47833163657534766,0.679876336875019,0.29288017612682077,-0.5192699578509147,2.0705410133507214
2020-10-15,-0.9918041735798145,1.614767902325109,-0.5506442783046718,-0.03081312314077511,-1.5895955214657516,0.034766651302712136,-0.2533128847237704,0.5900644782627849,0.6430836698458899,0.268930123631489,0.06628680322222537,1.3790216291037893
2020-10-16,-1.2162062364223478,1.4959491873526962,-0.7473529153681965,0.02722430697819081,-1.6191875851041557,-0.15192021914863477,-0.3589715084269375,0.9557892344657213,0.7224063086945668,0.33115637678887144,-0.2650386160435784,1.3300204750867795
2020-10-19,-1.1814262942798275,1.8103398656989855,-0.9973361627607342,0.0076136069975520915,-0.2019766990228626,0.10484404904003806,-0.3105541935385262,1.1283637996440241,,0.366880756861865,-0.20592957566586012,1.5003821656533871
2020-10-20,-1.0625757367211037,1.524044052676348,-0.9462011722441656,0.07098519080585397,-0.2080087829647537,0.299747048847334,-0.2869487130505484,1.036815748074471,,0.1509660094838449,0.15229559157995157,1.4476658790209356
2020-10-21,-1.0921844242333754,1.539775427033809,-0.8459487093806103,0.024199833402017323,-0.05507230884607266,0.11664562837909549,-0.3183251553253129,1.033812234552559,,0.23954341379150196,-0.19097767559119727,1.3065389833416277
2020-10-22,-1.0529871482655957,1.67518172733033,-1.1005465305784425,-0.1819826034892486,0.7187033700859605,0.24467104807836107,-0.3895154653782602,1.0999177496506904,,0.19533711754032188,-0.2353068098876455,0.2479315448966581
2020-10-23,-0.9761029357950172,1.8769235565997606,-1.2748843518240225,-0.0973254779178482,0.07978156384033794,-0.4351961373252723,-0.5921575807674176,1.0990980741621326,,0.0925597623583391,0.01613430295507559,0.6709675916570405
2020-10-26,0.44550489572118984,1.805618430657064,-0.9103095560302283,-0.218256107523449,0.018375866155962726,-0.0887003983975414,-0.61489807262947,1.2116373386690984,-0.7699281027927808,0.013881876887405803,0.026372325739817085,0.9643268027264573
2020-10-27,-0.034741676163683795,1.898262395912862,-1.0504897038161662,-0.461508487138055,-0.03217092224875816,-0.23335276497438953,-0.6904890037099646,0.7965124188123178,-0.8572053638940281,-0.48159982722562295,0.0060535293009907455,0.49601898110838016
2020-10-28,0.024472944068712768,1.3623743142955058,-0.6765378001758154,-0.5811035963314797,-0.24361322344999053,-0.2409293347970673,-0.4859025187530713,0.3857124841306958,-1.0054087707097268,-0.6561605108900701,-0.3952220404044956,0.5521063080287963
2020-10-29,0.15805028386260778,1.2129359475596888,-0.5888875162417382,-0.6099640370880699,-0.3087281374115748,-0.01982562191227612,-0.4761825439108426,0.2499432815313942,-1.0601691594438865,-0.8338352115028368,-0.07531760453552837,0.6475215439625744
2020-10-30,0.46058237267573066,1.173009836039342,-0.5228250617351066,-0.6478201659059607,-0.3638552615514241,-0.43289993182856656,-0.7670079624568563,0.15294250016680622,-1.2498332009433093,-1.0102705325222006,0.9166446898468525,0.9929538726011459
2020-11-02,-0.000824579831792935,1.0056752431632145,-0.8386102491399442,-0.5863744587673541,-0.4349314314014983,-0.7130032786125128,-0.8045597332372879,0.8332333530271978,-1.0284789277846602,-0.6612154487480572,0.6670885600056587,1.0498454623696643
2020-11-03,-0.010036450218057786,0.8054579772214421,-0.9982084513474728,-0.5296057633291382,-0.3244107364471314,-1.1544188565277937,-0.9430263055730521,1.052789387076387,-0.9232574130392556,-0.617957471292263,0.6012054076508131,1.027455810486512
2020-11-04,-0.12401748608774517,0.7213662030258248,-0.8860041546422853,-0.6185974600051534,-0.019344541149795495,-1.252722124264951,-1.0511050523059802,1.767642110065033,-0.9346387674211433,-0.7316463873215102,0.40209026534270265,0.9954986206432807
2020-11-05,-0.24518881286825517,0.3736921841015761,-0.9413954536450141,-0.6078057568272554,-0.14101563210436144,-0.11608688822728767,-1.0689166352754371,1.283377201318523,-0.9439289284486566,-1.4481951455730884,-0.2968996833538408,0.968558501782901
2020-11-06,-0.3582906706127251,0.4595738031135631,-1.8381744341149915,-0.45668333150481727,-0.2168565580430607,-1.0863458915566706,-1.1163062062818123,0.6401337975421098,-1.1636967650003534,-1.696759897379892,4.295495478719629,0.7629813156868359
2020-11-09,-0.41670950913188126,0.48830482409164555,-0.9804660335495459,-0.6032570989651532,-0.03246979281847136,-1.605725078168325,-1.3210113021352372,0.6339065360234424,-1.1849609363634017,-1.6214348581166051,3.6838131556906415,0.8595573967845446
2020-11-10,-0.3347173218701399,0.5424761329647064,-2.4178329127166527,-0.78548813566432,-0.29398280493204143,-3.223865814867926,-1.318837757144595,-0.19442027489402425,-1.0944488018872391,-1.6976792122592232,2.791107189902072,0.7793058388967267
2020-11-11,-0.2639444670916766,0.20580567678162082,-1.2871122436127114,-1.2583082454658865,-0.47331787048484864,-2.875963103337315,-1.5942199793615333,,-1.0416333112827254,-1.2963217760749237,2.53372955601487,0.34840229926893873
2020-11-12,-0.28675669509051827,0.1681340316400087,-1.6290902353933612,-0.9840974979490718,-0.44687382797346853,-2.506664126777217,-1.6553315249982534,,-0.9491958710548046,-0.9861458995258038,2.6322016336593017,0.531044508798861
2020-11-13,-0.12384176542693437,0.3632273837707023,-1.6150081422963096,-1.3719235646812113,-0.3675413141680971,-2.027745095119733,-1.7409475952362865,-3.1186410896741976,-1.2010357808810426,-1.4381736447992601,1.9999114745948694,0.4026641728051583
2020-11-16,-0.45094991736151724,0.07221243205248984,-1.0741030971203667,-1.5208334462821653,-0.494095018983391,-1.9982969090386042,-2.0012653376997434,,-1.1442856986351289,-1.5533306896700998,1.62769591902021,0.5777179774879452
2020-11-17,-0.6152849097619153,-0.2227406905093138,-0.9474680627862601,-1.273966243161447,-0.3028051480267632,-1.735575534933008,-2.147202482986669,,-1.0291500766727946,-1.3209739015611157,1.949322580386211,0.5883785950329852
2020-11-18,-0.5436745339363854,-0.46183330224578245,-0.8822427019460212,-1.2320854618961117,-0.3227961157580933,-1.6574944211501441,-1.673231605624532,,-1.1600444421716358,-1.3073290664287922,1.769350974636963,0.05689853149729063
2020-11-19,-0.4047742374843757,-0.6531421874902671,-1.088950404315629,-1.1129639048689794,-0.2435104016515428,-0.9650160364519029,0.1369561729409969,,-1.2981988460600573,-0.8949344585814998,1.5464356910006678,-0.23875928831952545
2020-11-20,-0.4906801895979036,-0.4621973954702597,-1.06122821387255,-1.1820031987856487,0.08996333503360315,-0.5890381591097987,-0.12335603785635088,,-1.1793130806477763,-0.9882663832520386,1.2914583058600193,0.47482498892666186
2020-11-23,-0.3660695840657086,-0.3750867432506483,-0.3187487447346748,-1.0038098744188233,0.13916394374595725,-0.660637695776674,0.2556283854736775,,-1.0898967042595582,-0.4881117056676539,1.1887727365176948,0.6282275314671769
2020-11-24,-1.2666227735548665,-0.6706731066355538,-0.3452795126938317,-0.7200012163182988,0.40058547940926137,-0.6071318538274494,0.19596229277997507,,-0.7987549081618134,-1.0100875743211264,0.689934898207144,0.7549191610900102
2020-11-25,-1.7256110048274287,-0.7304977965769921,4.361975189559551,-0.7253026699630692,0.013486258182005733,-0.2839620739834403,0.1122461728220786,,-0.6398819790143032,-1.0350965119793263,0.5291969055447697,0.6745673845677738
2020-11-27,-1.158071590446949,-0.7372672353111138,-0.07045301739241333,-0.7965140449422826,0.3293421059712947,-0.5597515557773801,7.385883545313841,,-0.5707861396641696,-0.6859135390105402,-0.0361299018721844,-0.06821539038633846
2020-11-30,-1.029595341127037,-0.675314840010154,0.8260189001673124,-0.7291514820070305,0.2957410304213064,-0.4531401459365759,1.5764900628851797,,-0.41904131064414524,-0.6986076645835959,-0.3753352149001258,0.03822712071434969
2020-12-01,-0.8220026923113716,-1.1641556166043043,0.7648909213359391,-0.02964226006023389,1.2584949869275583,-0.4693876253095285,,,-0.14406349512640573,-0.9893990651167305,0.0051139014263483044,0.390370377200527
2020-12-02,-0.2644197265378889,-1.3182497529322192,9.4811787429943,-0.13013783322351738,1.0733762001988787,-0.44173024827184376,,,0.14762466892360387,-0.6673607019979578,0.20659109118635074,0.4412636126445921
2020-12-03,-0.011365961380518106,-1.2334976105800208,0.7569126139879931,-0.1819431801382549,1.364997394904219,-0.47150863514017494,,,0.2425880337834432,-0.37692226526762873,-0.09103222799340921,0.1481389521561498
2020-12-04,0.020681242673532003,-1.3337847503499147,1.3971071946345144,-0.4304437933856265,1.0340879582628961,-0.29639139344676724,,,0.5076900374968667,-0.1064135031367839,-0.16784915934378808,-0.21387404443204872
2020-12-07,-0.7738544158321461,-1.262769699279714,1.3683282067765847,0.3534801414477122,1.0517075547006145,-0.3184457926966454,,,0.60265445743324,-0.07761439454057473,0.887875974279075,0.8338696922011498
2020-12-08,-0.3516013185446145,-1.8858892531935505,0.8470935390099026,1.0183063130018397,0.9539778131129308,-0.22244924390215884,,,0.21655464848520584,0.3213024821133718,0.6775254242957024,0.48113153112116314
2020-12-09,-0.2703012365967716,-1.575865921816139,3.341041232052447,1.1751906139096728,0.6312455307271752,-0.1340903263732281,,,0.33640077856125594,0.2045451267627156,0.6274504607304878,0.33701829011074647
2020-12-10,-0.04531741847844116,-1.4882999376689077,10.10027713218206,1.3678448295839953,0.3366974782277406,-0.142919495071763,,,0.37908764196424216,0.49777439590291384,0.6936802590155657,-0.21447348885477246
2020-12-11,0.4456587641607396,-1.4802460080401159,2.876391049909724,0.5927699292090395,0.7166602222165964,-0.24313960241761085,,,0.4329177763700846,0.40839580020763133,0.4991737720799431,-0.6456566353779886
2020-12-14,0.23344356285877382,-0.9912098545218793,1.4469201287327242,0.13001096701712245,0.7312480037438485,-0.20365065012728611,3.9836015548617816,,0.3407772788968344,0.8829633672688374,-1.7407076591088144,-1.138718600611716
2020-12-15,-0.12375381625111398,-0.8405814942077758,0.3853701695000778,0.5398138093536465,1.4243996746666299,0.10425992047379057,3.746859560108993,-3.7597665694434914,0.472581526931407,1.1135527346029201,-1.5103367721313,-1.7625300956144705
2020-12-16,1.2260748409872761,-0.7865444402561689,0.9654590955694813,0.6422184951210266,1.3188342949271954,-0.3849770383244516,29.92273520895556,-3.4571781533704193,0.3826909260770874,1.354239675424393,-1.6817987659615108,-1.8690184838184012
2020-12-17,0.8114457488117898,-0.6098966094155057,1.582013989934501,1.065162404114689,1.093778850610325,-0.2412821908222996,4.648693182952711,-2.151659419065182,0.4297122120352071,1.403617109855357,-1.654742059108202,-2.4313336670321966
2020-12-18,0.6894229946936273,-0.6330599935856452,1.22617800844264,0.7883891688126956,0.917513336921529,-0.1460371175317065,2.9762095336429812,-1.4933112734415297,0.28364194048915214,1.5916210683936287,-1.7707377855305035,-2.402820429102987
2020-12-21,0.12335490312472898,-0.6202804140296188,0.8750076966676434,1.6082645911247762,0.7676299072696042,0.3334858881297588,1.8931704013668775,-2.0299277577535304,-0.5272389364635582,1.3132108004833682,-1.8237440357867256,-1.9825063022367464
2020-12-22,0.9148081596582295,-0.15734746800935184,0.7958792598688237,1.266985166336453,0.17991972123603944,0.1817103769187063,1.8383646825347475,-1.4814166919790523,-0.6558186485113945,1.0165344875655717,-1.6328920271167966,-2.1093977652094558
2020-12-23,1.7434329798587913,-0.30548215017240105,0.8437600189922927,1.2205523359647363,0.04109861771205233,0.3088789887214509,1.080457972158837,-1.1182707496860633,-0.6943740909744959,0.7292297965217034,-1.5582087304946,-2.161535635091879
2020-12-24,1.8456414953403546,-0.37002646768887937,0.767653388525729,0.6012659748651173,-0.16885449924858342,0.18866341242326148,1.0156255655410398,-1.0276673105358483,-0.47453767012631304,0.38076829109764043,-1.5223387476816068,-1.9112466895374314
2020-12-28,1.6919432369417187,-0.32202518577950884,1.1387508323914288,0.9565176364574008,-0.2200829995764609,0.23187783831577627,1.185303172320659,-0.8481626048566686,-0.32842042808096933,0.6262948491861898,-1.4077658168123128,-1.5148060774321508
2020-12-29,2.2791998015866053,-0.3592375218292714,2.2720435455975316,0.3198676705866188,-0.5424387440093589,-0.15058250506362178,1.2165048247610666,-0.788704743976035,-0.379471848221984,0.6912770227311822,-1.4075131096874207,-0.9753552439516064
2020-12-30,1.9315397673326422,-0.3079136283423589,0.8100998412372745,0.2212584784205459,-0.6221980706235382,0.1976235056957944,1.3068821404717803,-0.7110549606797639,0.3730544451860616,0.8146114454887315,-1.1838001395086215,-0.7853569801529694
2020-12-31,1.5396374696896789,-0.6640650197378094,0.003533685573314801,0.9167052978547799,-0.1505199643101015,0.034464923616948966,0.8976019089900229,-0.7184028731796505,0.24484327068770145,0.946029344785092,-1.0880805193362877,-0.9926962883605791
2021-01-04,1.095604790813358,-0.5702074165996048,0.05933947569780285,1.0348399421041559,-0.3172295801467572,0.24017525708453483,0.5911940995101875,-0.7572168398784141,0.6582761700889771,1.1616152004877085,-0.9505537747121109,-0.9276718924018862
2021-01-05,0.8823364564792069,-0.6722276213174536,0.11889372488148796,0.3937488971178817,0.30935298751181894,-0.07310605974297402,0.4845983377115394,-0.7381851428629511,0.849585700236233,1.1941297469338767,-1.0106866773422898,-0.832571426904664
2021-01-06,0.9726946299232303,-0.6709071183704695,0.2855632282018459,0.3467246280047173,0.12050167631949626,-0.19093534445022495,0.3969117456873778,-0.7304089093204452,1.010816175321743,0.9678967725570704,-0.8531745870561424,-0.7410266452328991
2021-01-07,0.5703929474452588,-0.8273970420284634,0.14790676266566075,0.805190796181327,-0.17596797747791493,-0.7173047583284063,0.5661497129921873,-0.6472622374485905,1.2780607651522906,0.8797785488848112,-0.7933515053827443,-0.2751812854835919
2021-01-08,0.3841833636100308,-0.5622340616218713,0.11210543637565615,1.44447465406836,0.4040092254978057,-0.8170726799068807,0.5234751955921731,-0.611810032389215,1.3866540061781212,0.752711850171713,-0.7908734022024816,-0.29402933210939575
2021-01-11,0.4246039653137207,-0.5462732483317817,0.037237321252940346,1.2789421206851392,0.008471220728399925,-0.5325854424257728,0.48919090481939065,-0.6106988546899353,1.2558557218454784,0.8020556284649383,-0.6976825419849518,0.11834077018422103
2021-01-12,-0.11419774413242813,-0.5025292568926875,0.315594649480942,1.5239913710311506,0.846285313328274,-0.7954544713594149,0.5109447630628215,-0.566135158974578,1.3727851807743319,0.6896419971774679,-0.6642244649063869,0.39961666007095015
2021-01-13,0.0362035603307049,-0.5068847164793432,0.2895426184354824,1.6968909231734484,0.467992476310636,-0.7148974161711311,0.4570905336406066,-0.5593708936671802,1.7722354200246608,0.5494069120518553,-0.685095192360572,0.7722580845763369
2021-01-14,0.36933768710822296,-0.49233378353517276,0.2611383104883735,1.6025227911819364,-0.6899406854126545,-0.8501655131556903,0.40039973672853363,-0.5373911899986188,1.866703145167834,0.3896260239999808,-0.5276877440552642,0.31350649338039865
2021-01-15,0.21350610049862814,-0.4943227783371009,0.14881754954473045,1.6335611907873075,-0.7642947309912106,-0.9916045108740325,0.37915875331115917,-0.5331575279008193,,0.34156847222372116,-0.1642106287380881,0.6034802726073529
2021-01-19,0.15297176321983008,-0.3238754678537708,0.03840271032821352,1.3049816937355645,-1.3480758769063126,-0.8869433709413413,0.38722079551266203,-0.4453301185554662,0.5565502880649814,0.44579037852560116,-0.32280341675260904,0.056591631634372315
2021-01-20,-0.3377354202253689,-0.12725063378194398,0.0003456660841411554,1.2145499517283385,-1.3635829333701928,-1.229602508018624,0.42454506613002435,-0.5334879793215338,0.7725080201576988,0.25849320532345665,-0.0058901195118351585,0.730354407241757
2021-01-21,-0.0402455902728398,0.5097668443323384,0.014711463167338843,1.1582206836440454,-1.7754940365943033,-1.0632638016844511,0.5055793665147446,-0.6016916367743692,,0.24877206294159449,-0.33064997341661223,0.08094593523196679
2021-01-22,0.9063169361508931,0.07899857465614343,0.3170367112836972,0.9482996276352655,-1.2917791298697057,-1.2675308231059943,0.35799709606540076,-0.835309786978032,,-0.2154518530912584,-0.5512917264562227,-0.07647792956640018
2021-01-25,1.6105932475584976,0.6047674934198668,0.2963902424862167,0.8136832160085978,-1.0847056513047357,-1.0282029491216202,0.6162585867239055,-1.1033715970031441,0.14008640134355854,-0.48387811211835074,-0.6898910734717573,-0.411826413007864
2021-01-26,2.016057279894536,0.9556780304057241,0.03964537386669361,0.4829558442556567,-0.8697696995489391,-1.2427627268267019,0.5588358698994094,-1.1505116628035243,0.3057102362371193,-0.4636530228161814,-0.639284003278844,-0.5856218667198642
2021-01-27,2.1653820737601324,1.338079813665147,-0.25492212417408106,0.3307772524404457,-0.7335566624355628,-0.9119289423726978,0.5990558970403167,-1.1601216152375196,0.2901208979093232,-0.2828680561526521,-0.6465303819149213,-0.7500444800763499
2021-01-28,0.9972207704438055,2.185323752346043,-0.4112093148016946,-0.5468944272187782,-1.5050521654745472,-1.1835444995847584,0.8578804279697708,-0.7977206239319378,0.20858319629820463,0.10185633981573615,-0.7447523006087508,-0.7142632543358998
2021-01-29,1.1113552398447781,1.0793784265696444,-0.2623639438222422,-0.16721546752218808,-1.7387139326283383,-0.776731757471259,0.9544085123773366,-1.181976826842808,0.34252383163338995,-0.19340645500273648,-0.702419068884411,-0.7927803426013526
2021-02-01,0.7845709314027601,1.4640120824200165,0.6297633959717317,0.642857296811461,-1.483207831660796,0.0218411121552889,1.2996168860182467,-1.5311423456557038,0.3293175311874077,-0.3467605386393132,-0.4287253741333428,-0.7211733020279795
2021-02-02,0.2235956788281021,1.3096436242794594,0.28709406874387544,0.8896924634695732,-1.408767259947109,-0.07391810184202263,1.2570340749429862,-1.5962315236781126,0.31936517122126745,-0.520627797185051,-0.47786026452715535,-0.13905153663938527
2021-02-03,-0.1794863477503633,1.8762983673641356,0.5550243360258201,0.9976321178139165,-1.4417489715304226,0.8496524735081592,1.49770347624896,-1.5892401526309752,0.32881857698469724,-0.47938098294162684,-0.1293313807665215,-0.1364145256906007
2021-02-04,-0.3494948005836205,0.8019724499203911,0.9224113896947398,0.21457928716653263,-1.1834750513582057,0.869111485543091,1.6018485907190687,-1.79736955214581,0.34421824637234927,-0.5498183797741302,-0.26052034109877853,-1.2062308416259322
2021-02-05,-0.22340284439188943,1.1845423612594062,0.5154146985074554,-0.16059930606856804,-1.145893888002653,0.6384558353902481,1.7082937329618761,-0.717880822572914,0.33304030617844066,-0.28439277543150254,-0.40223157348866784,-1.0629164652101157
2021-02-08,-0.20029165834066825,0.4871469004623263,0.4510427882647672,-0.701056099091351,-1.4982576657203888,1.0292020791938403,1.5864176608810026,-0.006790488402596294,0.2959135420029127,-0.18658247338202585,-0.05529753523369285,-1.2221883615899136
2021-02-09,-0.653294222691542,0.8018909382769833,1.9228496250171383,-0.6083205163640015,-1.190731732094205,0.6949356541164201,1.4883483324085123,0.45823405641415293,0.30240096699330266,-0.4782698302871208,-0.5410533927366238,-0.661002031371352
2021-02-10,-0.7365124956801802,0.733873864156608,1.8398961026101812,-0.5358639197053585,-1.034777757565697,0.9818138343403708,1.3439824748035267,-0.10898410766253117,0.27757167583194775,-0.3707629127484494,-0.1134809867241915,-0.84846955793429
2021-02-11,-0.8599730616161944,0.6602795717083378,2.2175126680275574,-1.1017256593706213,-0.9652690793480716,0.7753614613406853,1.2633307583773288,-1.2186646744944476,0.2753310531980175,-0.5167691163146685,-0.01522751208059092,-0.6301947829436619
2021-02-12,-1.3328858430810313,0.5449310405054998,1.974875677522223,-0.857280572084417,-0.8990223562056885,0.5770721454520431,1.1809278139330537,-0.9993034143561892,0.35866091569537006,-0.8814860612928436,-0.13922306648135388,-0.0334921746758848
2021-02-16,-1.3837214238550921,0.44311926073935426,1.9137006521605895,-0.3835319579298455,-0.803801565313341,0.6103862329617731,1.5036520293110038,-1.3198380584048053,0.4273489357659408,-0.801767901634297,-0.5094404052307516,-0.18722140150491828
2021-02-17,-1.4671264514234628,0.3902169038977923,2.070235093602304,0.02742474086338852,-0.8848032070788143,1.0041265408839313,1.8063380680937728,-1.5527871486631053,0.4905766326818189,-1.2989741831766661,-0.5351074363915829,0.16341626316688498
2021-02-18,-1.4736621908880763,0.18624379537916913,1.8182156854821605,-0.35488335523567743,-0.6668995964358526,0.5253618926439741,2.082866650411272,-1.5805156111306102,0.45563235278611386,-1.288451512621866,-0.4293796806418037,0.13767582501296935
2021-02-19,-1.350416794347594,0.11913473776497584,1.5782458312312395,-0.05502714646705786,-0.5990582948300648,0.5592379269187445,1.7676129416977566,-1.4865633460036285,0.44600940241540266,-1.4310634588411484,-0.47377994547033503,-0.07670161155492686
2021-02-22,-1.6319429830570318,0.3247486494240795,1.4789662981098672,0.7227565732595295,-0.5633332966371642,-0.25145787157849375,1.714574016836859,-0.4967276199181566,0.5099665845322314,-1.725133946468,-0.4345621967220318,0.44611080592114444
2021-02-23,-1.686931430235149,0.3460162341923836,1.0470298573088148,0.36645855760057755,-0.5540638808192554,-0.2881434981088572,1.6911775592837708,-0.2872827196562364,0.3975889983914748,0.19334915278094655,-0.31748524145657425,0.21390763519849088
2021-02-24,-1.5229582827686974,0.28948403953169854,1.1041814869083055,-0.1540875363299307,-0.43288022102212287,0.05702818690090935,0.5492263373824089,-0.3867366283823678,0.43070961332942664,0.13728847525672006,-0.014829965400558063,0.2521242701911105
2021-02-25,-1.6724545238050508,0.19529667372020665,1.0095328658462024,-0.14216163942347146,-0.44908030075305483,0.28505211954219367,0.10605869857243039,-0.29281742863114385,0.5023155826789585,0.1218740417610714,-0.22402156155080685,1.1048345575130432
2021-02-26,-1.3699030617911587,0.15011113293041958,0.6890766909886139,-0.8802887183265771,-0.3903967961444287,0.4042261542628231,0.14513406812863297,-0.5052993248356697,0.4109704938884518,0.437596582565092,-0.2558274248498819,0.7457035060675204
2021-03-01,-1.0644523783480357,0.1957663177521776,0.8466746518994777,0.3284134342364382,-0.2765644450114003,0.1848276044035666,0.29824414069565564,0.12334517686963267,0.3849786685991254,-0.005581461844410762,-0.320572616277568,0.9408194153847882
2021-03-02,-0.9395880794427286,0.11440926182985073,0.4228486608743895,0.44673633341068925,-0.4284237200353341,-0.312384147393246,-0.49572047776929756,-0.48872707206861604,0.36748389616354077,0.6726342016938047,-0.2707478225235402,0.6497158219223639
2021-03-03,-0.8907547749296225,0.0807223089139314,0.23239518163728973,0.32831113431105075,-0.3793382675311793,0.32214228023749053,-0.5284422728723316,-0.4769660535981556,0.30129207164407784,0.8396340236104931,-0.27954141273039074,0.7572705347861843
2021-03-04,-0.9263491584853332,-0.08128630259316996,0.07808466758135008,-0.21029413592191867,-0.43707339557089575,-0.2996654551562373,-0.6280313802859627,-0.4815670625521941,0.32884307142263675,0.9120211213801931,-0.44121655250460784,1.0983246902315782
2021-03-05,-0.585502382177557,0.19567877953173465,0.05764941260932397,-1.2697968023142567,-0.4596325114286752,-0.015581598582579738,-0.41655772895463816,-0.3986352662535838,0.17169654503794585,0.34333788216552674,-0.4629761669984657,0.21736111887176215
2021-03-08,-0.7832044787407053,0.24676016613759671,-0.35561969533754995,-1.7518441175096648,-0.3337915640953241,-0.6568184269475468,-0.28905286475840325,-0.26442054496801287,0.3118254512037065,1.746618297936365,-0.5101486761370408,0.5751010431398725
2021-03-09,-0.8511264869261059,0.253455954475612,-0.9600276706038408,-2.679732677502746,0.1743471597281931,-1.370177142421684,-0.2740968004620823,0.8242499454915181,0.3490581425867953,0.8913097872818545,-0.5875771319383737,0.25865675435031005
2021-03-10,-0.725922867849346,0.23986253113054593,-0.4677233115780128,-2.308266477091629,-0.3701856966426552,-1.0384789709021212,-0.2978360494111726,0.6415583354375662,0.37777407996232787,0.8967541087637128,-0.6335399897207076,0.7303704868405851
2021-03-11,-0.7309304942871461,0.1624817349098631,-0.3750424053967987,-2.1856437209020143,-0.39040703013560457,-0.920094499573497,-0.23539866335136858,0.9359211275003855,0.3247533668629252,0.9949438608906487,0.12406275945288875,0.6717099670097952
2021-03-12,-0.7745546466947096,0.1734635065869167,-0.12746570961898854,-1.8217363822504744,-0.5010475984661323,-0.33648209984772826,-0.21986667614492314,0.9801292079137846,0.2626796319568938,0.31914620954138306,-0.048957678741638214,0.9212414733019828
2021-03-15,-0.4439029173070742,0.10900944881012185,-0.16017728759318908,-1.6521526611416397,-0.41010976818203027,-0.6604992724561722,-0.4247542398842512,1.0654763570489747,0.2256483177397005,0.22779792976569826,-0.01353564464828884,0.9256674513464973
2021-03-16,-0.4569419170976735,-0.15263370505036158,-0.03268306442705185,-0.8264381730721128,-0.2905909673793334,-0.6581710225522874,-0.4493413164470933,1.22686406304209,0.21805983918185207,0.4127785144656017,-0.04593853302166271,0.6191345490513458
2021-03-17,-0.4145770062661311,-0.088171772876964,-0.11035679365005349,-0.6736033499344065,-0.35428957993195936,-0.6047596191878801,-0.3951438283551741,1.2315279779557262,0.22026382354231658,0.09744301077517833,-0.0581462112175219,0.7233746834102098
2021-03-18,-0.5134793415479482,-0.16170270150700752,-0.0028252482019428737,-0.12004855010534692,-0.29546777295374227,-0.3050820641330468,-0.4097385242158859,1.246001663760219,0.3333568294395414,-0.07200911683091002,-0.06154465203297289,1.2658953173726404
2021-03-19,-0.35111691528458305,-0.14601646937137916,-0.010203564937211194,-0.2939704485921494,-0.4710223441603547,0.06375999966654922,-0.3565217728811424,1.0083179416172807,0.3518003121512244,0.11781502478296861,-0.058051889531698604,1.3969024461794475
2021-03-22,-0.2303611305175431,-0.17582558483344268,0.22949282146929909,0.6940009370436822,-0.1432625452625849,0.6890417037995836,-0.10852937944539513,1.0190938722456921,0.40738495136285724,-0.0411645734458323,-0.05449876734129305,1.6897918738838922
2021-03-23,-0.109507728613997,-0.027065440275473446,0.175374289659827,-0.2869379008128494,-0.24706522225383207,1.0525987321347627,-0.11386048492616406,1.3450940043335653,0.512398794427741,-0.001911056157095668,0.041925230186593276,1.6173986991367368
2021-03-24,-0.06402149788491099,0.18515147130837575,0.18532056368345748,-0.8656844047696338,-0.44073331687653916,2.060466006645621,-0.10036462719472765,1.2208929926934675,-0.08061511678474124,0.3676749787956452,0.04333401265979047,1.52063532133062
2021-03-25,-0.06699982650733234,0.17586897227972267,-0.16247156793498008,-0.8595283154262583,-0.4910709784619649,1.6556329274627073,-0.36337847692534203,1.1373077839974202,-0.4130037170335873,0.173355924908665,-0.11151934390162034,1.8547456941709148
2021-03-26,0.07535151549782979,-0.07863692249370456,-0.3308367210911703,-0.5126624358829667,-0.46976491924533403,1.830556153024968,-0.6880734817252379,1.2647279004681085,-0.48020799049334023,0.8520604316781991,-0.05631427092773141,1.705632708358814
2021-03-29,-0.3895975151343052,-0.28009069488040067,-0.7092918336712054,-0.16807021284589915,-0.6627967886906274,1.713845166578197,-0.6825264305359499,0.7467718711550724,-0.27327889883180223,1.3539125219558314,0.05178344550496068,1.7297694918697666
2021-03-30,-0.23217075118598504,-0.31785837856433635,-0.33022935327779207,-0.6647932980533617,-0.5573779722795872,1.5620923334319172,-0.43696869516298636,0.793841808594661,-0.37451051690510834,1.557918119143339,0.06955958554626909,1.5529027513651357
2021-03-31,-0.21693540753314414,-0.5702190467671414,-0.022760378333561922,-1.4397982784180117,-0.5370201743040478,0.8110800874201891,-0.32807375224830054,0.8870281902256983,-0.5315836445473621,1.2941090087058453,0.09742035971923323,1.401856479695212
2021-04-01,-0.15302769611228695,-0.5526253329276801,0.265003457596257,-1.5226664412501967,-0.28013591796390436,-0.03982265092161313,-0.364923962200282,0.8407801432632669,-1.1164316607593765,1.0398587147169034,0.17852499274460823,1.3231552491998353
2021-04-05,-0.4061150489978546,-0.2593688155527481,0.193001247296612,-1.417895696263113,-0.12113273762615465,-0.06851939768110472,-0.03201065810906494,0.9286561051745728,-1.6279444552117877,1.3816471486121855,0.3971234848829419,1.1488779097192294
2021-04-06,-0.3565049034247784,0.08078729347076,-0.253494995907323,-1.3196347979791239,-0.6547008524711274,0.2978737005421379,-0.2199541692641157,0.852570216811801,-1.5365278604059958,1.5631377973007015,0.3647723996947349,1.0618935894107346
2021-04-07,-0.2088311943062899,-0.05392260049432108,-0.3929160314005986,-1.308234779523145,-0.4214863185262576,-0.03505232255319343,-0.05984529101988415,0.7092020229855687,-2.0539058067587894,1.4509864367623546,0.25766889477496835,0.9357292668829164
2021-04-08,-0.07550448486609157,0.05661257847093546,0.05418302026630533,-1.2855258711044384,-0.30227531305348593,-0.03979673744337902,-0.18049305623840053,0.635486420713344,-2.0678341507272164,1.319990593352059,0.3693938467808737,0.615925007913292
2021-04-09,0.07196308412981589,0.043632943829946376,-0.1961404185583834,-1.1716536715407877,-0.4342182468035207,0.07574594610854339,-0.03830562878978678,0.6230187831577103,-2.104399157867179,1.233428231745672,0.2700433889152123,0.43582748608847355
2021-04-12,0.38919240193051524,0.08453086544175197,-0.4078984122794846,-0.6116293723749885,-0.9122993273659468,0.14895289969278694,0.5124766198681542,0.4537690994389646,-1.6703471626100952,1.1170081889783503,0.21358204101887301,0.03428185422251233
2021-04-13,0.2138687141620684,0.26757791159887045,1.0409087220162725,-0.9159887859480528,-1.9452891547793263,-0.19853348703953053,0.35029509652003277,0.2475997455159923,-2.1425790944701597,1.024769638568383,0.04232880716710918,-0.17201808277242436
2021-04-14,0.5704883611729439,0.30278181895376727,1.2749610119820984,-0.4718824443936229,-1.5704811692975025,-0.9220294059240848,0.5222782609253515,0.24073221958232574,-1.7460136449062287,0.9512019715192058,-0.10360493969764914,-0.6888670662288557
2021-04-15,0.36793432681855887,0.00945125215939503,1.053738834636269,-0.7725453620993058,-1.54980701933797,-0.5729385134223769,0.2841943896347717,0.09680514017324873,-1.5373720906737192,0.8641839162814036,-0.18117010956077645,-0.3450611802615498
2021-04-16,0.4573332487379242,-0.049707221035790394,1.4498337717286545,1.1622957283334003,-0.5750449259102797,-1.7289169244638773,0.49538660090333186,-0.033408917768369635,-1.2753598389080079,0.732534283216832,-0.03729829191297297,-0.6214816646714231
2021-04-19,0.626684845334247,0.18980836654149602,1.1836020330697596,1.0459094972215135,-0.7087303020418406,-1.2846093280386617,0.3840928919419988,0.29577728320310837,-1.5563706114594176,0.6645561140949647,0.14047212045981902,-0.7337465838251449
2021-04-20,1.3245805717950203,-0.008773270656383723,0.7433015131230654,,-0.5828478124124927,-0.5695118095310568,0.37966096846118647,0.28361365575125885,,0.7274859972316715,-0.014210698713641398,-1.0614887845690129
2021-04-21,1.5522184848387364,0.34493293931666724,0.7362782349487198,,-0.8172239307147667,-0.6123770161726358,0.24561618538497676,-0.08856346618751587,,0.670404447647531,0.03168834926218041,-1.0529410042679563
2021-04-22,1.4089047864397037,0.272555870826656,0.6188550299109947,,-0.07414975696469053,-0.006632538318511113,0.3620296294996966,-0.16864877224368924,,0.5344774818250099,0.3588429396602005,-1.0162970180867321
2021-04-23,2.1003654793903133,-0.0779227432056657,0.23946577410669018,,-0.49226162729542705,0.11579536904756609,0.7050185520511029,-0.18074195174744556,,0.24613845177124252,0.20495705001034895,-1.4916239258493014
2021-04-26,2.029249212975681,0.25714108626490756,0.30313978515553036,5.632316651992177,0.6151014480122875,-0.025031541850118744,0.6438805360040677,-0.300958202969846,,0.11487336282085633,0.3613037639116077,-1.1233833191153895
2021-04-27,1.986315392420133,-0.07627551130405932,0.4513021249135077,1.3011287903968438,1.7524839354896358,-0.1515496113507807,0.7849776403512435,-0.6184294898036825,,-0.07271961238679193,1.3519367773965822,-0.9942939716370839
2021-04-28,1.8625155932132296,0.33722389394465363,0.33568662529932847,1.4346450847815826,1.7920193420783073,-0.22706069218333197,0.6508321602088879,-0.6629075000633172,,0.04535927126113646,1.5187511039768902,-0.7878783977546986
2021-04-29,1.8247201874401757,-1.8456026488907278,0.5521523439463395,0.9567197986717315,1.8238575722441632,-0.7704215369119088,1.0521320467500248,-0.6721033415732041,,-0.08396902963185096,2.0896992251006026,-0.618169815293909
2021-04-30,1.7561823488441146,-2.6475112996862715,0.637869385213681,0.46967419517172604,1.7848938196343682,-0.8655303823272196,0.893448862307922,-0.5852054857928727,,0.07803864406655414,4.481049033367872,-1.3266026267075537
2021-05-03,1.884005136749967,-1.4753030201785011,0.6590834394259983,0.49636126221797316,1.5063603133603403,-0.7628412143681065,0.7631859672395547,-0.46521217548849875,,0.03615850173184496,1.1123981595267962,-1.3411913157205686
2021-05-04,1.8709404748584706,-1.3376876118107903,0.46408647311440643,0.8186947717140439,0.5004393101996403,-0.3507021159562322,0.1841216266412964,-0.23938531521456952,,0.2977883900694702,0.8843859421255583,-1.5309751371934268
2021-05-05,1.4226355402892559,-1.389765577998787,0.5178619233153483,0.2679150641322921,1.7041120388946216,-0.2585461951474926,-0.2032839317517411,-0.18709244785797516,,0.4464039701905103,0.5817611624229189,-0.9394860639134699
2021-05-06,1.3298685779630364,-1.6480766432541778,0.7236734164074411,0.23077652742277127,1.5214324507136483,-0.12963408607470134,-0.3375449782076778,-0.0770824748902926,,0.5053610518684665,-0.8376069478685876,-0.6658577331454412
2021-05-07,1.2086999017352498,-1.202172183117521,0.5754594661711065,0.24907259292952652,1.2412670344972274,-0.20267004401323238,-0.16647334490671176,0.08140714425434951,,0.5193165219835127,-0.2652816898471107,-0.6054111709481818
2021-05-10,0.8590271127222295,-0.8566768230917345,0.8261211019244071,0.2789350096514556,1.2349857285023191,-0.22038998365372578,-0.4146122867738757,0.310237104972596,,0.5642660867721488,-0.6989283555639946,-0.30747591808237196
2021-05-11,0.7324752273831742,-0.7751082054544579,0.880557857423442,0.2728420657983581,1.517193985357876,-0.14335127154475086,-0.15645460856881732,0.30675268211778006,,0.45381160958142586,0.7898974968673892,-0.30653476648880734
2021-05-12,0.6381647091194292,-0.9157072174569446,1.2881947969941763,0.2443614421753637,1.8052275577070085,-0.04769125873884738,0.375320991122581,0.0894167987736452,,-0.24628875877649875,0.7448174182974959,-0.008071657263473862
2021-05-13,0.5667030034580072,-1.378962812328169,1.379795204717955,0.23967148150746348,1.8706240871846276,-0.221559308031936,0.44078080569423833,-0.19768954576330505,,-0.5719047227607255,0.5941173752192387,-0.06200897367205952
2021-05-14,0.48664052244254885,-0.8948995815954148,0.7179305413318197,0.26326299145103416,1.070154654624696,-0.13874564996363087,0.4194990031746602,0.0015709832397828743,,-0.30045540409525406,0.5108584872726584,-0.21875881259231852
2021-05-17,0.5134722151563611,-0.7632544757793389,0.9504127292069984,0.23160624302106447,0.8373073125645006,-0.258334537746487,0.8872795780477619,-0.22071761428030862,5.175744257863385,-0.279574673489112,0.6046239340922338,-0.22843416188422286
2021-05-18,0.49536324705437923,-1.3158541871792995,1.0916004487247528,0.3187384181126483,1.1282506565448054,-0.2506705292648422,0.7719707890216017,-0.16465314324304137,4.614754210003847,-0.21907320370999447,0.30668532432602125,-0.3833115550354003
2021-05-19,0.4786919792900981,-1.4471017198407161,1.108102415127142,0.2942450069798154,1.3422224969477965,-0.2342859905211417,0.9031363869549152,-0.13579884031187883,3.3352143284170594,-0.44099649873059016,0.1393253227938159,-0.3848530987201902
2021-05-20,0.41391102186411477,-1.7738858096029768,1.1009551052570508,0.5087941668965846,1.6120546232047586,-0.23409644572248708,2.0327519429741234,-0.5634115345041266,2.1704209477355203,-0.544766617513047,-0.5461251552190579,0.04730543027858015
2021-05-21,0.315925362259315,-1.819453771232326,1.0090526476145123,0.5245814799550879,1.4614015007453347,-0.21139701263129407,1.8344962229998396,-0.688375807454879,2.6665767385844314,-0.6874350529168904,0.06371820341932863,-0.15201071310700995
2021-05-24,0.17343092771144744,-1.6780509147503928,1.5309749432482442,0.6955788642730492,1.4518918218912429,-0.233075885473381,0.983107031360667,-1.1489972355447857,1.984921038136718,-0.7347467512581322,0.0596707301461674,-0.0009155733733166571
2021-05-25,0.01844386895963094,-1.2622430545328982,0.9574793789513006,0.5832535831476889,1.0165305341923543,-0.25575914291999047,0.9785812164024683,-0.8374240150032544,1.8644217065116175,-0.7163055622095501,0.22620768871265381,-0.10976470282698274
2021-05-26,-0.03446080148890199,-1.0016434576286892,0.839634302859667,0.6407941953150051,1.0911584190838421,-0.21424244599300413,0.9944024484023462,-1.073311298931074,1.9065368524085113,-0.9220721498714537,0.17178828011972064,-0.09292258364541824
2021-05-27,0.024691395559124557,-1.1521451085603738,0.7564177451126888,0.7112234850223843,1.1389710309503949,-0.15399667687358914,1.2135067592336777,-1.5075080034293402,1.6747681130503025,-0.8435890512394141,0.19006815366529334,-0.09184842003599392
2021-05-28,0.00539273363300762,-1.2169852386705808,0.7965224395142023,1.082747798014484,1.151900358594341,-0.1925804290763204,0.9300900627316651,-1.6279142172939913,1.2517021500948038,-1.068640098758282,0.16829030488906213,-0.04270730245256309
2021-06-01,-0.404846930946351,-1.2817360204163128,-0.06140131212470093,1.082121132134675,1.0883460813903736,-0.003905703579812683,-1.5974110128414898,-1.4550880425679493,1.249035044972733,-0.845879656670462,0.15955130381664065,-0.009282344166474157
2021-06-02,-0.46890192352020404,-1.4361963129709445,0.5409224347549838,0.5430959577975693,0.9389974225315705,-0.2189894332783335,-0.34541405517142754,-0.9235259496778784,1.1303734916623391,-0.5656255760127914,0.39955643491351595,-0.05210503655367194
2021-06-03,-0.5200760655862365,-1.4833368510439318,-10.686649057441448,0.6637895347938109,0.42833937019405377,-0.5553369960670069,0.7023040334262883,-0.9200363304687127,1.0422406422532675,-0.41496224376186486,0.24325974248840876,0.04439707411345203
2021-06-04,-0.6346633602186379,-1.3342550674366471,,0.499377598788804,0.6820139607972299,-0.3924455577979064,0.7614652538063132,-0.608340389722821,0.973406915434479,-0.19105318407530483,0.28697764650589114,-0.269443259475477
2021-06-07,-0.8062020215343474,-1.2297623647155689,,0.5786216149833032,0.640705431071099,-0.2947370890496108,0.5769127140680852,-0.5500747010774858,0.958755138729226,-0.17811597725632908,0.1907874835490669,-0.22673182346689832
2021-06-08,-0.7707226892381825,-0.6256469092727277,,0.3445886454224581,0.6096604937988289,0.1630102226103978,0.5768647546257658,-0.594456346506949,0.904110526236416,0.02177331861837395,0.13949790911211152,-0.35967666521030045
2021-06-09,-0.3868541374422666,-0.9699051845808729,-44.36671248123454,0.6605357860438728,0.6201290700422244,0.1439265235456823,0.6911256605289581,-0.4597598816895143,0.8583904648843983,0.13047299319634947,0.2479134936292442,-0.528492111901418
2021-06-10,-0.25646624853894506,-0.7140939585903804,-1.5538282800616745,0.7340929822706652,0.5840036702891424,0.7821031848909032,0.6612748727117407,-0.5114034855697807,0.8176441090884318,-0.057161567700659305,0.09588966561516321,-0.513085063675114
2021-06-11,-0.9106151436550425,-0.3336682164191891,-0.6838483146555269,0.910720285499929,0.5730876794956411,2.447674054133999,0.6982696083317715,-0.20375679441284963,0.7822889119886989,-0.9880873578662892,0.10661818633104783,-0.37707400222033055
2021-06-14,-0.7348647468707894,-0.6076539814603201,-1.0607790589508919,0.8682017493355049,0.49893705118865495,2.5579549033131403,0.6610122734425714,-0.48485526332687306,0.8176075363836368,-0.9025265409166308,0.03349235969183457,-0.35520433207311014
2021-06-15,-0.1094082419416616,-0.7487725932723349,-0.7709793852701595,1.1615271694450784,0.48097130146491895,2.430620082457867,0.4600249354358076,-0.7814050086986758,0.7687933343442103,-1.2770831761154302,0.1586156218030009,-0.3359440270834374
2021-06-16,-0.0634434794045784,-0.6257206316236701,-0.42808619405678194,1.019549747881795,0.396075466315473,2.2380911152888734,0.5408088918069277,-0.7305073165610348,0.8521870412098318,-1.6481342298267503,0.13219633753749555,-0.3392989243295696
2021-06-17,0.3283326860296222,-0.4553633551264829,-0.5627826614299475,0.8767908559162617,0.359326122154631,1.4126965094972268,0.4981134476442427,-0.6870453568711234,0.7780703478450064,-1.729427925416368,0.17335196854671966,-0.30268049650291484
2021-06-18,0.34256388807889454,-0.3083997644327088,-1.3840677647344664,0.8678543764953903,0.4542112681534356,1.4465693456676025,0.5023920258140573,-0.45608670857594813,0.6176425933938925,-1.7528671121986168,-0.14078158447988853,-0.5300577649494762
2021-06-21,0.3253573723717324,-0.12970608283675897,-1.5774192477383888,0.9105189229708572,0.22276426854620598,-0.699017292104586,0.6099626172221219,0.03242037472689328,0.32495926323483026,2.274549401106667,-0.20470279085738255,-0.5817178963686406
2021-06-22,0.49495573091314526,0.04091319816852085,-0.019487708538925952,0.729516883627971,0.49370375042892733,0.26982489600870246,0.6091421257998523,-1.2582595829429801,0.22170223624900823,-0.2579776842233,-0.24520789830285222,-0.8513745187964947
2021-06-23,0.5906387342237109,0.12342564187453506,-0.2336326719264292,0.3232343218315232,0.4867507357982671,-0.6908828784260139,0.3109283019746571,-1.4483027310315484,0.053280532746319345,-0.23027266796519918,-0.34899087246846117,-0.9227547956287377
2021-06-24,0.5577378357012314,0.00200605511002481,-0.3945307050373196,0.537833266522032,0.5098696490064499,-0.028777997290656856,0.1960844469923081,-1.2035150507855727,-0.16414898938646222,0.23785989691668027,-0.18540642558609047,-1.2320557054465968
2021-06-25,0.13407738848481116,-0.06691422214413276,-0.32262392935174905,0.5466676766250717,0.5375376956206248,0.05363122774660283,0.21242844872673902,-0.8638854520220849,0.17325991846036698,1.11289070301473,0.059353372296805845,-1.0510583315302184
2021-06-28,0.06026939649686096,-0.2699235568844588,-0.1553271898630279,0.13508213549897755,0.5129611172353349,-0.07229710280509721,0.050522752494162194,-0.8899370314687369,0.22495751910022158,0.4479058913594408,0.12199424079292627,-0.9799122269788779
2021-06-29,0.18686726219795324,0.043652575175149484,-0.21486389285348304,0.4712131536316554,0.5153204004367937,-0.3100020929829074,0.00884817855806509,-0.8025887866703402,0.8546296335344453,0.8801239165202154,0.1334294560248237,-0.7734159560047741
2021-06-30,0.4367439577996153,0.18539495784877677,0.03955196385411048,0.4988754483890769,0.42093859784902093,0.14173136202724312,-0.05114646121278151,-0.4308852719297646,0.3350621438789849,1.6539522162739622,0.3091609987607316,-0.7702460225506949
2021-07-01,0.8075818791236419,0.15749050735769274,-0.0023968053193867567,0.4731611868075972,-1.6351591649079154,0.42418082129828066,-0.2450501377679323,-0.31424791760081106,0.12811153060478456,2.114406761474785,0.36328962555436034,-0.7068057825296656
2021-07-02,0.8070184492352401,0.21997865281259926,0.10367322071772318,-0.07706374511574167,-0.3015542413157253,0.4300986957881053,-0.2151586478853715,-0.4667473005870649,0.11217851231163672,0.11779164642314642,0.06751527159959725,-0.9598906239880087
2021-07-06,1.0226094864913018,0.939415384667138,0.15574618801344634,-0.6058206267112834,0.13135621780264867,0.41288198382440805,-0.1319387894778769,-0.3428246850725302,0.36552388408023306,-0.14479774492337288,-0.05349407756068327,-1.055216165784446
2021-07-07,1.493818070852062,0.6731480380085028,-0.34616205611895884,-0.374501402234883,0.7726976484205464,0.39320398076083585,-0.09989856735999149,0.6410653771706757,-0.115268752479429,-0.0880896803796196,-0.530441302192385,-1.0749578046391635
2021-07-08,0.8225327130927392,0.9243482256727739,-0.23169631123565895,-0.7334624748321175,0.42658785465685833,0.372429430307525,-0.3901448842658268,0.3501196705202381,-0.22112950081226068,0.3070068526661196,-1.1412239228364967,-0.708725892159559
2021-07-09,0.767558742359449,0.9069494281809172,-0.352380421948069,-0.40946243417483785,0.4980865967506095,0.2155768433210568,-0.5198490745244554,-0.034468880586375344,-0.18151540933489557,0.26166232880582313,-1.152129872485194,-0.7574895462803605
2021-07-12,0.43102416873169697,0.21828640079850117,-0.2680792407594505,-0.3066055541697654,0.41700353161075954,0.43525113861854164,-0.747582926579041,-0.16233032181583243,0.1195490080745283,0.6895857955044176,-0.7048626363694149,-0.7178019229063669
2021-07-13,0.8429743403054865,-0.04290946455615314,-0.26498455067230997,0.02467800858897574,0.38988358078350516,0.3882265791014369,-0.9949777283033376,0.1356762144916348,0.8613846906958322,0.5331973071694651,-0.40300006944542804,-0.7598013031093059
2021-07-14,0.16205711378867954,0.8492066167509081,-0.583214929617822,-0.39831030302615333,0.19523739235799112,0.3134284076177908,-0.967411598846876,0.006317579305660018,0.9860257405754632,0.4678570132768552,-1.1502598662122654,-0.8500913230188946
2021-07-15,,0.7248526946944513,-0.9058888907110415,-0.8769349999798148,-0.27835616120112977,0.31742428466913586,-1.233749806344992,0.023812045903331035,0.5874476094307858,0.7220451051015612,-0.7596949413893984,-0.6171247273258094
2021-07-16,,1.1086605845331647,-1.1905196256150132,-0.9235243408749061,-0.5942276655558147,0.1847817822130131,-1.2273312696728278,0.1040052097085372,0.4866202900354856,0.16239471950933715,-0.9971096465685579,-0.23307477594795656
2021-07-19,,1.992997893329055,-1.4152595815538738,-1.163141987516935,-0.6977151797086939,0.25891195964929326,-0.9365731793857497,-0.0359125981956248,0.26864541723444996,0.38808845057691205,-1.052604204123193,-0.29877523381508525
2021-07-20,0.06201727254638126,2.102230062915661,-1.0672246700218646,-0.6355911898731021,-0.09237742470821722,0.260887979697054,-0.8142780037235308,0.01433428929811111,0.3607736962152832,0.36578936484250674,-0.25900221879251484,-0.6118334547693453
2021-07-21,-0.9689268734018611,1.3520135759969014,-1.3236661957501534,-1.0389065649474438,-0.2493160602724343,0.20501899927174497,-0.7831108481452111,-0.02732622331958724,0.48128627916868044,0.4745274965929438,-1.153136256864647,-0.5420976415534153
2021-07-22,0.43937331720687195,1.209790709989327,-1.1182397652756375,-0.6388334370405008,0.12189148155022249,0.1535118389288298,-0.7959027434182745,-0.067717137249218,1.2359206172923123,0.5947711491673965,-0.7325802416862957,-0.2951823189698531
2021-07-23,0.4679089521687525,1.6958410342671744,-1.0956727101218777,-1.2858834945728346,0.391489908307843,0.2643103964778175,-0.28458441084687963,-0.1462010175114077,0.5886609505906343,0.5970010547646931,-1.2832626165403092,-1.12886006170932
2021-07-26,0.46087372420283745,1.6458526588374474,-1.2150493384476557,-0.9530293170396551,0.39619901110432515,0.19752840938501096,-0.523800460346288,-0.028728232522676176,-2.9703075551020186,-0.03978821218216878,-0.6506163414298662,-0.6608522252127929
2021-07-27,0.42702087997448,1.4387455053444949,-1.2425890115867428,-0.9949957135591678,0.30103845750584907,0.03863426791211299,-0.5882255730020459,-0.047323488748094264,-1.5047534577152544,-0.038342436054925,-1.2028068086203612,-0.9264520059159275
2021-07-28,0.6492040206462167,1.3582563373391983,-1.292304737416947,-1.2189508206660764,0.23303565911853014,0.03389918283517005,-0.9754957619678358,0.05815758067468485,-2.1084222857554935,0.09345820301365391,-1.4220826701401796,-0.8992743055215441
2021-07-29,0.20638667624027987,1.2435805368706296,-1.2119877306810218,-0.759683871860971,1.4763996517637101,0.05458367276605813,-1.098315123523242,-0.05181048732532507,-1.8434465439712848,-0.007240690687483385,-0.4485453201624523,-0.5693838333267569
2021-07-30,0.27989544296469293,0.8642261509369376,-1.1177387735523798,-0.3583163417813909,1.041055393976922,-0.08799167790305205,-1.2647435042454642,0.08462957314794903,-1.2357837570965795,0.055953815690474015,2.916713762824907,-0.4145917615007009
2021-08-02,0.3538117760077607,0.4451228387920998,-1.316883583573596,-0.20259418167627619,-0.5109338017814828,-0.22067605920685565,-1.3518903856045996,0.3781107634977639,-1.0417730790093005,-0.05708930283058683,2.3733521881770394,-0.32909833190240323
2021-08-03,0.26630377660715293,0.7315631121757984,-1.1514691882783181,-0.07129112395634807,,-0.3478689053911238,-1.6059090988616764,0.5602209311941212,-0.7572262088827861,0.1312444222088578,2.2061200544206385,-0.19690354562315082
2021-08-04,0.3557536220666436,0.8384008951260873,-1.1568831244781486,-0.20288991935451295,,-0.4715768755745773,-1.5065856229057115,0.9682831662137051,-0.5310873878907305,0.6377306942089919,1.321710396583263,-0.3950059410927256
2021-08-05,0.24147614675578127,0.40402379078044115,-0.935527484682256,-0.10246648412660554,,-0.31602077530500483,-1.161282421020395,0.5174187704946107,-0.7281741779721198,0.5232199755744055,1.2799141122341091,-0.09629545183194335
2021-08-06,0.27898799181678124,0.7076472825458149,-0.7915255977931429,-0.37479393470892586,-1.6610793884119168,-0.2334262095606707,-0.7404366682121077,0.4357896348051048,-0.8521687892348067,0.21272990940500952,0.4528981649402723,-0.09643356218609976
2021-08-09,0.23532441152986644,0.7726597371592294,-1.1817307369660748,-0.4854107359622279,0.24839850157908627,-0.40388717766540383,-0.7594377034101385,0.4182593881547089,-0.6886000491845522,0.3086555266900615,0.3082173787314846,-0.05956051789626495
2021-08-10,0.23843768534955267,0.6830249365628328,-1.1612028428247085,-0.4095469643899459,0.5772155754071346,-0.49646902508542456,-0.7017492358338658,0.4125152757534654,-0.25571826649138646,0.47226507061452133,0.7345063913865822,-0.2611027626982055
2021-08-11,0.31454213462943514,0.580142439588332,-1.1734052762547638,-0.19811362337199104,0.5262076782608073,-0.7771822478405569,-1.0826892895701803,0.7288405885762426,0.12370105844574311,0.5013385092882758,0.794691175880327,-0.1492627795477371
2021-08-12,0.2855568108150524,0.6312974255675978,-1.1683691452189728,-0.06826425540266508,0.492869802432045,-0.6059901089213621,-1.0655048558390234,0.9933278920310532,0.45607788419548273,0.44371841149211777,1.1073844317484864,-0.1251350428208458
2021-08-13,0.2358833360774264,0.8502517774189637,-1.16686364449642,-0.12742135742516925,0.43277992446145763,-0.46371931224788365,-0.3984148758931207,1.1749549322618469,-0.37606558130425405,0.37911964049104074,1.0215783963686138,-0.4195375913107158
2021-08-16,0.26983305890113657,1.088079467777745,-1.058381002331533,-0.13696790131666733,0.46523107502238104,-0.5794128150999216,-0.2821992200958485,1.0875781763477281,-0.5846992788613776,0.3973723282364893,1.1833962923011394,-0.3941373670137094
2021-08-17,0.09091638675526159,1.1003016734043893,-0.36370618248066383,-0.10360762685698295,0.3800911768418455,-0.9168466004888972,-0.5242380507121553,0.7743315241164413,-0.6318064912221527,0.4400253259911868,0.7596233797882433,-0.2963385556614938
2021-08-18,-0.008828964103695902,1.0846809693418964,0.4860721162930522,-0.5985158963956453,0.37837793590314844,-0.8444574284690132,-0.4273474665640374,0.9258271325316337,-0.9781560111911084,0.5817647467145629,-0.16015129602728187,-0.5489252969954076
2021-08-19,0.09940406293694927,1.0162848980795212,0.7773575450560213,-0.7808462331810635,0.08308779500016963,-0.8427485947213107,0.28907030064180705,0.5779297401527819,-0.7026915110969495,0.22951976926574674,-0.05873855359294745,-0.488412131284215
2021-08-20,-0.06575234987021489,-0.46032931382220815,-0.2103422598961752,-0.6933517145518326,-0.030230542316918282,-0.6044677783260664,0.3072913013035122,1.5804569718428094,-0.6759516965960481,-0.014238062522830875,-1.2131591453343284,-0.5036273036031819
2021-08-23,-0.30389278878640485,,-0.4253122783646905,-0.9828017030717926,-0.09186461806972179,-0.7269325675875546,0.20720873981372048,1.6663640158354802,-1.4839217218834813,-0.2207554581546225,-1.264170411251631,-0.8764169906991793
2021-08-24,-0.6148798076428977,0.8550962471452799,-0.007672130701858659,-0.8810099543961449,0.19505828199284514,-0.667883481505001,0.8580479810760525,1.480845060285154,-0.47855829757387525,-0.4256780158206138,-1.1642689900789702,-0.7104454701394632
2021-08-25,-0.5809117891453336,0.9725486575384461,-0.020986709825095394,-0.8669492700112434,0.1016767934834154,-0.8909578717331916,0.769759309004339,1.1112034220365814,0.4538805211165773,-0.4930956807174622,-0.8863014515893519,-0.618778209530386
2021-08-26,-0.9391096854645158,0.9888177810341534,0.21462899686432874,-0.49592247016168917,0.14595471451610306,-1.2020706982092362,0.8363050608701004,1.059747873373096,0.6855672364142298,-0.4284146998923014,-0.9728042523896645,-0.46128883397612247
2021-08-27,-0.9098568726926761,0.6718389407652149,0.3369476151557607,0.487437217698331,0.0522878766887625,-1.470396111851126,1.299447460019347,1.3703583294693245,0.35534382272101844,-0.23895683351082928,-1.025656219230849,-0.09018985895685168
2021-08-30,-1.182252705557698,-0.009878619847773317,0.4731703637727235,1.5303690372510583,0.2777916323696621,-1.6618570104572585,1.287536017623978,1.4807899247596121,0.9498579657925897,-0.17481719187348374,-0.6471883373709543,0.26153854718346126
2021-08-31,-0.35447186162136896,0.13551952449888946,0.2685113538771205,1.0742661177096346,0.10156378495905236,-1.6688284489404688,0.9527654605652814,1.3243366539205716,0.6419075414603582,-0.3346230589657005,-0.8412813083506433,0.10248801423163882
2021-09-01,-0.44119171829998644,-0.05499014328568103,0.1760535738223472,1.306557207917166,0.044393023811302945,-1.8770830892314356,1.0076935930803284,1.3888306549746252,1.1682763645805891,-0.29757210741134915,-0.157292629937896,0.30023102154643144
2021-09-02,-0.2576595501547993,-0.1523371827344383,0.18067115986357526,0.7969246799371429,-0.11649621175536531,-1.7635616344431182,1.228442414228067,1.280348564904829,0.8724595909839856,-0.006685244015805226,-0.24771959891049206,-0.34940738444655367
2021-09-03,0.15603946029734797,-0.2676513211530673,0.14833064850322433,0.8096449957473069,-0.209498030786768,-1.3224889521988257,0.9659163377133316,1.6488364368219348,1.1471633611791399,-0.06598075254458652,-0.5935196902825285,0.13935640142940636
2021-09-07,0.07498146750781715,-0.7364061414909463,0.35997079975487795,1.4996965527164832,-0.2628960276176209,-1.277501423759244,1.1388729025437332,1.3203486056686267,0.9120853743055527,-0.046971961886790724,-0.9398038730050686,0.1999955496966065
2021-09-08,0.8632480412253809,-1.1523136382068684,0.21773163684547575,1.4100267673403601,-0.44209305773447233,-0.961337539020368,1.1124445626352504,0.796000075570573,1.2304013061290688,-0.44893242669387945,-1.12320861473497,0.1682852155133895
2021-09-09,0.5518347127505019,-0.9102131199832468,0.09079841977747942,1.4294265534065373,-0.8306684525066212,-0.9461134671374202,0.8000058787317557,0.6881386399903613,1.5070203382127887,-0.16103529535122657,-1.2225879946026492,0.2812039355920278
2021-09-10,0.38515034012800065,-1.4627112363289299,0.098972873093375,1.6247051564351422,-0.8123267420040851,-0.9164131569217783,0.7005533096845621,0.601219459495986,1.5958784640265467,-0.42087904284278205,-1.1995054378098906,0.532039834543415
2021-09-13,-0.9038255739552995,-1.1140809645546754,0.6334322187728257,2.5945406590141946,-0.6596730840412788,-0.8648114425476462,0.42319445077912704,0.3410173823223979,2.374792705858494,-0.15431550574985048,-0.31837049856096383,1.8473817764795901
2021-09-14,-0.7250651434156697,-0.7812939199096176,0.3956064137164762,2.3646451536168094,-0.6762826933255099,3.4362573846103612,-0.02161347294033764,0.19479650964256193,2.6171300463081972,-0.600021165254061,-0.0594224992290958,2.5272915866006374
2021-09-15,-1.156168581497385,0.12928810701531934,0.43627519096166545,2.016030361685818,-0.7492023764755784,,0.0779135230398877,0.21296469904505944,2.2128099086677366,-1.3524544656938335,-0.7545037449091212,2.5735757967319457
2021-09-16,-1.4204289342692669,0.7437868768555985,0.32134386491210765,1.1830259645565755,-0.9006343241795808,-0.47217542701209336,0.10600397730827059,0.0376133428589193,2.0285749629721073,-1.105295849105153,-1.9082104269763085,2.3687175803266984
2021-09-17,-1.515026241982743,0.7025489948166079,0.23995475666303973,1.3920989591811777,-0.8499654863929259,-0.4863996557988905,0.7067550141376292,-0.1677604772700463,1.8008668766309819,-1.403594764935104,-1.704931075160029,2.065276485342548
2021-09-20,-1.4803327475894146,0.40611226159547253,0.3965048494984702,0.5023257059130203,-0.8395628891633209,-0.47378931309345024,1.1271061482593436,-0.167476563757755,1.6430656645887438,-1.5571297784709932,-1.856223056173933,2.029909520731313
2021-09-21,-1.1418681021639139,0.39478300973703095,0.23290588431799558,0.7514275170714391,-0.8770415465099424,-0.5072906217260362,1.149032990664864,-0.22950777866613975,1.371170817047284,-1.1999506280323364,-1.455293892015383,1.8314316030984645
2021-09-22,-0.9815599303345098,0.42737139477907143,0.4648949799365034,1.00118429929388,-0.7456431839806399,-0.6331670095521528,1.0865784720249771,-0.6490045780511207,1.413334885703885,-1.0446379798453322,-1.515512436905421,1.8205729220485034
2021-09-23,-1.1024955734957491,0.25959601500751706,0.7463700063704065,0.7684033507801208,-0.6725469618089458,4.216901288958255,0.9277238693055501,-0.8646639860551723,1.2962180432300119,-0.8625723193263909,-1.454917358754862,1.7427123780922171
2021-09-24,-1.6743952710215102,-0.7725994931692263,0.9092994666790816,0.8667004621506779,-0.4360015514995564,,1.6046049093561594,-0.4850070407072066,1.2336268141475357,-0.9205274017884068,-1.4631216222236814,1.5922848320663647
2021-09-27,-1.6481808626620664,-0.9678528951914849,0.4112933012150809,0.5329067756329933,-0.5002654905954763,,,-0.4211785171622832,1.190701814532123,-0.6910367699600277,-1.3208008600754113,1.0729895273285983
2021-09-28,-1.4227710732152588,-1.4779413835285693,0.27235178093450885,0.24334948751077332,-0.18122179899901264,,0.8986615807034471,-0.576763149580376,1.0614321286593154,0.1336351405590447,-1.122944153405015,0.5339906677699967
2021-09-29,-0.4504651343993268,-1.7867744987438288,0.30549658026970516,0.29486405949985356,-0.5647599589387692,,1.00946868847837,-0.4092997154839612,0.7410005795596731,0.6040408415594665,-1.0955862632945583,0.7618487339430516
2021-09-30,0.1225539391065449,-1.5580094581155945,0.05366985754372284,0.49445419543710206,-0.8691513619097777,,0.9200781577983789,-0.4252723461255745,0.8659356179082612,1.021414996201908,-1.1998046062595913,0.7940069346732515
2021-10-01,0.08988692547085737,-1.4690218233427264,0.7671542218000942,0.27810961016485886,-0.5321723067451544,,0.6497008502343065,-0.92474117340357,0.8022249616692136,-0.7766408883505412,-1.0301246075606536,0.7438272703851995
2021-10-04,-0.47539691431768866,-1.103216934376392,0.007353474549894331,0.29591964566859874,-0.7896806585814172,,0.48411041580217856,-0.8394518117374811,0.7018039142964,0.20632366062009325,-1.1547279003044895,0.7177237206892322
2021-10-05,-0.32192152723317635,-0.9785922123384782,-0.579596053216563,0.3619241475757585,-0.7546838195862505,,0.39687002382610687,-1.006316441521916,0.5568592687685389,0.5173335469069862,-0.9840206864054379,0.7128331095326405
2021-10-06,-0.4007992651866791,-0.5103514740172589,-0.027682035012631806,0.2658421099780061,-0.8488079822979436,,0.5784395488252976,-1.1598805652657425,0.442388379104455,1.2057714197544258,-1.0629331709749252,0.5885403760335347
2021-10-07,-0.3802033997175322,0.02491593711837485,0.0038575524412959228,0.13095297865297353,-0.8893936234973582,,0.5239427125588442,-1.5664187422534464,0.3601993196187547,1.024452760628733,-0.9318394965593902,0.5498927683086323
2021-10-08,-0.4410346121724936,-0.29092136673449875,0.03617670738960834,0.12150158341156325,-0.8115433115633204,,0.6057897148805615,-1.2697930921185385,0.30943173846143535,1.0716337934983542,-0.9864371785548166,0.524780206964283
2021-10-11,-0.2731477742857416,0.06099657394430197,-0.3261689005595043,0.1369910657799535,-0.9929243580204069,,0.5051843465882959,-1.0572085012380896,0.35692411381311395,1.9307578179919942,-0.9356613464914323,0.5032079775864043
2021-10-12,0.20104841818863534,0.29172259173158344,-0.14045910001836637,-0.008326765763583559,-0.889745845574493,,0.5177817383715324,-1.1149886032506375,0.3964526099478023,2.0204104099969764,-0.7608762920646452,0.4897354366433756
2021-10-13,0.04187901992990971,0.21763730093636752,-0.09449735298144181,0.0006097754416957299,-0.8725719192431117,4.551776271120959,0.478903724830965,-1.4150868681787054,0.3776803523564877,2.0994517303693137,-0.526775349839,0.19697344314341345
2021-10-14,-0.8255879348166056,0.5139898677560379,0.06427712393261259,-0.09014244133092454,-0.4341920386890849,1.9526816273005054,0.2811603924789569,-1.3811500128097989,0.43684299776167823,2.0943361802489506,-0.6935605087316673,0.14219187973595548
2021-10-15,-0.9746270754849499,0.3511995376260899,-0.05983924531466077,-0.10965620228856378,-0.49485480367045925,1.256384830428528,0.14661029187929647,-1.1904895189571987,0.46388224169646625,1.6904101399313225,-0.6444543117571561,-0.3318491575870886
2021-10-18,-0.9716777788595413,0.02327313731267039,-0.4981475142161003,-0.036441474338571866,-0.6570910628175073,1.4629341225974006,0.2523364252548677,-1.343838517231795,0.11980914581644886,1.1280735668390005,-0.4922964418324066,-0.2428155212790275
2021-10-19,-0.6805519714740279,0.03571989693990634,-0.5618362856433157,-0.21957465062812354,-0.358142731742774,0.9991855903857801,0.35220372059517013,-1.169240576148784,-0.49399367340336603,1.2155159726925513,-0.6001881315030515,-0.3412114735729821
2021-10-20,-0.2606074244254112,-0.5692392621244403,-1.1086323686536343,-0.09547431666843717,-0.601902383652851,0.7711879572178411,0.3557736222657869,-1.0947323343503819,-0.3575071381926276,1.164567328859024,-0.43559496918420587,-0.17494896284250022
2021-10-21,0.2417673157030527,-0.5791962022570039,-1.1651442461690091,-0.09011905910245008,-0.2636079125505816,0.7573243937249498,0.29308535277378994,-1.1566593109748802,-0.3946223325321946,0.9856392934389817,-0.29021294603713965,-0.08941155496813585
2021-10-22,0.05819432583033601,-0.1579967814793753,-0.5358127837115563,0.04020295066198116,0.12958883212221586,0.7193866269991616,0.2132167265048929,-1.2056416749311665,-1.095523923811657,0.8332713417432707,0.17388400039691468,-0.11377752909099147
2021-10-25,-0.041863384228256126,-0.39517271659009245,-0.3636214003707392,0.11006671486687392,0.33543001976039394,0.720805510276423,0.34353277277629035,-0.874493666067957,-1.4984564044656297,1.0578282334524816,-0.018913397718174945,-0.11364039634095753
2021-10-26,-0.30795769895580627,-0.8861310754259636,0.14232452042769914,0.08004881844765542,0.6970205402308967,0.7120116389653085,0.34456397773449987,-0.6503025197206017,-1.4730719116891846,0.9767791380749796,0.04331197279596767,-0.07574192232002393
2021-10-27,-0.10326649697884258,-0.666703515941215,1.8713664306966673,-1.1438708231124333,0.8379333374346899,0.6259101904260709,0.3482692975618835,-0.6549238866217529,-1.6754038402306124,0.8849455325610636,0.06657385988880686,-0.42365090019299817
2021-10-28,-0.27494399457947755,2.075610381702422,1.551191388023302,0.3278097167952826,1.0248297910657727,0.6241450825427959,0.2970622824102375,-0.7566206972974121,-1.6533932476426771,0.6351069417107137,-0.007119096974288572,-0.9672821864994202
2021-10-29,0.8810298639150846,1.5965310837057622,1.4961432399590169,0.3167423589355859,0.26276616705309136,0.5659122400383375,0.2766937223580279,-0.7923355001577526,-1.611889014859207,0.4680661554462712,0.37663523153798545,-0.9388950844591861
2021-11-01,-0.9884652377815693,2.0230674000560556,1.6054515949790387,0.308523488389834,-0.10835933217738376,0.587535341699054,0.23950196407526653,-0.7628377511231893,-1.3974667597416732,0.3213258241149029,0.18474379527311477,-0.8372167525024309
2021-11-02,-1.2046415731983549,1.7182941748206615,1.5590767494765119,0.1985513844228189,1.044643029058566,0.47172823393762303,0.36970356240205227,-0.7605107351736412,-1.1385732484977333,-0.09315534752274074,0.8177570438328113,-1.003872570637099
2021-11-03,-1.256705743886743,1.6171287495129698,1.422365404435508,0.33857074935136755,1.2282542552228772,0.4532889709594301,0.2111250678180455,-0.42602030862666207,-1.0590726042102128,0.2303157158623436,0.7788195033520139,-0.8913374657588607
2021-11-04,-0.9148813598721043,1.3704850575845193,1.3375428810239125,0.3554782050778671,1.7027086987079392,0.48208226495053513,0.04834977763189427,-0.43391452420997956,-0.8898183895162668,0.21647227117250317,1.639878019908569,-0.8287862037397938
2021-11-05,-2.1395316691381296,0.8905593275852267,,0.29720264120805007,2.131842724841807,0.6458289804516405,0.12291218820275132,-0.597138605063914,-1.1228565659530985,-0.15395864110056337,0.1719420404563869,-1.071835776855422
2021-11-08,-2.0557080527005795,0.4964304409747864,0.5840030989669488,0.4442067807501131,2.1916786936085653,0.31492502225416924,-0.0929601081347842,-0.5524337392071347,-0.9775412308779007,-0.39307228148010137,,-1.050905776879725
2021-11-09,-2.291388320399348,0.2857076944270933,-0.7898072605842563,0.4153283864966891,1.3761208270288505,0.30488820846804404,-0.08330835315825975,-0.51087829415573,-0.8180491580858161,-0.3852155398676484,,-0.9482522714034048
2021-11-10,-2.04266597184379,0.30496958970111354,0.3285661736351607,0.48470422625346044,1.5729617728568508,0.39995342301011105,-0.11189849078552139,-0.5520543180528367,-0.8916533834943304,-0.44687619185799454,,-1.1178698489317245
2021-11-11,-1.8969984516787972,0.35645672493561,0.9954164684218476,0.5248241291467287,1.577173290725368,0.2276932345533617,-0.6580465554070469,-0.37882024875190695,-0.7703670553491969,-0.5298322078164567,,-0.9645305639046546
2021-11-12,-1.755745954168526,0.4123296893897128,-0.3566203141740765,0.7513518501380193,1.0900801034307528,0.10071335304495671,-0.5626938034855781,-0.3500515853319152,-0.8919873215719067,-0.5826549501533484,,-1.035147677387741
2021-11-15,-1.5360827005152176,0.5251425207053563,0.5227679998318252,0.9993105342544306,1.0954121515187951,0.19615982136539042,-0.5816036327127022,-0.39735902094551206,-1.1939042137436289,-0.8640182984880644,,-1.2801148131474913
2021-11-16,-1.4021495334583456,0.35531680230461365,0.6091455700289266,1.1813703938403173,1.271257966802103,0.2802973956511829,-0.7000984159961697,-0.31433987356614496,-1.0393597818292368,-0.8152856207078049,,-1.075513386586129
2021-11-17,-1.383683075975483,0.29026814227091846,0.5961165794138946,0.996323866877487,0.862794866626801,0.3984047195095031,-0.8764312753933445,-0.5247359813665624,-0.9468409365215151,-0.5468348461564727,,-0.5924894123439013
2021-11-18,-0.591516815344279,0.3621828789210869,0.44412657472121014,1.1270385788690447,0.925659570992497,0.4793899961224087,-0.7539117683994213,-0.5936997717832772,-0.9606299234591512,-0.616723746455951,,-0.7459827370079476
2021-11-19,0.47319788528794976,0.05235042807812163,0.7882838097286123,0.9086672301245385,0.7339023228509695,0.260398594124278,-0.9764803897940595,0.2247856001896514,-1.153760369533915,-0.8635855862724584,,-0.7300096331880569
2021-11-22,0.9279841545531281,-0.16958739861460315,0.5303447369933787,-0.09645527190829166,1.0172824957090751,0.6651487248512277,-1.1473112807625674,5.160535697530947,-1.092770917498949,-1.0771358651362128,,-0.5928499845936679
2021-11-23,1.5727639619154703,-0.12127651008945485,0.5898735837742342,-1.191106123386165,0.8438913283614815,0.4821530903185359,-1.2997825946524957,-0.9446777467999278,-0.9465408561391091,-0.9175418052375898,,-0.6141524997515861
2021-11-24,1.5658527948178658,-0.4468343349630663,0.5670097054105042,-0.9215539921618705,0.7941254129968657,0.26881265124741766,-0.8761177135286041,-0.8940588370375947,-0.9732030939493772,-1.2541733224551759,,-0.5484203781864259
2021-11-26,1.458554386662938,-0.8876357542652532,0.46539349945452124,-1.152966614360979,0.5985482175348702,0.21659242287515862,1.1765749672936145,-0.8346923314187309,-0.8706672881991195,-1.0571619142544237,,-0.7641098199418711
2021-11-29,1.2571348653322205,-0.9180927642155778,0.29518869727700425,-1.1560537189260998,0.14621257180132222,0.7807078033852713,-0.1799783411476387,-0.9921262799007512,-0.8271211342587049,-1.0976070725764209,,-0.525996422647515
2021-11-30,1.1433356567147264,-1.171325172153065,0.2078920731892144,-0.5839480395173603,0.04025817740919426,1.1113115775864884,-0.8428062701591812,-0.711263019610457,-0.7154877286975381,-1.0964066349634884,,-0.572966734064686
2021-12-01,2.187652399927161,-1.6675283320403909,0.28982458738300626,-1.5047789840063053,0.2826674307800709,0.6286309231286011,0.32179360803445467,-0.9416842620350987,-0.7657199052438005,-1.3113986575684424,,-0.5755559801787982
2021-12-02,1.2840218686949783,-1.0761096837408421,0.3478463989050535,-0.45804582277998823,0.3452369289108797,0.6268432955674272,,-0.6881747618315919,-0.7243559952780068,-0.8996061121973435,,-0.5282123170153923
2021-12-03,1.669532423207639,-1.6635598274367416,0.3264808036067912,-1.5864723798908187,0.28198345590114177,1.0139687913130235,,-0.15536469288827426,-0.5323858413263534,-0.7235840214093148,-6.349234577771141,-0.4678163317914338
2021-12-06,0.9553044179204044,-1.669127589274298,0.3550870543950513,0.47102624823036665,0.08958586472021465,-1.0230906447233947,,0.1683291590483501,-0.3086428607802452,0.21123586895336632,,-0.055139283578798014
2021-12-07,-0.1360301120002871,-1.5286714012069451,-0.021072138437509248,0.6425846733671472,-0.5127466289436504,-0.9753723864618044,,0.5680669840397504,0.25283243013576917,-0.2687155974127439,-3.8538829067177733,0.17286216515419092
2021-12-08,-1.9996067057886253,-1.3646320549618722,0.019075721131160104,1.4606077764624432,-0.6682225089486913,-0.9324935921718625,,0.8289152751909951,0.32207734005889355,-0.7182750959650562,-2.995750486352941,0.1865159846107514
2021-12-09,,-1.1340745005778468,-0.34877457219439567,0.8666558689187714,-0.8106628935907452,-0.9213913881977093,,0.0743016177294854,0.07778786200289943,1.8976431733670587,-1.8082797335688217,0.1335645338087446
2021-12-10,,-1.1070598930733524,-0.626351969625812,0.852744835731529,-1.0902732070285546,-1.3399514923846414,,0.6160369227576409,-0.1513777225063245,0.27166312127789377,-2.032791961243429,0.13646334599319376
2021-12-13,,-0.9631409630772169,-0.967077845884268,3.0019612255842416,-1.2391340838255023,-1.072840689269409,,1.3989790636687878,-0.3144484541529952,0.8603261200366779,-1.2771950554659164,0.1509552025672106
2021-12-14,,-0.7978598815836315,-0.9323617630624663,2.3199769380009125,-1.2023345045777567,-0.12445960519761058,,1.2397528171479968,-0.2866970539223653,0.695127531537555,-1.5373003347252217,0.1517050105699504
2021-12-15,,-1.09579502184718,-0.9537014805703263,1.6495267825919424,-1.0560380498774775,-1.6625908729209788,,0.937329071449465,-0.12067023097038314,0.6893434940182783,-1.6161933837199385,0.14599128611946902
2021-12-16,,-0.9448003026973402,-0.7744636592195495,0.4842109826549548,-0.7971036754312809,-1.6044764517573575,,1.6136630700460042,-0.05967260159855558,0.9646850065108911,-1.5661541508151704,0.12527200898995725
2021-12-17,-1.963704274229705,-0.8249639722622197,-0.7958272481710659,0.45907792933921243,-0.8980254137505634,-0.9551762123422589,,1.9679643355996788,0.4296429558997782,1.1653545116459023,-1.0177593032825565,0.08944694214774954
2021-12-20,-1.3518137369763898,-0.8726225499077559,-0.9262332216957965,,-0.9088225900364506,-0.45990107316043205,9.439333501987562,1.8561739341218035,0.4994381774492116,0.07965267627589948,-0.9665782961958076,-0.00037083543452716183
2021-12-21,-1.670799348312935,-0.9683001573046196,-0.798426206134491,,-0.688717452200121,-1.134592796195285,,1.6869729955377053,0.41738183241531707,-0.702725910278723,-1.033516954768585,-0.03211464088009628
2021-12-22,-1.1139475173416318,-1.0806687227648728,-0.838718865403283,,-0.7065601391099131,0.16183383376680224,,1.701623985824923,0.6176953838276227,-1.0254084895686777,-0.8562654478314703,-0.12498463098643273
2021-12-23,-1.2345784278807423,-1.0005990691180178,-0.9783678181023596,-3.143936319361133,-1.0378831527616303,1.2637013646613415,,1.589588483220575,0.5447809411206859,-1.3475358884219728,-0.8158222702197642,-0.13265263264612298
2021-12-27,-0.8603057879511028,-0.9732130852554005,-0.833547471142695,,-0.8150876609655534,0.3228821170240632,51.03774713454198,1.0961771492826626,0.6651272095820016,-1.4038887839003706,-0.7964903460849907,-0.17744385772567436
2021-12-28,-1.0844611204134178,-0.7250618043336277,-0.9701580046848985,-0.7485587734186663,-0.7954862332108602,,6.276610652611134,0.7258329072138457,0.675520403805335,-1.3605504133870425,-0.8269130765404777,-0.10044735340718834
2021-12-29,-0.8344278553876794,-0.6463037035905733,-1.114282071672653,-0.18367884468275986,-0.7909651476051338,,4.560227412405897,0.5167838108286987,0.7910750219062566,-1.260619424490802,-0.824382264195435,-0.06279947136281347
2021-12-30,-0.7052184900985229,-0.5470582969651738,-0.9679369278118568,-0.3043104206446637,-1.1301486770741103,2.4364812916077474,4.501603982710237,0.04595452016228717,0.9027223102574606,-1.152649539103351,-0.8111255501862854,-0.10552658722750585
2021-12-31,-0.5914479372496005,-0.4275418335067344,-0.9187166842503212,0.03501360081124744,-1.1245878794625404,-0.18367248499636532,2.0726509712105248,-0.08604599718756828,1.0591199083884877,-1.072469108539221,-0.8616774167136818,-0.09805438933501524
2022-01-03,-0.5541255018058812,-0.392343077204914,-0.8686143949949322,-0.03252962039022043,-1.010861553012046,-0.2254349210869773,1.8510415949473125,0.20425835709534348,1.1326087940368657,-1.0150333231136366,-0.8499089948653368,-0.059834871352632324
2022-01-04,-1.1269352721997457,0.12169024013464642,-0.9040590846537272,0.22404733967892304,-0.9279194080390205,0.5861271603612416,1.8198529785712385,0.4971664652541169,1.6618022732128905,-0.9447014693547425,-0.8458066903775318,0.10545816765478745
2022-01-05,-0.7797445681175572,0.9292812864895252,-0.8679809658065561,0.009567308843748852,-1.060576734968618,0.36236010417325376,2.066549676351496,0.6266621332542682,1.7723576612573786,-0.7533832182641066,-0.7090128169971401,0.5799654667102067
2022-01-06,-0.7791321995692346,22.54148798786581,-0.8132984496068661,0.2123928772886333,-1.0088551319833614,10.613764439770222,4.36438138098026,0.5082302081540129,1.685552086463515,-0.7497650274173537,-0.37345775244010815,0.7861175977620242
2022-01-07,-0.4238883212336626,8.548262338076904,-0.7198773888917499,0.19220943196360155,-0.7702220557984206,1.1401215101161675,1.7083978651041083,0.5710906535071618,1.4646924346301082,-0.6714229164133584,-0.3717987727357596,0.8836893048697828
2022-01-10,-0.5044892127074964,0.7372004644326962,-0.7909887607195627,0.010801117576362665,-0.8419610167386731,0.3510969618480715,1.1190458021517176,0.569334069512006,1.6686482136538345,-0.32554611926517685,-0.5426912154495824,-0.08716442615480922
2022-01-11,-0.45628149169328025,0.6216439734830431,-0.8325831256043403,0.017810616014512518,-0.8979721676064021,-0.14309520228882047,0.8524795586910222,0.39933038915266283,1.09515319711941,0.040674059265768364,-0.6139102325131852,0.7320788438012465
2022-01-12,-0.48357175197638025,1.6952791096247057,-0.8547790284259137,-0.22142452402892943,-0.6713526865958807,-0.05958058065662462,0.7181729709129376,0.31158452191468405,0.5608162660260082,-0.1980319371787766,-0.48727240285975815,0.7755380474510011
2022-01-13,-0.41879767913558724,0.6524751659784006,-0.9745079973264104,-0.3309780688261629,-0.7820179875956828,-0.022993039083720912,0.6445035700888773,0.3461687610059181,0.9358188670299618,-0.23720861156745723,-0.5331049271346265,1.1317444555528173
2022-01-14,-0.4378420893515641,,-0.9992218583089425,-0.6228322140741882,-0.6992686669072677,0.002934888245687281,0.6255881635026393,0.37335582509371906,0.9016957279488569,0.0653716712167362,-0.3290706812861609,1.910583611378175
2022-01-18,-0.3905817980038838,0.9710610513652542,-0.8496971566950441,-0.7906561444628356,-0.5192939601404661,0.020768948069943505,0.5994007252475775,0.2749852833323587,0.7123057810295289,-0.02074390450622924,-0.18912302443021822,2.6359445844825187
2022-01-19,-0.4044541127448418,0.8971726578602895,-0.7707028244474867,-0.8686904872079788,-0.4230459296893911,0.27410449338927173,0.5911759915816202,0.10253574597188321,,-0.05691877138743652,-0.5529967859221342,2.4471358051203778
2022-01-20,-0.3906977875485998,-0.017270910775984027,-0.6730973985906706,-0.889837617243729,-0.3586086956349927,0.6225115369336651,0.6918991348737605,-0.019715298983916628,,-0.30334170554306517,-0.9158894011728286,2.248328171260928
2022-01-21,-0.38366976036727046,-0.03578799846386011,-0.14651207081104248,-0.6934112391359751,-0.49337191802578995,0.7113754962689085,0.7341827216174713,-0.093420788116299,-3.6179610272314684,-0.20305446955329076,-1.3360763360130052,1.2644212399447836
2022-01-24,-0.37862227012268274,0.36760058250798683,-0.233647008195155,-0.891721420937371,-0.44170183701017,0.8224366732232142,0.8180324656940072,-0.2636386053290308,-4.579125633508219,0.03777440175016625,-1.1599377237561037,1.8169830353122487
2022-01-25,-0.3459363514311468,0.386285560327821,-0.17515964798853537,-0.8556529668576448,-0.6529448401883272,0.9586239818168716,0.9922925703664423,-0.29848321750087103,-2.381743649472126,0.07307137793260203,-0.787172858379722,1.2515278550738262
2022-01-26,-0.49718333989096974,0.14812244508683456,-0.08735346033728085,-0.8103749123459323,-0.7095844611680662,1.092297791979842,0.9915923316333405,-0.40540661087393953,-2.427286822180461,0.1467338137696885,-0.88325299993942,1.3129092323684088
2022-01-27,-0.5789641097071108,0.638763852284579,-0.04960180846854418,-0.45901721147866126,-0.3822719735698316,0.9129553617543849,0.7643054163154326,-0.6115840981829999,-4.475002271864134,-0.29303227131706633,-1.0205464604465126,-0.816674614226124
2022-01-28,-0.5702425553573474,1.2307961026193774,0.05347353661988829,-0.6888262902962611,0.5873882017915678,0.8181343378847734,0.9999229817710459,-0.5204144595585346,-0.32476711994803187,-0.048807714243309694,-2.0652067912440883,1.0456933312238512
2022-01-31,-0.21794994157897102,0.7210821316185131,0.8313354510216618,-0.8093585902076303,,0.896911919394887,0.94306818073968,-0.5641541638155047,-0.48084748468291527,-0.46036409512013166,-2.9924332793017343,0.9871914694707177
2022-02-01,-0.15716184859239246,0.22878032292390954,0.356838192947375,-0.6664225905465788,0.5735023303021405,0.9800273878341467,1.2413185089503675,-0.8245488462798295,-0.48801917010524093,-0.5611239504709007,-1.7956163598445034,0.8078695283102063
2022-02-02,-0.2026565934401413,-0.018589720216173656,0.39113478216818615,-0.4710850010659095,0.10907699236020597,0.8249983050589599,1.2204112180219082,-0.8893378491021461,-0.42820191670138186,-0.5587552033383588,-1.3826404129602772,0.999895521157556
2022-02-03,-0.23437373956551644,0.22021268062693122,0.15789174661017724,-0.4170301963522348,-0.1511959451089657,0.7251779486503986,0.7224904266288553,-0.861750451294968,-0.3247531209232144,-0.2250351307382376,-0.5352761159192494,0.9147299165800824
2022-02-04,0.04340588976908288,-0.14540670197680466,0.10497664335363989,-0.5155115048028576,-0.04981985881829315,0.812547453687901,0.5119832475726551,-0.7543764942791633,-0.4096648666897876,0.10852740344302343,-0.7994764561336718,0.5443286858399755
2022-02-07,-0.19187965449413613,0.24261972244133803,0.12811023315467882,-0.39311095653143013,0.12056558479687139,0.7409851307524697,0.9234459772599428,-0.5512424114567772,-0.4383335360840665,0.14843749779501164,-0.9786339192761562,-0.3882916888834974
2022-02-08,-0.17743271783586828,-0.0885553486350175,0.2807808264899737,-0.33316076337327527,0.29641504112813977,0.6553859443130575,1.0324424680678082,-0.7436013055670245,-0.42810369808684423,-0.07223444221646703,-1.1202968151142196,-0.43705852920767413
2022-02-09,-0.019416190905448313,-0.04159354791702041,0.2384420520728523,-0.24413520938820488,0.4481974202430306,0.6840049467374577,0.9344785826128728,-0.8187072331185864,-0.45490454975018707,-0.19419391737844233,-1.0999629520922467,-0.23270420171514
2022-02-10,-0.7580067640000051,0.032613745046888,0.4145628064084615,-0.3277752305358952,0.4279180778175916,0.6597582312384451,0.939614530690347,-0.6641818288242683,-0.3600040704355812,0.2782890610773464,-0.9534439139169902,-0.04865533691673158
2022-02-11,-0.91712571361627,-0.07610914431543335,0.5538882544545898,-0.44928889165282254,0.4008375403292633,0.5952736092762746,1.3027712356805885,-0.8248405593293042,-0.42509157194244485,0.33216238429782324,-1.0740772552238074,-0.5452239880663209
2022-02-14,-0.5167757755233597,0.19880398680124023,0.3336903300842629,-0.40127214146301626,-0.18352565950314778,0.6778217814737435,1.3357515671257665,-0.8412786679975617,-0.5237814201990545,0.2751002252070519,-1.2552376110192387,-0.8577199495472052
2022-02-15,-0.5883741907837311,0.2588604478707975,0.7699320051497701,-0.3101314360801254,-0.06158695352856562,0.6669114816404608,1.2357988031976241,-2.0050345802534304,-0.6375777185762928,0.08422389389267476,-1.2834843586190339,-1.1202758573659455
2022-02-16,-0.891484199679299,0.01677386976921885,1.3846299573773164,-0.2899969302117637,0.1374129254958181,0.5565330919376029,1.420978971103582,-2.1369498930333632,-0.6597689770560582,-0.04451821232342587,-1.0337703159886713,-1.0590056520142808
2022-02-17,-1.0241698137549242,-0.03605523459642857,1.3996394370715655,-0.5877276990639719,-0.21954245868153555,0.550211984603651,1.3236319275486716,-1.595873713994712,-0.6629275559460354,-0.11438198622941254,-0.9985060939976181,-0.5849032266302396
2022-02-18,-0.7741688612511207,-0.04789207205804146,1.1461743813558574,-0.5509959791761705,-0.07126986227721628,0.5562993213573219,0.9985874265684735,-0.844303209958845,-0.665093380229034,-0.679350813921017,-0.9325584585341473,-0.3359552604057535
2022-02-22,-1.0058916137600178,0.0069199159222243425,1.0041558884577955,-0.3879111159008065,0.4828422721791368,0.3785224636108677,0.9939378730240134,-0.3321485862816777,-1.225690478221508,-0.7080678532409372,-0.6256905114274459,0.4647273258790338
2022-02-23,-2.0161777845577107,0.5592820531102068,1.278733227039214,-0.33770423222624846,1.190976141625037,0.5991587602113602,1.1892387264783417,-0.5828200054572754,-1.2687324337001948,-0.6251250690968784,-0.6070490493225092,0.721772169777824
2022-02-24,-2.6354154912865795,0.46342946464691503,1.5440863834538006,-0.24129183364481177,1.1875583643432817,0.9288054357662348,1.6285079672992278,-0.8427922774004741,-1.0056140188813805,-0.6436238646660958,-0.4907710184714032,1.2019604943968003
2022-02-25,-2.4774955134597656,1.4628827593579583,1.4862343174650594,-0.5941649283255106,1.3002568938866144,1.2033651280963882,1.8543559772432245,-1.191678865072128,-0.7204204653355208,-0.4683899566898747,-0.6212633871582767,1.0397731004501438
2022-02-28,-1.9435219616160053,1.469455668491939,1.3466325641907326,-0.5882484434869975,1.565397308872058,1.0837907481640157,0.1415251735522892,-0.8491484455177464,-0.548506987122826,-0.20853376574704632,-0.6150486368184491,0.95074613231664
2022-03-01,-2.1033893010851648,1.6920147053508907,1.8471280948994817,-0.7328626964981781,2.0993833845418703,1.3061604993216283,-2.485695129345771,-0.7547538588586159,-0.5061132482357823,-0.253301055277939,-0.43132577841264325,0.8507340460362448
2022-03-02,-1.8620767663957805,1.8610962648629776,1.9704209136356032,-0.7427390270649419,1.1440814500472145,0.48547469985859903,,-0.752730102634332,-0.5716031573198632,0.11704458541713107,-1.0303939336417987,0.9398500316744562
2022-03-03,-1.467430259641022,1.6995083629774907,1.5701335433721921,-0.7147993296807575,1.0060322997959417,0.6129317479230852,-1.4253715916750398,-0.4889630748872308,-0.030546882087023594,0.4376342903662561,-0.857373071231322,0.9196029580744349
2022-03-04,-1.234258944291579,1.4529126766049276,1.7739740362132412,-0.6297522035507519,0.2976789577334989,0.611737068400513,-0.3607125809954477,-0.3672749029965931,-0.17822059043550273,0.6319962762038245,-1.008237164501148,1.2497614356395643
2022-03-07,-1.0582454681397386,1.2279189621814801,1.6389380773412943,0.13660762725269224,0.3278625864900761,0.5636864914139361,-1.2394743101460615,-0.31852501877950506,-0.05136683673518099,0.4079246433465886,-0.891905838980135,1.2715852486555201
2022-03-08,-0.8370975279579126,1.171180666146978,1.4877405515809978,0.03044529483855161,0.6611047939537709,0.11060522253749805,-4.49298538666987,-0.16739276628420732,0.14305982742824927,0.43216097743756726,-1.3544535645469646,1.202113936439823
2022-03-09,-1.109756544933598,0.9915402881041132,1.2087047196944927,0.5628759265853048,1.2059767931022785,0.29740633338523426,-0.726371084287942,-0.22038287461519207,0.09728999821731792,0.7960013549440191,-1.1186590315956866,1.2586954274577078
2022-03-10,-1.0227926731496235,1.370594255006615,0.9361289932996818,0.3906904112133936,0.7433269228549814,0.6268422719561346,-1.9181738586262391,-0.1870000312586858,-0.30911838005187114,1.0048207997106746,-1.2426250351217996,1.1744312792507439
2022-03-11,-1.112560406823922,1.3575931663275285,0.7760842916943861,0.45113039611167344,0.5645292366145302,-0.0853370250728536,-2.242044455889408,-0.38091402147090897,-0.48949977508512665,1.7139218193751105,-1.1679662409344214,0.932893050922003
2022-03-14,-0.965765485162109,1.1802313094159789,0.7053503111496767,0.5268498758771705,0.8635850055679533,0.1202033050833807,-3.024157017928853,-0.037781492895915085,-0.6457329348263672,2.7998047747586794,-1.0358694686956431,0.8889863125260724
2022-03-15,4.211073767182981,1.219021907849906,0.48537826519236515,0.533510988801367,1.0791316470479317,-0.3924917371980913,-2.8789008038886847,0.16241488398103998,-0.8482049996125258,3.4740661939435395,-1.2525997377829807,0.9278198429191203
2022-03-16,4.300508583376635,1.2313627367449433,-0.08179925529658566,0.945636952762441,1.1553504239530834,-0.2931344728007024,-0.5860064155269922,0.29953706539575886,-0.9931116256361094,1.8988815405303994,-0.30515722038974835,0.8542658114696545
2022-03-17,2.010934055033797,1.0827302309218094,-0.09647180223420382,0.9510136095888823,1.0549743667063909,-0.3271816112979477,-0.7308679913239343,0.1156717665461225,-0.7648141504903663,1.1871350075276073,-0.5766936011636152,0.827866343271892
2022-03-18,2.446616635036619,0.9198409676611178,-0.031278710894464726,0.4330991034396567,0.23441845764204294,-0.2690969191365262,-1.2303623423025072,0.1732380582936674,-0.6225211085624461,0.39914388821648095,-0.4613180282178147,0.8118803608170401
2022-03-21,0.968125307105444,0.8649015498977061,,0.2196296814610389,-0.22896225377484922,-0.21975974749935698,-1.6758242721136345,-0.03115984060362838,-0.7676923420901041,-0.13639473998048926,1.1425460011643893,0.841545360473008
2022-03-22,-0.19639746765399363,0.8067882402151187,,-0.10270248827026211,0.3711656845531165,-0.17270057636662653,-0.4855926217534667,0.037867211689535545,-0.7238438723686824,0.25426526019588425,-0.27254541876449906,0.8557278368786477
2022-03-23,-0.3260482265341082,0.8771501116039441,-0.10231274050384173,-0.0658462656205811,-0.28969573313135527,0.02217609235041209,-0.4543034553685833,-0.027928445650956094,-0.5436077326529519,0.36329714021331916,0.0733428391924469,0.7870469639138461
2022-03-24,-0.0619820630976189,0.8614521681939953,0.016542365532069624,-0.17995658698148184,0.1508164952727183,-0.7928458491785567,-0.16136535205831784,-0.470502082309605,-0.40389952438447907,0.5739480089190343,0.639950144537509,0.7133372928685345
2022-03-25,-0.09628258862797431,0.5350793024650075,-1.8686924630704291,0.3640307957464075,0.3318474362364214,-0.9623736593624743,-0.073102020203645,-0.7292140000004738,0.49821399510294145,0.6061234477380987,0.4541044760638571,0.7635445709663937
2022-03-28,-0.014177159670586425,0.48370994130576805,-0.2516307630714199,0.4942822509719642,0.19563477059506668,-0.888618639804683,-0.15429495487244735,-0.5670140270802109,0.5390952867405646,0.6072385051130461,0.6301419676323362,0.7739840564586655
2022-03-29,-0.18049616844965083,0.8024721878690632,-0.06478354518021007,0.27815800346846065,-0.12646662382571852,-0.3638035606276668,-0.11118916264816296,-0.6124535050675954,0.26450759264976115,0.6031247252692005,1.7724372118336447,0.6955851464393655
2022-03-30,-0.08418108798843098,0.5086346953714042,0.2018231935735853,-0.09247593875265098,-0.29848588050751934,-0.200687314751178,-0.08890379386099818,-0.5836460445700727,0.31409762851238165,0.6566306342678427,5.219981714640247,0.7652478623031513
2022-03-31,0.03259967583695259,0.7138011885714785,0.15262862919123033,-0.15804466478570697,-0.5163256195688691,-0.0839319641278379,-0.17346079300002,-0.18079450869430982,0.22207667936469563,0.4249980438891404,,0.6407428638620194
2022-04-01,-0.13047642874360602,0.5817444179501966,0.2081319514292648,0.40399614903379066,-1.5077774125207135,0.20008118203396533,0.01205104331295222,-0.0938641760515374,-0.08322060501146053,0.4220210550862074,1.1838736030853083,0.5033943495865356
2022-04-04,-0.17115675127111613,0.8170335667890787,0.1941079763858168,0.34363499854707635,-1.447545621521087,0.5050305544276332,0.07724544081237197,-0.04009041199724676,-0.5300629405070757,0.42179165201047075,14.589275628429693,0.4095695643691876
2022-04-05,0.08578175238435878,0.7313552867859154,0.010717298372929679,-0.048537839930833715,-1.5170379737150044,0.5332950000796558,0.21411458723811605,-0.15895439141956147,-0.36712965015787913,0.14684962309807034,2.133583776999092,0.02628702616237964
2022-04-06,0.03469422746265647,0.9166638711205641,-0.10740728676962083,-0.5112047465304455,-1.3894554837628643,0.6179536122699683,-0.05160909302077393,-0.360388470397728,-0.3873003530052466,0.09122316948949517,,-0.2127995909356495
2022-04-07,0.1232236192125879,0.36766403020012406,-0.3511120177648382,-0.32563315435035045,-1.1243434630787388,0.6325183215301193,-0.36901659611281556,-0.27891942232812866,-0.22227935511685742,-0.39123546295857603,9.243026948398546,0.22028346497661505
2022-04-08,0.09275459052123555,0.5569870974814968,-0.5327431665200284,-0.3548002408506617,-1.106887647508389,1.2250147521768975,-0.4623916548234675,-0.059107622764236326,-0.1986206468695103,-0.0605266501623308,5.351981971150328,0.22554456333809658
2022-04-11,0.11445121900017483,0.5183470627467476,-0.7439333311364594,-0.9070760767652889,-1.025963510206218,1.2593354309028388,-0.395033386156606,0.031288978765078905,-0.16273052356263767,-0.15024352715114497,1.7087366739895589,0.08779307406275459
2022-04-12,-0.05420334632886564,-0.46130509261094205,-0.8434131452423558,-0.3586973335445322,-0.8410925266404182,1.5742246286738975,0.203237295021769,-0.576116711612332,0.18049027621976796,-0.30610011391956266,0.12754346282264142,0.2971213579464714
2022-04-13,0.49571128208119136,-1.0050998779589304,-0.8610314936540101,0.051291129058162556,-0.9640981567362017,1.1246888792316299,0.25343857008661685,-1.2925247152520913,0.31188403104715423,-0.2466702492274478,0.20338818825964916,0.4333894566291725
2022-04-14,0.4423664633243162,-0.6624094489654092,-0.8946322582166085,-0.25399088643225803,-0.892373627199944,0.8351792118199386,-0.06439044217848552,-1.264339420974536,0.33631253748220585,-0.14248749938628952,0.220964036715915,0.3483876056016808
2022-04-18,0.0974669549012062,-0.862106649150383,-0.9413903258547802,-0.7799663767199408,-0.9461440633181968,0.9817361786676144,-0.1103830542877413,-1.4321877227777733,0.04550303494881957,-0.4278830311506225,0.20939798565578058,0.4863820221019656
2022-04-19,-0.051701685730567236,-0.9183529094508963,-0.6651644021582575,0.029929727128720232,-0.8082605742222789,1.2100758110985106,-0.43847656317802725,-1.3793110646474889,0.8118103083280448,-0.017179050916551305,0.2265867304520905,0.6477344934012881
2022-04-20,-0.23328578340403325,-1.0603722607220674,-0.9800470936246034,-0.12096790174778514,-0.820331017665331,1.3484855780426994,-0.3210860880197283,-1.0935468122414829,1.3627702456596307,-0.06001622409098989,0.17042139210675247,0.6832035007666859
2022-04-21,-0.1871786318605195,-0.830227042988291,-1.2301597282496153,-0.19879467844569207,-1.0781079946468737,0.9213419196800366,-0.8403459402308019,0.02411112978365913,1.6125787826442937,-0.1989444789532719,0.14238710365409168,0.6152228319656077
2022-04-22,0.09647653497412224,-0.7813324597159522,-1.1234546633336873,0.25810709800689885,-1.1892933573165791,0.8346232837280881,-1.5327702563450425,0.1980148618736926,1.8428464418125108,-0.2831439343729807,0.10832722118908931,0.7585484530821044
2022-04-25,-0.022182003991135627,-0.4145669429017647,-1.3940764600552242,1.0554675155484654,-1.1708513943318937,1.235291854485696,-1.2181190942042677,-0.4236628837331611,1.5199579142671742,-0.08563003546826163,0.22760454855711362,0.5651759163234159
2022-04-26,-0.14262149340320648,0.09095605428421932,-2.1666458587586135,0.18536428990841067,-1.4953116027682931,1.061452325238138,-1.2368890177006253,-0.22492301731949926,1.3521452067608823,-0.1689487220308547,0.21848493582812045,0.3193185133410539
2022-04-27,-0.37826656543995846,-0.06379301450841117,-1.7600048089626092,-0.6224517704883029,-1.2927623801725898,1.2780282987365326,-0.6599750508429434,-0.29881671716039593,1.179166216800808,-0.22803448989735595,0.5226047610858239,0.24986974296245193
2022-04-28,-0.8783631119844214,1.6508698171236664,-1.9280617428520623,-1.5790469230170645,-1.5577406652174435,0.8192397603001395,-0.4658991752521903,-1.914876966813443,0.5159625151329102,-0.34407695398628263,0.465731596596948,0.18503517214711673
2022-04-29,-0.4825613705973082,0.6677608057860354,-1.6206422870683954,-1.7380576735288342,-1.2982360739831227,0.3897193502163266,-0.35728732006589026,-1.4991257032633338,0.5802666218615499,-0.491798338574785,1.2297713032375923,0.4352025581301997
2022-05-02,-0.590930470737928,0.6355558190730758,-1.6076080149267544,-1.865995801338067,-0.8886327533512545,0.8189477434240887,-0.437297668436118,-1.7802323338988368,-0.7396468638139702,-0.48387649912478153,1.1817036053724221,-0.1161798209072256
2022-05-03,-1.010869530619232,1.1280998035939291,-1.4216181286157232,-0.6535621460292927,-0.49938580974860547,1.0849689693397702,-0.5700378663907492,-1.3877591751771687,-0.1553096005008297,-0.5276666427010024,1.3466405960258665,-0.06816494004106202
2022-05-04,-0.6904369658366359,0.36611470971385274,-1.016919779517082,-0.37149027708948207,-0.26923323287161016,1.0493316923961973,-0.4938801069881658,-1.2853532209468619,-0.13283955885932283,-0.8122503877199235,1.1202897899119029,-0.17560192131480434
2022-05-05,-0.13631315583870895,-0.10384421449287039,-0.8894865177286252,-0.18171710925634546,0.23956040420134142,0.9848506207599033,-0.6234437945695211,-0.7213164690107584,-0.10256751099798707,-0.882949587347036,1.0131719100403527,-0.33550545195716336
2022-05-06,-0.88432067324864,0.1894109625526993,-0.7168644247214638,0.13964146408865002,0.6610094188692366,1.013740870802359,-0.9885443292044083,-1.09163491184529,-0.009365171793365247,-0.6208080213605872,1.2026462214363474,-0.26642524949253965
2022-05-09,-0.362044404665961,0.011392095098668793,-0.513738475746286,0.4583838459664574,0.9996842525443081,0.6762014734791286,-0.96346451366389,-1.136491881899842,-0.022284111061983074,-0.597852694425291,0.9943012140853271,-0.6288796132081332
2022-05-10,-0.2535415499109483,0.09590105327373794,-0.34912297831367467,0.7769288302282568,0.3843386930442135,0.9267641699565102,-0.6446563292888309,-0.5660705071180676,0.20730458052349393,-0.3656125003484444,0.796650054437691,-0.13200910992213336
2022-05-11,-0.11959646323351955,0.2968095915610361,-0.32375780216164846,1.5262124152321825,0.4550261143307883,1.3984495495964917,-0.5751500794795475,-0.4693955003934519,0.4628651586683464,-0.38208726962616474,0.8312472582925343,0.2562542147353658
2022-05-12,-1.499216924103503,0.07865805717726791,0.018799439767563954,1.6282578411878632,0.9671122506833264,1.4442229618945253,-0.3891992106831751,-0.4858566467364932,0.4935506359927606,-0.38438733803527014,0.9825543494511202,0.3660578079266294
2022-05-13,-1.8508770459012647,-0.8143248412272768,0.14126175325446821,1.9334604046545028,0.8398929784356992,1.713408103223666,-0.1934733530903071,-0.5701468837867915,0.7757859830799313,-0.3544410472066715,0.9205004529642349,1.0111914755900384
2022-05-16,-1.8182375444631995,-1.7772361330968691,-0.20885758514705444,1.7082487050347768,0.8372588240443373,1.5553928528951049,-0.269059876895385,-0.022135544652708568,0.317520435829595,-0.976742126517988,1.0089928092013318,0.9297366803607378
2022-05-17,-1.7224396179258248,-0.9830937399214323,-0.27894459933560756,1.5598070600007892,0.9010788464113677,1.6648783817727315,-0.4674399258414291,-0.17970355092818383,-0.012344918199397334,-1.4852675270560152,1.237052980909996,0.6528228658304437
2022-05-18,-1.4218584710189908,-1.6637378013731596,-0.19663914976920807,1.7480494851679043,0.5332882854438303,1.5200459091752798,-1.589422961944823,0.5657490202495454,0.1411537426794119,-1.15603822733592,1.2652655831714952,1.283345913077557
2022-05-19,-0.7374106363176454,-1.8968104249978905,-0.11250992580862948,1.2196667485608061,-0.739794439431949,1.3152415425861406,-1.0184999837878461,-0.2066525105788722,-0.16226959628319976,-1.8864759178551265,1.3196925804524529,1.205210591641598
2022-05-20,,-1.1588650705996641,0.05922084357114012,-0.19488334695872617,,0.7791668245915324,-0.7446918865101432,-2.6916280335131004,-0.09085963308455311,-2.172339863844144,1.268797943517821,0.9824159293305285
2022-05-23,,-1.4803580517488923,-0.1890822861914497,-0.5745424494999216,0.7183707812806424,0.5031527194596502,-0.0021240488706842447,-2.591415145903124,-0.5678111336725564,-1.3921535198763522,1.2361448515797278,1.3903437235148186
2022-05-24,-0.6557483834675537,-0.6851592733399455,-0.21384287711150265,-2.1609552319568355,1.2089623230818896,0.5457124680793637,-0.5225034381113239,-2.225831322137984,-1.0849914010962565,-1.3541672778160498,1.3021208647403524,0.6405253588750465
2022-05-25,-0.3330599682219075,0.22515932755457932,-0.18036898500842338,-1.9211051038036704,0.7535208318134945,0.5310824218921487,-0.5246986021980634,-1.8691008924360422,-0.8797506608603407,-1.3887204791070384,0.993758279699184,0.4909553367542342
2022-05-26,0.8105140296982637,0.1927704189470716,-0.17905235672534953,-1.7582948553567446,0.7338790343298988,0.4306929177009172,-0.3686894367913921,-1.716522342251578,-0.6609848067891896,-1.1732866265388324,1.07239769361683,0.6851090081166049
2022-05-27,0.6415773108659109,-0.6712455879606513,-0.09380999506950327,-1.4106408176828464,0.07395717535052083,0.523976623302715,-0.5993536846210727,-1.499117020473263,-0.31575227068479406,-0.8224391229645884,0.9637076935528933,0.9449335096615611
2022-05-31,-0.10134143523997693,-1.0558445568101764,-0.11657908703425539,-0.41922230107935265,0.3508320126514106,0.3725381391883839,-0.9991435462745554,-1.515176900772524,-0.4480851532860617,-1.1934785659151594,0.9889690184999462,0.6192769887324622
2022-06-01,-0.23030681714960585,-0.8749247093970722,-0.05213291320777859,-0.40481887109088,0.42077263324504877,0.5900307360511117,-1.2759682096113627,-1.5280474759779163,-0.2338602782472554,-1.39469925703072,0.36060409805381793,0.3978016454328836
2022-06-02,-0.2294445383213731,-0.5013314669444981,-0.05625411105723991,-0.6631607317894243,0.7423325899182986,0.5067726291159272,1.3398844725394894,-1.303190925494648,-0.39480630352000823,-1.6051162625844204,0.7113500958263042,-0.38300784045126773
2022-06-03,0.02007429693946861,-1.56792990824407,0.13444870506691267,-1.205153016112478,-0.12783448452033996,0.10855673817329829,2.223404883294213,-1.2603465227563118,-0.6190226403885738,-1.4034947036699497,0.3556515517152575,-0.7773528474502464
2022-06-06,2.272325463127976,-1.050194014436035,0.22529318453384492,-1.159596353088064,-1.4535693731022878,0.08610380942928683,2.2216161386607696,-1.0944836899102908,-1.0476366757753324,-1.1885339794262868,0.5099828721091125,-1.1306250225811894
2022-06-07,0.5468055572222144,-1.3380515748481239,0.3192336060419915,-1.2129389286236534,-0.5335248326696377,0.039312285803639484,2.0749520046167023,-0.9753666810211934,-1.0836264375433868,-0.4499451167919878,0.6499203392262016,-2.0224772374139874
2022-06-08,-0.15163425414266815,-1.073094761685797,0.18258815591927627,-0.9232598239981271,0.3591152876437356,0.06924631080900599,2.09653348908307,-0.9408210394207218,-1.453966944630237,-0.7281152135394426,-0.1703769581304693,-1.8155348400766085
2022-06-09,-0.4033248607939206,-0.8082117390858539,0.32876446009879456,-0.9704401076161002,0.5518548643760105,0.06348394842546227,1.6503872675086997,-0.9868319226950032,-2.6502864032400164,-0.8338744499691749,-0.360838988656652,-1.2633884916298208
2022-06-10,-0.1226556132946706,-0.42987240651987063,0.611656088577914,-0.6228681306317079,0.37588790436216496,-0.5762112406019728,1.0736396977114833,-0.8358120115850751,-2.0124222602969715,-0.735415385823138,-0.6579196976803801,-0.8434537087720758
2022-06-13,-0.1692720649599155,-1.1097482048419818,0.7794609377615022,-0.29121361958593506,-0.8418697449392852,0.24231169003620986,1.2881406290077853,-0.5833131722993826,-1.729317284949373,-0.6739113119988199,-1.5338191657005535,-1.0656468138045287
2022-06-14,-0.3231963217260879,-1.0946623198770524,0.9759552849911608,-0.3642176076403657,-0.47400995786136807,0.20542486005760968,1.647903935964974,-0.0012747181457038212,-1.5822827238931967,-0.45058984145079783,-3.350705747354626,-1.1295549101927476
2022-06-15,-0.07619283045096249,-0.8026529357370508,1.1666861746535075,-0.4564786616326216,-0.12552905716800186,0.14810862117983284,1.3603703715291802,-0.18388692026954218,-1.5272680864061603,1.3624958228902866,-6.050309347903924,-1.0045220978288774
2022-06-16,0.06443594832595828,-0.017437309380640597,1.1825284808100387,-0.7086027908140043,-0.3572198239836304,0.11350152853098606,1.3406702706720919,0.04560575122625061,-1.3736525802946407,0.3907320048951061,-1.2436576491994087,-0.8875695969003555
2022-06-17,0.21575223786396353,0.9593003150607111,1.459312724686733,-1.227648258119214,-0.09219532135422885,-0.034191633351884,1.160388652106955,0.4047272891413263,-1.1701352633679336,0.9353775907321117,-0.3799289630849955,-0.8718279482399246
2022-06-21,0.18826593697890168,1.0506056856966366,2.039692521463063,-1.2435838822499035,0.04498770106485228,-0.33466415562080076,0.9711421933965371,0.32606576630813533,-1.2359340400381922,0.26162257654224624,-0.3362588408961526,-0.1891677550774622
2022-06-22,0.21288948783474676,1.2249264409860425,2.0548004694961195,-1.3711564196741128,-0.004996614475849733,-0.7399783187843216,0.8449707885568746,0.46649427663162196,-1.2645199894798462,-0.3118780515526303,-0.34297418280048114,-0.5026847006472992
2022-06-23,0.2118673588683887,1.3544597105712004,2.0345325555817624,-1.36296313224784,-0.12007228609411061,-0.48698625765872194,0.7973812074733942,0.26443380281600204,-1.0755914928297197,-0.7065038867133057,-0.404353175995605,-0.3741749280221407
2022-06-24,0.29521413456750445,1.7536594191657486,1.2396544095886175,-1.1854171456770277,-0.2667020293906642,-0.19902266844280114,0.6156435930546404,-0.23586830424788383,-0.975827728617261,-0.47440356725576593,-0.6623907028039869,2.5448686079112686
2022-06-27,0.11593654327424084,1.7480654324907465,1.1649248782357196,-0.8866819255957792,-0.3322183140050844,-0.36718739512045173,-0.513595061884347,-0.026370228445044205,-0.8863874222376362,0.22939119012207182,-0.8669620355412966,0.4789895590678975
2022-06-28,0.200518508205121,1.3956471658585177,1.296004076620523,-0.7206659414763805,-0.7185492525211133,-0.5639683461448127,0.35050613088672267,-0.036331374384032056,-0.7538310812412358,0.2967898174171562,-0.5204773498367538,0.09374256006445235
2022-06-29,0.23735125769796447,1.215104793292483,1.2592867530945715,-0.9090150011294008,-0.8425469596870004,-0.7323987627090239,0.5986327980106627,0.1014392814763154,-0.9072083484983495,0.17059038922364292,0.2956194436848513,-0.49904142750900027
2022-06-30,0.5223851669993292,1.906027656370515,0.5424805901476388,-0.6571633531602399,-1.1495001844613042,-0.6392592822573383,0.620515231153876,0.027732086265865208,-0.628382060701818,0.5136483448001259,0.1418450516986174,-0.45016637165701257
2022-07-01,0.42271426446839383,1.9082316147919045,0.549720381401936,-0.7388177762774562,-1.1223165462865368,-0.4805164393099184,0.4810813946886971,0.15404978807196343,-0.7701927798021763,1.222909987905631,0.19541720008380029,-0.8992364743111805
2022-07-05,0.7980757695588442,1.9176421917610942,-0.5194290313111796,-0.008403416274605604,-1.1779493485159735,-0.4169509041669376,0.4512708984473104,0.16762231536878205,-0.36549278561474685,1.673759423329927,-0.34760682043813246,1.1193062764727544
2022-07-06,0.9675041129163351,1.8432167864861555,-0.24038883585369072,1.995560352878865,-1.1838829435379172,-0.1870475218273676,0.419385971841208,-0.33028848877061884,-0.32758211506476653,1.7912641260923736,-0.2657843995924881,2.5439821534730487
2022-07-07,1.0033623575768067,1.776572872107481,-0.2780234591565356,0.41702199027354775,-1.2007773143934786,-0.04743927981777959,0.3989552038483429,0.05851508621650838,-0.3635011085125481,1.4571998779025377,-0.2800782897891992,0.33025602516976676
2022-07-08,1.0254015454190597,1.205889023169649,0.07179669053482278,-0.22556650859799296,-1.0825825773748212,-0.044518800056955146,0.43492314806824384,0.09804262522281831,-0.4700062974718361,1.05973094761579,0.4313173790174136,-0.21007946322083834
2022-07-11,1.4226565680877967,0.9841018742696322,0.05077202152735688,-0.16225710659989842,-1.2166126498061387,-0.20049775512427706,0.39933524011162924,0.22805220893889425,-0.4184684101738421,1.086372560714962,0.6137371011413109,-0.176790740527712
2022-07-12,1.4795532334015047,0.9708456039126243,-0.3616848370843257,0.5772615784766475,-1.223464342192575,-0.2339151505030542,0.3495108596205287,0.4283538861099238,-0.3467867944268631,1.2831889977463184,0.31374306905511185,-0.1190567412922136
2022-07-13,1.7336020318175291,-0.6095109707389115,0.1423278416477115,-0.03450108420642678,-1.2174047939481754,-0.4369504154910813,0.16110006176305297,0.45048191113559727,-0.4139540512586701,1.1589503547195465,0.7176298100645533,-0.14718898599579366
2022-07-14,1.581901782319326,-0.7128397679579674,0.49185016445691593,-0.05123927805480443,-1.0751354676319176,-0.5748264845879768,-0.045604713785332346,0.43806407982326556,-0.2560266318726555,0.9812055830611851,1.0834372538266324,-0.04761727330345794
2022-07-15,1.3710952469098538,-0.9270370229197478,0.43557295104357474,-0.020135221308464686,-1.0779875125089744,-0.7282490790638971,-0.32514253515091524,0.1330708405570127,-0.1347415961371347,0.4817082725770772,1.676499600195643,0.13139351763817467
2022-07-18,1.3971690734102507,-1.2060402160727897,0.2761258456679685,-0.09842789664291231,-1.268898959162529,-0.8745065531258601,-0.2372517984557599,0.4277391377021955,0.06487692300515636,0.7612646672102904,1.7079170120300515,0.24317710070989537
2022-07-19,1.5533078356483734,-1.2584278006409513,1.0338018849494477,-0.11128657407733603,-1.2011319557369047,-0.9724450315831504,-0.13642865863457998,0.37815282385364335,0.3742474316884547,0.8083523064954692,1.654742967086359,0.29630116325931805
2022-07-20,1.390663191214413,-1.528432977044369,1.0674613396453638,-0.10868795188361276,-1.017186564471582,-0.8314352325087527,-0.18064332726774907,0.8130546877338394,0.7588415609887745,0.9914860906826256,1.6836411222923637,0.5004728571459189
2022-07-21,1.2028398054138956,-1.4878502899396577,1.2704512894853126,-0.09226863895259521,-0.8711680986823667,-0.3888529324187833,0.21323417715970533,0.6920303985144142,0.6808304024256598,0.7508591216671935,1.8643086865585474,0.3108144777508657
2022-07-22,1.1203835038864391,-1.4919009664292453,1.1148457202707007,-0.0843534314495427,-0.9324380233745514,-0.2650163181462261,0.1707218952903387,0.8019679441201271,0.39967415720730515,1.3239835178039367,1.7463954960258434,0.26032213120181746
2022-07-25,0.865049596706198,-1.2960371971492655,0.7720063104322943,-0.1417471004306303,-1.2708261602764421,-0.48316521876031365,0.16210777262478895,0.904905246764411,-0.21432404144534234,1.7227142733161898,1.7667089847582094,0.10429121042305432
2022-07-26,1.083719545676424,-0.9931313580882672,0.6598008376870295,-0.16726833619559886,-1.3533257245446695,-1.2171189771001996,-0.09889876197079105,0.9911172273748065,-0.02114119009406996,1.6948622685655235,1.4683487182650605,0.15557057668352686
2022-07-27,1.031948555669337,-0.6088124487359216,0.6135056353440725,-0.12736219447658126,-1.2738962969912253,-1.5849578059698777,-0.3829307933736221,0.9499846770488828,0.10608578945728397,1.5972354158749211,1.3346555084224563,0.13615938908538194
2022-07-28,0.7684939714417374,-0.6514122067071796,0.6206624779200103,0.026211127025440446,-1.2926700269014955,-1.6954300796652821,-0.37990817506464897,0.7667266161442378,0.11809256922360892,1.3114050938852868,0.8869375303503775,0.9036360410927182
2022-07-29,0.7566059452318661,-0.13347950975752643,0.28265429503381845,0.04761154999675569,-1.2362941322291296,-1.4745814650929516,-0.5808308865458023,1.0848167864108502,-0.4093721832910476,1.3362468039050115,-0.6005521376152584,0.9633538614651048
2022-08-01,1.177221076596748,-0.12261965901304997,-0.18739238634089866,0.015422945044581316,-0.9357625371801616,-1.5002428802548629,-0.6690825582317723,0.7814227009157725,0.13696534029281288,1.235192535305822,-1.2668594671390623,0.8892720335124935
2022-08-02,0.8229905548352575,-0.3918039148997772,0.351507684424692,0.06377051708537189,-0.5608113081039565,-1.3596202292908466,-0.8006534404940945,0.7685857739084172,-1.2539907799847865,1.0664440281745913,-0.767733970144948,0.9098557195882859
2022-08-03,0.9974828169841631,-0.5639977238323047,0.7525532565843617,0.06425664219535168,-0.1098334807760411,-1.3909640090337774,-0.6394183160542455,0.7153516520585211,-0.7375680277289133,0.7476330657201771,-0.6678054059058256,0.6951577251489814
2022-08-04,1.0939169526798034,-0.4508841452564289,0.0666530299037641,0.1405930402759844,-0.6773214564035782,-1.1369436776058037,-0.623647828639391,0.8449764286818054,-0.6625048374026514,0.5496057298607518,-0.8876750321429924,0.9000446827864356
2022-08-05,1.0847592832389594,-0.41367396622690755,0.3501700437111939,0.3001949299969156,-0.28460137776756383,-0.7036399151707692,-0.5954736481747147,0.6527897862121418,0.6237716763419773,0.43546044003051454,-0.7255083684216383,0.9900829446199042
2022-08-08,0.5020803125817627,-0.41452870126235225,0.11771279975402459,0.33328571107793015,-0.15625565862954033,-0.44840673442914836,-0.6543010085979626,0.5428680521098758,0.4393415287857856,0.45880464217067696,-0.7747230939103731,0.9780473746943802
2022-08-09,-0.01654647278060286,-0.5000314300497698,-1.428508481919525,0.3381473507266451,-0.1827460429669357,0.09259078455469565,-0.5149693827565477,0.7571144344820865,-0.5006643539987583,0.30068404338987337,-0.9141332470148092,1.2027945317358137
2022-08-10,-0.4916851588434357,0.10586394226575704,-1.732258295565884,0.0063886205351624354,-0.1687866198024544,-0.09967449506476986,-0.9727901938273645,0.9645010518917816,0.20657380050430652,0.5937782525856679,-1.4770467887042813,0.9450167538599868
2022-08-11,-0.31167262673025403,0.09553227056227441,-1.4567588564640124,0.25508832002011556,-0.16389666652792617,-0.12413305860611291,-0.9968942746547194,1.1818745886260715,-0.18511708827074186,0.20225438064374804,-1.3210042627446512,1.0174552693596197
2022-08-12,-0.25252605057895194,-0.15206446077935157,-1.4412389076302523,0.16162488712921075,-0.10145432807296763,-0.29232377795043357,-1.3422486991362137,1.3062839268930255,-0.5459645823739361,0.1416410371760019,-1.0852764081667519,1.2088060006220422
2022-08-15,-0.32297207107700193,-0.2861039166680518,-1.0730516396464818,0.4085346941757706,-0.12524328965170387,-0.04314158867181548,-1.3909221994239689,1.3585677389709525,-0.5335728612206875,0.39754863006406627,-1.0178271299945632,1.3383805492248821
2022-08-16,-0.19245307476136486,-0.26713170507142225,-0.7192996517373154,0.321791546988023,-0.22670031582242542,0.14903701968419095,-1.4315708437925887,1.0711599271866332,-0.5610274582719754,0.15687006101963855,-0.9418003998951904,1.14229001321092
2022-08-17,-0.15279955658652433,-0.32193604591063385,-0.8452766546804127,0.051905194913615976,-0.13712365309773267,0.07292268201849665,-1.3166971007367616,0.7852058959134834,-0.5110050953832121,0.3915930556345133,-1.0944289393111835,1.127840780101359
2022-08-18,-1.1967139022251898,-0.14374056575655042,-1.3467775681853174,-0.35076275786686767,-0.13854700752421478,-0.3708107760243706,-1.4656503364432643,0.9779039795469584,-0.4655966793779958,0.4012338248204057,-1.1966458284468617,0.2824848067401381
2022-08-19,-0.3755365590909301,-0.4121057229357684,-1.0329165294605251,0.4037286508981565,-0.04505004364572669,-0.43265096954124715,-1.5903171045384765,-2.661574825623935,-0.4351597820658403,0.24424012082390517,-0.9652966079401654,0.4285953407237742
2022-08-22,-0.24496808978930945,-0.24753436094377512,-1.2924711490300502,0.4406640749186331,-0.13874994438963217,-0.7219131790753889,-1.5159640748653314,-0.30133488995045515,-0.4516723435984386,0.3792733236263871,-1.0571738628428458,0.5856470885490693
2022-08-23,-0.20943232978245563,-0.41271282624868705,-1.1253372089270492,0.3419510268860998,-0.023327347411284224,-0.6537290335971068,-1.5834722150956526,0.06491679692665954,-0.5386320520578752,0.05208434461048313,-1.2581928141765204,0.5522845874174874
2022-08-24,-0.26579896820639887,-0.5307499370775874,-0.7848799156375252,0.756784971958729,-0.0024114875741749085,-0.5558160417144217,-1.816464362132852,0.5906440821881951,-0.4958364974485094,0.036132548803579835,-1.2852555999503086,0.7617663630896332
2022-08-25,-0.23989304389691615,-0.6063719842498435,-0.6669474278339016,0.8984118592828862,0.050593547105227,-0.8618670425506286,-1.6612246041810164,0.8752563977289864,-0.4936188036427803,-0.1595317258054301,-1.0258259948619295,0.715508456489617
2022-08-26,-0.1997713645521205,-0.724099017382834,-0.38794089631463696,1.5486576071887321,0.33190582502944077,-1.1774367759805182,-0.27349546192849755,0.7778585719889854,-0.2737652470037803,-0.3278071875519274,-0.8087208882956658,0.922055562296919
2022-08-29,-0.11019679482772743,-0.7487636111024033,-0.8025552660129877,0.9755233531287456,0.5195767585917714,-1.3724311253928148,0.3645487378112568,0.7564516035326606,-0.3316191090831682,-0.2868272376937424,-0.8984807188859125,0.7442296228317522
2022-08-30,0.04480637205880946,-0.5714602819439816,-0.8623080546398914,1.031142317780316,0.4265319745206308,-1.3902514666901384,1.4139280232910791,0.7590266405809475,-0.2868536316510851,-0.20628558435603755,-0.8279839995615826,0.7109852708314002
2022-08-31,-0.11717967344950378,-0.5576642666902554,-0.83603721239553,0.8944071516525444,0.43624170089706976,-1.159441160630266,0.25249171496188444,0.6710472373899462,-0.3754623531932655,0.06718966132498487,-0.9248462088419539,0.4541825352066609
2022-09-01,-0.207693183629898,-0.3641247620861039,-0.9887089698287147,0.9040994431048184,0.2862097163740686,-0.8929596606260919,0.6222093137285225,0.5543073551423839,-0.34132818987201324,0.2903046192999475,-0.9666188029018586,0.45294650694068617
2022-09-02,-0.015730631850187953,-0.303793452797437,-1.6408583961604906,0.6276712784185864,-0.11638037022297552,-0.9467489914008663,0.8318987592021816,0.9381288266754833,-0.3390270477043218,1.0677309169256741,-1.0512277201492708,0.4099619884972702
2022-09-06,-0.031218699811026793,-0.39362285157639243,-1.4113178371787969,1.760578444311815,-0.1901325007086726,-0.6766102694516138,-0.1907289318878621,0.7291899979459031,-0.35438303263890675,1.0823252689655245,-0.9111363172988626,0.30284816909934986
2022-09-07,-0.1391334601583436,-0.6497965951352018,-1.2796268183753239,2.092555415554215,-0.40671191998495104,-0.07902325165469257,-0.19316074532371674,0.6942104267024657,-0.44550577249567536,0.6927349706879471,-0.842678098825363,0.37594988827718423
2022-09-08,-0.4386413315020696,-0.5407243761643772,-1.146534754900886,2.1238704462114444,-0.6883808953352936,0.6359002071890136,0.13299810519139696,0.6495081795057509,-0.40629976762348785,0.5312715187728478,-0.7944217778867975,0.3956992510090711
2022-09-09,-1.0786798392413153,-0.5573955878175322,-1.0927655093552955,2.4244969937262013,0.3595889379314083,0.9623942078097674,-0.10304448443406007,0.6969042666511839,-0.345970899382928,0.5561076648229081,-0.7772551479658001,0.4385634786573969
2022-09-12,-1.199688758177458,-0.3257475647637053,-1.0591528733577074,2.2563963510553835,0.528591059206558,1.2620923713399808,-0.11106742592900926,0.6197683777545501,-0.20710159618955779,0.5304244899326921,-0.6908383621078414,0.3940514997900097
2022-09-13,-0.05434782749601206,-0.4555497077869746,-1.1216607262634757,1.7362958558862531,-0.532599270901956,0.8220954378203625,-0.11170502721800366,0.6506538937241705,-0.2585064924055826,0.8905108942002827,-0.7371039707904735,0.2042538231883568
2022-09-14,-0.6454310948934608,-0.47656583906218164,-1.110107486187058,1.4533540519570245,-0.7978498180347106,0.03117500491004566,0.13932679276496657,0.3645103591828442,-0.5157028502405775,1.6062077561362607,-0.7492357039593882,0.18208618792065895
2022-09-15,-0.3901267316424654,-0.5113310598623406,-1.1282229095716667,0.4203711252813116,-0.7059567176673338,0.17843584772075488,0.2708152389751942,0.26315417984410744,-0.5061823380641912,-1.4111876244717685,-0.6380605464818556,0.37517701300521267
2022-09-16,-0.32362284408761993,-0.5697387134844137,-0.7678347056665001,-0.31292191184206314,0.3254003430844604,-3.294252437874685,0.27548297954133993,0.2055401871777186,-0.3727859386755069,-2.3550494167005804,-0.6571618694446414,0.4318021269522351
2022-09-19,-0.7408719810276904,-0.41510480466509886,-0.1284528534299428,,0.5935845051628327,0.8347509258771407,0.13875176442194828,0.18338843175369104,-0.10420825029103534,-3.0513064520321542,-0.8104034628875334,0.6895413470962024
2022-09-20,0.3282208849241839,-0.6365385953475642,0.037883216418911084,-0.8571472462994626,0.5061503985933923,,0.25440599180496165,0.09345429876820396,0.0047915450492763394,-2.5093269121055672,-0.7249901921035246,0.6316411504243842
2022-09-21,1.5763308661214248,-0.6591912201081835,0.019961318102349364,0.23740446644908797,0.1522765235262897,,0.04086798885619214,-0.2910503563585271,-0.05267191577062932,-2.340579989732031,-0.6447699368885229,0.6173775115388387
2022-09-22,1.173597334613657,-0.545635728543113,0.8076838483520038,0.3957172442390117,0.7372347969801336,7.661019697734248,0.19139792373536,-0.6456436465898474,0.003623293691727695,-1.9352734698665792,-0.051769924820175874,0.5028275210607211
2022-09-23,1.2395790933227764,0.44165930875662274,0.03272979204715773,0.22684072609414707,-1.3603111139573487,-0.39367324525863445,0.7947434872760722,-0.7919367295825067,-0.03012014561494128,-1.2126828498000872,-0.05918163126894818,0.5876116324774373
2022-09-26,0.9751212213659518,0.539035840877552,0.5062537260855144,0.2770283160986099,-1.3424711903349664,-0.6794981108349712,0.6500493822591806,-0.8268222578161417,-0.011017079720739332,,-0.11704375353828096,0.4120943182961293
2022-09-27,1.456572034895049,1.0465089600413116,0.17714851779627414,0.2329790806588252,-1.9167516863039662,-0.3204659048794836,0.8863301558838524,-0.74784765624884,-0.2127676036196307,,-0.314884939755839,0.760278862565954
2022-09-28,1.6119703722481926,0.7760854583254617,0.4954633539273683,0.33403167084942575,-1.474936987411811,-0.39715233366538727,1.3435045230735523,-1.0770988035289677,-0.18475352882807478,,-0.24730517066676802,0.9423846263616548
2022-09-29,-0.34450347251705327,1.71978919487831,0.6279843033140332,0.2038878731836866,-1.4809961143289114,-0.429781246421635,1.2724468389210437,-0.5172519595221651,-0.10951027614003815,,-0.33547495694259427,0.9619584558970424
2022-09-30,-2.3816778765083426,2.5336940455213948,0.785936414729279,0.055158474451069056,-2.1763035311143564,-0.6008278027637575,1.4802947740595653,-0.511950610377125,-0.02345281047152665,,-0.03715012391984864,0.8278814595042454
2022-10-03,-2.8108126380927656,2.5591149069610455,1.1520348388646495,0.16316801077744475,-1.5168269942631523,-0.5159805183498142,1.4937445417790587,-0.49502292562476913,-0.029122807881670713,,-0.02426972423703507,0.7170742156911991
2022-10-04,-2.5941472391503675,2.8135249679059573,0.7797336734498704,0.08980783482725752,-1.6484524553915185,-0.5022273000075858,1.5192268717541304,-0.1319055222965859,0.3320490995635802,2.183855726935712,-0.03686090929484861,0.7779727069489448
2022-10-05,-2.0936163627006437,1.8321815731150783,0.7737271435073516,0.37361276683548067,-2.217757449655319,-0.5285835680255876,1.4511873152059502,-0.582047641919956,0.41153594079516054,-0.03959440623760845,0.09060846556715041,0.5874468171540521
2022-10-06,-1.794579722551448,1.6487279328402507,0.7920950814015384,0.42554035698798687,-2.06231017697272,-0.4776200170535738,1.2578675698217021,-0.5401819870476994,0.4319508536706229,-0.24586452869009626,0.3453933503419335,0.9099997464812533
2022-10-07,-1.60418671870478,1.4565989115804987,0.9158534074732805,0.4262304153307845,-1.6469922931209167,-0.3463590422629543,0.901182591362351,-0.8745152659300593,0.39852921361022065,-0.1839761555566958,0.7170541828633802,0.7387966385492598
2022-10-10,-1.4472679393296835,0.9918885688448709,0.7276848271398522,0.4439931706918371,-2.291501823621731,-0.08574270621095256,0.9576157984298911,-0.8043573024377091,0.2417852423855787,-0.0763343634743291,0.9518593015326142,0.6598102637880696
2022-10-11,-1.0411840442555471,0.7517567892027112,0.8781220979507707,-0.23194687655465393,-2.0827612894775305,0.06646921773838524,1.2027973650192547,-0.737738247044353,0.3311953785836542,-0.08579275357495095,0.13484821507049036,0.6596918205628551
2022-10-12,-0.8990885833310087,0.6206153753697999,1.2528741625450903,-0.18737865866397968,-1.7545276421781906,0.29236938001398083,1.12659212824198,-0.48870546827042327,0.8000650568886762,-0.12997345756660525,-0.3569252761031922,0.46189528317852613
2022-10-13,-0.9904662994980364,0.8289858736099318,1.432225200742046,-0.15907707183251873,-1.494011422907802,0.49787532504302806,1.5302756873394385,-0.7787111678508407,1.4526951242644845,-0.11462103769431067,-0.6088670884714471,0.12305849433827311
2022-10-14,-0.8710833668693921,1.0267777935662081,1.1997888114209874,-0.6577529683688718,-1.7182478933485807,0.43996909907085663,1.3702992254612931,-0.29120380444279187,2.029357391503492,0.052899246515348906,-0.5336764348261277,-0.4594423098040723
2022-10-17,-0.9983663742377431,1.248498328683119,0.8828125935847629,-0.48627231088564127,-1.5984293836627224,0.6072002211079361,1.470269785356953,0.18264802987359655,2.223664272559215,0.24916610276489964,-0.4021510904694034,-0.9916695016673265
2022-10-18,-1.0183580244925177,1.4226467252541144,1.0216127944114304,-0.8140269507089499,-1.4923607146430933,0.3646088326773912,1.1157383940665462,0.3632920605353421,2.268758076292833,0.6293728554278056,-1.0641555125361941,-1.6230334714371248
2022-10-19,-0.9168392874660121,1.3676312932968333,0.9325551885750337,-0.9462452981667184,-1.3641209103398713,0.20360864274711274,-0.3549570935419669,0.5394800192467765,1.7808154371045215,0.5484013077145837,-1.6661517359691622,-1.9447528294184424
2022-10-20,-0.8640764677835373,0.7582587764957411,1.1761967546115937,-0.9050475465978266,-1.2247357494004338,0.4770187417479669,-0.7454808712045332,0.6279912176714637,2.3456171711030933,0.3583633494016971,-0.7067123541406769,-1.0989615284131282
2022-10-21,-1.095744652776201,0.7195586610931897,1.2236815830685,-1.2216300578132433,-1.1703136660843383,0.6124158829635984,,0.4696059712134864,2.472613863144651,1.0934490839026436,-0.7814268580788426,-0.7720505298724517
2022-10-24,-0.8974561033422068,0.6323888533654118,0.8529157918845115,-0.8582703754672645,-1.03314273104852,0.428436748412331,,0.5542574171758339,0.5674559900949795,1.2890478075035747,-0.44222982196781735,-0.3510995850673677
2022-10-25,-0.9039634008315182,0.7739778857418419,0.7960706481569821,-0.8211409315782928,-0.7098023448607816,0.6278741565488793,-0.9872438438529576,0.743226651193129,0.3768499494724557,1.1811609840073414,-0.7553329296288451,-0.41203144512286966
2022-10-26,-0.9025491240801795,0.5059355227549903,1.2469023422942027,-1.2505033438898001,-0.9949665504511784,0.6725529019669537,-2.2125166278509703,0.8017125385410241,0.6034399260822614,0.9651439508250595,-0.6119975464911517,-0.8895402914522887
2022-10-27,-0.7347934697516391,-2.170872045816796,1.1766340040916514,-0.30788233192438424,-0.7103233399688933,0.8616971009422314,-0.5891573238262594,1.2284977568388644,-0.4506850137525678,0.7483861833414859,0.2718439090479331,-0.8072573945266619
2022-10-28,-0.987442676436278,-1.95109258732867,1.2735645642748066,-0.2933464309826871,-0.6920517749522852,0.9694995190845945,-1.7323993638542359,1.324136324286348,0.7183642261682706,0.20007829780163403,-0.48237037315125375,-0.6871440847647577
2022-10-31,-0.48179625898343,-1.61839692025332,1.224613334933069,-0.5367186973239967,-0.6453741257772736,0.7750579121689761,0.03432212746257631,1.20915998167477,-3.3904794923337263,0.32184429922524826,-0.9661967419515819,-0.8330901739805001
2022-11-01,-0.5114171467069873,-1.3885946808457745,0.7615600609725783,-0.272637400797722,-0.5940030023849852,0.7761787877652706,-0.17714296788228306,1.2004610976247794,-1.349978071455644,-1.515568622989763,-0.7671546207957372,-0.7213908953536605
2022-11-02,-0.7422112258249384,-0.3021688362374147,0.541005445607155,-0.20669483613502765,-0.4941174984404758,0.7915950039443083,-0.34911576603550554,1.1795823238005751,-1.2151511861087199,-0.0034398645747657406,-0.3363496095586293,-0.3181453847848465
2022-11-03,-0.7639172103431388,-0.453958235259134,-0.931180512817253,0.20877554365905937,-0.2560832149386258,0.7218139675674805,0.02214442310432957,1.0740869090713057,,-0.13179896320042436,-0.3760157940457879,-0.08069263404463163
2022-11-04,-0.9968055016997469,-0.7541155310663434,,0.31217142647068125,0.6583057277500463,0.5317448031740084,-0.03057283273779928,0.9574824886813457,,-3.057206990684226,-2.4040516495048774,0.3417868837794436
2022-11-07,-0.9188599405879238,-0.8969971438669945,,1.198704149376107,0.7987646437668946,0.3323676151339279,-0.38394494132005424,0.8858028440168979,,-1.4313643148004709,-2.0478432353633957,0.8947582424265482
2022-11-08,0.05666536308433793,-0.6701141438637412,,1.2277528042949997,0.6975746390058634,0.7500704523731485,-0.1966833220024315,0.8220566972010928,,-0.9768367076600017,-1.4196279387695505,0.8497802981968582
2022-11-09,0.9684542806313666,-0.7604539731227005,,1.2953651735418965,0.7103310446805331,0.7488801643571329,-0.13358822773442847,0.6808610726333877,,0.2926248905083197,-0.7931766678218897,0.8086401456597052
2022-11-10,1.3997497484136068,-0.4991308775427204,,1.3760315397202558,0.3884840915903823,0.9254910621344807,-0.22920252916030007,0.6947459321661259,,-0.11918813380295631,-0.07833793459076047,0.7888914519790666
2022-11-11,1.2013337978166174,-0.6635771501083394,,0.9708100745526401,0.7726665618683017,1.0187128923596522,-0.05427530610115984,0.7513540178375304,-2.438764250948612,0.4175074619277179,-0.20417464262929055,0.414891633432479
2022-11-14,0.6014576029038233,-0.6169681004390444,,1.02082330096897,1.0175204667514737,1.0476657775232412,-0.14195514138155624,-0.40105650457581454,-2.4718402197331124,0.4416060508462374,-0.9011204208788145,0.6700661334937387
2022-11-15,0.36708426746153616,-0.856927146894087,,0.9603464179431549,1.2162811610981978,1.064895007040054,0.018531500466124787,-0.2677062311560742,-2.434400406991596,0.3050764302706494,-0.5667074048093937,0.5277271037644999
2022-11-16,0.3346333799043153,-0.8907046684959052,,1.097309763526047,1.1299117478770113,1.0507239330017937,0.09653679272344276,-0.37639837327316217,-2.343736410588445,0.2886818073884554,1.0448297855117474,0.1580794233345423
2022-11-17,-0.11231936952129105,-0.7685287278110409,-7.5688043941507495,0.8010453633520992,1.1546905845932116,0.9308196676503193,-0.15329423405594095,-0.4378682065519172,-0.4925800772519948,0.08391589829800018,-0.3898701527794989,-0.3363866971094695
2022-11-18,-0.3316897421516074,-0.8090309657520778,-1.7419377641601146,0.7700387785527578,1.3425614193789217,0.7664521780069019,-1.0256555987421032,0.8925706662655897,-1.0677966668234506,0.16650535849393797,0.6392363854038373,0.047035937476234475
2022-11-21,-0.34268447503782673,-0.7773896186572152,-0.7695028080923253,0.7751316823677256,1.3410047279546449,0.6248253832568812,-1.167277535845113,1.2350971168136933,-0.8829789597597407,0.12331684211335443,1.032714045423082,-0.1387504876480254
2022-11-22,-0.31881017956289365,-0.4260899120743706,-0.9595617895351496,1.0076763640201982,1.2409295807204392,0.5128926861923958,-1.4465990579073404,1.2035458368743153,-0.3301296683618426,0.07151830722865528,0.10556227954864228,-0.41791828577408746
2022-11-23,-0.18915763412555744,-0.5736642217577201,-1.422658419893481,0.9986849142288161,1.1974400416835629,0.6040964343733104,-1.2197331266138705,1.0759408603403753,-0.43781122016548357,-0.1674097965551762,0.5138108767386306,-0.04885114009083979
2022-11-25,-0.10519702597198252,-0.4833770310032134,-1.9609299504656479,0.9380165613222998,1.070306684556623,0.6607057323351575,-1.1244498283151219,0.9493170882363923,-0.2662237762804712,-0.06994920553397047,0.6598879112699441,-0.03564470200271152
2022-11-28,0.21086036001351807,-0.3064810522172513,-0.9805087231831106,0.8993469989546405,0.852267093703111,0.6631285225172303,-0.938975378947143,1.0161476583271027,-0.24580472212418716,0.06964282180194627,0.2722817175074142,-0.23597979354236345
2022-11-29,0.3196444260823538,-0.3164939476784196,-0.9333463121804766,0.787639467286363,0.727679132977987,0.7487679373848696,-0.35629073179348864,0.8566318314228316,-0.2551568339699011,0.1724582814851003,-0.07842046735820861,-0.5270493467152304
2022-11-30,1.063697773012808,-0.20639719162433434,-0.7812663197590174,0.7328325379521493,0.3689863832016167,0.8030351856059754,-0.4614174340301261,0.690068848746644,-0.2920197266117611,0.07837167915333272,0.04982502526006147,-0.2156267072137635
2022-12-01,2.0410059322687872,0.0578525448670357,-0.6026825565922025,0.5813616413357972,0.49271340799359814,0.8526817759670321,-0.42440363929519426,0.7443464793454176,-0.22129320325263624,0.04816354254690388,0.6027382528298475,-0.25993227791376844
2022-12-02,2.4050495539025936,-0.03134272783120926,-0.7906795887351544,0.671778593151673,0.7550271939339837,0.8701495285082842,-2.0376402578304305,0.7257677596214702,-0.24082016435306133,-0.1530759831237379,0.6655791248739423,-0.7870529211551246
2022-12-05,1.246150113660617,0.2162725648588941,-0.48732403091373133,0.7073063959819845,0.8228235581972679,0.9141096400817879,-1.997209492920397,0.6789420337617912,-0.2686630042159033,0.003213607571245749,0.5598362045072927,-0.6641413735364231
2022-12-06,0.3258514175888974,0.1261226376109098,-0.24286415984031084,0.6289414684469601,0.5298292637767129,0.8205726439445706,-1.6854018060029525,0.6683101398832378,-0.2071310141479345,0.2254963436804488,0.6107752927379602,-0.3909312416406992
2022-12-07,0.47903786890948585,0.18622105154266955,-0.12168401202774756,0.7572724653590448,0.472423049177768,0.7796754301576307,-1.3817864348623252,0.40761265857112,-0.17221435943484,0.4196172380092986,0.4204248836555584,-0.3749044234353624
2022-12-08,0.6712279514176979,0.22906398546606163,0.043678599569085895,0.8114175272796932,0.4619344322125295,0.7768506283141307,-0.751428889061848,0.3849707341581037,-0.180536304333445,-0.20197970504546073,0.04506474954552843,-0.2918448145076238
2022-12-09,0.7567325245611327,0.06893815763466359,-0.3662537291498501,0.890615461072313,0.6072944687328926,-0.8469208071902915,0.3716616391964788,0.3608201121759495,-0.34355760920547795,-0.3131012381331006,0.6666612772111172,-0.2567145277699373
2022-12-12,0.581604633687895,0.061687114573533514,-0.7416935554073529,0.8458675525582544,0.5862821969332823,-0.5032772448663152,-0.8527934991928301,0.3606716145041389,-0.32991734441543646,-0.41796252666214156,-0.16411173856396838,-0.3501252664977001
2022-12-13,0.5118768823849171,0.15876369793110107,-0.5971730445471782,0.6110026723948254,0.5614696304145659,-0.15963446822706726,-0.5903624196511689,0.3292694052032054,-0.3941169129527477,-0.4192738200747741,-0.5594531812998101,-0.37772913137283126
2022-12-14,0.1317681755542576,0.2653676863783264,-0.5697535279822444,-1.6480208380081705,0.48741875290089165,0.06669306814807714,-0.8952569446800129,0.23518740160848223,-0.5707025091254078,-0.5091563215201439,-0.22534681097429654,-0.6760815427259941
2022-12-15,0.2929683079569337,0.5167115260849843,-0.7622467902503279,,0.43025891129771343,0.11570863554719893,-0.8071857153931415,0.161111246255935,-0.6720044124743227,-0.42524368693374337,-0.35603874961232856,-0.7229604335877627
2022-12-16,0.1908523728337792,0.8155589218446772,-0.5624119960501742,,0.24054379937757933,0.03835106650962372,-0.500560135481707,0.12173255182513783,-0.6691013519264515,-0.43871395886952763,-0.030376217127241565,-0.7109676378799018
2022-12-19,0.10340673155208599,0.7456332425980378,-0.6601436584666023,,0.23906917726498209,0.05075634219921971,-0.4840518163291132,0.09686100771161707,-0.5915226027040221,-0.46550757842037754,-0.055257102274708175,-0.4368221220869703
2022-12-20,-0.25062393071248157,0.8006018540244929,-0.4878706054325563,,0.18426966188064042,0.5664218606133498,-0.5718455375149808,0.071558026144582,-0.39450824784044736,-0.24518001087483063,0.23581913077488276,-0.34602283648446436
2022-12-21,-0.4625992085088326,0.7987359526093163,-0.43099163648685185,,0.23349788559169654,0.799271023069178,-0.43697919964073373,-0.03341110898033245,-0.6782424063727345,-0.15823013601211539,-0.046094916424482386,-0.7079155803743399
2022-12-22,-0.020186282867098188,0.7785095347733171,-0.41659464706672333,,0.2146766698914047,0.9750741933601278,-0.4214193271538296,-0.17822184968362825,-0.7265057847322323,-0.22248350744247955,0.1318238052989695,-0.6461170472020857
2022-12-23,0.36448531197458883,0.979248994355645,-0.47715179168541993,,0.09774031445643575,0.6261891184284221,-0.33407340065673435,-0.03354892664607164,-0.8658634186498824,-0.2209060378626411,-0.025971538178755017,-0.7073189054544092
2022-12-27,0.4749367526505419,1.0262579657199165,-0.5190859249390218,,0.16688986790547747,0.3985095363936248,-0.2881916574121882,-0.032118191979246945,-0.8076703797901463,-0.20264837121859558,0.0630885681730425,-0.7744207910273945
2022-12-28,0.48688869956124653,1.1499597866098379,-1.0699736414469438,,0.1370964884839317,0.6187493511802602,-0.17324796578441645,0.09322961679760189,-0.624697513537864,-0.14286200740131375,0.08927549935509736,-0.6174802041742827
2022-12-29,0.9244164279198044,1.3110850378224617,-0.9447419478384557,,0.023387364210403064,0.8692756432333236,-0.08057060954764302,-0.037659194533834504,-0.6076326128160114,-0.23032075770971416,0.0060151708693622005,-0.6793812545747955
2022-12-30,0.7595449392734851,1.2779024695941896,-1.0005188978237505,,0.0044075585929903155,0.9293415986364068,-0.008008203475334855,-0.29674201101277103,-0.6411222861245655,-0.32222559245417165,-0.19354598874708842,-0.601377334388617
2023-01-03,0.5097151849072187,1.1929414608879838,-0.9627153516689374,,0.02669573577594366,0.7836291918679977,0.06106046559164025,-0.2894241644247981,-0.4145307972195604,-0.3192637585772595,0.14497362354199048,-0.5066266337261748
2023-01-04,1.536783910372292,1.124589514330308,-1.1428164785703234,-4.900127298301417,-0.2878015585430433,0.6001640972881923,0.39845176039471797,0.05226629327279623,0.18408052486591772,0.4187684154335149,-0.761008942872714,-0.6580180796656987
2023-01-05,0.4379129859524951,0.015302844119912555,-0.8965710466729074,-4.7999770872427945,-0.32328674558505854,0.4728206994729798,0.6660740341482528,-0.42564167448340773,1.1197429306339113,0.5959147118063673,2.2459828554560466,0.8196776575657427
2023-01-06,0.16573649005697222,-0.22050217738371694,-0.9002274295820494,-6.344386574986153,-0.36155080786980304,0.3351478093849258,0.6294997579802822,-0.6783537711670242,1.3829641717482486,0.7266991867311816,2.4954982037483413,0.8868800133259223
2023-01-09,0.19074045709370244,-0.6545610866346137,-0.9939738162928161,,-0.3654825834096894,0.14276739159810922,0.6667001922132674,-0.22849979577174892,1.3560844249893118,0.6286206669989912,3.1106108306608466,1.5953108716146722
2023-01-10,0.06085932650779141,-0.645359634832113,-0.6673582348852184,-1.1048993147297244,-0.2664821520007128,0.3411065484276843,0.8183426588201994,-0.3938841610014691,1.152811685117996,0.6449264995351301,1.9049005367823486,1.3077767827156486
2023-01-11,0.06878223073972463,-0.5545753625640644,-0.6579351451371843,-0.6816242838291896,-0.21179031682573238,0.09336261981115945,0.8567907000138403,-0.43947873391331976,1.0133670846294989,0.43331387715815645,2.383370173696622,1.2286892566955785
2023-01-12,0.10149614160762174,-0.14161694988537402,-1.0202444716662278,-0.4393331110411603,-0.19010899797514763,-0.05566883661542317,0.6342630839551368,-0.6089982909532574,0.986952493594441,0.9150735599727843,1.8515248856627085,0.7871358672121198
2023-01-13,-0.03438460865222997,0.02041867181652707,-0.8038180598478819,-0.37876771823275995,-0.031674138041730235,-0.1646353651298031,1.0618492793082468,-1.0496626550075836,1.1602954938446561,0.7368037173099176,2.4411545027059547,0.2975898934039423
2023-01-17,0.10086781794233263,0.058252634435659936,-0.5224621971193255,-0.4743460050410543,0.01649545444617348,-0.24203682895242112,1.080195420419995,-1.258311769164257,0.965968984482717,0.8425967999966056,1.7347823241553177,0.34015610309559513
2023-01-18,0.24830527378826772,0.10204048548001554,0.09885768223925628,-0.5788492561562216,0.018607953338446982,-0.3459159665071781,1.154247018673109,-1.9246866224037942,0.5422394999665209,0.04516469778298652,1.4301383070048683,-0.7299728321975407
2023-01-19,0.5915815420478951,-0.034577398314919856,0.03323252501780894,-0.5767608245763755,0.14692526669069064,-0.37310805022841514,1.0540856510550813,-1.8059291500114443,0.20267585992965692,-1.0642334427034355,2.2980392853153733,-0.6382021978776448
2023-01-20,1.1163260190315332,-0.09205667503004979,-0.4538822570996748,-0.7977761867964179,-0.17481632491481197,0.0049994946520161825,1.2083727529070178,-1.3383055631500467,0.1341137690526434,-1.5267711504690153,1.5423239102915585,-0.937999128836468
2023-01-23,0.8397852784787524,0.1933983032652009,-0.06947349900252181,-1.2301459488532713,-0.2748751386446888,0.21088837408176137,1.3523122228859887,-0.4984734466366157,0.08357504589565239,-1.5822664768630121,1.7861185834465596,-1.439573762284035
2023-01-24,0.9109508351946,-0.5990233350402169,0.6703564376081288,-1.2132651733005233,0.7987900818963305,0.20692697983360306,1.3540182796725102,0.0014936516492510626,0.39775425617365223,-0.9460625978453036,2.0650508475655016,-1.1153662780793148
2023-01-25,1.199014639677158,-0.7050637333415584,0.594085017933564,-1.18806712867935,0.3931607516527514,0.03469895703728757,1.4197001124652109,-0.3954590215771055,0.0049492171662174666,-0.5832795651156979,1.7307251172486617,-1.3407874875009629
2023-01-26,1.8401309827883912,-0.8954692615474342,0.6415219867288964,-1.2960916929874289,0.5825058721170445,-0.29277103918797265,1.292925110005929,-0.561260789041206,0.03824622646442755,-0.7049552684226715,1.448578852692875,-1.858135465099121
2023-01-27,1.8831438492694856,-0.384576646788016,0.5350260724887667,-1.1706762745233599,0.054732176721891033,-0.2431588637671018,1.3902573306870785,-0.4191800875759834,-0.11586402875518016,-1.0446097984155367,1.295268736854668,-1.9871494868845305
2023-01-30,2.3624884871953498,-0.6110555856538029,0.9027847870881615,-1.6159007952330948,-0.08770725020869309,-0.05089803134378782,1.2774171950800821,-0.3762893893502123,-1.3405867104083884,-1.6702182745048573,1.2667661499629386,-1.3685393917392896
2023-01-31,2.574543214239008,-0.7543377658627167,0.09504945895802006,-1.5345026025006359,-0.637307449757816,-0.07545111859619998,0.48012745582344024,-0.4197316507791141,-1.1327880713323528,-2.0316784009208346,1.0977128348279714,-1.2227463373112417
2023-02-01,2.247012346958125,-0.44974737298594325,0.05758375630892564,-1.6791113694192528,-0.05064907360804106,-0.042476790783853365,0.38778170541853485,-0.41530801436841025,-0.9922263286754249,-1.7428286827184762,1.1389371124070273,-0.9835721240731206
2023-02-02,1.2352752743485114,-0.5306097302237789,0.7194022864606301,-1.1477106728381388,2.267991179268613,0.34618150429276834,-1.9212887430014018,-0.11093499676610376,-0.8904570450173309,-1.423787775866213,1.0356636630747738,-0.7554347281300977
2023-02-03,1.3329333149023361,0.27476042670658,0.30374265461805217,-0.9882166537499903,2.116377111427377,-0.07941468876580947,-0.5221522966591151,-0.06174082978211646,-0.617560984291172,-2.081458750696746,0.2425321120755548,-0.9542491023616224
2023-02-06,0.3762317733081885,-0.3813438089912207,-0.01000110362414266,-0.59156801669438,1.7788118392632881,-1.1787991823296904,0.04325413047035549,0.594116626626015,-0.28857583165350825,-1.7751451120059725,0.3428732810827155,-1.0781559935936182
2023-02-07,0.5942864939557368,-0.061043602671028825,0.3578060324145887,-0.9584786037284282,1.6630756422643136,-1.034172296872554,-0.09652376954211804,,-1.111474036323876,-1.7569121818487896,0.3368929488402123,-1.0472844778190626
2023-02-08,0.9359205497891907,0.5300301326115046,0.46309723194924485,-1.0710980240315775,1.0511966158487251,-1.1311057843853825,0.30127162893805953,,-1.1259474823965934,-1.103909288782214,0.22637433162399404,-0.986441381911486
2023-02-09,1.0039886049178348,0.8310067450374033,0.9145298575550723,-0.742416804413621,1.1600886721891708,-1.05284772167921,0.16336422397252814,,-1.0317048799440034,-0.0112621932088582,-0.32543735045793143,-0.9354146426457479
2023-02-10,0.9471390599484313,0.5626566543975325,1.1864055734395567,-0.742156309829718,0.8256654091315241,-1.003500960504756,-0.24115144115503423,,-0.8501176099323147,0.715125900369405,-0.45627052205818547,-0.6310860476194161
2023-02-13,0.7452802209727525,0.6647971724716684,0.2877818831159994,0.03384681749266576,0.38382906591487875,-1.1402407091769333,0.48998257919231974,,-0.9130938947782707,-0.34109547623815106,-0.4593590918471661,-0.7694461171115918
2023-02-14,0.7723986197427923,1.0640283579894882,-0.017844098840456533,-0.2253286057163903,0.019885047791667273,-1.2595993001487817,0.09159473202908758,,-0.8471923299759921,-0.7627753958174739,-0.827006570638803,-0.1804805676356734
2023-02-15,1.1456383314872136,0.9715179127897786,0.8211818826769368,-0.03567608789390106,0.9374926861599495,-1.1880201410182223,-0.13586703096265243,,-0.7643026209174683,-0.6212232209345381,-0.5542282439423182,0.07370989496220885
2023-02-16,1.0800463915188279,0.33396757218096695,0.31428801210722046,-0.06312523475634778,0.34469418445646915,-1.5807958021888853,-0.21183795369526062,,-0.7037248075363123,-0.053471642264279015,-0.5111538514177788,-0.4200264116148718
2023-02-17,0.13831656095625744,-0.008505871344314507,0.2046745649564414,0.7359450672954296,-0.7707256492553236,-1.9455969817760232,-0.23254289697255678,0.3857672794609643,-0.7296696971154663,-0.1239548204934838,-0.5922295642039049,-0.41723721652063034
2023-02-21,-1.689568952692013,-0.17378022050784311,0.048566482421228074,0.8515626192889353,-0.6790507006766742,-1.5130102887671617,-0.1673366408229095,0.4239073066640993,-0.670167546975536,-0.22489758807137386,-0.6035687037778129,-0.49343901620527064
2023-02-22,-0.9520967937847478,0.059834416111018994,0.23394957821588194,1.3212160514637572,-0.04687623439212766,-0.9462387689386622,-0.13150525409848338,0.3036503361769212,-0.35919678070713085,-0.21042995144970333,-0.6088001809678493,-0.47093729674351864
2023-02-23,-6.807629715399183,-0.07021985061272283,0.2939063882284822,,-0.032260758629171965,-1.0539535025078008,-0.13399247451118676,0.24429683663972926,0.873232068675256,-0.3147265878555432,-0.5393055255923875,-0.3856586029211083
2023-02-24,-0.2533455619839849,-0.32293259075014524,1.8657023957299772,,0.4516946053281585,,0.0734248978104551,0.1971977591756896,2.929862143722238,-0.4020584506404666,-0.6434669771563232,-0.3348002487277972
2023-02-27,-0.3241986440594803,-0.40549895270518793,1.7052641288589427,5.701247198361108,0.7950080862227916,,0.015546949924557579,0.16209542858917222,1.2965209963272206,-0.29526628981788955,-0.4210306872517647,-0.33845094493697087
2023-02-28,-0.4512409902214311,-0.4352676080189523,1.5678820097846977,1.66019916822622,0.747327355156947,,0.02994100286615365,0.17203738126209206,,-0.4276031090652659,-0.7119023464171126,-0.35625810618581155
2023-03-01,-0.356573801382368,-0.46415631737614926,1.4409248608989442,0.3022086290412578,0.7840572369015102,,-0.8330472880680339,0.11878045684883717,2.1507744876856716,-0.4881551217252519,-0.5993313376654481,-0.330300243277319
2023-03-02,-0.10273598746738141,-0.5950724474846566,1.230049884389306,-0.040127702415490456,0.9957953373173392,,-1.0381894881065146,0.13191970145157655,-0.14868697258001817,-0.45532051286616226,-0.3400265730976603,-0.17651371705502927
2023-03-03,0.04683501605774478,-0.2967116637863691,1.1679087937667838,-0.03626906271937847,1.1426415221633361,7.620359822676845,-2.3850947757114045,0.10193318907538579,-0.2678210856156583,-0.07965980154116314,-0.6746766061937318,-0.06380552278266376
2023-03-06,-0.19534421081293413,-0.537499256859367,0.8390493163268772,-0.1336545733454938,0.32535829978347097,1.3938355359612369,-1.1436844398249038,0.15958595183224308,-0.2165104440660581,-0.2759001584532125,-1.2136515047144505,-0.1891078851227541
2023-03-07,-0.9285191548309246,-0.4387045019655791,0.4533144170301949,-0.2809274060637823,-0.09316358425249104,0.8210334070883721,-0.2577071131523432,0.16846907565655014,-0.054009289886330046,-0.25525259836959135,-1.3860011893187283,-0.36942345522872494
2023-03-08,-0.6271211839102975,-0.30586342463258653,0.713356836342466,-0.18285293004723924,0.9254480377274389,0.3317324363471883,0.04407875516350471,0.11331540740814365,-0.04915234722714095,-0.14477400581616431,-1.201758133664537,-0.3392525301250007
2023-03-09,-0.6231415170051976,-0.7354045959040039,0.9486752716661428,0.2809238356448621,1.6251335803728408,0.5851218675989593,0.03122492640214856,0.11856606527575826,-0.19071887278139185,-0.07912864855510574,-1.2838016074677396,-0.09919938550783412
2023-03-10,-0.493466260950414,-0.22482493524002106,0.8187548685772545,0.28352912864597213,1.7595033090519105,0.8741511971295496,0.12072633362656597,0.14336443759664227,-0.2129221135241329,0.2899328675380798,-1.303785002390624,-0.14589612356155665
2023-03-13,-0.5411530520265463,0.015297998839070995,0.9930959976876185,0.42103798249807534,1.9722231668690378,1.3888387015701475,0.005391063546872663,0.21012212908542535,0.19342154740374004,,-1.177356075834133,-0.08791316646388775
2023-03-14,-0.7039160082187342,0.8082615696972049,0.7254439816231748,0.5177044712357707,1.4912597892971309,,0.09015661561843419,0.10694087505251036,0.0036791394940439916,2.474208456124116,-1.030692265999936,0.09143998342075355
2023-03-15,-0.16822324268795533,1.0225320907413713,0.7398074133242569,0.5634006546114254,2.0504549159341394,3.9341737667428234,0.278786704501244,0.16646089823606408,0.1899472676129949,,-0.6874371231875547,-0.08093380225543609
2023-03-16,-0.16018825437672024,1.6514542819610591,0.7380755583904747,0.5040395369389117,2.3211162529213447,2.1766868473026793,0.304739960994905,0.17777977620448257,0.36483683274288137,,-0.2536491810698676,-0.15878597362890307
2023-03-17,-0.08452601436905276,1.8402129038066772,0.6381887091474999,0.4424609546245615,2.190318180970254,0.6331704075279433,0.18146523301404943,0.3908723113333285,0.6801022306669199,,-0.6208380238385843,-0.2573306295658942
2023-03-20,-0.0795605524066776,1.9153363418041887,0.6685752021272753,0.482550454181645,1.8002099176632091,0.38228303150678616,0.004750692160525629,0.44113373358832936,0.5096653243112883,5.423300674500366,-0.7325335917191422,-0.3735534550038688
2023-03-21,-0.07727162044432466,1.3206347073459364,0.6818378300792364,0.49267474473195333,1.6464176878466554,0.3964759951325416,-0.00015806081686869377,0.764045326060131,0.3213944077562756,0.7672476968130921,-0.735128175466695,-0.004633087932534026
2023-03-22,-0.14643199489129582,1.2253254222237253,0.4270918931167743,0.2645154346949072,1.3765915345194442,0.5729723989181005,0.11733127102824344,0.6019119656036449,-0.046001907466247036,0.6063987655454107,-0.7351192962022098,-0.22509244726282385
2023-03-23,-0.09874268434340018,1.4131208450077537,0.740382529415095,0.2467662762050846,1.543584686580482,0.33358391609037585,0.026999556628888633,0.07851736813350707,-0.016091509988143297,0.3245325397433291,-0.6954802083100958,-0.28103567597538565
2023-03-24,-0.033521667901170886,1.4772870896947194,0.5608469113894605,0.16887214304460152,1.4397935829513635,0.33483915802057423,-0.2656564308659281,0.04021188983447435,0.17398544042298927,0.4511331448434788,-0.6648908184465587,-0.03978115160582725
2023-03-27,0.07005402363783757,1.7524583049741091,0.1190769653851654,0.056810158809851075,1.0895893934334815,0.48390922184680774,-0.11121541525274652,0.48832175417558293,0.28242127800010347,0.40843399401954955,-0.6522374400063498,-0.16798082962303756
2023-03-28,0.023974427519970285,1.5715301445942353,0.10064695215599238,-0.03737612139972291,1.0063888890840862,0.5859277392177195,0.12943686133147012,0.6228092214458618,0.314207680429297,0.18432130522045637,-0.6667661986345348,-0.2767156120847508
2023-03-29,0.005640883777887568,1.5566926387087072,0.07533407514375443,-0.09395772375920304,0.7283879671997837,0.6988741048420793,0.2923738571943407,0.6511117735389661,0.4654234788404191,0.1866768936097125,-0.6060988647866091,-0.09839384254515729
2023-03-30,0.11085337243991568,1.557253153258073,-0.48667413989634056,-0.28179151232340394,0.2664805590046561,0.5975548491544853,0.23940223355854864,0.94912372664,0.9401504498849468,0.25220598197886696,-0.7139264945642517,-0.03184250481173725
2023-03-31,0.05149369703530006,0.8616491651166709,-0.7353279376203825,-0.42194367569961616,0.18965304460844343,0.5370692476369096,-0.11307129397266454,0.8884958177045891,1.2162259418028631,0.1212196959306608,-0.24326964214549557,0.46829988273311707
2023-04-03,0.04971817524817472,0.7661707432081418,-1.1977058294158363,-0.5873168358105779,-0.3857314980959749,0.37624277603964285,-0.16990990448660379,1.1985828759467068,1.3624705614446644,0.4207936396979863,-0.12882339631821857,0.4498990131988237
2023-04-04,0.23217667036036188,0.6959786624758663,-1.1645931695623652,-1.0278665873393473,-0.7335631464711954,0.2064455373638053,-0.6385674848492093,1.4493340924031168,1.5234622674438514,0.6887362478741469,0.2109766543826917,0.2913051226857441
2023-04-05,0.33067914244661,0.8281099986824663,-1.3617022013444386,-0.9370344392971917,-0.586868865027967,0.6090174194013609,-0.3934304123569905,1.226869018329605,1.6240163972157615,0.8133672215052055,0.8602352753655547,-0.40119141762000177
2023-04-06,0.2874117773027948,0.8589512889602637,-1.430816300678825,-0.8504506850146792,-0.8725789497855123,0.6680608282068226,-0.4504614935219664,1.5182088807696383,1.5405456859417357,1.1891825809564724,0.02526035974939281,-0.8525613467833901
2023-04-10,0.2786744107273853,0.5843680625928735,-1.8176994253493948,-1.0330143360508424,-1.1123958387826718,0.49345640663338736,-1.1998761386925525,0.9869739937558469,1.472954184187096,1.5782405300497213,0.08617490019525852,-0.7140078721056513
2023-04-11,-0.47191568548228263,0.7148153480198923,-1.3692727216461817,-0.9402465875845363,-0.4318730454797821,0.33984533693687535,-1.271338616537534,1.0444621095861701,1.552026065406629,0.8886702653641123,0.014221989541975608,-0.1602019516000938
2023-04-12,-0.5068303695025109,0.645382303159402,-1.34803053029798,-0.8960093034248818,-0.423353525356828,0.330418673446479,-1.4621868493010486,0.6351961473763302,1.3867734480880411,1.1750549015758849,0.015801546407724642,0.636855625615509
2023-04-13,-0.5575032733479242,0.725407568206541,-1.5251914796163815,-0.9279201008941091,-0.5982193868015722,0.3912998423423149,-1.2775767131808309,0.24318493437832311,1.0106794283888751,1.2009993812536863,0.031780694909276895,0.14434650958668147
2023-04-14,0.3684181857178428,0.7002508477416899,-1.9291657566038325,-1.0777267119630023,-1.242404085942291,0.4473708876399981,-1.3985046001473507,0.36554679496730946,0.8994954142559165,1.24440710938377,0.1321770490582252,-0.12632865615510636
2023-04-17,0.40952226071230086,0.5907015276728862,-1.8143830748089502,-1.0095381809139194,-1.2419492116763236,0.7404419301998303,-1.1504032883338502,0.24514191248022635,0.8510796922419626,1.2785723947769685,0.31713645985910105,0.243617879075105
2023-04-18,0.17793840125159344,0.636362576952596,-1.6359765986342962,-0.6708106280741649,-1.6456645531650067,0.6966204190089691,-0.965871747634353,-0.1052717671748448,0.8009018071553345,1.2438258462075655,0.35147190603489076,0.5401428609501071
2023-04-19,0.40777333805088584,0.5083373707584687,-1.2256159152211947,-0.5122366942469394,-1.268191869582285,0.6473024721299382,-0.8996894235009202,-0.13919517006553347,0.9311562553403402,1.5362151591636597,0.08276758634338391,0.6832694730371974
2023-04-20,0.8709894540219608,0.5846673625437049,-1.0219270376254679,-0.3352236521288135,-1.2666021522313884,0.8518389242165678,-0.8657646570125763,-1.7183995295127628,0.7713640084177389,1.5064286830736708,-0.05985643949309576,-0.4800996989134144
2023-04-21,0.8207671617123857,0.570692981572988,-1.247133617178163,-0.21764066634396928,-1.0833557533589324,1.0067802664926397,-0.9222611671470556,-1.7522303171451372,0.713694069158558,1.3159723956355567,-0.1840963961732006,-0.1375272085510755
2023-04-24,0.3170065981341301,0.5535305867389546,-1.1661853801490725,-0.10804949623167194,-1.2961092110641805,1.0416224497154336,-0.5366229129146638,-1.6355842495415747,0.615554425765541,1.4127729786683676,-0.28300518671414715,0.29794570200252624
2023-04-25,0.6376273224950963,0.2682771255026394,-1.036923757046097,0.14851257375781962,-1.3078885023613511,1.259383560598063,-1.0455156959248446,-1.3796975582719195,-0.014821180634378654,1.380876813502941,-0.20880999436438694,0.1733071626724926
2023-04-26,1.213594368074538,0.3298892454217388,-1.0319686543062938,0.07996853540537976,-1.431980262118116,1.4449205790811055,-1.0343012818561637,-1.180562164721175,0.041571708997261654,1.1436991379983912,-0.46239268952898666,-1.2703906168069845
2023-04-27,0.2215887872701228,1.1980730039362781,-1.06230072882677,-0.7762731124797051,-1.2610494500049187,0.7033601520484257,-1.2304733703028732,-1.4122713160645768,-0.024514177601135563,0.918632565654508,-0.7085467775365364,-3.0876158671621097
2023-04-28,1.028386198892208,1.0874506867613545,-1.1173841060149068,-1.1461662398617387,-0.1286875836979842,0.7480726962341467,-1.1447856613597265,-1.3940542396569857,0.024754048284423957,1.0843168426504202,-1.326562759854701,-2.593281225176803
2023-05-01,0.7421881245296269,0.9077112104261075,-1.1226247585389473,-0.9089325583865355,-0.21539641313674404,0.8674583239610933,-1.08907737049612,-1.246034609062608,0.19833264040671533,0.6433913743171201,-0.2155059794245952,-2.1535841754815994
2023-05-02,0.498220124901913,1.0050404406166769,-0.8729678896638755,-0.4245531251159277,-0.24789639319789045,0.552324457171989,-1.1631241397969887,-1.2193445116012378,0.21493986307151366,0.7185883488125561,-0.3613791980155532,-1.8219238430043598
2023-05-03,0.5401413427495368,0.8651156020383088,-0.8958456995002707,-1.218684871735279,-0.41620940032634335,0.5543579573017829,-1.3147319336022516,-1.449988399258593,-0.13371357499031525,0.7277947701291626,-0.22190119503427283,-1.481659139116085
2023-05-04,0.5568550757982776,0.46784701641030113,-0.8896560433800407,-1.0314946203658986,,-0.7783719294141614,-1.2800294706117317,-1.4891893542996018,-0.0085131695974466,0.5922969862572219,-0.5491765647886286,-1.4054280014083789
2023-05-05,-0.1202533140106693,-0.11614651297947161,-0.8040570764170825,-1.0028988895868065,-0.7661132910121546,-1.0745205554260264,-1.177202631388169,-1.6329188962319987,-0.08878138217159401,0.5788221338928399,0.29161461267420646,-1.2282661171463278
2023-05-08,2.108355292049636,0.5748959740726676,-0.7610235317224829,-0.6943280591074974,-0.7582446749073493,-0.9410906031005507,-1.0327083947714066,-1.6127096777548662,-0.06688362633599224,0.6397842629863236,0.3995378370561281,-1.2545463266669312
2023-05-09,1.9059592605648614,0.603416741758253,-0.7261811382989637,-0.7404530672043537,-0.3125454621997679,-1.0293215296686093,-1.0522574336895416,-1.3143254564447089,-0.10349583658197993,0.6106187333992331,0.3766855139290472,-0.8037069491299172
2023-05-10,1.4979474321463595,0.6137094138688027,-0.840079150542606,-0.9790629729133816,-0.20601028569986846,-0.8529293125176536,-0.5854108424588217,-1.2092235194155383,-0.18520743454297028,0.6665759932928031,2.015965016585506,-0.8569487693389249
2023-05-11,1.2695255637766063,0.5481341822561043,-0.6342641039812317,-0.9191984067030223,-0.08216338601009927,-0.9634981113578716,-0.5351949243311955,-1.2573108705467035,-0.3477359180984074,0.6599245871867727,1.222583972446726,-0.5722567240907568
2023-05-12,1.6557764885061512,0.42086944312608116,-0.6708829860815931,-0.7110396837271094,-0.06175555773360772,-0.8989545888987522,-0.6018911788383825,-1.0538127575802372,-0.6253753398040186,0.5325392405689824,3.5767276653522306,0.5074253700681101
2023-05-15,0.9281164242615305,0.38608968965270324,-0.649652325272438,-0.4923965867099597,-0.4129691403785665,-1.013743253860055,-0.7683166622300661,-0.1535153845960517,-0.6051166338233567,0.5529707939907804,1.691493054300015,-0.2723527522353268
2023-05-16,-0.307116018170764,0.2744736741999418,-0.6733355297967389,-0.2762813382798927,-0.29537512766529805,-0.7512471040569426,-0.8318952799648702,-0.19432119424688932,-0.4405648411956854,0.38113057566348885,-0.09818524246966209,-0.5865658488272224
2023-05-17,-0.4993460804415211,0.3372349343814834,-0.5994502678026494,-0.24666267910406434,0.23837192820692643,-0.7517749698889771,-0.7610583003165461,-0.15120073967119127,-0.8607498680694243,0.4933633815130827,0.4606465965681823,-0.5182499069850317
2023-05-18,-1.4490989950863784,0.17014416788628037,-0.5281438159151273,0.10474891525428327,0.2472047976942377,-0.3950986804560585,-0.5382861255137124,-0.1476015983512272,-1.323873812552785,0.5501614056999569,0.10828865283353545,-0.5689368194516262
2023-05-19,-2.032293926239471,-0.08355110983437823,0.038240379528226176,0.46226469222474204,0.38516323361745847,-0.761273107237271,-0.6520025654789845,-0.16914096312398594,-1.3122406655303342,0.6643574652711145,-0.09514180121748171,-0.5527604728931131
2023-05-22,-1.9157392861813909,-0.14254963071908952,-0.2486084021371703,0.6468858481926488,0.15695698241124129,-0.4626599726590612,-0.8839753940888219,0.014660020263164087,-1.2118961226653449,0.7229149932198746,-0.28960985470609873,-0.48269377722223034
2023-05-23,-2.348619660463268,-0.006793411732842177,-0.34988329140713764,0.448805745980182,0.34675540541007394,-0.4506368552136449,-0.9167899256669947,-0.04701583119504408,-1.1812815871337508,0.5668726545893005,-0.01977708282369403,-0.34248239786099793
2023-05-24,-2.284209428821107,-0.12611895685078273,-0.26656551458524974,1.2164244833362627,0.5731824726105903,-0.04283979438251247,-0.9095361497048828,0.11415308099619381,-1.4190491789492479,0.19983063768656123,-0.31713383314269494,-0.1433794403911916
2023-05-25,-1.7633078128475888,-0.07748474219270841,-0.1847859122312903,1.1379409798253342,0.6876921853072262,-0.12381301136466105,-0.49687654457487257,0.06483976036692468,-1.472566500626594,0.15350229073565422,-0.5922819057963772,-0.2049213313044821
2023-05-26,-3.0542405658046894,-0.27211726937895875,2.0198144199328043,1.2902765240699534,1.0377127781197737,0.45898287280838596,-1.516827987119302,-0.07934811150447021,-1.5970836381413032,0.6229813955667054,-0.3403650135866706,-0.38720323976109716
2023-05-30,-1.228125459335705,-0.7321590002593236,1.4385388195933646,,0.8549708611238105,0.8417332477683745,-1.2149006585397248,0.018065123935500475,-1.8457202936325783,0.4150739519064915,-0.3325257788429357,-0.1015654439931386
2023-05-31,-1.234029626666719,-1.223818006533072,1.4671289912133794,,0.724321923971943,0.7751814098375551,-0.7682602670320298,0.11379841672307187,-1.7314959485379828,0.5124029532339958,0.30095261257780104,-0.22846326787928323
2023-06-01,-1.367462368789214,-1.2821321180707903,0.918271604150438,,0.43618267251674375,0.9381127541516322,-0.18929049706404819,0.021533403758143232,-0.9184458959202666,0.5920403352723865,0.11025701521666369,-0.2747373116923752
2023-06-02,-1.3126090014213632,-1.4622233931072415,1.3831302472690652,1.055015084093024,0.4349291539277035,0.9420086607838006,-1.4648558110900602,-0.014175912730816923,-1.2416364617186626,0.4499045908436807,0.4161720840816497,-0.028734967449055234
2023-06-05,-1.2291563946190434,-1.3804913479927574,0.9720472638470598,-0.6362409276065111,0.1802950271735899,0.9238559533320488,-1.2124030079543342,0.0742977787826618,-1.1017622533935136,0.2677372074887773,0.2678661374908142,-0.15208983856791858
2023-06-06,-1.1466500203149943,-1.1204619224218801,1.1312539366136873,0.1908668479126217,0.3508980229860952,0.8803995639997464,-0.5971509187842781,0.2728705900821037,-1.3314447122325315,0.4646640789588965,0.03617190936015485,-0.4704150265014849
2023-06-07,-1.0608156958371344,-1.3414173216226846,0.8508992426148706,0.7545961536842087,0.845735561332096,0.948594241362761,-0.9422921577472497,0.11063155970067524,-1.0086095402998294,0.451205978117528,0.6292919575028495,-0.4337450905592859
2023-06-08,-0.9713980295181261,-1.83673920408204,0.8596824433839135,-0.02891260984394552,0.6500485641064208,0.8225374127499498,-0.9507557787016154,0.3310045196219016,-0.6073262184303858,0.22010374982073447,0.7537366993014871,0.0925130926175852
2023-06-09,-0.8547318141934899,-1.595032215745004,0.921792573265314,-0.635829189803267,0.8312868774670753,1.0175285226876405,-1.0570394159272924,0.20790512083382942,-0.4351575722540643,0.7731963408067187,0.7033043898538521,-0.05070904826190705
2023-06-12,-0.8892987826414529,-1.3533236709300995,0.8165330739474757,-0.31366908616123707,1.223152813209088,-0.3265811966459952,-0.9077211014414592,0.26107316436697964,-0.5933130763462867,1.3620856187411499,1.033775355713667,-0.3199698414858916
2023-06-13,-0.9030323180977016,-0.9907020409901314,0.3093102337839657,,1.2591779097358815,-8.383485481562943,-0.9393135824757942,0.4213091363583759,-0.06496598811282905,2.020553473242704,1.087118185206963,-0.22292704197724453
2023-06-14,-0.7075625890631214,-1.1075982078947486,0.7876234548733027,-2.4997507647515635,0.5526466505784625,-6.242979368094688,-0.3378973258708983,0.6775005143422871,0.19396563365837224,1.5501888257923728,1.2519800531397565,0.34532556568231154
2023-06-15,-0.5916542770162375,-1.0463485397534162,1.1971264247322757,,0.5855321722070901,-0.19910507813128092,-0.30108873238538636,0.5986430595140269,0.6808851926728807,-0.3438777713909959,1.2053942029823679,0.07785108697863077
2023-06-16,-0.5880854199538609,-1.0293617544208453,0.5988948878680568,-2.6912806504613527,-0.011984139481039125,-1.010533076015509,-0.3916303097233905,0.7007639215347875,0.600919890248712,,1.0721862601777394,0.00750953718378926
2023-06-20,-0.5212784977993228,-0.9875241969229336,0.9552466042349663,-1.0503201822324322,-0.3199313379118172,,-0.3256457229117357,0.8114985516214419,0.8525885793593524,-2.3983231781981713,1.1326106103086508,0.14341834158859595
2023-06-21,-0.5303937272949254,-0.778923393164485,1.66334540529546,-2.109386920191366,-0.20639202185305686,-3.3300408672288198,-0.6440529317551102,0.9486838424166114,0.41831656939854067,0.940324550135404,1.0141257596417388,0.03150660861367303
2023-06-22,-0.487383117947109,-0.8376511609538477,1.7938298250942089,-1.1977660702417714,-0.6753240806496897,-4.289351765446416,-0.8186302431866155,0.9282450873404569,-0.3445797112148149,-0.9046552008139597,0.7867863752857573,-0.18150566065093834
2023-06-23,-0.29091077102631235,-0.7605700905483368,1.4591987743877006,-0.32141437971666087,-0.9716851718737277,-0.6038411872721862,-0.8495636190369442,0.9861925495702163,-0.4983343261597501,0.6436428919299997,0.7272546567396074,0.1144527934215569
2023-06-26,-0.12920060170799885,-0.8007867078392907,1.3632607299975243,-0.185449927748578,-0.762389020348419,,-0.9147052081395904,0.8724110372109427,-0.07851810302073471,0.7171452467702025,0.6132016103618959,-0.38257828020057444
2023-06-27,-0.2228059730569271,-0.7736488873876428,0.8941639549375884,-0.25582926233987374,-0.8413580832341891,,-0.8153947414184257,0.9769019264782113,0.20448022877820704,0.683039435982039,1.311117585290799,0.16192480717919733
2023-06-28,-0.18907215833121607,-0.6812261143962309,0.6023111232152888,-0.29213816897969214,-0.9045463897228967,-2.693987713274776,-0.7983361632268037,1.223690683137595,0.3709910927318856,0.44667137520315875,1.249695066896514,1.2306139100124363
2023-06-29,0.04580869688032241,-0.7155351259008985,0.21908827053006855,-0.2424395071034831,-0.9058345664353075,-0.7202936240227813,-0.671644682720009,1.3290353098465864,0.16108043827546534,0.20110232565049596,0.9114257022005778,1.0121315860069025
2023-06-30,0.051580207589730837,-0.4986860615979718,-0.0431449090786883,-0.3822059705078853,-0.7799210701531627,-0.6935890895865059,-0.7204355476955824,1.4779720312594213,-0.13022967616676234,0.3314406800134809,0.8647127829578315,1.2435547194395482
2023-07-03,0.3954666418750704,-0.36996365122701746,-0.05538454245348028,-0.1709247203473718,-0.8233318204024356,-0.19465179059912027,-0.7204467047364913,1.7007699031107244,0.01327498789702792,0.26769908365597705,0.9446435335072211,1.30595911345976
2023-07-05,0.15521244913974533,0.09856408672816565,0.02110802475142281,-0.21526133209588774,-0.5792320062538221,-0.20226903112151848,-0.5943904046896256,1.5898809110234544,0.18254985775144256,-0.00808930344019632,1.0032993165020287,1.364366730130809
2023-07-06,-0.079140036762216,-0.18023599364625678,0.21489919640228808,-0.17093709881462113,-0.5294507187565166,-0.5015219005403992,-0.5233895126411814,1.6218627264342809,-0.321282198842841,-0.2711781647536152,0.9636099815955731,1.2184633321017773
2023-07-07,0.030044022470301107,-0.3983366195211604,0.1809950393387671,-0.17372591757429248,-0.49181182487440933,-0.3021122737263989,-0.5873989538343435,1.3716302478210851,-0.5363800324623307,-0.2956665509619712,0.8831480227703631,1.2205367295326357
2023-07-10,-0.095714672613976,-0.24812615584313316,0.4429167395185773,-0.16867873737878544,-0.4172096432999017,-0.5123560754220908,-0.5469431782329864,1.2849994127300366,-0.4907132646036696,-0.3805128841293142,0.9108491713184703,1.1838226194665415
2023-07-11,-0.3057605439628411,0.1889143477397371,0.07622879994651795,-0.09119674714878973,-0.5092294509278705,-1.1191292090799454,-0.4535166506181157,1.4854536746055158,0.06511667996334623,-0.44754486617451367,0.8645448266327077,1.8534369154266934
2023-07-12,-0.40352560006324234,0.15486171559747933,0.061223602881842774,-0.06880879902348738,-0.7524047970338751,-2.119952771914441,0.0998919273186472,1.433122530392546,0.4408710606751903,-0.3860324788694411,0.8309745981410593,1.846934352309569
2023-07-13,-0.3895346155640181,0.11907994998563143,0.17545502866069132,-0.07528632665329676,-0.7302268235513081,-0.9668214282675062,0.5152293106229875,0.9607185497875059,0.7512510721638946,-0.4592676398579564,0.7541100677324125,1.9736426400820053
2023-07-14,-0.4555712936226084,0.007515607482691091,0.45384719630540366,-0.1415390418435492,-0.8841892111251235,-0.9241627385736229,0.6266329629078056,1.1629446429519579,0.482369962310198,-0.43440004860023373,0.5160152477816649,1.8808498485812144
2023-07-17,-0.391033242377043,-0.14542320589337623,0.2676079494551293,-0.1490265771627509,-0.8084948602028804,-0.7192776198254035,0.5748023163251286,0.22572337591296854,0.054822694092605095,-0.14488924420954957,0.5267370483704306,1.4960119883449534
2023-07-18,-0.1620347177531913,0.06935520820031602,0.038147652361428266,-0.11866016173152824,-0.7720383400390184,-0.4844752705537211,0.2525526169146231,0.10534669778741636,0.6779459736391175,-0.5549311827005841,0.6392017966564102,1.5613039796593318
2023-07-19,-0.4361416742369772,-0.17568482476567643,-0.07227982556540766,-0.3043278698559735,-1.04696692388543,-0.5502764577757744,0.08197273036984401,0.18475818319394827,0.5633357587293218,-0.4411586873835204,0.6567366321301022,1.5315666619271713
2023-07-20,-0.17569446814647105,-0.3124129664997797,-0.18051559557518504,-0.2948900949624912,-1.0931277569225961,-0.345566896272838,0.7277299529323111,0.4746129251115283,0.5716198392501393,-0.7131023102406548,0.610996176832509,1.551696268834227
2023-07-21,-0.024743406332225618,-0.27282761074521256,0.01246990747892643,-0.2055565564155435,-1.219167792235007,-0.40707820531694733,0.3966709311562461,0.32252327047249557,0.23160641909019425,-0.81399799393572,0.5697449109908578,1.2185539152389897
2023-07-24,-0.2692937286844769,0.2976552015841859,-0.5338466344056135,-0.20084749623641324,-1.1335138879064324,-1.0260509152581543,0.3516576161650274,0.17709040457498013,0.6475620176862422,-0.6119912061463595,-0.26220529099514506,-0.6224959215991114
2023-07-25,-0.1284014710169974,0.1907491666446447,-0.5806782313123976,-0.21230812165403,-1.2513584423843518,-1.0856608353995367,0.08598381121870628,0.10183053815974955,0.3706993047993213,-0.5664678733253711,-0.2006169204370496,-0.09664197172780303
2023-07-26,-0.2706944882460662,0.2448870037373742,-0.6826986550534042,-0.2111949735572252,-1.1942575561568156,-0.6579332526122055,-0.04191956560789572,-0.4062298248885888,0.5442205443458649,-0.9302804174131654,-0.06371166898308643,-0.32641597616123375
2023-07-27,0.23869985826549595,0.27112448054276006,-0.09457730141575962,-0.30841064281543334,-1.144960715436503,-0.6511819885516579,0.09832562629834235,-0.309587212214788,0.8766384637612117,-1.064093825031869,-0.4854753341258274,0.4764244838054388
2023-07-28,0.02906438586605921,0.3809497036396584,0.16172112927634508,-0.3742876071784989,-0.9143955678888906,-0.6581770871100459,0.05394449561166444,0.19424504012314048,1.0056445729472785,-0.8321172869186637,-2.8703379150348645,0.6665849136100852
2023-07-31,0.23862963966253195,-0.1954542224966443,-0.17414811340846198,-0.6155952970267162,-1.5145628804567042,-0.8666147621542802,-0.08584148245820275,0.25126001251876773,2.047546288262838,-1.1293661990797814,,0.5268399571659301
2023-08-01,0.26079189408091563,-0.4747071070886254,-0.35386598084521237,-0.7613638064962375,-0.9492295403830321,-0.7037194131773781,-0.17432422045939353,0.21244918339026797,1.5976679193595011,-0.9570556654254344,,0.6301863093104878
2023-08-02,0.13149990610452963,-0.20682061277208952,-0.5924088689093641,-0.40034733541818057,-0.7484188695963729,-0.6472929713084385,-0.2755954271094775,0.52476660154778,1.428085229410085,-0.8381193686160799,,0.4758234192199096
2023-08-03,0.10786392758846255,-0.18942011295377464,-0.4093552775534586,-0.3495274131932058,-0.5138408541805165,-0.39462433648286227,-0.3390079730095031,0.7364856367723187,1.0264109431448714,-0.7038172224970104,,0.33470504296759546
2023-08-04,-0.26102822732347847,-0.3280409163444903,-0.15324159035762858,-0.48729170087300305,-0.1899843679432099,-0.39926979783447636,-0.7848146290679283,0.8451630890124271,1.3015830928101115,-0.8451719323326533,0.05929010871052748,0.3762599547217061
2023-08-07,-2.2492862687495987,-0.06141833190019391,0.5676676515622672,-0.1803283323319596,0.3327778499973612,-0.06503204703649403,-0.7104944776065686,0.8219536761201705,1.5205660990534475,-0.5342077767171692,0.15078667696775486,0.27960402804439166
2023-08-08,-2.2098636636710625,0.0802668551786253,0.7104284279363606,0.07518018091267706,0.4015023090490342,0.047460583465342834,-0.5611554591638676,1.0197459571445593,1.3778554999791508,-0.29931026783277714,0.25083905952664204,0.31820644561647193
2023-08-09,-2.1280276313993634,-0.014814428907156871,0.6537376346874683,-0.11468346817970096,0.15704619369234035,0.17978084409601708,-0.9569727596171466,0.9811519640562747,1.3149257902892866,-0.2849746412995674,0.23876629177902434,0.22566565016679693
2023-08-10,-1.7259764963371913,0.12409821245996554,0.12098067942416321,-0.7141728180666407,0.21155421193098448,0.1274725054552506,-1.3404860414226314,0.9659061202764189,1.1283747127318249,-0.4915630959216941,0.21893751102803313,0.6814208027251095
2023-08-11,-1.6065909443206907,0.2550625845009041,-0.07420088287684157,-1.1271126403659393,0.38013943260895744,0.24244557452722645,-1.073174759903893,1.1014405862476266,1.185093633987195,-0.4781891492890517,0.20925027037008165,0.7358335820296026
2023-08-14,-1.3717035623157656,0.38411377111859246,-0.6693692742786581,-1.36550140676071,0.2925637632017841,0.05220918703590691,-0.89976220870039,0.9190869667533931,1.2598757379226473,-0.26983405473410843,0.22446385897214263,0.7419153293424257
2023-08-15,-1.2309646466291984,0.0972603396090091,0.09801082418887376,-1.3010183986405925,0.4803023086699163,0.2541910113367908,-0.6901812920908647,0.969808672088714,1.2769025777175564,-0.10520069156767158,-0.02550455151710264,0.8707035411439193
2023-08-16,-1.130998781384262,0.32191370143423476,0.7743336890952667,-1.39150137395304,0.5534376581635517,0.21260927502361215,-0.9326579726698015,0.6530732881821913,1.001897508322093,0.44079325446351975,-0.178814729479777,0.8074855112635536
2023-08-17,-1.0120457230188118,0.7000669216670249,1.0379831702281548,-1.5410322308793425,0.43562462493400195,0.3332226188367363,-0.9696928128066683,0.6178047417890576,0.5518630456850658,0.19302743603397243,-0.24321402198387315,0.7266249725593786
2023-08-18,-0.7553944308650258,0.740336814271923,1.4904149628218841,-1.3170026835861843,0.4640028104583601,0.45656776990648107,-1.1938753279437855,0.08585210131741061,0.16826657533672218,0.1721103810947065,-0.06879112605423363,0.8620328828840996
2023-08-21,-0.8164912890886623,0.7128757628230886,1.233058269821134,-1.6971513104875693,0.6365135251675882,0.10903665612750049,-1.0796180399944728,-0.06320015735389012,0.18796253274122138,0.3941421273618656,-0.0946806087167351,0.8569204951316648
2023-08-22,-0.139819388320685,0.5714598899955287,2.447511832188467,-0.9795579883311478,0.754596248325235,-0.17380263176079994,-0.7089523449552636,0.29870398107301993,-0.13291127994265112,0.10722464123840589,-0.45795671916952974,0.7240992857199092
2023-08-23,-0.7858855239653445,0.7896027313074284,1.454615678392071,-1.1281451522671817,0.4328619393600986,-0.3313483183111181,-0.9646970638344284,0.345719048091661,-0.31230898148165287,-0.07499673273227672,-0.6530887848673684,0.6295302771501275
2023-08-24,-0.7121831446639065,0.47832089772828223,1.4794613449034366,-1.2584535376247443,0.5422246076008881,-0.6356750839661792,-0.961153539216633,0.23176774186369087,-0.17114225913102485,-0.1781952621565434,-0.6514026505710617,0.5433510680735418
2023-08-25,-0.5313578949238614,0.8184315707610632,2.061889145682298,-1.0771158479816594,-0.005327019775633239,-1.0147426953001606,-1.0343237507153662,0.5322495353642629,-0.3543000962461393,-0.5584462985806449,-0.7138877576548542,0.5583407436471867
2023-08-28,-0.45896511358661973,0.793338310017662,1.2607816445328255,-1.5267553441359498,-0.18717140665377005,-0.6813378628269745,-0.5002522169676396,0.5666435214580339,-0.32184845347472957,-0.2720906140858649,-0.5275161551470683,0.603309461526937
2023-08-29,-0.44047889383219213,0.4726388029686134,1.1755907760192363,-1.357392954009336,-0.321202950536917,-0.8863118315484784,-0.2877345610749892,0.4775313964021404,-0.3766829198358239,-0.3854705167144523,-0.4636296638841479,0.5283004722556399
2023-08-30,-0.4200067226155651,0.09659155252711765,1.3272850946472619,-1.1730982175805447,-0.31111461200289453,-1.361394236969946,-0.7829826363336497,0.4112088695433241,-0.8646024756746061,-0.10270777173858872,-0.5500617271240145,0.2788908948693069
2023-08-31,-0.2186399899579998,-0.320050866183918,1.1140623249915764,-1.3307341406692466,-0.37571561271802517,-1.6656871874164823,-0.4197379787630412,0.505728836436315,-0.9425195488635845,-0.23652933278433355,-0.7115003827918835,-0.23976311249888396
2023-09-01,-0.2355572865477216,-0.7887351489445746,0.8803781962304745,-0.5364995969616742,-0.5860125414682491,-1.020996935173292,0.3796354196802217,0.3047653551582047,-0.6310073964264681,-0.5839855275302425,-0.5252739628679665,-0.5185919454875728
2023-09-05,-0.01771765021923389,-0.7268921437250294,0.23209195970056493,-1.764998193695804,0.06619296700537491,-0.9405206773940679,0.34743825791764354,0.3304132313137494,0.357148361634902,-0.48849319162023225,-0.4120817967051542,-0.29701453547303486
2023-09-06,-0.06791113053805865,0.07627099980850292,0.022288672218532535,-1.5431326361981426,0.3538805184924515,-1.0788523320548162,-0.09878299115961822,0.5205141176077376,0.2123571220633205,0.04837552898112226,-0.17446893933590038,-0.4863091585904408
2023-09-07,-0.5835677965395426,0.6974146804711863,-0.497528174570235,-1.4983488883333116,0.6610752352909219,-0.748870379637573,0.5496468022044347,0.4865061971655755,0.8586413559860352,0.6642767803629651,-0.2723516969251224,-0.36191546725705476
2023-09-08,-0.4474115710615888,1.1145769269758512,-0.30474576975630474,-1.3336029465716128,0.722077170832538,-0.09059037951390672,0.8627444242266447,0.44143815219757565,1.862798057950268,1.0830031261267061,-1.302645295164476,-0.3955930125062588
2023-09-11,-0.5228964175650592,1.6505309179613956,-0.7528038942168833,-1.48655534679512,0.6607182687850229,-0.4622134466447447,1.0427911207316582,0.38941683828667567,1.7630585606551363,1.755095982963623,-1.3716395565947717,-0.5263765493130641
2023-09-12,-0.5175400609467774,1.9758957357216371,-1.2481487993601914,-1.3244434344124212,0.16410709809310217,-0.5020988221575823,0.9399201631916144,0.3337982178099094,1.7329129360080917,2.1293101868210056,-0.805925403551709,-0.46628461474309957
2023-09-13,-0.4814800356691028,1.801324698695096,-0.6639805518770118,-1.1782449188728668,1.0118669442910997,-1.5257305082801287,0.8089826913208455,0.2802145158284434,1.945520736630924,-2.4780996791509082,-0.122372160181656,-0.1489935436205733
2023-09-14,-0.006982884844834119,1.8246895623812003,-0.32553072000950856,-1.0863626962362931,1.462116954693859,-0.7583676492729345,0.4289553050204348,0.17695949401396574,1.464239645956144,-1.8745224203455453,0.08238122301512298,-0.03543468687117355
2023-09-15,-0.1249688356682495,1.7116190744779862,-0.594635090896432,-0.7619474482134866,0.8192371149199734,-1.3767842968992765,0.08378195508343739,0.10286037719895576,1.1198254385605089,-1.6807757877859144,0.16368930578275342,0.0687405661125729
2023-09-18,-0.3239923094067436,1.6955836013097243,-0.7358554556038487,-0.7020911204520486,0.39921976443123214,-2.1593844556824737,0.005971869320121991,0.07533909106761726,1.0943003416293942,-0.7789743142111437,0.46974106883530203,0.18433737974055028
2023-09-19,-0.12878473793274667,1.454846875080614,-0.7949068715466694,-0.808284826743177,0.5633517768144454,-1.6886098241473213,-0.059151269041784846,0.008768330200662642,0.9792925079464949,-1.3515910358509111,0.3052221927773485,0.1055776643360384
2023-09-20,0.026564921762843474,1.2343380568450881,-1.0131566756565795,-0.7809643100124796,0.3883470935449181,-1.1974184452204453,0.003394303069707794,-0.17699941831374996,0.4812482975148641,-1.091415957445038,-0.0763651987622384,0.33000221234986526
2023-09-21,-0.07388842394120711,0.9321286583278399,-1.0726487695092677,-0.8272658876409572,0.736026748606047,-0.8900811217692784,-0.08524757740764718,-0.27857108780885426,-0.031623177099656063,-0.3435864633468198,-0.008261682576295042,1.024853376566507
2023-09-22,0.11004434635195533,1.2374476921402997,-1.201521257485714,-0.9742015604453331,0.36246156041306943,-1.686856316646881,-0.35458499677536726,-1.3433082089385944,0.22574900814079882,-0.8321137090954641,0.050041173517861755,1.4157285661569172
2023-09-25,0.22385110351095988,0.9119911296473097,-1.0467654264749175,-0.393215320758867,0.3287118975368052,-1.6487378085806839,-0.8094139769383776,-1.1978158770941765,-0.18946971309172517,-1.0039889383893816,-0.04175118601215132,1.2491848668498104
2023-09-26,0.46838004449167026,0.8269100110147259,-0.8641515551938516,-0.35623287049801455,0.4815616940340502,-1.6650455641886528,-0.9429163973829221,-1.2481428279424849,-0.22276329420130334,-1.324628594628286,0.5030800964934323,1.269046154157736
2023-09-27,0.24591260966439038,0.8052593215276365,-0.2918787020367714,-0.2846099813331683,0.9338483766064108,-1.6224483228363953,-1.0565219581513674,-1.3301446512722404,-0.0667175982936782,-1.6133790781470292,0.7787839691359933,1.2675930387143453
2023-09-28,-0.05297687315832911,0.8381537902447241,-0.037758744419781144,-0.3360288577498438,1.1871223271868192,-1.3615106113490172,-0.9278432209411007,-1.19916164248841,0.2512532056307817,-1.6462078082269418,0.5885517806732421,1.259837902905782
2023-09-29,-0.1659505478690764,0.7908324498959759,-0.025866177936401304,-0.07600005833170259,1.2274223859273539,-1.2717975841964946,-1.1160773209020565,-1.051102573367814,0.35869916342533303,-1.3725267827157326,0.8302362453193202,1.2447640931892194
2023-10-02,-0.1275064626991766,0.8082513195534207,0.08247516195309339,-0.2554807114601786,1.1933145678706254,-0.9697263717997363,-1.2016347588293796,-1.152114573569186,0.44435323566425877,-1.4910547181415896,0.7198102177453976,1.045721310498185
2023-10-03,0.06239621882715444,0.833753026224155,0.2590749322505571,-0.47745630717019777,1.1159722816116164,-0.7862137135231033,-1.1082091114912045,-0.9077386675027855,0.02173230075472938,-1.5641661786665295,0.4596725928006943,0.8075701494837416
2023-10-04,0.34899804397523554,0.5930600684330164,0.19918810782687768,-0.5969610722336437,0.9579350415301514,-0.6157230602870645,-0.8584019464296286,-0.9270246031224936,0.5830979698325047,-1.4866975536641465,0.6423496561893712,0.8064190739288961
2023-10-05,0.26218572664690004,0.7073220935588952,-0.063594361323019,-0.7435500727834913,0.933808386515235,-0.5944931940148556,-0.9076144572864198,-1.5285461298041212,0.37906328140371837,-1.1604394518375278,0.26415505845142595,0.4873607569151562
2023-10-06,0.4697931268252331,0.6786567140861076,0.2560981541986547,-0.7526886172945297,0.8629580822190631,-0.3965706289322229,-0.9480818806986698,-1.375269410675868,0.22659810105654782,-0.82782311061149,0.2787239413866806,-0.666447601592802
2023-10-09,0.44491749229243494,0.7946993445401165,-0.004305124418850535,-0.6440766254182692,0.8459515587361914,-0.04587479654456543,-0.5873674096601874,-1.8649525336472428,-0.1702679711345997,-0.990729768045084,0.10740624785397478,-0.8998383645900636
2023-10-10,0.6895280407940881,0.7377539123695104,-0.5487244411276491,-0.41378422795167114,0.7532187757792583,0.20961434977630705,-0.6396077691343226,-1.729401789280338,-0.38725525667753136,-1.056466869469133,0.21441221540970282,-1.1214520555138143
2023-10-11,0.47317212050665547,0.7034913511577344,-0.367313564182112,-0.4215159210157253,0.8113644402461645,-0.010037696010004241,-0.6525186518776491,-1.6860876355016572,-0.2592414393557106,-1.193366490656865,0.2712762567445887,-0.7885048922782251
2023-10-12,0.5739106791669759,0.568119436094516,-0.23677661935098138,-0.16656361749662318,0.6134723385362865,-0.4809722508916895,-0.9315845629728519,-0.7575998132267602,-0.24897721279016474,-1.463547783299705,-0.14827284444219202,-1.2345805355641946
2023-10-13,0.813516738954924,0.4667767116911931,-0.19863441440443713,1.1002898796252514,0.6715170848500469,-0.30999649979506255,-0.9533796336499563,-0.5032200590572734,-0.4325681982410592,-1.5337162526697135,-0.08338118035540842,-1.7824152819794103
2023-10-16,0.9200877387739919,0.44972695843613536,-0.6086343032559137,0.9210229876482189,0.5116232829362711,-0.28239070988282206,-0.7609783527456779,-0.4576588518146986,-0.6611602239638521,-1.2119339007337413,-0.28121288683407436,-1.5566627347776494
2023-10-17,0.594652053360537,0.49321017148829,-0.6863979933913672,1.23610666199124,0.4187252224461543,-0.3862987594689628,-0.2783370496831961,-0.3208602069348076,-0.6192422097486697,-1.3084138518190334,-0.02068409736042498,-1.364828859272974
2023-10-18,0.4268576813800167,0.4953564884845137,-1.706900226588413,0.6883290080595145,0.3204250065527433,-0.17392133875981305,0.14004138738506308,-0.14248545948091876,-0.9040317947511991,-1.0892391324002546,0.5126819106389701,-1.0446801249212645
2023-10-19,0.7040471841386059,0.33559191628994745,-1.6720709083844785,1.2808770954704312,0.0653921083933015,-0.024858671554463786,-0.4527450567278674,-0.15139260934554438,-0.900042876732035,-0.9566547610505631,0.5213682194551725,-1.2992658202563787
2023-10-20,0.9009498110930343,0.7274964361938402,-1.4264861058478753,0.744529356490895,0.3717914216573663,0.034051292825421374,0.5063824549397057,0.10579897181842025,-0.7400820671917324,-0.7192072534257871,0.8421128626277516,-0.944993493300452
2023-10-23,1.1331694541706046,0.3773932457548403,-1.3476475197542632,0.8998674102328093,0.9577339266333386,-0.030490466517279,0.1488080912633935,-0.3464377995534964,-0.635073777723996,-1.6238210386971417,0.692301910579976,-1.1330527101967656
2023-10-24,1.2453603339671133,0.749914348580457,-0.7616011028787182,1.119741003473845,0.4566762093278461,0.042483917855191074,-0.23958251675783582,1.418253483528924,-1.3024889757460776,-1.222972660429581,0.8497586655001956,-0.8963662637545668
2023-10-25,1.073977196581577,0.9469108926132895,-0.7314145845950601,1.5782247582631213,0.5425509777062629,-0.26762725723931513,0.017797044217695127,0.13742297675516565,-1.0274412671992768,-1.4068894914302352,1.005228570434388,-0.9930581537089812
2023-10-26,1.0607467982273118,-7.941795013390946,-1.1964324121507595,0.8579739849827215,-0.5037092792400776,-0.6001782937535968,-1.0223292763279315,1.7502026379872746,-1.5190447006104013,-1.340656553750388,-0.07481217853910442,
2023-10-27,0.710754755457159,1.1416469089909451,-1.1429608729934497,0.8151234212333242,-0.11110908101479527,-0.4237328926694599,-0.5182145704584519,,-1.2666882075556962,-1.0374121331850403,0.7249941712517138,-0.9300522246110531
2023-10-30,0.6242105806128333,0.3827447411745329,-1.0278026198207508,1.1238534902724493,0.5609259980863537,-0.8229480322587684,-0.5954327421411775,,0.2855621599444695,-0.9870872800855697,1.1310202488505712,-1.2141230766997746
2023-10-31,0.6304518657816409,-1.0568466819276285,-0.9933890659300847,0.6834723618519065,0.06561269612854119,-0.47492972503053155,-0.35575376833114614,,0.08021967172978862,-1.0504145869659067,1.1750312531415383,-1.2608886706579931
2023-11-01,0.44098956078851975,0.07734860279709034,-1.1175030519179845,0.19866013157602377,0.32427096043884124,-0.4746378542139006,-0.35052378302459924,6.767320656393934,0.40102021709219016,-0.8557507965762476,1.293622194459698,-1.3500901170651538
2023-11-02,0.4434291094494713,-0.3222147702005018,-1.0496938226797776,-0.4587761878559531,1.5005461952759742,-0.5857016028742129,-0.5463491307649577,,0.33093909842399016,-0.8681079636285184,1.3452462249118233,-0.8617862740073507
2023-11-03,0.6722653507095747,0.34846534268696494,-1.0170840975267295,-0.5402458867484627,0.872578086849157,-0.5401660810883187,-0.2140720782115712,9.325257105421969,0.14755198189813024,-1.0225704172166559,1.872280930091197,-0.7956650504501592
2023-11-06,-0.1894693445086719,0.2620026855538267,-0.9561256636984277,-0.5804600845972628,1.2305934775341276,-0.6744239719599201,-0.6496055255405884,3.713287109553854,0.16938224795668164,-0.9878535567443457,1.6122636739071752,-0.3991079258352987
2023-11-07,0.3226964896661812,0.24520369198664824,-0.7006760644410306,-1.01998406143699,0.9227501201454233,-0.8315601288479013,-0.7864293951685205,2.9751925103029255,-0.12239429498264863,-0.9030606655999001,1.2544864626277479,-0.9204305369910507
2023-11-08,0.5242429941019482,0.18940595837546942,-0.7313171414551201,-0.8049641671401042,0.8639788682194035,-0.324576941334054,-0.3515416876287771,,0.0626851156202357,-1.1057524099222436,1.1497762291213725,-1.0119951787364774
2023-11-09,0.5402481555458373,0.09183251178294433,-0.6633012534688701,-0.4748234703537807,0.5936549641130533,-0.625116057011457,-0.6079256353780464,,-0.6903405806757856,-0.6245008822494417,1.08323123352261,-0.8387134805621563
2023-11-10,0.6230883873913905,0.19503006873987508,-0.433910427935896,-0.16797798446727566,0.7435905056229591,-0.9215602831359869,-0.7718863545215672,,-0.7219223279415139,-0.45926774664762154,1.0448716045783344,-0.647016118959288
2023-11-13,0.37754370760402706,0.21629252005940044,-0.6117888908384582,0.4956718573363927,0.703467706496277,-0.9568260240798508,-0.8872282274997193,,-0.7005208814199435,-0.9922976570683538,0.9638306780646289,-0.909223216424808
2023-11-14,0.169044387473323,0.2374216304756267,-0.34393143974900714,0.41182009733438213,0.5620797299195043,-1.040833821314505,-0.30727797048766387,86.97463845910963,-0.9865290452941553,-0.5514398449673025,0.866874050362319,-0.7842996205089552
2023-11-15,-0.13691239914648903,0.15144016521323952,-0.5017804428156796,0.3582781587716087,0.2891515480523151,-1.1259916504772636,0.08523425088000174,4.064140038194662,-0.8069116462955646,-0.6683285154744576,0.8004611552376362,-0.6543676353836725
2023-11-16,0.048004139556253135,0.05344472349554791,-0.7908408657454495,0.3750516709926623,-0.10897649279728087,-1.3499363230289034,-0.2934774701610398,2.6284534388602334,-0.15171963382394255,-1.0310237247288903,0.6935502789185143,-0.30308574254625065
2023-11-17,0.2662091870174503,0.2640771913595825,-0.8847281873797193,-0.6783218338769607,-0.04237893713376002,-1.198133659600933,-0.08508909066741392,,1.1665204966719394,-0.9743350190965849,0.7708424121130204,-0.3112299413478018
2023-11-20,0.4231966287050204,-0.0303421381871375,-0.6539772840758077,0.2709042847831664,0.19094926318808977,-1.1416793884695158,0.023769744146374318,,1.307424963628398,-0.7059428020641451,0.6502434982694504,0.4181052974651855
2023-11-21,0.12265761996473229,0.07472547552982053,-0.6358657875648556,0.2172616217261744,-0.3145884840870327,-1.1385710236420452,0.28856967488050983,,1.3150081867754682,-0.7585250061247147,0.6793490165127831,0.3154077958165089
2023-11-22,0.4128559655048029,-0.09251544879049861,-0.5718839725239675,0.039185339965141924,-0.5455028851467592,-0.9445271091481503,0.3204144069179896,,0.8675939806365381,-0.622950247381383,0.5737787572454927,0.10992566741964716
2023-11-24,0.49281965860120724,0.14193461578357675,-1.3650324507795992,-0.7020382364795849,0.04054038489387199,-0.7448508540652141,0.1423425894141425,,0.6885979369369941,-0.6648174483863076,0.5413724878231403,0.0906282365367922
2023-11-27,0.1545449031989626,0.14603568395931332,-1.5404636565742569,-0.16928677983027332,0.03997915153514734,-0.6720996268438026,0.5299941961404773,1.8669322565312119,0.7990194300450377,-0.5431386907120901,0.5628669549442912,0.06455313397355184
2023-11-28,0.19787199638760572,0.24192292502804622,-1.1538636998060523,-1.7636878929037063,0.12176316181772615,-0.6952571508074099,0.6179890801756273,1.571774186737201,0.7936945465072497,-0.42710191140414866,0.5737346690514945,0.0007676545330793152
2023-11-29,0.33735815900072996,0.514112728844442,-1.175651394612799,-2.056233245043489,-0.2415727793899597,-0.5721742419408636,0.4669186310012082,1.7505087970334912,0.7276114692397367,-0.46468826276506514,0.345718829719926,0.06416929857390573
2023-11-30,-0.3039427997542135,-0.004677351988020447,-1.0048989132752815,-1.9719569568076438,0.24323941199978422,-0.9296057402655121,1.5967776687599997,0.896773971760653,1.016905631170776,-0.43907469451576936,0.46492498457421644,0.20650348358568452
2023-12-01,-0.3289446693723969,-0.11290801577216056,-0.9457931366879144,-1.9102306548004817,-0.7210834612617906,-1.399243544722184,,0.45400174070045046,1.0008674253406191,-0.4456069322454106,0.686584370451346,0.12386609937286253
2023-12-04,0.10435966614980535,-0.6758493995723179,-0.623176652223568,-1.7986139818245015,-0.8544399645486552,-1.3993175836154201,,0.32465146740642253,0.36009368306842726,-0.1623706812849038,0.8465240771663585,0.6033743825567088
2023-12-05,0.17225591159574455,-0.731177727773132,-0.17592757150246288,-1.7594230599057685,-1.081545796615911,-1.2807044291293448,0.5842878176738131,0.2090596527280983,-0.09172505502956303,0.19907719091502127,0.8644828856902271,1.1274101746311453
2023-12-06,1.569713562430275,-0.6415174969846698,-0.5867625265956447,-1.458387987630747,-1.4352330579919523,-1.3804751443696752,0.8089462010636435,0.18312866630867244,-0.5005326305255532,-0.6894474820175077,0.5817132893336924,1.1055688232498937
2023-12-07,2.190672105761862,-0.6005988664560965,-0.43425336318954616,-1.1843599942064447,-1.2929538848266209,-1.4733588789914136,-0.16249316866211388,0.11766394954685906,-0.6603676437352993,-0.9455083745974981,0.5175048243684927,1.1039290420296928
2023-12-08,2.405515390103836,-0.8265716284021852,-0.4655719652082997,-0.9651614048636267,1.489998237272811,-1.2003891648055593,0.7003649455457597,0.04386213631838283,-0.460593496750629,-1.0140005176733604,0.5490906519742296,1.1415101697402934
2023-12-11,2.1897764912034194,-0.8852403497000261,-0.5105042633431224,-1.0129728575270665,0.9817809575449581,-1.1764144843099886,0.6013035278183937,0.0009892497478251648,-0.36511258885921805,-1.0124046707191343,0.4747200452902225,1.0062873180573524
2023-12-12,-0.7857727305216504,-1.3750673068853014,0.1550653090962277,0.698192708420788,1.8538830365027548,-0.9164854923877095,0.6544408613947837,0.06168546494800375,0.6128384673784112,-0.6659922367914148,0.5024189421966068,1.164902763572795
2023-12-13,-0.4686894704698753,-1.3180394843915275,-0.35837351495496084,1.381526952220416,2.1064970453784024,-0.7677144242848203,0.3554125785995702,0.03423282306428815,-0.0811501323733668,-2.4637823116635107,0.5348982197395686,0.9464807192110842
2023-12-14,0.7545245287889506,-1.543356683246832,-0.263608011888527,1.3286164735071055,1.5264905629053107,-1.54406935938962,0.4975260300192623,0.0716859924140573,-0.12667815087216347,-2.720225529655544,0.558337921436047,1.3919827913365612
2023-12-15,1.1522199521034946,-0.3708221808949991,-0.44035077696421643,1.4235119617547856,1.5597752453574323,,0.28635372272089854,0.12612261534286728,0.37434167526312206,-1.3815420071505247,0.41950425809349157,0.7242692770870304
2023-12-18,0.16272468972463355,-1.2021256315917437,-0.38423223473879237,1.3289050741194992,1.442403652540424,,-0.30548680593061733,0.20383593120953442,0.7113271979389107,-1.8789510703551702,0.41380932939964304,0.8159191835264091
2023-12-19,-1.0511723093570968,-1.2616663532711987,-0.2625869686331436,1.0188928954143601,1.2344940546179657,-0.36911297059732284,-0.64220061146356,0.2993970806759785,0.327865768496183,-1.6555405372418748,0.3566555144561692,1.0938742301218445
2023-12-20,-0.7427702572520475,-1.1316099173472625,-0.3256550946938062,1.140724337776371,1.2107548091516545,-0.6085306088252551,-0.43405633341258076,0.2705259965836513,0.7409694810389115,-1.4403823587757305,0.20846773927059337,0.8501020297684028
2023-12-21,-0.4045775310262428,-1.1394979727646264,-0.3783478175361325,1.0636354095838063,0.9565359229299488,-0.677056838243055,-0.27796268736383395,0.3627975263601945,0.6977414130801757,-1.3826310437726013,0.3059211077541879,1.0594656166802308
2023-12-22,-1.9254196769211145,-1.1910072790882957,-0.3711901831789896,1.0510875335340573,1.37275365408468,-0.4290111588316712,-0.9503252283771847,0.32535474199606995,1.0454672416023305,-1.2132520450977047,0.2691896685712181,0.9260814449986328
2023-12-26,-2.743526495280134,-1.0706239042668906,-0.4187898843278257,0.9164510111341124,1.152131711153289,-0.254681016806204,-0.44407797805371846,0.46232947640547156,1.4292481905572976,-1.1024094841231975,0.19876928589579818,0.43669030247320234
2023-12-27,-2.9919755204292917,-0.7694827158651529,-0.39827437411287353,0.8334337861514298,1.7207745650373958,0.009681979474239754,-0.19029434489516409,0.5729791576953082,1.95861771704713,-1.076427500522697,0.08638892424194253,-1.7745433040032625
2023-12-28,-2.4684719611229498,-0.8972764932865289,-0.31870762801320257,0.7333987662184756,2.121659881949365,0.19518309882121032,-0.1467263137100521,0.6525782235904174,1.904791155952494,-1.0266573200792937,0.04008091160997202,-4.282894907954823
2023-12-29,-2.1719518279435985,-0.7659822158431128,-0.25604551687549715,0.6181329873232271,2.3253388061516462,0.2332861041757946,-0.029461365970156726,0.6684363015805254,1.6353446326018364,-0.9163957609385283,0.1283525595371218,
2024-01-02,-2.0552250024281227,-0.788744363295039,-0.10033580230541744,0.5616635447387831,2.00537193337533,-0.07017989543027027,0.023121797204851902,0.7165005728677234,1.51050549816149,-0.9197337603768326,0.18861334542140998,-5.701857639811413
2024-01-03,-1.8340888927300214,-0.6717328070254367,0.3629898499226782,0.6695699629139982,1.7421045509989412,-0.2418641321586709,0.019574686595448556,0.9639008370520734,1.2321376123714962,-0.6811146617438227,0.20905296682839222,
2024-01-04,-1.7115031764849054,-0.5494072517207236,0.46488831262338975,0.5351424536639425,1.5337176702845596,-0.21850964630928688,0.0033313607946138793,1.1265534049854804,1.1174328825481918,-0.7356971673642946,0.10452081621359482,-4.693651868130321
2024-01-05,-1.1701622708670691,-0.6453482964739421,1.102863322876777,0.5230485291423543,1.8176996478916159,-0.2068115879162488,0.0053941150232356,1.070083888900912,1.1501420350803897,-0.5441904117517656,0.04905850463625027,-1.2120872230336435
2024-01-08,-0.6602248097028427,-0.6117995437744458,1.7730938472709423,0.5225448130216013,1.644170630140592,-0.08209320898122983,-0.016246842543076602,1.036990981083232,1.0820504988294275,-0.468594796047628,0.10023554701195216,-1.679620371192664
2024-01-09,-0.8323898559367168,-0.69295643970404,2.238869911590745,0.49277984230810656,1.4864231303262525,-0.1003763560262409,0.041138432269156235,1.0439217475343547,0.9201604241419122,-0.4480592775663994,-0.20895093074725585,-1.8456978329183928
2024-01-10,-0.5660043628220437,-0.5928535175576529,2.102285521788842,0.499828245549761,1.157756879497486,-0.16087967810816847,0.028650519406680196,0.940831361443649,0.6695290988461292,-0.5722947914280785,-0.15604157119885206,-1.5468665267461676
2024-01-11,-0.04762795830411194,-0.3688665186986567,1.9031120931862235,0.3131242498040267,1.2256858717516126,-0.12335327648500105,0.023169151328201236,1.0627141641710196,0.17439673234730468,-0.5941802204672589,-0.6379604326890421,-0.552184673597303
2024-01-12,9.130650576544463,-0.32607431922814195,0.14248302762099674,0.384469789768469,1.0412501537452488,-0.13158992785027487,0.04061979883008945,1.1186937927205196,0.01873195427976004,-0.44137962558173605,-0.838691260124012,-0.22664404798828663
2024-01-16,2.851552586053014,-0.15218206098132725,-0.16353515672303334,0.5202685049465429,0.7444594391645193,-0.22715771448636987,0.03683089035737124,1.123308203038663,-0.3523251919059916,-0.08070004309930046,-0.787180566439607,-0.19075648369925555
2024-01-17,,-0.003984490479096247,,0.4468762129827252,1.3171363896797943,-0.2667187779432613,0.017511927396740172,1.1730245957436742,-0.4740600047423061,-0.04976697854643617,-0.6828379359096636,-0.16398256276210366
2024-01-18,,0.04592487074692183,,0.4267488097212282,0.8693061547894099,-0.19247298921184194,0.021186160517578385,1.1611137311383921,-0.8004718167076172,-0.018149219736819586,-1.0676227512946552,-0.2021091351678303
2024-01-19,-0.007688170905284953,-0.004190402974003773,0.25705010406342294,0.5779837642383582,1.1011665809713465,-0.5010275995891701,-0.04503830089193469,1.0480347318684027,-1.3233020152872261,0.16488213252376158,-0.4643731518496284,-0.20553144558023603
2024-01-22,0.7336281613321325,-0.14525820282830076,-0.05362701827919375,0.9567631702214084,0.8985978738820332,-0.4017492536263006,-0.0562327300777411,1.1868303333965178,-1.3386053239543039,-7.828691344874732e-05,0.14479264038764642,-0.28012863522221043
2024-01-23,-0.2283337084907819,-0.050473748576461364,-2.100348609545137,0.7367615048089126,0.8586683738536084,-0.13391117314219383,-0.21876392431410832,1.1888519203422094,-1.8108918937465923,0.05184106787412931,0.1006387166069844,-0.20869976080394328
2024-01-24,-0.3214917233295008,0.19737743513707426,-1.4068551684715298,0.6924409010913989,0.7317432386622028,0.01746050422423552,-0.433419066912465,1.089606211338633,-1.6354258386092855,0.40184446021002596,-0.040776831189888264,-0.46466639818633393
2024-01-25,-0.04243290225448155,0.22625196002279402,,0.7733438317606088,1.0335674385892324,0.03479931203896617,-0.5825177737976799,0.9875534424442186,-1.0539343908600345,0.7776827529473127,-0.26925250106571924,-0.29475650654682406
2024-01-26,0.23452464709118803,0.28544071023943896,,0.44963803974111727,0.998555889616915,-0.22813545233682267,-0.5492105233755123,1.0690226534718767,-1.0612264341758393,0.826176469093642,-0.5993972283905719,-0.5949969306289463
2024-01-29,-0.004085427256365639,0.4506726162626393,,0.31916748727844907,0.9389105975299085,-0.2234397857308752,-0.3581002634155183,1.1391116348952555,,0.9814114294515115,-1.2340328959541969,-0.7142669931530149
2024-01-30,0.9191999481103766,0.6997656809191707,,0.17833967434895767,0.847600898474925,0.0012051583961955406,-0.10946782900326454,0.9980353873240445,,0.7037174325449975,-2.270376535337389,-0.6825156729642375
2024-01-31,5.570915929483279,0.7410982620893876,,0.20869900423751003,0.5496775947857214,0.15259106083681875,-0.03520700591179655,0.9989821368179764,,0.8682244845856838,-1.462244485133314,-0.8169480725901301
2024-02-01,,0.369451894627357,,0.29908267006430844,0.6744024674605604,0.34500014936314954,-0.1495797679758042,0.812395811542716,-0.7632023227936163,0.7183513112767119,-0.35041018115182687,-0.617388174494565
2024-02-02,2.0066399961184493,0.5773710800163039,,0.19173944597225442,0.5170453196207637,0.4062385113795845,-0.2661297337290299,0.7742226186357398,-0.5538884313030282,1.2016434876743058,-2.314001063836366,-1.0051979047075943
2024-02-05,,0.9642238033247064,,0.23241033051978907,0.6149215183652013,0.5434912965371232,-0.37815344974934845,0.667793129553935,2.620085518349455,1.042444057592502,-1.995808142671811,-1.3166993845368593
2024-02-06,1.450517391392306,0.30691402372089316,,0.3658378403858272,0.3804645522165437,0.3192640673852441,-0.3423364753074376,0.4690972604416149,0.822921777153444,1.2048194071342246,-1.8901097959682158,-1.5325531630277234
2024-02-07,0.08166307283278917,0.45143477694565565,,0.23545087793209915,0.025314158251497597,-0.4319053394875927,-0.5074782756365261,0.5298011813702054,0.12128428062339769,1.1385730008587542,-1.6756525144180334,-1.6516556857034765
2024-02-08,0.3540050123383216,0.913738954976198,,0.3643820999486756,-0.13112810196574726,-0.3988710945586484,-0.6895960436027496,0.4061025305795572,2.1964757530005237,1.1387038789305106,-1.5221407008116756,-1.7294880224687361
2024-02-09,0.8364509562118317,0.7935220561438356,,0.41455483042197033,-0.3999133545758204,-0.4255538194449144,-0.5495292956995775,0.43269327393652346,,1.1172029254659421,-1.2435797597856286,-1.6700118980483771
2024-02-12,2.235474422518209,0.8995490252791226,,0.21562874214067823,-0.5936882591486944,-0.2970777863671332,-1.0022128893730406,0.4665943733140577,,0.9216873370429363,-1.0343886358800876,-1.479704374645093
2024-02-13,1.8623326275437564,0.5980612715676185,,0.1453778664284325,-0.5310626587812554,-0.5760844997694714,-1.3359632611687013,0.5108925555127909,0.3748542487983409,0.8426559236791465,-0.45355674160293674,-1.3756556455561528
2024-02-14,0.7137884038899963,0.39861320044527937,,0.2230116175462504,-0.03568750667322144,-0.4708757836922603,-1.5210993338056515,-0.7379086333075692,0.6613973180610885,0.7623933513856219,-0.6593670139400475,-1.6038224290399434
2024-02-15,1.8308654870185848,0.26228970184881656,,0.1662875997375623,0.24825795840218146,-0.5584615285757918,-1.1724242633638973,-0.48928914237587384,0.34972220238776014,0.7729277421614589,-0.16263546039380067,-1.237087498038504
2024-02-16,1.4201716426719484,0.08057309534885296,,0.1944116398787323,0.04569590741959507,-0.8563963183861092,-0.9193814732972575,-0.7628473903505752,0.27454279466129355,0.5798819057430317,0.19234874807291372,-1.0872669849528145
2024-02-20,0.9254703035218583,0.1598864057608217,,0.11114569874338066,-0.003994172049475846,-0.36150713796436196,-0.9786187733011452,-0.9336487432018941,0.26946661225885815,0.524947726405691,-0.3033259476376321,-1.0660559936688572
2024-02-21,0.4228348464672938,0.5284148580648047,,0.00097337111091988,-0.5151937545488047,-0.9682268457040574,-1.2071392455065137,-0.840110166868364,0.05308345159790755,0.21603243876280423,-0.20359904975207194,-0.5944089315130965
2024-02-22,0.18130880422787665,0.7596937809209281,-4.491695626827618,0.1522383684109796,-0.499955277487204,-1.1126129793875577,-1.4763396955814778,-0.6079534246205185,0.05491558459024206,0.33118107101798927,-0.05653979336716787,-0.3265118560025962
2024-02-23,0.29086594443348307,0.6487007922415738,,0.22437151785297377,0.10115929129667549,0.24252626405005934,-1.6515949275988973,-1.0018595388513913,0.21404241099998944,0.3969113367643452,-0.4546147944411195,-0.6914598321124432
2024-02-26,0.4264278113936181,0.684409659926111,,0.14046735398327087,-0.45367921017031176,-1.2374368902847777,-1.903989920658889,-0.7403957652951193,0.13460454268373034,0.6356696236961796,-0.48992249482702743,-0.8986257215528182
2024-02-27,0.8425612598913798,0.10482205996012338,,0.27129899640054495,-0.5758819730231989,-1.075666145914661,-0.9271637108877927,-1.0546570460730458,0.09799253657427115,0.49983509905484697,-0.11244204656890937,-0.8256756924140537
2024-02-28,0.23144263555091088,0.08191604789367958,-11.150963628380106,-0.0476212197964137,-0.548626866711787,-1.0561935734882495,-0.6944090084343503,-1.0848772512575104,0.13332169526813475,0.6069420481994133,0.07045258184331034,-0.7925428501382741
2024-02-29,0.16939542650032624,0.3393039432171263,-4.2945836868597125,-0.055598252667252,-0.59229014748023,-0.9946745691069824,-0.5763915497719051,-1.180602240873948,0.27367317849982914,0.808945106349738,-0.3391497596573117,-0.8677762100227184
2024-03-01,0.2922674037998447,0.7063948675898392,-2.5158170788358145,-0.4328884220674633,0.7817550938758523,-0.9250603180290372,0.15690155866720984,-1.1193852181833712,0.08827755260532162,0.7139816972097969,-0.25449959404490835,-0.2924656303860607
2024-03-04,0.38613590071423726,0.05028461094872969,-2.462718789848237,1.2110445080401615,0.9667476357931404,-0.8290115661433101,0.35927936713322617,-1.4693990407361497,0.04736613653063827,0.7799206417027208,0.2168878348494737,-0.13132980518530618
2024-03-05,2.8904396388428606,-0.05052363148586655,-3.3624481097654013,1.3850043448995344,1.2610178901417017,-0.841893129248271,0.01351846445955739,-0.7726141423712061,-0.09150779027809362,0.8257372499240858,0.7760470408149367,0.031043219803315262
2024-03-06,5.741465195137264,-0.7903747012275409,,1.3869716777449017,1.896335647541207,-1.0093075377949934,-1.005299608958848,-0.43458520654261834,-0.07960380482247956,0.7062193823956373,0.5234778363831778,0.19833007535943706
2024-03-07,,-1.175109513641759,,0.9288338568417662,1.839478959631604,-1.0372323668497088,-0.7760024897388808,-0.3675950355848612,-0.04256989443468204,0.8255741585801251,1.246567030158172,0.16244916550851318
2024-03-08,,-0.9823048938296501,-7.032718461582936,1.5610124274284982,1.3143059322150263,-0.9564962297429651,-1.28255011380261,-0.8335779439736202,0.17509333444803726,0.9890933057174356,1.6730795784003616,0.36309358466708624
2024-03-11,1.6849762522068448,-0.6593055096757751,-2.1686590620821353,-1.600269911926051,1.350880886837264,-0.7634410389807363,-0.6464643001379748,0.012480102251238682,0.005474624633658535,0.2807298187793141,1.3808873665268655,0.14343265027057492
2024-03-12,-0.027867224277215698,-0.8893887751528307,-1.142962182942064,-1.9742144317753785,0.5304329620515665,-0.2504153660487022,-0.5020597757885787,0.759991134821188,0.10047928269022595,0.45168458755183394,1.41732116205156,0.43509268433548615
2024-03-13,-0.1202914875494491,-0.5302826490174972,-1.4845609664724073,-2.9024485642622984,0.03503642980632606,-0.08229135620533505,-1.1572131634148428,0.35137535078665066,0.09692005848115143,-0.018219152062565448,1.312940959217154,0.6319534987006571
2024-03-14,-0.005284433399373541,0.1620455962881813,-1.3489559351735818,-2.4540402475523644,-0.49110302106858583,-0.008167267947062863,-1.0021989447242345,0.5500811577268175,0.020730821227668932,-1.7700691577926069,1.0402277756711789,0.5168914616543698
2024-03-15,-0.09573051878184048,1.6295258951169138,-0.8079336076127569,-2.2761016421418394,-1.4637803915371377,0.056696394275013245,-1.1553847854642376,0.22014556762274892,0.0010996754096560756,-3.2978359930600045,0.8033882482677573,0.30027817033753945
2024-03-18,-0.08243004550402566,1.0945663884964933,-0.7167279426813036,-1.9161101646091128,-0.37389901999821645,-1.5964219667908897,-1.4352954096163697,-0.5115784584480653,0.0772583193122034,,1.0197614402641788,0.7078176770371575
2024-03-19,0.014503410124395578,0.9514977573872243,-0.5023517321473028,-1.7249009748688806,-0.688686203076254,-1.4463225160788138,-1.023836471308974,-0.1386378879927304,0.08114782205005586,,0.8123798016559667,0.24022311746414438
2024-03-20,0.33897943654985163,1.2243120713533657,-0.38616785219900013,-1.5115139996302602,-1.9954830037243163,-1.2308149572132205,-1.1591656837266486,-0.4095372526313856,0.008829893586333144,,0.19264393599288815,-0.07403109409689275
2024-03-21,0.6015719390939254,1.1141109357823755,-0.3161369867325716,-1.4034963442004142,-2.387018366444608,-1.3471613594659018,-1.0370969542260369,-0.03945638219291056,-0.02722584442104296,-20.245092981112023,0.47675605592668857,0.25036431903486783
2024-03-22,-0.4681233341249252,1.6236469845170516,-0.2390164844461034,-0.05805554224836007,-2.1669732689359966,-1.3783108554649919,-0.7854991353934899,0.3726731548518809,-0.015743786654460017,-2.6492557856761367,0.9897512474874327,0.709566916287027
2024-03-25,-0.3182940034584656,1.4615337913151052,-0.045061725922686806,0.02753336454133607,-1.8791788207573428,-1.3740141278849078,-0.8988564477191178,0.27024817468162143,0.021382773218814707,-0.8280445135204936,0.8370413760108312,0.7515433213890013
2024-03-26,-0.35156231276548916,0.7557126443642803,0.10933787193834137,0.30545450227572746,-1.6522695820787698,-1.1344202162325447,-0.851094230576325,0.2900582267433983,-0.04726398481756193,-0.40132927573732907,0.5674947512727321,0.6910138434733332
2024-03-27,-0.3785150793955113,0.7175769416401262,0.004940458619819719,0.0010938228094476282,-1.5360879829691474,-0.9598981598313336,-0.7239109909288903,0.24210480456064895,0.09839187201737576,-0.4088890876965055,0.568380695514075,0.3219460793923555
2024-03-28,0.16875923764607442,0.2268519459976178,-0.40556932454059313,-0.5695337497674059,-1.4726094185542937,-1.011833873863979,-1.4051340396317993,0.5243005656297075,0.647636303416812,-0.12352008476878068,0.7294317732020288,1.150286409658914
2024-04-01,0.001373213898797052,0.19795993110958884,-0.4172508505005404,-0.32919177209487716,-1.3505368609669144,-0.8816607338886696,-1.3088653277661189,0.7993303926042105,0.9155746373831319,-0.07426124876058716,0.7403875975553612,1.3345157895203112
2024-04-02,-0.22595879361472357,0.6762630493905863,-0.5654713426676318,0.12319833769600903,-1.1452940348969844,-0.894119621441382,-1.247552317408521,0.9028840207649506,1.1270984527027017,-0.061557231895204644,0.9731946082315776,1.0926018904044235
2024-04-03,-0.1822952197573747,0.7079795383307758,-0.5198526305201309,0.35307771971794943,-1.1330174929926513,-0.7111309675988353,-0.7612355891086493,0.35385754658490065,1.2175654816459869,-0.05298948570242584,1.0638988942690606,0.936331085668078
2024-04-04,0.011082949840954112,0.23392648248006745,-0.7012874540546282,0.6992847641761567,-1.0295605415315743,-0.7299244389769458,-0.7707140944354486,-0.4050123944191703,-0.4756261252609815,-0.10022652641201187,1.2159713672772214,0.9633035634451202
2024-04-05,0.23522549093537656,0.8604493938277948,-0.7849269767690026,0.4327154905315819,-1.1736250493520823,-0.6139812104461909,-1.4031412350964207,-0.8132543975813036,-0.33592477284338174,0.011630161512164302,0.973583642174787,1.04371249794038
2024-04-08,0.2757410138063966,1.4060240485762145,-0.8292640091443317,0.21863650335519202,-1.0918374912675433,-0.7931925104466887,-0.9475349779829807,-0.41207795796048785,-0.9871877669615349,0.0901231351548376,0.8008004894310576,0.5683102771188652
2024-04-09,0.1327967516545862,1.216810808821456,-1.0103780998438752,0.19033390516255738,-1.0311503097413952,-0.6972537080660681,-0.9840260846192663,-0.6642415831872792,-1.252636221600314,0.07702664416778303,0.9828641177968299,0.849283606979176
2024-04-10,0.3884392942258026,1.1502689197153637,-1.4803226486591168,-0.19421792442140606,-0.9909160364561926,-0.4412641634443763,-1.1464487054785095,1.3484816141266216,-1.07510051069123,-0.044873076448551756,1.0135336876610694,1.19993669176184
2024-04-11,0.24163008009517528,1.3532042269038906,-0.907561989444443,0.20617109198060588,-0.6839422342867778,-0.25666263483592994,-0.9656552227382957,0.7686410863483532,-1.3287984440088774,-0.03870705233034255,0.6422674484754823,0.7806820136805795
2024-04-12,1.2643657880643653,0.8559615148359874,-0.9781109563734828,0.4687185709864089,-0.6161972216205555,-0.6797171608652465,-1.8447764087148295,0.7231889681372157,-1.4157388503092527,-0.14613564162147474,0.6172949337599437,0.7031407183049426
2024-04-15,1.7927010085221522,0.7511330873285281,-1.094380821471345,0.4563868965451121,-0.2844836360834487,-0.61597328385025,-1.716636336299986,-0.07918368175485684,-1.9043962311944609,-0.14872564341983335,0.493159784131016,0.3862427245545239
2024-04-16,1.5160998796939649,0.41948293241946044,-1.019551621402787,0.7740118141901737,-0.5722080412653239,-0.2611090219637963,-1.0455393652088805,0.1768658238479756,-1.023118314187271,-0.0451281846946183,0.7817359579627925,1.0056281715775048
2024-04-17,1.1661569369166807,0.4140073622906736,-0.9618157130525871,1.0803119029540833,-0.4706463538254262,0.0018004752859940333,-1.675753599009781,-0.15312814813318004,-0.9665107127531795,8.232942779092156e-05,0.5191384954357079,1.2446705427809865
2024-04-18,1.2788244752310278,0.8724298428290529,-1.269423460721263,0.6960732200517301,-0.2904626113211561,0.29048777117669644,-1.5304625184765757,0.1471186751059739,-0.8938315196026791,-0.013664061957792921,0.1836472230503801,1.1658577559645928
2024-04-19,1.2784454884745817,0.16462351545449674,-0.8607375443371027,0.7537017313988585,-0.42336210563934407,0.5724631386592492,-1.3966784661408236,0.867059598009006,-0.9432745820294847,-0.1087309860247364,-0.028461444449097668,0.7833308192434958
2024-04-22,1.2554391753472482,0.6127258568113001,-1.881354586099313,0.3415360190511637,-0.4296437593983167,0.8308577651914253,-1.207211154129811,1.7875394752580427,-0.9174429839308763,0.04109647947124411,-0.16215953312042364,0.39091749136905896
2024-04-23,1.3646581535408249,0.3075335828132545,-1.6592553228263998,0.31455066822417294,-0.44006636647785685,0.8047585570040308,-1.080215663805455,1.4914311889324818,-0.8577201059809387,-0.09706528561925166,-0.07177235765352218,0.6971061169058241
2024-04-24,1.2589394280836919,0.5503472092676429,-1.6711937867933169,0.061429169022056127,-0.3869167119255458,0.8984628120303896,-1.1453557119649393,1.5485075136023385,-1.1844068953776081,-0.3406075601350405,-0.41316231850720403,0.7086224249161797
2024-04-25,1.3359950215635163,0.49631857927004874,-1.9650639051435461,-0.027908058499212907,-0.3131458411992678,1.1062288663215554,-1.2350277862627836,1.682591312752154,-1.0130131739287849,-0.34675818552648413,-0.2765810647908275,0.8112188027851217
2024-04-26,1.3611210173172683,-1.3689738782795218,-1.6371980559996735,0.9868933406593777,-0.34486274939544387,1.1659262182401289,-1.2462027724044555,1.2423914762530839,-0.3143144270607899,-0.4385528992930364,-0.16582555958027906,0.5465293957328717
2024-04-29,1.2794775649499428,-0.7355441147501289,-1.266231681103892,1.3481541859851123,-0.32148684841910685,1.2477447120937035,-1.1769294412642894,0.7185184928477909,-2.41666609888279,-0.203484411861057,-0.6047314170266415,0.48544510183625406
2024-04-30,0.9928737303902333,-1.6059301281091358,-1.2796912033137708,0.9806107227969842,-0.26403359049918584,1.0936877560430662,-1.0818438674449626,0.5700967749051868,-2.2813472358780795,-0.3945096379660818,-0.07663754382600166,0.4374285748259078
2024-05-01,1.1217866205399978,-1.997312974899316,-0.7649150108791026,1.234344804522055,-0.048437340665407516,1.2938410183815845,-1.0520646995674598,-0.20424113875279892,-2.0245227194804216,-0.3697999261183287,0.0799234095861412,0.5763012076403479
2024-05-02,1.2505258419151888,-0.7673003266457294,-1.0364232744457698,0.3811845069873811,-0.49020215242824483,1.7660047989263292,-0.9234690166521469,-0.09035466626403144,-1.7783385598018489,-0.15696785183106735,0.027180750914874596,0.6178514289703964
2024-05-03,0.6236584425053986,-1.0507385568621854,-1.0156348032051292,-0.5202442574021413,-0.4471319828791822,1.82159005292073,-0.9037667121565686,-0.4168026847180516,-1.686326039948453,-0.2871694772561764,2.3442342471035715,0.8511266721376194
2024-05-06,,-1.1588561073644077,-1.258533726114053,-0.9708480400883419,-0.31624724158062373,1.7027462770930517,-0.95813936444468,-0.3650094463183615,-1.6088046666642202,-0.624944517512629,1.1499979078578966,0.787429922269253
2024-05-07,-3.3994868681499177,-0.6752116265019482,-1.106028439924895,-0.8565729206986176,-0.42784953402325226,1.827841263742021,-0.7104738020055714,-0.5414969330261491,-1.4995822584673746,-0.5618463169313267,0.9303480072808528,0.7920984084353718
2024-05-08,,-1.128204171636225,-1.0747045170052247,-0.8584922387386761,-0.35902187930461615,1.7682191022009812,-0.7875051493394091,-0.15917710103473534,-1.2571061959939323,-0.5765805720139505,0.5633079852114684,0.8480081779465621
2024-05-09,,-1.087008752153027,-0.9453851102388396,-0.47905609062459276,-0.22890507262377496,1.6435455617266086,-0.7704251752177996,0.8496436611129498,-1.087918287592874,-0.7355785070267564,0.35377195479704243,1.047868233382503
2024-05-10,,-0.78854340693968,-0.7949954374519871,-0.903875831170441,-0.20560656277005127,1.4782508318233933,-0.6028717137588733,0.6618729695505082,-1.0298115540361423,-0.851178476031567,0.2429475098825809,1.1722305818348102
2024-05-13,-2.9875365374130647,-0.6520440297043658,-0.7771698703135308,-0.5036761305254386,-0.14045984580537588,1.3488302305381046,-0.6067771312348187,0.8692131672276627,-0.9437528344213452,-1.0051772356372206,0.29333869953693287,0.9163737883073646
2024-05-14,,-1.0341904765977732,-0.6283477370188388,-0.6525373352453004,-0.02000587749702349,1.0904699770644217,-0.5791907623227011,1.5375546063957823,-0.8737833620345173,-1.1691793400896435,0.3795591007745153,0.8695358810940379
2024-05-15,,-1.007106470914753,-0.5250472412130637,-0.22415569877603755,0.025270356166717495,0.7645985264419225,-0.4487690705987933,1.625693501819924,-0.6954116965464128,-0.8042216380538982,0.879241434996397,0.47327775787257104
2024-05-16,,-1.1337323886371655,-0.3169504562691287,-0.21068502675833864,-0.00847051187594132,0.7735180809731839,-0.5444816446674495,1.8556622362702564,-0.6971263639384615,-1.1431364160966166,0.8260004170102361,0.22478623643492412
2024-05-17,,-1.2007623303436525,1.068944050166913,-0.4923125869276472,-0.11243662869597565,0.7036557007095763,-0.5297277726955643,0.4813631440909264,-0.4266512615681066,-1.0287399145194829,0.5524636696222504,0.3955766868301414
2024-05-20,,-1.152865263860653,2.204460270796584,-0.7126259112951793,-0.08273382035434879,0.7967180899855237,-0.49537259543539935,0.32193860264748525,-0.3801373534472417,-0.7325340537399739,0.6788663058552373,0.5197597589541154
2024-05-21,-3.44813174981176,-1.075190951968072,1.6326332285927705,-0.8815350978689969,-0.09493225686306592,0.6913542301204447,-0.4983707265165352,-1.3693463885296298,-0.31905210807350587,-0.904780892509923,0.7237670094232411,0.41122260407631994
2024-05-22,-10.009272730382122,-0.6725055775943019,1.4609147044436372,-1.1831896142821043,-0.09419495524160576,0.5629929845893806,-0.49060330106530414,-1.6370336245145518,-0.39254994546346456,-0.9425567740424079,1.1688825030995156,0.4779681120899676
2024-05-23,-1.8391142574420485,-0.5537057706981409,2.2196422506354576,-1.297485976388954,-0.08056730432646171,0.6412912742648864,-0.5088385087213231,-1.0235663543997005,-0.46658948804894373,-0.9881990586316549,1.3450907099517806,0.5080236884513446
2024-05-24,-0.6695565551316425,-0.573152047810829,-0.15570675770699213,-0.9629002085210248,-0.10516582051870713,0.788052320805791,-0.643594241704717,-1.9882041067582659,-0.6736706993082955,-1.009971407803666,1.41763481808495,0.47046619716429977
2024-05-28,-0.9029458522485178,-0.6465288136675187,-0.10925690082528626,-0.9401068071067251,-0.004519032112025751,0.4344699181412398,-0.5675906023367036,-2.425035238748891,-0.49050898217345645,-1.3688695902098165,2.4156973405379314,0.42164610560638877
2024-05-29,-0.5660969815605837,-0.8364884183059014,0.37111978978210153,-1.014459454853227,0.23940089691174127,0.502326514010896,-0.100684853614777,-2.3179110703762973,-0.24015737670943035,-1.200961761495755,2.2654270734140467,0.378368320013767
2024-05-30,-0.4681462642853131,-0.8001282420174306,0.7039035366717709,-1.0705837531402098,-0.12764042953821653,0.5764121103811477,-0.1148048779031019,-2.158141354307314,-0.4548236430833755,-1.2908369521429113,1.543274581974347,0.17854348741170428
2024-05-31,-0.5689028911555786,-1.68089992950072,0.722432452212526,-0.5672305769855108,0.665992913833341,-0.18748494714658182,,-1.6380605022226917,-0.06395039888964542,-1.740662206917137,1.865593685963679,0.4538018319734608
2024-06-03,-0.24130317635064713,-1.6041856121650635,0.5985760657895367,-1.227402218861735,0.6998355957873218,-0.17283372478717057,-1.0507081871343618,-1.2382043348722969,0.3608903802365939,-1.5998450593819253,1.67409319736217,0.3977077133610497
2024-06-04,-0.9158531635786192,-1.702123338444998,0.980289374423092,-1.2468036934230977,0.3347787750837155,-0.3528806833717101,-1.1865258397414762,-0.9136186735641946,0.11980034574938918,-1.4813078130234678,1.6143999225298789,0.22190038835487957
2024-06-05,-1.1376978990360622,-1.5578222029148014,0.9662784647840155,-1.1819997152134512,-0.10786724991796655,0.12170201225908214,-1.044494388525201,0.12257402124939079,0.156072782439454,-1.2295079918826328,1.1796297106018345,0.17806164108248132
2024-06-06,-0.4733818947714716,-1.3878704982163577,1.1827640813838536,-0.9016274292788824,0.05995499779220609,0.10531836110251874,-0.42600894800109784,-1.8679732345249682,0.42774269531453607,-0.11304421796933445,1.3190210532694921,0.0009855010126764289
2024-06-07,-0.27831602993872423,-1.1029520379056013,1.1137821432532062,-1.0773465488533651,0.3432063083956151,0.362588493790143,-0.9548177092928576,-1.4524169975527483,0.3155664870071231,-0.16579348481046643,0.8904700752950211,0.0019288724048032845
2024-06-10,-0.45962110945423956,-1.027902293165995,0.8760190402414836,-1.093682485228871,0.4434361977910206,0.6609308586593365,-0.87810622990557,-1.7095929682152284,0.5210816760148019,-0.04742743850159239,0.1487351786823638,-0.1875488828438305
2024-06-11,-0.2897184591627319,-0.7399643995748403,0.9967791814223242,-0.5849548307710875,-0.5945050540994101,-0.07775502056012594,-0.8063422246736087,-1.6363649874099977,0.7541603099923556,-0.26038933665665737,0.43295889235765916,0.011841685794230061
2024-06-12,-0.6767424012044837,-0.8814227671310546,0.43388345920139865,-1.1007127273715556,-1.4905032077040279,-0.2606815443870956,-0.6162712406901857,-1.692516193706216,0.7063689897316172,-0.657691933892942,-0.7246382910570377,-0.5099152342777477
2024-06-13,-1.115423297220047,-0.8366999314310477,0.3798842371543685,-1.5105211893245527,-1.6350565680708238,-0.5716064581352025,0.4577019356702801,-1.786548508329359,0.4736584257576967,1.7124206738574173,-0.7011162374698443,-0.9574700479353832
2024-06-14,-0.9401591645066911,-0.9472613726063591,0.6010830179276655,1.5040685937327352,-1.542773747649656,-0.796878348085238,4.216213888286937,-1.6561275281605439,0.34558407247287815,1.3733705634373872,-0.7150399359782446,-1.3418176087107456
2024-06-17,-0.1909595172821705,-0.9753198518167492,0.7372436922242801,1.8306687236998436,-1.4623589143741829,1.6435595672701826,0.798888261164708,-1.44091361863789,0.4414781099518477,0.9754632019145176,-1.3018536265181346,-1.3445684326399274
2024-06-18,-0.2372211100050971,-0.9264135024765333,0.2953594026724777,1.7934199672919124,-1.473979152016014,1.5583321817160174,1.9083678447497572,-1.3843363071876746,0.7072967646263634,1.1445438878721765,-0.9445424403045003,-1.3506221166669115
2024-06-20,-0.0706390729100619,-0.9131496276896538,0.8289372363947975,1.6548504135829785,-1.2161214566570437,1.4550169580823238,0.7456270231242056,-1.1409518962406657,0.6124031121092172,1.6385144464227872,-0.3264121325256597,-1.3878936017651642
2024-06-21,-0.0808155035926362,-0.6914904886947913,0.4439359826114716,1.2758968885848856,-1.0112067218421745,1.4250121667584306,-0.41079257151072557,-0.4414566109518095,0.8744460048091152,1.679452028761545,-1.7667466818062585,-1.6659590022726454
2024-06-24,-0.21933098216787394,-0.25727685208557477,-0.13023712700511902,0.34391774987676316,-0.9391266007798539,1.4686052010465582,-0.393676816819491,0.13183639134481517,1.4638364668752666,1.3782623172638155,-1.9848972529345426,-1.0976283060569039
2024-06-25,0.06382137995099994,0.6121797056576972,-0.5312611867057627,0.4671690548869378,-0.25599636420595584,1.3538112142527516,-0.3532810911928606,0.39359799324191624,1.6911392764189033,1.729101545564949,-2.1009288295408606,-0.8738336724358077
2024-06-26,0.02110485463056031,0.32488904305600064,-0.06484317165245541,-0.41315523085516587,-0.670630198485718,1.3214439277617231,-0.3658298220026666,0.4297563914835786,1.886173338686539,1.1638729587907475,-1.5165895371104587,-1.0201774047070042
2024-06-27,0.27614324280537084,0.532982771604076,-0.01665371963284931,-0.19260366173444074,-0.9028739830491028,1.2303029115248063,-0.3138848344422633,-0.012218451612737314,2.02614251065867,1.025582576062535,1.176875142138794,-1.1429512372734552
2024-06-28,0.30020776684975364,0.5494651574667656,-0.3924823054804937,-0.2551658826949824,-0.5545295096426026,1.0924892763114422,-0.06173643510075394,0.47735421783413723,1.5390080673434159,1.410611203466943,,-1.1409410983785968
2024-07-01,0.07943112625433182,-0.052818545696712835,-0.46445781746091036,0.026490663255750307,-0.09595832767557459,0.713572637570616,0.08616384866081205,0.5176502570710032,1.7010175289901828,1.5757185035504857,-0.39002373027545295,-1.0835528488761783
2024-07-02,0.40733515598482517,0.9419005817590814,-0.6029496976578563,0.22503365956511384,-0.8055229821637918,0.8409867936856172,0.06382814132339243,0.5227789821355079,1.2644720434514551,1.6135231260141212,0.0577895037372718,-1.3138539905426976
2024-07-03,0.6013239436220517,1.0476619381172128,-0.9276565607334487,0.2522149652065648,0.060582861670791154,0.6108478256283656,0.06755526435691046,0.28003947327508827,1.0291825855720285,1.4764110145538238,0.7134442148443266,-1.0034191848008285
2024-07-05,0.48456115401355815,0.622675225402945,-0.7253722006981989,0.6509777027756882,-0.26246693785553815,0.5730463511639761,0.1468787967738267,0.3003008550482191,1.0097274924126731,1.235031752627196,0.5859956421624766,-0.6820368322751069
2024-07-08,0.8145948913965549,1.470383634494674,-0.9564084098561401,0.1986981924027498,0.8364788419078218,0.23465298891273026,0.25524733194988547,-0.12032045016152086,0.20047621674460606,1.2000483762518754,0.20688736711608618,-0.9170626194565982
2024-07-09,0.5609912830109439,0.9115414572714384,-0.8840009882649165,0.5127272021414446,1.4579811170049768,0.7093654750815831,0.011267897330155182,-0.584682489631986,,1.0015630961797117,0.14032424094401416,-0.925381601101158
2024-07-10,0.47429019285936225,0.016038645218818724,-0.5585230851374496,0.3638445103532264,1.2549707032665336,0.7919645735718635,-0.09040658024833334,-0.7711077098844756,,0.30945273235314474,0.2558086492366034,-1.2186825095114449
2024-07-11,0.5476870379047197,0.24892893367964958,-0.5703523913208628,-0.04744181831139088,1.6742213709952685,0.6770259025900778,-0.2277633999556471,-0.3288754741772744,,0.22561333745140863,1.1166667183947097,-0.905216698955048
2024-07-12,0.6150058180324907,-0.026968383309083,-0.6971693013732737,0.47499448367088215,1.9096721403901595,0.6279254851754499,0.04655042755851143,0.11778730593858337,,0.9393163313468657,3.3348862488111073,-0.7501933426297852
2024-07-15,0.6979420302599756,-0.6942539560629937,-0.7481009008547429,0.013008085642660157,1.5462330923532361,0.566419135748128,0.14531465803693064,0.6867786736323868,,1.0291705391814927,2.4134379736238305,-0.7627203496479131
2024-07-16,0.9289401428581658,-0.6807557625224914,-0.8402937451380471,0.14645454496568297,1.4607384993880266,0.5509683444197462,0.13536809808198397,0.8020997161420755,,0.6626395673630777,-0.11226123675795348,-0.8100570507432362
2024-07-17,1.0114318888084346,-1.158387971518593,-0.9709362051842934,-0.03979360597587359,1.2125188387009402,0.5249108987270789,0.3772935478396932,0.952732586590188,,0.6857340911402912,-0.314123682256292,-0.8321747612981774
2024-07-18,1.1423711117419848,0.3829168302357067,-0.799628659751659,-0.4969199867178493,-0.06358966438527183,0.44894826190926795,0.6290769214271474,1.6765791880253764,,0.8616761045703968,0.5932606044958777,-0.48850650415022445
2024-07-19,0.6704637212298217,-0.1854750445158602,-0.5265638475511283,0.190869226419008,-0.4691809191088718,0.47639597476675005,0.5130806156408807,1.3427143965772523,,0.5902977225078513,0.47363224492527534,-0.41122321917790644
2024-07-22,0.9497537894299796,0.23526135978961094,-0.6828391111807695,0.32095162951152123,-0.588024185562281,0.4573351651242922,0.7077962252067173,0.6925880971662001,,0.9087467139698115,0.7216992871222816,0.10439440740177747
2024-07-23,0.25831463644732344,-0.12538007403025822,-0.49891408007268856,0.012507084546443408,-0.490261796382588,0.4196288946953537,0.79072517349433,0.32081847116752654,,0.6734081562775284,0.2476766116512004,0.1321016747154015
2024-07-24,0.44161480550550763,0.5867746556838916,-0.4381156434757574,0.667021065121755,-0.5592334359563971,0.3321325589131933,0.9187611590983269,-0.13026304027235128,-13.76058822837971,1.1065583743571552,0.2999949976003086,-0.003337996659669514
2024-07-25,0.44719907364869765,-0.16113268437990416,-0.43171874934705423,0.3553699762262816,-0.6961802920375785,0.2533041248518993,1.0652962653939897,0.1749998862590279,-2.9616169309397846,1.06023705570354,0.35350338934133196,-0.03326458373677374
2024-07-26,0.478173816648656,-1.7155459883584085,-0.34516168728009033,0.5140839782113363,-1.2000156131532107,0.3029258833187443,1.3524920767198634,0.43025761089437087,-1.806375367545275,1.015565089369434,0.7940581649501712,-0.037739783379529185
2024-07-29,0.04265697899474855,-0.9430185958049739,-0.5577873994148596,0.3260041330452132,-1.1202553124598094,0.4014742669123866,1.4865918720933655,1.0206850438168196,-1.762019624777191,0.9685704029762054,0.494024998080083,0.18052952905290093
2024-07-30,0.11888212160439465,-0.405353513454315,-0.6046349023446461,0.20582976026001482,-0.9783775268178856,0.34235272188515947,1.40022450187997,1.0036543234159667,-1.2439226837784674,0.8315430538895024,0.7513045981174632,0.14350967810337426
2024-07-31,0.8874554221089317,0.41495582877894455,-0.850943820197616,0.028520070737874503,-0.6050632785197196,0.3978059909479874,1.3483396280529327,0.9212930247797103,-1.0539901513928571,0.7374882338023341,4.739489371306184,0.23319927880190203
2024-08-01,0.1387793388714867,-2.6534127384712582,-0.4838307545830335,1.1386618323474564,-0.6101251412674207,0.39704218678408837,1.1888255387734195,1.2621211088391209,-0.8841673807187804,0.5776599263731306,1.8642767003006264,0.1257705254951362
2024-08-02,0.243024447016124,-1.262833791312239,-0.46919417385940404,0.595674642479123,-1.2183490912311103,0.41727048012658063,1.2451485040349557,0.2806079858107841,-0.7478021149847113,0.826981604905002,12.305306201355702,-0.3322518412139791
2024-08-05,1.0821497439762788,-1.6512290297628902,-0.07223079130669748,1.3258414206282076,-0.6261764280650818,0.26117806188193354,1.1575909796831039,-0.3491831601336346,-1.7845290496940185,0.5811157876329939,1.3881240553133785,-0.38820414980220364
2024-08-06,-0.35136200241260357,-2.413369828923677,-0.2078493006190541,1.9978235083393345,0.43410519983863616,0.10375068468282854,1.1262318944636542,-1.7418360724491484,-1.6575552351428773,0.2131961120170969,0.32278448227656514,-0.3570275697064383
2024-08-07,-1.3083685330338621,-2.028970089945754,-0.09985684079180188,1.7203028334349837,-0.45779219026529944,0.09336258530916268,1.064529573308861,-1.415894525578347,-1.5349809501018987,-0.04136912859788627,0.30652095268707186,-0.3695695766356907
2024-08-08,-0.3919237630613162,-1.5735971785797525,-0.4502448306681475,1.1710516910004458,-0.36689272316103444,0.14138935621697396,1.1642832444036904,-1.3367695963577453,-1.0804872593264627,-0.233697616919829,0.3284187971866754,-0.4127137512842237
2024-08-09,-0.739001194094744,-1.9347140065668988,-0.6834546930613109,1.1877080514519636,0.06950538912806901,0.1519301835833322,1.1540554820776696,-0.8251023508079698,-1.1448171199885846,-0.3482808684778808,0.36231950679825425,-0.06937926943201621
2024-08-12,-0.3753494655824179,-1.5442588665822348,-0.9283150233540403,1.2696623489381709,-0.28027643225831805,0.20044078891591663,1.2434387582384472,-1.1134749091419094,-0.7822244617971195,-0.0034934937209036487,0.33014363070556096,-0.2498327011887949
2024-08-13,-0.43738172710939366,-1.5705754910273229,-0.6508531303905064,0.9652902334115268,-0.004571701330023287,0.03665603501250004,1.1601180466455496,-1.4471486030228313,0.25667915684870735,-0.1030811289573799,0.287775206360099,-0.3801073215536123
2024-08-14,-0.5735616936346332,-1.3992272293760748,-0.7222941042711599,0.8362297505518571,0.08355285569889545,-0.08090404743020868,1.150061167152691,-1.0470220059675517,-0.27602051673047706,-0.40264609570081245,0.2895259898760791,-0.2696532451486582
2024-08-15,-0.7590312394924508,-1.1260520065292388,-0.698002593507087,0.7721745593439733,-0.03256878296172454,-0.07560025948159425,1.1046693460970711,-0.990927705051176,0.5584083665915973,-0.3352690789161533,0.3549199232619258,-0.5690965824332993
2024-08-16,-0.9737284793957859,-1.2870394289334521,-0.9853604161029234,0.7632205676435838,0.3111940131170684,-0.005784528325048304,1.0514990772868789,1.3891835472025817,0.26278036496744467,-0.6831836093075935,0.31840409674146036,-0.28585963649971086
2024-08-19,-0.9082752047017335,-1.5035587909477117,-0.9484404167016356,0.5853086699356917,0.4747791503473716,-0.057607818631284294,1.0199332615436103,1.8515749178443153,-0.1220999225495524,-0.675220914136034,0.2802893501228439,-0.5546301453574732
2024-08-20,-1.5958999097786477,-1.4459436853856023,-0.3928604016230925,0.18422426955336393,0.9354507229079682,0.016139335263432097,0.9450167514376475,1.7935273700644114,-0.5243073862655904,-0.9156991261123177,0.2844279436187765,-0.7933211303388068
2024-08-21,-1.4594042925082369,-0.9467668181612625,-0.535075299039006,0.013088951757038668,1.1520296872557059,-0.06957725716594777,0.7651258942830729,1.7221670259448552,-0.17569085987512228,-0.7678721029662078,-0.02769159645643841,-0.4662688201656365
2024-08-22,-1.7939080421523066,-1.1025378806909256,-0.3520527551036977,-0.3115184746881984,1.2594468942457746,-0.06470375056513336,0.6860480848539843,1.61619500956869,-0.2637751035952587,-0.7207135999945159,-0.17568893004595043,0.3361895020974797
2024-08-23,-1.6844224633293559,-1.3747508553367067,-0.27168525670571264,0.08395851044734949,0.9580558357519159,-0.10853906978689953,0.7280527439102432,1.4905656810992765,-0.1286825725287593,-0.7133689645745711,-0.06941491574374378,0.09572344757525621
2024-08-26,-1.5709926718520224,-1.4804107382263487,-0.09692453059209435,-0.014762405176288162,1.2090108238828579,-0.3959144807671776,-0.3355302667265019,1.4459436701608428,0.07946536601073789,-1.078518302566337,-0.16241871089890422,0.8908446398440069
2024-08-27,-1.2755013822714623,-1.4170604124431283,-0.08058530262238073,-0.6514198056342714,0.9369139198691236,-0.28659694426073745,-2.0465705302235153,1.3673234002057537,0.20417626925160426,-0.9699465508718248,-0.17316835004573689,0.9457842835739222
2024-08-28,-1.296622744686637,-1.4261562006151836,0.02872030455071355,-0.7348422849206656,0.8667606187386723,-0.15347212096518964,-1.550524100651601,1.2608403850421035,0.19039027421739083,-1.2617173355223248,0.045947791779133045,1.2303017715191136
2024-08-29,-1.3159775046611537,-1.3324538916008084,0.1445195876195391,-0.7048594778616637,0.6420118636788535,-0.33693597930351626,-0.9604343841325862,1.076059674638034,0.10305352365009524,-1.1976325610338823,0.2922126014446003,1.0816657921614625
2024-08-30,-0.6083387233425133,-0.9657952290951652,-0.9558691899073108,-0.5034939944662965,0.7744228318152558,0.014817904682318682,-0.7533967813038089,1.0030056299706702,-0.13318334412921023,-0.751264340289129,0.3882578513774231,1.964628884858843
2024-09-03,-1.1966224248087736,-0.7783299412386073,-1.173001635885999,-0.1914869022763572,0.9445274734539751,-0.03940406497039734,-0.7033468607762574,0.9507639965503704,-0.2119871631239782,-0.7080774704634881,0.7531340883039591,2.1937479328133964
2024-09-04,-1.321442729264805,-0.6152474275555306,-1.3156777255881618,0.23301613358461712,0.5118736468440852,0.30372438732316914,-0.6778617622495581,0.8990949288603853,-0.164248900109125,-0.03721859803233951,0.9135831501109964,1.1047307238539772
2024-09-05,-1.8017351171739537,-0.5403239140288938,-1.592961354712067,0.5499872464352348,0.9351015278985465,0.4312238548463953,-0.6535688072718073,0.7587249400421506,-0.134915575035951,0.23730515883321157,1.4977808015154928,1.7534653976926682
2024-09-06,-1.2475022199769006,-0.5568218949103126,-1.1113584086365385,0.2642021083255453,0.7393371946000703,-0.006180795098987517,-0.6542961060723156,0.495011501907097,-0.13299717618168613,0.7469061270410353,1.2802471351505562,1.149890342222086
2024-09-09,-1.0315754578398186,-0.6779220917576377,-0.8837760072451282,-1.8823355634373358,0.6100880797510908,0.014182779721602874,-0.6299768887033474,0.2849939430745591,-0.14012910793107927,1.1874013410700521,1.6245818209377625,1.0939716994259863
2024-09-10,-1.3070104710035906,-0.58149828566899,-0.8979939275245068,-1.5646039540036594,0.7322883741982852,-0.005132289556591761,-0.5261519391431555,0.23050319519832596,-0.1661116377075025,0.06529414562664455,1.5306133564226554,1.1862560953498762
2024-09-11,-1.545661634071661,0.01331301567742814,-1.3860991919685242,-0.9143659907297635,0.9522403613852054,-0.2051054725430353,-0.5874855498602262,0.12793439070197557,-0.15989439864618232,2.600158180660454,1.0785852433187564,0.21585879008335992
2024-09-12,-1.5252994322804683,0.24953686574673492,-0.962246693448241,-0.7239170561467558,1.0529279476970101,-0.9506816913262134,-0.5863868178340437,-0.0018699018806282747,-0.0996320570080039,2.2197736080624497,0.5965349823750262,-0.5479668235126254
2024-09-13,-1.492402621787307,0.4418262079252689,-1.0200475634054822,0.15570213301280353,1.0316609870424174,-0.7234415440169553,-0.32861684709962347,0.18338009057938284,-0.09173542296755752,2.107221730394336,-0.003075551651069216,-2.1291976111583626
2024-09-16,-1.495383232745384,0.7309935989462443,-1.3697087339257463,0.5153758832309103,0.9567515021021835,-3.343359822272719,-0.526611058153329,0.24295791760817423,-0.05120783477567632,1.8723632125920755,0.44528144688430726,-1.5552221810217448
2024-09-17,-1.028075016049388,0.9448285553697774,-1.5701358547070157,-0.11336187640136955,0.9624377347577573,,-0.3902669083956018,0.8352506312407585,0.07698966351431563,,0.5622874645783741,-1.6302433867436685
2024-09-18,-0.22430008862637082,1.5006933817446477,-1.5490947191905728,-0.3150050850610843,0.8643086817694722,,-0.49933297271415505,0.6298258857637211,0.1774249694247143,1.094351985369761,1.1575598484519476,-0.9835460750013212
2024-09-19,-1.060588492623543,1.2183691860452672,-1.6205464788041182,-0.05273657872179822,0.7277264119785235,,-0.6026546537737183,0.6182437854460446,0.156927277814303,1.0707494579433896,1.4775835826525883,-0.88309708814469
2024-09-20,-0.7210733034089215,1.3998841145604968,-2.0556378041640895,-0.66524622650133,0.944796068575047,0.3088181864841171,0.13677668532430506,0.7209158433357872,0.10806553173751979,0.9602847130727183,1.0739227091845633,-0.5189932511617893
2024-09-23,-0.7215575885669118,1.2436097509470476,-1.8161787852557345,0.35300302229441066,0.933977083851346,4.430849486647261,-0.04920917664012329,0.929340019435981,0.2578886418064576,0.9016700127554377,0.4271351958354826,-1.229155205689817
2024-09-24,-0.8795674453354829,1.0034860998218078,-1.6216365385479254,0.7890646711070329,1.0047686966420057,0.14391045351860154,-0.20178903605420292,0.9473767918559555,0.440042065687147,0.9912077223849421,0.10526233801919145,-1.0630457342085402
2024-09-25,-0.7007695143653923,0.6558473460755381,-1.0464480203567166,0.6718253999077667,0.9307484247076201,0.7962968290470958,0.021774496866245927,0.9426311473289135,0.4546117418913977,0.9687862418160889,0.02283716289129061,-1.1183023831400865
2024-09-26,-0.6988027740766379,0.9671492478954152,-0.6284809818125177,0.5534876843433865,1.0551216124134697,1.8070011491956475,0.15734567783854225,0.8750280366003351,0.5867059347264871,0.8920637988642454,0.20239780125476392,-1.1378518317554953
2024-09-27,-0.6683119344827329,0.5840791987009105,-1.1280061899706801,0.22949122885108808,1.0356807541147866,7.694466247755039,0.13585834272183675,0.7915264693886916,0.5973237741327916,0.8139639050264081,0.46131716128116584,-0.8360072523778989
2024-09-30,-0.5932573681995903,0.6163845913477414,-1.174293828356207,-0.3780552025602678,0.9981120511584726,1.160214014277105,0.15759450037379666,0.7873860418352787,0.7477818333963391,0.7813727736199338,0.5308264875535768,-0.607328095869358
2024-10-01,-0.2610845438815375,0.833148047050898,-1.2063621851432402,-0.5910979575193166,1.117158679033946,0.8686729043515127,0.19662765870197554,0.7525242065180127,0.8732948531327063,0.7011531899304616,0.448520585098781,-1.1537996409124192
2024-10-02,-0.618561612176821,0.2872601681837261,-0.9031934127609323,-0.16522685062500142,1.0533837270323283,6.218050265864232,0.3900866259546019,0.6647627625037349,0.9955435743173849,0.5380254492375933,0.8653112255465666,-1.3109398205063425
2024-10-03,-0.6323456018025762,-0.222215231386419,-0.8550677527194483,-0.03832378159621712,1.163859480339344,3.532654704381962,1.2324138678131717,0.5142840994468914,0.9333083273863299,0.4963788447896612,0.9723275136277997,-1.1818699711392802
2024-10-04,-0.7162338938094828,-0.3320494267404066,-0.23302240658133302,-0.049666878591681514,1.3650743652966588,3.99352267068661,1.0499417385865504,0.3705269776736999,0.8591335752856445,0.46752297129005516,0.8907290813853026,-1.5445889032823348
2024-10-07,-0.7149240180867181,-0.5955013977632286,-0.37978893006621534,0.12479718868940734,1.1006273238515152,2.484698388567578,1.371965232047032,0.41329028318582284,0.9687746197512076,0.5257811210190377,0.4405089881496579,-1.5849527449046459
2024-10-08,-1.016122583985612,-1.0403463111680962,0.5296655410287247,0.1894414456433315,0.6197749156231208,,1.4313950531625148,0.30687931722243267,1.0355039890295819,0.42562798419787307,0.5445100228263371,-1.566486316283156
2024-10-09,-0.9495001020500293,-0.8354471156875207,0.539818197664307,0.05014112866244451,0.7602561865568128,7.739407284626131,1.5423828260656296,0.2171167873089985,1.1654913099209254,0.4311358201455019,-0.30900333755499254,-1.5952885016344787
2024-10-10,-0.757646029831802,-0.6161960527772914,-0.09806338814500713,0.2573504181365092,0.26347223378366136,4.718853698568977,0.949513670337571,0.5452571698915707,1.261032631272269,0.4180257498886465,-0.12848425192484125,-1.4342941175625878
2024-10-11,-0.6918787237078826,-0.7198959653016419,0.42332610860589687,0.17220735734415735,0.16932573997607514,1.2369153211276789,1.3158172411079216,0.42088429651199716,1.3208544175079837,0.3634573883680695,-0.33337363168085254,-1.5576217486039143
2024-10-14,-0.894413928153383,-0.6144345724991475,0.29324564111470974,-0.8663198167546544,0.3094187497854443,2.2512755977593293,0.9487825576744918,0.5170276062327974,1.3458601601962816,0.38114864229881873,-0.07345316641043223,-1.2665836316034482
2024-10-15,-0.562705930090849,-0.5320726026151126,0.2601886709250675,-1.5785655776083196,0.020020573567011004,0.6508409081383895,1.0343961048507673,0.3403503167399917,1.2665570205582046,0.25743065934192283,0.8600676805187684,-1.0584901020916706
2024-10-16,0.03464963509143102,0.07958682436976663,0.09774061774089825,-1.3635057855476156,-0.326083950911743,0.4230632807464711,0.9894778664398648,0.3466563379798817,1.3501337188081945,0.3290526763977705,1.1219990829256117,-1.338509487505286
2024-10-17,-0.28897432429750014,-0.28418973420102805,0.8011076848921228,-1.4148488867710352,-0.48088432499335887,0.6224177239133499,1.0787753835417935,0.9258192188718736,1.2619403840219598,0.3120622615109598,0.6457305598958771,-1.0891250664626995
2024-10-18,-0.2810807649386407,-0.29193780307194744,0.8508466402131958,-0.717507170823659,-0.6720227289659715,0.8746291684063617,0.8608464727381833,0.8548450239464176,1.3210190940660336,0.2976479070499042,0.46427194547754863,-0.9479484512920687
2024-10-21,0.03664286351761647,-0.09454043395109807,0.7626132856085613,-1.2657311471038684,-0.8214823520324497,0.8509611058020833,0.9099201987045739,0.8428369834234269,1.4645230394033706,0.1719328765855436,0.36015419279228955,-0.9028132523407452
2024-10-22,0.18185803403957093,-0.0395150860991972,1.3980804927555657,-1.4963309393916595,-0.7150214544335742,0.7136769867334949,0.6118287624765146,0.7523283334515005,1.4730335879234588,0.03066200694455501,-0.11476284080312606,-0.5025982975320559
2024-10-23,0.17384578183783236,1.1884502799667884,1.2241755996710093,-1.5415985576970315,-1.058528741002687,0.704157274141174,0.41020760519241856,0.6945587869650068,1.431031250426454,0.08436077898764682,0.6742283948360102,-0.3708447348532846
2024-10-24,-0.4513079311114745,0.7190644970277531,1.2487189402635008,-1.5411634486224004,-0.9241054550591904,0.7501002572962643,0.05890696949942429,0.7017970244668721,1.5296278715975586,-0.039978340975168114,0.17722690029706495,-0.6310077847025316
2024-10-25,-0.5312010333059279,0.8291100257735958,1.2085237364592878,-1.7970952165210448,-1.2349737328713006,0.633729258510358,0.23343477452769953,0.4143816898487412,1.5473258950598214,0.05414859656718454,0.31389324201257596,-0.2612530898486586
2024-10-28,-0.5346564689395288,0.8758122992839644,1.4461045641034518,-1.5915105522774262,-0.872248490282781,0.8473975683223458,0.38967606864498444,0.2018759612310843,-2.915411615710638,-0.13960417389648197,0.5928414563177821,-0.3825942325132077
2024-10-29,-0.12238982983000486,0.5937752619403096,1.2381578807344875,-1.8593785683249415,-0.22168609685188437,0.9925936014762418,0.6553228085373362,-0.15574796200782043,-4.021367167233135,-0.34672926440324975,1.14001438181959,-0.5454362934618815
2024-10-30,-0.40310747287596826,0.7149711949972759,0.7541598787181216,-1.3680505767597608,-0.0035300809242928897,0.8005617808042947,0.8149598279527852,-0.1903947713596723,-1.5072238776744191,-0.4840854194978543,1.142037992894257,-0.1280315291563494
2024-10-31,-0.6688819799536486,0.7358036539063058,1.0583250965369602,-0.8520599569723993,-1.7174242223319072,0.5045155020004164,0.7399457339575101,-0.10837154319693049,-1.1344061162092551,-0.3811786199697855,0.5215354081761405,-0.17636234743272183
2024-11-01,-0.7714525879863303,-0.7869023748924415,1.1957350851341448,-0.25148667220127774,-1.1400010896870638,0.441482054636296,0.768931208311992,-0.2591941515791764,-1.8434131495023878,-0.7828030422504078,0.9332524834977244,0.11059557026362263
2024-11-04,-1.3690191469851516,-0.45127405110209184,1.1261337965465645,-0.8324988854126628,-1.7367381776760829,0.3801173031686648,0.8650834088303412,0.02488396002863083,-4.4600778550397475,-0.6254224382290565,1.0366716041371216,0.11452927773407781
2024-11-05,-1.4370789099230172,-0.6351217941159042,1.313350535601067,-0.8331895201286121,-1.7057958045372366,0.40040302768780534,0.7947753467689995,0.23351060175926133,-1.1579116563924465,-0.7386497613638171,0.9339468012683264,-0.022836625165974508
2024-11-06,-1.4021456569015451,-0.6523390916589146,1.29618160026253,-0.5543839953613523,-1.8037484814691696,0.3938274584916001,0.656673766148749,0.09409459772452387,-1.696632790556097,-0.8296086005162856,0.6099294939648771,-0.3421525475332934
2024-11-07,-1.575470673273346,-0.4375525075888941,1.0964710121935066,-1.0509812238833136,-1.9006719769366067,0.47019960197428623,0.7470018958596696,1.156834255798886,-1.7450974524679852,-0.30790242540809293,0.752378221987165,0.3476626081558693
2024-11-08,-1.3319259871816296,-0.38513555319186293,0.7479757390826596,-1.1917572591416878,-1.5700222463755953,0.38133305582631244,0.7563010328451913,0.4471037343701324,-2.2042144709249656,-0.17388761997207883,0.11193564334599702,0.32670218165289405
2024-11-11,-1.347644658788792,-0.6994108643785258,0.6390173623728439,-1.1180996920808388,-1.344351908425766,0.3154091617991996,0.08542378557820725,0.3091620355222852,-2.0051978717167294,0.014686083409506102,-0.23225284628369028,0.5521489892340493
2024-11-12,-1.3430471309166134,-0.9991428412900034,0.5363695526117034,-1.506849878343042,-0.9753130379016519,0.4896206596320934,,0.7934110758487996,-0.779356898052081,-0.03143406203572009,-0.5804178672778334,0.17315515290956435
2024-11-13,-1.2943573143621148,-0.3675673986988593,0.780937935402254,-1.7085769776494841,-0.25663752716353616,0.9148033911426376,,0.7270795824484398,-0.24392771872507052,-0.08893820631767561,-1.8743888192678015,-0.09688265963437799
2024-11-14,-1.1234321169869714,-0.02111598051264745,0.5872729476845091,-1.645708455990573,2.3024333317138383,1.098216652701228,,1.0285404392146946,-0.3390280092773791,-0.13904066676684781,-2.3480792955632674,-0.6102160897905964
2024-11-15,-0.6883088997349396,0.2509848464444808,0.7799807160371893,-1.438338842851443,0.7992439594247333,1.079159983816514,0.06003605979022129,-0.1161637484070579,-0.07175292820924949,-0.48166357528313913,-1.1779473378587688,-0.5057858585463275
2024-11-18,-0.7172063829656148,-0.35782097914770455,1.0452798420106744,-1.3504148413447172,-0.08428198938998678,0.5849195180632217,0.31325577223058726,-0.1223909077474823,0.008306035613678903,-0.6177377129557803,-0.6668980277978134,-0.44022425710334956
2024-11-19,-0.25414234847857825,-0.3825799342197375,0.6810435512394667,-1.264379131942795,-0.6433274894893724,0.539431463804176,0.5882056963406177,-0.4033572713304212,0.07570109560153382,-0.5387107382811712,0.4020618110220362,0.20448171000176046
2024-11-20,-0.35614463644313593,-0.4473888168554355,1.2512586647524537,-1.090381409467587,-0.5696991890732722,0.5543200629459127,0.4874892100642792,-0.9015347308767144,0.22758203342289415,-0.4486310301226127,0.030566019654239253,-0.6758134508008978
2024-11-21,-0.1804539896913805,-0.7407937774348645,1.1752070138746598,-0.7346696653420106,-0.5210042946803017,0.5820954422396328,0.3439473401366091,-0.6433088085580855,0.2463355249456246,-0.31484063440484966,-2.663471842940139,-0.9206116698289727
2024-11-22,-0.4608667873326198,-1.3300642255769197,0.5695095280396679,-0.057237018395692806,-0.1797156011093351,0.7760475341264877,0.10657690895503544,-0.7640669728781662,0.10940202431261012,-0.42634263771614533,-2.464423241262849,-1.1360539268824081
2024-11-25,-0.16545515690149307,-0.7819425239929211,-0.1545883366110972,-0.18714351609629862,-0.2445141870011174,1.084430804023166,-0.21298413146736106,-0.020459227575601296,-0.2459906031307133,-0.6442690575986287,-1.911611674955882,-1.1849207161305169
2024-11-26,0.5103814964227829,-0.4884817115102435,-1.1073843097807545,-0.4462169589499728,-0.5982381643068861,1.5033244951999112,0.1754824826992729,0.04067183229956904,-0.18015476029141028,-1.406619060099164,-1.2828053486350648,-0.40874329000813914
2024-11-27,0.8116589035530354,0.5321209658567478,-1.2345353792563496,-0.3783973199377413,0.018793730013439546,1.8437900819212403,0.1572376493678172,0.5142410325571342,-0.1971535098097851,-1.2757918030016038,-1.7238715646838134,-0.7861085083963844
2024-11-29,1.1972046127872515,0.4920511007483143,-0.9381143159881357,-0.10527316321527569,-0.20247092981161305,1.6265040960561377,0.2304687801224982,0.33406967505205987,-0.19342879319441272,-2.006120587803685,-1.1570498084784278,-0.6479064145806357
2024-12-02,1.5293755775968652,0.16282486946042957,-0.7623285699722262,,-0.16542891993822134,1.739570996846802,0.09538320065038897,-0.11997901217699605,-0.16780994354676615,-1.8832767391914065,-0.9008279165824467,-0.5379005865887138
2024-12-03,1.6339990596714975,0.7543596544387443,-0.9753913883351841,0.5289338184242498,-0.25223073487259,1.7682848880363182,-0.0283825162979854,-0.28937150558343017,-0.2951468103322695,-2.5175318692789954,-0.07460565861196974,-0.6333622484605468
2024-12-04,1.8063264928852734,0.7106898180766441,-0.9869147735724109,0.7822187188956757,-0.15094718465191023,1.8780245505349986,-0.13440016412547592,-0.534996732726335,-1.0630172092272168,0.05672905673338176,-0.27176280114500506,-1.406832064808362
2024-12-05,1.4220346921353078,0.7567288154260559,-0.8247066393815751,2.390677049488699,-0.09319916458818504,2.4610065736161943,1.1824117379184265,-1.0778215716303534,-1.714921880594804,-0.33523029749223904,-0.8345812031929265,-1.7237775235451183
2024-12-06,1.4109538296211641,1.5588071647389496,-0.6779209430526538,0.974799005530396,-0.05536563460813259,2.8321255549855615,1.0433042203378666,-0.6675717187938444,-2.51929584167235,0.05103073890169279,-1.261472119183002,-1.7250594674475106
2024-12-09,1.2133304074611644,1.5658909715307543,-1.1466523316706208,0.1197883329537263,0.15751846448052,-6.280421721275216,0.9707772416843937,-1.1825922415982304,-2.5112739200562384,-0.6166193355119471,-1.4424028938099676,-1.5537879977155442
2024-12-10,1.4498251620472105,1.9541379197261814,-1.3806972043151795,0.15460604109401224,1.5799630265599944,,0.5529612739398724,-1.8897459251553888,-1.9558344405417356,-0.7750149000512269,-0.7670168246118637,-1.3547236950027686
2024-12-11,1.301597639512043,2.1894152404830187,-1.433700287481283,-0.04020180814792311,1.3102386011731157,,0.6169886225082823,-1.9504949367171183,-1.6409352654675569,1.1616967163385985,-1.0234061493703763,-1.3060062288232859
2024-12-12,1.197259744174704,2.0152722408075867,-1.3593390076475809,0.4541596835475554,1.0788188234030966,,0.5848019763391384,-2.214755120464807,-1.7597130640735639,,-0.7088560402274008,-1.286029605080678
2024-12-13,1.341640006573429,2.050837112183782,-1.6338711457519364,0.2859815301847673,0.37599862019651936,-0.3900916180518324,0.742672804746441,-1.8264094230666497,-1.9056271842118866,,-0.7232816943466965,-1.1453099016555486
2024-12-16,1.233591064837386,1.7786946928680547,-1.7092532440320272,1.710237719269707,1.1267323734046044,-0.7135883949479965,0.3623111789767988,-1.718272585134536,-1.5333374348848188,,-0.7486385244307915,-1.1061051999625493
2024-12-17,0.9800034352312152,1.6758355923335657,0.2504904951657936,,1.3642737368999331,-0.868956847121431,0.21814277828386702,-1.4335919041434022,-1.0600035934726793,,-1.2194463709276817,-1.2589913727425397
2024-12-18,0.4884644957162626,1.161909996652463,,-1.750231830871421,1.1000683965019582,-0.9235180296507947,-0.1167044574497871,-1.356368247701283,-0.9214925603702921,,-0.8560416054226282,-1.1879377045067647
2024-12-19,0.6901053290230214,1.3403647292915386,-0.6831548479015563,0.2923928106418774,0.2549555709871665,-0.8866108582484337,-0.3488662253652918,-1.0797242765497024,-0.279041798955991,,-0.5291677484176858,-0.9946405727416249
2024-12-20,0.45065880364429717,1.1527622230352388,-1.0096425679353225,0.9199616788995445,0.2548613992142863,-0.9788255917857026,-0.5395706000822256,-0.9749401747695691,0.02120301869757171,7.716666440470781,-1.0732413014483968,-0.984816881369116
2024-12-23,-0.22839660625154137,0.8947587592670664,-1.023246812547859,0.9325809807082918,0.3624991430035221,-0.7895908256731855,-0.4406923308674015,-1.0288262275577817,0.06330324681293939,,-0.9428725203592457,-0.9057812455987345
2024-12-24,0.3205830505873657,0.6494150212760383,-0.9034895533491442,0.3998255470791286,-0.004292915964613797,-0.8377254709917491,-0.854724570327839,-0.9567360947311061,-0.5044403687602583,,0.05443718213072714,-0.6162429907207967
2024-12-26,-1.4991447921205208,0.5935235646011198,-0.902844432610554,0.22601907570945112,-0.050201498733220794,-0.9240995654735132,-1.068795467750895,-0.7946293728353243,-0.38613185318483845,,0.024423486986185548,-0.4636644483665302
2024-12-27,-1.8116886644323842,0.41338594570114495,-0.9010707820604672,-0.4213695055774239,-0.06679202495062612,-0.7955047898184414,-1.1612068836546185,-0.7931702237173284,-0.5467528533782288,5.828388768175892,-0.08371089649036391,-0.4892836221916009
2024-12-30,-0.3183307977750628,0.19584103318297394,-0.6490612373077081,-0.838759664749618,0.019131413083364034,-0.6941609232779045,-1.0920674008320348,-0.8664267917817984,-0.615244651932299,6.3948588045556995,0.2853887332981065,-0.27192336350789675
2024-12-31,0.08089643486548752,0.07502149014761887,-0.5740694153774701,-0.4260873450967766,-0.046940276936205685,-0.4860993319879741,-0.9308194466832527,-0.8833997522752319,-0.573002776613372,2.4322024769809367,0.22924596240931863,-0.3940458890680761
2025-01-02,0.02586066419398493,-0.022836902592944353,-0.38140141879121786,-0.26373471155353767,-0.0714966490594596,-0.4975276506758824,-0.9088178889293146,-0.8616018015771431,-0.48061491208474305,1.4760287869783992,0.4381996319607349,-0.24179923682921345
2025-01-03,-0.07672196516149371,-0.19100945986434456,-0.12080838909089132,-0.3482154460272091,0.039729147426035345,-0.5218554438402117,-1.025379426171036,-0.9196971054524639,-0.30885015792111525,1.0742024752202817,0.5331831986158543,-0.25863070422236784
2025-01-06,-0.17464763383057258,-0.2789312298166015,-0.001017815007914839,0.3071879406782327,0.44431292554246055,-1.069561477236373,-1.2959182928471746,-0.8237780742141543,-0.34524586785678485,1.1640809177295486,0.9368136134295045,-0.0374508433753203
2025-01-07,-0.2006813079360798,-0.3195175035048426,0.28871950335602037,0.34661768546591254,0.754729916476901,-1.0248338643541395,-1.434237804430634,-0.637351776181829,-0.44875756990001886,3.0023182408442284,0.8736218008463128,-0.08636657413790658
2025-01-08,-0.35639085248622854,-0.14779130486802416,-0.1938742350773603,0.15402182896952343,1.154002913103083,-1.0827866945470754,-1.4378670083186802,-0.6495806958488181,-0.30112787407468683,2.4936319111418426,1.7426193083024908,0.4110451676506222
2025-01-10,-0.23134000850444542,0.05872057247240268,-0.19309306873642668,0.04864298644167183,0.3896091657953803,-0.9829861824997194,-1.328929696409311,-0.6514086817022896,-0.40455151889120766,1.7494513894657755,1.5778026539226622,0.4079844845616276
2025-01-13,-0.2048844393417764,0.29177993789662166,-0.18102480515301725,-0.08839732379671814,0.13890914837673324,-0.9933934406531708,-1.3352356161625751,-0.5940912511191864,-0.35270686752838787,5.6293371638508285,1.9191776706597652,0.5203972450521974
2025-01-14,-0.42050109924514745,0.29514642427069904,-0.15191886400672658,-0.25694962907225477,0.5651444134010438,-0.8765806192383847,-1.1843312883672426,-0.37941567322773717,-0.37958497599547025,2.881401042890989,1.8737192358405976,0.7558035947422926
2025-01-15,-0.452229558579563,0.045882101042734984,-0.2951487214988073,-0.06274636590806532,0.42330284465249496,-0.7888003454709435,-1.0774960434396144,-0.2488056134108932,-0.32915134400387436,1.2986493117327826,1.8294667947831895,0.8726935710460585
2025-01-16,-0.23165451330769676,0.35144390416991134,-0.22895840732164696,0.0423974327497249,0.6200875226264134,-0.834564648645474,-1.2346818397090504,-0.21971534083456157,-0.2132447701241315,1.7738704898641384,1.582688316457403,0.9499656656388816
2025-01-17,-0.1729003701307948,0.434065188518357,-0.2089918567625598,-0.06945941868412474,0.7174409339676219,-0.4010782326750733,-1.2522032804630157,-0.2119206609742618,-0.15512008298162788,0.9640711185768078,1.3931516741073922,-0.0769017842426506
2025-01-21,-0.1484136642881842,0.384145325115992,-0.10119911643781848,-0.09885735091450494,0.8011791631142388,-0.4788122052721625,-1.3062220394397748,-0.2206738056179254,0.18993016770681584,0.9626933445553717,1.3944983301173304,0.30398896963398264
2025-01-22,,0.03892289413487772,0.06568540429810207,-0.08850697416390016,0.8778634147341297,-0.3671089384987769,-1.330068070937629,0.0860854126169117,0.2669993487902442,0.37219476833698484,1.0041238932180425,0.6497925652647397
2025-01-23,,0.7930790202722902,0.24910264165151869,-0.05384371818163472,0.6418835703848839,-0.5910343137217522,-1.2220321473204867,0.06547101462343345,0.20638057521696368,0.672340525640887,1.0451258520218454,0.6216521656841434
2025-01-24,,0.793466340656961,0.2361446353113493,-0.07208111225436972,0.6508303180328381,-0.5789589295267471,-1.0867014552196967,0.3106140911616898,0.1712973181689529,0.708828066601201,0.5054775995857554,0.9849682918021992
2025-01-27,,0.8662593611144115,-0.029011865801226135,-0.05268944721927474,1.1953207641025307,-0.5024682047848741,-0.9481065973681736,0.3161053416422409,0.12096966858307358,0.6430197582868294,0.71968260397047,-0.675148158036006
2025-01-28,-0.45510426865413034,1.3388871132751476,-0.9532960021260642,-0.2692248295487837,1.5930767792562195,0.24142416361672,-0.03060604740179146,-0.7307933006031718,0.3227874421521525,-0.1649810343174809,,0.7616352397607494
2025-01-29,-0.1380328002374968,1.3165115122721645,-1.0205531720860406,-0.3728337909048234,0.41120683987871215,0.18764488463544096,0.2232167402925814,-0.7846862559823298,-0.03753372949608068,-0.16516280176186424,-2.223534466655423,-0.5845206040859983
2025-01-30,-0.05814264086223888,0.4742079416698594,-1.1264003010047063,-0.2794293846624073,1.5734405227112669,0.23133031898337647,0.004721671283364911,-0.7225922907452701,0.07483897166640131,-0.16404823570097823,,-0.41183309055762396
2025-01-31,-0.327596362196391,-0.7805763144320843,-1.091044325823216,-0.17403863039158513,1.671103721664245,0.3796338786167611,-0.4841994803262741,-0.40376037076096083,0.4135458681083066,0.18295193882062732,-4.889732861353391,0.4115959964623421
2025-02-03,-0.45707212456529317,-0.6449035371311123,-1.162312461372224,-0.033497027407487424,1.3771987620225958,0.16873468042486833,-0.4946037816473782,-0.24712971381610105,0.1833958184875007,0.26057262185033725,,0.46029292476958955
2025-02-04,-0.9152914014552103,-0.6557022354011037,-1.1419785665568813,0.007807837510635814,1.3500178887725633,0.35519904814342734,-0.5364681093948677,0.2282618378412449,0.3536125575317323,0.42697565393563514,-14.306071789705639,0.11838362274620806
2025-02-05,-0.8513019542075496,-0.92080259944911,-1.0557703310708548,-0.09097473182405634,1.5127239240576689,0.3687431734010381,-0.4402102994358116,0.20029423884687425,0.2856759485047747,0.2764586306907652,,0.001029430571356667
2025-02-06,-0.8511243818857313,-1.1979696922528476,-0.9343945466501705,-0.0727495497242944,0.33569141220884385,0.1402307445085982,-0.43913585968675123,0.6764850073777411,0.4328887736578674,0.3285849658246537,,0.03171884275250874
2025-02-07,-0.8453298888990733,-1.0989421559147832,-0.6573343045613043,-0.1387088665495421,-0.012361278669967658,0.04449434384640158,-0.938700367797267,0.35049074169448874,0.29401294228365904,0.3825808922768676,-0.09649381280814474,0.4660314718287509
2025-02-10,-1.2127177786866294,-1.474171214235375,-0.23803524044790933,-0.2551909922697717,-0.20321501855777838,0.13630096692967664,-0.9806220607306043,0.5921519053096153,0.23525502970318182,0.7890887989943647,-0.10278924660409164,0.056329984490718764
2025-02-11,-1.2511336637241408,-1.5012360861936973,-0.23711544728682224,-0.2623549584643234,0.0995208247359835,0.7696256912496439,-0.9885810957760355,0.6319384139528426,0.4886007181953798,0.8507641628074024,-0.3661794114998224,0.018408311589973615
2025-02-12,-0.9434565320809478,-1.4474774424270298,-0.3150543985745582,-0.32396132636205405,0.2459898766539516,1.073344959451188,-1.0360031364380504,0.30554733751024193,1.3286416365617548,0.7291542209022305,-0.3212589215448491,-0.12566107739453264
2025-02-13,-0.5387865435128641,-1.4258834989910312,-0.39322109429408725,-0.330005798157641,0.5010706888649465,1.1951885638728343,-0.8444635438903991,0.3181129760804504,1.9306038221363817,0.32384797800247556,-0.3269928048844912,0.17353219954864316
2025-02-14,-0.3228764730709083,-1.6080028613389254,-0.35057918652695597,-0.5541185642388194,0.30396494093056836,0.845728814996207,-0.7900636306050758,0.9776664694574756,1.8719977009959623,0.14410803734940061,-0.32300536924888495,0.22514329233776822
2025-02-18,-0.07679358179205716,-1.6365053585679328,0.03751091410763289,-0.7152812089422893,0.6295861664834893,0.8202560679487243,-0.7900994789305491,1.4408172316249523,2.1302540201154083,0.13459663042913206,-0.2321068985978439,0.8066148276113415
2025-02-19,-0.1862705558083276,-1.586362026716945,-0.21606086970840765,-1.035920849244778,0.694554602023123,0.8416638411202579,-0.747537901576542,0.8847426186530616,,0.516035850807041,-0.30830735843409923,1.275609904254139
2025-02-20,-0.15594388923953892,-1.413176383849473,-0.19579253726767132,-1.1117015848897547,0.8020654983140842,0.6924897522545814,-0.7393172606773363,1.0542138063820936,0.6961833684517393,0.804907671975318,-0.8176665205922921,2.4053260030557206
2025-02-21,-0.13303754924757227,-1.4123743704896383,0.20288747507408153,-1.2155780765056519,0.7913660539583542,0.6857071388023446,-0.7376820769900263,0.881084983854082,-0.11334183641219257,0.326141832410057,-0.6012096520948418,1.8470944874106203
2025-02-24,0.02731227247367626,-1.277053987149074,0.7188014085251565,-1.1098479915979451,0.8452833734263907,0.6682023293256678,-0.7912919569566268,1.158802937837673,0.705502018776913,0.3835416412437472,-0.49323180527038535,1.4853610213422386
2025-02-25,0.261904120626403,-1.2061625303208312,0.6547509029150996,-1.2820010007679947,0.7899171057723914,0.8508373069041646,-0.7330039642023257,0.9119769369168202,0.9864462198779707,1.2350274566317139,-0.5575220628862684,1.3448450185270373
2025-02-26,0.33984824630551164,-1.0880796879949353,0.6837986009237255,-1.3563789470998397,0.2628368384076206,0.9860052665721045,-0.7619470087176912,2.098311853608728,0.9087597755387845,1.6359941075566349,-0.5255597906851801,1.0203007785499911
2025-02-27,-0.15905920735091467,-1.0863185966557267,0.9818958098563582,-1.2524272872199196,0.30188558246118746,0.8528302456474299,-0.5761301258654018,1.6513362120656454,0.7730630491837288,1.6059749200455893,-0.532825440169678,1.1702553665795614
2025-02-28,-0.15883311438325695,-0.9415545165725492,0.8822627608023851,-1.2680909667726326,0.15446856795354177,0.9772118127239373,-0.4382106915453198,2.031327271872943,0.5352346285675861,1.8660519247273761,-0.6772142786755556,1.1600532577641205
2025-03-03,0.12461976107010221,-0.7572507422936781,1.0310408459301106,-1.4544128954732392,0.09671181739865094,0.9468716326475953,-0.42901770099379916,1.8669245059562456,0.03348341552833184,1.4665671776444134,-0.522968203010283,1.0857319301112356
2025-03-04,0.07364093218184174,-0.73709638432458,0.6179007564526539,-1.4744184912942957,0.5466465220488528,1.126573472310473,-0.4408796802666032,1.8441276327645355,-0.5385698592298488,1.7282814505696986,-0.5426155522469474,0.8485438551315462
2025-03-05,-0.11695709010606163,-0.6746229807166467,1.03755636325755,-1.5911537763896586,1.057699424740508,1.3872794860634896,-0.6039760716608885,1.540231553298656,0.1878289891305691,1.392617614821821,-0.576585422791865,0.7545338395330033
2025-03-06,-0.1820376710077399,0.03631581380553411,0.604532895469849,-1.6986951887574437,0.9782985122985306,1.498936327570729,-0.5089092745710727,1.6897256459990615,0.1146255831025154,1.4029851243945124,-0.46195872422224776,0.7615925848482245
2025-03-07,-0.05918275764548197,0.3258665519791215,0.6782297887202453,-1.5622934293202495,0.9588853728488403,1.7114557928627436,-0.5262209772286158,1.5754723750260506,0.15278757734740625,1.1135175459356168,-0.37689442393765094,0.7299682164732634
2025-03-10,0.26150821937046775,-0.14044789161748503,0.32725404952748244,-1.2411542520971293,0.9380139752247811,1.7596507864458057,-0.12718377188748403,1.2241291043607772,0.11836766414820618,1.2258673647532223,-0.20449739914241621,0.6867128866009432
2025-03-11,-0.38479904237361884,-0.22260103612313853,1.272588375460276,-1.0178889771976956,1.0839982860783104,1.776077248905784,-0.12130095770751685,0.9426422463186458,0.12073813917561921,1.3095124636041655,-0.1990592151088743,0.6600215066124353
2025-03-12,-0.7664167249181689,-0.052230376382381066,1.5947248882498692,-0.6295615761396058,1.1605576959154802,1.7482932308949635,-0.41374063777630277,-0.0035365437532844613,0.0946596366481547,0.9223707778034239,-0.2946925313593953,0.07835821800326544
2025-03-13,-0.8671066956965062,-0.08398202048472213,1.67971014572273,-0.8310756747522295,1.2656571175518765,-5.149589091579729,-0.4613169278341481,-0.5118953668575548,0.15583544822599482,1.1402430333025038,-0.5168551702981028,-0.18786585036274447
2025-03-14,-0.5956568605658438,-0.0065682321423454725,1.1942874043425484,-0.025626302460929663,1.3283339497378188,-0.6071795774568772,-0.5690862024391268,-0.7868356490329125,-0.25520843507224233,1.1199878477694487,-0.3712581411541004,-0.2529437612883297
2025-03-17,-0.7345747912803793,0.2577585206622694,1.3688909035522232,-0.16863695088107244,1.4131695115456813,-0.28045735289219825,-0.5622269312461546,-0.9879669492769497,0.007590830956634811,0.6253778573824373,-0.31382949928415776,-0.28746319275855475
2025-03-18,-0.8045766525583559,0.20861624931650424,1.2303461534989923,-0.21805587071932697,1.6282478999257979,-0.1851690156566239,-0.4845013789459926,-0.8888376314098416,-0.8886274796509571,0.9196017038728727,-0.27745515329841525,0.010336206372206733
2025-03-19,-0.7486113958677998,0.12335476217492822,1.0812148566647934,-0.2047714240963298,1.308598930486864,-0.32597101062843015,-0.42579403119889814,-1.1198040170788803,-1.067143731839479,0.7721979619004626,-0.2573793165644487,0.09806032928539224
2025-03-20,-0.762466448173348,0.28394655202784946,0.925291007797296,-0.1468282675481819,1.4155150507685794,-0.5874290713548127,-0.4314511469242728,-0.9040901865323243,0.3986639065413878,0.7601472854958248,-0.27353322313693845,0.18806695917195596
2025-03-21,-0.8209334779858642,0.37252914514850255,1.09748476345964,-0.1847186101296456,1.4651772346469274,-0.4198442307713265,-0.4082576705512464,-1.070439546673664,0.4010930364950551,0.8774111097616166,-0.2042593946635795,0.12688465245805097
2025-03-24,-0.5868626888520555,0.7109781063161025,0.9897682006724051,-0.14269007891334323,0.8439944367309233,-0.5567201326642197,-0.3176173894059263,-1.2912550930684605,0.3553940865442266,0.7270731032548885,-0.4805191888823268,-0.07946781674356121
2025-03-25,-0.5089130063163901,0.5004476945258508,0.83077543228994,-0.24267902806255387,-5.186193148290402,-0.43188144524026534,-0.17235350116015874,-1.1072946809798003,0.35788636497441373,0.5558808319080909,-0.38496140478729185,0.43194264192732085
2025-03-26,-0.2286637598070023,0.6239272312862976,0.6302523935553039,-0.32067155278757237,-2.6956542406444375,-0.07880310158682235,-0.051030603564057954,-1.1260499162720918,0.3430601368853223,0.33562812816800974,-0.5186662848660837,0.21491603791803812
2025-03-27,-0.18727554485572556,0.6778938461934578,0.47795442537486416,-0.3965935300137341,-0.9164414674341297,-0.08816650198915887,-0.1974408367817318,-0.34331106069101447,0.2775298800204821,0.19749094459715796,-0.33481790625924207,0.48072321387521855
2025-03-28,0.21212632401608023,0.9290379418325804,0.5072988286246157,-0.36681613971633387,0.3486540115446491,-0.03754973265816649,-0.23491131751363428,-0.5125793088188677,0.3113216397080775,0.1839767033989252,-0.24848986641719048,0.14242976757185155
2025-03-31,-0.16342539855785151,0.4434780824591912,0.8892656123966216,-0.45347715170629027,0.41054000905790794,-0.2060951000950573,-0.389866403948709,-0.44323489932336496,0.21048529902913804,0.2407172828043449,-0.7806804877632724,-0.11742362578150331
2025-04-01,0.3144617680406632,0.0931588521807177,0.8186963993066559,-0.5294655134268321,0.42447595094472235,-0.3037637751347635,-0.4228705999902138,0.04243517297358544,0.18825290049887755,0.05933662671918511,-0.6738089014895057,0.25103652399201226
2025-04-02,0.3578342338561746,0.5641130327142982,0.8771418683121432,-0.41445876677038157,0.37715877444142293,-0.5128506428286199,-0.3530694245434407,-0.2109890631813853,-0.012466708209438375,0.07967287296218113,-1.0840694735255672,-0.03337593635465143
2025-04-03,0.3891969218675062,0.3808268388558748,0.7693402148712799,-0.38723525584293184,0.3894960654848186,-0.4973642858954411,-0.33328038029584184,-0.5077455410711311,-0.14961193608302062,0.3559371476863415,-1.198826738456887,-0.10938615897898975
2025-04-04,-1.1218974805232613,1.1831570913601628,1.1771854408638123,-0.3337896540858981,0.44833324637000277,-0.60342732605144,-0.49032327366907813,-1.932070145279844,0.2752514428657143,1.2927816663629101,-2.132337192285179,-1.0003603402394659
2025-04-07,-1.5156052523103933,1.3014550319186968,0.39011831446739736,0.23650621641840597,0.24715259763666583,-0.771308799337087,-0.5467150223865656,-1.8002605419727207,-0.26985381711115336,1.607466768557206,-2.2705985494307344,-1.5597695340789375
2025-04-08,-1.2854818357911248,1.0728387629094511,-1.7313431690145968,0.7966479457930229,0.012982154839224078,-1.4211860984128435,-0.43876635693482435,-1.554407401986749,-0.4583523822805615,1.458679446618371,-1.9423701826371627,-1.2814928260934597
2025-04-09,1.3922362831958564,1.1499130274709555,,1.4301825042427327,-0.34444114364316425,-1.1559374740859225,-0.22269665027914162,-0.8472039319189827,-0.9055727977633298,1.5484934132462609,-1.19970987267843,-1.5445890041800896
2025-04-10,-1.274839721941619,1.5050050981377812,0.5875501848840041,1.0963793604835326,0.36061632314533176,-1.3214199037440884,-0.19720920606241046,-0.8616305881190544,-0.39630173497785337,0.3577798500808529,-1.0647195285011835,-0.8803008285298429
2025-04-11,-1.1811133254663257,1.5144912930936916,0.3164471496721636,1.0451849595957694,0.17174987910770112,-1.5923605025434449,-0.2924618267110669,-0.8980884754045183,-0.687182450416943,0.5791405962076844,0.28226100739698007,-1.2950796468326233
2025-04-14,-1.0312854526423167,1.4258310298853956,0.31368672784794877,1.4786833629544818,0.3954058914807316,-1.4893604227714299,-0.408326744863742,-0.773345096664319,-0.9307142376844688,-0.2601830635575604,-0.7760740022112061,-1.4832263174503866
2025-04-15,-0.842142000641612,1.3027121963246446,0.49142750707609606,1.073591017250294,0.3872302460691278,-1.6282646339653306,-0.4532513712221628,-0.4589528880382114,-0.672766845109848,-0.12271797509743868,-0.17127791212016266,-1.3919535362542268
2025-04-16,-1.0459006987472417,1.102443839886705,0.43656270023098814,1.08867735873083,0.39658023202456455,-1.561684968875852,-0.42649962433056493,0.31643474785632264,-0.8662598483192109,-0.323935595709454,0.8817468018546439,-1.2173061124664943
2025-04-17,-1.151191046487437,1.0232745357352815,0.5256774278236851,1.3972190187489015,0.09330914021416367,-1.5504426829767248,-0.3582865818210223,0.6276329384791758,-0.9188050626769785,0.0019310064789374326,-0.4873372658458182,-1.1615078706433601
2025-04-21,-0.9197482841235852,0.8675080777078827,0.5133178905321125,1.2210533903071992,0.06324836545652733,-1.2432356235343576,-0.3792898506036863,0.28168335077027845,-1.0424210354579821,-0.0184089807655841,-0.45739576278621064,-1.0428000735311325
2025-04-22,-0.8571047608810343,0.7482679026590074,0.42633246265485936,1.5699793297212357,0.266257657909227,-1.194760864589643,-0.5725769165647301,1.1685988915934387,-0.9691239570253819,-0.41956521683262177,-0.4510024274231752,-1.2366210753772147
2025-04-23,-0.4403710132172657,1.182998177867855,0.05134041764278473,0.871504802939763,-0.02652709786036688,-0.8637135245495032,-0.4298314073417271,,-0.8232666937833641,-0.36343812119940766,-0.3311456412579973,-0.7457695196107164
2025-04-24,-0.381470478095613,1.368633039442588,-0.02810465094882588,0.7224767285738604,-0.07576299234030258,-1.0126611058152613,-0.33063844656269037,,-0.7861486267407543,-0.3571270799851679,-0.29171201764395155,-1.0169788516382987
2025-04-25,-0.5992818426170531,1.6291747639948138,-0.18711369203855988,0.8246953626468931,-0.07426890479882159,-0.9195701253304022,0.6276108469364859,,-0.7779362098109176,-0.10926799872786824,-0.33568912875792906,-0.8642867128368811
2025-04-28,-0.6814561074770457,0.19292991689671998,-0.0017368078129915236,0.9673477354404472,-0.011235530242941352,-0.6918858414833065,0.7139339982722366,,-1.423082720429819,-0.29736437866392307,-0.3603961359933289,-0.706092269090725
2025-04-29,-0.6004742937399691,0.2061245085619757,-0.1813005791907266,1.182375624555697,-0.07597694418738596,-0.6342946097861732,0.6162556297129266,,-1.3505862827305801,0.17376515968093456,-0.4387820564653612,-0.6718744078433514
2025-04-30,-0.6244490277100196,0.04822891463768346,-0.23071783509615046,1.0929135016050247,-0.18224324435401876,-0.489854423571655,0.9333441366812782,,-1.436017345578061,0.23139784057670945,-0.41187244686949465,-0.724042276898809
2025-05-01,-0.5209029252812847,-0.050947660593558444,-0.34584422949047255,1.0509333388491982,0.044537914529883225,-0.3258226630912682,1.1908382705971512,,-1.6251160126807171,0.04687370004729518,-0.4884174602330098,-0.7301783975429039
2025-05-02,-0.6105963923624871,,-0.2984196732539376,1.1763946096432423,-0.7270320822031495,-0.5123931874839864,1.0219190407745078,,-1.7290425118412003,0.6958515019949998,2.8870586835241068,-0.5137047050092952
2025-05-05,-0.6475082926958242,,-0.2705418401519912,1.1942080811888192,-0.8442497771499855,-0.3971237877489377,1.3716935577864435,2.7313186632896254,-1.7048614514210578,1.2749355208296294,1.5315539396972135,-0.5884074819077769
2025-05-06,0.18151353401383422,,-0.2207915806234401,1.0398032388521345,-0.4845042522074801,-0.294504184923128,1.2650338017889526,1.7872024072086727,-1.8032620003999007,1.1407989372513407,0.5046063290928207,-0.6078067905271444
2025-05-07,-0.19043066576119055,,-0.125367404776774,1.1646362874928582,-0.5887117791151921,0.034204070037959736,1.7310429018579097,1.3089246198312936,-1.7233217589014052,1.0701309714028573,-0.349540764682004,-0.5881192260329585
2025-05-08,1.0809536572699041,,0.0635704053022845,1.191811309267105,-0.5395484867676791,0.0983551626492907,2.0112527151632116,1.353074998059316,-1.4137610910246852,1.0755278792959797,-0.6376667346232906,-0.6146226280983981
2025-05-09,0.8842017216857112,-7.147097046734165,-0.09529188577121937,1.2242385492823986,-0.5338692723206959,0.01657844283926814,2.0888190576215737,1.5287058345538354,-1.059268407654072,0.960658152522234,-0.5800334505227367,-0.5292794848136491
2025-05-12,0.1982280088315799,-2.7298558548277323,-0.1681909950485864,0.938757861042801,-0.38876645504213586,0.016350937288040896,1.6792120318824337,1.2220434163758727,-0.8168731530467469,1.046754893416286,-0.5754982348301367,-0.42739493969116693
2025-05-13,-0.2775273475339277,-0.6246978554849815,-0.3245444520422042,0.7549852782466324,-0.6596689233631561,0.13431437190684778,1.9882729962975758,0.9399125468216626,-0.8579800976348386,0.9862699657244228,-0.5573221567467496,-0.11511732140895095
2025-05-14,-0.18130760740065097,0.06307407155006785,0.022773257313302615,0.4893429080069381,-0.5351022768487756,0.001399520433471318,1.4840742209178768,1.5449657676309783,-0.6573741699733822,1.291011576399662,-0.44974537711357876,-0.17802359792305195
2025-05-15,-0.1289014332461895,-0.08066417424912983,0.5205838442257138,0.4952835112087592,0.09308211517997718,0.03934297317733937,1.4312019417956892,2.1491775303903395,-0.5664771198515772,1.1815588066165084,-0.556614240492144,-0.038264741055003285
2025-05-16,-0.15770920733000598,-0.06563937075822557,0.41778341784161166,0.46772844793729706,-0.36944834203144955,0.32076548486511997,1.2869445189722069,0.36318571880093387,-0.576661703169032,0.34984997186396466,-0.5117563945364619,0.05631277278667768
2025-05-19,-0.26121115350245644,-0.031249440801179675,0.4223161244571365,0.4070431109883301,-0.10653098123170258,0.862630586655528,1.2242442315441078,0.2864070915317272,-0.5368784592494164,0.6007058202683325,-0.31394686339848515,0.07662402820230554
2025-05-20,-0.34720292396933766,-0.07884609274747582,0.4571320826400007,0.3872873172390553,-0.509010294296924,1.0755556068838414,0.8919835527063914,0.3044836756420969,-0.4977137907709979,0.4899842418643042,-0.3704397632086811,0.0959362254932248
2025-05-21,-0.43362831208257857,0.03080858184047305,0.3903049440483372,0.4110354859775787,-0.7461355379543612,1.0380274032416663,1.0818737983581466,0.29784847593610486,-0.45525649026415504,0.8347750467115148,-0.35135659313609985,0.18548968953221437
2025-05-22,-0.11984569419363814,0.11056590423220733,0.4918736598874078,0.40846763509515777,-0.4638634631314334,1.0790959508848568,0.9327514539429381,0.39149536274052477,-0.4063844207477473,0.864608663749653,-0.3358350466320805,0.22915574288438093
2025-05-23,-0.1511724612427795,0.056012645140347775,0.578419712905744,0.38826144714366,-0.8407785426310667,1.1572877539660973,0.9859765217711023,0.4530644312093091,-0.37599082717791493,0.9527362110194452,-0.26917446334293677,-0.1056618408607779
2025-05-27,-0.1828926223160157,0.07929543811346391,0.6170036012824851,0.35660710204915397,-0.629984991004647,1.025789090536334,0.02254707584595431,0.5076088929065854,-0.3549283357767416,1.0545101454128083,-0.2335557766145235,-0.18361734781000688
2025-05-28,-0.2410691729152604,0.1129125945457932,0.578556433963116,0.35415465664328194,-0.5552341054207764,1.1232963321833478,-0.069457759931142,0.4019957465784095,-0.34595536121098813,1.5951769121293324,-0.20392683042233778,-0.00023987842582017462
2025-05-29,-0.2827695636893518,0.11450972676865573,0.5584416984328304,0.3605377835922578,-0.7409101893420224,1.2745556735744166,-0.13480810543360738,0.32377671181796425,-0.2693358070964396,1.8683621567152022,-0.18212499654323225,0.17066768607687502
2025-05-30,-0.29078950444738016,0.007295758381027065,1.0459035691220873,0.412042043595066,-0.8199332836686999,1.4356394793847014,-1.3003634747378319,0.1961790106670374,-0.275805620727917,1.6086233054964227,-0.20260402724787294,0.2545505781133874
2025-06-02,-0.36334446248758273,-0.007075420858711623,0.5636875860444285,0.4819150109068503,-1.1992333916647941,1.6439489776385168,-1.3152415218894027,0.24430670189150616,-0.005952736216922117,1.847618644491018,-0.17235316269959447,0.14328857153427813
2025-06-03,-0.4702662507768663,-0.027748201878948605,0.652253965151833,0.0963456501172231,-0.698029985673057,0.9901737095092968,-1.880365372954829,0.45676151737171394,-0.04349853873250175,1.6727708949690763,-0.2793995778434678,0.1487209377009325
2025-06-04,-0.30657402853625504,-0.09632014328551425,0.7139898395934543,-0.3013210484308705,-0.6704821350864296,1.3450692748250943,-1.936725551514203,0.40328763954788915,-0.1134698678749275,1.5951865983148454,-0.2902151882305759,0.2742822801309456
2025-06-05,-0.1942707454156267,-0.1054594309794845,0.7113593503857767,-0.8625739837729978,-0.457904532513265,1.5316319114267243,-1.6289079115634642,0.38832586992850177,-0.09900446790637601,1.2970604211675765,-0.26563385780961285,0.425836466386428
2025-06-06,-0.12537219402331287,0.014644455446415908,0.5071116851544609,-0.7323668143272187,-0.8383478459399467,1.848346573417724,-1.0535635686605607,0.5189867344996014,-0.002680648450508079,1.473024654918203,-0.21718814179382923,0.4450661328009098
2025-06-09,-0.1589097937802204,-0.01653021298872296,0.5701133452148632,0.28066514246006286,-1.0445612241178606,0.4076726601520713,-0.6370558602014826,0.8983163850503852,0.0795509394229485,1.3932594024840956,-0.24514548046083814,0.457477487905302
2025-06-10,-0.07838186435292459,-0.023411842151454473,0.49185020149370884,-0.06416567428598613,-0.131238137401062,0.2856848039505958,-0.8545910165794889,0.7509980265169518,0.05512179716640586,0.8648887311948292,0.008840684786628694,0.9188597191387424
2025-06-11,-0.08618647474017611,-0.19445036492200504,0.39806229556739875,-0.19728507354376407,0.05121904574011725,0.40634690831044656,-1.2387708118523524,0.3620077732573526,0.21768980641480248,0.8167396450917642,0.2673801313487659,1.155569008917753
2025-06-12,0.0002647080054547048,-0.13475700678961802,0.2727284977614734,0.06514316504708326,-0.2582148380287889,0.3049316901288206,-1.2199415563451346,-0.004453495805547314,-0.3867817296774644,0.7983704882967064,0.3791312095432302,1.0477322408317538
2025-06-13,0.03599926415056711,-0.031460121107692376,0.2712379100444898,0.06028490270288368,-1.0475271216439253,0.1566017070942765,-1.2056277042299335,0.2585990356257117,-0.1417315288306512,,0.18933705719654292,0.9314180233953333
2025-06-16,-0.009444379822362054,-0.047989923329620314,0.23617099950740403,-0.06122951786955646,-0.9485400786244274,-0.3309754639667275,-1.159627256947741,0.08488160790110404,-0.22921783149389552,,0.0797254705828101,0.841737407438972
2025-06-17,-0.026058390179741233,-0.1323243767059039,0.11553475305448437,-0.14646788092383822,0.6010141014812895,-0.0809045163873781,-1.0584090017855983,0.3988957256592924,-0.19643742764149003,,0.05306533513080353,0.8780606506837396
2025-06-18,-0.06521978235276059,-0.15211609682317326,0.18680324948702323,-0.2757837973267393,1.3652931897149894,-0.7655508701437784,-0.9048046468441223,0.5026733154256756,-0.07640577937086482,,-0.022057816348395938,1.0823700750873522
2025-06-20,-0.1361562445341029,-0.10953500566609208,0.30659109921356814,-0.2457791256118807,1.386856844373834,-0.6525316658914531,-0.9094735743357969,0.7221480207197654,0.25053408770931807,,-0.0952813112557364,1.1259435173444252
2025-06-23,0.0648165825088311,-0.24202571403419545,0.13867817556026485,-0.27460070413003396,2.0631361134996653,-0.6154425634787778,-0.8062352916934578,1.346844172568314,0.13696697418638779,-2.1212261105026835,-0.2430168448002207,1.3696814995326017
2025-06-24,-0.012928385141653176,0.0043979618038261946,-0.18558316408370265,-0.28947337926876215,1.88571672725485,-0.5388656701928837,-0.711992439500042,1.6672955958654108,0.11126178359725085,-1.2324539274218091,-0.16984668128479644,1.433197725685433
2025-06-25,-0.27966013789571387,-0.21114816359752633,-0.11067628337479521,-0.0078642621567338,2.89614157411325,-0.6233250373704449,-0.43325147774308276,1.581743297621466,0.6665109348342244,-3.2138911312169816,-0.17440067964465153,1.421937483767478
2025-06-26,-0.35965105465426783,-0.36632575131198536,0.6235272590276945,-0.257915981466416,2.978114250795603,-0.5393198140272225,-0.7831294547972389,1.814072627243438,0.40201506323477376,-0.15792096001152908,-0.2978770412280108,1.354353945204129
2025-06-27,-0.5254436907212464,-0.2277047816847806,0.4516809464812477,-0.006913474690977646,2.5702467590686897,-0.6601966153746263,-0.5803639290826517,2.2068038982788103,0.5105084294120967,-0.1258001994860144,-0.045636148868316656,1.2795595580480952
2025-06-30,-0.4722935425496899,-0.437970710107693,0.9436580980773775,-0.16207186875840549,2.350086684027408,-0.5579589633389684,-0.26093319839085893,2.164676252326752,0.7103784151706192,0.039548287765194166,0.15669651222369632,1.461751933578686
2025-07-01,-0.031027058687172322,-0.5682000124825779,0.5684799196243625,0.11279448547005362,1.753016207813547,-0.5934094612583873,-0.5480896985008465,1.6600332716562132,0.5923466160653532,-0.6026699211263686,0.03146814347444829,1.0661381079960033
2025-07-02,0.3783896913216489,-0.7895108617668205,0.29503504913112205,-1.0717923273440377,1.1018799813823024,-0.34163475794848397,-0.4687061399618889,1.4910859767068831,1.0643080331751054,-0.7700066542485184,0.35109120243771524,1.2656455041667707
2025-07-03,0.4038104700561796,-1.2760599640920105,0.7359777332928912,-0.8589527848750296,1.0104887569943124,-1.1557939116348495,-0.7138979366048674,1.0255754522144638,0.19324083873215225,,0.651727115468981,1.380300473259456
2025-07-07,0.09658541845281984,-1.118687657080994,0.7094527661088578,-0.6920880851815969,0.3260791003931001,-0.9990683828817606,-0.5267678449883931,0.9546965711082309,0.3604482239733162,,0.2742053910992782,1.0314768918128048
2025-07-08,0.4814130131788092,-0.8323692518460359,0.6399535521421846,-0.6857121871602316,0.2527534127650679,-1.0872081749113889,-0.5014054459359086,0.9256582887724947,0.47838983566509213,-2.6013042627198626,-0.09367545803281441,1.1427378446912952
2025-07-09,0.4636560967697213,-0.9540090882538986,0.899956785813022,-1.2068135778293978,0.5088317430821172,-1.0991095727190876,-0.24746357220730364,0.677258632392363,1.520303334289744,-2.347473820926118,0.024928347871224762,0.9160852931251395
2025-07-10,0.6930471475208696,-0.6823974790620954,1.2021560836810803,-0.7055822499617931,0.46310268860283305,-1.366323850616321,-0.5916295098954664,0.8342628070214263,1.2494044776188613,-1.3209701969924028,-0.039522279866544344,0.6415221231719876
2025-07-11,1.0325779113664144,-0.8186692304354006,1.3729902168528763,-1.0953182611438332,1.3931697789983126,-1.4935265444773362,-0.9360655550170016,0.5756393063725778,1.6532877224219358,-1.083158913954646,0.007803817737294625,0.5735659510234744
2025-07-14,1.033301997590362,-0.714580943852187,1.6624522638535244,-1.1172007861903606,1.6233968964472743,-1.4684012355392106,-0.995419873559112,0.17218087150520311,1.3702786711461625,-0.550454530223049,-0.1573072539432353,0.5495305838909647
2025-07-15,0.8330067425750625,-0.9207892978282195,1.3559461846160221,-0.8339449835539068,1.3837483079907347,-1.3862277929371143,-0.8303024144185659,0.07689527318580475,1.3475840690661414,-0.4547554959399586,-0.6168908076354879,0.6102423440163572
2025-07-16,0.9513370536478885,-1.1328183026472798,1.0156290092011995,-0.7387703456112827,1.1670209422019902,-0.8544080317857589,-0.9182242785235234,-0.4577635777220855,0.9636665492974753,-0.47058082983686567,-0.7477911132593944,0.45325891765209975
2025-07-17,1.151494506679381,-1.4394447320642603,0.9265379309859095,-0.8508856315570226,0.14625317871949992,-0.5887322402802266,-1.1504139874183663,-0.5067307715010044,0.881670505732095,-0.47740089611141284,-0.8475872370621721,0.3201669706204715
2025-07-18,1.1348134932218261,-1.2753894819132043,0.8017139341780926,-0.7778067624686561,0.5989754061106839,-0.6713826540863777,-0.8780199627198997,-0.24271466549795417,0.9006616468100863,-0.6380662433470607,-1.3478020729118398,0.1273253516689411
2025-07-21,1.4849378293942812,-1.48993599471332,0.7847185526918887,-1.1227884938568586,0.947881539880204,-0.8410002265157916,-0.621770280449392,-0.49747575266933164,1.3492017522504203,-0.3638551181704801,-0.722503815813922,0.14495517746774492
2025-07-22,1.6496499369615127,-1.4882035800734763,0.7295865448570815,-0.6561594777371262,0.8808678292502572,-0.8211905451600412,-0.3229327888484882,-0.5054364403586677,1.5854226243167715,-0.28671285739852415,0.36412296072919276,0.009918526761155781
2025-07-23,2.0624620694201767,-1.6080697619790527,0.43244963793996466,-1.266463973525466,0.8302779503069321,-0.672955708366656,0.014423652686484715,-0.47797472329082297,1.3286175988832392,-0.24541626064368258,0.5844848544241801,0.17872195413240755
2025-07-24,2.176031056979455,-1.736210611089711,0.6318394131412045,-1.007822056205546,0.7720810842521049,-0.613576424173914,0.2438037927632658,-0.37207553012066646,1.501567077982976,-0.2362458120368356,1.043426373677742,-2.054937070090358
2025-07-25,2.2248896679994705,-1.5165735881063749,0.8161406422044495,-0.8005875695569695,0.6436029564276416,-0.5473553782348315,0.33648837211392024,-0.7937845857271612,0.8609485497771052,-0.23618309206635285,0.7174053806763987,-2.0233314671905083
2025-07-28,2.435990621418683,-1.4482138526964714,0.7470815998784964,-0.7930765787546963,0.2726294667173214,-0.4317213615872415,0.5185832363800231,-0.6092059493746506,-0.6961675114558254,-0.210385046065083,0.6813746898294053,-1.9614739001052524
2025-07-29,2.3028533557063384,0.4409746496856749,0.8723093619318651,-0.7355069929333041,-0.6555474977170362,-0.4877241710637713,0.4849633553510371,-1.5112134267269401,-0.81183998297839,-0.23104240046219646,1.0281100571995725,-2.076412375865117
2025-07-30,1.2772233691708281,-0.05554376294806274,0.638902013062366,-0.42698530258385053,-2.2677838526360157,-0.39730607695124637,0.4181242314886514,-1.403860461823633,-0.8918169065608751,-0.21344985819871834,1.324810256445876,-1.7305627703827222
2025-07-31,0.7482293488913573,-0.4022155574985865,1.1207208517386245,-0.07469488179257769,-65.87611982646091,-0.273993242787546,0.22264660324705232,-1.2452924018141218,-0.9177599696646921,-0.23339449978746413,0.3617745560919063,-1.8131323194771956
2025-08-01,0.8416107298110562,0.5540244976273933,1.0874403375574022,-0.7280835361479435,-1.1993598944127122,-0.022023874780097673,-0.07039573471064832,-1.1668280221161933,-1.0918079263276936,-0.1530394087931071,-2.5960210465283726,-1.7048973920009247
2025-08-04,0.5326572948377274,0.0901186384266584,1.095798518024136,-0.3279463897512478,-1.3543543238887734,0.2211134909461546,-0.16314313777520412,-1.2674810185331187,-0.965752689469381,-0.24667104944856671,-1.116527499580603,-1.569261482120843
2025-08-05,0.3164164140260612,0.6225299452149116,1.2416785477730907,-0.2724322000072124,-0.6745209097793834,,-0.4566810397605504,-0.9283017729963117,-1.0009690435765268,-0.21383226557357288,-1.9249898973671014,-1.5426461522179984
2025-08-06,0.5092703353911544,-0.016450595675063396,1.313070459109204,-0.45724510736877344,-0.49315381444793355,1.5566687830122155,-0.591968986106809,-1.3691292725200361,-0.2607305363802921,-0.0959231087837346,-1.6491232193053225,-1.1335500258909648
2025-08-07,0.7055018916900645,-0.6847978165214134,1.0713355778354907,-0.06907260314545105,0.06516211847611429,0.26265168659283417,-0.6311526662425667,-0.5066165002806292,-0.22174796708954755,-0.19679530550631144,-1.9723180974663583,-0.8928119154845866
2025-08-08,,-0.9734147028269898,1.0716285945097337,0.13161057331177128,0.4384177081292257,1.0970715866388854,-1.247213890258179,-0.10692746550490509,-0.6531100841757368,-0.4805674712833296,-1.8376153055648383,-0.8992096797737678
2025-08-11,,-1.044054411951892,0.6968187985374028,-0.27817833943175285,0.3688507075840678,0.612767705405185,-1.3380757092579993,1.0678683189823464,-0.7156876714399886,-0.6418201771839184,-1.559641471726641,-0.9074573114976837
2025-08-12,,-0.9375421111120409,0.7971017281872531,-0.14913842593839852,0.3139717434753583,1.3410459769242142,-1.387407775067099,0.40845846690184345,0.022042075652593855,-0.571690310851788,-1.1666336960845483,-0.8433468506088145
2025-08-13,,-0.7963850240494225,0.1492584132782532,-0.03092777140005774,0.24684286722961316,0.5782135496684385,-1.1334683065224596,0.1834364017184325,0.6459772854271834,-0.7962184789018795,-0.20946346278049885,-0.7246032092017185
2025-08-14,,-1.220988352063101,-0.2883665616466122,-0.4417829512611211,0.46684787091332497,0.046579759601964095,-1.2895867412191453,-0.555065011703204,0.8909576421015046,-1.3699614976358223,0.5513099943896589,-0.6741010753177883
2025-08-15,,-1.1272270857325755,-0.1802187031380205,-0.15710637299983565,0.393933891603086,0.03358066803034669,-1.4529616377140355,-1.2848681794145715,1.5225720379337337,-1.3597058585164314,1.0165213802425732,-0.5807511356114411
2025-08-18,,-1.0944371685920482,-0.15334885136805146,-0.31580866610152386,0.30879095470974693,0.2810735498083169,-0.20912521891857452,-1.528058088340492,1.2609831090650945,-1.1838631571292915,1.2430196881759545,-0.440657495927041
2025-08-19,,-1.2176162058655369,0.013243917494384179,-0.4948318960928098,0.15692413362570817,0.421438106644411,0.14585556195017726,-1.6284875988384107,1.2890174223796382,-1.2840105188711932,1.2972506241949067,-0.5508752178848552
2025-08-20,,-1.1136464422999588,-0.46832589757529325,-0.7981557209001197,-0.15525465089561685,0.7876918683239422,1.1164092270317134,-1.3332427620247818,0.7492703811576468,-1.856507972128566,1.2766493820596758,-0.33309683848231086
2025-08-21,,-1.1399623891427895,-0.1961000275859537,-0.8646790027829371,-0.16307071393065745,0.5855255645888681,1.4857273242155418,-0.9352358069393221,1.251967287480092,-1.7315616179227347,1.275602361640278,0.045895147118493136
2025-08-22,-15.875518940780571,-0.9678376207873058,-0.14948685857009802,-0.831618789438903,-0.27189903282770783,0.7106883818688757,1.6108409537597579,-0.8307676623422077,1.1823105292518188,-1.7081958793200103,1.1073199038840378,0.10061710474607773
2025-08-25,-8.20595006004329,-0.8918731838840492,-0.17397332196349458,-1.0208728938574387,-0.3214156399834152,1.092747439516084,1.4289300872319488,-1.0866298503768665,1.1904748601637767,-1.8370341836288342,1.4081083670238441,0.30769127285113296
2025-08-26,-8.303882040639127,-0.843976484490609,0.12287871241010054,-0.8846053551987266,-0.7253395739859535,1.331181242882625,1.4330307446836235,-1.0300707807679095,1.1702938610310785,-1.7132715879645013,1.1572965281698961,0.28113518449136743
2025-08-27,-11.616467070741024,-0.3505792458440778,0.23612509012888136,-0.7188226815721998,-0.5620014083330694,0.7730812918977047,0.8752162756029109,-0.39897054950227084,1.087673807473081,-1.790418514631836,1.440327523973624,0.23780950377232785
2025-08-28,-4.873966980635625,-0.4575249854282064,-0.15800608014640494,-0.8265925237808697,-0.7106322794261324,0.9778099166299149,1.399914592296985,-0.5324386328121168,1.0618540825589915,-1.7784032283948379,1.3539063620735152,0.18814009132408152
2025-08-29,-4.3894193099615855,-0.46722637562666663,-0.9364851779598704,-0.08925807340409482,-0.8049894775939692,0.8799105365551365,1.4527024678140845,-0.192573944813448,1.008775447710889,-1.8172466208520368,1.282892596527331,0.11159698262712323
2025-09-02,-5.839888674031691,-0.6351348564493375,-1.43739071649187,-1.0247504692286673,-1.0842963597163529,1.391356487466617,1.301360505041268,0.24511176511414207,0.928802182278229,-1.4425102051694043,1.4923176382641654,0.13410092512070912
2025-09-03,-4.319589171828526,-0.6176106067451392,-1.5514411569879496,0.3395199722512581,-0.9640859373673878,0.9244564013270327,1.4647817096359674,-0.06793028647554301,0.9170102402531227,-1.367790984200199,1.3622738733351212,0.05596344935121092
2025-09-04,,-0.6109897400807798,-1.6248136459923688,0.5825491882675327,-1.0382597274752416,1.1807468987231935,0.9546533794484946,-0.35780026250738284,0.7755476983841115,-0.8052633030815097,1.0821900417405916,-0.0952531709367505
2025-09-05,,-0.5058946989400493,-1.5080987542315945,0.7407474109363452,-1.2060562260359373,0.9392373601732493,0.8315995419129771,-0.3528568734843317,0.8404642136439259,-0.4889534192268876,1.3669647472777915,-0.5280787544882668
2025-09-08,-4.234106875096054,0.3828856097185658,-0.3540870654335351,3.690767338451273,-1.8680754920984435,1.413102676952185,1.1733199311322804,-1.0348705767652808,0.70146809569329,-1.2025243075753702,1.3915698179154166,-0.47905421608896603
2025-09-09,-1.5235455367526942,-0.10738548875153094,0.8128686227075196,1.7076155568625144,-2.233086341496353,2.087882969702591,1.1155273400150465,-1.1236784617612912,0.6418864264679179,0.4763305459349205,1.2039498562187916,-0.5715129720282937
2025-09-10,-0.8007946064781465,-0.12017625883673513,-0.9361920435713568,2.268717641575394,-2.0676046281001472,1.4749614627892598,0.9956528900733059,-0.9472063202747811,0.5948319074994812,0.5048181027312488,0.9454765202479797,-0.5766511214366651
2025-09-11,-0.4910457181810458,0.5619423232264835,-1.2410798691500102,,-1.4496403839458916,1.243484460222379,0.3128633620958238,-0.928778241421496,0.569665643644191,1.6051391637158081,0.6708234901133666,-0.6113694878058057
2025-09-12,-0.3657610489142324,0.4065275539298958,-0.9557186363485015,1.732276096885114,-0.7917955997480333,1.0053256481839565,0.6197079588540906,-1.0984562310523633,0.4713819704877221,0.9739190520068965,0.9149481110335269,-0.5685126800188389
2025-09-15,-0.2220183452659575,-0.48720682189214515,-0.8281580437283851,1.5669062958157955,-1.0890806386374956,0.9061961438740698,0.32365357328726335,-1.2280836476178505,0.29618098054013353,0.47197027830863997,0.91779885397349,-0.5794759137045133
2025-09-16,-0.34050373927207883,-0.4347549754673444,-0.39259144345503066,1.4461847031563695,-0.8337754137006783,0.7804705274314597,0.2944867945181459,-1.1764389474532118,0.4483102334433477,0.526730135517728,0.6805662805911983,-0.6380764852865984
2025-09-17,-0.3048655649051499,-0.5709285794920226,0.35100200403005244,1.326587891229689,-0.8120551503814379,1.1041904207914783,0.09020550210514795,-1.161088191853164,0.5869375046388007,0.7622415795949183,1.0158818846559476,-0.6140440335844853
2025-09-18,-0.18903317119180874,-0.5060817358861162,,0.9407660352538902,-0.3321055808202561,1.2606509695137886,0.4744786992735283,-0.7259994639151044,0.5186299123821392,0.7046571496347669,1.0580759800074067,-0.5296352096563374
2025-09-19,-0.2528697165887235,-0.4902138952034408,,0.13276639197885562,1.1134091064706138,1.2109785101552246,0.4796316822265022,-0.6515940396705443,0.7128379386041506,-0.011011336326033459,1.0219213589052913,-0.4777370424114211
2025-09-22,0.06593815373603364,-0.5313733181158073,,-0.28619849389001756,4.5687097693141165,1.0649944115894623,0.6925805572043896,-1.1101025892451797,1.1338151174979647,0.1370059833987104,0.8809869180072255,-0.530134656810881
2025-09-23,0.20315096442868275,-0.623761168875124,9.539694616877213,-1.1123588009371834,3.100294326139356,1.0744368282155172,0.8621328855261945,-1.4255541239346143,1.059073002228042,0.37538012095695666,0.9583351736829533,-0.4945867802088254
2025-09-24,0.12009673144268514,-0.517245978667818,,-0.7994719972316926,0.6213083629920846,1.0068600031447341,0.5295211010261188,-1.3547810948597887,1.039012583332221,0.17519628497579318,0.9268314806798097,-0.3591564706733997
2025-09-25,-0.10280057959091242,-0.5020687112771876,,-0.6782678857512526,0.08755058341365844,1.0129094640008354,0.7276805763454175,-1.306299613222382,0.8044045442183444,0.17450099711489522,0.9030735324596911,-0.15707685447075645
2025-09-26,-0.443505676433028,-0.37499085933217907,,-0.7987925829825049,0.005632564842911082,0.6808833465816565,0.3262205665023688,-0.8641958522008327,-1.6676958824375891,-0.35240329915527285,1.0035856178676603,-0.26129139890956027
2025-09-29,-0.15115587672362069,-0.42534608739909646,,-0.9771985381198769,0.13270949784234387,0.6576359760053269,0.543655984291182,-1.1981633450122662,,-0.705321144241083,0.8447961130221479,-0.07013055276039842
2025-09-30,-0.030575725217121496,-0.3963639878795678,1.3877331444719945,-1.3352042069842331,-0.12153383134471313,0.6277328877695935,0.6470614309265283,-1.016542415491065,-0.5473983692822351,-0.8508560604283173,0.44895428119768854,-0.11926709051869278
2025-10-01,-0.0005175623776490463,-0.3448831822784786,0.24158924131476414,-1.396289497948491,0.25853143586658556,0.6175868764138903,0.05641073781321617,-0.6927236024106652,0.1551866842145733,-1.0067582936116108,0.5050011524632788,-0.026735668490946086
2025-10-02,-0.015779877101981938,-0.33087866695290225,0.810380267391062,-1.2990993780150342,0.16569073879243262,0.15363212079706534,-0.12327676849604931,-0.7318156099613645,-1.3912020600439374,-0.9567977175959452,0.39848466580636993,-0.24605419261111225
2025-10-03,-0.024581647192368456,-0.4266378756105859,0.858094294994526,-1.2399515360344004,0.193239195822258,0.43276459387763794,0.09681458739714169,-1.078381479015788,-25.700874535463683,-1.0553923861180232,0.5543375875332843,-0.02292484136850163
2025-10-06,0.01954804971597066,-0.38113336676869447,0.7575213619066428,-1.116380379324593,0.8578796504544075,0.22351084249671785,0.2600080806062957,-1.0424645905699303,-1.6705388238780263,-0.9629410974206447,0.5709125615091744,-0.14939222110449635
2025-10-07,-0.0884216985476326,-0.035111109232877774,2.45485114314818,-1.2241936229474883,0.4691155985631975,0.3508738418965056,0.6759204753614654,-0.6923561255486066,-0.596844994441633,-0.9971906818350138,0.36782668331060797,0.06035096802756926
2025-10-08,-0.05862909059928813,-0.160156369346092,0.9561941964058068,-1.075812363840039,0.8960457500765423,0.26767187352117533,0.2115628602230279,-0.40708279072653464,-0.9074003468087816,-1.0036524620053728,0.06627546999087598,-0.3656824503299486
2025-10-09,-0.15724788624781266,-0.33781520180407565,1.0224668376506498,-1.0618489161466875,1.2198684942780966,0.2106439886549254,0.16584026740103347,-0.06653014853429733,-0.49831847508766874,-1.2233975263839854,0.12808674006449966,0.16076332155683953
2025-10-10,-0.4731529967261031,-0.4029964486824481,0.41227455644933214,-0.9796858543048983,1.1059705888459446,0.1849955843867456,0.6356105594632416,-0.14943479972339205,-0.506308367923961,-0.890447650923706,-0.18115935755603604,-0.046828952617542524
2025-10-13,-0.6954661372728205,-0.38891203886395853,0.36474993672705397,-0.9831324222174658,0.9456979825841167,-0.0847811923035031,0.6561500274644266,0.04174935855713504,-0.3286216623292594,0.15467958320520955,-1.1879752721774415,-0.6188170296071772
2025-10-14,-0.8612649343043396,-0.4978417575701619,0.36060884684914674,-0.2274808764170745,0.8067531140678553,-0.10235667888532007,1.0087546627327189,-0.977978322079578,-0.25863990409765053,0.1828677987002682,-0.4535700103712937,-0.3171433376160921
2025-10-15,-0.6373655191161149,-0.3603633621126167,0.6533557086967232,-0.5350180098015522,0.8578878058374257,-0.05952049368496083,0.5049548068848366,0.24477118541103016,-0.008140779783062308,0.12269051091502613,-0.1573163798184092,-0.21960736659600322
2025-10-16,-0.7168624138996499,-0.450678748109916,1.0227065871959165,-0.45387860805731367,0.8619879989208904,-0.3642516084392887,0.20534673840555037,0.6055345295024178,-0.10528573254044132,0.085575480615445,-0.15548720488458573,-0.33783292667120063
2025-10-17,-0.9503819379287908,-0.49868762886779183,0.44584615116809545,-0.3292106687950228,0.958897379758991,-0.4145093063553773,0.994885426005983,0.2959665471694604,-0.08121301980217813,0.4186551790975965,-0.05109896979902162,-0.2815627994689338
2025-10-20,-0.6132848875041657,-0.4095391989719245,0.3676152678457346,-0.5700410773754297,1.0294453124849277,-0.19802189242483695,0.8047855568986104,0.999788564839075,-0.07570673855911991,-0.4599887248528697,-0.16578490112173946,-0.17329978611071684
2025-10-21,0.028941730854994296,-0.361164690794467,0.48756700490792254,-0.7905570638061133,1.1517246027256833,0.2331030431654603,1.3729598713943714,0.9251096108768662,-0.030663295009811846,-1.2111476423304703,0.10599159887488642,0.11600373748731554
2025-10-22,-0.003166385090030476,-0.2971663855520694,0.76595045531723,-0.9161267666957202,1.2041363603121626,0.7588257270700995,1.2844724130113945,0.9524932289395924,0.015897627153474127,-1.2356414860957807,0.3442222437897268,0.30379543953707594
2025-10-23,-0.34785296147938577,0.013742436361633128,0.28390209670438693,-0.7607760501753487,1.158930538482668,0.6658581770025924,1.2376784921881034,1.1716697758821648,-0.020096401119088537,-1.0884626491161697,0.5103378528126833,-0.7085731435582733
2025-10-24,-0.600987067167281,0.03599573540295893,0.2457484581399163,-0.8668046129851406,1.0922861767170973,0.6036027719962521,1.082851486078693,0.6122702994844446,0.062174137357957834,-1.0049295984973838,0.18456549670663694,-0.8686141250144866
2025-10-27,-0.7216169808140456,0.002288352253053134,0.08753583121231788,-0.762730850871774,1.2127688506691923,0.49961353143496984,0.9623723336348751,0.4236014679424273,-0.018858200453577775,-1.134775148803014,-0.35863374282357136,-1.136967288715235
2025-10-28,-0.5796723427387166,0.40093593907173275,-0.0009640283658327319,-0.777659443019597,1.146249674025197,0.6762641959913711,0.8580131942726971,0.4664276324122901,0.036177462992581205,-1.453702083567251,1.7071075744317763,-1.2944415232575495
2025-10-29,-1.1047744492671485,1.3517697160930155,0.420476713002615,-0.6638840569010133,1.0474672156033544,0.7379018191165001,0.721829902671566,0.9019433959379274,0.1683671038078486,-1.5470481445204067,0.7404863409897678,-1.1468771799730126
2025-10-30,-1.299610904462435,1.0889628142354797,0.7993758354500118,-0.3688886228528509,0.6147859639371114,-0.797656338266185,0.5010104830332703,0.036353520698139526,0.06915511735945656,-1.678115365983718,0.09800478214590677,-0.5995410440384005
2025-10-31,-0.63678059760159,-0.34800282237910596,0.8109485695357325,-0.38780129297703425,0.797409927349673,-0.6628013350853412,0.9071919422392385,1.4201929430677072,-0.06888038405536381,-1.7361362878662743,0.3099499307591026,-0.9228196002178217
2025-11-03,-0.7983201627492479,-1.1405414235048796,0.7502885388646588,-0.6148898457624172,0.6982539462432567,-0.5826745843351239,1.1435082752954802,1.7638171051490517,-0.17360400415020907,-1.5234727167074553,1.0214524343630695,-0.9607342595902526
2025-11-04,-1.1695906506121838,-1.3142278609560276,1.191964499411532,-0.770375283516678,0.706383801774968,-1.0296701433110025,1.2966886251583667,2.276469656946864,-0.39125019498660757,-1.518630810509364,0.790496408544848,-1.0390791542400217
2025-11-05,-0.4218943068441474,-0.776071567821587,1.0670019327356404,-0.6123859056683123,0.638708258615856,-0.9866594014883161,1.0359769196326367,1.629918604642046,-0.7182219890050046,-1.3608715098630721,0.1875338186804688,-0.5527522805067543
2025-11-06,-0.5065366604203873,-1.568732156175919,0.5219309884855371,-0.4976791271241353,0.8586181592897283,-0.9328416775566942,0.7746740582712495,1.3230089069712134,-0.515616112370313,-1.2709231487068382,1.5902635556836813,-0.5608338962555325
2025-11-07,-0.18570501062927228,-2.0147080603955128,0.41892807305047947,-0.1833115573365897,0.7159320364620329,-1.7273643190565815,-0.6330700204926595,1.0541245892362177,-0.502720590705682,-1.1313515456138976,1.019688864684336,-0.5140447420080084
2025-11-10,-0.37416132727458584,-1.8933567250300887,0.6056907830470981,-0.34170809982171324,0.6282696452812028,-1.559465403606995,-0.43055497216185146,0.9978490565893648,-0.2850866319900406,-1.1107703887652463,0.6052631421571132,-0.4367474801041333
2025-11-11,-0.827344525920119,-1.4264955138119335,1.1597778503210447,-0.5096831114404565,0.5261459960345962,-1.5572798289123626,-0.5866878707046335,1.0233790964256562,-0.6385018218115457,-1.1954053087884644,-0.6084116340270851,-0.45945332991457283
2025-11-12,0.20817825289535696,-0.7036130653121775,0.7082258943992287,-0.5760205965509908,0.36305387340295453,-0.7972152650354836,-0.03703391286047372,0.9382167057720705,-0.5068897927427883,-1.1508705805487331,0.4690356853636347,-0.3666083952414417
2025-11-13,-0.2639556044301773,-0.3872120729956436,0.7897551845883051,-0.5247886526527038,0.4384572238077857,-0.39290196754048595,0.12686349191082966,1.715930162180323,-0.7942065087807771,-1.1107123559985927,0.9684516529351894,-0.070939956539066
2025-11-14,0.047418553416292364,-0.5148971401720432,0.9542689559946291,-0.5612023007742151,0.374618799589705,-0.34585174646724287,-0.11963786917045321,,-0.9406768277947358,-1.0445317354672572,1.6503614455475564,0.12215973887048376
2025-11-17,-0.22713393810177307,0.3824256479094105,1.2782914038350839,-0.5797841172681021,0.380033026493422,-0.5854195849458182,0.21758892388651097,,-0.9447243331913507,-0.9785524834701382,1.2215106417319992,-0.20404674927047084
2025-11-18,-0.8116384650791717,0.6361986540376984,1.6808241033591125,-0.2880893085583908,0.26209078156191523,-0.9457224979387543,-0.296838183178726,,-0.9979622199329965,-0.8993162185956821,0.14057218717127765,-0.5696347440795052
2025-11-19,-0.5813594463991145,-0.7781822389393116,1.7561691950909064,-0.04996682185143925,0.27856729904690336,-0.7688755536031349,-0.4555949511692151,,-0.9971561987713882,-0.7695510041560768,0.5398417327270468,0.06841893312718694
2025-11-20,-0.6055978618431379,-1.8344652276017186,2.301522689993936,0.29986822517452144,0.1731360118462165,-1.4064024403269777,-1.1595498617244535,,-0.9026421516203362,-0.6863210378377106,0.47184434837887285,0.0857895842777114
2025-11-21,-0.480903825636773,-1.7605104487814307,2.2910538731463554,0.6373034126484369,0.0813849203471612,-1.5467527047802858,-0.8196528601898443,0.6691225374853031,-0.9293099085422996,-0.7030572851099789,0.3054432516166608,-0.08275879747243786
2025-11-24,0.2060523456315831,-2.372204365667987,1.8461540557974585,0.2781261072743599,-0.039971679234942895,-0.1918840197173804,-0.5444895813952573,0.5803584742089335,-0.881300533728583,-0.9441998002715799,1.1120173225171257,1.207559454087169
2025-11-25,0.3635746958768126,-2.427682938154415,1.4815701682514912,1.0783978124754243,-0.0029504409375082008,-1.0826363936502248,-0.8725355534773453,0.6096623421053602,-0.9184470327901697,-0.9037544622361553,0.4214577705455864,1.4220507771855735
2025-11-26,0.5336010217909226,-2.023346188749123,0.6231233103067364,1.1326212908858417,-0.25597592772801225,-0.906564530134941,0.11719269967162955,0.5077847698075121,-1.044436674912785,-0.885493131831781,-0.15561933448923607,1.5342391621475917
2025-11-28,0.3215159099375389,-1.3294188816383348,0.5554116716176928,1.1450228161973375,-0.24827096309329036,-1.2001268292487504,-0.8703742914785594,0.5777981406297277,-0.9591339040070525,-0.8721982713014099,-0.19345451850636883,1.6459011423381598
2025-12-01,0.3127122723905422,-0.7333893192043661,-0.4449683873193314,1.7789165361224395,-0.49427262232348074,-0.8756346684152418,-0.5359435447860409,0.35894857608745007,-0.33895265406668096,-0.7230831933743279,0.1742832537802308,1.8145781653408237
2025-12-02,0.897286547881298,-1.2309822806091848,0.04640693125429979,1.4282231189515524,-0.4987383678592565,-0.45642397302481447,-0.1887101373622672,0.3764870199691207,-0.5533366920485133,-0.6546450550761165,0.16498936715708626,1.5863917525761682
2025-12-03,1.011757726465334,-1.0703564382188837,-0.062225480793422945,0.9079126892794852,-0.6894425280853075,-0.5112056271156686,-0.048703931456448246,0.3798842305627046,-0.009424348319340966,-0.585489701655798,0.342286748930892,0.8940800634680816
2025-12-04,0.3636497438110023,-2.0401690293310133,-0.3847039415554323,1.1873506050909763,-0.7179576834328211,-0.08347756400680839,0.3394844769603953,0.31618776279488464,-0.0696923663880121,-0.28435049265079987,1.2718706210534594,
2025-12-05,-0.4433271773146778,-1.745036555273591,0.09984553776916051,1.0295176484866415,-0.9412317612047648,0.1492772080861264,1.29464984748649,0.2875521664649266,-0.9955453158380889,0.0645296357056118,0.8992417420939052,-4.919657927531892
2025-12-08,-0.9925207668576562,-1.482668226169594,-0.30472376833108195,1.376564443829374,-0.9476214306118103,1.7076372348075568,1.9906657189025287,0.2611017023097197,-1.0584477579370963,0.21941406367109395,0.6266711173615414,
2025-12-09,-1.3189928869888488,-0.8950473526203728,-0.09538258969656492,1.7326003885457713,-0.9784447738830959,1.000071273995189,1.761825806477297,0.2676915309404985,-1.486241832674477,0.18864758656016556,0.38000329016270984,-1.2791072888746657
2025-12-10,-1.4486341977283854,-0.7882169108856236,-0.3065494155206127,1.9208969370837128,-1.0266137175396477,1.4432283100790269,1.7094965327033815,0.2529497844982942,-1.4912109984844029,0.14845250367108057,0.4415880473090798,-0.29591317360648145
2025-12-11,-1.3135402523295465,-1.7702769328560457,-0.7740581005406224,1.808690580049663,-1.127501629746385,1.4083091971340618,1.6147918108121033,0.15274196638761803,-1.6302773294158739,0.17075379861438209,1.6042962838679278,-1.2237190365306359
2025-12-12,-1.4269125589689566,-1.281923725701394,-0.9291881639142555,1.3768483028064773,-1.2478709848732468,2.09124890275066,1.469933142623886,0.2165959781513108,-0.7335077802084402,-0.06554562351115317,1.5995443520519064,-1.5527663775816871
2025-12-15,-0.8014197589714694,-0.9358350936728898,-0.758269314723577,0.05723275520822221,-1.2759686908167243,2.370239106144397,1.403848791198977,0.13590203406892667,-0.7964084135879503,-0.1908306221633225,2.1364210406057444,-2.2480258779248925
2025-12-16,-1.2429530127806785,-0.9882719546510806,-0.01928686385617278,-0.7317708434573702,-1.3046472950828278,2.049085874004675,1.238057130526954,0.21121302493234334,-0.9875664319658546,-0.3845693348222363,2.437424513005765,-1.5700831719084734
2025-12-17,-1.2444134969565017,-0.8231915403679873,0.09741397751299265,-0.6344320470813173,-1.2820373295215088,1.7942303497554868,1.1480130200744032,0.07582336886509607,-0.7162633657139041,-0.30085815912854214,1.7454085840239881,-1.2255248430973802
2025-12-18,-1.2736779912845995,-0.23068007698287674,-0.17660949485156052,-0.6618991631749738,-1.356740446488989,1.7113524937047715,1.2319102837644103,-0.12114559195488155,-0.16604726215371904,-0.4337151389809554,1.8903701430750997,-0.8268748647858678
2025-12-19,-1.6362371274163692,0.2012581630996055,-0.19897294050975506,-0.8698353187029102,-1.5323995934418924,1.5834280827119414,1.1307161239997292,-0.049505504895555226,0.3116805348750577,-0.26052508343437764,1.5418561878154686,-0.9204215191468167
2025-12-22,-1.6766721569436922,-0.023869924762309085,0.12618573080070059,-0.9457868035900673,-1.5818625957068733,1.6046962145111323,1.0363556689601825,0.041394468888498674,0.26533032781268423,-0.08134317553148196,0.9399725552033181,-0.2320930574806775
2025-12-23,-1.7827133301029314,-0.13115517537790833,0.4681476582962395,-1.0601180647833774,-1.6431357158037048,1.479865918323858,1.051187834598747,-0.10051278404446168,1.546692356461896,0.10637009220673697,0.5556094964717925,-0.7440328846507239
2025-12-24,-1.6182120855655682,0.02135027981514627,1.134037402350173,-0.8821964433683472,-1.832299242707547,1.2095591276392603,0.9725774098572478,-0.20524538412456764,3.9577895378282144,0.004201436250405231,0.453958975100145,-0.22286939526596036
2025-12-26,-1.44517406777826,0.1472638998668662,0.8910791205204602,-0.9188727341508468,-1.9348035360929492,1.0133579304226623,1.0056051869419864,-0.29019692530299174,1.9951734148925866,0.10543708653813684,0.3413485562129455,-0.3659882843890046
2025-12-29,-1.4508041626315895,0.09587270707302782,1.0636456640036445,-0.8505135215790638,-1.8672122018805855,1.0231078886549818,0.9353602489697068,-0.3663276683384446,0.953634333356566,0.14703843099659594,0.294888869726479,-0.26450491480862054
2025-12-30,-1.40527638756312,0.2467283514722612,0.8957098172680609,-0.7985550463542935,-1.9948756905871294,0.9057289341139538,0.8882861731187118,-0.5001405681571657,0.4475731162920423,0.16540301768408297,0.20040604074208448,-0.27228962184754213
2025-12-31,-1.285496019179219,0.545213697011089,0.8213146726198387,-0.8053814239782631,-0.06747388154788425,0.8880869340563525,0.8217570827641313,-0.6201328204913804,0.2522515947569172,0.3173444973237086,0.32831368017339535,-0.23023597288059808
