date,AAPL,MSFT,NVDA,AVGO,AMD,ADBE,CRM,CSCO,INTC,ORCL,QCOM,TXN,XLK
2020-07-01,0.0,0.0,0.0,0.0,0.0,-0.05,0.0,0.0,0.0,0.0,0.0,0.0,0.03721860120725845
2020-07-02,0.0,0.0,0.0,0.0,0.0,-0.05,0.0,0.0,0.0,0.0,0.0,0.0,0.03710767108548605
2020-07-06,0.0,0.0,0.0,0.0,0.0,-0.05,0.0,0.05,0.0,0.0,0.0,0.0,0.00021368890858191464
2020-07-07,0.0,0.0,0.0,0.0,0.0,-0.05,0.0,0.05,0.0,0.0,0.0,0.0,0.00042398869566851426
2020-07-08,0.0,0.0,0.0,0.0,0.0,-0.05,-0.05,0.05,0.0,0.0,0.0,0.0,0.039349085941607916
2020-07-09,0.0,0.0,0.0,0.0,0.0,-0.05,-0.05,0.05,0.0,0.0,0.0,0.0,0.03961182925564348
2020-07-10,0.0,-0.05,0.0,0.0,0.0,-0.05,-0.05,0.05,0.0,0.0,0.0,0.0,0.0755475990783101
2020-07-13,0.0,-0.05,0.0,0.0,0.0,-0.05,-0.05,0.05,0.0,0.0,0.0,0.0,0.07678136092997433
2020-07-14,0.0,-0.05,0.0,0.0,0.0,0.0,0.0,0.05,0.0,0.0,0.0,0.0,0.0019401357534192618
2020-07-15,0.0,-0.05,0.0,0.0,0.0,0.0,0.0,0.05,0.0,0.0,0.0,0.0,0.002242133771850381
2020-07-16,0.0,0.0,0.0,0.0,0.0,0.0,0.0,0.05,0.0,0.0,0.0,0.0,-0.03602416022892472
2020-07-17,0.0,0.0,0.0,0.0,0.0,0.0,0.0,0.05,0.0,0.0,0.0,0.0,-0.03544853916455651
2020-07-20,0.0,0.0,0.0,0.0,0.0,0.0,0.0,0.0,0.0,0.0,0.0,0.0,-0.0
2020-07-21,0.0,0.0,0.0,0.0,0.0,0.0,0.0,0.0,0.0,0.0,0.0,0.0,-0.0
2020-07-22,0.0,0.0,0.0,0.0,0.0,0.0,0.0,0.0,0.0,0.0,0.0,0.0,-0.0
2020-07-23,0.0,0.0,0.0,0.0,-0.05,0.0,0.0,0.0,0.0,0.0,0.0,0.0,0.04238007419890352
2020-07-24,0.05,0.0,0.0,0.0,-0.05,0.0,0.0,0.0,0.0,0.0,0.0,0.0,0.008358146076545631
2020-07-27,0.05,0.0,0.0,0.0,0.0,0.0,0.0,0.0,0.05,0.0,0.0,0.0,-0.07577617742049221
2020-07-28,0.05,0.0,0.0,0.0,0.0,0.0,0.0,0.0,0.0,0.0,0.0,0.0,-0.03541338554913929
2020-07-29,0.05,0.0,0.0,0.0,0.0,0.0,0.0,0.0,0.0,0.0,0.0,0.0,-0.03642353045323268
2020-07-30,0.05,0.0,0.0,0.0,0.0,0.0,0.0,0.0,0.0,0.0,0.0,0.0,-0.036544278608773406
2020-07-31,0.0,0.0,0.0,0.0,0.0,0.0,0.0,0.0,0.0,0.0,-0.05,0.0,0.043891783904733146
2020-08-03,-0.05,0.0,0.0,0.0,0.0,0.0,0.0,0.0,0.0,0.0,-0.05,0.0,0.08205708244047802
2020-08-04,-0.05,0.0,0.0,0.05,0.0,0.05,0.0,0.0,0.0,0.0,-0.05,0.0,0.00813008629396981
2020-08-05,-0.05,0.0,0.0,0.05,0.0,0.05,0.0,0.0,0.0,0.0,-0.05,0.0,0.007946264940381203
2020-08-06,-0.05,0.0,0.0,0.05,0.0,0.05,0.0,0.0,0.0,0.0,-0.05,0.0,0.007962159866765493
2020-08-07,-0.05,0.0,0.0,0.05,0.0,0.05,0.0,0.0,0.0,0.05,-0.05,0.0,-0.013666419695876474
2020-08-10,-0.05,0.0,0.0,0.05,0.0,0.05,0.0,0.0,0.0,0.05,-0.05,0.0,-0.011469016311117717
2020-08-11,-0.05,0.0,0.0,0.05,0.0,0.05,0.0,0.0,0.0,0.05,-0.05,0.0,-0.011616326720617041
2020-08-12,-0.05,0.0,0.0,0.05,0.0,0.05,0.0,0.0,0.0,0.05,-0.05,0.0,-0.012597081881210857
2020-08-13,-0.05,0.0,0.0,0.05,0.0,0.05,0.05,0.0,0.0,0.05,-0.05,0.0,-0.04980498924169509
2020-08-14,-0.05,0.0,0.0,0.05,0.0,0.05,0.05,0.05,0.0,0.05,-0.05,0.0,-0.07996001242344733
2020-08-17,-0.05,0.0,0.0,0.05,0.0,0.05,0.05,0.05,0.0,0.05,-0.05,0.0,-0.07948629164698598
2020-08-18,-0.05,0.0,-0.05,0.05,0.0,0.05,0.05,0.05,0.0,0.05,-0.05,0.0,-0.03693652209519857
2020-08-19,-0.05,0.0,-0.05,0.05,0.0,0.05,0.0,0.05,0.0,0.05,-0.05,0.0,0.002229657285121936
2020-08-20,-0.05,0.0,-0.05,0.05,0.0,0.05,0.0,0.05,0.0,0.0,0.0,0.0,-0.017196764478936897
2020-08-21,-0.05,0.0,-0.05,0.05,0.0,0.0,0.0,0.05,0.0,0.0,0.0,0.0,0.02195430430769915
2020-08-24,-0.05,0.05,-0.05,0.05,0.0,0.0,0.0,0.05,0.0,0.0,0.0,0.0,-0.018895341962200184
2020-08-25,0.0,0.05,-0.05,0.05,0.0,0.0,0.0,0.05,0.0,0.0,0.0,0.0,-0.06341206434494107
2020-08-26,0.0,0.05,-0.05,0.05,0.0,0.0,0.0,0.05,0.0,0.0,0.0,0.0,-0.06324591621050074
2020-08-27,0.0,0.05,0.0,0.05,0.0,0.0,0.0,0.0,0.0,0.0,0.0,0.0,-0.07765230674922727
2020-08-28,0.0,0.05,0.0,0.05,0.0,0.0,0.0,0.0,0.0,0.0,0.0,0.0,-0.07717269482859047
2020-08-31,0.0,0.05,0.0,0.05,0.0,0.0,-0.05,0.0,0.0,0.0,0.0,0.0,-0.02763434477674954
2020-09-01,0.0,0.05,-0.05,0.05,0.0,0.0,-0.05,0.0,0.0,0.0,0.0,0.0,0.017794024228349158
2020-09-02,0.0,0.05,-0.05,0.0,0.0,0.0,-0.05,0.0,0.0,0.0,0.0,0.0,0.05338027734016251
2020-09-03,0.0,0.05,-0.05,-0.05,0.0,0.0,-0.05,0.0,0.0,0.0,0.0,0.0,0.08902684778098294
2020-09-04,0.0,0.05,-0.05,-0.05,0.0,0.0,-0.05,0.0,0.0,0.0,0.0,0.0,0.09012272162167476
2020-09-08,0.0,0.05,0.0,-0.05,0.0,0.0,-0.05,0.0,0.0,0.0,0.0,0.0,0.03899190088488384
2020-09-09,0.0,0.05,0.0,-0.05,0.0,0.0,-0.05,0.0,0.0,0.0,0.0,0.0,0.03744673712448549
2020-09-10,0.0,0.05,-0.05,-0.05,0.0,0.0,-0.05,0.0,0.0,0.0,0.0,0.0,0.0883682011703695
2020-09-11,0.0,0.05,-0.05,-0.05,0.0,0.0,-0.05,0.0,0.0,-0.05,0.0,0.0,0.10441200868492417
2020-09-14,0.0,0.05,-0.05,-0.05,0.0,0.0,-0.05,0.0,0.0,-0.05,0.0,0.0,0.10445966749106747
2020-09-15,0.0,0.05,-0.05,0.0,0.0,0.0,-0.05,0.0,0.0,-0.05,0.0,0.0,0.0754055282250847
2020-09-16,0.0,0.05,-0.05,0.0,0.0,0.0,-0.05,0.0,0.0,0.0,0.0,0.0,0.05967901819913993
2020-09-17,0.0,0.05,-0.05,0.0,0.0,0.0,0.0,0.0,0.0,0.0,0.0,0.0,0.012796359961194251
2020-09-18,0.0,0.05,-0.05,0.0,0.0,0.0,0.0,0.0,0.0,0.0,0.0,0.0,0.012939879589925289
2020-09-21,0.0,0.0,-0.05,0.0,0.0,0.0,0.0,0.0,0.0,0.0,0.0,0.0,0.05648965032375893
2020-09-22,0.0,0.0,-0.05,0.0,0.0,0.0,0.0,0.0,0.0,0.0,0.0,0.0,0.0565046600244042
2020-09-23,0.0,0.0,-0.05,0.0,0.0,0.0,0.0,0.0,0.0,0.0,0.0,0.0,0.05557252229418846
2020-09-24,0.0,0.0,-0.05,0.0,0.0,-0.05,0.0,0.0,0.0,0.0,0.0,0.0,0.10157261159560001
2020-09-25,0.0,0.0,-0.05,0.0,0.0,-0.05,0.0,0.0,0.0,0.0,0.0,0.0,0.10127972292244992
2020-09-28,0.0,0.0,-0.05,0.0,0.0,-0.05,0.0,0.0,0.0,0.0,0.0,0.0,0.10131054876660331
2020-09-29,0.0,0.0,0.0,0.0,0.0,-0.05,0.0,0.0,0.0,0.0,0.0,0.0,0.045342406058587775
2020-09-30,0.0,0.0,0.0,0.0,0.0,-0.05,0.0,0.0,0.0,0.0,0.0,0.0,0.04525257576968159
2020-10-01,0.0,0.0,-0.05,0.0,0.0,-0.05,0.0,0.0,0.0,0.0,0.0,0.0,0.10095371350888929
2020-10-02,0.0,0.0,-0.05,0.0,0.0,-0.05,0.0,0.0,0.0,0.0,0.0,0.0,0.10063285881578674
2020-10-05,0.0,0.0,0.0,0.0,0.0,-0.05,0.0,0.0,0.0,0.0,0.0,0.0,0.04598260581112458
2020-10-06,0.0,0.0,0.0,0.0,0.0,0.0,0.0,0.0,0.0,0.0,0.0,0.0,-0.0
2020-10-07,0.0,0.0,-0.05,0.0,0.0,0.0,0.0,0.0,0.0,0.0,0.0,0.0,0.054261872538773986
2020-10-08,0.0,0.0,-0.05,0.0,0.0,0.0,0.0,0.0,0.0,0.0,0.0,-0.05,0.07882559143225215
2020-10-09,0.0,0.0,0.0,0.0,0.0,0.0,0.0,0.0,0.0,0.0,0.0,-0.05,0.025278721429042465
2020-10-12,0.0,0.0,0.0,0.0,0.05,0.0,0.0,0.0,0.0,0.0,0.0,-0.05,-0.019273497069642386
2020-10-13,0.0,0.0,0.0,0.0,0.05,0.0,0.0,0.0,0.0,0.0,0.0,-0.05,-0.017966927939451587
2020-10-14,0.0,-0.05,0.0,0.0,0.05,0.0,0.0,0.0,0.0,0.0,0.0,-0.05,0.023922198116038712
2020-10-15,0.0,-0.05,0.0,0.0,0.05,0.0,0.0,0.0,0.0,0.0,0.0,-0.05,0.023857404899526154
2020-10-16,0.0,-0.05,0.0,0.0,0.05,0.0,0.0,0.0,0.0,0.0,0.0,-0.05,0.024783247722114515
2020-10-19,0.0,-0.05,0.0,0.0,0.0,0.0,0.0,0.0,0.0,0.0,0.0,-0.05,0.06605088900978705
2020-10-20,0.0,-0.05,0.0,0.0,0.0,0.0,0.0,0.0,0.0,0.0,0.0,-0.05,0.06697092400079284
2020-10-21,0.0,-0.05,0.0,0.0,0.0,0.0,0.0,0.0,0.0,0.0,0.0,-0.05,0.06685228543817397
2020-10-22,0.0,-0.05,0.0,0.0,0.0,0.0,0.0,0.0,0.0,0.0,0.0,0.0,0.040952345419022276
2020-10-23,0.0,-0.05,0.05,0.0,0.0,0.0,0.0,0.0,0.0,0.0,0.0,0.0,-0.01300565586281498
2020-10-26,0.0,-0.05,0.05,0.0,0.0,0.0,0.0,0.0,0.0,0.0,0.0,0.0,-0.012870989757559074
2020-10-27,0.0,-0.05,0.05,0.0,0.0,0.0,0.0,0.0,0.0,0.0,0.0,0.0,-0.013684588458472837
2020-10-28,0.0,-0.05,0.05,0.0,0.0,0.0,0.0,0.0,0.0,0.0,0.0,0.0,-0.015223420781692537
2020-10-29,0.0,-0.05,0.05,0.0,0.0,0.0,0.0,0.0,0.0,0.0,0.0,0.0,-0.01455633886242266
2020-10-30,0.0,-0.05,0.05,0.0,0.0,0.0,0.0,0.0,0.0,0.0,0.0,0.0,-0.014909291567623068
2020-11-02,0.0,-0.05,0.05,0.0,0.0,0.0,0.0,0.0,0.0,0.0,0.0,0.0,-0.01635564102310505
2020-11-03,0.0,-0.05,0.05,0.0,0.0,0.0,0.0,0.0,0.0,0.0,0.0,0.0,-0.016622105465300706
2020-11-04,0.0,0.0,0.05,0.0,0.0,0.05,0.0,-0.05,0.0,0.0,0.0,0.0,-0.08211682406791057
2020-11-05,0.0,0.0,0.05,0.0,0.0,0.0,0.0,-0.05,0.0,0.05,0.0,0.0,-0.05722307131928137
2020-11-06,0.0,0.0,0.05,0.0,0.0,0.0,0.0,0.0,0.0,0.05,-0.05,0.0,-0.032362560433701594
2020-11-09,0.0,0.0,0.05,0.0,0.0,0.05,0.05,0.0,0.0,0.05,-0.05,0.0,-0.12301364004734443
2020-11-10,0.0,0.0,0.05,0.0,0.0,0.05,0.05,0.0,0.0,0.05,-0.05,0.0,-0.12416062457195191
2020-11-11,0.0,0.0,0.05,0.05,0.0,0.05,0.05,0.0,0.0,0.05,-0.05,0.0,-0.1582055736043768
2020-11-12,0.0,0.0,0.05,0.05,0.0,0.05,0.05,0.0,0.0,0.05,-0.05,0.0,-0.1579747159374712
2020-11-13,0.0,0.0,0.05,0.05,0.0,0.05,0.05,0.0,0.0,0.05,-0.05,0.0,-0.15793001440374266
2020-11-16,0.0,0.0,0.05,0.05,0.0,0.05,0.05,0.0,0.0,0.05,-0.05,0.0,-0.15798168340067825
2020-11-17,0.0,0.0,0.05,0.05,0.0,0.05,0.05,0.0,0.0,0.05,-0.05,0.0,-0.1582074072219859
2020-11-18,0.0,0.0,0.05,0.05,0.0,0.05,0.05,0.0,0.0,0.05,-0.05,0.0,-0.15790954564296755
2020-11-19,0.0,0.0,0.05,0.05,0.0,0.05,0.0,0.0,0.05,0.05,-0.05,0.0,-0.13216506825247068
2020-11-20,0.0,0.0,0.05,0.05,0.0,0.05,0.0,0.0,0.05,0.05,-0.05,0.0,-0.13033439705269423
2020-11-23,0.0,0.0,0.0,0.05,0.0,0.05,0.0,0.0,0.05,0.0,-0.05,0.0,-0.05445647730155766
2020-11-24,0.05,0.0,0.0,0.05,0.0,0.05,0.0,0.0,0.05,0.0,0.0,0.0,-0.1477769689889628
2020-11-25,0.05,0.0,0.0,0.05,0.0,0.0,0.0,0.0,0.05,0.0,0.0,0.0,-0.10404877843405097
2020-11-27,0.05,0.0,0.0,0.05,0.0,0.0,0.0,0.0,0.05,0.0,0.0,0.0,-0.10340921161667542
2020-11-30,0.05,0.0,0.0,0.05,0.0,0.0,0.0,0.0,0.0,0.0,0.0,0.0,-0.08204172804189543
2020-12-01,0.05,0.0,0.0,0.0,-0.05,0.0,0.0,0.0,0.0,0.0,0.0,0.0,-0.006932867978738157
2020-12-02,0.0,0.05,0.0,0.0,-0.05,0.0,0.0,0.0,0.0,0.0,0.0,0.0,0.0006265834754122651
2020-12-03,0.0,0.05,0.0,0.0,-0.05,0.0,0.0,0.0,0.0,0.0,0.0,0.0,0.002005209375794936
2020-12-04,0.0,0.05,0.0,0.0,-0.05,0.0,0.0,0.0,0.0,0.0,0.0,0.0,0.0024534198028078377
2020-12-07,0.0,0.05,0.0,0.0,-0.05,0.0,0.0,0.0,0.0,0.0,0.0,0.0,0.0022686985971476503
2020-12-08,0.0,0.05,0.0,0.0,-0.05,0.0,0.0,0.0,0.0,0.0,0.0,0.0,0.0015444881255353305
2020-12-09,0.0,0.05,0.0,0.0,0.0,0.0,0.0,0.0,0.0,0.0,0.0,0.0,-0.04103181040218225
2020-12-10,0.0,0.05,0.0,-0.05,0.0,0.0,0.0,0.0,0.0,0.0,0.0,0.0,-0.005988377690507935
2020-12-11,0.0,0.05,0.0,0.0,0.0,0.0,0.0,0.0,0.0,0.0,0.0,0.0,-0.04075253366578679
2020-12-14,0.0,0.05,0.0,0.0,0.0,0.0,0.0,0.0,0.0,0.0,0.05,0.0,-0.0896481524258221
2020-12-15,0.0,0.05,0.0,0.0,-0.05,0.0,0.0,0.0,0.0,0.0,0.05,0.05,-0.08120734569234225
2020-12-16,0.0,0.05,0.0,0.0,-0.05,0.0,0.0,0.0,0.0,-0.05,0.05,0.05,-0.0638645013984693
2020-12-17,0.0,0.05,0.0,0.0,-0.05,0.0,0.0,0.0,0.0,-0.05,0.05,0.05,-0.06277448168319158
2020-12-18,0.0,0.05,0.0,0.0,-0.05,0.0,0.0,0.0,0.0,-0.05,0.05,0.05,-0.06553817946153505
2020-12-21,0.0,0.05,0.0,-0.05,-0.05,0.0,0.0,0.0,0.0,-0.05,0.05,0.05,-0.03052794215564957
2020-12-22,0.0,0.0,0.0,-0.05,0.0,0.0,0.0,0.0,0.0,-0.05,0.05,0.05,-0.03312045027902942
2020-12-23,-0.05,0.0,0.0,-0.05,0.0,0.0,0.0,0.0,0.0,0.0,0.05,0.05,0.0004451963766551048
2020-12-24,-0.05,0.0,0.0,0.0,0.0,0.0,0.0,0.0,0.0,0.0,0.05,0.05,-0.03488010299302747
2020-12-28,-0.05,0.0,0.0,0.0,0.0,0.0,0.0,0.0,0.0,0.0,0.05,0.05,-0.03516259792734297
2020-12-29,-0.05,0.0,0.0,0.0,0.0,0.0,0.0,0.0,0.0,0.0,0.05,0.05,-0.03322473924420828
2020-12-30,-0.05,0.0,0.0,0.0,0.0,0.0,0.0,0.0,0.0,0.0,0.05,0.05,-0.03215309829600346
2020-12-31,-0.05,0.0,0.0,0.0,0.0,0.0,0.0,0.0,0.0,0.0,0.05,0.05,-0.031049903932119177
2021-01-04,-0.05,0.0,0.0,0.0,0.0,0.0,0.0,0.0,0.0,0.0,0.05,0.05,-0.03287664279749344
2021-01-05,-0.05,0.0,0.0,0.0,0.0,0.0,0.0,0.0,0.0,0.0,0.05,0.05,-0.03202371243400709
2021-01-06,-0.05,0.0,0.0,0.0,0.0,0.0,0.0,0.0,0.0,0.0,0.05,0.05,-0.03229636771962303
2021-01-07,0.0,0.0,0.0,0.0,0.0,0.0,0.0,0.0,-0.05,0.0,0.05,0.0,-0.02740002077514649
2021-01-08,0.0,0.0,0.0,-0.05,0.0,0.0,0.0,0.0,-0.05,0.0,0.05,0.0,0.009898050738213229
2021-01-11,0.0,0.0,0.0,-0.05,0.0,0.0,0.0,0.0,-0.05,0.0,0.05,0.0,0.009529547994261301
2021-01-12,0.0,0.0,0.0,-0.05,0.0,0.0,0.0,0.0,-0.05,0.0,0.05,0.0,0.008829321658985898
2021-01-13,0.0,0.0,0.0,-0.05,0.0,0.0,0.0,0.0,-0.05,0.0,0.05,0.0,0.008077878731675158
2021-01-14,0.0,0.0,0.0,-0.05,0.0,0.0,0.0,0.0,-0.05,0.0,0.05,0.0,0.00900253985126195
2021-01-15,0.0,0.0,0.0,-0.05,0.0,0.0,0.0,0.0,0.0,0.0,0.0,0.0,0.03840197074495352
2021-01-19,0.0,0.0,0.0,-0.05,0.05,0.0,0.0,0.0,0.0,0.0,0.0,0.0,-0.005005517671774023
2021-01-20,0.0,0.0,0.0,-0.05,0.05,0.0,0.0,0.0,0.0,0.0,0.0,0.0,-0.004229408671553629
2021-01-21,0.0,0.0,0.0,-0.05,0.05,0.0,0.0,0.0,0.0,0.0,0.0,0.0,-0.0034081078330850494
2021-01-22,0.0,0.0,0.0,-0.05,0.05,0.05,0.0,0.0,0.0,0.0,0.0,0.0,-0.049669226050418055
2021-01-25,-0.05,0.0,0.0,-0.05,0.05,0.05,0.0,0.0,0.0,0.0,0.0,0.0,-0.0018261309437940278
2021-01-26,-0.05,0.0,0.0,0.0,0.05,0.05,0.0,0.0,0.0,0.0,0.0,0.0,-0.03951214050498412
2021-01-27,-0.05,-0.05,0.0,0.0,0.05,0.05,0.0,0.0,0.0,0.0,0.0,0.0,-0.0022921379237022376
2021-01-28,-0.05,-0.05,0.0,0.0,0.05,0.05,0.0,0.0,0.0,0.0,0.0,0.0,-0.011357972536764932
2021-01-29,-0.05,-0.05,0.0,0.0,0.05,0.05,0.0,0.0,0.0,0.0,0.0,0.0,-0.012937561747027586
2021-02-01,-0.05,-0.05,0.0,0.0,0.05,0.0,-0.05,0.05,0.0,0.0,0.0,0.0,0.0648281680326099
2021-02-02,0.0,-0.05,0.0,0.0,0.05,0.0,-0.05,0.05,0.0,0.0,0.0,0.0,0.017424785041727175
2021-02-03,0.0,-0.05,0.0,0.0,0.05,0.0,-0.05,0.05,0.0,0.0,0.0,0.0,0.011926336975301337
2021-02-04,0.0,-0.05,0.0,0.0,0.05,0.0,-0.05,0.05,0.0,0.0,0.0,0.0,0.007082540856686496
2021-02-05,0.0,-0.05,0.0,0.0,0.05,0.0,-0.05,0.05,0.0,0.0,0.0,0.0,0.005991791339764723
2021-02-08,0.0,0.0,0.0,0.0,0.05,0.0,-0.05,0.0,0.0,0.0,0.0,0.0,-0.014813011037963517
2021-02-09,0.0,0.0,-0.05,0.0,0.05,0.0,-0.05,0.0,0.0,0.0,0.0,0.0,0.03056433628087487
2021-02-10,0.0,0.0,-0.05,0.0,0.05,0.0,-0.05,0.0,0.0,0.0,0.0,0.0,0.02854463540654536
2021-02-11,0.0,0.0,-0.05,0.0,0.05,0.0,-0.05,0.0,0.0,0.0,0.0,0.0,0.02725703145517184
2021-02-12,0.05,0.0,-0.05,0.0,0.05,0.0,-0.05,0.0,0.0,0.0,0.0,0.0,-0.020658870974481408
2021-02-16,0.05,0.0,-0.05,0.0,0.05,0.0,-0.05,0.05,0.0,0.0,0.0,0.0,-0.03588097746074774
2021-02-17,0.05,0.0,-0.05,0.0,0.05,0.0,-0.05,0.05,0.0,0.05,0.0,0.0,-0.052149717957452456
2021-02-18,0.05,0.0,-0.05,0.0,0.05,0.0,-0.05,0.05,0.0,0.05,0.0,0.0,-0.04893829093621076
2021-02-19,0.05,0.0,-0.05,0.0,0.05,0.0,-0.05,0.05,0.0,0.05,0.0,0.0,-0.049416969147630274
2021-02-22,0.05,0.0,-0.05,0.0,0.05,0.0,-0.05,0.0,0.0,0.05,0.0,0.0,-0.03681539077301581
2021-02-23,0.05,0.0,-0.05,0.0,0.05,0.0,-0.05,0.0,0.0,0.0,0.0,0.0,-0.02373947069482673
2021-02-24,0.05,0.0,-0.05,0.0,0.0,0.0,0.0,0.0,0.0,0.0,0.0,0.0,-0.003219532507144799
2021-02-25,0.05,0.0,-0.05,0.0,0.0,0.0,0.0,0.0,0.0,0.0,0.0,0.0,-0.0010375412683018073
2021-02-26,0.05,0.0,0.0,0.0,0.0,0.0,0.0,0.0,0.0,0.0,0.0,0.0,-0.047843517675752525
2021-03-01,0.05,0.0,0.0,0.0,0.0,0.0,0.0,0.0,0.0,0.0,0.0,0.0,-0.04742804761473728
2021-03-02,0.05,0.0,0.0,0.0,0.0,0.0,0.0,0.0,0.0,0.0,0.0,0.0,-0.04837934927840924
2021-03-03,0.05,0.0,0.0,0.0,0.0,0.0,0.0,0.0,0.0,0.0,0.0,0.0,-0.048407005852289325
2021-03-04,0.05,0.0,0.0,0.0,0.0,0.0,0.0,0.0,0.0,0.0,0.0,0.0,-0.04751446130149174
2021-03-05,0.05,0.0,0.0,0.05,0.0,0.0,0.0,0.0,0.0,0.0,0.0,0.0,-0.0935978328511716
2021-03-08,0.05,0.0,0.0,0.05,0.0,0.0,0.0,0.0,0.0,-0.05,0.0,0.0,-0.0838163386414161
2021-03-09,0.05,0.0,0.0,0.05,0.0,0.05,0.0,0.0,0.0,-0.05,0.0,0.0,-0.13016618198277866
2021-03-10,0.05,0.0,0.0,0.05,0.0,0.05,0.0,0.0,0.0,-0.05,0.0,0.0,-0.1319496705482022
2021-03-11,0.05,0.0,0.0,0.05,0.0,0.05,0.0,0.0,0.0,-0.05,0.0,0.0,-0.13197728759114918
2021-03-12,0.05,0.0,0.0,0.05,0.0,0.0,0.0,0.0,0.0,0.0,0.0,0.0,-0.09728620600530372
2021-03-15,0.0,0.0,0.0,0.05,0.0,0.0,0.0,0.0,0.0,0.0,0.0,0.0,-0.05043541111562574
2021-03-16,0.0,0.0,0.0,0.05,0.0,0.0,0.0,0.0,0.0,0.0,0.0,0.0,-0.051621932958831676
2021-03-17,0.0,0.0,0.0,0.05,0.0,0.0,0.0,0.0,0.0,0.0,0.0,0.0,-0.051602242386542985
2021-03-18,0.0,0.0,0.0,0.0,0.0,0.0,0.0,0.0,0.0,0.0,0.0,-0.05,0.0466154702452891
2021-03-19,0.0,0.0,0.0,0.0,0.0,0.0,0.0,0.0,0.0,0.0,0.0,-0.05,0.04626372735836193
2021-03-22,0.0,0.0,0.0,0.0,0.0,0.0,0.0,0.0,0.0,0.0,0.0,-0.05,0.046112841594338275
2021-03-23,0.0,0.0,0.0,0.0,0.0,0.0,0.0,-0.05,0.0,0.0,0.0,-0.05,0.06107263646339976
2021-03-24,0.0,0.0,0.0,0.0,0.0,-0.05,0.0,-0.05,0.0,0.0,0.0,-0.05,0.10244079575025122
2021-03-25,0.0,0.0,0.0,0.0,0.0,-0.05,0.0,-0.05,0.0,0.0,0.0,-0.05,0.10233293690741477
2021-03-26,0.0,0.0,0.0,0.0,0.0,-0.05,0.0,-0.05,0.0,0.0,0.0,-0.05,0.10316930463783079
2021-03-29,0.0,0.0,0.0,0.0,0.0,-0.05,0.0,0.0,0.0,-0.05,0.0,-0.05,0.09260966603887022
2021-03-30,0.0,0.0,0.0,0.0,0.0,-0.05,0.0,0.0,0.0,-0.05,0.0,-0.05,0.09241506717879473
2021-03-31,0.0,0.0,0.0,0.05,0.0,-0.05,0.0,0.0,0.0,-0.05,0.0,-0.05,0.03957573597979564
2021-04-01,0.0,0.0,0.0,0.05,0.0,0.0,0.0,0.0,0.0,-0.05,0.0,-0.05,-0.003489158869297595
2021-04-05,0.0,0.0,0.0,0.05,0.0,0.0,0.0,0.0,0.05,-0.05,0.0,-0.05,-0.04648429479710876
2021-04-06,0.0,0.0,0.0,0.05,0.0,0.0,0.0,0.0,0.05,-0.05,0.0,-0.05,-0.04656359781609854
2021-04-07,0.0,0.0,0.0,0.05,0.0,0.0,0.0,0.0,0.05,-0.05,0.0,-0.05,-0.046668471353292176
2021-04-08,0.0,0.0,0.0,0.05,0.0,0.0,0.0,0.0,0.05,-0.05,0.0,0.0,-0.09656062181094227
2021-04-09,0.0,0.0,0.0,0.05,0.0,0.0,0.0,0.0,0.05,-0.05,0.0,0.0,-0.095955481231002
2021-04-12,0.0,0.0,0.0,0.05,0.0,0.0,0.0,0.0,0.05,-0.05,0.0,0.0,-0.09680590106226045
2021-04-13,0.0,0.0,0.0,0.05,0.05,0.0,0.0,0.0,0.05,-0.05,0.0,0.0,-0.15137749903952655
2021-04-14,0.0,0.0,-0.05,0.0,0.05,0.0,0.0,0.0,0.05,-0.05,0.0,0.0,-0.04178266758997537
2021-04-15,0.0,0.0,-0.05,0.0,0.05,0.0,0.0,0.0,0.05,-0.05,0.0,0.0,-0.04107134734444216
2021-04-16,0.0,0.0,-0.05,0.0,0.05,0.0,0.0,0.0,0.05,0.0,0.0,0.0,-0.043763190369013154
2021-04-19,0.0,0.0,-0.05,0.0,0.05,0.0,0.0,0.0,0.05,0.0,0.0,0.0,-0.04574139036297463
2021-04-20,-0.05,0.0,0.0,0.0,0.05,0.0,0.0,0.0,0.0,0.0,0.0,0.0,-0.016941272384246697
2021-04-21,-0.05,0.0,0.0,0.0,0.05,0.0,0.0,0.0,0.0,0.0,0.0,0.0,-0.01706588512839253
2021-04-22,-0.05,0.0,0.0,0.0,0.0,0.0,0.0,0.0,0.0,0.0,0.0,0.0,0.04034475919948158
2021-04-23,-0.05,0.0,0.0,0.0,0.0,0.0,0.0,0.0,0.0,0.0,0.0,0.05,-0.010523238132171599
2021-04-26,-0.05,0.0,0.0,0.0,0.0,0.0,0.0,0.0,0.0,0.0,0.0,0.05,-0.007938122958458287
2021-04-27,-0.05,0.0,0.0,0.0,-0.05,0.0,0.0,0.0,0.0,0.0,-0.05,0.05,0.0959968195588337
2021-04-28,-0.05,0.0,0.0,0.0,-0.05,0.0,0.0,0.0,0.0,0.0,-0.05,0.05,0.09848062846354103
2021-04-29,-0.05,0.05,0.0,0.0,-0.05,0.0,0.0,0.0,0.0,0.0,-0.05,0.05,0.06779507455806952
2021-04-30,-0.05,0.05,0.0,0.0,-0.05,0.0,0.0,0.0,0.0,0.0,-0.05,0.05,0.06721199838650255
2021-05-03,-0.05,0.05,0.0,0.0,-0.05,0.0,0.0,0.0,0.0,0.0,-0.05,0.05,0.06758683635987409
2021-05-04,-0.05,0.05,0.0,0.0,0.0,0.0,0.0,0.0,0.0,0.0,-0.05,0.05,0.010505126873927937
2021-05-05,-0.05,0.05,0.0,0.0,-0.05,0.0,0.0,0.0,0.0,0.0,0.0,0.05,0.02103360203334884
2021-05-06,-0.05,0.05,0.0,0.0,-0.05,0.0,0.0,0.0,0.0,0.0,0.0,0.05,0.020860622649949576
2021-05-07,-0.05,0.05,0.0,0.0,-0.05,0.0,0.0,0.0,0.0,0.0,0.0,0.05,0.02041263097072184
2021-05-10,-0.05,0.05,0.0,0.0,-0.05,0.0,0.0,0.0,0.0,0.0,0.0,0.0,0.06876612789487044
2021-05-11,0.0,0.05,0.0,0.0,-0.05,0.0,0.0,0.0,0.0,0.0,0.0,0.0,0.026724935917074515
2021-05-12,0.0,0.05,-0.05,0.0,-0.05,0.0,0.0,0.0,0.0,0.0,0.0,0.0,0.09029522147417739
2021-05-13,0.0,0.05,-0.05,0.0,-0.05,0.0,0.0,0.0,0.0,0.0,0.0,0.0,0.08791464539985995
2021-05-14,0.0,0.05,0.0,0.0,-0.05,0.0,0.0,0.0,0.0,0.0,0.0,0.0,0.02275086759940885
2021-05-17,0.0,0.05,0.0,0.0,-0.05,0.0,0.0,0.0,0.0,0.0,0.0,0.0,0.022071683261583663
2021-05-18,0.0,0.05,0.0,0.0,-0.05,0.0,0.0,0.0,0.0,0.0,0.0,0.0,0.02178540053677571
2021-05-19,0.0,0.05,0.0,0.0,-0.05,0.0,0.0,0.0,0.0,0.0,0.0,0.0,0.021213128110888244
2021-05-20,0.0,0.05,0.0,0.0,-0.05,0.0,-0.05,0.0,0.0,0.0,0.0,0.0,0.051910455579047596
2021-05-21,0.0,0.05,0.0,0.0,-0.05,0.0,-0.05,0.0,0.0,0.0,0.0,0.0,0.05093869257625274
2021-05-24,0.0,0.05,-0.05,0.0,-0.05,0.0,-0.05,0.0,0.0,0.0,0.0,0.0,0.10828360489941158
2021-05-25,0.0,0.05,-0.05,0.0,-0.05,0.0,-0.05,0.0,0.0,0.0,0.0,0.0,0.10841574681877791
2021-05-26,0.0,0.05,-0.05,0.0,-0.05,0.0,-0.05,0.0,0.0,0.0,0.0,0.0,0.11522738497155416
2021-05-27,0.0,0.05,-0.05,0.0,-0.05,0.0,-0.05,0.05,0.0,0.0,0.0,0.0,0.09459518968106989
2021-05-28,0.0,0.05,-0.05,0.0,-0.05,0.0,-0.05,0.05,0.0,0.0,0.0,0.0,0.09312436764135314
2021-06-01,0.0,0.05,0.0,0.0,-0.05,0.0,0.0,0.05,0.0,0.0,0.0,0.0,-0.0016013940382599585
2021-06-02,0.0,0.05,0.0,0.0,-0.05,0.0,0.0,0.05,0.0,0.0,0.0,0.0,0.0005323672342233115
2021-06-03,0.0,0.05,0.0,0.0,0.0,0.0,0.0,0.05,0.0,0.0,0.0,0.0,-0.0584446040280876
2021-06-04,0.0,0.05,0.0,0.0,0.0,0.0,0.0,0.05,0.0,0.0,0.0,0.0,-0.06012586500702141
2021-06-07,0.0,0.05,0.0,0.0,0.0,0.0,0.0,0.05,0.0,0.0,0.0,0.0,-0.06046863239122976
2021-06-08,0.0,0.05,0.0,0.0,0.0,0.0,0.0,0.05,0.0,0.0,0.0,0.0,-0.060814624895317894
2021-06-09,0.0,0.05,0.0,0.0,0.0,0.0,0.0,0.0,0.0,0.0,0.0,0.0,-0.037057533605493166
2021-06-10,0.0,0.05,0.0,0.0,0.0,0.0,0.0,0.0,0.0,0.0,0.0,0.0,-0.03765232062940992
2021-06-11,0.0,0.0,0.0,0.0,0.0,-0.05,0.0,0.0,0.0,0.0,0.0,0.0,0.03876592548446708
2021-06-14,0.0,0.0,0.0,0.0,0.0,-0.05,0.0,0.0,0.0,0.0,0.0,0.0,0.03881869671560148
2021-06-15,0.0,0.0,0.0,0.0,0.0,-0.05,0.0,0.0,0.0,0.05,0.0,0.0,0.026722240305461633
2021-06-16,0.0,0.0,0.0,0.0,0.0,-0.05,0.0,0.0,0.0,0.05,0.0,0.0,0.02698595978777485
2021-06-17,0.0,0.0,0.0,0.0,0.0,-0.05,0.0,0.0,0.0,0.05,0.0,0.0,0.02441262819110883
2021-06-18,0.0,0.0,0.0,0.0,0.0,-0.05,0.0,0.0,0.0,0.05,0.0,0.0,0.02472933599017005
2021-06-21,0.0,0.0,0.0,0.0,0.0,0.0,0.0,0.0,0.0,0.0,0.0,0.0,-0.0
2021-06-22,0.0,0.0,0.0,0.0,0.0,0.0,0.0,0.05,0.0,0.0,0.0,0.0,-0.023689641430444497
2021-06-23,0.0,0.0,0.0,0.0,0.0,0.0,0.0,0.05,0.0,0.0,0.0,0.0,-0.020643341200472887
2021-06-24,0.0,0.0,0.0,0.0,0.0,0.0,0.0,0.05,0.0,0.0,0.0,0.0,-0.020837066687107567
2021-06-25,0.0,0.0,0.0,0.0,0.0,0.0,0.0,0.05,0.0,0.0,0.0,0.0,-0.02030102426254475
2021-06-28,0.0,0.0,0.0,0.0,0.0,0.0,0.0,0.05,0.0,0.0,0.0,0.0,-0.020891161677872205
2021-06-29,0.0,0.0,0.0,0.0,0.0,0.0,0.0,0.05,0.0,0.0,0.0,0.0,-0.021085713774058143
2021-06-30,0.0,0.0,0.0,0.0,0.0,0.0,0.0,0.0,0.0,0.0,0.0,0.0,-0.0
2021-07-01,0.0,0.0,0.0,0.0,0.0,0.0,0.0,0.0,0.0,0.0,0.0,0.0,-0.0
2021-07-02,0.0,0.0,0.0,0.0,0.0,0.0,0.0,0.0,0.0,0.0,0.0,0.0,-0.0
2021-07-06,0.0,0.0,0.0,0.0,0.0,0.0,0.0,0.0,0.0,0.0,0.0,0.0,-0.0
2021-07-07,-0.05,0.0,0.0,0.0,0.0,0.0,0.0,0.0,0.0,0.0,0.0,0.0,0.04124448119166346
2021-07-08,-0.05,0.0,0.0,0.0,0.0,0.0,0.0,0.0,0.0,0.0,0.0,0.0,0.04126060808675045
2021-07-09,-0.05,0.0,0.0,0.0,0.0,0.0,0.0,0.0,0.0,0.0,0.0,0.0,0.04054560847020613
2021-07-12,0.0,0.0,0.0,0.0,0.0,0.0,0.0,0.0,0.0,0.0,0.0,0.0,-0.0
2021-07-13,0.0,0.0,0.0,0.0,0.0,0.0,0.0,0.0,0.0,0.0,0.0,0.0,-0.0
2021-07-14,0.0,0.0,0.0,0.0,0.0,0.0,0.0,0.0,0.0,0.0,0.0,0.0,-0.0
2021-07-15,0.0,0.0,0.0,0.0,0.0,0.0,0.0,0.0,0.0,0.0,0.0,0.0,-0.0
2021-07-16,0.0,0.0,0.0,0.0,0.0,0.0,0.0,0.0,0.0,0.0,0.0,0.0,-0.0
2021-07-19,0.0,-0.05,0.0,0.0,0.0,0.0,0.0,0.0,0.0,0.0,0.0,0.0,0.03756860429932985
2021-07-20,0.0,-0.05,0.0,0.0,0.0,0.0,0.0,0.0,0.0,0.0,0.0,0.0,0.0374259406752423
2021-07-21,0.0,-0.05,0.05,0.0,0.0,0.0,0.0,0.0,0.0,0.0,0.0,0.0,-0.014513833510326802
2021-07-22,0.0,-0.05,0.05,0.0,0.0,0.0,0.0,0.0,0.0,0.0,0.0,0.0,-0.015810191079917994
2021-07-23,0.0,-0.05,0.05,0.05,0.0,0.0,0.0,0.0,0.0,0.0,0.05,0.0,-0.10524020880617574
2021-07-26,0.0,-0.05,0.05,0.05,0.0,0.0,0.0,0.0,0.05,0.0,0.05,0.0,-0.1367590419366767
2021-07-27,0.0,-0.05,0.05,0.05,0.0,0.0,0.0,0.0,0.05,0.0,0.05,0.0,-0.13789558184339085
2021-07-28,0.0,-0.05,0.05,0.05,0.0,0.0,0.0,0.0,0.05,0.0,0.05,0.0,-0.1360319295886499
2021-07-29,0.0,-0.05,0.05,0.05,-0.05,0.0,0.0,0.0,0.05,0.0,0.0,0.0,-0.056582079015925234
2021-07-30,0.0,-0.05,0.05,0.0,-0.05,0.0,0.05,0.0,0.05,0.0,-0.05,0.0,0.003201160266866081
2021-08-02,0.0,0.0,0.05,0.0,0.0,0.0,0.05,0.0,0.05,0.0,-0.05,0.0,-0.06746562499084059
2021-08-03,0.0,0.0,0.05,0.0,0.0,0.0,0.05,0.0,0.05,0.0,-0.05,0.0,-0.067101692886466
2021-08-04,0.0,0.0,0.05,0.0,0.0,0.0,0.05,0.0,0.05,0.0,-0.05,0.0,-0.06766616733102834
2021-08-05,0.0,0.0,0.05,0.0,0.0,0.0,0.05,0.0,0.05,0.0,-0.05,0.0,-0.07444669625057568
2021-08-06,0.0,0.0,0.05,0.0,0.0,0.0,0.05,0.0,0.05,0.0,0.0,0.0,-0.11619426968274055
2021-08-09,0.0,0.0,0.05,0.0,0.0,0.0,0.05,0.0,0.05,0.0,0.0,0.0,-0.11612113038057548
2021-08-10,0.0,0.0,0.05,0.0,0.0,0.0,0.05,0.0,0.0,0.0,0.0,0.0,-0.08879112494550753
2021-08-11,0.0,0.0,0.05,0.0,0.0,0.0,0.05,0.0,0.0,0.0,0.0,0.0,-0.08874070322177158
2021-08-12,0.0,0.0,0.05,0.0,0.0,0.0,0.05,0.0,0.0,0.0,0.0,0.0,-0.08887893146935244
2021-08-13,0.0,0.0,0.05,0.0,0.0,0.0,0.0,0.0,0.0,0.0,0.0,0.0,-0.04896521220519247
2021-08-16,0.0,0.0,0.05,0.0,0.0,0.0,0.0,0.0,0.0,0.0,0.0,0.0,-0.04915674287380507
2021-08-17,0.0,0.0,0.0,0.0,0.0,0.0,0.0,0.0,0.0,0.0,0.0,0.0,-0.0
2021-08-18,0.0,0.0,0.0,0.0,0.0,0.0,0.0,0.0,0.0,0.0,0.0,0.0,-0.0
2021-08-19,0.0,0.0,0.0,0.0,0.0,0.0,0.0,0.0,0.0,0.0,0.0,0.0,-0.0
2021-08-20,0.0,0.0,0.0,0.0,0.0,0.0,0.0,-0.05,0.0,0.0,0.0,0.0,0.025116296390125116
2021-08-23,0.0,0.0,0.0,0.0,0.0,0.0,0.0,-0.05,0.05,0.0,0.05,0.0,-0.04277218379955627
2021-08-24,0.0,0.0,0.0,0.0,0.0,0.0,0.0,-0.05,0.0,0.0,0.05,0.0,-0.017259674508680274
2021-08-25,0.0,0.0,0.0,0.0,0.0,0.0,0.0,-0.05,0.0,0.0,0.05,0.0,-0.017483695298680497
2021-08-26,0.0,0.0,0.0,0.0,0.0,0.0,0.0,-0.05,0.0,0.0,0.05,0.0,-0.017954631667128032
2021-08-27,0.0,0.0,0.0,0.0,0.0,0.05,-0.05,-0.05,0.0,0.0,0.05,0.0,-0.020181827769094895
2021-08-30,0.0,0.0,0.0,-0.05,0.0,0.05,-0.05,-0.05,0.0,0.0,0.05,0.0,0.01597824463791037
2021-08-31,0.0,0.0,0.0,-0.05,0.0,0.05,-0.05,-0.05,0.0,0.0,0.05,0.0,0.010780586755427184
2021-09-01,0.0,0.0,0.0,-0.05,0.0,0.05,-0.05,-0.05,0.0,0.0,0.0,0.0,0.05281562860533858
2021-09-02,0.0,0.0,0.0,-0.05,0.0,0.05,-0.05,-0.05,0.0,0.0,0.0,0.0,0.05273921879506578
2021-09-03,0.0,0.0,0.0,-0.05,0.0,0.05,-0.05,-0.05,0.0,0.0,0.0,0.0,0.052693235285769725
2021-09-07,0.0,0.0,0.0,-0.05,0.0,0.05,-0.05,-0.05,0.0,0.0,0.0,0.0,0.053127023955821764
2021-09-08,0.0,0.0,0.0,-0.05,0.0,0.05,-0.05,-0.05,0.0,0.0,0.0,0.0,0.054086543389181625
2021-09-09,0.0,0.0,0.0,-0.05,0.0,0.05,-0.05,0.0,-0.05,0.0,0.0,0.0,0.055982709344789945
2021-09-10,0.0,0.05,0.0,-0.05,0.0,0.05,0.0,0.0,-0.05,0.0,0.0,0.0,-0.0048081246093451095
2021-09-13,0.0,0.05,0.0,-0.05,0.0,0.05,0.0,0.0,-0.05,0.0,0.0,-0.05,0.01832370971784783
2021-09-14,0.0,0.05,0.0,-0.05,0.0,0.0,0.0,0.0,-0.05,0.0,0.0,-0.05,0.046752914783971505
2021-09-15,0.0,0.0,0.0,-0.05,0.0,0.0,0.0,0.0,-0.05,0.05,0.0,-0.05,0.05167234744313272
2021-09-16,0.05,0.0,0.0,-0.05,0.0,0.0,0.0,0.0,-0.05,0.05,0.05,-0.05,-0.03594734626420589
2021-09-17,0.05,0.0,0.0,-0.05,0.0,0.0,0.0,0.0,-0.05,0.05,0.05,-0.05,-0.0343202939826539
2021-09-20,0.05,0.0,0.0,0.0,0.0,0.0,0.0,0.0,-0.05,0.05,0.05,-0.05,-0.07153890394272325
2021-09-21,0.05,0.0,0.0,0.0,0.0,0.0,0.0,0.0,-0.05,0.05,0.05,-0.05,-0.0621533465142549
2021-09-22,0.05,0.0,0.0,0.0,0.0,0.0,0.0,0.0,-0.05,0.05,0.05,-0.05,-0.06236194132177418
2021-09-23,0.05,0.0,0.0,0.0,0.0,0.0,0.0,0.0,-0.05,0.05,0.05,-0.05,-0.06491934838885866
2021-09-24,0.05,0.0,0.0,0.0,0.0,0.0,-0.05,0.0,-0.05,0.05,0.05,-0.05,-0.03200959526423694
2021-09-27,0.05,0.0,0.0,0.0,0.0,0.0,0.0,0.0,-0.05,0.05,0.05,-0.05,-0.061207459063058155
2021-09-28,0.05,0.05,0.0,0.0,0.0,0.0,0.0,0.0,-0.05,0.0,0.05,0.0,-0.09785074849295994
2021-09-29,0.0,0.05,0.0,0.0,0.0,0.0,0.0,0.0,0.0,0.0,0.05,0.0,-0.07030382766006478
2021-09-30,0.0,0.05,0.0,0.0,0.0,0.0,0.0,0.0,0.0,0.0,0.05,0.0,-0.07077372792144361
2021-10-01,0.0,0.05,0.0,0.0,0.0,0.0,0.0,0.0,0.0,0.0,0.05,0.0,-0.07093299733064393
2021-10-04,0.0,0.05,0.0,0.0,0.0,0.0,0.0,0.0,0.0,0.0,0.05,0.0,-0.07025342812576423
2021-10-05,0.0,0.05,0.0,0.0,0.0,0.0,0.0,0.0,0.0,0.0,0.05,0.0,-0.06840311288723475
2021-10-06,0.0,0.05,0.0,0.0,0.0,0.0,0.0,0.0,0.0,0.0,0.05,0.0,-0.06852408506449598
2021-10-07,0.0,0.0,0.0,0.0,0.0,0.0,0.0,0.05,0.0,0.0,0.05,0.0,-0.056587386079986673
2021-10-08,0.0,0.0,0.0,0.0,0.0,0.0,0.0,0.05,0.0,0.0,0.05,0.0,-0.055804468950327826
2021-10-11,0.0,0.0,0.0,0.0,0.0,0.0,0.0,0.05,0.0,-0.05,0.05,0.0,-0.036363712876469195
2021-10-12,0.0,0.0,0.0,0.0,0.0,0.0,0.0,0.05,0.0,-0.05,0.05,0.0,-0.03608888651398635
2021-10-13,0.0,0.0,0.0,0.0,0.0,0.0,0.0,0.05,0.0,-0.05,0.05,0.0,-0.037341856369466686
2021-10-14,0.0,0.0,0.0,0.0,0.0,0.0,0.0,0.05,0.0,-0.05,0.05,0.0,-0.03951569593201623
2021-10-15,0.0,0.0,0.0,0.0,0.0,0.0,0.0,0.05,0.0,-0.05,0.05,0.0,-0.04497523025644569
2021-10-18,0.0,0.0,0.0,0.0,0.0,0.0,0.0,0.05,0.0,-0.05,0.0,0.0,-0.013053385188534473
2021-10-19,0.0,0.0,0.0,0.0,0.0,0.0,0.0,0.05,0.0,-0.05,0.0,0.0,-0.00929655003910318
2021-10-20,0.0,0.0,0.0,0.0,0.0,0.0,0.0,0.05,0.0,-0.05,0.0,0.0,-0.00954609993272658
2021-10-21,0.0,0.0,0.0,0.0,0.0,0.0,0.0,0.05,0.0,-0.05,0.0,0.0,-0.009295289281177678
2021-10-22,0.0,0.0,0.0,0.0,0.0,0.0,0.0,0.05,0.0,-0.05,0.0,0.0,-0.009178452490663028
2021-10-25,0.0,0.0,0.0,0.0,0.0,0.0,0.0,0.05,0.05,-0.05,0.0,0.0,-0.03802936350791049
2021-10-26,0.0,0.0,0.0,0.0,0.0,0.0,0.0,0.05,0.05,-0.05,0.0,0.0,-0.038233106595685955
2021-10-27,0.0,0.0,-0.05,0.0,0.0,0.0,0.0,0.05,0.05,-0.05,0.0,0.0,0.028195977623756755
2021-10-28,0.0,-0.05,-0.05,0.0,0.0,0.0,0.0,0.05,0.05,0.0,0.0,0.0,0.052188751305603256
2021-10-29,0.0,-0.05,-0.05,0.0,0.0,0.0,0.0,0.05,0.05,0.0,0.0,0.0,0.05183528567702341
2021-11-01,0.0,-0.05,-0.05,0.0,0.0,0.0,0.0,0.05,0.05,0.0,0.0,0.0,0.05190608161961837
2021-11-02,0.0,-0.05,-0.05,0.0,0.0,0.0,0.0,0.05,0.05,0.0,0.0,0.0,0.05195325591813188
2021-11-03,0.05,-0.05,-0.05,0.0,0.0,0.0,0.0,0.0,0.05,0.0,0.0,0.0,0.03801226251083983
2021-11-04,0.05,-0.05,-0.05,0.0,-0.05,0.0,0.0,0.0,0.05,0.0,-0.05,0.0,0.11478984110289184
2021-11-05,0.05,-0.05,0.0,0.0,-0.05,0.0,0.0,0.0,0.05,0.0,0.0,0.0,0.021422817841147516
2021-11-08,0.05,0.0,0.0,0.0,-0.05,0.0,0.0,0.0,0.05,0.0,0.0,0.0,-0.016431843048685047
2021-11-09,0.05,0.0,0.0,0.0,-0.05,0.0,0.0,0.0,0.05,0.0,0.0,0.0,-0.01503737090637511
2021-11-10,0.05,0.0,0.0,0.0,-0.05,0.0,0.0,0.0,0.05,0.0,0.0,0.0,-0.013637303180079947
2021-11-11,0.05,0.0,0.0,0.0,-0.05,0.0,0.0,0.0,0.05,0.0,0.0,0.0,-0.007621764978906601
2021-11-12,0.05,0.0,0.0,0.0,-0.05,0.0,0.0,0.0,0.05,0.0,0.0,0.0,-0.007883536775881755
2021-11-15,0.05,0.0,0.0,0.0,-0.05,0.0,0.0,0.0,0.05,0.0,0.0,0.0,-0.007463453215636512
2021-11-16,0.05,0.0,0.0,0.0,-0.05,0.0,0.0,0.0,0.05,0.0,0.0,0.0,-0.007475898305049954
2021-11-17,0.05,0.0,0.0,0.0,-0.05,0.0,0.0,0.0,0.05,0.0,0.0,0.0,-0.006133148313865596
2021-11-18,0.05,0.0,0.0,0.0,-0.05,0.0,0.0,0.0,0.05,0.0,0.0,0.0,-0.005903720042384986
2021-11-19,0.0,0.0,0.0,0.0,0.0,0.0,0.0,0.0,0.05,0.0,0.0,0.0,-0.02655638996457036
2021-11-22,0.0,0.0,0.0,0.0,0.0,0.0,0.0,0.0,0.05,0.0,0.0,0.0,-0.02600925452301605
2021-11-23,-0.05,0.0,0.0,0.0,0.0,0.0,0.05,0.0,0.05,0.0,0.0,0.0,-0.01827511684977682
2021-11-24,-0.05,0.0,0.0,0.0,0.0,0.0,0.05,0.0,0.05,0.05,0.0,0.0,-0.034755844206929065
2021-11-26,-0.05,0.0,0.0,0.0,0.0,0.0,0.0,0.0,0.05,0.05,0.0,0.0,-0.0036133470710797587
2021-11-29,-0.05,0.0,0.0,0.0,0.0,0.0,0.0,0.0,0.05,0.05,0.0,0.0,-0.003142301056050157
2021-11-30,-0.05,0.0,0.0,0.0,0.0,0.0,0.0,0.0,0.05,0.05,0.0,0.0,-0.004252874926722708
2021-12-01,-0.05,0.05,0.0,0.05,0.0,0.0,0.0,0.0,0.05,0.05,0.0,0.0,-0.08155988029091016
2021-12-02,-0.05,0.05,0.0,0.0,0.0,0.0,0.0,0.0,0.05,0.05,0.0,0.0,-0.044894340998692925
2021-12-03,-0.05,0.05,0.0,0.05,0.0,0.0,0.0,0.0,0.05,0.05,0.0,0.0,-0.0812217874368614
2021-12-06,-0.05,0.05,0.0,0.0,0.0,0.0,0.0,0.0,0.0,0.0,0.0,0.0,-0.003366303415967121
2021-12-07,0.0,0.05,0.0,0.0,0.0,0.0,0.0,0.0,0.0,0.0,0.0,0.0,-0.03608352921585169
2021-12-08,0.0,0.05,0.0,-0.05,0.0,0.0,0.0,0.0,0.0,0.0,0.0,0.0,0.0005407301893429473
2021-12-09,0.0,0.05,0.0,-0.05,0.0,0.0,0.0,0.0,0.0,0.0,0.0,0.0,0.00043270162307934915
2021-12-10,0.0,0.05,0.0,-0.05,0.0,0.05,0.0,0.0,0.0,0.0,0.0,0.0,-0.049536828798400906
2021-12-13,0.0,0.05,0.0,-0.05,0.0,0.05,0.0,-0.05,0.0,0.0,0.0,0.0,-0.02998526989400118
2021-12-14,0.0,0.05,0.0,-0.05,0.0,0.0,0.0,-0.05,0.0,0.0,0.0,0.0,0.02280044173346926
2021-12-15,0.0,0.05,0.0,-0.05,0.0,0.05,0.0,-0.05,0.0,0.0,0.0,0.0,-0.033186883412579055
2021-12-16,0.0,0.05,0.0,0.0,0.0,0.05,0.0,-0.05,0.0,0.0,0.0,0.0,-0.06966910143506622
2021-12-17,0.0,0.05,0.0,0.0,0.0,0.05,0.0,-0.05,0.0,0.0,0.0,0.0,-0.0812270878332036
2021-12-20,0.0,0.05,0.0,0.0,0.0,0.0,0.0,-0.05,0.0,0.0,0.0,0.0,-0.020242597048545884
2021-12-21,0.0,0.05,0.0,0.0,0.0,0.0,0.0,-0.05,0.0,0.0,0.0,0.0,-0.020377837882471928
2021-12-22,0.0,0.05,0.0,0.0,0.0,0.0,0.0,-0.05,0.0,0.0,0.0,0.0,-0.02015921518658472
2021-12-23,0.0,0.05,0.0,0.0,0.0,0.0,0.0,-0.05,0.0,0.05,0.0,0.0,-0.05060323180788467
2021-12-27,0.0,0.05,0.0,0.0,0.0,0.0,0.0,-0.05,0.0,0.05,0.0,0.0,-0.05062269987640406
2021-12-28,0.0,0.05,0.0,0.0,0.0,0.0,0.0,0.0,0.0,0.05,0.0,0.0,-0.06376210876481152
2021-12-29,0.0,0.05,0.0,0.0,0.0,0.0,0.0,0.0,0.0,0.05,0.0,0.0,-0.06245468073264591
2021-12-30,0.0,0.05,0.0,0.0,0.0,0.0,0.0,0.0,0.0,0.05,0.0,0.0,-0.06397491956644269
2021-12-31,0.0,0.0,0.0,0.0,0.0,0.0,0.0,0.0,0.0,0.05,0.0,0.0,-0.02855206300430381
2022-01-03,0.0,0.0,0.0,0.0,0.0,0.0,0.0,0.0,0.0,0.05,0.0,0.0,-0.028701253849637044
2022-01-04,0.0,0.0,0.0,0.0,0.0,0.0,0.0,0.0,-0.05,0.05,0.0,0.0,0.001573001036983603
2022-01-05,0.0,0.0,0.0,0.0,0.0,0.0,0.0,0.0,-0.05,0.05,0.0,0.0,0.0014867819007769803
2022-01-06,0.0,0.0,0.0,0.0,0.0,0.0,0.0,0.0,-0.05,0.05,0.0,0.0,-0.0037947457972831097
2022-01-07,0.0,0.0,0.0,0.0,0.0,0.0,0.0,0.0,-0.05,0.05,0.0,0.0,-0.00456065522676073
2022-01-10,0.0,0.0,0.0,0.0,0.0,0.0,0.0,0.0,-0.05,0.0,0.0,0.0,0.02446585912119352
2022-01-11,0.0,0.0,0.0,0.0,0.0,0.0,0.0,0.0,-0.05,0.0,0.0,0.0,0.02303035255211456
2022-01-12,0.0,0.0,0.0,0.0,0.0,0.0,0.0,0.0,0.0,0.0,0.0,0.0,-0.0
2022-01-13,0.0,0.0,0.0,0.0,0.0,0.0,0.0,0.0,0.0,0.0,0.0,0.0,-0.0
2022-01-14,0.0,0.0,0.0,0.0,0.0,0.0,0.0,0.0,0.0,0.0,0.0,-0.05,0.02966304437434805
2022-01-18,0.0,0.0,0.0,0.0,0.0,0.0,0.0,0.0,0.0,0.0,0.0,-0.05,0.03005328020206513
2022-01-19,0.0,0.0,0.0,0.0,0.0,0.0,0.0,0.0,0.0,0.0,0.0,-0.05,0.03031545055877266
2022-01-20,0.0,0.0,0.0,0.0,0.0,0.0,0.0,0.0,0.0,0.0,0.0,-0.05,0.03064102916480546
2022-01-21,0.0,0.0,0.0,0.0,0.0,0.0,0.0,0.0,0.0,0.0,0.05,-0.05,-0.020822410195151558
2022-01-24,0.0,0.0,0.0,0.0,0.0,0.0,0.0,0.0,0.0,0.0,0.05,-0.05,-0.021763322033473587
2022-01-25,0.0,0.0,0.0,0.0,0.0,0.0,0.0,0.0,0.0,0.0,0.05,-0.05,-0.02192845536982449
2022-01-26,0.0,0.0,0.0,0.0,0.0,0.0,0.0,0.0,0.0,0.0,0.05,-0.05,-0.021443705308867626
2022-01-27,0.0,0.0,0.0,0.0,0.0,0.0,0.0,0.0,0.0,0.0,0.05,0.0,-0.051745309886751675
2022-01-28,0.0,0.0,0.0,0.0,0.0,0.0,0.0,0.0,0.0,0.0,0.05,0.0,-0.05228949446604113
2022-01-31,0.0,0.0,0.0,0.0,0.0,0.0,0.0,0.0,0.0,0.0,0.05,0.0,-0.04928226029497564
2022-02-01,0.0,0.0,0.0,0.0,0.0,0.0,0.0,0.0,0.0,0.0,0.05,0.0,-0.050062406732948345
2022-02-02,0.0,0.0,0.0,0.0,0.0,0.0,0.0,0.0,0.0,0.0,0.05,0.0,-0.04627375306686406
2022-02-03,0.0,0.0,0.0,0.0,0.0,0.0,0.0,0.0,0.0,0.0,0.05,0.0,-0.04681426423211355
2022-02-04,0.0,0.0,0.0,0.0,0.0,0.0,0.0,0.0,0.0,0.0,0.05,0.0,-0.0477591880002457
2022-02-07,0.0,0.0,0.0,0.0,0.0,0.0,0.0,0.0,0.0,0.0,0.05,0.0,-0.04776081094107208
2022-02-08,0.0,0.0,0.0,0.0,0.0,0.0,0.0,0.0,0.0,0.0,0.05,0.0,-0.04712098992925603
2022-02-09,0.0,0.0,0.0,0.0,0.0,0.0,0.0,0.0,0.0,0.0,0.05,0.0,-0.04693316069645419
2022-02-10,0.0,0.0,0.0,0.0,0.0,0.0,0.0,0.0,0.0,0.0,0.05,0.0,-0.04734433970102115
2022-02-11,0.0,0.0,0.0,0.0,0.0,0.0,-0.05,0.0,0.0,0.0,0.05,0.0,-0.003154953832999286
2022-02-14,0.0,0.0,0.0,0.0,0.0,0.0,-0.05,0.0,0.0,0.0,0.05,0.0,-0.0023802822616563035
2022-02-15,0.0,0.0,0.0,0.0,0.0,0.0,-0.05,0.05,0.0,0.0,0.05,0.0,-0.022514193634959493
2022-02-16,0.0,0.0,-0.05,0.0,0.0,0.0,-0.05,0.05,0.0,0.0,0.05,0.0,0.0493572421034479
2022-02-17,0.0,0.0,-0.05,0.0,0.0,0.0,-0.05,0.05,0.0,0.0,0.05,0.0,0.04855124268992838
2022-02-18,0.0,0.0,-0.05,0.0,0.0,0.0,-0.05,0.05,0.0,0.0,0.05,0.0,0.05272376170397633
2022-02-22,0.0,0.0,-0.05,0.0,0.0,0.0,-0.05,0.0,0.0,0.0,0.05,0.0,0.07337921445479885
2022-02-23,0.05,0.0,-0.05,0.0,0.0,0.0,-0.05,0.0,0.05,0.0,0.05,0.0,0.012612310800753725
2022-02-24,0.05,0.0,-0.05,0.0,0.0,0.0,-0.05,0.0,0.05,0.0,0.0,0.0,0.06320332794928105
2022-02-25,0.05,-0.05,-0.05,0.0,-0.05,0.0,-0.05,0.0,0.05,0.0,0.0,0.0,0.1676152319117287
2022-02-28,0.05,-0.05,-0.05,0.0,-0.05,0.0,0.0,0.0,0.05,0.0,0.0,0.0,0.11706366157825247
2022-03-01,0.05,-0.05,-0.05,0.0,-0.05,-0.05,0.0,0.0,0.05,0.0,0.0,0.0,0.1701085753850546
2022-03-02,0.05,-0.05,-0.05,0.0,-0.05,0.0,0.0,0.0,0.05,0.0,0.0,0.0,0.11743935286614827
2022-03-03,0.05,-0.05,-0.05,0.0,-0.05,0.0,0.0,0.0,0.0,0.0,0.0,0.0,0.14114854615915162
2022-03-04,0.05,-0.05,-0.05,0.0,0.0,0.0,0.0,0.0,0.0,0.0,0.0,0.0,0.07369214640975809
2022-03-07,0.05,-0.05,-0.05,0.0,0.0,0.0,0.0,0.0,0.0,0.0,0.0,-0.05,0.10386719589766691
2022-03-08,0.05,-0.05,-0.05,0.0,0.0,0.0,0.0,0.0,0.0,0.0,0.05,-0.05,0.053801546783322635
2022-03-09,0.05,-0.05,-0.05,0.0,0.0,0.0,0.0,0.0,0.0,0.0,0.05,-0.05,0.05310588926406985
2022-03-10,0.05,-0.05,-0.05,0.0,0.0,0.0,0.0,0.0,0.0,0.0,0.05,-0.05,0.05536139648943941
2022-03-11,0.05,-0.05,-0.05,0.0,0.0,0.0,0.0,0.0,0.0,-0.05,0.05,-0.05,0.07794718607306984
2022-03-14,0.05,-0.05,0.0,0.0,0.0,0.0,0.0,0.0,0.0,-0.05,0.05,-0.05,0.005023065247632245
2022-03-15,0.0,-0.05,0.0,0.0,0.0,0.0,0.0,0.0,0.0,-0.05,0.05,-0.05,0.03718115409912916
2022-03-16,0.0,-0.05,0.0,0.0,0.0,0.0,0.0,0.0,0.0,-0.05,0.0,-0.05,0.09318313596117017
2022-03-17,0.0,-0.05,0.0,0.0,0.0,0.0,0.0,0.0,0.0,-0.05,0.0,-0.05,0.0905349416312768
2022-03-18,0.0,-0.05,0.0,0.0,0.0,0.0,0.0,0.0,0.0,0.0,0.0,-0.05,0.0673524975083501
2022-03-21,0.0,-0.05,0.0,0.0,0.0,0.0,0.0,0.0,0.0,0.0,0.0,-0.05,0.06747193467186402
2022-03-22,0.0,-0.05,0.0,0.0,0.0,0.0,0.0,0.0,0.0,0.0,0.0,-0.05,0.06754010022358442
2022-03-23,0.0,-0.05,0.0,0.0,0.0,0.0,0.0,0.0,0.0,0.0,0.0,-0.05,0.06759120719256373
2022-03-24,0.0,-0.05,0.0,0.0,0.0,0.0,0.0,0.0,0.0,0.0,0.0,0.0,0.036764039735554234
2022-03-25,0.0,0.0,0.0,0.0,0.0,0.0,0.0,0.0,0.0,0.0,0.0,0.0,-0.0
2022-03-28,0.0,0.0,0.0,0.0,0.0,0.0,0.0,0.0,0.0,0.0,0.0,0.0,-0.0
2022-03-29,0.0,0.0,0.0,0.0,0.0,0.0,0.0,0.0,0.0,0.0,0.0,0.0,-0.0
2022-03-30,0.0,0.0,0.0,0.0,0.0,0.0,0.0,0.0,0.0,0.0,0.0,0.0,-0.0
2022-03-31,0.0,0.0,0.0,0.0,0.0,0.0,0.0,0.0,0.0,0.0,0.0,0.0,-0.0
2022-04-01,0.0,0.0,0.0,0.0,0.05,0.0,0.0,0.0,0.0,0.0,0.0,0.0,-0.06577386710203423
2022-04-04,0.0,0.0,0.0,0.0,0.05,0.0,0.0,0.0,0.0,0.0,0.0,0.0,-0.06567635323993018
2022-04-05,0.0,0.0,0.0,0.0,0.05,0.0,0.0,0.0,0.0,0.0,0.0,0.0,-0.06545713243762943
2022-04-06,0.0,0.0,0.0,0.0,0.05,0.0,0.0,0.0,0.0,0.0,0.0,0.0,-0.06509890276813748
2022-04-07,0.0,0.0,0.0,0.0,0.05,0.0,0.0,0.0,0.0,0.0,0.0,0.0,-0.06459839741850619
2022-04-08,0.0,0.0,0.0,0.0,0.05,0.0,0.0,0.0,0.0,0.0,0.0,0.0,-0.06415385483111587
2022-04-11,0.0,0.0,0.0,0.0,0.05,-0.05,0.0,0.0,0.0,0.0,0.0,0.0,-0.01769121964473141
2022-04-12,0.0,0.0,0.0,0.0,0.05,-0.05,0.0,0.0,0.0,0.0,0.0,0.0,-0.017952688793040496
2022-04-13,0.0,0.0,0.0,0.0,0.05,-0.05,0.0,0.05,0.0,0.0,0.0,0.0,-0.03665330009439423
2022-04-14,0.0,0.0,0.0,0.0,0.05,-0.05,0.0,0.05,0.0,0.0,0.0,0.0,-0.03611430444586352
2022-04-18,0.0,0.0,0.0,0.0,0.05,-0.05,0.0,0.05,0.0,0.0,0.0,0.0,-0.03602234196712707
2022-04-19,0.0,0.0,0.0,0.0,0.05,-0.05,0.0,0.05,0.0,0.0,0.0,0.0,-0.03526250582053305
2022-04-20,0.0,0.0,0.0,0.0,0.05,-0.05,0.0,0.05,-0.05,0.0,0.0,0.0,-0.005617211344891697
2022-04-21,0.0,0.0,0.0,0.0,0.05,-0.05,0.0,0.0,-0.05,0.0,0.0,0.0,0.012191254949894093
2022-04-22,0.0,0.0,0.0,0.0,0.05,-0.05,0.05,0.0,-0.05,0.0,0.0,0.0,-0.03460521894854926
2022-04-25,0.0,0.0,0.05,0.0,0.05,-0.05,0.05,0.0,-0.05,0.0,0.0,0.0,-0.10715596085317139
2022-04-26,0.0,0.0,0.05,0.0,0.05,-0.05,0.05,0.0,-0.05,0.0,0.0,0.0,-0.10724035516735969
2022-04-27,0.0,0.0,0.05,0.0,0.05,-0.05,0.05,0.0,-0.05,0.0,0.0,0.0,-0.10925504254093471
2022-04-28,0.0,-0.05,0.05,0.05,0.05,-0.05,0.0,0.05,0.0,0.0,0.0,0.0,-0.10659430220844814
2022-04-29,0.0,0.0,0.05,0.05,0.05,0.0,0.0,0.05,0.0,0.0,0.0,0.0,-0.1905035959284035
2022-05-02,0.0,0.0,0.05,0.05,0.05,0.0,0.0,0.05,0.0,0.0,0.0,0.0,-0.18777297247948704
2022-05-03,0.0,0.0,0.05,0.05,0.0,0.0,0.0,0.05,0.0,0.0,-0.05,0.0,-0.074785648215032
2022-05-04,0.0,0.0,0.05,0.0,0.0,0.0,0.0,0.05,0.0,0.0,-0.05,0.0,-0.03831278077882777
2022-05-05,0.0,0.0,0.05,0.0,0.0,0.0,0.0,0.05,0.0,0.0,-0.05,0.0,-0.03875249850370606
2022-05-06,0.0,0.0,0.05,0.0,0.0,0.0,0.0,0.05,0.0,0.0,-0.05,0.0,-0.039760699450262456
2022-05-09,0.0,0.0,0.05,0.0,0.0,0.0,0.0,0.05,0.0,0.0,-0.05,0.0,-0.0388991255841513
2022-05-10,0.0,0.0,0.0,0.0,0.0,0.0,0.0,0.05,0.0,0.0,-0.05,0.0,0.02963574863540472
2022-05-11,0.0,0.0,0.0,-0.05,0.0,-0.05,0.0,0.0,0.0,0.0,-0.05,0.0,0.1277681990830804
2022-05-12,0.05,0.0,0.0,-0.05,0.0,-0.05,0.0,0.0,0.0,0.0,-0.05,0.0,0.09229172152511231
2022-05-13,0.05,0.0,0.0,-0.05,0.0,-0.05,0.0,0.0,0.0,0.0,-0.05,0.0,0.09112248287634285
2022-05-16,0.05,0.05,0.0,-0.05,0.0,-0.05,0.0,0.0,0.0,0.0,-0.05,0.0,0.05294278885086153
2022-05-17,0.05,0.05,0.0,-0.05,0.0,-0.05,0.0,0.0,0.0,0.05,-0.05,0.0,0.026901622044079407
2022-05-18,0.05,0.05,0.0,-0.05,0.0,-0.05,0.05,0.0,0.0,0.05,-0.05,-0.05,0.010672395331646625
2022-05-19,0.05,0.05,0.0,-0.05,0.0,-0.05,0.05,0.0,0.0,0.05,-0.05,-0.05,0.009786606421786873
2022-05-20,0.0,0.05,0.0,0.0,0.0,-0.05,0.05,0.05,0.0,0.05,-0.05,-0.05,-0.014799149266389993
2022-05-23,0.0,0.05,0.0,0.0,0.0,0.0,0.0,0.05,0.0,0.05,-0.05,-0.05,-0.011846744166645835
2022-05-24,0.0,0.05,0.0,0.05,0.0,0.0,0.0,0.05,0.0,0.05,-0.05,0.0,-0.07601886567019137
2022-05-25,0.0,0.0,0.0,0.05,0.0,0.0,0.0,0.05,0.0,0.05,-0.05,0.0,-0.038744931484773315
2022-05-26,0.0,0.0,0.0,0.05,0.0,0.0,0.0,0.05,0.0,0.05,-0.05,0.0,-0.03915485129838355
2022-05-27,0.0,0.0,0.0,0.05,0.0,0.0,0.0,0.05,0.0,0.05,-0.05,0.0,-0.03932746614966039
2022-05-31,0.0,0.0,0.0,0.0,0.0,0.0,0.0,0.05,0.0,0.05,-0.05,0.0,-0.003946100606765507
2022-06-01,0.0,0.0,0.0,0.0,0.0,0.0,0.05,0.05,0.0,0.05,0.0,0.0,-0.09309860987340528
2022-06-02,0.0,0.0,0.0,0.0,0.0,0.0,0.0,0.05,0.0,0.05,0.0,0.0,-0.05170892594620667
2022-06-03,0.0,0.05,0.0,0.0,0.0,0.0,-0.05,0.05,0.0,0.05,0.0,0.0,-0.04420584417824109
2022-06-06,0.0,0.05,0.0,0.0,0.0,0.0,-0.05,0.05,0.0,0.05,0.0,0.0,-0.0436213744847094
2022-06-07,0.0,0.05,0.0,0.0,0.0,0.0,-0.05,0.05,0.0,0.0,0.0,0.05,-0.04562147101570059
2022-06-08,0.0,0.05,0.0,0.0,0.0,0.0,-0.05,0.05,0.05,0.0,0.0,0.05,-0.08109010654980502
2022-06-09,0.0,0.05,0.0,0.0,0.0,0.0,-0.05,0.05,0.05,0.0,0.0,0.05,-0.08218162144104968
2022-06-10,0.0,0.0,0.0,0.0,0.0,0.0,-0.05,0.05,0.05,0.0,0.0,0.05,-0.04704810704551971
2022-06-13,0.0,0.0,0.0,0.0,0.0,0.0,-0.05,0.05,0.05,0.0,0.0,0.05,-0.04592762928574469
2022-06-14,0.0,0.0,0.0,0.0,0.0,0.0,-0.05,0.0,0.05,0.0,0.0,0.05,-0.01935637765977162
2022-06-15,0.0,0.0,0.0,0.0,0.0,0.0,-0.05,0.0,0.05,-0.05,0.0,0.05,0.009064612293036489
2022-06-16,0.0,0.0,0.0,0.0,0.0,0.0,-0.05,0.0,0.05,0.0,0.0,0.05,-0.020355213405785656
2022-06-17,0.0,0.0,-0.05,0.0,0.0,0.0,-0.05,0.0,0.05,0.0,0.0,0.05,0.04622257715192686
2022-06-21,0.0,0.0,-0.05,0.0,0.0,0.0,-0.05,0.0,0.05,0.0,0.0,0.0,0.07364070322657267
2022-06-22,0.0,0.0,-0.05,0.05,0.0,0.0,-0.05,0.0,0.05,0.0,0.0,0.0,0.038386389789896974
2022-06-23,0.0,-0.05,-0.05,0.05,0.0,0.0,-0.05,0.0,0.05,0.0,0.0,0.0,0.07410248805655414
2022-06-24,0.0,-0.05,-0.05,0.05,0.0,0.0,0.0,0.0,0.05,0.0,0.0,0.0,0.03044167534043587
2022-06-27,0.0,-0.05,-0.05,0.05,0.0,0.0,0.0,0.0,0.05,0.0,0.0,0.0,0.030945839589425227
2022-06-28,0.0,-0.05,-0.05,0.05,0.0,0.0,0.0,0.0,0.05,0.0,0.0,0.0,0.031043824010885235
2022-06-29,0.0,-0.05,-0.05,0.05,0.0,0.0,0.0,0.0,0.05,0.0,0.0,0.0,0.032014450511035714
2022-06-30,0.0,-0.05,0.0,0.05,0.0,0.0,0.0,0.0,0.05,0.0,0.0,0.0,-0.031919613330631716
2022-07-01,0.0,-0.05,0.0,0.05,0.0,0.0,0.0,0.0,0.05,0.0,0.0,0.0,-0.03160430467746112
2022-07-05,0.0,-0.05,0.0,0.0,0.0,0.0,0.0,0.0,0.0,-0.05,0.0,0.0,0.06376106220367349
2022-07-06,0.0,-0.05,0.0,0.0,0.0,0.0,0.0,0.0,0.0,-0.05,0.0,0.0,0.06370847568574908
2022-07-07,0.0,-0.05,0.0,0.0,0.0,0.0,0.0,0.0,0.0,-0.05,0.0,0.0,0.06363683062930847
2022-07-08,0.0,-0.05,0.0,0.0,0.0,0.0,0.0,0.0,0.0,-0.05,0.0,0.0,0.0630191939013934
2022-07-11,-0.05,-0.05,0.0,0.0,0.0,0.0,0.0,0.0,0.0,-0.05,0.0,0.0,0.10205888764036225
2022-07-12,-0.05,-0.05,0.0,0.0,0.0,0.0,0.0,0.0,0.0,-0.05,0.0,0.0,0.10198866848145399
2022-07-13,-0.05,0.0,0.0,0.0,0.0,0.0,0.0,0.0,0.0,-0.05,0.0,0.0,0.06691766443610654
2022-07-14,-0.05,0.0,0.0,0.0,0.0,0.0,0.0,0.0,0.0,-0.05,0.0,0.0,0.06717520399087931
2022-07-15,-0.05,0.0,0.0,0.0,0.0,0.0,0.0,0.0,0.0,0.0,-0.05,0.0,0.08071702270688833
2022-07-18,-0.05,0.0,0.0,0.0,0.05,0.0,0.0,0.0,0.0,0.0,-0.05,0.0,0.021864996842800508
2022-07-19,-0.05,0.05,0.0,0.0,0.05,0.0,0.0,0.0,0.0,0.0,-0.05,0.0,-0.012845303514745221
2022-07-20,-0.05,0.05,0.0,0.0,0.05,0.0,0.0,0.0,0.0,0.0,-0.05,0.0,-0.012436411107628245
2022-07-21,-0.05,0.05,-0.05,0.0,0.05,0.0,0.0,0.0,0.0,0.0,-0.05,0.0,0.050187750143971685
2022-07-22,-0.05,0.05,-0.05,0.0,0.05,0.0,0.0,0.0,0.0,-0.05,-0.05,0.0,0.07858693227143347
2022-07-25,-0.05,0.05,-0.05,0.0,0.05,0.0,0.0,0.0,0.0,-0.05,-0.05,0.0,0.0795305035505052
2022-07-26,-0.05,0.05,0.0,0.0,0.05,0.0,0.0,0.0,0.0,-0.05,-0.05,0.0,0.016371176825840168
2022-07-27,-0.05,0.05,0.0,0.0,0.05,0.05,0.0,0.0,0.0,-0.05,-0.05,0.0,-0.027827738706160426
2022-07-28,-0.05,0.05,0.0,0.0,0.05,0.05,0.0,0.0,0.0,-0.05,-0.05,0.0,-0.032158113624014335
2022-07-29,-0.05,0.0,0.0,0.0,0.05,0.05,0.0,0.0,0.0,-0.05,0.0,0.0,-0.034110854997633264
2022-08-01,-0.05,0.0,0.0,0.0,0.05,0.05,0.0,0.0,0.0,-0.05,0.05,0.0,-0.07036387482403414
2022-08-02,-0.05,0.0,0.0,0.0,0.05,0.05,0.0,0.0,0.05,-0.05,0.05,0.0,-0.09797443230860281
2022-08-03,-0.05,0.0,0.0,0.0,0.0,0.05,0.0,0.0,0.05,0.0,0.05,0.0,-0.06677097852437607
2022-08-04,-0.05,0.0,0.0,0.0,0.0,0.05,0.0,0.0,0.05,0.0,0.05,0.0,-0.06585957802550504
2022-08-05,-0.05,0.0,0.0,0.0,0.0,0.05,0.0,0.0,0.0,0.0,0.05,0.0,-0.03658327140345542
2022-08-08,0.0,0.0,0.0,0.0,0.0,0.0,0.0,0.0,0.0,0.0,0.05,0.0,-0.03564179128154264
2022-08-09,0.0,0.0,0.05,0.0,0.0,0.0,0.0,0.0,0.0,0.0,0.05,0.0,-0.09898237188595418
2022-08-10,0.0,0.0,0.05,0.0,0.0,0.0,0.0,0.0,0.0,0.0,0.05,0.0,-0.09980146106693025
2022-08-11,0.0,0.0,0.05,0.0,0.0,0.0,0.0,0.0,0.0,0.0,0.05,0.0,-0.09913134599219908
2022-08-12,0.0,0.0,0.05,0.0,0.0,0.0,0.05,-0.05,0.0,0.0,0.05,0.0,-0.12151577719488586
2022-08-15,0.0,0.0,0.05,0.0,0.0,0.0,0.05,-0.05,0.0,0.0,0.05,-0.05,-0.0927201767762738
2022-08-16,0.0,0.0,0.05,0.0,0.0,0.0,0.05,-0.05,0.0,0.0,0.05,-0.05,-0.09350139702659055
2022-08-17,0.0,0.0,0.05,0.0,0.0,0.0,0.05,-0.05,0.0,0.0,0.05,-0.05,-0.09819422395564041
2022-08-18,0.0,0.0,0.05,0.0,0.0,0.0,0.05,-0.05,0.0,0.0,0.05,0.0,-0.12963261958449368
2022-08-19,0.0,0.0,0.05,0.0,0.0,0.0,0.05,0.0,0.0,0.0,0.05,0.0,-0.15070881284626217
2022-08-22,0.0,0.0,0.05,0.0,0.0,0.0,0.05,0.0,0.0,0.0,0.05,0.0,-0.15056646789445888
2022-08-23,0.0,0.0,0.05,0.0,0.0,0.0,0.05,0.0,0.0,0.0,0.05,0.0,-0.15038601224504847
2022-08-24,0.0,0.0,0.05,0.0,0.0,0.0,0.05,0.0,0.0,0.0,0.05,0.0,-0.15026285113167048
2022-08-25,0.0,0.0,0.05,0.0,0.0,0.0,0.05,0.0,0.0,0.0,0.05,0.0,-0.15195016075977213
2022-08-26,0.0,0.0,0.0,-0.05,0.0,0.0,0.0,0.0,0.0,0.0,0.05,0.0,-0.001685578869310908
2022-08-29,0.0,0.0,0.0,-0.05,0.0,0.05,0.0,0.0,0.0,0.0,0.05,0.0,-0.04534729009613487
2022-08-30,0.0,0.0,0.0,-0.05,0.0,0.05,0.0,0.0,0.0,0.0,0.05,0.0,-0.042609777408045724
2022-08-31,0.0,0.0,0.0,-0.05,0.0,0.05,0.0,0.0,0.0,0.0,0.05,0.0,-0.04209453111359433
2022-09-01,0.0,0.0,0.0,-0.05,0.0,0.05,0.0,0.0,0.0,0.0,0.05,0.0,-0.04200151713087494
2022-09-02,0.0,0.0,0.05,0.0,0.0,0.05,0.0,0.0,0.0,0.0,0.05,0.0,-0.1442159373739492
2022-09-06,0.0,0.0,0.05,-0.05,0.0,0.05,0.0,0.0,0.0,0.0,0.05,0.0,-0.10832754440747536
2022-09-07,0.0,0.0,0.05,-0.05,0.0,0.0,0.0,0.0,0.0,0.0,0.05,0.0,-0.067077368503552
2022-09-08,0.0,0.0,0.05,-0.05,0.0,0.0,0.0,0.0,0.0,0.0,0.05,0.0,-0.06793276601877779
2022-09-09,0.0,0.0,0.05,-0.05,0.0,0.0,0.0,0.0,0.0,0.0,0.05,0.0,-0.06940729529145104
2022-09-12,0.0,0.0,0.05,-0.05,0.0,-0.05,0.0,0.0,0.0,0.0,0.05,0.0,-0.028230685605975185
2022-09-13,0.0,0.0,0.05,-0.05,0.0,-0.05,0.0,0.0,0.0,0.0,0.05,0.0,-0.02760659663662355
2022-09-14,0.0,0.0,0.05,-0.05,0.0,0.0,0.0,0.0,0.0,-0.05,0.05,0.0,-0.046609326209217636
2022-09-15,0.0,0.0,0.05,0.0,0.0,0.0,0.0,0.0,0.0,0.0,0.05,0.0,-0.10498099688741641
2022-09-16,0.0,0.0,0.05,0.0,0.0,0.05,0.0,0.0,0.0,0.05,0.05,0.0,-0.17902610759807894
2022-09-19,0.0,0.0,0.0,0.0,0.0,0.0,0.0,0.0,0.0,0.05,0.05,0.0,-0.060455087546150504
2022-09-20,0.0,0.0,0.0,0.0,0.0,0.0,0.0,0.0,0.0,0.05,0.05,0.0,-0.061286610365218444
2022-09-21,-0.05,0.0,0.0,0.0,0.0,0.0,0.0,0.0,0.0,0.05,0.05,0.0,-0.02294436958458971
2022-09-22,-0.05,0.0,0.0,0.0,0.0,0.0,0.0,0.0,0.0,0.05,0.0,0.0,0.014047376725282027
2022-09-23,-0.05,0.0,0.0,0.0,0.05,0.0,0.0,0.0,0.0,0.05,0.0,0.0,-0.041745763169147174
2022-09-26,-0.05,0.0,0.0,0.0,0.05,0.0,0.0,0.0,0.0,0.0,0.0,0.0,-0.019544867778639702
2022-09-27,-0.05,0.0,0.0,0.0,0.05,0.0,0.0,0.0,0.0,0.0,0.0,0.0,-0.02008307549232993
2022-09-28,-0.05,0.0,0.0,0.0,0.05,0.0,-0.05,0.0,0.0,0.0,0.0,0.0,0.023490236163762626
2022-09-29,0.0,-0.05,0.0,0.0,0.05,0.0,-0.05,0.0,0.0,0.0,0.0,0.0,0.02490284489087878
2022-09-30,0.05,-0.05,0.0,0.0,0.05,0.0,-0.05,0.0,0.0,0.0,0.0,0.0,-0.014820974088615924
2022-10-03,0.05,-0.05,0.0,0.0,0.05,0.0,-0.05,0.0,0.0,0.0,0.0,0.0,-0.013075895119503396
2022-10-04,0.05,-0.05,0.0,0.0,0.05,0.0,-0.05,0.0,0.0,0.0,0.0,0.0,-0.012992651921983709
2022-10-05,0.05,-0.05,0.0,0.0,0.05,0.0,-0.05,0.0,0.0,0.0,0.0,0.0,-0.009365783373988459
2022-10-06,0.05,-0.05,0.0,0.0,0.05,0.0,-0.05,0.0,0.0,0.0,0.0,0.0,-0.011738427050350218
2022-10-07,0.05,-0.05,0.0,0.0,0.05,0.0,-0.05,0.0,0.0,0.0,0.0,0.0,-0.011742463681665207
2022-10-10,0.05,-0.05,0.0,0.0,0.05,0.0,-0.05,0.0,0.0,0.0,0.0,0.0,-0.017362628973152515
2022-10-11,0.05,-0.05,0.0,0.0,0.05,0.0,-0.05,0.0,0.0,0.0,0.0,0.0,-0.016239503664451545
2022-10-12,0.05,0.0,-0.05,0.0,0.05,0.0,-0.05,0.0,0.0,0.0,0.0,0.0,0.010359623928905154
2022-10-13,0.05,0.0,-0.05,0.0,0.05,0.0,-0.05,0.0,-0.05,0.0,0.0,0.0,0.045515798076263436
2022-10-14,0.05,0.0,-0.05,0.0,0.05,0.0,-0.05,0.0,-0.05,0.0,0.0,0.0,0.04555412345942075
2022-10-17,0.05,0.0,-0.05,0.0,0.05,0.0,-0.05,0.0,-0.05,0.0,0.0,0.0,0.044964953408640984
2022-10-18,0.05,-0.05,-0.05,0.0,0.05,0.0,-0.05,0.0,-0.05,0.0,0.0,0.05,0.046453197437876764
2022-10-19,0.05,-0.05,-0.05,0.0,0.05,0.0,0.0,0.0,-0.05,0.0,0.05,0.05,-0.032385554943953766
2022-10-20,0.05,-0.05,-0.05,0.0,0.05,0.0,0.0,0.0,-0.05,0.0,0.05,0.05,-0.032437635835411587
2022-10-21,0.05,0.0,-0.05,0.0,0.05,0.0,0.0,0.0,-0.05,0.0,0.05,0.05,-0.07315269218043256
2022-10-24,0.05,0.0,-0.05,0.0,0.05,0.0,0.0,0.0,0.0,-0.05,0.0,0.0,-0.003540794082851002
2022-10-25,0.05,0.0,-0.05,0.0,0.05,0.0,0.0,0.0,0.0,-0.05,0.0,0.0,-0.002146680528572552
2022-10-26,0.05,0.0,-0.05,0.05,0.05,0.0,0.0,0.0,0.0,-0.05,0.0,0.0,-0.043204755322689546
2022-10-27,0.05,0.05,-0.05,0.0,0.05,0.0,0.0,0.0,0.0,0.0,0.0,0.0,-0.0703469988713811
2022-10-28,0.05,0.05,-0.05,0.0,0.05,0.0,0.0,-0.05,0.0,0.0,0.0,0.0,-0.042847888999574174
2022-10-31,0.0,0.05,-0.05,0.0,0.05,0.0,0.0,-0.05,0.0,0.0,0.0,0.0,-0.0064443057282262215
2022-11-01,0.0,0.05,-0.05,0.0,0.05,0.0,0.0,-0.05,0.0,0.0,0.0,0.0,-0.006636276888608709
2022-11-02,0.0,0.0,0.0,0.0,0.0,0.0,0.0,-0.05,0.0,0.0,0.0,0.0,0.02878984810759426
2022-11-03,0.0,0.0,0.0,0.0,0.0,0.0,0.0,-0.05,0.0,0.0,0.0,0.0,0.028557349577194288
2022-11-04,0.0,0.0,0.0,0.0,0.0,0.0,0.0,-0.05,0.0,0.0,0.05,0.0,-0.015388229253356037
2022-11-07,0.0,0.0,0.0,0.0,0.0,0.0,0.0,-0.05,0.0,0.0,0.05,0.0,-0.01565836041822384
2022-11-08,0.0,0.0,0.0,0.0,0.0,0.0,0.0,-0.05,0.0,0.0,0.05,0.0,-0.016414084188656898
2022-11-09,0.0,0.0,0.0,-0.05,0.0,0.0,0.0,0.0,0.0,0.0,0.05,0.0,-0.0057945587164370226
2022-11-10,0.0,0.0,0.0,-0.05,0.0,0.0,0.0,0.0,0.0,0.0,0.0,0.0,0.038783982086952225
2022-11-11,0.0,0.0,0.0,-0.05,0.0,0.0,0.0,0.0,0.0,0.0,0.0,0.0,0.03800801400339441
2022-11-14,0.0,0.0,0.0,-0.05,0.0,0.0,0.0,0.0,0.0,0.0,0.0,0.0,0.037839944680753926
2022-11-15,0.0,0.0,0.0,-0.05,0.0,0.0,0.0,0.0,0.0,0.0,0.0,0.0,0.03784392631307109
2022-11-16,0.0,0.0,0.0,-0.05,0.0,0.0,0.0,0.0,0.0,0.0,0.0,0.0,0.037690016283098246
2022-11-17,0.0,0.0,0.0,-0.05,0.0,0.0,0.0,0.0,0.0,0.0,0.0,0.0,0.03787381018663689
2022-11-18,0.0,0.0,0.0,-0.05,-0.05,0.0,0.0,0.0,0.0,0.0,0.0,0.0,0.09490600007335916
2022-11-21,0.0,0.0,0.0,-0.05,-0.05,0.0,0.0,0.0,0.0,0.0,0.0,0.0,0.09396539442132251
2022-11-22,0.0,0.0,0.0,-0.05,-0.05,0.0,0.05,0.0,0.0,0.0,0.0,0.0,0.05386941383243407
2022-11-23,0.0,0.0,0.0,-0.05,-0.05,0.0,0.05,0.0,0.0,0.0,0.0,0.0,0.0541059151833187
2022-11-25,0.0,0.0,0.0,-0.05,-0.05,0.0,0.05,0.0,0.0,0.0,0.0,0.0,0.05379083439882306
2022-11-28,0.0,0.0,0.0,-0.05,-0.05,0.0,0.05,0.0,0.0,0.0,0.0,0.0,0.053931378677989465
2022-11-29,0.0,0.0,0.0,-0.05,0.0,0.0,0.0,0.0,0.0,0.0,0.0,0.0,0.036349925087272056
2022-11-30,0.0,0.0,0.0,0.0,0.0,0.0,0.0,0.0,0.0,0.0,0.0,0.0,-0.0
2022-12-01,0.0,0.0,0.0,0.0,0.0,0.0,0.0,0.0,0.0,0.0,0.0,0.0,-0.0
2022-12-02,0.0,0.0,0.0,0.0,0.0,0.0,0.05,0.0,0.0,0.0,0.0,0.0,-0.03915187190038765
2022-12-05,0.0,0.0,0.0,0.0,0.0,0.0,0.05,0.0,0.0,0.0,0.0,0.0,-0.039138047988878974
2022-12-06,0.0,0.0,0.0,0.0,0.0,0.0,0.05,0.0,0.0,0.0,0.0,0.0,-0.039861841076955166
2022-12-07,0.0,0.0,0.0,0.0,0.0,0.0,0.05,0.0,0.0,0.0,0.0,0.0,-0.039261245421870185
2022-12-08,0.0,0.0,0.0,0.0,0.0,0.0,0.05,0.0,0.0,0.0,0.0,0.0,-0.04028168335384078
2022-12-09,0.0,0.0,0.0,0.0,0.0,0.0,0.0,0.0,0.0,0.0,0.0,0.0,-0.0
2022-12-12,0.0,0.0,0.0,0.0,0.0,0.0,0.0,0.0,0.0,0.0,0.0,0.0,-0.0
2022-12-13,0.0,0.0,0.0,0.0,0.0,0.0,0.0,0.0,0.0,0.0,0.0,0.0,-0.0
2022-12-14,0.0,0.0,0.0,0.0,0.0,0.0,0.0,0.0,0.0,0.0,0.0,0.0,-0.0
2022-12-15,0.0,0.0,0.0,0.0,0.0,0.0,0.0,0.0,0.0,0.0,0.0,0.0,-0.0
2022-12-16,0.0,0.0,0.0,0.0,0.0,0.0,0.0,0.0,0.0,0.0,0.0,0.0,-0.0
2022-12-19,0.0,0.0,0.0,0.0,0.0,0.0,0.0,0.0,0.0,0.0,0.0,0.0,-0.0
2022-12-20,0.0,0.0,0.0,0.0,0.0,0.0,0.0,0.0,0.0,0.0,0.0,0.0,-0.0
2022-12-21,0.0,0.0,0.0,0.0,0.0,0.0,0.0,0.0,0.0,0.0,0.0,0.0,-0.0
2022-12-22,0.0,0.0,0.0,0.0,0.0,0.0,0.0,0.0,0.0,0.0,0.0,0.0,-0.0
2022-12-23,0.0,0.0,0.0,0.0,0.0,0.0,0.0,0.0,0.0,0.0,0.0,0.0,-0.0
2022-12-27,0.0,0.0,0.0,0.0,0.0,0.0,0.0,0.0,0.0,0.0,0.0,0.0,-0.0
2022-12-28,0.0,0.0,0.0,0.0,0.0,0.0,0.0,0.0,0.0,0.0,0.0,0.0,-0.0
2022-12-29,0.0,-0.05,0.0,0.0,0.0,0.0,0.0,0.0,0.0,0.0,0.0,0.0,0.040204228924859024
2022-12-30,0.0,-0.05,0.0,0.0,0.0,0.0,0.0,0.0,0.0,0.0,0.0,0.0,0.0402788443233837
2023-01-03,0.0,-0.05,0.0,0.0,0.0,0.0,0.0,0.0,0.0,0.0,0.0,0.0,0.040292808276020824
2023-01-04,0.0,-0.05,0.0,0.0,0.0,0.0,0.0,0.0,0.0,0.0,0.0,0.0,0.040172642117568595
2023-01-05,0.0,0.0,0.0,0.0,0.0,0.0,0.0,0.0,0.0,0.0,-0.05,0.0,0.047221502111234354
2023-01-06,0.0,0.0,0.0,0.0,0.0,0.0,0.0,0.0,-0.05,0.0,-0.05,0.0,0.08375132574125416
2023-01-09,0.0,0.0,0.0,0.0,0.0,0.0,0.0,0.0,-0.05,0.0,-0.05,-0.05,0.11635265578632345
2023-01-10,0.0,0.0,0.0,0.0,0.0,0.0,0.0,0.0,-0.05,0.0,-0.05,-0.05,0.11610128081532171
2023-01-11,0.0,0.0,0.0,0.0,0.0,0.0,0.0,0.0,-0.05,0.0,-0.05,-0.05,0.11611440643194934
2023-01-12,0.0,0.0,0.0,0.0,0.0,0.0,0.0,0.0,-0.05,0.0,-0.05,-0.05,0.115581554469504
2023-01-13,0.0,0.0,0.0,0.0,0.0,0.0,0.0,0.0,-0.05,0.0,-0.05,0.0,0.08620432617923834
2023-01-17,0.0,0.0,0.0,0.0,0.0,0.0,0.0,0.05,-0.05,0.0,-0.05,0.0,0.0665040042832407
2023-01-18,0.0,0.0,0.0,0.0,0.0,0.0,0.0,0.05,0.0,0.0,-0.05,0.0,0.027736714174261545
2023-01-19,0.0,0.0,0.0,0.0,0.0,0.0,0.0,0.05,0.0,0.0,-0.05,0.0,0.02667729034456423
2023-01-20,0.0,0.0,0.0,0.0,0.0,0.0,0.0,0.05,0.0,0.05,-0.05,0.0,0.01243360310371092
2023-01-23,0.0,0.0,0.0,0.0,0.0,0.0,-0.05,0.0,0.0,0.05,-0.05,0.05,0.04058567920939734
2023-01-24,0.0,0.0,0.0,0.0,0.0,0.0,-0.05,0.0,0.0,0.05,-0.05,0.05,0.04059865427106724
2023-01-25,0.0,0.0,0.0,0.0,0.0,0.0,-0.05,0.0,0.0,0.05,-0.05,0.05,0.04031536619626315
2023-01-26,-0.05,0.0,0.0,0.05,0.0,0.0,-0.05,0.0,0.0,0.05,-0.05,0.05,0.046333579572367334
2023-01-27,-0.05,0.0,0.0,0.05,0.0,0.0,-0.05,0.0,0.0,0.05,-0.05,0.05,0.04832602270917479
2023-01-30,-0.05,0.0,0.0,0.05,0.0,0.0,-0.05,0.0,0.05,0.05,-0.05,0.05,0.012720099872474964
2023-01-31,-0.05,0.0,0.0,0.05,0.0,0.0,0.0,0.0,0.05,0.05,-0.05,0.05,-0.02836254700512526
2023-02-01,-0.05,0.0,0.0,0.05,0.0,0.0,0.0,0.0,0.05,0.05,-0.05,0.05,-0.028150520241593556
2023-02-02,-0.05,0.0,0.0,0.05,-0.05,0.0,0.0,0.0,0.05,0.05,-0.05,0.05,0.028865770077555634
2023-02-03,-0.05,0.0,0.0,0.05,-0.05,0.0,0.0,0.0,0.05,0.05,0.0,0.05,-0.01590783062093014
2023-02-06,0.0,0.0,0.0,0.05,-0.05,0.0,0.0,0.0,0.0,0.05,0.0,0.05,-0.017236317272429275
2023-02-07,0.0,0.0,0.0,0.05,-0.05,0.0,0.0,0.0,0.0,0.05,0.0,0.05,-0.016825573970767598
2023-02-08,0.0,0.0,0.0,0.05,-0.05,0.0,0.0,0.0,0.0,0.05,0.0,0.05,-0.017739564359813994
2023-02-09,0.0,0.0,0.0,0.05,-0.05,0.0,0.0,0.0,0.0,0.0,0.0,0.05,-0.004273857008012784
2023-02-10,0.0,0.0,0.0,0.05,-0.05,0.0,0.0,0.0,0.0,0.0,0.0,0.05,-0.00444045741412284
2023-02-13,0.0,0.0,0.0,0.0,0.0,0.0,0.0,0.0,0.0,0.0,0.0,0.05,-0.03296721803947021
2023-02-14,0.0,0.0,0.0,0.0,0.0,0.05,0.0,0.0,0.0,0.0,0.0,0.0,-0.03782378219275265
2023-02-15,0.0,0.0,0.0,0.0,0.0,0.05,0.0,0.0,0.0,0.0,0.0,0.0,-0.03754509096109169
2023-02-16,0.0,0.0,0.0,0.0,0.0,0.05,0.0,0.0,0.0,0.0,0.0,0.0,-0.037466279636999
2023-02-17,0.0,0.0,0.0,0.0,0.0,0.05,0.0,0.0,0.0,0.0,0.0,0.0,-0.03797758677679931
2023-02-21,0.0,0.0,0.0,0.0,0.0,0.05,0.0,0.0,0.0,0.0,0.0,0.0,-0.03781563039993653
2023-02-22,0.0,0.0,0.0,0.0,0.0,0.05,0.0,0.0,0.0,0.0,0.0,0.0,-0.03772882449769786
2023-02-23,0.0,0.0,0.0,0.0,0.0,0.05,0.0,0.0,0.0,0.0,0.0,0.0,-0.037595839609346454
2023-02-24,0.0,0.0,-0.05,0.0,0.0,0.0,0.0,0.0,0.0,0.0,0.0,0.0,0.07206974128044087
2023-02-27,0.0,0.0,-0.05,0.0,0.0,0.0,0.0,0.0,0.0,0.0,0.0,0.0,0.07195430957279007
2023-02-28,0.0,0.0,-0.05,0.0,0.0,0.0,0.0,0.0,0.0,0.0,0.0,0.0,0.07193507226809463
2023-03-01,0.0,0.0,-0.05,0.0,0.0,0.0,0.0,0.0,0.0,0.0,0.0,0.0,0.0746146340883499
2023-03-02,0.0,0.0,-0.05,0.0,0.0,0.0,0.0,0.0,0.0,0.0,0.0,0.0,0.07484777968528603
2023-03-03,0.0,0.0,-0.05,0.0,0.0,0.0,0.0,0.0,0.0,0.0,0.0,0.0,0.07463513664277548
2023-03-06,0.0,0.0,-0.05,0.0,0.0,0.0,0.0,0.0,0.0,0.0,0.0,0.0,0.0739964915937617
2023-03-07,0.0,0.0,0.0,0.0,0.0,0.0,0.0,0.0,0.0,0.0,0.05,0.0,-0.043569793307785765
2023-03-08,0.0,0.0,0.0,0.0,0.0,0.0,0.0,0.0,0.0,0.0,0.05,0.0,-0.04386693804580281
2023-03-09,0.0,0.0,0.0,0.0,-0.05,0.0,0.0,0.0,0.0,0.0,0.05,0.0,0.020170068080303465
2023-03-10,0.0,0.0,0.0,0.0,-0.05,0.0,0.0,0.0,0.0,0.0,0.05,0.0,0.01917269196240683
2023-03-13,0.0,0.0,0.0,0.0,-0.05,0.0,0.0,0.0,0.0,0.0,0.05,0.0,0.01896724060619967
2023-03-14,0.0,0.0,0.0,0.0,-0.05,0.0,0.0,0.0,0.0,0.0,0.05,0.0,0.01930282539218592
2023-03-15,0.0,0.0,0.0,0.0,-0.05,0.0,0.0,0.0,0.0,0.0,0.05,0.0,0.020525704289201665
2023-03-16,0.0,-0.05,0.0,0.0,-0.05,0.0,0.0,0.0,0.0,0.0,0.0,0.0,0.10767569632280966
2023-03-17,0.0,-0.05,0.0,0.0,-0.05,0.0,0.0,0.0,0.0,0.0,0.0,0.0,0.11009075630555615
2023-03-20,0.0,-0.05,0.0,0.0,-0.05,0.0,0.0,0.0,0.0,0.0,0.0,0.0,0.11062863962851884
2023-03-21,0.0,-0.05,0.0,0.0,-0.05,0.0,0.0,0.0,0.0,0.0,0.0,0.0,0.11084584561926503
2023-03-22,0.0,-0.05,0.0,0.0,-0.05,0.0,0.0,0.0,0.0,0.0,0.0,0.0,0.11033765131259032
2023-03-23,0.0,-0.05,0.0,0.0,-0.05,0.0,0.0,0.0,0.0,0.0,0.0,0.0,0.10793830719630954
2023-03-24,0.0,-0.05,0.0,0.0,-0.05,0.0,0.0,0.0,0.0,0.0,0.0,0.0,0.1078817479164434
2023-03-27,0.0,-0.05,0.0,0.0,-0.05,0.0,0.0,0.0,0.0,0.0,0.0,0.0,0.10781783968027847
2023-03-28,0.0,-0.05,0.0,0.0,-0.05,0.0,0.0,0.0,0.0,0.0,0.0,0.0,0.1095088098439644
2023-03-29,0.0,-0.05,0.0,0.0,0.0,0.0,0.0,0.0,0.0,0.0,0.0,0.0,0.04284879444862411
2023-03-30,0.0,-0.05,0.0,0.0,0.0,0.0,0.0,0.0,0.0,0.0,0.0,0.0,0.042574912242675886
2023-03-31,0.0,-0.05,0.0,0.0,0.0,0.0,0.0,0.0,0.0,0.0,0.0,0.0,0.04299738927665704
2023-04-03,0.0,-0.05,0.0,0.0,0.0,0.0,0.0,0.0,-0.05,0.0,0.0,0.0,0.08906056730446416
2023-04-04,0.0,0.0,0.0,0.0,0.0,0.0,0.0,-0.05,-0.05,0.0,0.0,0.0,0.0670095657932962
2023-04-05,0.0,0.0,0.05,0.0,0.0,0.0,0.0,-0.05,-0.05,0.0,0.0,0.0,-0.0073553324348948085
2023-04-06,0.0,0.0,0.05,0.0,0.0,0.0,0.0,-0.05,-0.05,0.0,0.0,0.0,-0.007660388881899139
2023-04-10,0.0,0.0,0.05,0.0,0.0,0.0,0.0,-0.05,-0.05,-0.05,0.0,0.0,0.013186428316844002
2023-04-11,0.0,0.0,0.05,0.0,0.0,0.0,0.05,-0.05,-0.05,-0.05,0.0,0.0,-0.02588996332787748
2023-04-12,0.0,0.0,0.05,0.0,0.0,0.0,0.05,0.0,-0.05,-0.05,0.0,0.0,-0.043939569018117006
2023-04-13,0.0,0.0,0.05,0.0,0.0,0.0,0.05,0.0,-0.05,-0.05,0.0,0.0,-0.044101854755147746
2023-04-14,0.0,0.0,0.05,0.0,0.0,0.0,0.05,0.0,-0.05,-0.05,0.0,0.0,-0.041950892909093984
2023-04-17,0.0,0.0,0.05,0.0,0.0,0.0,0.05,0.0,-0.05,-0.05,0.0,0.0,-0.04234601873263616
2023-04-18,0.0,0.0,0.05,0.0,0.05,0.0,0.05,0.0,-0.05,-0.05,0.0,0.0,-0.10797366234642577
2023-04-19,0.0,0.0,0.05,0.0,0.05,0.0,0.05,0.0,-0.05,-0.05,0.0,0.0,-0.10777843714610133
2023-04-20,0.0,0.0,0.05,0.0,0.05,0.0,0.05,0.05,-0.05,-0.05,0.0,0.0,-0.12041178181322215
2023-04-21,0.0,0.0,0.05,0.0,0.05,0.0,0.05,0.05,0.0,-0.05,0.0,0.0,-0.16563118413508954
2023-04-24,0.0,0.0,0.05,0.0,0.05,0.0,0.05,0.05,0.0,-0.05,0.0,0.0,-0.16585828994935178
2023-04-25,0.0,0.0,0.05,0.0,0.05,-0.05,0.05,0.05,0.0,-0.05,0.0,0.0,-0.11617082772349865
2023-04-26,0.0,0.0,0.05,0.0,0.05,-0.05,0.05,0.05,0.0,-0.05,0.0,0.05,-0.14866804131728079
2023-04-27,0.0,0.0,0.05,0.0,0.05,0.0,0.05,0.05,0.0,-0.05,0.0,0.05,-0.1939546781658897
2023-04-28,0.0,0.0,0.05,0.0,0.0,0.0,0.05,0.05,0.0,-0.05,0.05,0.05,-0.16184882068999007
2023-05-01,0.0,0.0,0.05,0.0,0.0,0.0,0.05,0.05,0.0,0.0,0.0,0.05,-0.14276503498620632
2023-05-02,0.0,0.0,0.05,0.0,0.0,0.0,0.05,0.05,0.0,0.0,0.0,0.05,-0.14497166536500417
2023-05-03,0.0,0.0,0.05,0.0,0.0,0.0,0.05,0.05,0.0,0.0,0.0,0.05,-0.1452316712513076
2023-05-04,0.0,0.0,0.05,0.0,0.0,0.0,0.05,0.05,0.0,0.0,0.0,0.05,-0.1455754475193311
2023-05-05,0.0,0.0,0.05,0.0,0.0,0.0,0.05,0.05,0.0,0.0,0.0,0.05,-0.14719041575286093
2023-05-08,-0.05,0.0,0.05,0.0,0.0,0.0,0.05,0.05,0.0,0.0,0.0,0.05,-0.11008630344741482
2023-05-09,-0.05,0.0,0.05,0.0,0.0,0.0,0.05,0.05,0.0,0.0,0.0,0.05,-0.11110602198546396
2023-05-10,-0.05,0.0,0.05,0.0,0.0,0.0,0.05,0.05,0.0,0.0,0.0,0.05,-0.10874195298085652
2023-05-11,-0.05,0.0,0.05,0.0,0.0,0.0,0.05,0.05,0.0,0.0,0.0,0.05,-0.10839929489644953
2023-05-12,-0.05,0.0,0.05,0.0,0.0,0.0,0.05,0.05,0.0,0.0,0.0,0.0,-0.0797550672419517
2023-05-15,-0.05,0.0,0.05,0.0,0.0,0.0,0.05,0.0,0.0,0.0,0.0,0.0,-0.06250306556985653
2023-05-16,0.0,0.0,0.05,0.0,0.0,0.0,0.05,0.0,0.0,0.0,0.0,0.0,-0.09792509555932241
2023-05-17,0.0,0.0,0.05,0.0,0.0,0.0,0.05,0.0,0.0,0.0,0.0,0.0,-0.09678296287341354
2023-05-18,0.05,0.0,0.05,0.0,0.0,0.0,0.05,0.0,0.05,0.0,0.0,0.0,-0.16876503472495819
2023-05-19,0.05,0.0,0.0,0.0,0.0,0.0,0.05,0.0,0.05,0.0,0.0,0.0,-0.10802472893994448
2023-05-22,0.05,0.0,0.0,0.0,0.0,0.0,0.05,0.0,0.05,0.0,0.0,0.0,-0.11062192793704707
2023-05-23,0.05,0.0,0.0,0.0,0.0,0.0,0.05,0.0,0.05,0.0,0.0,0.0,-0.11078655688511473
2023-05-24,0.05,0.0,0.0,0.0,0.0,0.0,0.05,0.0,0.05,0.0,0.0,0.0,-0.11245851259749784
2023-05-25,0.05,0.0,0.0,0.0,0.0,0.0,0.0,0.0,0.05,0.0,0.0,0.0,-0.07353656518012391
2023-05-26,0.05,0.0,-0.05,-0.05,0.0,0.0,0.05,0.0,0.05,0.0,0.0,0.0,0.027095323453420167
2023-05-30,0.05,0.0,-0.05,0.0,0.0,0.0,0.05,0.0,0.05,0.0,0.0,0.0,-0.014042794265753172
2023-05-31,0.05,0.0,-0.05,0.0,0.0,0.0,0.05,0.0,0.05,0.0,0.0,0.0,-0.013500444533916856
2023-06-01,0.05,0.05,-0.05,0.0,0.0,0.0,0.0,0.0,0.05,0.0,0.0,0.0,-0.016573202587989416
2023-06-02,0.05,0.05,-0.05,0.0,0.0,0.0,0.05,0.0,0.05,0.0,0.0,0.0,-0.04354790529450571
2023-06-05,0.05,0.05,-0.05,0.0,0.0,0.0,0.05,0.0,0.05,0.0,0.0,0.0,-0.044393813003121
2023-06-06,0.05,0.05,-0.05,0.0,0.0,0.0,0.05,0.0,0.05,0.0,0.0,0.0,-0.048137684573541395
2023-06-07,0.05,0.05,-0.05,0.0,0.0,0.0,0.05,0.0,0.05,0.0,0.0,0.0,-0.04837151779720118
2023-06-08,0.05,0.05,-0.05,0.0,0.0,0.0,0.05,0.0,0.05,0.0,0.0,0.0,-0.04907479324219621
2023-06-09,0.05,0.05,-0.05,0.0,0.0,0.0,0.05,0.0,0.0,0.0,0.0,0.0,-0.016522257477331333
2023-06-12,0.05,0.05,-0.05,0.0,0.0,0.0,0.05,0.0,0.0,-0.05,0.0,0.0,0.008181536321978256
2023-06-13,0.05,0.05,0.0,0.0,-0.05,0.0,0.05,0.0,0.0,-0.05,0.0,0.0,-0.0029145065347628302
2023-06-14,0.05,0.05,0.0,0.0,0.0,0.0,0.0,0.0,0.0,-0.05,-0.05,0.0,0.0014525138151720712
2023-06-15,0.05,0.05,0.0,0.0,0.0,0.0,0.0,0.0,0.0,0.0,-0.05,0.0,-0.0271498589362296
2023-06-16,0.05,0.05,0.0,0.0,0.0,0.0,0.0,0.0,0.0,0.0,-0.05,0.0,-0.02855828603843367
2023-06-20,0.05,0.05,0.0,0.0,0.0,0.0,0.0,0.0,0.0,0.0,-0.05,0.0,-0.029460316612906472
2023-06-21,0.05,0.05,-0.05,0.0,0.0,0.0,0.0,0.0,0.0,0.0,-0.05,0.0,0.04939799306343133
2023-06-22,0.0,0.05,-0.05,0.0,0.0,0.0,0.0,0.0,0.0,0.0,-0.05,0.0,0.07786758890484531
2023-06-23,0.0,0.05,-0.05,0.0,0.0,0.0,0.0,0.0,0.0,0.0,0.0,0.0,0.035813032904080146
2023-06-26,0.0,0.05,-0.05,0.0,0.0,0.0,0.0,0.0,0.0,0.0,0.0,0.0,0.03569198430638069
2023-06-27,0.0,0.05,-0.05,0.0,0.0,0.0,0.0,0.0,0.0,0.0,-0.05,0.0,0.07755729673649919
2023-06-28,0.0,0.05,0.0,0.0,0.0,0.0,0.0,0.0,0.0,0.0,-0.05,0.0,-0.00231542030561065
2023-06-29,0.0,0.05,0.0,0.0,0.0,0.0,0.0,-0.05,0.0,0.0,-0.05,0.0,0.018938793855219467
2023-06-30,0.0,0.0,0.0,0.0,0.0,0.0,0.0,-0.05,0.0,0.0,-0.05,0.0,0.061034986118505094
2023-07-03,0.0,0.0,0.0,0.0,0.0,0.0,0.0,-0.05,0.0,0.0,-0.05,-0.05,0.09423687786386267
2023-07-05,0.0,0.0,0.0,0.0,0.0,0.0,0.0,-0.05,0.0,0.0,-0.05,-0.05,0.0952987782284506
2023-07-06,0.0,0.0,0.0,0.0,0.0,0.0,0.0,-0.05,0.0,0.0,-0.05,-0.05,0.09652140211932993
2023-07-07,0.0,0.0,0.0,0.0,0.0,0.0,0.0,-0.05,0.0,0.0,-0.05,-0.05,0.09733542604682774
2023-07-10,0.0,0.0,0.0,0.0,0.0,0.0,0.0,-0.05,0.0,0.0,-0.05,-0.05,0.09763913562036414
2023-07-11,0.0,0.0,0.0,0.0,0.0,0.0,0.0,-0.05,0.0,0.0,-0.05,-0.05,0.09659918362836593
2023-07-12,0.0,0.0,0.0,0.0,0.0,0.0,0.0,-0.05,0.0,0.0,-0.05,-0.05,0.09745512305711831
2023-07-13,0.0,0.0,0.0,0.0,0.0,0.0,0.0,-0.05,0.0,0.0,-0.05,-0.05,0.09711508729910351
2023-07-14,0.0,0.0,0.0,0.0,0.0,0.0,0.0,-0.05,0.0,0.0,0.0,-0.05,0.05515798849958057
2023-07-17,0.0,0.0,0.0,0.0,0.0,0.0,0.0,0.0,0.0,0.0,0.0,-0.05,0.03571845804545934
2023-07-18,0.0,0.0,0.0,0.0,0.0,0.0,0.0,0.0,0.0,0.0,0.0,-0.05,0.035570809018766844
2023-07-19,0.0,0.0,0.0,0.0,0.0,0.0,0.0,0.0,0.0,0.0,0.0,-0.05,0.03558132105289729
2023-07-20,0.0,0.0,0.0,0.0,0.0,0.0,0.0,0.0,0.0,0.0,0.0,-0.05,0.03568895645149853
2023-07-21,0.0,0.0,0.0,0.0,0.0,0.0,0.0,0.0,0.0,0.0,0.0,-0.05,0.03559240633974433
2023-07-24,0.0,0.0,0.0,0.0,0.0,0.0,0.0,0.0,0.0,0.0,0.0,0.0,-0.0
2023-07-25,0.0,0.0,0.0,0.0,0.05,0.0,0.0,0.0,0.0,0.0,0.0,0.0,-0.06945981058883494
2023-07-26,0.0,0.0,0.0,0.0,0.05,0.0,0.0,0.0,0.0,0.0,0.0,0.0,-0.07131419828903443
2023-07-27,0.0,0.0,0.0,0.0,0.05,0.0,0.0,0.0,0.0,0.0,0.0,0.0,-0.07112558319474836
2023-07-28,0.0,0.0,0.0,0.0,0.05,0.0,0.0,0.0,0.0,0.0,0.0,0.0,-0.07074423630388746
2023-07-31,0.0,0.0,0.0,0.0,0.05,0.0,0.0,0.0,-0.05,0.0,0.0,0.0,-0.04403228818948387
2023-08-01,0.0,0.0,0.0,0.0,0.05,0.0,0.0,0.0,-0.05,0.0,0.0,0.0,-0.037501412137013954
2023-08-02,0.0,0.0,0.0,0.0,0.05,0.0,0.0,0.0,-0.05,0.0,0.0,0.0,-0.03909186891114497
2023-08-03,0.0,0.0,0.0,0.0,0.05,0.0,0.0,0.0,-0.05,0.0,0.0,0.0,-0.037807979029563586
2023-08-04,0.0,0.0,0.0,0.0,0.0,0.0,0.0,0.0,-0.05,0.0,0.0,0.0,0.03538613433887483
2023-08-07,0.05,0.0,0.0,0.0,0.0,0.0,0.0,0.0,-0.05,0.0,0.0,0.0,0.009528996549702639
2023-08-08,0.05,0.0,0.0,0.0,0.0,0.0,0.0,0.0,-0.05,0.0,0.0,0.0,0.010484308495168968
2023-08-09,0.05,0.0,0.0,0.0,0.0,0.0,0.0,0.0,-0.05,0.0,0.0,0.0,0.009784866091055014
2023-08-10,0.05,0.0,0.0,0.0,0.0,0.0,0.05,0.0,-0.05,0.0,0.0,0.0,-0.01234822516852636
2023-08-11,0.05,0.0,0.0,0.0,0.0,0.0,0.05,0.0,-0.05,0.0,0.0,0.0,-0.01307734381354173
2023-08-14,0.05,0.0,0.0,0.05,0.0,0.0,0.05,0.0,-0.05,0.0,0.0,0.0,-0.06948501246024462
2023-08-15,0.05,0.0,0.0,0.05,0.0,0.0,0.05,0.0,-0.05,0.0,0.0,0.0,-0.06760617014216998
2023-08-16,0.05,0.0,0.0,0.05,0.0,0.0,0.05,0.0,-0.05,0.0,0.0,0.0,-0.06741017212907044
2023-08-17,0.05,0.0,0.0,0.05,0.0,0.0,0.05,0.0,0.0,0.0,0.0,0.0,-0.10193810912279476
2023-08-18,0.05,0.0,-0.05,0.05,0.0,0.0,0.05,0.0,0.0,0.0,0.0,0.0,-0.014087558693530202
2023-08-21,0.05,0.0,-0.05,0.05,0.0,0.0,0.05,0.0,0.0,0.0,0.0,0.0,-0.014378303458624245
2023-08-22,0.0,0.0,-0.05,0.05,0.0,0.0,0.05,0.0,0.0,0.0,0.0,0.0,0.009333874209782041
2023-08-23,0.0,0.0,-0.05,0.05,0.0,0.0,0.05,0.0,0.0,0.0,0.0,0.0,-0.01662091300704599
2023-08-24,0.0,0.0,-0.05,0.05,0.0,0.0,0.05,0.0,0.0,0.0,0.0,0.0,-0.0009071570804621999
2023-08-25,0.0,0.0,-0.05,0.05,0.0,0.0,0.05,0.0,0.0,0.0,0.0,0.0,-0.00663139872511952
2023-08-28,0.0,0.0,-0.05,0.05,0.0,0.0,0.05,0.0,0.0,0.0,0.0,0.0,-0.012879506170942015
2023-08-29,0.0,0.0,-0.05,0.05,0.0,0.0,0.0,0.0,0.0,0.0,0.0,0.0,0.011327842312441192
2023-08-30,0.0,0.0,-0.05,0.05,0.0,0.05,0.0,0.0,0.0,0.0,0.0,0.0,-0.03561914637327384
2023-08-31,0.0,0.0,-0.05,0.05,0.0,0.05,0.0,0.0,0.0,0.0,0.0,0.0,-0.03512060974391912
2023-09-01,0.0,0.0,-0.05,0.05,0.0,0.05,0.0,0.0,0.0,0.0,0.0,0.0,-0.036101763908534486
2023-09-05,0.0,0.0,0.0,0.05,0.0,0.05,0.0,0.0,0.0,0.0,0.0,0.0,-0.09772111619774035
2023-09-06,0.0,0.0,0.0,0.05,0.0,0.05,0.0,0.0,0.0,0.0,0.0,0.0,-0.0959896317815112
2023-09-07,0.0,0.0,0.0,0.05,0.0,0.05,0.0,0.0,0.0,0.0,0.0,0.0,-0.09442862496462795
2023-09-08,0.0,0.0,0.0,0.05,0.0,0.0,0.0,0.0,-0.05,0.0,0.05,0.0,-0.03717518278676146
2023-09-11,0.0,-0.05,0.0,0.05,0.0,0.0,0.0,0.0,-0.05,-0.05,0.05,0.0,0.03728983529701497
2023-09-12,0.0,-0.05,0.0,0.05,0.0,0.0,0.0,0.0,-0.05,-0.05,0.05,0.0,0.03359731002109052
2023-09-13,0.0,-0.05,0.0,0.05,0.0,0.05,0.0,0.0,-0.05,0.0,0.0,0.0,-0.004807836644768254
2023-09-14,0.0,-0.05,0.0,0.05,-0.05,0.05,0.0,0.0,-0.05,0.05,0.0,0.0,0.017285037659144766
2023-09-15,0.0,-0.05,0.0,0.05,-0.05,0.05,0.0,0.0,-0.05,0.05,0.0,0.0,0.015255004915043984
2023-09-18,0.0,-0.05,0.0,0.05,0.0,0.05,0.0,0.0,-0.05,0.05,0.0,0.0,-0.053987860377442375
2023-09-19,0.0,-0.05,0.0,0.05,0.0,0.05,0.0,0.0,-0.05,0.05,0.0,0.0,-0.055608157282710485
2023-09-20,0.0,-0.05,0.0,0.05,0.0,0.05,0.0,0.0,0.0,0.05,0.0,0.0,-0.09858252938634517
2023-09-21,0.0,-0.05,0.0,0.05,0.0,0.05,0.0,0.0,0.0,0.0,0.0,0.0,-0.05509377160363008
2023-09-22,0.0,-0.05,0.0,0.05,0.0,0.05,0.0,0.05,0.0,0.0,0.0,-0.05,-0.03369650534723877
2023-09-25,0.0,-0.05,0.0,0.0,0.0,0.05,0.0,0.05,0.0,0.0,0.0,-0.05,0.012616354954027619
2023-09-26,0.0,-0.05,0.0,0.0,0.0,0.05,0.0,0.05,0.0,0.05,0.0,-0.05,-0.030386454532109718
2023-09-27,0.0,-0.05,0.0,0.0,0.0,0.05,0.0,0.05,0.0,0.05,0.0,-0.05,-0.0329387621225188
2023-09-28,0.0,-0.05,0.0,0.0,0.0,0.05,0.0,0.05,0.0,0.05,0.0,-0.05,-0.03273470790282727
2023-09-29,0.0,-0.05,0.0,0.0,0.0,0.05,0.0,0.05,0.0,0.05,0.0,-0.05,-0.033491594343233434
2023-10-02,0.0,-0.05,0.0,0.0,0.0,0.05,0.0,0.05,0.0,0.05,0.0,-0.05,-0.033084585735210545
2023-10-03,0.0,-0.05,0.0,0.0,0.0,0.05,0.0,0.05,0.0,0.05,0.0,-0.05,-0.03357404175594568
2023-10-04,0.0,0.0,0.0,0.0,0.0,0.05,0.0,0.05,0.0,0.05,0.0,-0.05,-0.07313818077254375
2023-10-05,0.0,0.0,0.0,0.0,0.0,0.05,0.0,0.05,0.0,0.05,0.0,0.0,-0.10933986355981182
2023-10-06,0.0,0.0,0.0,0.0,0.0,0.0,0.0,0.05,0.0,0.05,0.0,0.0,-0.061349525918327985
2023-10-09,0.0,0.0,0.0,0.0,0.0,0.0,0.0,0.05,0.0,0.05,0.0,0.0,-0.060086390706427475
2023-10-10,0.0,0.0,0.0,0.0,0.0,0.0,0.0,0.05,0.0,0.05,0.0,0.0,-0.06014954111675255
2023-10-11,0.0,0.0,0.0,0.0,0.0,0.0,0.0,0.05,0.0,0.05,0.0,0.0,-0.061111846579242034
2023-10-12,0.0,0.0,0.0,0.0,0.0,0.0,0.0,0.05,0.0,0.05,0.0,0.0,-0.059777962903383136
2023-10-13,0.0,0.0,0.0,0.0,0.0,0.0,0.0,0.05,0.0,0.05,0.0,0.05,-0.09458995033886894
2023-10-16,0.0,0.0,0.0,0.0,0.0,0.0,0.0,0.0,0.0,0.05,0.0,0.05,-0.07925064111220675
2023-10-17,0.0,0.0,0.0,0.0,0.0,0.0,0.0,0.0,0.0,0.05,0.0,0.05,-0.07905597459856192
2023-10-18,0.0,0.0,0.05,0.0,0.0,0.0,0.0,0.0,0.0,0.05,0.0,0.05,-0.13901039694528156
2023-10-19,0.0,0.0,0.05,-0.05,0.0,0.0,0.0,0.0,0.0,0.05,0.0,0.05,-0.08916198049745633
2023-10-20,0.0,0.0,0.05,0.0,0.0,0.0,0.0,0.0,0.0,0.05,0.0,0.05,-0.13818183611643708
2023-10-23,0.0,0.0,0.05,0.0,0.0,0.0,0.0,0.0,0.0,0.05,0.0,0.05,-0.14136565639366352
2023-10-24,0.0,0.0,0.05,0.0,0.0,0.0,0.0,0.0,0.05,0.05,0.0,0.05,-0.18117577483801478
2023-10-25,0.0,0.0,0.05,-0.05,0.0,0.0,0.0,0.0,0.05,0.05,0.0,0.05,-0.12956650193768987
2023-10-26,0.0,0.0,0.05,-0.05,0.0,0.0,0.0,0.0,0.05,0.05,0.0,0.0,-0.09973226109091529
2023-10-27,0.0,0.0,0.05,-0.05,0.0,0.0,0.0,0.0,0.05,0.05,0.0,0.0,-0.09616437846528123
2023-10-30,0.0,0.0,0.05,-0.05,0.0,0.0,0.0,0.0,0.0,0.05,0.0,0.0,-0.05823846588258935
2023-10-31,0.0,0.0,0.05,0.0,0.0,0.0,0.0,0.0,0.0,0.05,0.0,0.05,-0.14170084378968795
2023-11-01,0.0,0.0,0.05,0.0,0.0,0.0,0.0,0.0,0.0,0.05,-0.05,0.05,-0.10833405097786974
2023-11-02,0.0,0.0,0.05,0.0,-0.05,0.0,0.0,0.0,0.0,0.05,-0.05,0.05,-0.035705426917079654
2023-11-03,0.0,0.0,0.05,0.0,-0.05,0.0,0.0,0.0,0.0,0.05,-0.05,0.05,-0.034650436760545675
2023-11-06,0.0,0.0,0.05,0.0,-0.05,0.0,0.0,0.0,0.0,0.05,-0.05,0.0,-0.004394716937725378
2023-11-07,0.0,0.0,0.05,0.0,-0.05,0.0,0.0,0.0,0.0,0.05,-0.05,0.0,-0.005115899532512685
2023-11-08,0.0,0.0,0.05,0.0,-0.05,0.0,0.0,0.0,0.0,0.05,-0.05,0.0,-9.292712315878138e-05
2023-11-09,0.0,0.0,0.05,0.0,0.0,0.0,0.0,0.0,0.0,0.05,-0.05,0.0,-0.07314336515145549
2023-11-10,0.0,0.0,0.0,0.0,0.0,0.0,0.0,0.0,0.0,0.0,-0.05,0.0,0.03654013689563754
2023-11-13,0.0,0.0,0.0,0.0,0.0,0.0,0.0,0.0,0.0,0.0,-0.05,0.0,0.037863380424752714
2023-11-14,0.0,0.0,0.0,0.0,0.0,0.0,0.0,0.0,0.0,0.0,-0.05,0.0,0.037782696134793
2023-11-15,0.0,0.0,0.0,0.0,0.0,0.0,0.0,0.0,0.0,0.0,-0.05,0.0,0.03959998700493105
2023-11-16,0.0,0.0,0.0,0.0,0.0,0.05,0.0,0.0,0.0,0.0,0.0,0.0,-0.051393943592815614
2023-11-17,0.0,0.0,0.0,0.0,0.0,0.05,0.0,0.0,0.0,0.0,0.0,0.0,-0.05175271577962649
2023-11-20,0.0,0.0,0.0,0.0,0.0,0.05,0.0,0.0,-0.05,0.0,0.0,0.0,-0.015023191101902554
2023-11-21,0.0,0.0,0.0,0.0,0.0,0.05,0.0,0.0,-0.05,0.0,0.0,0.0,-0.014397455778328785
2023-11-22,0.0,0.0,0.0,0.0,0.0,0.05,0.0,0.0,-0.05,0.0,0.0,0.0,-0.01310569296011581
2023-11-24,0.0,0.0,0.05,0.0,0.0,0.05,0.0,0.0,0.0,0.0,0.0,0.0,-0.1077526057542435
2023-11-27,0.0,0.0,0.05,0.0,0.0,0.05,0.0,0.0,0.0,0.0,0.0,0.0,-0.10804124656714358
2023-11-28,0.0,0.0,0.05,0.05,0.0,0.05,0.0,0.0,0.0,0.0,0.0,0.0,-0.1569933860245562
2023-11-29,0.0,0.0,0.05,0.05,0.0,0.05,0.0,0.0,0.0,0.0,0.0,0.0,-0.15787718535934964
2023-11-30,0.0,0.0,0.05,0.05,0.0,0.05,-0.05,0.0,0.0,0.0,0.0,0.0,-0.1260194726442126
2023-12-01,0.0,0.0,0.05,0.05,0.0,0.05,0.0,0.0,0.0,0.0,0.0,0.0,-0.15845662856774081
2023-12-04,0.0,0.0,0.05,0.05,0.0,0.05,0.0,0.0,0.0,0.0,0.0,0.0,-0.1607502461197231
2023-12-05,0.0,0.0,0.0,0.05,0.0,0.05,0.0,0.0,0.0,0.0,0.0,0.0,-0.10302155493530767
2023-12-06,-0.05,0.0,0.0,0.05,0.05,0.05,0.0,0.0,0.0,0.0,0.0,0.0,-0.1339631663811953
2023-12-07,-0.05,0.0,0.0,0.05,0.05,0.05,0.0,0.0,0.0,0.0,0.0,0.0,-0.13676193798571276
2023-12-08,-0.05,0.0,0.0,0.05,0.0,0.05,0.0,0.0,0.0,0.0,0.0,0.0,-0.06953606443546152
2023-12-11,-0.05,0.0,0.0,0.05,0.0,0.05,0.0,0.0,0.0,0.0,0.0,0.0,-0.06974747043440899
2023-12-12,0.0,0.05,0.0,0.0,-0.05,0.05,0.0,0.0,0.0,0.0,0.0,0.0,-0.014471025091226691
2023-12-13,0.0,0.05,0.0,-0.05,-0.05,0.05,0.0,0.0,0.0,0.05,0.0,0.0,0.007681620205504197
2023-12-14,0.0,0.05,0.0,-0.05,-0.05,0.05,0.0,0.0,0.0,0.05,0.0,-0.05,0.03466481655704956
2023-12-15,0.0,0.0,0.0,-0.05,-0.05,0.0,0.0,0.0,0.0,0.05,0.0,0.0,0.09109678612486655
2023-12-18,0.0,0.0,0.0,-0.05,-0.05,0.0,0.0,0.0,0.0,0.05,0.0,0.0,0.0897732406083854
2023-12-19,0.0,0.05,0.0,-0.05,-0.05,0.0,0.0,0.0,0.0,0.05,0.0,0.0,0.05238703363277322
2023-12-20,0.0,0.05,0.0,-0.05,-0.05,0.0,0.0,0.0,0.0,0.05,0.0,0.0,0.052154336139178095
2023-12-21,0.0,0.05,0.0,-0.05,-0.05,0.0,0.0,0.0,0.0,0.05,0.0,0.0,0.05887679146005073
2023-12-22,0.05,0.05,0.0,-0.05,-0.05,0.0,0.0,0.0,0.0,0.05,0.0,0.0,0.028165722141049464
2023-12-26,0.05,0.05,0.0,-0.05,-0.05,0.0,0.0,0.0,-0.05,0.05,0.0,0.0,0.07492510420320478
2023-12-27,0.05,0.05,0.0,-0.05,-0.05,0.0,0.0,0.0,-0.05,0.05,0.0,0.0,0.07571304432329223
2023-12-28,0.05,0.05,0.0,0.0,-0.05,0.0,0.0,0.0,-0.05,0.05,0.0,0.0,0.022768128849847212
2023-12-29,0.05,0.05,0.0,0.0,-0.05,0.0,0.0,0.0,-0.05,0.05,0.0,0.0,0.027829180286600256
2024-01-02,0.05,0.05,0.0,0.0,-0.05,0.0,0.0,0.0,-0.05,0.05,0.0,0.0,0.029244816849921876
2024-01-03,0.05,0.05,0.0,0.0,-0.05,0.0,0.0,0.0,-0.05,0.05,0.0,0.0,0.035029330329488684
2024-01-04,0.05,0.05,0.0,0.0,-0.05,0.0,0.0,0.0,-0.05,0.05,0.0,0.0,0.03881174715825319
2024-01-05,0.05,0.05,0.0,0.0,-0.05,0.0,0.0,0.0,-0.05,0.05,0.0,0.0,0.03840372310272427
2024-01-08,0.05,0.05,-0.05,0.0,-0.05,0.0,0.0,0.0,-0.05,0.0,0.0,0.0,0.12658507920615533
2024-01-09,0.05,0.05,-0.05,0.0,-0.05,0.0,0.0,0.0,-0.05,0.0,0.0,0.0,0.13045287195312655
2024-01-10,0.05,0.05,-0.05,0.0,-0.05,0.0,0.0,0.0,0.0,0.0,0.0,0.0,0.07245972152459655
2024-01-11,0.0,0.0,-0.05,0.0,-0.05,0.0,0.0,0.0,0.0,0.0,0.0,0.0,0.13557931676242443
2024-01-12,0.0,0.0,0.0,0.0,-0.05,0.0,0.0,0.0,0.0,0.0,0.0,0.0,0.07530542621467304
2024-01-16,0.0,0.0,0.0,0.0,0.0,0.0,0.0,0.0,0.0,0.0,0.0,0.0,-0.0
2024-01-17,0.0,0.0,0.0,0.0,-0.05,0.0,0.0,0.0,0.0,0.0,0.0,0.0,0.07431019639077871
2024-01-18,0.0,0.0,0.0,0.0,-0.05,0.0,0.0,0.0,0.0,0.0,0.0,0.0,0.07412632580079256
2024-01-19,0.0,0.0,0.0,0.0,-0.05,0.0,0.0,0.0,0.05,0.0,0.0,0.0,0.018413703892201712
2024-01-22,0.0,0.0,0.0,0.0,-0.05,0.0,0.0,0.0,0.05,0.0,0.0,0.0,0.021679457268454584
2024-01-23,0.0,0.0,0.0,0.0,-0.05,0.0,0.0,0.0,0.05,0.0,0.0,0.0,0.021633088981984423
2024-01-24,0.0,0.0,0.0,0.0,0.0,0.0,0.0,0.0,0.05,0.0,0.0,0.0,-0.05121656139723552
2024-01-25,0.0,0.0,0.0,0.0,0.0,0.0,0.0,0.0,0.05,0.0,0.0,0.0,-0.05351198327667678
2024-01-26,0.0,0.0,0.0,0.0,0.0,0.0,0.0,0.0,0.05,0.0,0.0,0.0,-0.05249305306460182
2024-01-29,0.0,0.0,0.0,0.0,0.0,0.0,0.0,0.0,0.0,0.0,0.0,0.0,-0.0
2024-01-30,0.0,0.0,0.0,0.0,0.0,0.0,0.0,0.0,0.0,0.0,0.05,0.0,-0.047314603849300495
2024-01-31,0.0,0.0,0.0,0.0,0.0,0.0,0.0,0.0,0.0,0.0,0.05,0.0,-0.04932797460923018
2024-02-01,0.0,0.0,0.0,0.0,0.0,0.0,0.0,0.0,0.0,0.0,0.0,0.0,-0.0
2024-02-02,0.0,0.0,0.0,0.0,0.0,0.0,0.0,0.0,0.0,0.0,0.05,0.0,-0.03495314177649422
2024-02-05,0.0,0.0,0.0,0.0,0.0,0.0,0.0,0.0,0.0,0.0,0.05,0.05,-0.06486648012719472
2024-02-06,0.0,0.0,0.0,0.0,0.0,0.0,0.0,0.0,0.0,0.0,0.05,0.05,-0.06581689313796694
2024-02-07,0.0,0.0,0.0,0.0,0.0,0.0,0.0,0.0,0.0,0.0,0.05,0.05,-0.06611231066909906
2024-02-08,0.0,0.0,0.0,0.0,0.0,0.0,0.0,0.0,0.0,0.0,0.05,0.05,-0.06528750124496016
2024-02-09,0.0,0.0,0.0,0.0,0.0,0.0,0.0,0.0,0.0,0.0,0.05,0.05,-0.06290970722787503
2024-02-12,0.0,0.0,0.0,0.0,0.0,0.0,0.0,0.0,0.0,0.0,0.05,0.05,-0.06344902353007992
2024-02-13,0.0,0.0,0.0,0.0,0.0,0.0,0.05,0.0,0.0,0.0,0.0,0.05,-0.0658146495909253
2024-02-14,0.0,0.0,0.0,0.0,0.0,0.0,0.05,0.0,0.0,0.0,0.0,0.05,-0.0683560539118504
2024-02-15,0.0,0.0,0.0,0.0,0.0,0.0,0.05,0.0,0.0,0.0,0.0,0.05,-0.06917506022734744
2024-02-16,0.0,0.0,0.0,0.0,0.0,0.0,0.05,0.0,0.0,0.0,0.0,0.05,-0.06889251798097912
2024-02-20,0.0,0.0,0.0,0.0,0.0,0.0,0.05,0.0,0.0,0.0,0.0,0.05,-0.06891970017614851
2024-02-21,0.0,0.0,0.0,0.0,0.0,0.0,0.05,0.0,0.0,0.0,0.0,0.05,-0.06712514301582258
2024-02-22,0.0,0.0,0.0,0.0,0.0,0.0,0.05,0.0,0.0,0.0,0.0,0.0,-0.04033325668428242
2024-02-23,0.0,0.0,0.0,0.0,0.0,0.0,0.05,0.0,0.0,0.0,0.0,0.0,-0.03999514694313239
2024-02-26,0.0,0.0,0.0,0.0,0.0,0.0,0.05,0.0,0.0,0.0,0.0,0.0,-0.04005648287013291
2024-02-27,0.0,0.0,0.0,0.0,0.0,0.0,0.05,0.0,0.0,0.0,0.0,0.0,-0.03996033139672486
2024-02-28,0.0,0.0,0.0,0.0,0.0,0.0,0.05,0.0,0.0,0.0,0.0,0.0,-0.04010958225455166
2024-02-29,0.0,0.0,0.0,0.0,0.0,0.0,0.05,0.0,0.0,0.0,0.0,0.0,-0.04008671968442908
2024-03-01,0.0,0.0,0.0,0.0,0.0,0.0,0.0,0.0,0.0,0.0,0.0,0.0,-0.0
2024-03-04,0.0,0.0,0.0,0.0,0.0,0.0,0.0,0.05,0.0,0.0,0.0,0.0,-0.015572649080792436
2024-03-05,0.0,0.0,0.0,-0.05,-0.05,0.0,0.0,0.05,0.0,0.0,0.0,0.0,0.13386406997884637
2024-03-06,0.0,0.0,0.0,-0.05,-0.05,0.0,0.0,0.0,0.0,0.0,0.0,0.0,0.14312227926340762
2024-03-07,0.0,0.0,0.0,-0.05,-0.05,0.0,0.0,0.0,0.0,0.0,0.0,0.0,0.13981616154651716
2024-03-08,0.0,0.0,0.0,-0.05,-0.05,0.0,0.05,0.0,0.0,0.0,-0.05,0.0,0.13477127353037238
2024-03-11,0.0,0.0,0.0,0.0,-0.05,0.0,0.05,0.0,0.0,0.0,-0.05,0.0,0.07275178234662338
2024-03-12,0.0,0.0,0.0,0.05,0.0,0.0,0.05,0.0,0.0,0.0,-0.05,0.0,-0.06561125576951196
2024-03-13,0.0,0.0,0.0,0.05,0.0,0.0,0.05,0.0,0.0,0.0,-0.05,0.0,-0.06202616273855862
2024-03-14,0.0,0.0,0.0,0.05,0.0,0.0,0.05,0.0,0.0,0.0,-0.05,0.0,-0.06158277646616695
2024-03-15,0.0,-0.05,0.0,0.05,0.05,0.0,0.05,0.0,0.0,0.0,-0.05,0.0,-0.10575268807255872
2024-03-18,0.0,-0.05,0.0,0.05,0.0,0.05,0.05,0.0,0.0,0.0,-0.05,0.0,-0.08017338924499065
2024-03-19,0.0,-0.05,0.0,0.05,0.0,0.05,0.05,0.0,0.0,0.0,-0.05,0.0,-0.08086958633487532
2024-03-20,0.0,-0.05,0.0,0.05,0.05,0.05,0.05,0.0,0.0,0.0,0.0,0.0,-0.18962661999951488
2024-03-21,0.0,-0.05,0.0,0.05,0.05,0.05,0.05,0.0,0.0,0.0,0.0,0.0,-0.1874440258428854
2024-03-22,0.0,-0.05,0.0,0.0,0.05,0.05,0.05,0.0,0.0,0.0,0.0,0.0,-0.1249659810430632
2024-03-25,0.0,-0.05,0.0,0.0,0.05,0.05,0.05,0.0,0.0,0.0,0.0,0.0,-0.12485945549639257
2024-03-26,0.0,-0.05,0.0,0.0,0.05,0.05,0.05,0.0,0.0,0.0,0.0,0.0,-0.12341871145207653
2024-03-27,0.0,0.0,0.0,0.0,0.05,0.05,0.05,0.0,0.0,0.0,0.0,0.0,-0.1549868924567189
2024-03-28,0.0,0.0,0.0,0.0,0.05,0.05,0.05,0.0,0.0,0.0,0.0,0.0,-0.15444810915545476
2024-04-01,0.0,0.0,0.0,0.0,0.05,0.05,0.05,0.0,0.0,0.0,0.0,-0.05,-0.12597655798537644
2024-04-02,0.0,0.0,0.0,0.0,0.05,0.05,0.05,0.0,0.0,0.0,0.0,-0.05,-0.12577535258961348
2024-04-03,0.0,0.0,0.0,0.0,0.05,0.05,0.05,0.0,0.0,0.0,0.0,-0.05,-0.12594203480990598
2024-04-04,0.0,0.0,0.0,0.0,0.05,0.05,0.05,0.0,0.0,0.0,0.0,-0.05,-0.12609145768767652
2024-04-05,0.0,0.0,0.0,0.0,0.05,0.05,0.05,0.0,0.0,0.0,0.0,-0.05,-0.1308229748971681
2024-04-08,0.0,-0.05,0.0,0.0,0.05,0.05,0.05,0.0,0.0,0.0,0.0,0.0,-0.1241237945187871
2024-04-09,0.0,-0.05,0.0,0.0,0.05,0.05,0.05,0.0,0.05,0.0,0.0,0.0,-0.1650737909525406
2024-04-10,0.0,-0.05,0.05,0.0,0.05,0.0,0.05,-0.05,0.05,0.0,0.0,0.0,-0.17753521760087826
2024-04-11,0.0,-0.05,0.05,0.0,0.05,0.0,0.05,-0.05,0.05,0.0,0.0,0.0,-0.17529666087815282
2024-04-12,-0.05,-0.05,0.05,0.0,0.05,0.0,0.05,0.0,0.05,0.0,0.0,0.0,-0.1627665630410614
2024-04-15,-0.05,-0.05,0.05,0.0,0.0,0.0,0.05,0.0,0.05,0.0,0.0,0.0,-0.09732459481228764
2024-04-16,-0.05,0.0,0.05,0.0,0.0,0.0,0.05,0.0,0.05,0.0,0.0,0.0,-0.13471543964193894
2024-04-17,-0.05,0.0,0.05,0.0,0.0,0.0,0.05,0.0,0.05,0.0,0.0,0.0,-0.13559430489184068
2024-04-18,-0.05,0.0,0.05,0.0,0.0,0.0,0.05,0.0,0.05,0.0,0.0,0.0,-0.13635982058941626
2024-04-19,-0.05,0.0,0.05,0.0,0.0,0.0,0.05,0.0,0.05,0.0,0.0,0.0,-0.13587092120875818
2024-04-22,-0.05,0.0,0.05,0.0,0.0,0.0,0.05,-0.05,0.05,0.0,0.0,0.0,-0.12729266690430596
2024-04-23,-0.05,0.0,0.05,0.0,0.0,0.0,0.05,-0.05,0.05,0.0,0.0,0.0,-0.1287683674577557
2024-04-24,-0.05,0.0,0.05,0.0,0.0,0.0,0.05,-0.05,0.05,0.0,0.0,0.0,-0.12296235176444166
2024-04-25,-0.05,0.0,0.05,0.0,0.0,0.0,0.05,-0.05,0.05,0.0,0.0,0.0,-0.12064858550924512
2024-04-26,-0.05,0.05,0.05,0.0,0.0,0.0,0.05,-0.05,0.0,0.0,0.0,0.0,-0.12556123673734176
2024-04-29,-0.05,0.05,0.05,-0.05,0.0,0.0,0.05,0.0,0.05,0.0,0.0,0.0,-0.10182539228265726
2024-04-30,-0.05,0.05,0.05,-0.05,0.0,0.0,0.05,0.0,0.05,0.0,0.0,0.0,-0.10123138413071714
2024-05-01,-0.05,0.05,0.05,-0.05,0.0,-0.05,0.05,0.0,0.05,0.0,0.0,0.0,-0.05909708560897395
2024-05-02,-0.05,0.05,0.05,0.0,0.0,-0.05,0.05,0.0,0.05,0.0,0.0,0.0,-0.12580221229001662
2024-05-03,0.0,0.05,0.05,0.0,0.0,-0.05,0.05,0.0,0.05,0.0,-0.05,0.0,-0.09430115681592263
2024-05-06,0.0,0.05,0.05,0.0,0.0,-0.05,0.05,0.0,0.05,0.0,-0.05,0.0,-0.0930127474869867
2024-05-07,0.0,0.05,0.05,0.0,0.0,-0.05,0.05,0.0,0.05,0.0,-0.05,0.0,-0.0937343864197355
2024-05-08,0.0,0.05,0.05,0.0,0.0,-0.05,0.05,0.0,0.05,0.0,0.0,0.0,-0.13952213189706775
2024-05-09,0.0,0.05,0.05,0.0,0.0,-0.05,0.05,0.0,0.05,0.0,0.0,0.0,-0.14064274128149573
2024-05-10,0.0,0.05,0.05,0.0,0.0,-0.05,0.05,0.0,0.05,0.0,0.0,0.0,-0.14176098226384684
2024-05-13,0.0,0.05,0.05,0.0,0.0,-0.05,0.05,0.0,0.05,0.0,0.0,0.0,-0.14001925439843343
2024-05-14,0.0,0.05,0.05,0.0,0.0,-0.05,0.05,-0.05,0.05,0.0,0.0,0.0,-0.1301601248909977
2024-05-15,0.0,0.05,0.05,0.0,0.0,-0.05,0.0,-0.05,0.05,0.0,0.0,0.0,-0.09746852357959165
2024-05-16,0.0,0.05,0.0,0.0,0.0,-0.05,0.0,-0.05,0.05,0.0,0.0,0.0,-0.015389351634979034
2024-05-17,0.0,0.05,0.0,0.0,0.0,0.0,0.0,0.0,0.0,0.0,0.0,0.0,-0.03191821691700211
2024-05-20,0.0,0.05,0.0,0.0,0.0,0.0,0.0,0.0,0.0,0.0,0.0,0.0,-0.03251578687013157
2024-05-21,0.0,0.05,0.0,0.0,0.0,0.0,0.0,0.05,0.0,0.0,0.0,0.0,-0.04386252086394884
2024-05-22,0.0,0.05,0.0,0.0,0.0,0.0,0.0,0.05,0.0,0.0,0.0,0.0,-0.04389658110244873
2024-05-23,0.0,0.05,0.0,0.05,0.0,0.0,0.0,0.05,0.0,0.0,-0.05,0.0,-0.061030065914404005
2024-05-24,0.0,0.05,0.0,0.05,0.0,0.0,0.0,0.05,0.0,0.0,-0.05,0.0,-0.06155858094378246
2024-05-28,0.0,0.05,0.0,0.05,0.0,0.0,0.0,0.05,0.0,0.05,-0.05,0.0,-0.09664341756913905
2024-05-29,0.0,0.05,0.0,0.05,0.0,0.0,0.0,0.05,0.0,0.05,-0.05,0.0,-0.0947408278610171
2024-05-30,0.0,0.05,0.0,0.05,0.0,0.0,0.0,0.05,0.0,0.05,-0.05,0.0,-0.09428107609947167
2024-05-31,0.0,0.05,0.0,0.05,0.0,0.0,0.0,0.05,0.0,0.05,-0.05,0.0,-0.09674822940549012
2024-06-03,0.0,0.05,0.0,0.05,0.0,0.0,0.0,0.05,0.0,0.05,-0.05,0.0,-0.09797857601572321
2024-06-04,0.0,0.05,0.0,0.05,0.0,0.0,0.0,0.05,0.0,0.05,-0.05,0.0,-0.09872617483636945
2024-06-05,0.0,0.05,0.0,0.05,0.0,0.0,0.0,0.0,0.0,0.05,-0.05,0.0,-0.08436663394484509
2024-06-06,0.0,0.05,0.0,0.05,0.0,0.0,0.0,0.05,0.0,0.0,-0.05,0.0,-0.056578282381821214
2024-06-07,0.0,0.05,0.0,0.05,0.0,0.0,0.0,0.05,0.0,0.0,-0.05,0.0,-0.05787862881906626
2024-06-10,0.0,0.05,0.0,0.05,0.0,0.0,0.0,0.05,0.0,0.0,0.0,0.0,-0.10637432129238442
2024-06-11,0.0,0.05,0.0,0.05,0.0,0.0,0.0,0.05,0.0,0.0,0.0,0.0,-0.10669716543581112
2024-06-12,0.0,0.05,0.0,0.05,0.05,0.0,0.0,0.05,0.0,0.0,0.0,0.0,-0.16176164147460875
2024-06-13,0.0,0.05,0.0,0.05,0.05,0.0,0.0,0.05,0.0,-0.05,0.0,0.0,-0.1174830309406819
2024-06-14,0.0,0.05,0.0,0.0,0.05,0.0,0.0,0.05,0.0,-0.05,0.0,0.05,-0.0895920890222455
2024-06-17,0.0,0.05,0.0,-0.05,0.05,-0.05,0.0,0.05,0.0,-0.05,0.05,0.05,-0.04586073536993074
2024-06-18,0.0,0.05,0.0,-0.05,0.05,-0.05,0.0,0.05,0.0,-0.05,0.05,0.05,-0.04364567699851837
2024-06-20,0.0,0.05,0.0,-0.05,0.05,-0.05,0.0,0.05,0.0,-0.05,0.0,0.05,0.0027973279985400064
2024-06-21,0.0,0.05,0.0,-0.05,0.05,-0.05,0.0,0.0,0.0,-0.05,0.05,0.05,-0.03200855019358263
2024-06-24,0.0,0.0,0.0,0.0,0.05,-0.05,0.0,0.0,-0.05,-0.05,0.05,0.05,-0.044403890063546614
2024-06-25,0.0,0.0,0.0,0.0,0.0,-0.05,0.0,0.0,-0.05,-0.05,0.05,0.05,0.0047091310308179524
2024-06-26,0.0,0.0,0.0,0.0,0.0,-0.05,0.0,0.0,-0.05,-0.05,0.05,0.05,0.0050481419168483845
2024-06-27,0.0,0.0,0.0,0.0,0.0,-0.05,0.0,0.0,-0.05,-0.05,0.0,0.05,0.05537280899885282
2024-06-28,0.0,0.0,0.0,0.0,0.0,-0.05,0.0,0.0,-0.05,-0.05,0.0,0.05,0.05562653231988969
2024-07-01,0.0,0.0,0.0,0.0,0.0,0.0,0.0,0.0,-0.05,-0.05,0.0,0.05,0.030759367330888625
2024-07-02,0.0,0.0,0.0,0.0,0.0,0.0,0.0,0.0,-0.05,-0.05,0.0,0.05,0.030842246847609386
2024-07-03,0.0,0.0,0.0,0.0,0.0,0.0,0.0,0.0,-0.05,-0.05,0.0,0.05,0.03148044545408365
2024-07-05,0.0,0.0,0.0,0.0,0.0,0.0,0.0,0.0,-0.05,-0.05,0.0,0.05,0.03131682410311775
2024-07-08,0.0,-0.05,0.0,0.0,0.0,0.0,0.0,0.0,0.0,-0.05,0.0,0.05,0.040309241914540855
2024-07-09,0.0,-0.05,0.0,0.0,-0.05,0.0,0.0,0.0,0.0,-0.05,0.0,0.05,0.08168993053025683
2024-07-10,0.0,0.0,0.0,0.0,-0.05,0.0,0.0,0.0,0.0,0.0,0.0,0.05,0.01522579167821323
2024-07-11,0.0,0.0,0.0,0.0,-0.05,0.0,0.0,0.0,0.0,0.0,0.0,0.05,0.015794568403836053
2024-07-12,0.0,0.0,0.0,0.0,-0.05,0.0,0.0,0.0,0.0,0.0,0.0,0.05,0.012442782986513093
2024-07-15,0.0,0.0,0.0,0.0,-0.05,0.0,0.0,0.0,0.0,0.0,0.0,0.05,0.012153493731294544
2024-07-16,0.0,0.0,0.0,0.0,-0.05,0.0,0.0,0.0,0.0,0.0,0.0,0.05,0.008788445725916793
2024-07-17,0.0,0.0,0.0,0.0,-0.05,0.0,0.0,0.0,0.0,0.0,0.0,0.05,0.01145236260327265
2024-07-18,0.0,0.0,0.0,0.0,0.0,0.0,0.0,-0.05,0.0,0.0,0.0,0.0,-0.004097902263842253
2024-07-19,0.0,0.0,0.0,0.0,0.0,0.0,0.0,-0.05,0.0,0.0,0.0,0.0,-0.003912703998843441
2024-07-22,0.0,0.0,0.0,0.0,0.0,0.0,0.0,0.0,0.0,0.0,0.0,0.0,-0.0
2024-07-23,0.0,0.0,0.0,0.0,0.0,0.0,0.0,0.0,0.0,0.0,0.0,0.0,-0.0
2024-07-24,0.0,0.0,0.0,0.0,0.0,0.0,0.0,0.0,0.0,0.0,0.0,0.0,-0.0
2024-07-25,0.0,0.0,0.0,0.0,0.0,0.0,0.0,0.0,0.0,0.0,0.0,0.0,-0.0
2024-07-26,0.0,0.05,0.0,0.0,0.0,0.0,-0.05,0.0,0.0,0.0,0.0,0.0,0.0015238718010835168
2024-07-29,0.0,0.05,0.0,0.0,0.0,0.0,-0.05,0.0,0.0,0.0,0.0,0.0,0.0027041467064165166
2024-07-30,0.0,0.0,0.0,0.0,0.0,0.0,-0.05,0.0,0.0,0.0,0.0,0.0,0.029729533217231974
2024-07-31,0.0,0.0,0.0,0.0,0.0,0.0,-0.05,0.0,0.0,0.0,0.0,0.0,0.027893149826830332
2024-08-01,0.0,0.05,0.0,0.0,0.0,0.0,-0.05,-0.05,0.0,0.0,0.0,0.0,-0.0007964571699584551
2024-08-02,0.0,0.05,0.0,0.0,0.0,0.0,-0.05,0.0,0.0,0.0,0.0,0.0,0.006062784882655391
2024-08-05,0.0,0.05,0.0,-0.05,0.0,0.0,-0.05,0.0,0.05,0.0,0.0,0.0,0.025770624972803646
2024-08-06,0.0,0.05,0.0,-0.05,0.0,0.0,-0.05,0.05,0.05,0.0,0.0,0.0,0.016553480653019616
2024-08-07,0.05,0.05,0.0,-0.05,0.0,0.0,-0.05,0.05,0.05,0.0,0.0,0.0,-0.0062675728697034
2024-08-08,0.0,0.05,0.0,-0.05,0.0,0.0,-0.05,0.05,0.05,0.0,0.0,0.0,0.0161713227688764
2024-08-09,0.0,0.05,0.0,-0.05,0.0,0.0,-0.05,0.05,0.05,0.0,0.0,0.0,0.014860558112876114
2024-08-12,0.0,0.05,0.0,-0.05,0.0,0.0,-0.05,0.05,0.05,0.0,0.0,0.0,0.015703243567531448
2024-08-13,0.0,0.05,0.0,-0.05,0.0,0.0,-0.05,0.05,0.0,0.0,0.0,0.0,0.06778539297987185
2024-08-14,0.0,0.05,0.0,-0.05,0.0,0.0,-0.05,0.05,0.0,0.0,0.0,0.0,0.06644193537602323
2024-08-15,0.0,0.05,0.0,-0.05,0.0,0.0,-0.05,0.05,0.0,0.0,0.0,0.0,0.06636965302255128
2024-08-16,0.0,0.05,0.0,-0.05,0.0,0.0,-0.05,0.0,0.0,0.0,0.0,0.0,0.07061401754453712
2024-08-19,0.0,0.05,0.0,0.0,0.0,0.0,-0.05,-0.05,0.0,0.0,0.0,0.0,0.012893277755546967
2024-08-20,0.05,0.05,0.0,0.0,0.0,0.0,-0.05,-0.05,0.0,0.0,0.0,0.0,-0.00755892770700659
2024-08-21,0.05,0.05,0.0,0.0,0.0,0.0,-0.05,-0.05,0.0,0.0,0.0,0.0,-0.007519237655623456
2024-08-22,0.05,0.05,0.0,0.0,-0.05,0.0,0.0,-0.05,0.0,0.0,0.0,0.0,0.007338393114632776
2024-08-23,0.05,0.05,0.0,0.0,-0.05,0.0,0.0,-0.05,0.0,0.0,0.0,0.0,0.007503326621787772
2024-08-26,0.05,0.05,0.0,0.0,-0.05,0.0,0.0,-0.05,0.0,0.0,0.0,0.0,0.007533494094218997
2024-08-27,0.05,0.05,0.0,0.0,-0.05,0.0,0.0,-0.05,0.0,0.0,0.0,0.0,0.01025382072422981
2024-08-28,0.05,0.05,0.0,0.0,-0.05,0.0,0.0,-0.05,0.0,0.05,0.0,0.0,-0.016562211536340778
2024-08-29,0.05,0.05,0.0,0.0,0.0,0.0,0.0,-0.05,0.0,0.05,0.0,0.0,-0.05796786307449288
2024-08-30,0.05,0.05,0.0,0.0,0.0,0.0,0.0,-0.05,0.0,0.05,0.0,-0.05,-0.03003804518370242
2024-09-03,0.05,0.05,0.0,0.0,0.0,0.0,0.0,-0.05,0.0,0.05,0.0,-0.05,-0.02790678706431439
2024-09-04,0.05,0.05,0.05,0.0,0.0,0.0,0.0,-0.05,0.0,0.0,0.0,-0.05,-0.07373268598241847
2024-09-05,0.05,0.05,0.05,0.0,0.0,0.0,0.0,-0.05,0.0,0.0,-0.05,-0.05,-0.014163217267600956
2024-09-06,0.05,0.05,0.05,0.0,0.0,0.0,0.0,0.0,0.0,0.0,-0.05,-0.05,-0.023261748345616243
2024-09-09,0.05,0.05,0.05,0.05,0.0,0.0,0.0,0.0,0.0,0.0,-0.05,-0.05,-0.0874321248483691
2024-09-10,0.05,0.05,0.05,0.05,0.0,0.0,0.0,0.0,0.0,0.0,-0.05,-0.05,-0.08688281572241055
2024-09-11,0.05,0.0,0.05,0.05,0.0,0.0,0.0,0.0,0.0,-0.05,-0.05,0.0,-0.07619487852917062
2024-09-12,0.05,0.0,0.05,0.05,0.0,0.0,0.0,0.0,0.0,-0.05,0.0,0.0,-0.13685046241469045
2024-09-13,0.05,0.0,0.05,0.0,0.0,0.0,0.0,0.0,0.0,-0.05,0.0,0.05,-0.10075486601266792
2024-09-16,0.05,0.0,0.05,0.0,0.0,0.05,0.0,0.0,0.0,-0.05,0.0,0.05,-0.11825130176634938
2024-09-17,0.05,0.0,0.05,0.0,0.0,0.0,0.0,0.0,0.0,0.0,0.0,0.05,-0.12223549935317757
2024-09-18,0.0,-0.05,0.05,0.0,0.0,0.0,0.0,0.0,0.0,0.0,0.0,0.05,-0.08755695332272274
2024-09-19,0.0,-0.05,0.05,0.0,0.0,0.0,0.0,0.0,0.0,0.0,-0.05,0.05,-0.03054060599894145
2024-09-20,0.0,-0.05,0.05,0.0,0.0,0.0,0.0,0.0,0.0,0.0,-0.05,0.05,-0.029150966448349813
2024-09-23,0.0,-0.05,0.05,0.0,0.0,0.0,0.0,0.0,0.0,0.0,0.0,0.05,-0.08579046887072636
2024-09-24,0.0,-0.05,0.05,0.0,0.0,0.0,0.0,0.0,0.0,0.0,0.0,0.05,-0.08578284350825177
2024-09-25,0.0,0.0,0.05,0.0,0.0,0.0,0.0,0.0,0.0,0.0,0.0,0.05,-0.10492614294471381
2024-09-26,0.0,0.0,0.05,0.0,0.0,0.0,0.0,0.0,0.0,0.0,0.0,0.05,-0.10519805459236511
2024-09-27,0.0,0.0,0.05,0.0,0.0,0.0,0.0,0.0,0.0,0.0,0.0,0.05,-0.10497120512332159
2024-09-30,0.0,0.0,0.05,0.0,0.0,0.0,0.0,0.0,0.0,0.0,0.0,0.05,-0.10473740627434476
2024-10-01,0.0,0.0,0.05,0.0,0.0,0.0,0.0,0.0,0.0,0.0,0.0,0.05,-0.10479156478081839
2024-10-02,0.0,0.0,0.05,0.0,0.0,0.0,0.0,0.0,0.0,0.0,0.0,0.05,-0.10442020024285655
2024-10-03,0.0,0.0,0.05,0.0,0.0,0.0,0.0,0.0,0.0,0.0,0.0,0.05,-0.10445497699166974
2024-10-04,0.0,0.0,0.0,0.0,-0.05,0.0,0.0,0.0,0.0,0.0,0.0,0.05,0.02068091529588873
2024-10-07,0.0,0.0,0.0,0.0,-0.05,0.0,-0.05,0.0,0.0,0.0,0.0,0.05,0.04426005601378626
2024-10-08,0.0,0.0,0.0,0.0,0.0,0.0,-0.05,0.0,0.0,0.0,0.0,0.05,-0.009094165728280368
2024-10-09,0.0,0.0,0.0,0.0,0.0,0.0,-0.05,0.0,0.0,0.0,0.0,0.05,-0.008375928093897811
2024-10-10,0.0,0.0,0.0,0.0,0.0,0.0,-0.05,0.0,-0.05,0.0,0.0,0.05,0.04970642290632944
2024-10-11,0.0,0.0,0.0,0.0,0.0,0.0,-0.05,0.0,-0.05,0.0,0.0,0.05,0.05340420097683593
2024-10-14,0.0,0.0,0.0,0.0,0.0,0.0,-0.05,0.0,-0.05,0.0,0.0,0.05,0.05339195004614494
2024-10-15,0.0,0.0,0.0,0.05,0.0,0.0,-0.05,0.0,-0.05,0.0,0.0,0.05,-0.012457347944006901
2024-10-16,0.0,0.0,0.0,0.05,0.0,0.0,-0.05,0.0,-0.05,0.0,0.0,0.05,-0.013488028855669
2024-10-17,0.0,0.0,0.0,0.05,0.0,0.0,-0.05,0.0,-0.05,0.0,0.0,0.05,-0.013384525885393964
2024-10-18,0.0,0.0,0.0,0.05,0.0,0.0,-0.05,0.0,-0.05,0.0,0.0,0.05,-0.012871445536637355
2024-10-21,0.0,0.0,0.0,0.05,0.0,0.0,-0.05,0.0,-0.05,0.0,0.0,0.05,-0.01202214466058896
2024-10-22,0.0,0.0,-0.05,0.05,0.0,0.0,0.0,0.0,-0.05,0.0,0.0,0.05,0.04055421070759467
2024-10-23,0.0,0.0,-0.05,0.05,0.0,0.0,0.0,0.0,-0.05,0.0,0.0,0.0,0.07541993063349613
2024-10-24,0.0,0.0,-0.05,0.05,0.0,0.0,0.0,0.0,-0.05,0.0,0.0,0.0,0.07513227009006965
2024-10-25,0.0,0.0,-0.05,0.05,0.0,0.0,0.0,0.0,-0.05,0.0,0.0,0.0,0.07973084206883413
2024-10-28,0.0,0.0,-0.05,0.05,0.0,0.0,0.0,0.0,0.0,0.0,0.0,0.0,0.009787256240910248
2024-10-29,0.0,0.0,-0.05,0.05,0.0,0.0,0.0,0.0,0.0,0.0,0.0,0.0,0.010613705616069578
2024-10-30,0.0,0.0,-0.05,0.05,0.0,0.0,0.0,0.0,0.0,0.0,0.0,0.0,0.0047692206709345555
2024-10-31,0.0,0.0,-0.05,0.05,0.05,0.0,0.0,0.0,0.0,0.0,0.0,0.0,-0.05813619464582723
2024-11-01,0.0,0.0,-0.05,0.0,0.05,0.0,0.0,0.0,0.0,0.0,0.0,0.0,0.007932730005445532
2024-11-04,0.05,0.0,-0.05,0.0,0.05,0.0,0.0,0.0,0.0,0.0,0.0,0.0,-0.00990603889998063
2024-11-05,0.05,0.0,-0.05,0.0,0.05,0.0,0.0,0.0,0.0,0.0,0.0,0.0,-0.00996612481705169
2024-11-06,0.05,0.0,-0.05,0.0,0.05,0.0,0.0,0.0,0.0,0.0,0.0,0.0,-0.009705316091314087
2024-11-07,0.05,0.0,-0.05,0.0,0.05,0.0,0.0,0.0,0.0,0.0,0.0,0.0,-0.009536885578155609
2024-11-08,0.05,0.0,0.0,0.0,0.05,0.0,0.0,0.0,0.0,0.0,0.0,0.0,-0.07833162446360584
2024-11-11,0.05,0.0,0.0,0.0,0.05,0.0,0.0,0.0,0.0,0.0,0.0,0.0,-0.07823344878120815
2024-11-12,0.05,0.0,0.0,0.05,0.05,0.0,0.0,0.0,0.0,0.0,0.0,0.0,-0.14052060181344478
2024-11-13,0.05,0.0,0.0,0.05,0.0,0.0,0.0,0.0,0.0,0.0,0.05,0.0,-0.12914567030906682
2024-11-14,0.05,0.0,0.0,0.05,0.0,0.0,0.0,0.0,0.0,0.0,0.05,0.0,-0.12926692650266175
2024-11-15,0.05,0.0,0.0,0.05,0.0,0.0,0.0,0.0,0.0,0.0,0.05,0.0,-0.1289764644321048
2024-11-18,0.05,0.0,0.0,0.05,0.0,0.0,0.0,0.0,0.0,0.0,0.05,0.0,-0.12904872902251424
2024-11-19,0.0,0.0,0.0,0.05,0.0,0.0,0.0,0.0,0.0,0.0,0.0,0.0,-0.06397923946957229
2024-11-20,0.0,0.0,-0.05,0.05,0.0,0.0,0.0,0.0,0.0,0.0,0.0,0.0,0.00409449297186942
2024-11-21,0.0,0.0,-0.05,0.05,0.0,0.0,0.0,0.0,0.0,0.0,0.05,0.0,-0.041466308373564825
2024-11-22,0.0,0.05,0.0,0.0,0.0,0.0,0.0,0.0,0.0,0.0,0.05,0.0,-0.07178120507095984
2024-11-25,0.0,0.05,0.0,0.0,0.0,0.0,0.0,0.0,0.0,0.0,0.05,0.0,-0.07215962802077149
2024-11-26,0.0,0.0,0.0,0.0,0.0,-0.05,0.0,0.0,0.0,0.05,0.05,0.0,-0.051557478070573426
2024-11-27,0.0,0.0,0.0,0.0,0.0,-0.05,0.0,0.0,0.0,0.05,0.05,0.0,-0.04801502152253244
2024-11-29,0.0,0.0,0.0,0.0,0.0,-0.05,0.0,0.0,0.0,0.05,0.05,0.0,-0.048728226547891995
2024-12-02,-0.05,0.0,0.0,0.0,0.0,-0.05,0.0,0.0,0.0,0.05,0.05,0.0,-0.0297336536803103
2024-12-03,-0.05,0.0,0.0,0.0,0.0,-0.05,0.0,0.0,0.0,0.05,0.0,0.0,0.013717254998770842
2024-12-04,-0.05,0.0,0.0,0.0,0.0,-0.05,0.0,0.0,0.0,0.0,0.0,0.05,0.01980172321965305
2024-12-05,-0.05,0.0,0.0,0.0,0.0,-0.05,0.0,0.0,0.05,0.0,0.0,0.05,-0.020635045978626
2024-12-06,-0.05,-0.05,0.0,0.0,0.0,-0.05,0.0,0.0,0.05,0.0,0.05,0.05,-0.0349205744604328
2024-12-09,-0.05,-0.05,0.0,0.0,0.0,0.0,0.0,0.0,0.05,0.0,0.05,0.05,-0.07072613065977296
2024-12-10,-0.05,-0.05,0.05,0.0,0.0,0.0,0.0,0.05,0.05,0.0,0.05,0.05,-0.14322312850195826
2024-12-11,-0.05,-0.05,0.05,0.0,0.0,0.0,0.0,0.05,0.05,0.0,0.05,0.05,-0.14883270844522342
2024-12-12,-0.05,-0.05,0.05,0.0,0.0,0.0,0.0,0.05,0.05,0.0,0.05,0.05,-0.1491928906317555
2024-12-13,-0.05,-0.05,0.05,0.0,0.0,0.0,0.0,0.05,0.05,0.0,0.05,0.05,-0.14692368065282252
2024-12-16,-0.05,-0.05,0.05,-0.05,0.0,0.0,0.0,0.05,0.05,0.0,0.05,0.05,-0.08773860219448587
2024-12-17,-0.05,-0.05,0.0,0.0,0.0,0.0,0.0,0.05,0.05,0.0,0.05,0.05,-0.08934394644194862
2024-12-18,0.0,-0.05,0.0,0.0,0.0,0.0,0.0,0.05,0.05,0.0,0.05,0.05,-0.10753787253200553
2024-12-19,0.0,-0.05,0.0,0.0,0.0,0.0,0.0,0.05,0.0,0.0,0.05,0.05,-0.05386117160941293
2024-12-20,0.0,-0.05,0.0,0.0,0.0,0.0,0.0,0.05,0.0,0.0,0.05,0.05,-0.053799759546444774
2024-12-23,0.0,-0.05,0.0,0.0,0.0,0.0,0.0,0.05,0.0,0.0,0.05,0.05,-0.05354505857371534
2024-12-24,0.0,0.0,0.0,0.0,0.0,0.0,0.0,0.05,0.0,0.0,0.0,0.05,-0.04528409295811692
2024-12-26,0.0,0.0,0.0,0.0,0.0,0.0,0.0,0.05,0.0,0.0,0.0,0.0,-0.015974575526904938
2024-12-27,0.0,0.0,0.0,0.0,0.0,0.0,0.0,0.05,0.0,0.0,0.0,0.0,-0.015965862028049522
2024-12-30,0.0,0.0,0.0,0.0,0.0,0.0,0.0,0.05,0.0,0.0,0.0,0.0,-0.016292473979873788
2024-12-31,0.0,0.0,0.0,0.0,0.0,0.0,0.0,0.05,0.0,0.0,0.0,0.0,-0.01658096341459416
2025-01-02,0.0,0.0,0.0,0.0,0.0,0.0,0.0,0.05,0.0,0.0,0.0,0.0,-0.016515008900330697
2025-01-03,0.0,0.0,0.0,0.0,0.0,0.0,0.0,0.05,0.0,0.0,0.0,0.0,-0.016438563415529683
2025-01-06,0.0,0.0,0.0,0.0,0.0,0.0,0.05,0.05,0.0,0.0,0.0,0.0,-0.05379065464671374
2025-01-07,0.0,0.0,0.0,0.0,0.0,0.0,0.05,0.05,0.0,0.0,0.0,0.0,-0.05293105668524217
2025-01-08,0.0,0.0,0.0,0.0,0.0,0.0,0.05,0.05,0.0,0.0,-0.05,0.0,-0.011368998259183983
2025-01-10,0.0,0.0,0.0,0.0,0.0,0.0,0.05,0.05,0.0,0.0,-0.05,0.0,-0.011379301551253659
2025-01-13,0.0,0.0,0.0,0.0,0.0,0.0,0.05,0.05,0.0,0.0,-0.05,0.0,-0.015527495457878501
2025-01-14,0.0,0.0,0.0,0.0,0.0,0.0,0.05,0.0,0.0,0.0,-0.05,0.0,-0.001745766119627283
2025-01-15,0.0,0.0,0.0,0.0,0.0,0.0,0.05,0.0,0.0,0.0,-0.05,0.0,-0.001407243905766263
2025-01-16,0.0,0.0,0.0,0.0,0.0,0.0,0.05,0.0,0.0,0.0,-0.05,0.0,0.0019316667629296572
2025-01-17,0.0,0.0,0.0,0.0,0.0,0.0,0.05,0.0,0.0,0.0,-0.05,0.0,0.00238858167927025
2025-01-21,0.0,0.0,0.0,0.0,0.0,0.0,0.05,0.0,0.0,0.0,-0.05,0.0,0.002853463466975065
2025-01-22,0.0,0.0,0.0,0.0,0.0,0.0,0.05,0.0,0.0,0.0,-0.05,0.0,0.0034017812543419897
2025-01-23,0.0,0.0,0.0,0.0,0.0,0.0,0.05,0.0,0.0,0.0,-0.05,0.0,0.002200707750867441
2025-01-24,0.0,0.0,0.0,0.0,0.0,0.0,0.05,0.0,0.0,0.0,0.0,0.0,-0.03613823569122073
2025-01-27,0.0,0.0,0.0,0.0,0.0,0.0,0.05,0.0,0.0,0.0,0.0,0.0,-0.03577157473392661
2025-01-28,0.0,-0.05,0.0,0.0,-0.05,0.0,0.0,0.0,0.0,0.0,0.0,0.0,0.08045388140552556
2025-01-29,0.0,-0.05,0.0,0.0,0.0,0.0,0.0,0.0,0.0,0.0,0.0,0.0,0.03177323698702532
2025-01-30,0.0,0.0,0.0,0.0,-0.05,0.0,0.0,0.0,0.0,0.0,0.0,0.0,0.040016681292628045
2025-01-31,0.0,0.0,0.0,0.0,-0.05,0.0,0.0,0.0,0.0,0.0,0.0,0.0,0.04093582687391291
2025-02-03,0.0,0.0,0.0,0.0,-0.05,0.0,0.0,0.0,0.0,0.0,0.0,0.0,0.04168150984911824
2025-02-04,0.0,0.0,0.0,0.0,-0.05,0.0,0.0,0.0,0.0,0.0,0.0,0.0,0.04147432516638413
2025-02-05,0.0,0.0,0.0,0.0,-0.05,0.0,0.0,0.0,0.0,0.0,0.0,0.0,0.043159193270735294
2025-02-06,0.0,0.0,0.0,0.0,0.0,0.0,0.0,0.0,0.0,0.0,0.0,0.0,-0.0
2025-02-07,0.0,0.0,0.0,0.0,0.0,0.0,0.0,0.0,0.0,0.0,0.0,0.0,-0.0
2025-02-10,0.0,0.05,0.0,0.0,0.0,0.0,0.0,0.0,0.0,0.0,0.0,0.0,-0.02807971073581666
2025-02-11,0.05,0.05,0.0,0.0,0.0,0.0,0.0,0.0,0.0,0.0,0.0,0.0,-0.04111971292596092
2025-02-12,0.05,0.05,0.0,0.0,0.0,0.0,0.0,0.0,-0.05,0.0,0.0,0.0,-0.012074450089430266
2025-02-13,0.05,0.05,0.0,0.0,0.0,0.0,0.0,0.0,-0.05,0.0,0.0,0.0,-0.012236834910481942
2025-02-14,0.0,0.05,0.0,0.0,0.0,0.0,0.0,0.0,-0.05,0.0,0.0,0.0,0.004228421914091051
2025-02-18,0.0,0.05,0.0,0.0,0.0,0.0,0.0,-0.05,-0.05,0.0,0.0,0.0,0.023650532692711657
2025-02-19,0.0,0.05,0.0,0.0,0.0,0.0,0.0,-0.05,0.0,0.0,0.0,-0.05,0.006797384697624587
2025-02-20,0.0,0.05,0.0,0.0,0.0,0.0,0.0,-0.05,0.0,0.0,0.0,-0.05,0.0077896659031619474
2025-02-21,0.0,0.05,0.0,0.0,0.0,0.0,0.0,-0.05,0.0,0.0,0.0,-0.05,0.007347717922779542
2025-02-24,0.0,0.05,0.0,0.0,0.0,0.0,0.0,-0.05,0.0,0.0,0.0,-0.05,0.007064413413298258
2025-02-25,0.0,0.05,0.0,0.05,0.0,0.0,0.0,-0.05,0.0,0.0,0.0,-0.05,-0.07391539403727135
2025-02-26,0.0,0.05,0.0,0.05,0.0,0.0,0.0,-0.05,0.0,-0.05,0.0,-0.05,-0.01401255391280901
2025-02-27,0.0,0.05,0.0,0.05,0.0,0.0,0.0,-0.05,0.0,-0.05,0.0,-0.05,-0.015303980417985733
2025-02-28,0.0,0.05,0.0,0.05,0.0,0.0,0.0,-0.05,0.0,-0.05,0.0,-0.05,-0.015300208016509997
2025-03-03,0.0,0.05,0.0,0.05,0.0,0.0,0.0,-0.05,0.0,-0.05,0.0,-0.05,-0.0145677829091183
2025-03-04,0.0,0.05,0.0,0.05,0.0,0.0,0.0,-0.05,0.0,-0.05,0.0,-0.05,-0.01578936973006569
2025-03-05,0.0,0.05,0.0,0.05,0.0,-0.05,0.0,-0.05,0.0,-0.05,0.0,-0.05,-0.00042068247869430416
2025-03-06,0.0,0.0,0.0,0.05,0.0,-0.05,0.0,-0.05,0.0,-0.05,0.0,-0.05,0.02381787342625696
2025-03-07,0.0,0.0,0.0,0.05,0.0,-0.05,0.0,-0.05,0.0,-0.05,0.0,0.0,0.007529736263026141
2025-03-10,0.0,0.0,0.0,0.05,0.0,-0.05,0.0,-0.05,0.0,-0.05,0.0,0.0,0.006053761983371101
2025-03-11,0.0,0.0,-0.05,0.05,0.0,-0.05,0.0,-0.05,0.0,-0.05,0.0,0.0,0.09092378567178817
2025-03-12,0.0,0.0,-0.05,0.05,0.0,-0.05,0.0,0.0,0.0,-0.05,0.0,0.0,0.07214484475102405
2025-03-13,0.0,0.0,-0.05,0.05,-0.05,0.0,0.0,0.0,0.0,-0.05,0.0,0.0,0.09947319635853005
2025-03-14,0.0,0.0,-0.05,0.0,-0.05,0.0,0.0,0.0,0.0,-0.05,0.0,0.0,0.17625992189626571
2025-03-17,0.0,0.0,-0.05,0.0,-0.05,0.0,0.0,0.0,0.0,0.0,0.0,0.0,0.11955834528161603
2025-03-18,0.0,0.0,-0.05,0.0,-0.05,0.0,0.0,0.0,0.0,0.0,0.0,0.0,0.12076108002971588
2025-03-19,0.0,0.0,-0.05,0.0,-0.05,0.0,0.0,0.0,0.0,0.0,0.0,0.0,0.12061741215944732
2025-03-20,0.0,0.0,-0.05,0.0,-0.05,0.0,0.0,0.0,0.0,0.0,0.0,0.0,0.12510337659708587
2025-03-21,0.0,0.0,-0.05,0.0,-0.05,0.0,0.0,0.0,0.0,0.0,0.0,0.0,0.12465279119532507
2025-03-24,0.0,0.0,-0.05,0.0,-0.05,0.0,0.0,0.05,0.0,0.0,0.0,0.0,0.1062811726954001
2025-03-25,0.0,0.0,-0.05,0.0,0.0,0.0,0.0,0.05,0.0,0.0,0.0,0.0,0.06504037267687626
2025-03-26,0.0,0.0,0.0,0.0,0.0,0.0,0.0,0.05,0.0,0.0,0.0,0.0,-0.018544264317558946
2025-03-27,0.0,0.0,0.0,0.0,0.0,0.0,0.0,0.0,0.0,0.0,0.0,0.0,-0.0
2025-03-28,0.0,0.0,0.0,0.0,0.0,0.0,0.0,0.0,0.0,0.0,0.0,0.0,-0.0
2025-03-31,0.0,0.0,0.0,0.0,0.0,0.0,0.0,0.0,0.0,0.0,0.0,0.0,-0.0
2025-04-01,0.0,0.0,0.0,0.0,0.0,0.0,0.0,0.0,0.0,0.0,0.0,0.0,-0.0
2025-04-02,0.0,0.0,0.0,0.0,0.0,0.0,0.0,0.0,0.0,0.0,0.0,0.0,-0.0
2025-04-03,0.0,0.0,0.0,0.0,0.0,0.0,0.0,0.0,0.0,0.0,0.0,0.0,-0.0
2025-04-04,0.0,0.0,0.0,0.0,0.0,0.0,0.0,0.05,0.0,-0.05,0.05,0.0,-0.004451604327059268
2025-04-07,0.05,-0.05,0.0,0.0,0.0,0.0,0.0,0.05,0.0,-0.05,0.05,0.05,-0.04440331966915375
2025-04-08,0.05,-0.05,0.0,0.0,0.0,0.05,0.0,0.05,0.0,-0.05,0.05,0.05,-0.06891489576667799
2025-04-09,0.0,-0.05,0.0,-0.05,0.0,0.05,0.0,0.05,0.0,-0.05,0.05,0.05,0.014351624541171285
2025-04-10,0.05,-0.05,0.0,-0.05,0.0,0.05,0.0,0.05,0.0,0.0,0.05,0.05,-0.07658246564961832
2025-04-11,0.05,-0.05,0.0,-0.05,0.0,0.05,0.0,0.05,0.0,0.0,0.0,0.05,-0.03785356292603223
2025-04-14,0.05,-0.05,0.0,-0.05,0.0,0.05,0.0,0.05,0.0,0.0,0.0,0.05,-0.036008204699843116
2025-04-15,0.05,-0.05,0.0,-0.05,0.0,0.05,0.0,0.0,0.0,0.0,0.0,0.05,-0.011231120826722438
2025-04-16,0.05,-0.05,0.0,-0.05,0.0,0.05,0.0,0.0,0.0,0.0,0.0,0.05,-0.01132760752530869
2025-04-17,0.05,-0.05,0.0,-0.05,0.0,0.05,0.0,0.0,0.0,0.0,0.0,0.05,-0.011833940649205624
2025-04-21,0.05,-0.05,0.0,-0.05,0.0,0.05,0.0,0.0,0.0,0.0,0.0,0.05,-0.01240942404350007
2025-04-22,0.05,0.0,0.0,-0.05,0.0,0.05,0.0,0.0,0.0,0.0,0.0,0.05,-0.03623141106856164
2025-04-23,0.0,0.0,0.0,-0.05,0.0,0.05,0.0,0.0,0.0,0.0,0.0,0.05,-0.001089672529826653
2025-04-24,0.0,-0.05,0.0,0.0,0.0,0.05,0.0,0.0,0.0,0.0,0.0,0.05,-0.035910805503903354
2025-04-25,0.0,-0.05,0.0,0.0,0.0,0.05,0.0,0.0,0.0,0.0,0.0,0.05,-0.03845518685746889
2025-04-28,0.0,0.0,0.0,0.0,0.0,0.05,0.0,0.0,0.05,0.0,0.0,0.05,-0.10221525098779105
2025-04-29,0.0,0.0,0.0,0.0,0.0,0.05,0.0,0.0,0.05,0.0,0.0,0.05,-0.10208265090831098
2025-04-30,0.0,0.0,0.0,0.0,0.0,0.0,0.0,0.0,0.05,0.0,0.0,0.05,-0.07708026318991794
2025-05-01,0.0,0.0,0.0,0.0,0.0,0.0,0.0,0.0,0.05,0.0,0.0,0.05,-0.07699222358559114
2025-05-02,0.0,0.0,0.0,0.0,0.0,0.0,0.0,0.0,0.05,0.0,0.0,0.05,-0.07683833081791128
2025-05-05,0.0,0.0,0.0,0.0,0.0,0.0,-0.05,0.0,0.05,-0.05,0.0,0.05,-0.008036391865244017
2025-05-06,0.0,0.0,0.0,0.0,0.0,0.0,-0.05,0.0,0.05,-0.05,0.0,0.05,-0.007963513509429608
2025-05-07,0.0,0.0,0.0,0.0,0.0,0.0,-0.05,0.0,0.05,-0.05,0.0,0.05,-0.007882307647901068
2025-05-08,0.0,0.0,0.0,0.0,0.0,0.0,-0.05,0.0,0.05,-0.05,0.0,0.05,-0.007947697112256973
2025-05-09,0.0,0.0,0.0,0.0,0.0,0.0,-0.05,0.0,0.05,-0.05,0.0,0.05,-0.008027293417590963
2025-05-12,0.0,0.0,0.0,0.0,0.0,0.0,-0.05,0.0,0.05,-0.05,0.0,0.0,0.030693108821605287
2025-05-13,0.0,0.0,0.0,0.0,0.0,0.0,-0.05,0.0,0.05,-0.05,0.0,0.0,0.032246744182237254
2025-05-14,0.0,0.0,0.0,0.0,0.0,0.0,-0.05,0.0,0.05,-0.05,0.0,0.0,0.03219446464675969
2025-05-15,0.0,0.0,0.0,0.0,0.0,0.0,-0.05,0.0,0.05,-0.05,0.0,0.0,0.033369591772443086
2025-05-16,0.0,0.0,0.0,0.0,0.0,0.0,-0.05,0.0,0.05,0.0,0.0,0.0,-0.005807308752576653
2025-05-19,0.0,0.0,0.0,0.0,0.0,0.0,-0.05,0.0,0.05,0.0,0.0,0.0,-0.005890506379459648
2025-05-20,0.0,0.0,0.0,0.0,0.0,0.0,-0.05,0.0,0.0,0.0,0.0,0.0,0.030586636257806575
2025-05-21,0.0,0.0,0.0,0.0,0.0,0.0,-0.05,0.0,0.0,0.0,0.0,0.0,0.030664402931051014
2025-05-22,0.0,0.0,0.0,0.0,0.0,0.0,-0.05,0.0,0.0,0.0,0.0,0.0,0.030759634172500175
2025-05-23,0.0,0.0,0.0,0.0,0.0,0.0,-0.05,0.0,0.0,0.0,0.0,0.0,0.030785694237538682
2025-05-27,0.0,0.0,0.0,0.0,0.0,0.0,0.0,0.0,0.0,0.0,0.0,0.0,-0.0
2025-05-28,0.0,0.0,0.0,0.0,0.0,0.0,0.0,0.0,0.0,-0.05,0.0,0.0,0.03900924977194025
2025-05-29,0.0,0.0,0.0,0.0,0.0,-0.05,0.0,0.0,0.0,-0.05,0.0,0.0,0.06542547698422124
2025-05-30,0.0,0.0,0.0,0.0,0.0,-0.05,0.05,0.0,0.0,-0.05,0.0,0.0,0.03449272228537262
2025-06-02,0.0,0.0,0.0,0.0,0.0,-0.05,0.05,0.0,0.0,-0.05,0.0,0.0,0.03430109885127018
2025-06-03,0.0,0.0,0.0,0.0,0.0,-0.05,0.05,0.0,0.0,-0.05,0.0,0.0,0.033286723393211474
2025-06-04,0.0,0.0,0.0,0.0,0.0,-0.05,0.05,0.0,0.0,-0.05,0.0,0.0,0.03303868081819358
2025-06-05,0.0,0.0,0.0,0.0,0.0,-0.05,0.05,0.0,0.0,-0.05,0.0,0.0,0.03303594578247046
2025-06-06,0.0,0.0,0.0,0.0,0.0,-0.05,0.05,0.0,0.0,-0.05,0.0,0.0,0.03274287238900137
2025-06-09,0.0,0.0,0.0,0.0,0.0,0.0,0.05,0.0,0.0,-0.05,0.0,0.0,0.006164911818387794
2025-06-10,0.0,0.0,0.0,0.0,0.0,0.0,0.05,0.0,0.0,-0.05,0.0,0.0,0.006707644140367593
2025-06-11,0.0,0.0,0.0,0.0,0.0,0.0,0.05,0.0,0.0,-0.05,0.0,0.0,0.007392693961581827
2025-06-12,0.0,0.0,0.0,0.0,0.0,0.0,0.05,0.0,0.0,-0.05,0.0,0.0,0.007289985262611154
2025-06-13,0.0,0.0,0.0,0.0,0.0,0.0,0.05,0.0,0.0,0.0,0.0,0.0,-0.03050703595755299
2025-06-16,0.0,0.0,0.0,0.0,0.0,0.0,0.05,0.0,0.0,0.0,0.0,0.0,-0.030836782426290066
2025-06-17,0.0,0.0,0.0,0.0,0.0,0.0,0.05,0.0,0.0,0.0,0.0,0.0,-0.03103606492015435
2025-06-18,0.0,0.0,0.0,0.0,-0.05,0.0,0.05,0.0,0.0,0.0,0.0,0.0,0.02804574694899856
2025-06-20,0.0,0.0,0.0,0.0,-0.05,0.0,0.05,0.0,0.0,0.0,0.0,0.0,0.0275713081410853
2025-06-23,0.0,0.0,0.0,0.0,-0.05,0.0,0.05,-0.05,0.0,0.0,0.0,-0.05,0.09767543241332313
2025-06-24,0.0,0.0,0.0,0.0,-0.05,0.0,0.05,-0.05,0.0,0.0,0.0,-0.05,0.09906750571402366
2025-06-25,0.0,0.0,0.0,0.0,-0.05,0.0,0.0,-0.05,0.0,0.0,0.0,-0.05,0.1300249528224653
2025-06-26,0.0,0.0,0.0,0.0,-0.05,0.0,0.0,-0.05,0.0,0.0,0.0,-0.05,0.1305912351941142
2025-06-27,0.0,0.0,0.0,0.0,-0.05,0.0,0.0,-0.05,0.0,0.0,0.0,-0.05,0.1306458414567827
2025-06-30,0.0,0.0,0.0,0.0,-0.05,0.0,0.0,-0.05,0.0,0.0,0.0,-0.05,0.13074646227341402
2025-07-01,0.0,0.0,0.0,0.0,-0.05,0.0,0.0,-0.05,0.0,0.0,0.0,-0.05,0.13062349971348386
2025-07-02,0.0,0.0,0.0,0.0,-0.05,0.0,0.0,-0.05,0.0,0.0,0.0,-0.05,0.13034769065973295
2025-07-03,0.0,0.05,0.0,0.0,-0.05,0.0,0.0,-0.05,0.0,0.0,0.0,-0.05,0.10403828526762725
2025-07-07,0.0,0.05,0.0,0.0,0.0,0.0,0.0,-0.05,0.0,0.0,0.0,-0.05,0.0413856356168302
2025-07-08,0.0,0.05,0.0,0.0,0.0,0.0,0.0,-0.05,0.0,0.0,0.0,-0.05,0.040009458991484184
2025-07-09,0.0,0.05,0.0,0.0,0.0,0.0,0.0,0.0,-0.05,0.0,0.0,-0.05,0.05874451333302583
2025-07-10,0.0,0.05,0.0,0.0,0.0,0.05,0.0,0.0,-0.05,0.0,0.0,0.0,-0.014139479151589671
2025-07-11,0.0,0.05,-0.05,0.0,-0.05,0.05,0.0,0.0,-0.05,0.0,0.0,0.0,0.09573262804198047
2025-07-14,0.0,0.05,-0.05,0.0,-0.05,0.05,0.0,0.0,-0.05,0.0,0.0,0.0,0.0943860898463403
2025-07-15,0.0,0.05,-0.05,0.0,-0.05,0.05,0.0,0.0,-0.05,0.0,0.0,0.0,0.09472754054577912
2025-07-16,0.0,0.05,-0.05,0.0,-0.05,0.05,0.0,0.0,-0.05,0.0,0.0,0.0,0.08991378786896109
2025-07-17,0.0,0.05,-0.05,0.0,0.0,0.05,0.0,0.0,-0.05,0.0,0.0,0.0,0.038741433227430115
2025-07-18,0.0,0.05,-0.05,0.0,0.0,0.05,0.0,0.0,-0.05,0.0,0.05,0.0,0.006939907727420112
2025-07-21,-0.05,0.05,-0.05,0.0,0.0,0.05,0.0,0.0,-0.05,0.0,0.05,0.0,0.038912691253673026
2025-07-22,-0.05,0.05,0.0,0.0,0.0,0.05,0.0,0.0,-0.05,0.0,0.0,0.0,0.015297242491528688
2025-07-23,-0.05,0.05,0.0,0.05,0.0,0.05,0.0,0.0,-0.05,0.0,0.0,0.0,-0.03652026806578233
2025-07-24,-0.05,0.05,0.0,0.05,0.0,0.05,0.0,0.0,-0.05,0.0,0.0,0.05,-0.073012930155325
2025-07-25,-0.05,0.05,0.0,0.05,0.0,0.05,0.0,0.0,-0.05,0.0,0.0,0.05,-0.07222281917183464
2025-07-28,-0.05,0.05,0.0,0.05,0.0,0.0,0.0,0.0,0.0,0.0,0.0,0.05,-0.09140957279827486
2025-07-29,-0.05,0.0,0.0,0.05,0.0,0.0,0.0,0.05,0.0,0.0,0.0,0.05,-0.08778277253897677
2025-07-30,-0.05,0.0,0.0,0.0,0.0,0.0,0.0,0.05,0.0,0.0,-0.05,0.05,0.0016032671635342888
2025-07-31,0.0,0.0,0.0,0.0,0.0,0.0,0.0,0.05,0.0,0.0,0.0,0.05,-0.06500429210298711
2025-08-01,0.0,0.0,0.0,0.0,0.0,0.0,0.0,0.05,0.0,0.0,0.05,0.05,-0.1088189795590612
2025-08-04,0.0,0.0,0.0,0.0,0.0,0.0,0.0,0.05,0.0,0.0,0.05,0.05,-0.10122990952348772
2025-08-05,0.0,0.0,0.0,0.0,0.0,0.0,0.0,0.05,0.0,0.0,0.05,0.05,-0.09749464261988634
2025-08-06,0.0,0.0,-0.05,0.0,0.0,0.0,0.0,0.05,0.0,0.0,0.05,0.05,-0.041316207849078496
2025-08-07,0.0,0.0,-0.05,0.0,0.0,0.0,0.0,0.05,0.0,0.0,0.05,0.05,-0.043034337704050706
2025-08-08,0.0,0.0,-0.05,0.0,0.0,0.0,0.0,0.0,0.0,0.0,0.05,0.05,0.0015514070594564913
2025-08-11,0.0,0.0,0.0,0.0,0.0,0.0,0.05,0.0,0.0,0.0,0.05,0.05,-0.10000218373290103
2025-08-12,0.0,0.0,0.0,0.0,0.0,0.0,0.05,0.0,0.0,0.0,0.05,0.05,-0.10137569070790416
2025-08-13,0.0,0.0,0.0,0.0,0.0,0.0,0.05,0.0,0.0,0.0,0.0,0.05,-0.07096239878941804
2025-08-14,0.0,0.0,0.0,0.0,0.0,0.0,0.05,0.0,0.0,0.05,0.0,0.05,-0.11234714122832748
2025-08-15,0.0,0.0,0.0,0.0,0.0,0.0,0.05,0.05,-0.05,0.05,0.0,0.05,-0.09796976146410005
2025-08-18,0.0,0.0,0.0,0.0,0.0,0.0,0.0,0.05,-0.05,0.05,0.0,0.0,-0.031878962875656204
2025-08-19,0.0,0.0,0.0,0.0,0.0,0.0,0.0,0.05,-0.05,0.05,-0.05,0.0,0.000677863841868815
2025-08-20,0.0,0.0,0.0,0.0,0.0,0.0,0.0,0.05,0.0,0.05,-0.05,0.0,-0.043932286629660595
2025-08-21,0.0,0.0,0.0,0.0,0.0,0.0,-0.05,0.05,-0.05,0.05,-0.05,0.0,0.011502689981082281
2025-08-22,0.0,0.0,0.0,0.0,0.0,0.0,-0.05,0.05,-0.05,0.05,-0.05,0.0,0.008831532419623657
2025-08-25,0.0,0.0,0.0,0.0,0.0,0.0,-0.05,0.05,-0.05,0.05,-0.05,0.0,0.014919430951634623
2025-08-26,0.0,0.0,0.0,0.0,0.0,-0.05,-0.05,0.05,-0.05,0.05,-0.05,0.0,0.03767272801618249
2025-08-27,0.0,0.0,0.0,0.0,0.0,-0.05,-0.05,0.0,-0.05,0.05,-0.05,0.0,0.0673288765484029
2025-08-28,0.0,0.0,0.0,0.0,0.0,-0.05,-0.05,0.0,-0.05,0.05,-0.05,0.0,0.07068494514401373
2025-08-29,0.0,0.0,0.0,0.0,0.0,-0.05,-0.05,0.0,-0.05,0.05,-0.05,0.0,0.0658542723415789
2025-09-02,0.0,0.0,0.05,0.0,0.0,-0.05,-0.05,0.0,-0.05,0.05,-0.05,0.0,-0.00039827063132752416
2025-09-03,0.0,0.0,0.05,0.0,0.0,-0.05,-0.05,0.0,-0.05,0.05,-0.05,0.0,0.002560416456875077
2025-09-04,0.0,0.0,0.05,0.0,0.0,-0.05,-0.05,0.0,-0.05,0.05,-0.05,0.0,0.0017665805716961854
2025-09-05,0.0,0.0,0.05,0.0,0.0,-0.05,-0.05,0.0,-0.05,0.0,-0.05,0.0,0.05302632354558235
2025-09-08,0.0,0.0,0.0,-0.05,0.05,-0.05,-0.05,0.0,0.0,0.0,-0.05,0.0,0.07604039637542967
2025-09-09,0.0,0.0,0.0,-0.05,0.05,-0.05,-0.05,0.0,0.0,0.0,-0.05,0.0,0.08004415356219813
2025-09-10,0.0,0.0,0.0,-0.05,0.05,-0.05,-0.05,0.0,0.0,0.0,-0.05,0.0,0.07847559206469709
2025-09-11,0.0,0.0,0.0,0.0,0.05,-0.05,0.0,0.0,0.0,-0.05,0.0,0.0,0.04464083375657823
2025-09-12,0.0,0.0,0.0,-0.05,0.05,-0.05,0.0,0.0,0.0,-0.05,0.0,0.0,0.12972967877380548
2025-09-15,0.0,0.0,0.0,-0.05,0.05,-0.05,0.0,0.0,0.0,0.0,0.0,0.0,0.024661166043113945
2025-09-16,0.0,0.0,0.0,-0.05,0.05,-0.05,0.0,0.0,0.0,0.0,0.0,0.0,0.02366981608170765
2025-09-17,0.0,0.0,0.0,-0.05,0.05,-0.05,0.0,0.0,0.0,0.0,0.0,0.0,0.02221833349898196
2025-09-18,0.0,0.0,0.0,-0.05,0.0,-0.05,0.0,0.0,0.0,0.0,0.0,0.0,0.08162741269142333
2025-09-19,0.0,0.0,0.0,0.0,0.0,-0.05,0.0,0.0,0.0,0.0,0.0,0.0,0.006618537488804815
2025-09-22,0.0,0.0,0.0,0.0,0.0,-0.05,0.0,0.0,0.0,0.0,0.0,0.0,0.005523886998069363
2025-09-23,0.0,0.0,0.0,0.0,0.0,-0.05,0.0,0.05,0.0,0.0,0.0,0.0,-0.023126364470741803
2025-09-24,0.0,0.0,0.0,0.0,0.0,-0.05,0.0,0.05,0.0,0.0,0.0,0.0,-0.022205871082727008
2025-09-25,0.0,0.0,0.0,0.0,0.0,-0.05,0.0,0.05,0.0,0.0,0.0,0.0,-0.020488460678637417
2025-09-26,0.0,0.0,0.0,0.0,0.0,0.0,0.0,0.05,0.0,0.0,0.0,0.0,-0.02741819388696075
2025-09-29,0.0,0.0,0.0,0.0,0.0,0.0,0.0,0.05,0.0,0.0,0.0,0.0,-0.028323914781507177
2025-09-30,0.0,0.0,0.0,0.05,0.0,0.0,0.0,0.05,0.0,0.0,0.0,0.0,-0.08851752373679103
2025-10-01,0.0,0.0,0.0,0.05,0.0,0.0,0.0,0.05,0.0,0.0,0.0,0.0,-0.08950102544715244
2025-10-02,0.0,0.0,0.0,0.05,0.0,0.0,0.0,0.05,0.0,0.0,0.0,0.0,-0.08982218233194858
2025-10-03,0.0,0.0,0.0,0.05,0.0,0.0,0.0,0.05,0.0,0.0,0.0,0.0,-0.08899137246633582
2025-10-06,0.0,0.0,0.0,0.05,0.0,0.0,0.0,0.05,0.0,0.0,0.0,0.0,-0.08819478027862497
2025-10-07,0.0,0.0,0.0,0.05,0.0,0.0,0.0,0.05,0.0,0.0,0.0,0.0,-0.08675346326057189
2025-10-08,0.0,0.0,0.0,0.05,0.0,0.0,0.0,0.0,0.0,0.0,0.0,0.0,-0.057696779201579146
2025-10-09,0.0,0.0,0.0,0.05,0.0,0.0,0.0,0.0,0.0,0.0,0.0,0.0,-0.05733836156138652
2025-10-10,0.0,0.0,0.0,0.05,0.0,0.0,0.0,0.0,0.0,0.0,0.0,0.0,-0.05736925090994169
2025-10-13,0.0,0.0,0.0,0.05,0.0,0.0,0.0,0.0,0.0,0.0,0.0,0.0,-0.05657206410117969
2025-10-14,0.0,0.0,0.0,0.0,0.0,0.0,0.0,0.0,0.0,0.0,0.0,0.0,-0.0
2025-10-15,0.0,0.0,0.0,0.0,0.0,0.0,0.0,0.0,0.0,0.0,0.0,0.0,-0.0
2025-10-16,0.0,0.0,0.0,0.0,0.0,0.0,0.0,0.0,0.0,0.0,0.0,0.0,-0.0
2025-10-17,0.0,0.0,0.0,0.0,0.0,0.0,0.0,0.0,0.0,0.0,0.0,0.0,-0.0
2025-10-20,0.0,0.0,0.0,0.0,0.0,0.0,0.0,0.0,0.0,0.0,0.0,0.0,-0.0
2025-10-21,0.0,0.0,0.0,0.0,0.0,0.0,-0.05,0.0,0.0,0.0,0.0,0.0,0.019463132658494028
2025-10-22,0.0,0.0,0.0,0.0,0.0,0.0,-0.05,0.0,0.0,0.0,0.0,0.0,0.019214768490913182
2025-10-23,0.0,0.0,0.0,0.0,0.0,0.0,-0.05,0.0,0.0,0.0,0.0,0.0,0.020308640982206232
2025-10-24,0.0,0.0,0.0,0.0,0.0,0.0,-0.05,0.0,0.0,0.0,0.0,0.0,0.019688195212096804
2025-10-27,0.0,0.0,0.0,0.0,0.0,0.0,-0.05,0.0,0.0,0.0,0.0,0.0,0.018264940546337493
2025-10-28,0.0,0.0,0.0,0.0,0.0,0.0,-0.05,0.0,0.0,0.05,-0.05,0.05,-0.030425762336640887
2025-10-29,0.0,-0.05,0.0,0.0,0.0,0.0,0.0,0.0,0.0,0.05,0.0,0.05,-0.069768854096193
2025-10-30,0.05,-0.05,0.0,0.0,0.0,0.0,0.0,0.0,0.0,0.05,0.0,0.05,-0.0987616811274391
2025-10-31,0.05,0.0,0.0,0.0,0.0,0.0,0.0,-0.05,0.0,0.05,0.0,0.05,-0.09817782192799224
2025-11-03,0.05,0.0,0.0,0.0,0.0,0.0,0.0,-0.05,0.0,0.05,0.0,0.05,-0.09798899633838332
2025-11-04,0.05,0.05,0.0,0.0,0.0,0.0,-0.05,-0.05,0.0,0.05,0.0,0.05,-0.10533819219833657
2025-11-05,0.0,0.05,0.0,0.0,0.0,0.0,-0.05,-0.05,0.0,0.05,0.0,0.05,-0.07575045857986622
2025-11-06,0.0,0.05,0.0,0.0,0.0,0.0,-0.05,-0.05,0.0,0.05,-0.05,0.05,-0.027776224166424432
2025-11-07,0.0,0.05,0.0,0.0,0.0,0.05,0.0,-0.05,0.0,0.05,-0.05,0.05,-0.05159606510651135
2025-11-10,0.0,0.05,0.0,0.0,0.0,0.05,0.0,-0.05,0.0,0.05,0.0,0.0,-0.08282075931856714
2025-11-11,0.0,0.05,0.0,0.0,0.0,0.05,0.0,-0.05,0.0,0.05,0.0,0.0,-0.08323656909788912
2025-11-12,0.0,0.05,0.0,0.0,0.0,0.05,0.0,-0.05,0.0,0.05,0.0,0.0,-0.08186662503862036
2025-11-13,0.0,0.0,0.0,0.0,0.0,0.0,0.0,-0.05,0.0,0.05,0.0,0.0,-0.04741028418871261
2025-11-14,0.0,0.0,0.0,0.0,0.0,0.0,0.0,0.0,0.0,0.05,-0.05,0.0,-0.023326009711968375
2025-11-17,0.0,0.0,-0.05,0.0,0.0,0.0,0.0,0.0,0.0,0.05,-0.05,0.0,0.034099890863567364
2025-11-18,0.0,0.0,-0.05,0.0,0.0,0.0,0.0,0.0,0.0,0.05,0.0,0.0,-0.007227637618422898
2025-11-19,0.0,0.0,-0.05,0.0,0.0,0.0,0.0,0.0,0.0,0.05,0.0,0.0,-0.0044601528418673
2025-11-20,0.0,0.05,-0.05,0.0,0.0,0.05,0.0,0.0,0.0,0.05,0.0,0.0,-0.03676198600607441
2025-11-21,0.0,0.05,-0.05,0.0,0.0,0.05,0.0,0.0,0.0,0.05,0.0,0.0,-0.04070083609672957
2025-11-24,0.0,0.05,-0.05,0.0,0.0,0.0,0.0,0.0,0.0,0.05,0.0,0.0,-0.025999609688470558
2025-11-25,0.0,0.05,-0.05,0.0,0.0,0.0,0.0,0.0,0.0,0.05,0.0,-0.05,-0.005676829204449839
2025-11-26,0.0,0.05,0.0,0.0,0.0,0.0,0.0,0.0,0.0,0.05,0.0,-0.05,-0.06145614889829144
2025-11-28,0.0,0.05,0.0,0.0,0.0,0.0,0.0,0.0,0.0,0.05,0.0,-0.05,-0.06203855360143961
2025-12-01,0.0,0.05,0.0,-0.05,0.0,0.0,0.0,0.0,0.0,0.05,0.0,-0.05,-0.002685190100097627
2025-12-02,0.0,0.05,0.0,-0.05,0.0,0.0,0.0,0.0,0.0,0.05,0.0,-0.05,-0.0024216415510560155
2025-12-03,0.0,0.05,0.0,-0.05,0.0,0.0,0.0,0.0,0.0,0.05,0.0,-0.05,-0.0015347437656564019
2025-12-04,0.0,0.05,0.0,-0.05,0.0,0.0,0.0,0.0,0.0,0.0,-0.05,0.0,0.08071431591664766
2025-12-05,0.0,0.05,0.0,-0.05,0.0,0.0,-0.05,0.0,0.0,0.0,-0.05,0.0,0.10112891911105583
2025-12-08,0.0,0.05,0.0,-0.05,0.0,-0.05,-0.05,0.0,0.0,0.0,0.0,0.0,0.07121845316433117
2025-12-09,0.05,0.05,0.0,-0.05,0.0,-0.05,-0.05,0.0,0.05,0.0,0.0,0.0,-0.007285094048213668
2025-12-10,0.05,0.05,0.0,-0.05,0.0,-0.05,-0.05,0.0,0.05,0.0,0.0,0.0,-0.006098201530385115
2025-12-11,0.05,0.05,0.0,-0.05,0.0,-0.05,-0.05,0.0,0.05,0.0,-0.05,0.0,0.039468692662466116
2025-12-12,0.05,0.05,0.0,-0.05,0.0,-0.05,-0.05,0.0,0.05,0.0,-0.05,0.0,0.039234756800163514
2025-12-15,0.05,0.05,0.0,0.0,0.05,-0.05,-0.05,0.0,0.05,0.0,-0.05,0.0,-0.09229511426215894
2025-12-16,0.05,0.05,0.0,0.0,0.05,-0.05,-0.05,0.0,0.05,0.0,-0.05,0.0,-0.09252166630006589
2025-12-17,0.05,0.05,0.0,0.0,0.05,-0.05,-0.05,0.0,0.05,0.0,-0.05,0.0,-0.09448239348088353
2025-12-18,0.05,0.0,0.0,0.0,0.05,-0.05,-0.05,0.0,0.0,0.0,-0.05,0.0,-0.02558068608758131
2025-12-19,0.05,0.0,0.0,0.0,0.05,-0.05,-0.05,0.0,0.0,0.0,-0.05,0.0,-0.024760818671830283
2025-12-22,0.05,0.0,0.0,0.0,0.05,-0.05,-0.05,0.0,0.0,0.0,-0.05,0.0,-0.027373035620476563
2025-12-23,0.05,0.0,0.0,0.0,0.05,-0.05,-0.05,0.0,0.0,0.0,0.0,0.0,-0.06983590103906245
2025-12-24,0.05,0.0,0.0,0.0,0.05,-0.05,-0.05,0.0,0.0,0.0,0.0,0.0,-0.0701343676540543
2025-12-26,0.05,0.0,0.0,0.0,0.05,-0.05,-0.05,0.0,0.0,0.0,0.0,0.0,-0.0694342848745216
2025-12-29,0.05,0.0,0.0,0.0,0.05,-0.05,-0.05,0.0,0.0,0.0,0.0,0.0,-0.06858032007341455
2025-12-30,0.05,0.0,0.0,0.0,0.05,-0.05,-0.05,0.0,0.0,0.0,0.0,0.0,-0.06851772836917383
2025-12-31,0.05,0.0,0.0,0.0,0.0,-0.05,-0.05,0.0,0.0,0.0,0.0,0.0,0.014955619507590757
