timestamp,AAPL,MSFT,NVDA,SPY,XLK,QQQ
2019-01-30 10:05:00-05:00,-0.002054667306491435,-0.0019079423865561102,-0.003295395114952204,-0.0009075955016340936,-0.0013801566368079746,-0.0018390809781178624
2019-01-30 10:10:00-05:00,0.0024588773146377624,0.00028642352687707767,0.0007964350473135573,0.0005295308102628488,0.0007669888395634032,0.00042942151448199296
2019-01-30 10:15:00-05:00,0.004497456441769943,0.0007633952372266004,0.005368835913968772,0.0006426249559627377,0.0015322151162801218,0.0009195684806893191
2019-01-30 10:20:00-05:00,0.0017315486222405948,-0.0003816247720789895,0.0057526524894500625,-0.0004913819270326861,-0.00015311590904186986,-0.00024513559185107233
2019-01-30 10:25:00-05:00,0.0004015382055774116,0.00047700821358585865,-0.0018387531683135689,0.0003024174517915894,0.00030620837719157136,0.0007964710628126611
2019-01-30 10:30:00-05:00,0.001234491854820696,-0.00019077598188254339,0.004609252881278167,0.000680105064659666,0.0009180629517892296,0.000612238669750039
2019-01-30 10:35:00-05:00,-3.084373024320563e-05,-0.0005725464157550525,0.0046625347899153695,0.00018883601536595304,0.0001529285826502986,6.12032560323983e-05
2019-01-30 10:40:00-05:00,0.0006166939235253123,-0.000286396183341752,-0.0017505637932295093,0.00015104314198449416,0.00030578702172351737,-6.120325603242019e-05
2019-01-30 10:45:00-05:00,-0.0012029056244373343,0.0013358143296405417,0.0035352162597649117,0.0007548736888682711,0.000611293669223245,0.0007647716000089283
2019-01-30 10:50:00-05:00,0.0005245213862717635,-0.001335814329640657,-0.00026006353127087776,-0.0006416063022035411,-0.000764175491872132,-0.000825978602109034
2019-01-30 10:55:00-05:00,0.0008941372942198768,-0.002102748683983741,-0.003946393803816257,-0.0003020748791070259,-0.001070827699080813,-0.0006735243947975367
2019-01-30 11:00:00-05:00,0.0018474049222404804,-9.568462355400453e-05,0.000745795612000368,0.00028319787224468393,0.0004590665727139214,6.124823913234298e-05
2019-01-30 11:05:00-05:00,0.0015676152410290856,0.0009564344854198258,0.004759965850191885,0.0016221215620932648,0.0016814433799519268,0.0016522860377340943
2019-01-30 11:10:00-05:00,-0.0018137387962958943,0.000573421910871511,-3.709955666472819e-05,0.00013191741988668258,-0.00045829515009297283,-0.0003669388170701175
2019-01-30 11:15:00-05:00,0.0004921865486339613,0.0012412872786398813,-0.002414428303633096,0.0004898266865080044,0.0003055534360340653,0.0004280821983182028
2019-01-30 11:20:00-05:00,0.0014751078274055306,0.0002862322317032913,-0.00186122745808635,3.766903982066689e-05,0.0,0.00012227554809949592
2019-01-30 11:25:00-05:00,0.0016875569719909098,0.0007628856518377763,-0.004256596674139027,0.00016949312180966473,0.0001527417140588168,-6.113590513600916e-05
2019-01-30 11:30:00-05:00,-0.0026707203791931115,0.0,-0.0022476128585435097,-0.0003955286480221668,-0.0009168004309361278,-0.000672741753707108
2019-01-30 11:35:00-05:00,-0.0012610923960358223,0.0016192021825163281,0.0028835191399081946,0.0001506960275610321,0.00045850528084308967,0.00018351991242547148
2019-01-30 11:40:00-05:00,-0.0017558726113103451,0.0004757374019317629,0.0014946568809008475,-0.0003767826573840726,0.0,-0.0001835199124255693
2019-01-30 11:45:00-05:00,0.000924527786276117,0.0013308619294066073,0.001156824459637133,0.0008663879699667043,0.0009163803619513551,0.0011006146208705962
2019-01-30 11:50:00-05:00,-0.0011095359579982127,0.0,0.00018645932443880922,0.00022589085802789246,0.0001526484509146902,0.00012221577209766332
2019-01-30 11:55:00-05:00,-0.0007712360210138792,0.0003799211709279434,-0.0004848665779492584,0.00016938466356480504,0.00015262515292151406,0.0
2019-01-30 12:00:00-05:00,0.0017883576547261819,0.001613056616955679,0.0,0.00047036246998463963,0.0010677243235234057,0.0009161424936876408
2019-01-30 12:05:00-05:00,-0.001017121633712316,0.0007581860762196787,0.0008949547526524812,0.000564143081643633,0.0003048548152565745,0.00048826635899383054
2019-01-30 12:10:00-05:00,-0.0012342633015927863,0.0010415681274934315,0.0016758844210645102,-3.759963904803255e-05,0.0003047619071204285,0.0001830384385832643
2019-01-30 12:15:00-05:00,0.0019432754923942633,0.0014185740983016129,0.0008183002130419067,0.0004135182946786566,0.0010659358402309038,0.0008537366741070167
2019-01-30 12:20:00-05:00,-0.0006781751184705756,0.0008501795335446078,0.00037173339709122564,0.00037577739389658824,0.0003043445203432736,0.000974807400432604
2019-01-30 12:25:00-05:00,-0.00021587947841003415,-0.00018886633041657934,0.0008173273850990113,-0.0004885381532715991,-0.00015216068197325438,0.00042617961071225816
2019-01-30 12:30:00-05:00,0.0012637745382396875,-0.000141673160256712,-3.713675610855156e-05,-3.758974552202174e-05,0.0,6.08679773760497e-05
2019-01-30 12:35:00-05:00,-0.0012329317593030163,-0.0011813908705751008,0.0005569065840345941,-0.0005264048550801217,-0.0007611508968484132,-0.0006088465590376754
2019-01-30 12:40:00-05:00,0.002525876158113756,-9.457159076460031e-05,0.0009645706553835826,-0.00011283710095840081,0.00030452988434820377,-6.0905049047310125e-05
2019-01-30 12:45:00-05:00,0.0011683681073288924,-0.0005676174410949826,-0.00014833494056728234,-0.00035740150677187964,0.0,0.00012180638889572821
2019-01-30 12:50:00-05:00,0.000583672545561789,-0.001136202366231721,0.003221330194686981,0.0003574015067719393,0.00030443717413009556,0.0003044510770637583
2019-01-30 12:55:00-05:00,0.0008595285401473961,9.473285342428317e-05,-0.0020723095156288066,-0.0001128498346067361,0.00015218383836986397,0.00012175448223741378
2019-01-30 13:00:00-05:00,-0.0005831709316451813,-0.0002842254874653234,-7.409053867223567e-05,-0.00018811136248096677,0.0,0.00012173965988797481
2019-01-30 13:05:00-05:00,0.0004911139176028687,0.00047366427562361963,0.0011477869338660013,0.0,0.0,0.00012172484114721186
2019-01-30 13:10:00-05:00,0.001379966179829533,-0.00037891347017092957,-0.0008514577099323728,0.00041379829804613654,0.0006085038599566556,0.00030424729454611054
2019-01-30 13:15:00-05:00,-0.0017175810871999384,-0.0002842793537575555,-0.00018519547435177545,-0.00033854950669420054,-0.0007606876983266357,-0.0003651078630024839
2019-01-30 13:20:00-05:00,0.000859159304153288,-0.00028436019148950036,-7.408779406996759e-05,-0.0002257633633279671,-0.00015220700181622698,6.0860568456329375e-05
2019-01-30 13:25:00-05:00,-0.002118547285263401,-0.0005689630801631288,-0.0008894819354514239,-0.0005646314988522568,-0.0009137288384147107,-0.0008523852079304238
2019-01-30 13:30:00-05:00,0.001689059902522702,-0.00047438331060412764,0.0004077774333164443,0.0,0.00030466905559775674,6.090875869830987e-05
2019-01-30 13:35:00-05:00,0.0008587903852558683,-0.0004746084569392511,0.0035148120614059263,0.00011295180734901125,0.00030457626063530065,0.00024359794280183676
2019-01-30 13:40:00-05:00,-0.0011349868547656779,9.493971335346311e-05,-0.000738934490136667,0.0,-0.00015227653448062365,-0.00030450670150020473
2019-01-30 13:45:00-05:00,0.0006443398041377536,-0.0007597702060719538,0.00040648153840163267,-0.00037655564996001413,-0.00030462265104928176,-0.00018274853852035604
2019-01-30 13:50:00-05:00,-0.0007364222486847816,-0.00038010168177487466,-0.0011089754204702317,-0.0006404702023552146,-0.0004571080378237719,-0.00042654317872968154
2019-01-30 13:55:00-05:00,0.0008897753137465659,0.0018041976216840421,0.002917661294563209,0.0006404702023551576,0.0010662605732213492,0.000670200475948322
2019-01-30 14:00:00-05:00,0.0,-0.0007592654471904505,0.0003318522919045249,-0.00020716606317307626,-0.00015225334986763555,-0.0004264392388716359
2019-01-30 14:05:00-05:00,0.005688088730648326,0.005774890611173727,0.006467519696056951,0.0059155657534777075,0.006223456638166517,0.006014233546601832
2019-01-30 14:10:00-05:00,0.0014931060898376338,-0.0014642328384200072,-0.005178028866185203,-0.0009741294489056007,-0.0007568877140025584,-0.0014243505703776108
2019-01-30 14:15:00-05:00,0.003980860685227481,0.0023134497228206948,0.0054343968655384736,0.0025457213830726915,0.0028731306623657232,0.003360635325035948
2019-01-30 14:20:00-05:00,-0.0003336619428847784,-0.0001886525497271707,-0.0012824977482031141,3.738876841858122e-05,0.0,-0.00012090801937168945
2019-01-30 14:25:00-05:00,6.067408914870341e-05,0.0011313818205840218,0.0010993844554972561,0.0008969113219684968,0.0010564444085488264,0.0007856409420842071
2019-01-30 14:30:00-05:00,0.00027298785373596244,-0.0009427292708569619,0.0006956522019673617,-0.0008969113219684876,-0.0006035458500827639,-0.0004229607313810212
2019-01-30 14:35:00-05:00,-3.0328303891953053e-05,0.00037719836365936974,0.004273120579633289,0.00018692287616552027,0.0006035458500827457,0.0007249660489699435
2019-01-30 14:40:00-05:00,-0.0005460668157415584,-0.000660190536097934,-0.001568341709269761,-0.00033648633809076224,-0.0006035458500827639,-0.00018119224546769803
2019-01-30 14:45:00-05:00,-0.0002731452694563763,-0.00028307227967850284,0.0025882667603477575,0.00026172138039168286,0.00015092061604271632,0.00018119224546767193
2019-01-30 14:50:00-05:00,0.002758371582687539,0.0002830722796785922,0.002400001152001195,0.0013449147446114354,0.0015079547455236343,0.0018101190570082488
2019-01-30 14:55:00-05:00,0.0028111557846329117,0.0031085179514813515,0.0011252882469535213,0.0016413320853451998,0.002107323727093721,0.0016263104415728466
2019-01-30 15:00:00-05:00,0.0025323338123358985,-0.0003762758146084959,-0.0007621536652888265,0.0007079250640300271,0.00030068405849353126,0.0005415162587201962
2019-01-30 15:05:00-05:00,-0.003468507948687899,-0.0021663378539090766,-0.0028359530350890046,-0.0016774774678386176,-0.0016548822792864877,-0.0014446955108678324
2019-01-30 15:10:00-05:00,-0.001663114034479757,-0.001320941834759907,-0.0028075055357671334,-0.001568188503957928,-0.0015068186381503802,-0.0017182911756572054
2019-01-30 15:15:00-05:00,0.001240038267388317,0.00028320589257534976,-0.0001825783722730853,-7.47370191486885e-05,0.00015078407748722462,-3.0171828565930818e-05
2019-01-30 15:20:00-05:00,-0.0009374480932083815,0.0016033201586092703,0.0004381321038358399,0.00020551336376260868,0.000602909054362279,0.000362001874296215
2019-01-30 15:25:00-05:00,0.0017834207099796204,-0.0003770205992160217,0.0012403328600200019,-0.0008036106845468505,0.0,-0.0003620018742961865
2019-01-30 15:30:00-05:00,0.00015099125789305433,9.426847669119396e-05,0.0009474528804367205,-3.73929626487171e-05,-0.0003014090897659556,-6.034638828693803e-05
2019-01-31 10:05:00-05:00,-0.0001501208475642153,0.0006722366526082789,0.001359862791865422,0.0013239477948990262,0.0010590016118303433,0.0012542556741936906
2019-01-31 10:10:00-05:00,0.0016201137623073068,-0.0054871142678991815,-0.002542298388365338,-3.727032164717384e-05,-0.0019676107452877146,-0.0007165248851115128
2019-01-31 10:15:00-05:00,0.0027242671061624276,0.0,0.0044358661847315765,0.0010058114392871166,0.0012112954770472173,0.0011939230740981098
2019-01-31 10:20:00-05:00,0.0018816928835899726,0.0023140346824966347,0.0022105760062634964,0.0010791903399292857,0.001058681284604207,0.0011924993214733458
2019-01-31 10:25:00-05:00,0.0005966231308773539,0.001251203243115404,0.0026675692936114124,-3.719407870696902e-05,0.00045337767135973737,0.00011917175643480229
2019-01-31 10:30:00-05:00,0.0020258601935473973,0.0012496396896792177,0.0026958974860699534,0.0007807852865424029,0.0010570825508652622,0.00029786727254666986
2019-01-31 10:35:00-05:00,0.0008924587830197916,0.0007202362686204746,-0.002127735828798868,0.0002229695841564205,0.0006035458500827457,0.0001786777848709846
2019-01-31 10:40:00-05:00,0.0005945303385584549,-0.0009123869153182651,0.0003904239698923413,7.43121482125804e-05,-0.00015085231586918076,0.0002977253803102385
2019-01-31 10:45:00-05:00,0.001751807927327296,0.0034530752262413194,0.002197725176525839,0.0010769060419129047,0.0010554886383994518,0.0016061871388837496
2019-01-31 10:50:00-05:00,-0.0021382124382061684,-0.003645262801906096,-0.0011691556840103823,-0.0017087353946796467,-0.002414184499592297,-0.0020825903040649907
2019-01-31 10:55:00-05:00,0.00017835909678668696,-0.00019222451882932402,0.0010275126242836172,-3.7178867535998906e-05,-0.0003021832764550274,-0.00017870971632698475
2019-01-31 11:00:00-05:00,0.0003566227860317598,-0.001635401999896997,0.003640930867773458,0.00014870717725402215,0.00015110305256907462,0.00029783178680953915
2019-01-31 11:05:00-05:00,0.0008613137050694886,0.0006256166136823884,0.0042603448063612956,0.0011888619905651276,0.0012080031669078851,0.0012499257623980848
2019-01-31 11:10:00-05:00,-0.0012476607981553632,-0.0009144948053879306,-0.0010194218300886046,-0.0008729326446056377,-0.0009058655409217605,-0.0010117241831864138
2019-01-31 11:15:00-05:00,-0.0007731422669460066,0.0008663843437587202,0.0014058273850853639,0.0006501286554926646,0.0007549449248790749,0.0005952558287613033
2019-01-31 11:20:00-05:00,-0.001846062754435902,-0.0006737896106294826,-0.004117621823693772,-0.0003714503320756851,-0.0010570825508652499,-0.0005357142985263236
2019-01-31 11:25:00-05:00,0.002321913346332042,0.001347125534491749,-0.0008114449456512902,0.0008355693033795011,0.0012080031669078851,0.0008926977918311623
2019-01-31 11:30:00-05:00,-0.0008924056873301565,-0.0012508420759154257,0.0004234447291472666,7.42390497741422e-05,-0.00045283019641721977,-0.00017847581700077884
2019-01-31 11:35:00-05:00,0.002140437228397394,0.0006737247608061955,0.0004585295390991,0.00027834736074469017,0.0009054554304572668,0.0003569197860680045
2019-01-31 11:40:00-05:00,0.00035629454058622514,0.0022104766328907457,0.0019376095967076443,0.00033391459517011126,0.0010553295114835337,0.0008323177556084162
2019-01-31 11:45:00-05:00,0.0006528771339127217,0.002205601200993888,0.0014068162556572237,0.0005562766692678767,0.000753125506300812,0.0007722466820756719
2019-01-31 11:50:00-05:00,0.00017798344800904064,0.002391887860602231,0.004978274199548335,0.0008153131068496437,0.0010534237242025796,0.0008903134491228315
2019-01-31 11:55:00-05:00,0.0005041144743130061,0.0020524577024456977,0.002340326268600057,0.0009256859993778139,0.0012025555752113646,0.0011265936560681373
2019-01-31 12:00:00-05:00,0.0013331952735357038,-0.00042923572854107163,-0.00027915416469920587,0.00033303730325604024,0.00045058576911331403,0.0004147410890116424
2019-01-31 12:05:00-05:00,-0.0027869210721020708,0.00028617762286323455,-0.002410944755245926,-0.0007032088820075687,-0.0009013746572881371,-0.0009482325065255612
2019-01-31 12:10:00-05:00,-0.0005642586830238573,0.0020009535023036576,0.0005246131098721616,0.00014808507514599493,0.00030054850327686765,0.00011857824695953209
2019-01-31 12:15:00-05:00,0.0001782213513896477,-0.0016195106902596446,0.003211620438381181,-0.0002591632743124182,-0.00015026296046311824,0.0
2019-01-31 12:20:00-05:00,-0.0008914245553751672,-0.00019070321869458088,0.002888616343758377,-0.00014812346117555673,-0.0003005936747664684,5.92838510962751e-05
2019-01-31 12:25:00-05:00,-0.0009517295427365602,-0.0016224473877784887,0.002187007276508928,-0.0001481454049855412,-0.00015033072788395957,-0.00020750885692614744
2019-01-31 12:30:00-05:00,0.0009517295427365464,-0.0013381125055166737,-0.0008672876989838642,-0.0009634804621483925,-0.0010529483523980805,-0.0009194857460170365
2019-01-31 12:35:00-05:00,-0.0007434612924785521,0.0004781028968484795,0.0029111093163021557,0.00048185626789490365,0.00030095553609158773,0.0004153563223543648
2019-01-31 12:40:00-05:00,-0.0003272981566627524,0.0011465151974869477,0.0015905950794709877,0.0003519789589973376,0.0003008649891065374,0.00023726903453841024
2019-01-31 12:45:00-05:00,-0.0027416055554945044,-0.004689901398697984,-0.002490747473723711,-0.00235505843506141,-0.0030127310578562275,-0.002553597206865545
2019-01-31 12:50:00-05:00,0.0008650132528452435,0.002873978124191326,0.0017649200850796505,0.0005568135560917794,0.0010554886383994518,0.0010103412246593088
2019-01-31 12:55:00-05:00,0.0012812301560487618,0.0018159232745065962,0.0013820747138102993,0.00018553564192881592,0.0007532389630015931,0.00017818959419910725
2019-01-31 13:00:00-05:00,-0.0008639052029028035,0.002336728214607782,-0.00010358937182295933,-0.00011131725428927503,0.0001505797322525726,-0.00017818959419926803
2019-01-31 13:05:00-05:00,-0.0022675746677804343,0.0012852554429006726,6.906077350793764e-05,0.00022262211842693288,0.00015055706141075767,0.0004157263392813896
2019-01-31 13:10:00-05:00,0.00047781163185834085,-0.00038064424497286754,0.000724850315636617,0.000519258954975361,0.0006020016736852635,0.00047490428603203823
2019-01-31 13:15:00-05:00,0.00035820895905415163,0.0009513390814065702,-2.2204460492503136e-16,-0.00018541867590020665,0.0001504438095209348,0.0
2019-01-31 13:20:00-05:00,-0.0021810911109928117,-0.001046522786028104,-0.0017958286356886033,-0.0006306807851414457,-0.0009030025446168819,-0.0013362435732871755
2019-01-31 13:25:00-05:00,0.001972151478861848,0.0005709663760767142,-0.004781548211314331,0.0003524882926898616,0.0006020922888297772,0.00020797742034416134
2019-01-31 13:30:00-05:00,-0.0024209106672580583,-0.001618585519509835,-0.0010424993125415355,-0.0006122960364222298,-0.0009032744310052733,-0.0011295405754779596
2019-01-31 13:35:00-05:00,-0.0011677172457320284,-0.00047655357363939434,0.00027810609926877,-0.0005940998633793712,-0.0012056364959747903,-0.00107126925882618
2019-01-31 13:40:00-05:00,0.0005989996884601732,0.001048118247451638,0.0018751958823355404,0.0006683375353202006,0.00045228404208361264,0.0007143070037938561
2019-01-31 13:45:00-05:00,0.00014969387630282916,0.0,0.0018024268311224456,0.00018557007179151387,0.00015071590081265946,0.00023798899413231075
2019-01-31 13:50:00-05:00,-8.981363676417547e-05,0.0008567349405517797,-0.0001038979030873719,-0.0001484533024308764,0.0,0.0002974066165152567
2019-01-31 13:55:00-05:00,0.0011669485622819815,-0.0008567349405517674,0.003353909407432108,0.0007791340875722225,0.0009038186952540864,0.0009511072198625564
2019-01-31 14:00:00-05:00,0.001404515598376356,9.522902587898662e-05,0.0010695003693188601,0.00018541867590029178,0.00030109145880473766,0.00047521459803096384
2019-01-31 14:05:00-05:00,-0.000537666540224263,-0.002192565225364332,-0.0007933907520475561,0.0002595284012787233,-0.0006022736009802415,0.0001781472688798204
2019-01-31 14:10:00-05:00,0.0002091268959746597,-0.0013369624299650294,-0.0010012602904606732,-0.00018537055627182946,-0.0003012728801880551,-0.0004751299272753883
2019-01-31 14:15:00-05:00,0.00017921682296548919,0.0,-0.001348105079814978,-0.000593416799982219,-0.0001506704839371281,-0.00041592395133187076
2019-01-31 14:20:00-05:00,-0.002931237704341611,-0.0014344460717265455,-0.003048571612084853,-0.0003710644024839778,-0.001960784941940875,-0.001129809241902617
2019-01-31 14:25:00-05:00,0.0002994998375137426,-0.0006701129869754467,0.0018025517914529705,0.00059363697133392,0.0006037280388643964,0.0007137122258533788
2019-01-31 14:30:00-05:00,0.000269473181563851,-0.0018211449488386364,0.0011076498190273935,-0.0004451946872766381,-0.0006037280388644634,-0.00029731819211700566
2019-01-31 14:35:00-05:00,-0.0017078911700619246,0.0,-0.0011422836528230927,-0.0005939013927096123,-0.0007551729704906785,-0.0008329615236926003
2019-01-31 14:40:00-05:00,0.0011988252949292136,-0.0010558649473936985,0.0011076881606119954,0.00040834509439637836,0.00030213762598613035,0.00047606296831744844
2019-01-31 14:45:00-05:00,-0.0010488935136087325,0.0011517974110128904,-0.00034602076469778567,7.42266511129806e-05,-0.00015105740210025637,5.949193885981517e-05
2019-01-31 14:50:00-05:00,-0.0005998620497201996,-0.00019187413115914664,-0.0031195865853951266,0.00029685152076099454,-0.000151080223885986,8.923127264596197e-05
2019-01-31 14:55:00-05:00,0.0008996581905913867,-0.00019191095390653782,-0.0019459991546114446,0.0006305170448481501,0.00045317221319347324,0.0005054935359863694
2019-01-31 15:00:00-05:00,-0.00044972792219154,-0.0006719785219746032,-0.0018800924694087988,-0.0001854049248859206,-0.0004531722131935062,-0.00017838030728691752
2019-01-31 15:05:00-05:00,-0.001861024100083712,-0.0012491593821881617,-0.0007669781438596835,-0.0011502784199668317,-0.0015120589559640364,-0.0017855553355665115
2019-01-31 15:10:00-05:00,0.0009609610349103762,0.0005767290014233938,-0.0021646541515812686,-0.00011138751728746976,0.0,-0.00035749397109665634
2019-01-31 15:15:00-05:00,-0.000930917020426949,-0.0008652182812393743,-0.0020992975065690354,-0.0012632597492616198,-0.0012112954770473639,-0.0015506190672177529
2019-01-31 15:20:00-05:00,0.0009609321780837265,0.0004807692400296633,0.0009802206281092952,0.0005946739689473676,0.0006058311431039856,0.0008352474906129596
2019-01-31 15:25:00-05:00,0.0014996103824046047,0.0003844490412097227,-0.00122542598882633,0.000631453850563747,0.0009080590862330731,0.0007749627809605901
2019-01-31 15:30:00-05:00,0.0001498374266726969,-0.0014424466391783845,-0.002314897038796061,0.00011139165316750616,-0.0001512859306969286,-5.959120435576576e-05
2019-02-01 10:05:00-05:00,0.004477886758710607,0.004048393403363798,0.011884778732661933,0.003203795438336985,0.004204526052818482,0.003935252373022203
2019-02-01 10:10:00-05:00,0.0017855553355664608,0.00033662747678953997,0.006148126578186195,0.0009794591581656074,0.0016469535089710444,0.0012488850865000568
2019-02-01 10:15:00-05:00,0.0014261523051860455,-0.0006252555334402445,-0.0006200055310213279,0.000203163815376412,0.00044869878108471295,0.0004159486660480513
2019-02-01 10:20:00-05:00,0.0007419829090758595,-0.0019263189197696897,0.00378293318592466,0.0004062038460579756,0.0002990207094120583,0.00023760729566185378
2019-02-01 10:25:00-05:00,0.0023706524467082962,9.64041261713964e-05,0.0022971569939093483,0.001070110803225466,0.0013444878033663488,0.0011278643009690673
2019-02-01 10:30:00-05:00,-0.0021333341424203825,0.0016374497975749805,-0.0019196495679733947,-0.0005533626141867071,-0.00029861888986365293,-0.0008309345523652401
2019-02-01 10:35:00-05:00,-0.00041534399980004265,-0.002312473931210852,-0.0009955544171794278,-0.0004059939525760825,-0.0008963920821333778,-0.0006533618669107417
2019-02-01 10:40:00-05:00,0.0005636393450811767,0.00019291053833657898,0.000652371737672933,0.0001476532366426601,0.00029888664946424063,0.0005939829701530003
2019-02-01 10:45:00-05:00,2.9656430257719303e-05,9.644131553426685e-05,-0.0005149949472652962,-0.0002953282779830456,-0.00014943215807871468,-0.0006534006766470496
2019-02-01 10:50:00-05:00,-0.0012166354117230016,0.0,-0.0007214387862938082,-0.0005539757131002566,-0.00029893132275487486,-0.00041602282782375035
2019-02-01 10:55:00-05:00,-0.0012775757512803391,-0.0005787874564701106,-0.0036150217537422443,-0.0011458565606521436,-0.0011966196925585356,-0.0013681520187789206
2019-02-01 11:00:00-05:00,-0.0008327881035705061,-0.0003860444964219889,-0.0024518703468542026,-0.0008880173746933941,-0.0008984053909659829,-0.0011316260885991774
2019-02-01 11:05:00-05:00,0.00023801023556349287,0.0006754800990213874,0.005000958878376282,7.403157450041051e-05,0.0007487271987991948,0.0005361930423369678
2019-02-01 11:10:00-05:00,0.0006839640442088071,-0.00028943560259941096,0.0004127541076037595,0.0008879516649798905,0.0007481670257713288,0.0010715243457597077
2019-02-01 11:15:00-05:00,-0.0008922199021572595,9.648784260688462e-05,0.0021984825590922884,0.00016640319532540299,0.00014956625813124133,0.0006542556588581484
2019-02-01 11:20:00-05:00,-0.0019060672298446648,-0.0012550687107998242,-0.0023704427335397064,-0.000499292679091813,-0.0014966701888326323,-0.0013684776336883578
2019-02-01 11:25:00-05:00,-0.0007455454009688971,9.659969095604672e-05,-0.00024079393315653818,0.0008135342965099931,0.00029951329314136703,0.0003869335564309952
2019-02-01 11:30:00-05:00,0.0002684603813345804,-0.00019320871431413345,0.00037836443825706476,7.392485541811181e-05,0.0005987575959140955,8.927110151594342e-05
2019-02-01 11:35:00-05:00,0.0005963207189440035,-0.0007732083698416276,0.00333030366338592,-0.0001108893325599892,-0.00014965579195847778,0.00017851829859961708
2019-02-01 11:40:00-05:00,5.961251864655084e-05,0.0005799623187065128,0.0010619894456600394,3.6964477141763105e-05,0.0002992891904122426,0.00035694101928698997
2019-02-01 11:45:00-05:00,0.0014296353886948973,0.001062391446263927,0.0033498578582333936,0.0007390027494671926,0.0010468073335157325,0.0013076947802253026
2019-02-01 11:50:00-05:00,-0.0011018300425323106,-9.653441459361972e-05,-0.0009901159927320385,0.0001108033242130728,-0.000448497540781532,-0.00035647447129117044
2019-02-01 11:55:00-05:00,0.0005361770704246688,-9.65437343867352e-05,0.0019451607477719293,0.0004800059169812885,0.0008967940216905636,0.0003564744712910918
2019-02-01 12:00:00-05:00,-8.934288315439526e-05,0.0006756104880090851,-0.00017047682408869336,0.00033217686878131436,0.00029875270966861175,0.00017818959419910725
2019-02-01 12:05:00-05:00,-0.0012218200676634655,-0.0009652976279260696,-0.003039360318040206,-0.0005536894312950214,-0.0007470491905775726,-0.0006535171335251918
2019-02-01 12:10:00-05:00,-0.001014350157082232,-0.00019317139191757374,-0.0023284492097938535,-0.00025849335446757296,-0.0002989760094026266,-0.0002971944862577085
2019-02-01 12:15:00-05:00,-0.0005075611794812077,-0.0002898270718771071,0.0008909297097557307,-0.0003324468115724488,-0.00014952153137895674,-0.00017835909678678424
2019-02-01 12:20:00-05:00,-0.0006273432221162895,-0.00043489816820184744,0.0019504189317056109,-0.0004434344066897546,-0.0002991101495419443,-0.0004757798418572748
2019-02-01 12:25:00-05:00,-0.0017347095721414179,-0.0011122664782831147,-0.0013340860924726979,-0.0013314842466408405,-0.0017965421405139379,-0.0017266020007417975
2019-02-01 12:30:00-05:00,0.0008976392691539396,0.0002902757640120909,0.0007185751990151166,0.00037003460245739375,0.0005992060699099585,0.0006552689815688597
2019-02-01 12:35:00-05:00,0.0014046835047778318,9.673986657425196e-05,-0.00041055117070553466,0.0,7.487551948389566e-05,-0.0002382299525875198
2019-02-01 12:40:00-05:00,-0.0018534024198259358,-0.0003870156305864068,-0.004011731965793851,-0.000851284380375374,-0.0012736469225012505,-0.0014305727710234803
2019-02-01 12:45:00-05:00,0.00014959534487163367,0.0007738815380178319,0.0009615385356215924,0.0008512843803753467,0.000599565333107519,0.0008347494745811733
2019-02-01 12:50:00-05:00,0.0009269919776294401,-0.0004836057740057843,0.0014063011458636603,0.00031442179017053133,0.00029964791594336293,0.00047668703420167936
2019-02-01 12:55:00-05:00,-0.0010466664631719066,-0.0010647566585260588,-0.0027802108213492243,-0.0004994219756985138,-0.001049160767700308,-0.0009834161089371685
2019-02-01 13:00:00-05:00,0.0004187980557187495,-0.0004843553325340142,0.0011679435218617602,0.00022199611597968654,0.00014994751864939082,0.0004471272151399157
2019-02-01 13:05:00-05:00,-0.0005085633196141781,-0.0013574443350720725,0.0018521699686986205,-0.00018499334076742382,-0.0002999175249291206,-0.0001788268960417071
2019-02-01 13:10:00-05:00,0.0004188356430523388,0.00029103609052928426,0.003079346875074968,0.0005733679977300163,0.0007496252225096977,0.0006555423357524101
2019-02-01 13:15:00-05:00,-0.0006582490812749856,-0.000679216016797088,0.00044401182483996105,-0.0005733679977299836,-0.00044970769758051287,-0.0006555423357524604
2019-02-01 13:20:00-05:00,-0.002187299558176587,-0.0007768121961735057,-0.0023589351291878765,-0.00040710585314308265,-0.0009000225613171059,-0.0007156275464187934
2019-02-01 13:25:00-05:00,-0.000900279147323188,-0.0014581513228109366,0.0004106495164136291,-0.00048133887185259684,-0.000600465378696283,-0.0010146831478197635
2019-02-01 13:30:00-05:00,0.001080237757328722,0.001361007355374997,0.00017105420749532647,0.0007404254082047674,0.0009005629126464733,0.0009550243958633286
2019-02-01 13:35:00-05:00,0.0006595713025801791,0.00019427849883830008,3.42073306342201e-05,0.0002590194279050329,0.0001500150017813013,0.0004771703887025935
2019-02-01 13:40:00-05:00,-8.991592866728068e-05,-0.0002914319041415874,-0.0016432732215470379,0.00014798098471334442,0.00014999250065654427,-0.00017891221421756367
2019-02-01 13:45:00-05:00,-0.00020983528007566295,-0.0015557395329963693,-0.002950968068107271,-0.0010363270539051667,-0.0009002926559027222,-0.0012532825703482561
2019-02-01 13:50:00-05:00,0.00044959312580118363,-0.0009735677155101037,-0.0009970604735168784,0.00014811249170799615,-0.00015012760874946924,-0.00011944220504516551
2019-02-01 13:55:00-05:00,5.993048066043175e-05,-0.0010720203735948637,-0.0005849462532380762,-0.0002221769648659956,-0.0006007359195455012,0.0
2019-02-01 14:00:00-05:00,0.0009583995462401858,0.0006823277387252339,-0.000757497539922462,0.0004072867354879328,0.000750863528294977,0.0008357959950436484
2019-02-01 14:05:00-05:00,-0.0026678273043467004,-0.0008773640648592179,-0.0038652726202052343,-0.001778469873536777,-0.0021038402830920295,-0.001851631158586521
2019-02-01 14:10:00-05:00,-0.0007206341892451937,9.752291796301782e-05,0.0016928954275390337,0.0004449140833083369,0.0,0.00035864790127106133
2019-02-01 14:15:00-05:00,-3.0037697312334594e-05,0.0011695337817658462,0.0007936371424654331,-0.00011120996452731422,0.0003008197360431081,-5.976571840161853e-05
2019-02-01 14:20:00-05:00,-0.0018340078200333953,-0.001754814001370267,-0.0018643195456788362,-0.0008715728732280348,-0.0013544020129125337,-0.0013157503169082345
2019-02-01 14:25:00-05:00,6.0184767253689956e-05,-0.000585622973156782,0.0014848325385545939,-9.276523907608227e-05,0.0,0.00017952247071123165
2019-02-01 14:30:00-05:00,-3.00919308511288e-05,0.0009758478451881727,0.0015859884720111532,0.0004822852996469031,0.0007526720210821204,0.0006579734655372687
2019-02-01 14:35:00-05:00,0.0003610434193926799,0.0005850519400460544,0.0005166267830899534,0.0007785852387972268,0.0006017299918303321,0.0004184850901033336
2019-02-01 14:40:00-05:00,-0.0006018114706354828,0.0003898445544230765,0.000516360017669499,-0.00018532246161275976,-0.00015039855645746094,-5.977286313789689e-05
2019-02-01 14:45:00-05:00,0.00036113034188253653,-0.0005848238384920822,-0.003758301122333703,0.00018532246161275087,0.0,0.00011954215369417257
2019-02-01 14:50:00-05:00,-0.0006922810937610069,-0.0009754670821778723,-0.000829416691175833,-0.0006673216552533784,-0.000601820525198259,-0.0005978537230058108
2019-02-01 14:55:00-05:00,-0.0001505593281875692,-0.0006833935636465876,-0.00200726836733389,-0.0010760668941855846,-0.0007527853411800257,-0.000837596148164562
2019-02-01 15:00:00-05:00,0.0006923852949062505,0.0002929401446591709,0.0009349193014653176,0.00037118836379486603,0.000451739203586449,0.00017954395882836512
2019-02-01 15:05:00-05:00,0.00021063084014256325,0.0001952457662274812,0.0008648873590976787,-0.0002783783550969389,0.00015053439739394058,5.984082342754261e-05
2019-02-01 15:10:00-05:00,-0.0006019201433727658,-0.0002928829465435516,-0.0019730358258582227,-0.0004269973795257218,-0.00015053439739383406,-0.00047882688330695364
2019-02-01 15:15:00-05:00,0.0007222607073136175,0.0006832601534726634,0.002457046206958214,0.00044555834766633396,0.001053265219249322,0.0005984977884608215
2019-02-01 15:20:00-05:00,0.0006315504773617359,0.0005852802196045463,0.001036376919376329,0.0005752192022039599,0.0006013681305792145,0.000538341919928149
2019-02-01 15:25:00-05:00,0.00033065304276618776,-0.0003901487491576868,-0.0016241342962293195,5.564881886813814e-05,-0.0001503081319527644,0.0
2019-02-01 15:30:00-05:00,0.00018031013391809768,0.0009750866161892828,0.00100243704275794,0.0004079967416857083,0.0004508566352296627,0.0003587336739915255
2019-02-04 10:05:00-05:00,-0.0015325673497782273,-0.0005758986577559464,0.0007819007384468975,-0.0018164972557412683,-0.001193050622461114,-0.0011309525014980876
2019-02-04 10:10:00-05:00,0.003885786461367885,0.002684694071402282,0.0014941087366405368,0.00029679645546132317,0.0013420819193091485,0.0013094070852803165
2019-02-04 10:15:00-05:00,0.0014092779783987325,0.0018176605023589195,0.0038269456578403395,0.0016678407187037914,0.002084109425743439,0.0018421683365080297
2019-02-04 10:20:00-05:00,-0.0013211398953450434,0.002863280410015376,0.0002365863973858187,-0.0003889141011861124,-0.0001487209996792545,-0.00017812611375923044
2019-02-04 10:25:00-05:00,-0.0016759534067975431,0.0007621588517368672,0.0007094235386970946,-0.0007968201739131137,-0.0001487431209049615,-0.0007128219138147833
2019-02-04 10:30:00-05:00,0.000441312765514128,-0.0020019072462684425,0.0011137925784793232,-0.0002224817852218096,-0.00029755263181650685,-0.00014856854237016448
2019-02-04 10:35:00-05:00,0.0008820416895504494,0.0014303425724563387,0.0033675734805377875,0.0010378251084413035,0.0011896796703929477,0.001455020820001129
2019-02-04 10:40:00-05:00,0.0013803030047187877,0.0006667936996912053,0.0018137852614596298,-3.7046641726154865e-05,0.0005943095041578907,0.0005339661948288563
2019-02-04 10:45:00-05:00,-0.0019976504880564916,0.0013322550383709879,0.003082595840231067,0.0004444691444914144,0.0001485222043425381,0.00041511001011206434
2019-02-04 10:50:00-05:00,0.00293634225542854,0.00038031852134196145,-0.001908749009820863,0.000370240104934462,0.00014850014877286298,0.0001778515537056158
2019-02-04 10:55:00-05:00,0.0001465910259600156,-0.0006656523638712458,-0.0013752161424076335,-3.701784260429375e-05,-0.00014850014877287616,-0.00017785155370550902
2019-02-04 11:00:00-05:00,-0.0018486191975032598,0.002185481675658766,0.0004026980825584537,0.0001110494171047058,0.0002969782485257826,5.9287365879745985e-05
2019-02-04 11:05:00-05:00,0.002317566127167496,0.0011383580416314725,0.003349525824630617,0.0013316320005817086,0.0016318057322195865,0.0015402390415011717
2019-02-04 11:10:00-05:00,-0.0011434436487357267,0.00018960041768893062,0.0025715110936027443,-0.0005176462003888148,-0.0002964939611077436,-0.00011839573789162932
2019-02-04 11:15:00-05:00,0.001553591893777657,-0.0005689091321129594,-0.00026686236731879206,0.0001849044049497738,0.00014825796913764955,0.00011839573789164882
2019-02-04 11:20:00-05:00,0.000731989433477305,0.0018004363813596293,-0.0018366091349638308,0.00044363112799891767,0.0007409603184288797,0.0006509261132846768
2019-02-04 11:25:00-05:00,-0.00026345447512709575,-0.0001893670412323891,-0.0014047764702285162,-0.00018482238621348593,-0.00014814814841896965,-0.0003549980808218925
2019-02-04 11:30:00-05:00,-0.0006149971640398267,-0.0008525957318292673,-0.001272690907936977,0.00044351635269566036,-0.0002963621567221391,-0.00011836070438448024
2019-02-04 11:35:00-05:00,0.0019900504080097876,-0.00047397858504181703,0.0025103355274597172,0.0006279782999767771,0.0008888231086591042,0.0006508105779350074
2019-02-04 11:40:00-05:00,-0.0018728789274142974,-0.001138466040140885,-0.002543849276478298,-0.0005910274815120971,-0.0011852731219467898,-0.0010947880311737192
2019-02-04 11:45:00-05:00,0.0006441978495745319,-0.00018987041401315947,0.0011053611134006006,-3.6950818464830913e-05,0.00014823599197001598,-2.9605506626359048e-05
2019-02-04 11:50:00-05:00,0.000936274865048467,0.0018970838034821423,0.0014050584407083822,0.0008126027743216304,0.0011850975388940756,0.0009469417450715552
2019-02-04 11:55:00-05:00,0.0008477425709042714,-0.00018954651054245439,-0.0005015799874429951,-0.00018462447434476823,0.00014803849027794335,-0.00011831869153336702
2019-02-04 12:00:00-05:00,-0.00017533606123237491,0.0,0.002104947401784741,0.00040612885919117834,0.0004439840238686263,0.00023662338540998912
2019-02-04 12:05:00-05:00,-0.00023382924725834874,-0.0005688551942923404,0.0006006006186547006,-3.691399040657186e-05,0.0,0.0
2019-02-04 12:10:00-05:00,0.0004383849967185959,0.0009479122943061235,0.00319712531298043,0.0001476477864742113,0.000739535605365789,0.0002957005166736531
2019-02-04 12:15:00-05:00,-0.0002630079355888436,0.00037891347017088815,0.0002992071034140874,0.0001291739328800315,-0.00014786337451151962,-0.00017740981714186498
2019-02-04 12:20:00-05:00,-0.0016966013547222982,0.0002840909110016131,0.000465255400370263,-1.8452397428212212e-05,0.00014786337451146186,0.0
2019-02-04 12:25:00-05:00,-0.00046853495835003843,-0.00037880581919895733,-0.0002990679072585206,-0.00012917631662479227,-0.00014786337451151962,-0.0001774412969700183
2019-02-04 12:30:00-05:00,-0.00014646220568976785,0.0,0.00039873733706561384,-0.0002030250742940455,-0.00044372135027692905,-0.0005916984877226085
2019-02-04 12:35:00-05:00,-5.859088913345793e-05,-0.0008528381072205601,-0.0028611370905277404,-0.00011075832544720158,-0.00029592365385730615,0.00011836770942700828
2019-02-04 12:40:00-05:00,0.00046863102023369347,-0.0002844410752087311,0.0001332578207655682,0.00011075832544717923,0.00014797277327975337,0.0002958579903237372
2019-02-04 12:45:00-05:00,0.0010536175172772928,-0.00037938066562135455,0.0016974824758657632,7.38320689926685e-05,0.00014795088057755084,0.0002957704842618624
2019-02-04 12:50:00-05:00,-0.0008779374887166778,-0.0007591933935229502,-0.001064750217048622,-0.0004061438543495164,-0.0007399733947239982,-0.0006508105779349972
2019-02-04 12:55:00-05:00,0.0007316680894767129,0.0006643257338370608,-0.0012325323434435292,0.0007014176306474034,0.00044404974086674313,0.000591663479082986
2019-02-04 13:00:00-05:00,-0.00020481310875491418,-0.0003795606630944885,-0.0016680014542506676,-0.00018453589275473008,-0.0004440497408667152,-0.00017746228972929
2019-02-04 13:05:00-05:00,0.0006727998966696853,-0.00037970478409604327,-6.677796329684912e-05,0.0003690377382963388,0.00014803849027794335,0.00017746228972924773
2019-02-04 13:10:00-05:00,-0.0001169761662396274,-0.0012350372080968796,0.0007676774796665415,7.379120781122926e-05,-0.0002960988991950669,0.0
2019-02-04 13:15:00-05:00,0.0007016518340777593,-0.0002852253299428573,-0.0007676774796664641,-7.379120781124494e-05,0.0,-5.915059743821474e-05
2019-02-04 13:20:00-05:00,-0.0005846756678381786,9.508414954412398e-05,0.0013347127344319352,0.00014757697088165777,0.000296098899195157,0.0
2019-02-04 13:25:00-05:00,-0.00040947646082524,0.00047528518004961935,-0.0014348880413025582,0.00014755519513284554,0.0,5.9150597438291535e-05
2019-02-04 13:30:00-05:00,-0.0003803783347254103,-0.0004752851800495684,-0.0011025912007617616,-0.0005165384659279873,-0.0007404117027131462,-0.0007100381943820644
2019-02-04 13:35:00-05:00,0.0010822353601736595,-0.0004755111834725502,-0.000635377151142603,3.690445437173211e-05,0.00014812620379621582,0.00023673541968351333
2019-02-04 13:40:00-05:00,0.0013146556765713654,0.0011408472026936086,0.0003344593495840115,0.00036896965643183226,0.0007403020770436141,0.0006507335771511794
2019-02-04 13:45:00-05:00,2.9194949275860804e-05,-0.0003801378045300063,0.002037783196941599,0.00018443378879287419,0.00029596744574184416,0.00011826971422079756
2019-02-04 13:50:00-05:00,0.0012254188380633223,0.0002851168998596615,0.0008673027430048907,0.0008111048060220191,0.000739535605365789,0.000650233515846123
2019-02-04 13:55:00-05:00,-0.00023329736771409728,0.0009498029872984516,0.0006999650303289575,3.685277317523375e-05,0.00044345898731183264,5.9091177704575116e-05
2019-02-04 14:00:00-05:00,0.0001166554873147634,0.0007591933935228493,0.00046637130663086196,0.000110550171465284,0.00014777597189632186,0.0001181718811383367
2019-02-04 14:05:00-05:00,0.000612218143693944,0.00028454899177115774,0.001996274285518814,0.0002579028825730519,0.00044319693442252447,0.000472547928105992
2019-02-04 14:10:00-05:00,-2.914474738988322e-05,0.00018965435550679196,-0.001197286294415429,0.0002946647289228112,0.00014768867254722214,0.0001771479189753354
2019-02-04 14:15:00-05:00,2.9144747389897798e-05,0.0006635071333466576,-0.000499292679091813,0.0,0.0001476668638240948,-5.904581957309852e-05
2019-02-04 14:20:00-05:00,-0.0013707221767923666,0.0002842254874652194,-0.0015994138893238915,-0.0004051863912810084,-0.0002953555363711645,-0.00041341838528835556
2019-02-04 14:25:00-05:00,-0.0001167440097054602,0.00037884169605918944,-0.0007672933271644666,-3.6843268738893456e-05,0.00014768867254722214,0.00011813697996565544
2019-02-04 14:30:00-05:00,-0.0002919196657816313,-0.0008525957318292673,0.0010007005738519703,3.684326873894647e-05,-0.00029539916026057706,-0.0001772107039902072
2019-02-04 14:35:00-05:00,-0.000700955079957805,-0.00037916489387393535,-0.0017017872869292106,-0.00011053387874644474,-0.00014773230932449053,-0.00041361380878009337
2019-02-04 14:40:00-05:00,0.0,0.0,0.0013349800066941634,-0.00018425028610901482,-0.0001477541373844726,-5.910165486365206e-05
2019-02-04 14:45:00-05:00,0.00017528483831048843,-9.481369116792589e-05,0.00033346672311145557,0.0001105542453954878,0.00014775413738443168,0.00023638566431048236
2019-02-04 14:50:00-05:00,-0.0005844023191775471,0.00047397858504179556,-0.003908538607544308,-0.0003685616921846233,-0.00029553010928068277,-0.0005319463450691685
2019-02-04 14:55:00-05:00,0.001577103130626265,0.0003790211823458341,-0.00013389569545335718,0.00033171163506283283,0.0004432624186053009,0.00047285516736479834
2019-02-04 15:00:00-05:00,-0.0005546230894561898,0.00056826255258431,0.0004350954768507966,0.00018423670784269202,0.0,5.9091177704575116e-05
2019-02-04 15:05:00-05:00,-0.0006133625603030656,0.0007571814284429206,0.0003680099069652536,-0.0003316505170983301,-0.00014773230932449053,-0.00035459945408652607
2019-02-04 15:10:00-05:00,0.0011679856497593551,0.00028379529090290576,0.0010029755780448129,0.0003684937858373377,0.0005907983334092627,0.0006500029774445223
2019-02-04 15:15:00-05:00,-0.0011679856497592482,-0.0002837952909029521,0.0016360331523502527,-7.368789495458539e-05,-0.0002953555363711645,5.907023452619215e-05
2019-02-04 15:20:00-05:00,0.00011685997267100526,-0.0010412723394445367,-0.0003670398279415421,0.0001842095573126412,-0.00014771048771344657,-5.907023452616753e-05
2019-02-04 15:25:00-05:00,0.00029209019952978934,-0.0005684240596421961,0.0002335863863129365,0.00011050944867041336,-0.00014773230932449053,-5.9073724024703596e-05
2019-02-04 15:30:00-05:00,-0.0010519242415812384,0.00037898527148379587,-0.0009680704443046205,-0.0004421110876102542,-0.00044332792214203925,-0.00041361380878009337
2019-02-05 10:05:00-05:00,-0.0008326992857646875,-0.0004695276638046711,-0.0030372334480793114,-0.0004949723741485204,-0.0005867253560319649,-0.00046922197992773366
2019-02-05 10:10:00-05:00,-0.0003160329275150713,-0.0021626712707597372,-0.0009698510868397537,-0.0002200663875814302,-0.0007338911235015169,-0.00046944225255519966
2019-02-05 10:15:00-05:00,-0.0007761408941541153,0.00028235294305220077,0.003573758416907294,0.00018339201929328948,0.00029362108410327023,0.000704080763677121
2019-02-05 10:20:00-05:00,0.0009198046063841208,0.0015045374035619124,0.0014658851239006004,0.0007698794235894311,0.001173622961675587,0.0012309497451152467
2019-02-05 10:25:00-05:00,-0.0021859189559996508,-0.00037592218853507617,3.329061038636543e-05,-0.0008065551369363192,-0.0007333529222773999,-0.0008204647806931778
2019-02-05 10:30:00-05:00,0.0007771238176587541,0.0011273428785666727,0.001197724466967134,0.0007699076491176041,0.001173106667270697,0.0009376191023571164
2019-02-05 10:35:00-05:00,0.0020406703927276196,0.0018760851616865899,0.0020925721352201745,0.00047631261663345117,0.001025340649373581,0.0007611687234418068
2019-02-05 10:40:00-05:00,0.0005166920343446601,0.00028110944712852624,-0.0023586091824477217,-0.00032973072289966003,-0.0002928472090628117,-0.000526901247480892
2019-02-05 10:45:00-05:00,0.0032948014965241334,0.00046834021088334814,0.0018939714255902652,0.0007692026312379712,0.0014633792031265801,0.0014629296306790283
2019-02-05 10:50:00-05:00,-0.0005436104449850101,0.0013101868890260978,-0.002992122981016262,-3.661528322325106e-05,0.00014622020789345987,-0.00011695564470505629
2019-02-05 10:55:00-05:00,0.001315601505355561,0.0006544502851387059,0.00036618452780239,0.000549088526863941,0.0004385323853351019,0.0004092849264875553
2019-02-05 11:00:00-05:00,-0.0007147860949640577,-0.001309329155956618,-0.0021324100973441843,0.0,-0.0001461560949696497,-0.00040928492648750623
2019-02-05 11:05:00-05:00,0.0008291044717675864,-9.358914372764784e-05,0.0005001917505958134,0.00025613816964653114,0.0007305669524236857,0.0004092849264875553
2019-02-05 11:10:00-05:00,-0.0014299198821591996,-0.0017798599546457654,0.00023333722334559708,-0.0008784612852393803,-0.0008767444121196421,-0.0012283576649805273
2019-02-05 11:15:00-05:00,-0.0010881082309444742,-0.0019709063160794262,-0.002937349820493532,-0.0008792336580186407,-0.0008775137674611706,-0.0008490331779331975
2019-02-05 11:20:00-05:00,0.0011167266755340193,0.00046961586286211053,0.0014029932819805452,0.00021988089873277057,-0.00014632718785237664,2.9289009301331922e-05
2019-02-05 11:25:00-05:00,-0.0008589098100181802,0.0003755339667659265,-0.005053304597374436,-0.0002565324161095636,-0.00029271862631271005,-0.00041012421479474253
2019-02-05 11:30:00-05:00,-0.000888315840347192,-0.00037553396676593266,-0.0027549152313781503,-0.0004765920096078463,-0.0008786703355100897,-0.0004102924856808051
2019-02-05 11:35:00-05:00,-0.0014631419992924821,0.0003755339667659265,0.0019158059804719153,0.0001833315005317865,0.0,0.0
2019-02-05 11:40:00-05:00,8.612646240878018e-05,0.0018755573557331694,-2.2204460492503136e-16,0.0004032110314516984,0.0005858659999140249,0.0009375641599740412
2019-02-05 11:45:00-05:00,0.0017782881496799438,0.0014979172393084846,0.0019121426849619998,0.00021986478404403812,0.0005855229619086573,0.00046845265093229375
2019-02-05 11:50:00-05:00,-0.0014051591718862132,-0.0010295770284251572,-0.0013750316579166954,-0.0005864135482970341,-0.0007319572863760849,-0.0007027612950645249
2019-02-05 11:55:00-05:00,0.000745840539451111,0.0009360229072976423,0.0045872408042155,0.0005131306579869547,0.0008782844742284692,0.0007613024495127635
2019-02-05 12:00:00-05:00,0.00025804601963857495,0.00046768310645748675,-0.0014040720389118244,0.00014656041063157018,0.0001463057793394142,0.00011707202869932648
2019-02-05 12:05:00-05:00,-0.0012047848621748846,9.351037972023326e-05,-0.0010710939569991084,3.663674666089479e-05,-0.00014630577933927522,5.8530875053379736e-05
2019-02-05 12:10:00-05:00,-0.0013786766889646981,0.000186994530954944,-0.0017094307737401948,-0.0007329900824780596,-0.000731850149761139,-0.0007611687234417437
2019-02-05 12:15:00-05:00,0.0012925650595359498,0.00037388419372777324,0.0006036622357839689,0.00018329789625341078,0.0002928043355959708,0.00029282577076002425
2019-02-05 12:20:00-05:00,-0.0008615243769904341,-0.0006543891044029007,-0.00013411567497040227,-0.0010269012326688247,-0.0008786703355100897,-0.001113194396652719
2019-02-05 12:25:00-05:00,-0.0008047596215087316,-0.0014973565101713,-0.0008386307329703182,-0.000348652644575457,-0.0007328155098572827,-0.0007037091625982995
2019-02-05 12:30:00-05:00,0.00011500531912273903,0.0016843685262384412,3.355873618104085e-05,0.000275262188971226,0.0004397537449933053,0.00023462474812137603
2019-02-05 12:35:00-05:00,-0.0015824836782045942,-0.0008418296259946054,-0.002015520182458593,-0.00011009578344256577,-0.00087970095842471,-0.0005279831168058521
2019-02-05 12:40:00-05:00,0.000892253286417229,-9.358038561949972e-05,0.0025187661293683337,0.0003302509937544813,0.0002933196471859562,0.0005866307034743715
2019-02-05 12:45:00-05:00,0.0005752250726644743,0.0008419083752672906,-0.000301917176348556,-0.00022015521031181786,0.0,-0.00023461098673550673
2019-02-05 12:50:00-05:00,-0.0015250704344280392,-0.00018702950444928311,-0.0004698301985881605,-0.000367033092153367,-0.0005867253560319649,-0.0005867683900198484
2019-02-05 12:55:00-05:00,-0.0015850832605320009,-0.000842065918020775,-0.0020833340868542517,-0.00044061760612968255,-0.0008807340018857017,-0.0008807986476663819
2019-02-05 13:00:00-05:00,-0.0010966179097351308,-0.0012175706290172852,-0.0007402921126835299,-0.0007347943824923865,-0.001028504351610592,-0.0008227792771174708
2019-02-05 13:05:00-05:00,8.661883387576083e-05,0.0005621398939427802,0.002118466753921232,0.0003307242892011388,0.0005878462951262258,0.0006465264125522198
2019-02-05 13:10:00-05:00,-0.001878423255236161,-0.0016873685747192972,-0.0008401243878160315,-0.000955724309546283,-0.0013231404459020238,-0.001293471091941676
2019-02-05 13:15:00-05:00,0.00098299996350799,0.0009377784716891796,0.00469563163634841,0.0005514908776122608,0.0011762112655027488,0.000940872140208763
2019-02-05 13:20:00-05:00,-0.0017932555277025098,9.372949674122405e-05,-0.0007364263571755605,3.675524681565511e-05,-0.0005879326986436305,-0.00029392746081925947
2019-02-05 13:25:00-05:00,0.0024865565347606407,0.0014048892448386403,0.002140827042763499,0.0007348213796246727,0.001322362813911527,0.001116465035469162
2019-02-05 13:30:00-05:00,0.0005196605001752552,0.0011224920499497356,-0.0014044006855878925,0.00025705996983406074,0.00044039930247914455,0.00017617006328958737
2019-02-05 13:35:00-05:00,0.0014132647320049345,0.0,0.0010367720532035156,-0.00018360752107994644,0.0,-5.8719906064966875e-05
2019-02-05 13:40:00-05:00,0.0007202846876371643,9.348415450385246e-05,0.0017700597424367805,0.00022032498023574383,0.00044020543630885205,0.000528355066887895
2019-02-05 13:45:00-05:00,-0.00034567190319721524,-0.00037398906517893574,-0.00013348016170926615,-0.00014687792634785236,0.0,-5.869233479784816e-05
2019-02-05 13:50:00-05:00,0.00115177530081361,0.0003739890651790892,0.002066942994842967,0.0004405690755063636,0.0005866393069909608,0.0005281070419654208
2019-02-05 13:55:00-05:00,-0.0004317602933961062,-0.001028806675106413,0.0002663913971334215,-0.00036712741569154826,-0.00043994721343135234,-0.0004107258169574349
2019-02-05 14:00:00-05:00,0.0007194969587870647,0.0009353225206026406,-0.00019978689464433689,0.00036712741569158795,0.0007331378627497826,0.0007626422990785654
2019-02-05 14:05:00-05:00,0.0017534030563335018,0.0012146128747290066,0.0002996653759085389,0.0012472260012638698,0.0013182951960489658,0.001347867058256729
2019-02-05 14:10:00-05:00,0.001434926347516812,0.0002800858948382847,0.00039941419782763617,0.0007695690793175569,0.0008778989516940747,0.0010535866817914723
2019-02-05 14:15:00-05:00,-0.0001720824852958715,0.0,-0.001398648201630201,0.0002563914745566351,-0.00014626298110016997,-0.0002340344626426764
2019-02-05 14:20:00-05:00,-5.73674095903476e-05,-0.00037346529541017946,-0.00046665112009789105,-7.324799944668173e-05,0.0,5.8513750748168616e-05
2019-02-05 14:25:00-05:00,-0.0005451545935170979,-0.00028019053139317776,-0.0005669407031849975,-0.00031136386782326273,-0.00043891734428124656,-0.00046820590209496277
2019-02-05 14:30:00-05:00,-0.0005741681896318824,0.0006536558268034652,-0.0010680552398775985,-0.00016487895174343285,-0.00014634860263217496,-0.00011708573616389558
2019-02-05 14:35:00-05:00,-0.0002584832790071939,-0.0005602502597638062,0.0014349359243897555,0.00010992232167011662,0.0,0.00011708573616381312
2019-02-05 14:40:00-05:00,0.0005168997616743923,9.339684325471382e-05,-0.00020010005069264774,0.0,-0.00014637002368055827,0.00011707202869932648
2019-02-05 14:45:00-05:00,-0.0006892590738126493,-0.0002802167027489623,-0.0009677151001298831,7.327483562239907e-05,-0.00029280433559604246,-5.853430111713472e-05
2019-02-05 14:50:00-05:00,0.0003734076362162657,9.341429245467751e-05,0.0009010061844587818,0.0004029156495664978,0.0004391743592765496,0.00035115442376458593
2019-02-05 14:55:00-05:00,0.0005167958771349799,-0.0003737095386138516,-0.00040034697271897296,-0.00029301346240226097,-0.00014637002368055827,-0.00011703777407523971
2019-02-05 15:00:00-05:00,0.00020090406898323477,0.000653900070006991,-0.0006008211402743251,0.0003662534148290442,0.0002927186263126473,0.0004680689316946441
2019-02-05 15:05:00-05:00,-0.0009474727592613145,-9.338812109895355e-05,-0.00040074806841438785,-0.00018310993971922383,-0.00029271862631271005,-0.00011699669497692389
2019-02-05 15:10:00-05:00,0.0008326753765155852,0.0,3.340180704079045e-05,0.0003661863563263739,0.0002927186263126473,0.0005848466406430923
2019-02-05 15:15:00-05:00,-0.000602902563372453,-0.0002802167027489623,-0.000868809785319327,-0.0005493298314363967,-0.00043911007731332186,-0.0005263465821265109
2019-02-05 15:20:00-05:00,0.0014635618814962013,0.000373604823847887,-0.0007022824467220296,0.0005493298314364731,0.0005854372651657537,0.0005263465821265102
2019-02-05 15:25:00-05:00,-0.00037286142893721815,-9.338812109895355e-05,0.001203610977801301,7.322118292113631e-05,0.0001463057793394142,0.0002922951032151437
2019-02-05 15:30:00-05:00,0.0009748825178571771,0.0,0.0029360757779690262,0.0003660255160646199,0.0004387889495587115,0.0005259159824367848
2019-02-06 10:05:00-05:00,-0.0006624901228835301,-0.003205282027734038,-0.002994696421218183,-0.000696710819865796,-0.0020445425157862578,-0.0018743598985853627
2019-02-06 10:10:00-05:00,-0.0014705672983640252,-0.0009446885592269067,-0.0017292857140716097,-0.0005503779400691205,-0.0007312079881218504,-0.0014961498940512853
2019-02-06 10:15:00-05:00,-0.0014727330518202696,-0.0019867556203970634,-0.009449509253698222,-0.001303769178850242,-0.002930190361149238,-0.0021454505591784467
2019-02-06 10:20:00-05:00,0.001155268150670595,0.0013249422276109322,0.0023049830745886105,0.00023884545893794256,0.001466168432134717,0.0006764606660803994
2019-02-06 10:25:00-05:00,0.0004040287492555401,-0.0004729921571486404,3.288986827923519e-05,0.0002204221092300036,0.0,-0.0002352387684337526
2019-02-06 10:30:00-05:00,0.0009805336041555804,0.00037841162175217697,0.0018072788949427174,0.00011019283757689952,0.0007322788845096199,0.0005586017461907995
2019-02-06 10:35:00-05:00,0.00236086828338878,0.0028335320021022885,0.0017384748445529164,0.0008811058447674359,0.0017552845872922675,0.001820638313445519
2019-02-06 10:40:00-05:00,0.0003162782700067213,0.00037719836365936974,0.0033045983579465176,0.0005136201158495692,0.0008764882600414716,0.000762508101933726
2019-02-06 10:45:00-05:00,0.0013789539373741048,0.0012249129958960387,0.0015992953455335626,0.000348377755020202,0.0007298204965600486,0.0006447453479313111
2019-02-06 10:50:00-05:00,0.0004592290772706217,0.0008471386048789265,0.0022477409903395567,0.0006047888463353389,0.00072928824702587,0.0008785288136794672
2019-02-06 10:55:00-05:00,0.0010611602056935779,-0.0001881910144344088,0.0013007285912998965,0.0006044232978552445,0.0007287567732523141,0.0007607678269544241
2019-02-06 11:00:00-05:00,-0.0007742490887887878,0.0002822732423709805,0.0008120970414968171,-9.155580790659487e-05,-0.00014570887392804336,-0.00040957229523452755
2019-02-06 11:05:00-05:00,0.0,-0.0011295713536904849,0.0005193962135916566,-0.0001281922152455629,0.0001457088739280728,-0.00035119553171998564
2019-02-06 11:10:00-05:00,0.002063333587736828,0.002163892085300088,0.00032448569302824,0.00020143753215567546,0.0007282260735456539,0.000819264463414726
2019-02-06 11:15:00-05:00,-0.0004008704669420144,-0.0011284029595461677,-0.0006166128678014407,-0.0005128299165488965,-0.0008739349474737513,-0.0005851204052136383
2019-02-06 11:20:00-05:00,-0.000171850833899496,-0.0001881910144344088,-0.0011043623430531026,-0.00025651361495043177,-0.0004372540515665567,-0.0004683429526816499
2019-02-06 11:25:00-05:00,0.0003723061545117372,-0.0017895832222658158,0.0003249390767826614,-0.001063400782252904,-0.0008750820947837002,-0.001113194396652719
2019-02-06 11:30:00-05:00,0.002288068725023374,-9.427736407480935e-05,0.004570436312032378,0.0005868437146907534,0.000291779125274037,0.0002344597179638833
2019-02-06 11:35:00-05:00,0.001142074130532766,0.001036562475021195,9.701673546294605e-05,0.00018331805734189251,0.0007290755645202647,0.0004687545862649014
2019-02-06 11:40:00-05:00,0.0011692739001347705,-0.000753757043272014,0.005160635888767592,0.0005680725086569145,0.0005828779764298352,0.0005270863958047815
2019-02-06 11:45:00-05:00,-0.001026606301131088,-0.0007543256215489942,-0.0028350534452920065,-0.00034813518990572484,-0.0008744444191979778,-0.0008200322615041658
2019-02-06 11:50:00-05:00,-0.0017419368455126403,9.432182614052968e-05,-0.0021962414357286734,-0.0003299241204458388,-0.0004375091217520263,-0.0003516483552719745
2019-02-06 11:55:00-05:00,-8.574735974829892e-05,9.431293037258811e-05,-0.0009381015454980304,-0.00033003300629609145,-0.00014587892075480866,-0.000410412763734529
2019-02-06 12:00:00-05:00,-0.0004574434708237959,-0.0002829654800997934,0.0010674258263118463,3.667571334700978e-05,-0.0002918216990140534,-0.00017594276040932126
2019-02-06 12:05:00-05:00,8.578659160823844e-05,9.433072358666895e-05,0.001356896147193586,0.0,0.0,-0.00017597372171172877
2019-02-06 12:10:00-05:00,-0.0027201551511788387,-0.0012269940189688132,-0.0020036848638751905,-0.0010274287666486807,-0.0016065433570762676,-0.0014676531928797
2019-02-06 12:15:00-05:00,-8.602027216380024e-05,0.001415628775481906,0.0008407437843657559,0.0007706705214644799,0.0008766163173684535,0.0008221511459369873
2019-02-06 12:20:00-05:00,-0.0005736576568516682,-0.0003773051028111433,-0.0009054456704480922,-0.00011005943220455276,-0.0002921200634222434,-0.00029354782104766964
2019-02-06 12:25:00-05:00,0.00014344526870391024,0.00028299217243847374,0.00048516213452656814,0.0002567865017778393,0.0004381481010649879,0.00035224704623482286
2019-02-06 12:30:00-05:00,-0.0002295223077069478,0.0010369533357527932,0.00035563602644444846,3.667840375992284e-05,0.0004379562113797597,0.0004694698011756705
2019-02-06 12:35:00-05:00,0.0004876719498822879,0.000282618937349745,0.002743840190067264,0.00044003594336862207,0.0002918642851801464,0.0005278902110975052
2019-02-06 12:40:00-05:00,0.00043010136718442637,9.418856557797398e-05,-0.0022267770968513816,0.00010997873755515395,0.00014590020451911296,0.00023452845230774067
2019-02-06 12:45:00-05:00,0.0004012611117180271,9.417969492727554e-05,-0.0007433622940522202,0.0001099666435622706,0.00014587892075481818,-0.0001172573507043873
2019-02-06 12:50:00-05:00,-0.003473371941741096,-0.0013193235669525273,-0.002006603042376653,-0.00047660948255189836,-0.0011676276594766333,-0.0008798686630520767
2019-02-06 12:55:00-05:00,-0.0003451251112772589,0.0003771272377700866,-0.0010048134647670762,-0.00018337184193387875,0.0001460280376427502,-0.00017606667103412763
2019-02-06 13:00:00-05:00,0.00040263438466350577,-0.00018854584076607986,0.0026556999771263586,0.0003667100647999972,0.0005838990020650978,0.00046944225255520205
2019-02-06 13:05:00-05:00,-2.875422327848268e-05,0.00018854584076610962,0.00022637970440936024,0.00034825004705091073,0.00014592149449485625,0.000351937124200176
2019-02-06 13:10:00-05:00,-0.00028758771623488787,-9.426847669128775e-05,-0.0009381925923928932,-5.4978787365242525e-05,0.00014590020451911296,-0.00011729861307832651
2019-02-06 13:15:00-05:00,0.002728749772310118,0.00037702059921602586,-0.0001294749791412975,0.000256541817722974,0.0007291818902645685,0.000644972171288389
2019-02-06 13:20:00-05:00,0.0,0.00047107594615252335,0.0009383140157478974,0.00018320386977815816,0.00014577259501028693,0.0002930317081273338
2019-02-06 13:25:00-05:00,-0.0011480398482668702,-9.419743789920432e-05,0.00025869038139390924,-0.00029314230436553514,0.0,-0.00026372467297144036
2019-02-06 13:30:00-05:00,0.0003445503651865951,0.0,-0.002103798940786179,0.00010993843458741472,-0.0002915664427681541,2.930617627869965e-05
2019-02-06 13:35:00-05:00,0.0004879098898541006,0.0,0.0007125506374360999,0.00021984061643915765,0.0002915664427681389,0.00041019631398481155
2019-02-06 13:40:00-05:00,0.0004589919470122882,-9.420631189243176e-05,-0.001069016444798099,0.0002564196504763972,0.00014575134845807856,0.00017574692488129737
2019-02-06 13:45:00-05:00,0.0006307701338788552,0.0,0.0003564658073620821,-0.00018315018366194224,0.0,-0.00017574692488123205
2019-02-06 13:50:00-05:00,-0.0007168150780745529,-0.0008482564127855146,-0.0016213240037900392,-0.0002198245076540307,-0.0005831328979296328,-0.000527426172564117
2019-02-06 13:55:00-05:00,-0.0005451233117819023,-0.0009433517986503214,-0.0017539875221398652,-0.00010993037753844732,-0.00043757293580333527,-0.0005277044977341054
2019-02-06 14:00:00-05:00,-0.00020090983521214284,0.00018874156617149578,-0.000780538611242422,-0.00043984239690135946,-0.0001459002045192291,-0.00046930455793444667
2019-02-06 14:05:00-05:00,-0.0007178648138176022,-0.0005663316022810073,-0.001921417880630483,-0.0005500751908110457,-0.0007298204965599461,-0.0002934272321523507
2019-02-06 14:10:00-05:00,-0.000517181944638991,-0.001417233797306145,-3.2598242957607004e-05,-0.0004769767105656357,-0.0005842401393091046,-0.000528386086384895
2019-02-06 14:15:00-05:00,-0.0004886953369362474,-0.0006620637714643329,-0.001957841779211598,-7.340122950343488e-05,-0.0004384042157021406,-0.00023492790757918258
2019-02-06 14:20:00-05:00,0.0002874967676416472,-9.46163308492309e-05,-0.0014381907427634575,-0.00020188116609075354,-0.00014617745969594282,-0.00011748465370236573
2019-02-06 14:25:00-05:00,2.874513129529967e-05,0.0008512248693310808,0.002319693925915598,0.0004771080006095155,0.0007306737136420483,0.0005872852907013746
2019-02-06 14:30:00-05:00,0.0008045283886530111,0.0001890627221209079,0.0006198515817093042,-9.173386178481466e-05,0.0001460706984775876,-5.8713010819971125e-05
2019-02-06 14:35:00-05:00,-0.0014946396964859495,-0.00028360748913857904,-0.0026452018101779232,-0.0005505799581163113,-0.0010229432427892103,-0.0008223443148966206
2019-02-06 14:40:00-05:00,-0.0007481584142717315,-0.001135234973630161,-0.0019639297988642943,-0.00044068233026206045,-0.0007313149367914932,-0.0005878031028907834
2019-02-06 14:45:00-05:00,0.0014382697221047617,0.0014188424627688439,0.00193122922169607,0.0007343626980048232,0.0011698473221266573,0.001057796942873271
2019-02-06 14:50:00-05:00,8.623043652332749e-05,0.000472500481291186,0.00022888158747549943,0.00011010790585894484,0.00014613473648663225,5.8733701414606316e-05
2019-02-06 14:55:00-05:00,0.0004597701230417844,0.0006611258268762741,-0.000555946185648485,-7.34039234728221e-05,0.00029220542248986734,0.0002349003152594072
2019-02-06 15:00:00-05:00,0.0013206628200712603,0.0006606890282806115,0.0027766453119078757,0.0005137143494317505,0.0008761043124447636,0.0005870094970589762
2019-02-06 15:05:00-05:00,-0.0005165734079572101,-0.0007551088187387065,-0.0006199931673040272,-0.000330214642516438,-0.00043795621137976794,-0.0003521643469998084
2019-02-06 15:10:00-05:00,0.0008321258424807149,0.0010381276885521732,-0.001045068677741846,0.0004769417120895981,0.000875720701079071,0.0005282000240181921
2019-02-06 15:15:00-05:00,-0.0007173086886720065,0.0009428181530906006,0.0009144948053881707,0.00018337856722693948,0.0002917365639538029,0.00041062944203442423
2019-02-06 15:20:00-05:00,0.00020089830308511687,-0.0003770205992160217,-0.0003918239454557129,-0.00011002310496308672,-0.00014585764319889253,-0.000117305492964166
2019-02-06 15:25:00-05:00,-8.609433074161997e-05,-0.0001885636172088172,0.0011097693471778945,0.0002933680506566628,0.0,-0.00011731925515733441
2019-02-06 15:30:00-05:00,0.00011479079390436986,-9.429514386998655e-05,-0.0005547307250963395,-3.6666300007693294e-05,0.0,0.0
2019-02-07 10:05:00-05:00,-0.0017055231272246735,-0.001425720230096752,-0.0028687645182834676,-0.0014784427301647613,-0.0016217016675151433,-0.0014819208402599585
2019-02-07 10:10:00-05:00,0.0015899863141791515,0.0002853067066428978,0.005897336338852228,0.0005916394130461343,0.0011796801486045724,0.0010672043226744518
2019-02-07 10:15:00-05:00,0.002019969521602354,0.0005703693295937757,0.0010410545814726474,0.001256072721805967,0.0014726458739769098,0.0011844483336707246
2019-02-07 10:20:00-05:00,-0.0021644093121270243,-0.0005703693295937425,-0.0029244209819902496,-0.000775623307582219,-0.0011779431532112578,-0.0011844483336707862
2019-02-07 10:25:00-05:00,0.0035759641290136136,0.0021846513248175714,0.004969788603706752,0.002140735680143106,0.0023545003887222235,0.0021901275476321424
2019-02-07 10:30:00-05:00,0.0,9.487666041257271e-05,0.003043531505378114,0.00022119408027378328,0.0011751745752024481,0.000709282767567006
2019-02-07 10:35:00-05:00,-0.0003455027098748033,0.000569071006963555,0.0018016820568283855,0.0003316994096677291,0.000440334661452098,0.00029538607174084674
2019-02-07 10:40:00-05:00,-0.0006049171303990136,0.0006635071333466576,0.00013332888923440285,-0.00044229033395208384,-0.0004403346614521673,-0.0005317577673308566
2019-02-07 10:45:00-05:00,-0.00017290069779689313,-0.0018969038741472892,-0.0007668839880369065,-0.0009958690702067843,-0.0013221685487141471,-0.0013010439754760459
2019-02-07 10:50:00-05:00,-0.0034353878386057485,-0.0019005089580359713,-0.0045466780651838,-0.0014032757708135853,-0.0020601876170656293,-0.0018361670739639533
2019-02-07 10:55:00-05:00,-0.0006653456426652794,-0.0005708577292172863,-0.004466467000418814,-0.0016273095663528645,-0.0013266511379718658,-0.0013644994997961694
2019-02-07 11:00:00-05:00,-0.0013899750304961326,-0.0005711837939097643,-0.004249871480191587,-0.0010739946221591796,-0.0011807248069378698,-0.0009503163486552304
2019-02-07 11:05:00-05:00,0.0010716096891098784,0.0012371528033969098,0.003610173126643052,0.00044455147341495584,0.0011807248069378676,0.0011877543932814854
2019-02-07 11:10:00-05:00,-0.0014773832730208293,-0.0007611436550333118,0.0012453511311468395,-0.000889300660739686,-0.000885412881572833,-0.0010095012733798143
2019-02-07 11:15:00-05:00,-0.0015666708554327097,-0.000571238174242615,-0.0005719957760975097,-0.0006674948795107175,-0.0007384433949501098,-0.0005348547105575632
2019-02-07 11:20:00-05:00,-0.0006389776575236566,0.00019044898405432716,-0.0015156876543864436,-0.0002225973408809306,-0.00029553010928068277,-0.00041619597485242644
2019-02-07 11:25:00-05:00,8.71573626734426e-05,0.0002856054855667158,-0.0019907218721084766,-0.0005195865692428973,-0.0005913223618232199,-0.00047586474442892686
2019-02-07 11:30:00-05:00,-0.0018027977317343978,-0.00038082544374191843,-0.0026040360341378506,-0.00022276262877761417,-0.0008876396765962585,-0.0007737635050652512
2019-02-07 11:35:00-05:00,-0.0029729830402613067,0.0005711837939097366,-0.006556954984146056,-0.0024908928040021897,-0.0028160682608880877,-0.0035789951412817226
2019-02-07 11:40:00-05:00,0.0017498837876360367,-0.0003807529435367384,0.005913356228803548,0.0018223070236879607,0.001779491831629228,0.0020893035298351612
2019-02-07 11:45:00-05:00,5.827675633245579e-05,-0.0004761451380308703,-0.0010509722459750043,0.0,-0.0002963621567221391,-0.0001192712527876324
2019-02-07 11:50:00-05:00,-0.0012828738128892636,-0.0022886578435045058,-0.00493055727937453,-0.001301308928431567,-0.0020769980020629688,-0.0018505258384959628
2019-02-07 11:55:00-05:00,0.0,0.00047723585901467456,0.0016008450429081482,7.440614598181463e-05,0.0002969782485257826,0.00035843364880898767
2019-02-07 12:00:00-05:00,-0.0009924400242462732,-0.001432391383181814,-0.0029994228151810514,-0.0009677119951245921,-0.001188442537561539,-0.0012550802508156174
2019-02-07 12:05:00-05:00,-0.0016367572485496936,-0.0005735315360578795,-0.004104674824132385,-0.00044695235114691696,-0.0011898566139421918,-0.001077038249215771
2019-02-07 12:10:00-05:00,0.0025124907312619295,0.0020059229192397918,0.0030800845705644853,0.0016750422676948956,0.002229821051750808,0.0020931770096916168
2019-02-07 12:15:00-05:00,0.00020422751015525224,0.00019083059072271056,-0.002052335250911408,-0.00011158223622370405,-0.00014850014877287616,5.9740725270359104e-05
2019-02-07 12:20:00-05:00,-5.834646130376294e-05,0.00085828729281834,0.0017447533548074188,0.00040907401091091615,0.0005938683271560271,0.0006569125348207019
2019-02-07 12:25:00-05:00,0.0013702426306846807,0.0,0.001980536758028769,0.0007804950964861623,0.001038421692481704,0.0009547394585059548
2019-02-07 12:30:00-05:00,-0.0009910514700456636,-0.001621828250934483,-0.002698595977474918,-0.0008548597435671571,-0.0011868557138316935,-0.001074146008096924
2019-02-07 12:35:00-05:00,0.0009327815052825389,0.0008589425990968121,0.003312448603919099,0.0008920109862804552,0.0010385757610098406,0.001133786969526895
2019-02-07 12:40:00-05:00,-0.0016329390693306588,-0.0005725464157550525,0.0015329850214672834,-0.00014861325286042237,-0.00044497182579353225,-0.0003578991359149581
2019-02-07 12:45:00-05:00,-0.0028055427835801837,-0.0015283950054597224,-0.0020103933851809155,-0.0015617740461830508,-0.002079157205521133,-0.0019707381714228482
2019-02-07 12:50:00-05:00,0.0011407012161305735,0.0,0.0009545889174359292,0.00011163621490387867,0.0004458977481727274,0.00041836003478956354
2019-02-07 12:55:00-05:00,-0.0030447662366485167,-0.0020095700542726446,-0.0022515616921644547,-0.0011541756372655018,-0.0017847851841238747,-0.001494947357290767
2019-02-07 13:00:00-05:00,0.0010842968518785176,0.0,0.002115247624341484,0.0005214055722305254,0.0008927907742780841,0.0008374458392820953
2019-02-07 13:05:00-05:00,0.0014049056926486423,0.003347043384769418,0.0038776877732696487,0.0023429665967434473,0.0026735998102044435,0.002687050043344341
2019-02-07 13:10:00-05:00,0.001636565915569615,0.0002863688450268084,0.0006787484140308683,0.00044565763090685727,0.0007413997967129277,0.0005961429727359334
2019-02-07 13:15:00-05:00,-0.0016073180250715596,-0.00028636884502689504,-0.0028198221473833005,-0.00044565763090682105,-0.0005930758569568916,-0.0006557768209257391
2019-02-07 13:20:00-05:00,-0.002137347283380132,-9.547450837870235e-05,6.80410968489294e-05,-0.0006316884871168044,-0.0007418397966326534,-0.0005368647229877908
2019-02-07 13:25:00-05:00,0.001464429280837667,0.0006681302147940962,0.0008841132240745716,0.0008174033039788189,0.0008901417396597429,0.0006561288633838712
2019-02-07 13:30:00-05:00,0.0004974178265918933,0.00028620492467824394,0.001188919412429054,0.00029707198644006574,0.0005929879352472883,0.00035770710131911566
2019-02-07 13:35:00-05:00,0.0012862866099517215,0.0006674931114620331,0.0023058674170838697,0.0010019669075910275,0.00103688351757635,0.0008937083530980278
2019-02-07 13:40:00-05:00,-0.0008183545685413312,-9.532888472415164e-05,-0.0016271190030530442,-0.00018547370036115304,-0.0002961427429653074,-0.0005957168138524832
2019-02-07 13:45:00-05:00,-0.0009360831457267362,-0.00047678078523104956,-0.000509018115067708,-0.0006679903018691306,-0.0005925487174340064,-0.00047682909560874977
2019-02-07 13:50:00-05:00,0.0007021444950707102,0.0,-0.0020046555479106957,-0.00011137511149016691,-0.00029640607849455654,-0.0001788695449557643
2019-02-07 13:55:00-05:00,0.0005847440449630591,0.00019073959334933895,0.0005780248711626718,0.0005196444264438506,0.0004445761780397348,0.0006854929111285326
2019-02-07 14:00:00-05:00,0.0005551903130409561,-0.00038151557523190125,0.0003398586220858468,-0.0002226716900703838,-0.00014817009954517312,-0.00014898023059888105
2019-02-07 14:05:00-05:00,-0.00035061065046833274,0.00019077598188258095,-0.0003398586220859519,-0.0004083602536608814,-0.00044464207046467433,-0.0004768859438833595
2019-02-07 14:10:00-05:00,0.0004674535553156526,-0.0005724371668027011,3.399106035453607e-05,-0.00035280901328746774,-0.0002965379219596222,-0.0004174618381237337
2019-02-07 14:15:00-05:00,-0.0015200236776393206,-0.0011458583254228853,-0.002893372795468312,-0.0009104507359740939,-0.0013355099180427446,-0.0011937092945121536
2019-02-07 14:20:00-05:00,-8.776420688745036e-05,0.0005730932866152442,-0.002457422991691355,-0.00033465957996504486,0.0001484780997529328,-0.00011944933869122056
2019-02-07 14:25:00-05:00,-0.00040966817451272607,0.00019095813300987045,-0.0006836905882833989,0.00048336122896842546,0.0,0.0002388844109420753
2019-02-07 14:30:00-05:00,0.0021342853132174707,0.002669592089337432,0.004810079719517778,0.0020053110309051153,0.0025207605281482646,0.002564409802284537
2019-02-07 14:35:00-05:00,-2.9206033968714714e-05,0.00047596383573451055,0.0005443658272695913,-3.709886848877234e-05,-0.00014810426567362972,0.0002382157650546963
2019-02-07 14:40:00-05:00,-0.000847346250059289,-0.00019035835016792166,-0.0014636556555485253,-0.0002968405060663181,-0.0005926365089374169,-0.0005956458466009906
2019-02-07 14:45:00-05:00,-0.000233877098651372,-0.000571292564930948,-0.0006474146235164075,-0.0004825538326749015,-0.0005929879352473624,-0.0004767722608863305
2019-02-07 14:50:00-05:00,-8.7718015874632e-05,0.0003808979715622539,0.00013633265188120195,-0.00018565964926530083,0.0,0.0001192143773950737
2019-02-07 14:55:00-05:00,0.0,0.0,0.000579206503305665,0.00037128483542333944,0.00014827995282195309,0.00011920016702140968
2019-02-07 15:00:00-05:00,-0.00011696932492804764,-0.0002856598762522165,-0.0017386269230403562,-0.0002970168393254832,-0.0002965818958490967,-0.0005365126805296602
2019-02-07 15:05:00-05:00,-0.0009362474717659736,-0.0009527893627274743,-0.0017758354506372251,-0.0006314538505636641,-0.001038729875262707,-0.0009545116310090821
2019-02-07 15:10:00-05:00,8.78104465725361e-05,0.0008575512674174751,-0.0008891017239254422,0.00040863331301557515,0.00029689007863010743,0.0003580486387646384
2019-02-07 15:15:00-05:00,-2.926929212417935e-05,0.0,0.0006839945547109872,0.0,0.00014841199196120064,5.966231133566258e-05
2019-02-07 15:20:00-05:00,-5.854115444819162e-05,0.0005712925649309666,0.0,0.00014855254145011923,0.00014838996911072702,0.00041753654051278956
2019-02-07 15:25:00-05:00,-0.00023419889448067537,-0.00019039459336885463,0.0004443457082664513,0.000519760179509414,0.0002967138958045651,0.0003577497578625722
2019-02-07 15:30:00-05:00,-0.0007322252651969214,0.00019039459336881514,0.0,0.0,-0.00014834594301041946,-0.00017885888082018022
2019-02-08 10:05:00-05:00,0.00023638566431048236,-0.0012410502786210397,-0.004043341779376702,-0.00067027874933104,-0.0010416667608568768,-0.0004197146002374157
2019-02-08 10:10:00-05:00,0.0018006056078838696,0.002337620032595115,0.007864278942107136,0.0010424617932462384,0.0023793601826862425,0.0021566580172845146
2019-02-08 10:15:00-05:00,0.0005307073273718272,-0.0007150177867370896,-0.003407158321614309,-0.0011542186105283285,-0.001188972422150071,-0.0014971855713214791
2019-02-08 10:20:00-05:00,0.0,-0.0013360692926081687,-0.0007932265767439082,-0.0008572174502780077,-0.0008926579481394377,-0.0010193680801149027
2019-02-08 10:25:00-05:00,0.0013844094171239069,0.0009545173253711774,-0.0010010529150230193,0.00037279353262187174,0.00044642857884294435,0.00029992202252303795
2019-02-08 10:30:00-05:00,-0.0013254593183653833,0.0011442194335389059,0.004273363500827478,0.0009313762688029864,0.0011895027794628008,0.0013185893007028164
2019-02-08 10:35:00-05:00,0.0005893099351409461,0.0009525170982590611,0.003090237317049126,0.0006328407313911749,0.0010396555221321231,0.0012570335666965808
2019-02-08 10:40:00-05:00,0.002618226104053615,0.0017122477429429984,0.0023285289430857725,0.0005952491851568228,0.0016315636962570118,0.0016735905403569287
2019-02-08 10:45:00-05:00,-0.0003232299515381783,-0.0006655257899193493,-0.002602830333456354,-0.00044640366792316735,-0.0004447079824253353,-0.00047788298750021723
2019-02-08 10:50:00-05:00,-0.0025896077093116297,-0.000951520125076646,-0.0008576771200068434,-0.0008375443690137319,-0.0008900097005204496,-0.0007770472596604296
2019-02-08 10:55:00-05:00,-0.0008548646739305138,-0.0007618685193049546,-0.0035414089170696136,-0.001024618884875304,-0.001039346789924294,-0.0008374959362486199
2019-02-08 11:00:00-05:00,2.9490260843457745e-05,0.0006666666913578635,0.0009983648303214985,0.00029817924520680487,0.0004455666195800634,0.0003590127188897772
2019-02-08 11:05:00-05:00,-0.001091719271052412,-0.0018105589089347591,-0.001687473495568276,-0.0011932508174487865,-0.0011886191132719317,-0.0013170105767875467
2019-02-08 11:10:00-05:00,0.00044273255250102094,0.0014296609373726458,0.0014465801241332061,0.0004849298811830288,0.0011886191132719215,0.0008981498717646971
2019-02-08 11:15:00-05:00,0.0005605133268659964,0.0005712925649309666,0.0011351324679994173,0.0005592424275201177,0.00044536817838298175,0.00047868362918528995
2019-02-08 11:20:00-05:00,0.00029488087026601547,-0.000571292564930948,-0.001066299868853149,-0.0002982237072669324,-0.0004453681783830724,-0.00017947950990467615
2019-02-08 11:25:00-05:00,0.0005305665395936311,0.0,0.0016849203649192239,0.000819901285099465,0.0005937801703443742,0.0007775120008913217
2019-02-08 11:30:00-05:00,-0.0013269445367618386,-0.0005716191266969078,-0.004372908750208744,-0.0005589506778406156,-0.0007422803191171957,-0.0010168681340389004
2019-02-08 11:35:00-05:00,-0.000501748752465047,-0.002194238621268927,-0.0008285290631726355,-0.0006338553530641326,-0.0013374946264926428,-0.0008381979236444398
2019-02-08 11:40:00-05:00,-0.0006792375082108853,0.00038195273799273053,-0.0009329164679873088,0.00011188602555214481,-0.0001487209996792545,-0.0005392127624505673
2019-02-08 11:45:00-05:00,-5.908594051760301e-05,0.0009542440726004629,0.0011055833077498758,0.000671053392565042,0.0008919944098457733,0.0007188857580829108
2019-02-08 11:50:00-05:00,0.0009449563660872829,-0.00038158836618516783,-0.0033204236373026337,-0.0007083473434905544,-0.0011895027794628864,-0.0010185740844687265
2019-02-08 11:55:00-05:00,0.0015925918368941989,0.001906487398867842,0.0035275844984513356,0.0011927171133837007,0.002080702244314973,0.001976285228211959
2019-02-08 12:00:00-05:00,0.000589205767693856,0.0,0.0028269057333702697,0.0005958255152344298,0.0007420599924962915,0.0008970219474830368
2019-02-08 12:05:00-05:00,-0.0008249853149105962,-0.0011434562206386416,0.001547961300482964,-0.0006330763999471298,-0.00044516991386615455,-0.0005381166049133949
2019-02-08 12:10:00-05:00,-0.0014748830141784865,-0.0002860684676701776,-0.0027535900095817948,-0.00029805704287270464,-0.0007423905314985886,-0.001017233213614007
2019-02-08 12:15:00-05:00,0.00032466095351807136,-0.0005723825579595607,0.0,-7.452814372470944e-05,-0.0002971106016061573,-0.0004790562683310643
2019-02-08 12:20:00-05:00,0.0015333355995688805,0.000858451025629868,0.0014465801241332061,0.0006333122440933129,0.0011879131250659592,0.0008980423282104269
2019-02-08 12:25:00-05:00,-0.0008253500836984907,-0.00047682625355078374,0.0007568981301281408,0.00014895637467734913,-0.00014841199196122612,-5.984440456610147e-05
2019-02-08 12:30:00-05:00,0.0007369522935858175,0.0005721642267377607,-0.0005848255150601847,0.00026062027773259385,0.0004451699138661871,0.0004188356430523388
2019-02-08 12:35:00-05:00,0.0,-0.0007629584080941461,0.000894300613381457,0.0002605523725005714,0.0,0.0002990609508500912
2019-02-08 12:40:00-05:00,0.00020624935620187912,-0.0002862595439394893,0.0006530219681803881,0.00018606728246595361,0.0001483459430104009,-5.980503560173997e-05
2019-02-08 12:45:00-05:00,0.0004123711398643112,9.542895321686802e-05,0.0013047660139740476,0.00037203073402943665,0.0007413997967129277,0.0006576587586075775
2019-02-08 12:50:00-05:00,0.0011478523179871188,-0.0001908670139878499,0.0025702109726493992,0.0004462542607666333,0.0002964060784946797,0.00047802576274031983
2019-02-08 12:55:00-05:00,-0.00017650692835529565,-0.0001909034511597914,-0.0008560032023606352,-0.00029748071242913606,-0.00044464207046467433,-0.00017923288373950793
2019-02-08 13:00:00-05:00,-0.000853556290876673,0.00019090345115973167,0.0009928957419310705,-7.438400747266013e-05,-0.00014825796913762288,-5.975143405209008e-05
2019-02-08 13:05:00-05:00,0.001030063219231931,9.543806077100962e-05,0.001607085196548833,0.00040904358743777864,0.0007410701391475165,0.0005376344215523099
2019-02-08 13:10:00-05:00,-0.00020592777891420962,-0.00028634151193066216,0.0022183173781220073,7.435358852436219e-05,0.00014814814841890124,0.00011943507225091772
2019-02-08 13:15:00-05:00,0.0008528534344342057,0.0020979362102814775,0.003641007850537342,0.000706083495833135,0.0011843957265818207,0.001432109323738598
2019-02-08 13:20:00-05:00,-0.001088251405213752,-0.0006670478615928622,-0.0008495166761301366,-0.0005945634778745331,-0.0004439840238686675,-0.0007754712867734948
2019-02-08 13:25:00-05:00,-0.000294325408293729,-0.0011445468367578514,-0.0014288146673001113,-0.00037178176838675674,-0.0005922854989167976,-0.0005372172277472397
2019-02-08 13:30:00-05:00,0.00035318009608662545,0.0010492179520336213,-0.001124074034735463,0.00022308564722293612,0.00029618659972172057,0.00023879884296025086
2019-02-08 13:35:00-05:00,0.0,0.000571837042030021,0.0,0.00018586669694047189,0.00014806040891719052,0.0001790617170834004
2019-02-08 13:40:00-05:00,-0.0002943080838243273,-0.0011440012687677227,-0.0008524132333315095,-0.0003345849319291547,-0.0007405213608542145,-0.00035815550300780395
2019-02-08 13:45:00-05:00,0.00032373412881892184,0.0006674931114620331,0.00303128584831525,0.0006690579542236483,0.0008885598511321517,0.0008354967215347006
2019-02-08 13:50:00-05:00,0.0002353771930366693,-0.0003813700766058772,0.0008498343334623288,-0.00011147857764873911,0.0001480165781267309,5.9651634472635626e-05
2019-02-08 13:55:00-05:00,0.00041177682278355394,0.0002860411918817228,-0.00013592496962617703,-3.716228771471996e-05,0.0001479946724619995,0.00011929259505367723
2019-02-08 14:00:00-05:00,0.0012049433518175438,0.00028595939571478333,0.0029183230186192967,0.0007429834842224526,0.000887508378645814,0.0008942411469883873
2019-02-08 14:05:00-05:00,-0.0008521266952116626,-9.531071299648955e-05,-0.000610107465625465,-0.0004457238443187488,-0.0004436557304358815,-0.0003576005044514894
2019-02-08 14:10:00-05:00,0.0012925971247442494,0.0016190479727173732,0.002945410508572313,0.000891249107400925,0.0013303771363530612,0.0011915047133621618
2019-02-08 14:15:00-05:00,0.001261607690038475,0.0014263981117596527,0.002936760536990268,0.0006679159416379833,0.0013286095842784866,0.0010711417608982904
2019-02-08 14:20:00-05:00,-0.0008213311892885205,-0.0014263981117596876,-0.0011804186797539336,0.0,-0.0005902752329581227,-0.00029742430770670437
2019-02-08 14:25:00-05:00,0.0005867339623247843,0.0,0.0009444463885478825,0.0001483652012140955,0.0002951811695847498,0.00023794652264189756
2019-02-08 14:30:00-05:00,0.0001173054929641472,0.0008560829972089961,-0.0010456899976317132,0.0002225065370475333,0.0002950940633734094,0.00017842274342567892
2019-02-08 14:35:00-05:00,0.000732847732390089,0.00047528518004961935,6.74968782950451e-05,0.00037073424340691567,0.0002950070085559642,0.0005350773017081598
2019-02-08 14:40:00-05:00,-0.0009968044450219171,-0.0004752851800495684,-0.0017902083786708546,-0.000407815228282152,-0.0005901010719294323,-0.0007729813680159483
2019-02-08 14:45:00-05:00,0.0003812484466313667,-0.00028527957591731394,0.001486436542734152,0.00014831569021791827,0.0,0.00017843335561538765
2019-02-08 14:50:00-05:00,-0.00017594276040932126,0.0003803546853252179,0.001315678691938363,3.707548569299421e-05,0.0002950940633734094,0.0002378616251215773
2019-02-08 14:55:00-05:00,-0.0006160435532260625,0.0,-0.002497891594149589,-0.00037081672808340113,-0.0005902752329581227,-0.0004757798418572748
2019-02-08 15:00:00-05:00,0.0004987311795687507,-0.0008560015740493485,-0.000507090830831991,-0.00014836520121414189,-0.00014762326569479586,-0.0001189803386394929
2019-02-08 15:05:00-05:00,-0.0012326115313042105,-0.0010472202023305253,-0.0024715195490151473,-0.0005936810252108373,-0.0010339735042309026,-0.0010119048482497813
2019-02-08 15:10:00-05:00,-0.00011747085267963747,0.0005713469659780469,0.0025053336055215173,0.0002968845697496015,0.0005909729063186385,0.0003572598210017126
2019-02-08 15:15:00-05:00,0.0014380679544072719,0.001712084881043565,0.0018580144865179944,0.0012237180301142713,0.0014759061051210624,0.0014277643045315731
2019-02-08 15:20:00-05:00,-0.00044000528716216415,-0.0004752851800495684,-0.0005401573339532746,-7.412211622047093e-05,-0.00014749262563616065,-0.00023781919907554477
2019-02-08 15:25:00-05:00,-0.00038149458300198254,9.50751094079678e-05,0.00010130172728107502,-0.00014826071674153198,-0.00014751438291985233,-0.00017840152283281005
2019-02-08 15:30:00-05:00,-0.0006165680842431156,-0.0002852524503511,0.00010129146628086959,3.706723997770263e-05,-0.0002950940633733631,-0.00011895203273315735
2019-02-11 10:05:00-05:00,0.00017621662943170989,-0.0009446885592269067,0.004387475331892084,0.0002953937065695607,0.0004405933394813663,0.0002962085329713133
2019-02-11 10:10:00-05:00,0.0013499635212289279,9.45090256822333e-05,0.006613284713049389,0.00036911946970607384,0.0007338911235014905,0.0007105427068638646
2019-02-11 10:15:00-05:00,-0.0011737779386264493,-0.00047263447330336166,-0.002142821520257749,-0.0008861157329987362,-0.0005870698047820865,-0.0007697773947144337
2019-02-11 10:20:00-05:00,0.0016429036142682708,0.0016060466371403724,0.004450567063558618,0.0012919898438022834,0.0019067180901344862,0.0018937718339195684
2019-02-11 10:25:00-05:00,-0.001613542368174788,-0.0036882962182201366,-0.001730309682076943,-0.0019201305679733141,-0.0026410403437225265,-0.0025455850828799403
2019-02-11 10:30:00-05:00,0.0008217650801424044,0.00037891347017088815,0.0024080460685746933,0.00014783331820323405,0.0007343222535879571,0.00029633141922512417
2019-02-11 10:35:00-05:00,-0.00038144980729830434,0.0014196481657440538,0.002064263605049353,0.00036948770950009214,0.0005870698047820457,0.0007108373370429674
2019-02-11 10:40:00-05:00,0.00044012148063125335,-9.458053539655349e-05,0.002194945754346819,-0.0002955792450995533,-0.0001467351433299578,-0.00041459370411437834
2019-02-11 10:45:00-05:00,-0.0006162243251471945,0.0016066537810126777,-0.001552847761653353,0.0005910711489246341,0.00044014085217601394,0.0005922241149076223
2019-02-11 10:50:00-05:00,0.0002054503037618807,-0.001795841692469228,-0.002909634288756928,7.385933493035217e-05,0.0,-5.920663115987415e-05
2019-02-11 10:55:00-05:00,-0.001527211081293108,-0.0011358797188908984,-0.0025783702708628083,-0.0006279782999768408,-0.0013210041551136365,-0.0013034335465071762
2019-02-11 11:00:00-05:00,5.878203622657555e-05,-0.0007579705701846264,0.0007809980192903353,3.6950818464779366e-05,0.0002937073227660707,0.00017784101060571835
2019-02-11 11:05:00-05:00,-0.001117449978068489,0.0006632556619871766,-0.0010188141885129694,0.00018473361465377495,-0.00014684287838409072,-5.927682277975524e-05
2019-02-11 11:10:00-05:00,-0.0026810852352030165,-0.003225656228871966,-0.0031649365356011686,-0.001811862646241503,-0.002646865746466661,-0.0023145410926156498
2019-02-11 11:15:00-05:00,0.0005898661174982518,0.00019003278122645963,0.0015667044517952793,0.0005550005692468193,0.0007359435127573654,0.0007127372380241645
2019-02-11 11:20:00-05:00,0.0009725190481378507,0.0010445352768146156,0.00227755686112767,0.0009243169955973105,0.0011763842250695883,0.0011867676811962795
2019-02-11 11:25:00-05:00,0.0005889455101178232,0.00037956066309456963,0.0005091909066686946,0.00044336887168445007,0.0005876735642577549,0.0005335863054210219
2019-02-11 11:30:00-05:00,-0.0011782380814599122,-9.487666041267849e-05,-0.0025485512545476065,-0.0005172827989500144,-0.0005876735642578507,-0.0006521997148058673
2019-02-11 11:35:00-05:00,0.0010015908455297225,9.487666041257271e-05,0.0013940127718583173,-0.00011088113553632385,0.0002938799521554112,-0.00017794649788950914
2019-02-11 11:40:00-05:00,-0.0017386952381389146,-0.0007592654471904505,-0.0018704625494531085,-0.0003696926048132154,-0.0008818990797197136,-0.0008308359280338823
2019-02-11 11:45:00-05:00,0.0005307699237042533,-0.0005698276425616108,-0.000817299551709829,0.00018486338648423796,0.0,0.00023745213966893161
2019-02-11 11:50:00-05:00,0.00044209317096637887,0.001044436099500785,3.406748769632191e-05,0.0004435327455313611,0.0010288066751066754,0.000830638749589385
2019-02-11 11:55:00-05:00,-5.893446489206669e-05,-0.001519540631432728,-0.0006474808111836513,-0.0005914207206598978,-0.0010288066751066353,-0.0007712845235509913
2019-02-11 12:00:00-05:00,0.0007364312874248946,0.0010449321744935213,-0.0006137898303590358,0.00018485655184263111,0.0005880191275642264,0.0003560513938453802
2019-02-11 12:05:00-05:00,0.0004121647539727286,0.0008541331068763636,0.001329402135351995,0.0004804671711603745,0.00044078754754246926,0.0004745380757554112
2019-02-11 12:10:00-05:00,0.001588188916518405,0.00037938066562123534,0.002653514059104923,0.00040636891467633505,0.0004405933394813663,0.0005335863054210219
2019-02-11 12:15:00-05:00,0.00014692702161296731,-0.00018967234159960426,-0.0007817147139513683,-0.00025857929293347456,-0.00014684287838409072,-0.00017783046875551061
2019-02-11 12:20:00-05:00,0.00014690543723432597,-0.0008539710168848731,0.000645808217411506,-0.00048039615128829115,-0.00044065805648425534,-0.00047436924605029525
2019-02-11 12:25:00-05:00,0.001233154388629999,0.001422880148997808,0.00040766409043999953,0.0005542827723020125,0.000881122018971743,0.000770735794363889
2019-02-11 12:30:00-05:00,0.0005280295819245407,0.0005685856585306023,0.0006111846986629587,0.0004801300136554187,0.0005869836546847118,0.0004740038601560785
2019-02-11 12:35:00-05:00,0.0,0.0004735745494834323,-0.00016973606083361763,3.692353137092793e-05,-0.00029344875861643646,0.0
2019-02-11 12:40:00-05:00,0.0001466254163122702,-0.0003788416960591871,-0.0009170729036327681,-0.0003323608731065072,-0.00029353489606831143,-0.00041474108901169547
2019-02-11 12:45:00-05:00,0.0005569805933659957,-0.0002842254874653234,-0.0008839028282435183,0.0,0.0,-5.926277114442087e-05
2019-02-11 12:50:00-05:00,-0.0007915915801015483,-9.475978401854263e-05,-0.0012251567010287715,-9.234207203694521e-05,-0.0002936210841033427,-0.0002370862115839883
2019-02-11 12:55:00-05:00,-0.00011732613746477438,-0.000568747349328083,0.0012591674144066664,1.8469096584628315e-05,-0.00014684287838409072,-5.928033672957099e-05
2019-02-11 13:00:00-05:00,5.866478941027396e-05,0.00018961839355228585,3.400955668871664e-05,0.00025853154228797217,0.0,0.0002371002648847231
2019-02-11 13:05:00-05:00,-0.0003520403709312365,-0.00047411341680833033,-0.001191023229625412,-3.692898556498525e-05,-0.00029375046109734256,-0.00035567148186061023
2019-02-11 13:10:00-05:00,-0.0003521643469998084,0.00047411341680835104,-3.405008768245732e-05,0.00022155345990971137,0.0002937504610973386,0.0001778515537056158
2019-02-11 13:15:00-05:00,-0.0010572377713796769,-0.0008535660609286653,-0.0005449591415523277,-0.0005909183412029278,-0.0007345380086397088,-0.0006522770629748532
2019-02-11 13:20:00-05:00,-0.0006466404316794584,-9.488566284772455e-05,0.0006811525363833254,3.6942628102800985e-05,0.0,0.0
2019-02-11 13:25:00-05:00,-0.0012650967426710807,-0.0010443369410188842,-0.0023860665102428892,-0.0004064439902241407,-0.0008821584046316587,-0.0008901549457284632
2019-02-11 13:30:00-05:00,0.00020605507630710776,-0.0004750593913572034,-0.0009901836062979584,-0.00033266800040672743,-0.0002942258204380288,-0.0002968944858814489
2019-02-11 13:35:00-05:00,-0.0004121526200594833,0.0008549444806875787,0.0009901836062978224,-0.00014788797512864775,0.0,-0.00017817901098374976
2019-02-11 13:40:00-05:00,0.0009712310380118233,0.00028481914177165026,3.412678099476531e-05,0.00033271719345762905,0.0005883650975054436,0.0005344418179465751
2019-02-11 13:45:00-05:00,-0.0010301238531053585,-0.0015199736931009193,-0.00215226497853827,-0.0007395219327954756,-0.0011770765723049888,-0.0011286012483965734
2019-02-11 13:50:00-05:00,-2.9447708234207786e-05,0.00019012310528316066,0.0010937928353280985,0.00025889489012131906,0.00014721036387522178,0.0
2019-02-11 13:55:00-05:00,2.944770823413644e-05,-0.0002851982146910307,-0.0006492951958141812,-3.698088088897684e-05,0.0,0.00017828489974135346
2019-02-11 14:00:00-05:00,0.0007064849724247916,0.00047528518004961935,0.0016395126123579793,0.0002588374515266122,0.0005886248422473874,0.0002970708832969565
2019-02-11 14:05:00-05:00,-0.00035318009608669896,9.502993450111374e-05,0.0012278728647981422,-3.697267719578e-05,0.0,-5.9407116990157656e-05
2019-02-11 14:10:00-05:00,0.00011774055881488623,0.00047501425935921125,0.000885860364575481,7.394398746324833e-05,0.00014710208911506562,0.00023760729566185378
2019-02-11 14:15:00-05:00,0.0005002427753031379,0.000569719428598987,0.0007829920909313879,0.00022179916176912152,0.00029413927706739746,0.00041567696560520454
2019-02-11 14:20:00-05:00,-0.00044137769405233233,-0.0010447336879581175,-0.0022826004289462666,-0.0005545901720880745,-0.0007355104774058292,-0.0009503727958348401
2019-02-11 14:25:00-05:00,-0.0008244266285638618,-0.0001900689005485863,-0.000443496808975024,-0.00020342681790382335,-0.0002943557310238682,-0.00017829549553950537
2019-02-11 14:30:00-05:00,0.0008538578698286818,0.0,0.0008867970157196259,5.548414541960354e-05,0.0,0.0
2019-02-11 14:35:00-05:00,-0.00017660044195996408,0.0004751045319319605,0.0011925247158498795,1.8494031051918384e-05,0.0002943557310239043,0.0003565592074619667
2019-02-11 14:40:00-05:00,-0.00038274131570855384,-0.0007602756365260626,-0.0023864732449991187,-0.00035144509032260685,-0.0005887981328569095,-0.0004159981042935267
2019-02-11 14:45:00-05:00,0.0013536580255475571,0.000665272786369181,0.0014666510124317354,0.0006288145204425449,0.0007359435127573654,0.000772430222600631
2019-02-11 14:50:00-05:00,-0.0026206931858455953,-0.0024732473962801736,-0.004098366392282248,-0.0012210013726947598,-0.0020620082422157845,-0.001842934948817382
2019-02-11 14:55:00-05:00,-0.0006783760527963738,0.000951973035861806,0.0005132153050804507,0.000259124899650843,0.0004422169883383469,0.000416443577914358
2019-02-11 15:00:00-05:00,0.0004129793569018694,0.0004756468887241702,-0.0003421142695018026,0.0004440579568592239,0.0005893186174243095,0.0003270840486483611
2019-02-11 15:05:00-05:00,0.0012084593615685488,0.0011406303218512218,0.0008208777011212422,0.0005178185161846336,0.0010304726364530083,0.0010994073222544024
2019-02-11 15:10:00-05:00,0.0006184018925817242,-0.00028503563138338297,0.00013674746183823437,0.00029577595187440766,0.0,0.00023755085184597877
2019-02-11 15:15:00-05:00,-0.00017664723593014092,-0.0001900689005485863,0.0002734388368543528,-3.696721008884737e-05,-0.00029431241475063506,-0.0001781578483244826
2019-02-11 15:20:00-05:00,-0.0006774369580018637,-9.504799931106418e-05,0.0004783381258349796,-0.00018485655184265822,-0.0002943990600490903,-0.00017818959419926803
2019-02-11 15:25:00-05:00,0.000912959672312449,0.0007601311592186689,-0.00017080877998637876,0.000591420720659946,0.0005887114747997636,0.00047510171039486865
2019-02-11 15:30:00-05:00,-0.0014729278571746413,-9.498480250291542e-05,3.416409012823722e-05,0.0002586366169967866,0.0,0.0
2019-02-12 10:05:00-05:00,0.0016738863022980354,0.0022593561034953795,0.001332090246266353,0.0006956904092238452,0.0017506751863539608,0.0011756063073279574
2019-02-12 10:10:00-05:00,0.0005280140926429549,0.0014095097240554295,-0.001665390252684697,-0.0004027091396176064,0.00014575134845807856,0.0004111359155764013
2019-02-12 10:15:00-05:00,-0.0024664545492493694,-0.0018797881375383443,-0.002035539202882569,-0.0005494103134318576,-0.0014584703234323925,-0.0007049079505915881
2019-02-12 10:20:00-05:00,0.0008228276346579794,0.0015041130920305397,0.002102208091870281,0.000549410313431839,0.0010211525322062064,0.0007049079505914936
2019-02-12 10:25:00-05:00,-0.0010580456534425736,-0.0003758162302890887,0.0009328980486004537,-3.661796477760695e-05,-0.0005833880425067929,-5.872335429497678e-05
2019-02-12 10:30:00-05:00,-0.0012946890141573954,-0.0006580184482587075,-0.002600955149297459,-0.00029299199975221357,-0.0004377644896993762,-0.00023492790757918258
2019-02-12 10:35:00-05:00,0.0014123049394893033,0.0,0.0005340810594940619,-0.00014652819778199696,0.0002918642851801464,0.0
2019-02-12 10:40:00-05:00,-0.0002352456857970231,0.0012216898427688952,0.00036701533535119836,0.00014652819778213642,0.0,5.8737151265103996e-05
2019-02-12 10:45:00-05:00,-0.0004118131603086339,-0.0010336403852073937,-0.003040277637102027,-0.0008794914175205907,-0.0008758485342027427,-0.0012342052698035126
2019-02-12 10:50:00-05:00,8.825995504479158e-05,0.0015969942332598663,-0.0004016064311006792,0.00040319625207171434,0.0005839842490225316,0.0004115710312093541
2019-02-12 10:55:00-05:00,0.0010878994325048152,0.0019692429469575492,0.0044088247767208365,0.0010621933457847779,0.0017499093054583888,0.0015859034160910625
2019-02-12 11:00:00-05:00,0.0015562834401859013,0.0020588655440891873,0.0016316748263035315,0.0014266903210123209,0.0016013979255744086,0.0018763381739944787
2019-02-12 11:05:00-05:00,-0.0008218856867489897,9.348415450385246e-05,-0.0011652102858091817,0.0001462121907020381,0.00014545454571077143,-5.8582308159853235e-05
2019-02-12 11:10:00-05:00,-0.00029369438373743175,-0.0011223870607259192,0.0006327111884593114,0.00036543697532512564,-0.0001454545457108779,0.0
2019-02-12 11:15:00-05:00,0.0007340742919158775,0.000654878870817857,0.0007986423505262169,0.0007669832370146974,0.0005816912837616086,0.0006442167133488104
2019-02-12 11:20:00-05:00,-0.0017038782030591687,0.0003740240354042457,-0.0018978180794798202,-0.0001095330243163925,-0.0001453911023205109,-0.0003513394853883348
2019-02-12 11:25:00-05:00,-0.00120621953107866,-0.0013096966182880206,-0.0013005854466994185,-0.00040172376553699994,-0.0007272727593290408,-0.0008202724936275181
2019-02-12 11:30:00-05:00,0.0011180088839964862,0.0014031807727918348,0.001866978371934613,0.00040172376553691824,0.00043642712359859954,0.000644556450300611
2019-02-12 11:35:00-05:00,-2.9405278249691456e-05,-0.0002804786854587409,-9.99283847407263e-05,-0.0004747817919068374,-0.0001454545457108779,-0.00017574692488123205
2019-02-12 11:40:00-05:00,-0.0007942695344534622,0.0005608787246826296,-0.0021008060813403734,9.132169901236262e-05,0.00014545454571077143,-5.8589172737569106e-05
2019-02-12 11:45:00-05:00,8.828333069328208e-05,0.0006539611593302709,0.0010342815168400048,0.0002739150697806969,0.00014543339176313256,0.00011717491298501849
2019-02-12 11:50:00-05:00,0.00026480323803124807,-0.0007474191033235529,-0.001167815150822657,-0.00014607870015936387,-0.00014543339176311087,-0.00011717491298509847
2019-02-12 11:55:00-05:00,0.0008821713748806295,0.0007474191033235188,0.0018678501811605413,0.000657186171629413,0.0010175898537630196,0.0007613916263339995
2019-02-12 12:00:00-05:00,-0.001382414150183701,0.0,-0.00029995500899810713,0.000328431196617016,-0.00029063431142594765,-0.00017565431276499765
2019-02-12 12:05:00-05:00,0.0003531385222538857,-0.0006539611593304042,0.0019314668497474464,0.00021889422024243174,0.00014532771425080957,0.00017565431276510786
2019-02-12 12:10:00-05:00,-0.0006475159161960278,-0.0002804000392238353,0.0003326348033197379,-0.0006568264572290532,-0.0005814376208574503,-0.0006442167133488171
2019-02-12 12:15:00-05:00,0.00035324247519287114,-0.00037398906517893574,-0.0003991750435547382,-0.00032857508236166247,-0.00014541224396721032,0.0
2019-02-12 12:20:00-05:00,-0.0005299105164037022,-0.0007483979955469572,-0.000798828427514661,-0.0007670953035418194,-0.0007273785598559286,-0.0007618824725333797
2019-02-12 12:25:00-05:00,0.0007064849724247916,0.0001871520147698179,0.0010982246473787657,0.0006940639548030074,0.0007273785598558452,0.00046891944237217095
2019-02-12 12:30:00-05:00,0.0,0.0002806623650194719,0.0010305680671428051,-0.00016434003816816632,0.00014541224396722957,-0.00029304888265056854
2019-02-12 12:35:00-05:00,0.001000000083333275,0.001402131469196792,-0.0023285995685615535,0.00038341808559842435,0.000726744218032764,0.0005274261725641652
2019-02-12 12:40:00-05:00,0.0009402639308198212,-0.00018683731195467653,0.0004661539058207812,0.000328527106440786,0.0002905498676645188,0.00041002812195833313
2019-02-12 12:45:00-05:00,-0.001175468118538562,-0.00046724606027136775,-0.0004994589298866804,-0.00051108881280442,-0.0008719029833768197,-0.0006444054118717892
2019-02-12 12:50:00-05:00,-0.0010885395523307286,-0.0008415934665429461,-0.0009329913042250944,-0.0005478851769751762,-0.0008726638616495577,-0.0004689194423722291
2019-02-12 12:55:00-05:00,0.0004708652235318843,-0.0007486781501736324,0.0007331378627500045,0.00014613206711544413,0.00029097257788784594,0.00023448720686637396
2019-02-12 13:00:00-05:00,0.0003235912776261241,0.00028081999622903527,0.00013324006548468977,0.0005112941330821378,0.00029088793747401946,0.0002930317081273338
2019-02-12 13:05:00-05:00,-0.0001176574404981276,-0.00028081999622909094,-0.0005663929252351143,3.651100807297473e-05,-0.00014543339176311087,-5.8599472621494654e-05
2019-02-12 13:10:00-05:00,0.000940872140208763,0.0,0.0006996152401698064,0.00018253504723594248,0.0002908456357303838,0.00023437728991365918
2019-02-12 13:15:00-05:00,0.00017631501661907308,-0.0003745493746674821,-3.330391487826156e-05,3.650301150240542e-05,-0.00014541224396721032,-0.0002343772899135606
2019-02-12 13:20:00-05:00,0.0,0.00037454937466760625,-0.0006996385486371116,7.300202583876147e-05,0.0002908033462877586,5.859947262135695e-05
2019-02-12 13:25:00-05:00,0.0005874923060611529,-0.0006555534979103301,0.0001333022296774991,0.00032844318228247523,0.0001453699668210863,0.00023436355753961337
2019-02-12 13:30:00-05:00,0.00011745705489934036,-0.0007497306006965436,-0.0009334889826060727,0.00032833534277685553,0.0,0.00017573662982381337
2019-02-12 13:35:00-05:00,0.0005577326843825176,0.00028121484999734205,0.0003668317450636351,0.0007292483596045779,0.00043598314889128724,0.0006441035472711911
2019-02-12 13:40:00-05:00,-2.9346597997670743e-05,0.0,-0.0015015268341041187,-0.00021871867397868847,0.0,-0.00011707888203043099
2019-02-12 13:45:00-05:00,0.000176066671034054,0.0007495198739421268,0.0007009931022258575,0.00018226888356088637,0.0001452854862355333,0.00011707888203040566
2019-02-12 13:50:00-05:00,0.00011736056111821172,0.0002809251821078712,0.0007005020550971471,0.0,0.0001452643814289724,0.00017559262556087995
2019-02-12 13:55:00-05:00,0.0012314550315980165,0.0004680333325165059,0.0016325990265592494,0.0005830372762409803,0.0008711434307726143,0.0007605452891025637
2019-02-12 14:00:00-05:00,-0.0006448587396639104,-0.000468033332516431,-0.00013317352529993988,0.0,-0.00029029683054596306,-0.00017545911847564077
2019-02-12 14:05:00-05:00,-0.00117353688105132,-0.001217912835574317,0.00046602976776335167,-0.0006559408430802856,-0.0005808466002265992,-0.0003510106216751409
2019-02-12 14:10:00-05:00,5.8709563804826254e-05,0.00046860356996195003,-0.0007990411931326782,7.290356683934187e-05,0.0,0.00011701723092074804
2019-02-12 14:15:00-05:00,0.00011740878818279653,-0.0005623506404347946,-0.0006330273912437679,-0.00021872664724576228,-0.00014526438142905537,-0.00011701723092083242
2019-02-12 14:20:00-05:00,0.000821475768654432,0.0004686474919406403,0.0008328475537630076,0.00010936930379099655,0.00043572985438858596,0.00035101062167511673
2019-02-12 14:25:00-05:00,0.00017594276040940244,0.0004684279643456726,0.0018298266770761572,0.0005466671662072145,0.0005806779578129846,0.0005847440449630591
2019-02-12 14:30:00-05:00,-0.000527921176033945,-0.0005621398939428671,0.0012290931173417465,-0.00043730982275246423,-0.00058067795781297,-0.0004677678787235491
2019-02-12 14:35:00-05:00,2.9336266962074793e-05,-0.0005624560729485278,0.00235430764468821,-0.0003281079139899675,-0.0004357298543886142,-0.0002339660175035602
2019-02-12 14:40:00-05:00,0.0004985849090718777,0.00037500586386117864,-0.0005300646140344152,0.0001458390304289944,0.0001452643814289724,0.00017547964481148983
2019-02-12 14:45:00-05:00,0.0002345422040128517,0.0007495901030302511,0.003011004011964353,0.00010936531672141648,0.0005808466002266081,0.00035086693731497886
2019-02-12 14:50:00-05:00,0.0002931004183009812,-0.0014997425129089708,0.0002312406068807771,3.6452447786039045e-05,-0.00014518002348364815,0.0
2019-02-12 14:55:00-05:00,-0.00046900191391726357,0.00042202997039142713,0.0005943732839097144,-0.00018227552819231153,0.0,-0.0006433501216169168
2019-02-12 15:00:00-05:00,-0.00046922197992773366,-0.0004220299703914473,-0.0020156966758776516,-0.0004740719219411945,-0.0005809309581718802,-0.0007608568785640615
2019-02-12 15:05:00-05:00,0.0005278592497932886,0.00046891119681284935,0.0018836442508730854,-3.6476381547178144e-05,0.0001452643814289724,0.0002927057742476405
2019-02-12 15:10:00-05:00,0.0005275807614018779,0.00018750293028271486,-0.0002971817288128892,0.0003282395448705991,0.00029046547295955754,0.000117058324443709
2019-02-12 15:15:00-05:00,0.00011720237934247596,0.0014051524560249953,-0.0009581867875567028,0.0001093892435000256,0.00014520110378340976,0.0004680963193631608
2019-02-12 15:20:00-05:00,0.0,-0.00018723962045061795,0.0003966024443036925,-0.00010938924350000103,0.0,0.0
2019-02-12 15:25:00-05:00,0.0014638719091472831,0.0008423023427332707,0.0011228534865347552,0.0004374851962810943,0.0007256894367821493,0.0007017338962270149
2019-02-12 15:30:00-05:00,0.00026326951637332496,-0.00018711699544707094,0.001418276207856422,0.0001457858772511846,-0.00014509576345858518,0.00017535655878458083
2019-02-13 10:05:00-05:00,0.0005537179385798179,0.0012123474393611262,0.00016345478059898985,0.00010887711413828356,0.00014444604965167172,0.0005238649712354582
2019-02-13 10:10:00-05:00,-0.0008744316751654645,-0.0013056658418177584,-0.004948152903935398,-0.0007987075884312209,-0.001590055264178333,-0.0018638791545050155
2019-02-13 10:15:00-05:00,-0.0017803725972352455,-0.00018666293395007595,-6.570302236259175e-05,-0.00010896411459283584,-0.0004340905870509117,-0.0009916006412136258
2019-02-13 10:20:00-05:00,0.0015762284707734866,-0.0005601979512543445,0.0023298177858855477,0.00010896411459288448,0.00014471780054203473,0.000116709946737585
2019-02-13 10:25:00-05:00,0.00023330417137033057,0.0006535337736109305,0.0023898002960338746,0.0005446425464142012,0.0010124386169997387,0.0009914849756588386
2019-02-13 10:30:00-05:00,-0.00026247102033179014,0.0005598320650065134,0.0030362908780004476,0.00021777398775787318,0.0004335886756756777,0.0002914262420810526
2019-02-13 10:35:00-05:00,-0.000437604849810212,-0.0014001682489115878,0.0005214444128057937,-0.00029037585728791367,-0.000578160021886991,-0.00034972168339416634
2019-02-13 10:40:00-05:00,0.0015453475003990665,0.002239329137316471,0.0016277634873217563,0.0006532271466695872,0.0013003903002833334,0.0010487983481409038
2019-02-13 10:45:00-05:00,0.0006407642789284042,-0.00018641935086844344,0.0016251181787044534,0.0003989844086298073,0.00028874612198022983,0.0004075691468353534
2019-02-13 10:50:00-05:00,-0.0002038350108246726,-0.0003729429906634601,-0.0004547669397849808,-7.253078028160049e-05,-0.00043315045436106937,-0.0001746521515762759
2019-02-13 10:55:00-05:00,-0.0008740495268449889,-0.00018652366573090824,-0.0016584021360463292,-0.00029017573971719293,-0.0010114146216913405,-0.0008737186017141435
2019-02-13 11:00:00-05:00,-0.00037899217689051936,0.0006526806758503999,0.001755869606355284,-0.00029025996611838875,0.0002890800049037352,-0.00017483536381166344
2019-02-13 11:05:00-05:00,0.000961776737938883,0.0012575395802688768,3.248704579337259e-05,0.0007254920060662196,0.000722334616787737,0.0007573992438511023
2019-02-13 11:10:00-05:00,-0.001428425913729788,-0.0016304478025550768,-0.0016907274153689978,-0.0005077891333426841,-0.0011559859679026818,-0.0008156844918712833
2019-02-13 11:15:00-05:00,-0.00029176635557399955,-0.0002797724535640869,0.00048800326303987334,-0.0003810111355773429,-0.00014459225010718347,0.00011656709906839979
2019-02-13 11:20:00-05:00,-0.001460110059660233,-0.0002798507480951206,-0.0012693041687258755,-0.0009622455557778138,-0.0010127315680383323,-0.0008745846280755149
2019-02-13 11:25:00-05:00,-5.8448769669933236e-05,0.0002798507480950653,0.0017570694007360056,-0.0002543327412612613,-0.00014475969915273614,0.0001166554873147634
2019-02-13 11:30:00-05:00,-0.0007016518340778193,-0.0014000375630139935,-0.00211536975798348,-0.0006906579700204546,-0.0005792484413646418,-0.0010503896160230445
2019-02-13 11:35:00-05:00,-0.0013462103291506662,-0.0015890824058086297,-0.0022178020244718274,-0.00141916256852262,-0.0014495907445233284,-0.001519179935170032
2019-02-13 11:40:00-05:00,0.00017569546165238358,0.0003741289853300508,9.794798969587632e-05,0.00025486983571415284,0.00029008630270881683,0.00023387026153907987
2019-02-13 11:45:00-05:00,-0.0004685898460320631,0.0,-0.001143323930179972,-0.0002912851155696586,-0.00014503263259680265,0.0
2019-02-13 11:50:00-05:00,-2.9294157282444868e-05,0.0006543891044028037,0.001404471676000483,0.0006552722344444663,0.0005800043662924399,0.0005844364737814211
2019-02-13 11:55:00-05:00,0.0008491823470426048,0.0012141591105846855,0.0019564373007119763,0.00054573238638863,0.0010141988698952537,0.0008176376568815081
2019-02-13 12:00:00-05:00,0.0007607233089664208,-0.000280059747909556,0.0017575268966654775,0.00029093554164669443,0.00028958227958813756,0.0002918515080252313
2019-02-13 12:05:00-05:00,0.0004970833009269243,0.0006533507792613714,0.0006501528088064008,7.272066179018822e-05,0.0004342162465097166,0.0004084490662457307
2019-02-13 12:10:00-05:00,-0.0006140799959037245,-0.0006533507792614415,-0.0005526029363567184,-0.000545533909369131,-0.000578996904066936,-0.0004668125540643559
2019-02-13 12:15:00-05:00,-0.00020477715928621235,-0.0002801382033448234,0.0005526029363567314,-0.00010914250383731613,0.0,0.0
2019-02-13 12:20:00-05:00,-0.0006145832002515159,0.00018676752167098206,-0.0006501528088063721,-0.0002547121766190568,-0.0004344677838074373,-0.0005254247304018277
2019-02-13 12:25:00-05:00,-0.0005270863958046885,-0.0006538389920958105,-0.0016923781947304943,-0.0004732090944447424,-0.0002897500925740645,-0.000292021962126657
2019-02-13 12:30:00-05:00,0.000439257953971024,0.0002802690601306266,0.0006838052398457278,0.0004368163438766108,0.00043459366177290686,0.000292021962126731
2019-02-13 12:35:00-05:00,0.0006146371639211452,-9.341429245475782e-05,0.0013337021966213184,7.278417675230184e-05,0.00014482259257753025,0.00011678491152206254
2019-02-13 12:40:00-05:00,-0.0013175425349422447,-0.0004672024005745372,0.0010072293922774645,-0.0001819703757251352,-0.00014482259257757324,-0.00035039565867882056
2019-02-13 12:45:00-05:00,0.0010834395871023358,0.0004672024005745138,0.0011684140110858766,0.0003639076442570468,0.0005791645713184281,0.0008757590470978224
2019-02-13 12:50:00-05:00,-0.0011127380357517514,0.00018681985949439234,-0.0007138685487142172,0.0002546565787917688,0.0,-5.836008172074345e-05
2019-02-13 12:55:00-05:00,-0.0007034204106099145,-0.00102794140441147,-0.0013967616894604608,-0.0005821674987499218,-0.0008688726924147698,-0.0007589911620780872
2019-02-13 13:00:00-05:00,0.0005276116900445502,0.000373919144342517,-0.0005527466772716745,0.0002911261142490033,0.00043453071367375716,0.0003503751970207284
2019-02-13 13:05:00-05:00,0.0007908959505370941,-0.00037391914434249673,-6.504911210255037e-05,-3.638612961158054e-05,-0.00028966616177639274,5.8383932758257826e-05
2019-02-13 13:10:00-05:00,0.0003220376226324116,0.0001869770491118589,0.0007478094409908412,0.0005092853745104292,0.00043446778380745905,0.00035023203229912346
2019-02-13 13:15:00-05:00,0.00011707888203040566,-0.0002804786854587409,-0.0002925544903599782,-3.6368926393430766e-05,0.0,5.836008172072233e-05
2019-02-13 13:20:00-05:00,-5.8537727582194795e-05,0.0,0.0008124401272322085,3.6368926393573975e-05,0.0,-5.836008172074345e-05
2019-02-13 13:25:00-05:00,0.0007899703440503891,0.0005608787246826296,0.0008117806040585654,0.0002545454559197637,0.0005789969040670274,0.0004084490662457307
2019-02-13 13:30:00-05:00,-0.0007607010519261298,-9.345794399317723e-05,9.736940336475506e-05,0.00010907107809385109,-0.00014471780054205755,0.00011666909740511543
2019-02-13 13:35:00-05:00,0.00026338508514755273,-0.0002804262497345502,0.002528282439770893,-0.00021815405398565825,0.0,5.83294447201098e-05
2019-02-13 13:40:00-05:00,-0.00017558234857238453,-0.00037402403540420375,0.0008089960800418163,-7.2728595097327e-05,0.0,5.8326042594575785e-05
2019-02-13 13:45:00-05:00,0.0005851546438069086,9.351912472913717e-05,-0.0006795127184727034,7.272859509743669e-05,0.00014471780054203473,0.0
2019-02-13 13:50:00-05:00,-0.0005266237687534408,9.351037972023326e-05,0.0008412334271617637,-7.2728595097327e-05,-0.00014471780054205755,-5.83260425946371e-05
2019-02-13 13:55:00-05:00,0.0002926029983421388,0.000186994530954944,0.000678941523954705,0.0,0.0002894146608726605,0.0
2019-02-13 14:00:00-05:00,-0.0010537717217839338,-0.00046755190677819986,0.0005815832151007032,-3.636628118810101e-05,-0.0002894146608728033,-0.00017499854212528959
2019-02-13 14:05:00-05:00,0.000556295670848249,0.0005610360612820929,0.00016149088419048594,0.0005090076279251103,0.0005787455851331899,0.0004082823037175417
2019-02-13 14:10:00-05:00,-0.0002634699000881244,0.00028040003922393236,-0.0008400375279938218,-0.0001454043151293115,0.0,-5.831583859842379e-05
2019-02-13 14:15:00-05:00,5.8554865926120076e-05,0.0005605643160756493,-0.0006143201447702979,-0.00014542546061866474,0.00014463407604063447,-0.00011664188039928575
2019-02-13 14:20:00-05:00,-0.0001756748847992028,0.0,-0.00022642363959543934,7.271537387981548e-05,0.00028920541015654,5.832264086557873e-05
2019-02-13 14:25:00-05:00,-2.9282148140428928e-05,9.339684325471382e-05,0.0012285411004975789,-3.635702599924421e-05,0.0,0.0
2019-02-13 14:30:00-05:00,-0.0003221602335702877,0.0003735001677483398,0.0018399863157146405,0.0003271656577948074,0.00014457134621123042,0.00023325655410877348
2019-02-13 14:35:00-05:00,-0.00041017227810499134,0.00018669778350598776,0.0009348355853832018,0.0,-0.00014457134621126964,-5.8309037917313366e-05
2019-02-13 14:40:00-05:00,-0.0001758396347066385,0.0,-0.00025779840307785777,3.634513339064561e-05,0.0,-0.00017494751619151122
2019-02-13 14:45:00-05:00,0.0020495410348306113,0.0012126867157799738,0.001899702736653525,0.0006539866165838747,0.001011560779898705,0.0008744316751655505
2019-02-13 14:50:00-05:00,0.0010524162692648457,-9.32314004031694e-05,0.000932430979248985,0.0003268329912523807,0.0004332130031651373,0.00046605109928649844
2019-02-13 14:55:00-05:00,-0.0011109163277814454,-0.0007461642840248486,-0.0004500305453817513,7.261504950075555e-05,-0.0004332130031651171,-0.00029125648251552476
2019-02-13 15:00:00-05:00,0.0,-0.000466635566097077,0.0012531531289871219,-3.6306865632202516e-05,-0.00014444604965174702,-0.00011652634965272251
2019-02-13 15:05:00-05:00,-0.0010535866817916173,9.334453474518438e-05,-0.0028620603846991346,-0.00025418497540532516,-0.0004334633791320327,-0.0006411377500031568
2019-02-13 15:10:00-05:00,0.000146397880420134,-9.334453474519771e-05,-0.0013857336130877233,-0.0001452775712145834,-0.00014452955654576475,-0.0001749271141485017
2019-02-13 15:15:00-05:00,8.782844183370542e-05,0.0004666355660969392,0.00038690956471695875,0.0003994625466200451,0.0004335260183506287,0.00040811567730635317
2019-02-13 15:20:00-05:00,-0.0007614362225795684,-9.330969494520564e-05,-0.002517592188972782,0.00010891664257061019,-0.000288996461804909,-0.00011658748446568198
2019-02-13 15:25:00-05:00,0.0007614362225795016,0.00018661068400328056,-0.0017142953756000593,0.000181501379908796,0.00014450867077206878,0.0001165874844657004
2019-02-13 15:30:00-05:00,0.00046828812281984953,0.0002798507480950653,0.0,0.00018146844313589422,0.00014448779103295913,0.0
2019-02-14 10:05:00-05:00,0.0012004979115461266,0.0021618581593936944,-0.0011273776781507102,0.0001095690285975172,0.0010128781071414895,0.0006441412648790944
2019-02-14 10:10:00-05:00,-0.0009954328026559407,-0.0009393641196126786,-0.0024200976623627245,0.0002921253969032062,-0.0011576587646986904,-0.00040986006780196945
2019-02-14 10:15:00-05:00,0.001872933736463524,9.39761301320936e-05,-0.0011960757216377298,0.00047452183690806915,0.0008683696905756621,0.0006732528611422452
2019-02-14 10:20:00-05:00,0.0011980073605468496,0.0011270252425627234,-0.0005176653409248728,0.0008754491795518916,0.000867616278848873,0.0008482384936107398
2019-02-14 10:25:00-05:00,-0.0008179959556318093,-0.0014089801316487034,-0.0010361353083431742,-0.00032820363506620357,-0.0007229612807665836,-0.00035090797798434587
2019-02-14 10:30:00-05:00,2.922566598217513e-05,0.0009395406337779722,-0.0016211137356949945,0.00047403734843341007,0.00028924723609000135,0.0003509079779844707
2019-02-14 10:35:00-05:00,-0.0020185774425295158,0.0022981507664146163,-0.0012987858180017785,0.0011659047100683643,0.0007227522719942614,0.0010519857198801846
2019-02-14 10:40:00-05:00,-0.0034027606901784486,-0.00606162136079373,-0.008581783045201723,-0.0034652597141532565,-0.0049250479793702655,-0.004273260615011019
2019-02-14 10:45:00-05:00,0.0006168759834303872,0.0006596306307778193,0.0035656492740856805,0.0008765682914862269,0.0008708905405655165,0.0009967752217850568
2019-02-14 10:50:00-05:00,0.002815168569877399,0.0015060952628069087,0.007352735080852952,0.0013134134214472172,0.0023186735987723445,0.0018735916953612466
2019-02-14 10:55:00-05:00,-0.0007030495060654709,0.00037616965694904994,-0.0025315647547085123,-0.0008024365320332241,-0.0008688726924147698,-0.0007021855813841845
2019-02-14 11:00:00-05:00,-0.0003517101944283338,-0.0010348072419182042,0.0008445672095327679,-0.00014596675633059923,-0.0005796681562213626,-0.0005855315329628118
2019-02-14 11:05:00-05:00,-0.0014961498940512853,-0.0014128287176327216,-0.0034151372413085933,-0.001570489731119951,-0.0015958221869182719,-0.0014653305476419979
2019-02-14 11:10:00-05:00,8.807080898729584e-05,0.0005653710397948841,0.0025380724284710925,0.0012602396122875514,0.001015817820625748,0.0012896042116695245
2019-02-14 11:15:00-05:00,-0.000469800636999204,-0.00018842149945054728,-0.0001625038598244551,-0.0005294724569801685,-0.0004352241473023128,-0.00023434982677482256
2019-02-14 11:20:00-05:00,-0.00035249537714808753,0.0005651580238028074,0.0008447318478855367,0.0002921574018772753,0.00014509576345849353,0.0002929287032485518
2019-02-14 11:25:00-05:00,0.0002937547756274671,0.0011293587384547275,-0.00045476693978475864,-0.00040173843716249274,0.0,-0.00041012421479474253
2019-02-14 11:30:00-05:00,0.00020557701134044185,-0.0020714663026018534,-0.0005524951797214417,0.00014610537876432074,-0.0002902125827524493,-0.00011720924794385372
2019-02-14 11:35:00-05:00,-0.0019399788571571959,-0.0004713868287531731,-0.002604083369953192,-0.0007672914987864221,-0.0011616932984370996,-0.0012315272492465625
2019-02-14 11:40:00-05:00,0.0012055811037203596,0.0018842155463859708,0.0013028893410117835,0.0009133755338874024,0.0014519058811894754,0.0013487364971905293
2019-02-14 11:45:00-05:00,0.0018496504150359162,0.002350287816867993,-0.0011725239919369312,0.0010949505628880748,0.0014498009063575081,0.0015224713817687501
2019-02-14 11:50:00-05:00,0.00035192680285790637,0.000563248078725612,0.0013027196110382221,0.0005470260156102652,0.0005793323357049762,0.0005264697401508486
2019-02-14 11:55:00-05:00,0.0002638638477863739,0.00018767888198481584,-0.0021830157081827546,0.00010936930379099655,-0.0002896242146086779,-5.8482952236097516e-05
2019-02-14 12:00:00-05:00,0.0006154116858699122,-0.0006570302470263655,0.0006847416998065498,7.290622440137874e-05,0.0,0.0
2019-02-14 12:05:00-05:00,0.00020505309482309506,0.0004693513650416998,-0.00026079869748447644,0.000728770050655913,0.00028962421460871187,0.00035084642057990145
2019-02-14 12:10:00-05:00,0.0006441789869047458,0.00018767888198481584,0.001368434984821548,0.000182109557612899,0.00014478065755718598,0.0005260389390107856
2019-02-14 12:15:00-05:00,5.854115444827904e-05,0.0005628253982819048,-0.0002605099496969373,0.00010924981802559111,0.0,0.0002921243301915062
2019-02-14 12:20:00-05:00,0.0008777063173177021,0.0015929538600820714,0.003283968420903374,0.0012737000884946545,0.0011574912671909667,0.0015176724157571965
2019-02-14 12:25:00-05:00,0.0008769366244532521,0.0028982817595449165,0.0012003440264254028,0.0008724576593546822,0.0011561530300060595,0.0011076134978689318
2019-02-14 12:30:00-05:00,-0.0014034679652317487,0.0007465820887115702,0.0008426238507379786,-7.267573905332458e-05,-0.00014444604965174702,0.0
2019-02-14 12:35:00-05:00,0.00035105169596688407,-0.0014002989592089032,0.0008419144335137922,-0.0003816343081037376,-0.0004334633791320327,-0.0006411003833055502
2019-02-14 12:40:00-05:00,0.0005263465821265102,-0.0006541444958052723,0.0003883369519045702,-9.088678239797376e-05,-0.00014452955654576475,-0.00011660787699427698
2019-02-14 12:45:00-05:00,0.00023384291708669923,0.000560721476305175,0.00122873972647758,0.00021811440186805567,0.0005779929356777378,0.0003497828467177666
2019-02-14 12:50:00-05:00,0.0006427862080725321,-0.0001868722266591696,-0.000517180087165535,-0.0003271894456062774,-0.00014446691732711026,-5.828864538831525e-05
2019-02-14 12:55:00-05:00,-0.000935098399572143,-9.344921042217933e-05,-0.00022635042375643904,3.6359669858473895e-05,-0.000288996461804909,-0.00017488632433525743
2019-02-14 13:00:00-05:00,-0.00011694880579364467,-9.345794399317723e-05,0.0015510893047087225,0.00021813026098525842,0.00028899646180481024,0.0004080205232638051
2019-02-14 13:05:00-05:00,0.0008183545685413917,-0.0002804262497345502,-0.0009045096882345835,0.0,-0.00014448779103295732,-0.00011656030551999388
2019-02-14 13:10:00-05:00,0.0002336926368242482,9.348415450385246e-05,9.69508944481253e-05,0.0,0.00014448779103295913,0.00011656030552012551
2019-02-14 13:15:00-05:00,-0.0004674398986628879,-0.001028806675106413,-0.000711191599123622,-0.0003272132368770524,-0.0004335260183506676,-0.00037887067848463085
2019-02-14 13:20:00-05:00,-2.9222249823033885e-05,0.0008418296259946166,-0.0001940491597292445,-0.00010909487628537317,0.0,-8.745208360168299e-05
2019-02-14 13:25:00-05:00,-0.00020457966257272025,-0.0008418296259946054,-0.001132704533799447,-7.273653013608499e-05,-0.0002891217945692845,-0.0001749271141485017
2019-02-14 13:30:00-05:00,-0.0001461539588400546,-9.358038561949972e-05,0.0003885003933867393,0.00043633984293186564,0.00014457134621123042,0.0001749271141485413
2019-02-14 13:35:00-05:00,0.00020460956182620258,0.0007483979955470092,-0.0008095462126303946,0.0001817520906495158,0.0002890800049037352,0.00017489652000534864
2019-02-14 13:40:00-05:00,0.0,-0.00018704699610310542,0.00019435086871235914,-3.634777552009931e-05,0.00014450867077206878,-0.00017489652000530456
2019-02-14 13:45:00-05:00,5.8452186128455824e-05,0.00028055737582328776,0.00038858845733631334,-7.269951476268977e-05,0.00014448779103295913,5.830223882264737e-05
2019-02-14 13:50:00-05:00,-2.9225665982079392e-05,-0.0005611934861777134,0.00012949593724589112,-7.270480036665694e-05,-0.0004335260183506676,-0.0002332293529710729
2019-02-14 13:55:00-05:00,-0.0008479160778763671,-0.00037430403281716657,-6.474587247321587e-05,-0.00047271009207208747,-0.00043371404467646617,-0.000641661341504981
2019-02-14 14:00:00-05:00,-0.00035107223671781095,0.00037430403281711843,-0.0003885632921342439,0.00014547306046425824,0.00014459225010710777,0.0001166963271156383
2019-02-14 14:05:00-05:00,-0.0005561165646535553,-0.0007487482216058987,-0.00210734568739654,-0.00047286484221715553,-0.0005784944842795832,-0.0006419983878730235
2019-02-14 14:10:00-05:00,0.0004683292440125266,0.0013099417077835763,0.0006813204903025528,0.0008001018738250254,0.000867616278848873,0.0008753501959498501
2019-02-14 14:15:00-05:00,0.00043885955735875783,0.00028047868545877456,-0.00032438043621670163,7.270480036652791e-05,0.00028903822731772127,0.00023329736771411207
2019-02-14 14:20:00-05:00,0.00017548990978053078,-0.0006545726809367545,0.00029194712720556084,-0.00010905918289134595,-0.00014450867077195348,-0.00017496792299396343
2019-02-14 14:25:00-05:00,0.0003508874564497614,0.00028058361575777213,0.0011669369233458262,0.00021810647317414613,0.0,0.00023328376159230567
2019-02-14 14:30:00-05:00,0.000496879896817474,0.000841278793308345,-0.0004860582393454323,7.269158779793297e-05,0.00043346337913197547,0.0004664043226947655
2019-02-14 14:35:00-05:00,-0.0002922523912434755,0.0002802690601306266,0.00048605823934543755,-0.0001453884600470053,-0.00014446691732711026,-0.00034978284671784035
2019-02-14 14:40:00-05:00,-0.0003800558435479008,-0.00018683731195467653,-0.0007778066246423061,0.00014538846004693795,0.0,0.0001749067168638986
2019-02-14 14:45:00-05:00,-0.00023395233327940372,0.0,-0.0002594033736986127,0.00021804306436881495,0.0,0.0001165874844657004
2019-02-14 14:50:00-05:00,-0.0001755001759506091,-0.00037377938107456505,-0.0008759835096610421,-0.0003634315244159202,-0.0004335260183506676,-0.0004081156773063294
2019-02-14 14:55:00-05:00,-5.850690383126461e-05,-0.0005609311604096377,-3.245857474675424e-05,-0.00021812233113834234,-0.00014455044835794467,-0.00017495771899761264
2019-02-14 15:00:00-05:00,-0.0007023499747327251,-9.351912472910416e-05,-0.0010067387389226252,-0.0007638030486993841,-0.0005784108324085806,-0.0007001371387841934
2019-02-14 15:05:00-05:00,-0.0002927914760040404,0.0007479082291319499,0.0006496248644999657,0.0002546658434106472,0.00014463407604063447,5.8363487818508715e-05
2019-02-14 15:10:00-05:00,-0.0008202724936275181,0.0006539611593302709,0.0019787533826491456,0.00018186447509463963,0.00014461316004950255,0.0004084490662457307
2019-02-14 15:15:00-05:00,-0.00029311760087932743,-0.0009343611985542649,-0.0014593571690573591,-0.0005456926794318212,-0.000578578160350569,-0.0006419234580840691
2019-02-14 15:20:00-05:00,-0.00017591180999974382,0.0006541444958053586,0.0004866890639698295,0.00021831280673237068,0.0002893309242603391,0.0004085444202965564
2019-02-14 15:25:00-05:00,0.0004690294108791401,9.341429245467751e-05,-0.000778816238743211,0.00010913853328641924,0.00014463407604063447,0.0
2019-02-14 15:30:00-05:00,0.0005273952656668723,9.34055670395731e-05,0.00035703273720278587,-0.0001455206914799055,0.0,0.0
2019-02-15 10:05:00-05:00,-0.0006454073624454656,0.0006959426824145526,-0.0023749595545434067,-0.0005063199688643855,0.00014411298482962362,-0.00034961979204134263
2019-02-15 10:10:00-05:00,0.0004987604439677288,0.0005564056340513865,-0.0019993342214824883,0.00010851871958560411,0.0002881636789622696,0.0
2019-02-15 10:15:00-05:00,-8.79984747500074e-05,0.0011118833668089245,0.00034937826904965323,0.00025316455831421507,0.00043208988141657994,0.00017482517527036726
2019-02-15 10:20:00-05:00,0.0013191647204320255,0.001295636662667389,0.004688894663454539,0.0007229743478283521,0.0010074842533244453,0.0014556890890093802
2019-02-15 10:25:00-05:00,0.0013466832645927208,0.000832023714449321,0.0030612429820458874,0.0007585609379776607,0.00086275079044788,0.000697978798148979
2019-02-15 10:30:00-05:00,-0.0001462907971069082,-0.00046214992966023147,0.0017001452366732942,-0.0006140287702857192,-0.00028750090042058005,-0.0002907652963030907
2019-02-15 10:35:00-05:00,0.0,-0.0006473689304046867,0.006584334316328325,0.0,0.0005749191678299272,0.0003489082116051322
2019-02-15 10:40:00-05:00,0.0006727605372576216,0.0010171059591582874,-0.0006877579363257733,0.0004334712080444655,0.00043097256808435317,0.0005231341667781483
2019-02-15 10:45:00-05:00,-0.0009654063501215534,-0.0012021455118905178,-0.0007508212459710596,-0.0003973414298771324,-0.0012934753168739749,-0.0008138825551728902
2019-02-15 10:50:00-05:00,-0.00020490303767240652,0.0005550159709561057,0.0011572808322882625,0.00025287190366660135,0.00028758358095986035,0.0003488879232946623
2019-02-15 10:55:00-05:00,-0.0013182372685121276,-0.0019902346251511236,-0.005234055169057976,-0.0011203470633373057,-0.001582734143351808,-0.001338065241237671
2019-02-15 11:00:00-05:00,-0.0007917772880323697,-0.0009734165368714482,9.426699562343848e-05,-0.0002169864211178812,-0.0007202535603789585,-0.0007570904793518806
2019-02-15 11:05:00-05:00,0.0010848691157996002,0.000927084848304643,0.00835437203175212,0.001517917131291053,0.0015838736212525114,0.0016299447681121172
2019-02-15 11:10:00-05:00,-0.0009968628966366682,-0.0007415991069890199,-0.0024646306952385267,-0.0010478393790078761,-0.00071963157970316,-0.0011057441620144033
2019-02-15 11:15:00-05:00,-0.0008804109152693684,-0.0013919824073885356,0.0007806036023126077,-0.0007232880990871576,-0.001008355026379106,-0.0010486761425956969
2019-02-15 11:20:00-05:00,-0.0017043288190052006,-0.0018589957484568724,-0.0017181329687739994,-0.0003980315583017802,-0.001297952302207853,-0.001633463012326996
2019-02-15 11:25:00-05:00,-5.8821799375726547e-05,-9.304056575390251e-05,-0.001752410011611637,0.00032567396705432546,0.0,0.00011676445703213312
2019-02-15 11:30:00-05:00,0.001058263371149524,0.0018591685578292314,2.2204460492503128e-16,0.0009402405538540743,0.0014420652870374222,0.0012835099921371588
2019-02-15 11:35:00-05:00,0.0,-0.0007432526936669037,0.0011269017657835603,-0.00021690013641289407,-0.0001441129848296227,-5.830563817166768e-05
2019-02-15 11:40:00-05:00,-0.0004702010195951554,0.00018586496963506248,-0.0008450572481424,-0.0002531096339809545,-0.00043246360772014223,-0.0006999329516700059
2019-02-15 11:45:00-05:00,-0.0006174745487947871,-0.0013017808337973794,0.0023143814671575053,-0.0002893466211842079,-0.0004326507134116584,-0.0005252714022953967
2019-02-15 11:50:00-05:00,0.0005880796429297599,0.0008370536203027789,-0.0018761144929498302,0.00032550906287644437,0.00043265071341166446,0.0004085682657663744
2019-02-15 11:55:00-05:00,0.0010870364640005138,0.001764815616887402,-0.0008767261105773996,0.0006868380416778179,0.0008647402715122034,0.001108130289528605
2019-02-15 12:00:00-05:00,-0.0008812902659052617,-0.0012071688716402595,-0.004489592019134248,-7.227653003537162e-05,-0.0007205649540766175,-0.0007580617308616366
2019-02-15 12:05:00-05:00,-0.0005879586246518753,-0.00037172994248044477,-0.0009759323288727713,-0.0005422405511885373,-0.00043258832686134563,-0.00040842523468735963
2019-02-15 12:10:00-05:00,0.0007936624999567008,0.0014860913894602361,-9.449562964736538e-05,0.0005241706024164206,0.0008649896019756835,0.000933298402390966
2019-02-15 12:15:00-05:00,0.0007049493609605104,9.280742466047454e-05,0.0031136506732795752,0.0004516507912917722,0.0005762443435402663,0.000641137750003088
2019-02-15 12:20:00-05:00,0.00011744326036005821,-0.00018562346333846235,0.0019450376316469493,-7.225041998689331e-05,0.0001440092168385016,0.00023303912249734467
2019-02-15 12:25:00-05:00,0.001320287134151287,-0.0004642094596405935,-0.0005956579845373715,-0.00039747064660593516,-0.0001440092168386115,-0.0003495790521224616
2019-02-15 12:30:00-05:00,0.00020522141997287728,0.0002785515338345088,-0.0019147773251947987,0.00018068806062453626,0.0,0.00023306627927785164
2019-02-15 12:35:00-05:00,-0.0013787238723100199,-0.0008358874824957386,-0.0012575849741167696,-0.00014454783655136458,-0.0007203573283698845,-0.000524475536498059
2019-02-15 12:40:00-05:00,0.0005575853763632435,0.0008358874824957367,0.0017287719026854644,0.00014454783655141164,0.00043227666379189525,0.00034968091972723556
2019-02-15 12:45:00-05:00,0.0002053478453024785,0.00018565792580608323,-0.001665855078706169,0.0002167825859812344,0.00014405070609784475,0.0
2019-02-15 12:50:00-05:00,-0.0009684378095448928,-0.0008357322429043483,-0.0005349192242210831,-0.0003251915045277323,-0.0004322143850601866,-0.0003496809197271528
2019-02-15 12:55:00-05:00,-0.0011163338409607467,-0.00018581316539746727,-0.0034050099106758182,-0.00032529728844357447,-0.000576576592549762,-0.00046643151590470227
2019-02-15 13:00:00-05:00,-0.0004704083819435535,0.0001858131653973438,-0.0009162862613621674,-7.23026589616863e-05,-0.0001441961069550694,-0.00023329736771409728
2019-02-15 13:05:00-05:00,-5.88166098276772e-05,9.28936368526812e-05,-3.1611057550546664e-05,0.0,0.00014419610695503586,0.0001166554873147634
2019-02-15 13:10:00-05:00,5.8816609827745004e-05,-0.00046455450059659033,-0.0028490949659708917,-0.0005786095451184343,-0.0004326507134116584,-0.0005250568932246813
2019-02-15 13:15:00-05:00,0.00011762284249159585,-0.00018588224413384298,-0.002094507445917169,-0.00018088416227601624,-0.00014425851150236686,-0.0002334471398738714
2019-02-15 13:20:00-05:00,0.00014700910012793971,-9.29540807511434e-05,0.0019359861323943255,0.0002532286668382689,0.0,0.00011673038213280214
2019-02-15 13:25:00-05:00,8.819508759086419e-05,0.00046468402323161963,0.0003804089441975306,-3.617159806534106e-05,0.0002884962154882593,0.000233419894270173
2019-02-15 13:30:00-05:00,-0.0006175290214325427,-0.0008365867749496894,-0.0026976863877695447,-0.0006513125987847027,-0.0008657384567854544,-0.0005836519265692379
2019-02-15 13:35:00-05:00,0.0004411310671915208,0.000929497673464728,0.0038697038171031646,0.0003257093254042321,0.000721500752799645,0.0005253020607575138
2019-02-15 13:40:00-05:00,-0.00011761592533194173,0.0,-0.00022162769803708875,0.00021708062821549745,0.0,-5.8353270717319454e-05
2019-02-15 13:45:00-05:00,-5.8813150637356614e-05,9.29022668823148e-05,6.332721172410443e-05,-0.0001085344236079591,0.00014423770398596227,-0.00011671675774106176
2019-02-15 13:50:00-05:00,0.00032342953193535885,0.00027865502688205354,-0.0008235667237748672,0.0002170570687728792,0.00028841300942583317,0.00029176635557389227
2019-02-15 13:55:00-05:00,-0.00020580668944358748,0.00027857739988878654,0.002911118089168554,0.0006508886667806457,0.0005765765925498763,0.0006415864903662779
2019-02-15 14:00:00-05:00,5.880623347760878e-05,-0.00046433878991819873,-0.000726985413290398,-0.0005423777975020186,-0.0002882467412046831,-0.000291579194974518
2019-02-15 14:05:00-05:00,0.0004997134100664574,0.0011140510830533865,-0.0012655826532619332,0.000614672615802436,0.0007204611262648777,0.00046648591183824493
2019-02-15 14:10:00-05:00,2.9387131377405518e-05,0.0002783189553173888,-0.0022820929080091677,-7.229481830048537e-05,0.0,0.0001165874844657004
2019-02-15 14:15:00-05:00,-0.00029391018316452037,-0.00037110915673863797,-0.0029554323569709164,-0.00018075991517330127,-0.0004322143850601866,-0.00046643151590470227
2019-02-15 14:20:00-05:00,0.000822730925260841,0.0009275147907902518,0.0006045083781228189,0.0003614871621049752,0.000432214385060117,0.0004664315159048313
2019-02-15 14:25:00-05:00,0.0,0.0004634349883666356,0.0011126123694051367,0.00010842067231443319,0.0001440299584802094,0.00017485574445674255
2019-02-15 14:30:00-05:00,-0.0004700490700254796,-0.00037073080734170493,-0.0019080940755005881,-0.0003614479644650729,-0.0002880806645780393,-0.00040804430761450124
2019-02-15 14:35:00-05:00,0.0005875268228110617,0.00046339203794930984,0.0017810010114335337,0.00021688445565688067,0.00043208988141657994,0.00029147720854623226
2019-02-15 14:40:00-05:00,0.00020555286451567943,0.0006483883146755045,0.0014288665170976533,0.0004336278457020701,0.0005758295703631438,0.0006409509600619674
2019-02-15 14:45:00-05:00,0.000440328198393024,0.0,-0.0012700027107046814,0.0001083775876209528,0.00028779049051063933,0.000232971258224808
2019-02-15 14:50:00-05:00,0.0002934444530711107,-0.00027782922942183347,0.0015238098186662725,3.6123252541868446e-05,0.0,0.00017469283221518294
2019-02-15 14:55:00-05:00,-0.00035214367825819236,-9.26268989176128e-05,-0.0009521089931853038,7.224259065074993e-05,0.0,-0.0002329305586306893
2019-02-15 15:00:00-05:00,0.0003521436782581273,0.0,-0.0012073075334618412,0.0002889181839920011,0.0001438641924507588,0.00029115472167477784
2019-02-15 15:05:00-05:00,-0.0006456914993059348,-9.263547945498442e-05,-0.00041336110860610024,-0.00025279884569447586,-0.0001438641924508082,-0.0002911547216747242
2019-02-15 15:10:00-05:00,-0.0005286033248894052,-0.0003706277549953184,-0.0005408070882100215,-0.00021673560147699347,-0.00028779049051058577,-0.0003494976007616384
2019-02-15 15:15:00-05:00,-0.00011750536131738857,-0.0002780609898349372,-0.0005410997187803057,-0.00039747064660593516,-0.00043184108919254357,-0.0004661868911097434
2019-02-15 15:20:00-05:00,-0.0002938238253493405,-0.0002781383292546394,-0.0018164151518293963,-0.0005061003271152686,-0.0004320276564893629,-0.00023317496972354514
2019-02-15 15:25:00-05:00,0.0006169303505061563,0.000648869136596373,-0.0014044049547384506,0.0003253796124151305,0.0004320276564892914,0.00029146021774377175
2019-02-15 15:30:00-05:00,0.00032300216104989263,-9.266981750673977e-05,0.0043027269135581135,3.614675583275129e-05,0.0002879147792144761,5.8281851048164666e-05
2019-02-18 10:05:00-05:00,,,,,,
2019-02-18 10:10:00-05:00,,,,,,
2019-02-18 10:15:00-05:00,,,,,,
2019-02-18 10:20:00-05:00,,,,,,
2019-02-18 10:25:00-05:00,,,,,,
2019-02-18 10:30:00-05:00,,,,,,
2019-02-18 10:35:00-05:00,,,,,,
2019-02-18 10:40:00-05:00,,,,,,
2019-02-18 10:45:00-05:00,,,,,,
2019-02-18 10:50:00-05:00,,,,,,
2019-02-18 10:55:00-05:00,,,,,,
2019-02-18 11:00:00-05:00,,,,,,
2019-02-18 11:05:00-05:00,,,,,,
2019-02-18 11:10:00-05:00,,,,,,
2019-02-18 11:15:00-05:00,,,,,,
2019-02-18 11:20:00-05:00,,,,,,
2019-02-18 11:25:00-05:00,,,,,,
2019-02-18 11:30:00-05:00,,,,,,
2019-02-18 11:35:00-05:00,,,,,,
2019-02-18 11:40:00-05:00,,,,,,
2019-02-18 11:45:00-05:00,,,,,,
2019-02-18 11:50:00-05:00,,,,,,
2019-02-18 11:55:00-05:00,,,,,,
2019-02-18 12:00:00-05:00,,,,,,
2019-02-18 12:05:00-05:00,,,,,,
2019-02-18 12:10:00-05:00,,,,,,
2019-02-18 12:15:00-05:00,,,,,,
2019-02-18 12:20:00-05:00,,,,,,
2019-02-18 12:25:00-05:00,,,,,,
2019-02-18 12:30:00-05:00,,,,,,
2019-02-18 12:35:00-05:00,,,,,,
2019-02-18 12:40:00-05:00,,,,,,
2019-02-18 12:45:00-05:00,,,,,,
2019-02-18 12:50:00-05:00,,,,,,
2019-02-18 12:55:00-05:00,,,,,,
2019-02-18 13:00:00-05:00,,,,,,
2019-02-18 13:05:00-05:00,,,,,,
2019-02-18 13:10:00-05:00,,,,,,
2019-02-18 13:15:00-05:00,,,,,,
2019-02-18 13:20:00-05:00,,,,,,
2019-02-18 13:25:00-05:00,,,,,,
2019-02-18 13:30:00-05:00,,,,,,
2019-02-18 13:35:00-05:00,,,,,,
2019-02-18 13:40:00-05:00,,,,,,
2019-02-18 13:45:00-05:00,,,,,,
2019-02-18 13:50:00-05:00,,,,,,
2019-02-18 13:55:00-05:00,,,,,,
2019-02-18 14:00:00-05:00,,,,,,
2019-02-18 14:05:00-05:00,,,,,,
2019-02-18 14:10:00-05:00,,,,,,
2019-02-18 14:15:00-05:00,,,,,,
2019-02-18 14:20:00-05:00,,,,,,
2019-02-18 14:25:00-05:00,,,,,,
2019-02-18 14:30:00-05:00,,,,,,
2019-02-18 14:35:00-05:00,,,,,,
2019-02-18 14:40:00-05:00,,,,,,
2019-02-18 14:45:00-05:00,,,,,,
2019-02-18 14:50:00-05:00,,,,,,
2019-02-18 14:55:00-05:00,,,,,,
2019-02-18 15:00:00-05:00,,,,,,
2019-02-18 15:05:00-05:00,,,,,,
2019-02-18 15:10:00-05:00,,,,,,
2019-02-18 15:15:00-05:00,,,,,,
2019-02-18 15:20:00-05:00,,,,,,
2019-02-18 15:25:00-05:00,,,,,,
2019-02-18 15:30:00-05:00,,,,,,
2019-02-19 10:05:00-05:00,-0.0011176800481140093,0.0012024791015127483,0.004548385325290752,0.00021633705397258252,0.0008628748647841115,0.0004645895725136284
2019-02-19 10:10:00-05:00,-0.0020326707150450842,-0.00046232085890524305,-0.005806761557032254,3.605162593216031e-05,-0.0007190106723334207,-0.00040650407063836963
2019-02-19 10:15:00-05:00,0.002738719226371309,0.000739610813542662,0.0030174468910851636,0.0006126788673292564,0.0010064702503101,0.000986937670821419
2019-02-19 10:20:00-05:00,0.0005586017461907995,0.0001848172624581611,-0.0002511064390606499,-0.00021619673987467397,0.0,-0.00017409470796060202
2019-02-19 10:25:00-05:00,-0.00023516270427911603,-0.0001848172624582022,-0.0012250476630621349,-0.0003243827745149079,-0.0004312203602829062,-0.00023217343459793857
2019-02-19 10:30:00-05:00,0.0,9.241290090663728e-05,-0.00022003929361847412,0.00043248698708095576,0.000431220360282943,0.00040626814255856483
2019-02-19 10:35:00-05:00,-0.0011177786785658485,-0.0017573071484957995,0.00012574266779625124,-0.0011176408128813846,-0.0011503344427608627,-0.00121929992461896
2019-02-19 10:40:00-05:00,-0.00011773362780325368,-0.00027775206178005116,-9.430551851442115e-05,-0.00043297072711891035,-0.00014388489233441404,-0.0003486446474782182
2019-02-19 10:45:00-05:00,0.0005591113218555422,0.001387989489048236,0.0008798391718913583,0.0008657540717155375,0.0007192175223719482,0.0007552431660909396
2019-02-19 10:50:00-05:00,0.00032355320526387,0.00036980539412800976,-0.0023269718999796474,-0.0002885014174612818,-0.00028762493906491724,-0.00011615413666970897
2019-02-19 10:55:00-05:00,0.0002940484613048084,-0.0005547593873495707,0.001352818315204068,-0.00018035566185316024,-0.00014384349852194725,-0.000290444381943144
2019-02-19 11:00:00-05:00,0.00041152263955236066,0.0005547593873495877,-0.0001572104579634662,0.0,0.00014384349852190735,0.0002323622537977361
2019-02-19 11:05:00-05:00,0.00035259895173289435,0.00046206451242592026,0.0019476649891378812,0.0005770236559476848,0.0005751671738115187,0.000870877899908926
2019-02-19 11:10:00-05:00,8.813031541677183e-05,-0.00036963452807329644,-0.0009419448716803177,0.0002162980595681564,-0.0001437607823060871,-0.00017411491628437957
2019-02-19 11:15:00-05:00,0.0005579783707898698,9.242144184037848e-05,0.0015380513727747084,0.0003603928320833781,0.00028750090042047586,0.00017411491628427074
2019-02-19 11:20:00-05:00,-0.00035237116793908053,-0.00046219265012113227,-0.001066968029420934,-0.00014414154724856103,-0.0001437401181144133,-0.00029020837164630046
2019-02-19 11:25:00-05:00,-0.0002937375182676182,-0.0009250266604746736,-0.00015700312468473683,-0.0003604447927720287,-0.0007190106723334207,-0.00046450864530959464
2019-02-19 11:30:00-05:00,-0.0007641215912853261,-0.0002776749369932984,-0.000785385586135268,-0.00021632925396686858,-0.0005755809929393693,-0.0005228302663537773
2019-02-19 11:35:00-05:00,0.00041152263955236066,0.0007402952265172836,0.0005027178287921362,0.0003605227619041514,0.00043171680048860835,0.0005228302663536866
2019-02-19 11:40:00-05:00,0.0005875958684799629,0.0008321775792315126,-0.00018848957080202226,0.0005765662039690481,0.0007191140824780157,0.0006966820799075503
2019-02-19 11:45:00-05:00,-0.00041128085186079195,0.0010161663691960175,-0.001698006822668973,0.00028815848916192397,0.00028750090042047586,0.0
2019-02-19 11:50:00-05:00,0.002992608734992864,0.001752767976412321,0.0001258772069511001,0.0011518043206241004,0.001723271769895141,0.001681647250459833
2019-02-19 11:55:00-05:00,-0.0003516071412472996,0.0001843233035953804,0.0011321824022865405,0.00021581569423546125,0.00014347202320190636,0.00011587149863781813
2019-02-19 12:00:00-05:00,0.0006445186840560112,0.0007369536513350748,0.00047136460924605036,0.0006471677648710974,0.000573682339147126,0.0005212556587385295
2019-02-19 12:05:00-05:00,-0.00023432237007131154,-0.0002762939785489376,-0.0026740086715881734,-0.0006471677648710486,-0.00043023089721425545,-0.0006371271573764482
2019-02-19 12:10:00-05:00,-0.0007619271262987856,-0.00018423840501655386,-0.002144367129926364,-7.193338971230875e-05,-0.00043041607551144137,-0.0003476950749252172
2019-02-19 12:15:00-05:00,0.0009962494963701267,-0.00046074457136486007,-0.0007895277455400897,-7.193856449689159e-05,0.0,0.0
2019-02-19 12:20:00-05:00,-0.0004980006840578672,0.0003686126383716613,-0.00018957945015524768,7.193856449690814e-05,0.0002869646335785296,0.0001159117912568088
2019-02-19 12:25:00-05:00,8.790049669448973e-05,0.0004605748054889377,-0.0005689540881110623,0.00017982377318740547,0.0,5.795085768885113e-05
2019-02-19 12:30:00-05:00,0.00041010018736327837,0.00046036277398995505,0.0009164889635739351,0.0,0.00043029260560625414,0.00023176985357411097
2019-02-19 12:35:00-05:00,-0.0008496799561896357,-0.0004603627739899342,-0.0026569681928310324,-0.00028773356070973177,-0.0005737646288081074,-0.0005215577308773413
2019-02-19 12:40:00-05:00,0.00014654806069889804,-9.209799232893945e-05,9.501338112248618e-05,-0.00014389783278727586,0.00014347202320190636,-0.0001159386685741631
2019-02-19 12:45:00-05:00,0.0004102203526819471,9.209799232892377e-05,0.0008547144349770604,0.0003237410100220156,0.00028688230850105806,0.00034777568818851316
2019-02-19 12:50:00-05:00,0.0,-0.0002763194270137293,9.492319138900534e-05,-7.193338971230875e-05,-0.00014343086656823297,-5.795421618538669e-05
2019-02-19 12:55:00-05:00,-0.0003516071412472996,-0.00018425537847526825,-0.0006013324441799826,3.596734165789388e-05,-0.0002869234651347144,-0.000289821472003278
2019-02-19 13:00:00-05:00,-0.00035173081231399035,-0.000737361202125976,-0.0005066658330623868,-0.0001438771291801777,-0.0002870058138375802,-0.00023191767026688772
2019-02-19 13:05:00-05:00,-0.0007625081019338396,-0.000553377925120053,0.0006332921905077965,-0.0004317556330225797,-0.0005742588629569378,-0.0003479773849815638
2019-02-19 13:10:00-05:00,-0.00017604600714437435,-0.00046138230955970077,-9.496826484280268e-05,-0.00017995321265050439,-0.00014361625760699802,-0.00029007368074847865
2019-02-19 13:15:00-05:00,0.00011736744827294901,0.0007381095505101918,0.0013919647929268263,0.0001439651606799452,0.0002872118925468121,0.00023206567562728876
2019-02-19 13:20:00-05:00,-0.0005282620302458095,-9.223390524906578e-05,0.0003476886641108913,-7.197998959388589e-05,-0.00014359563493973032,-0.00011602610600385182
2019-02-19 13:25:00-05:00,-5.8713010819971125e-05,0.0,-0.0007271233110462867,0.00012596158188408745,0.0,0.00011602610600392004
2019-02-19 13:30:00-05:00,0.0007043287158373995,-0.0007381776575103894,0.0006955202455460187,8.996284540575014e-05,0.0,0.00011601264550844219
2019-02-19 13:35:00-05:00,0.0005865618844303813,-0.0006463527464174636,-3.160406428525532e-05,-0.0004678952000134579,-0.00028725314380619277,-0.00029005685317629715
2019-02-19 13:40:00-05:00,0.00017590149561632278,0.0005540422137200002,0.00018960940519473682,0.000251970772723879,0.0002872531438062251,0.00017404420766781883
2019-02-19 13:45:00-05:00,0.0006154116858699122,0.0002769060383209924,-0.0004424778833254265,0.00032386915969145983,0.00028717065313303746,0.00011601264550844219
2019-02-19 13:50:00-05:00,-0.0006154116858699643,-0.00046155267135253807,0.0014531213069976427,-7.196186024508098e-05,-0.000143575018193336,-0.00023203875151244738
2019-02-19 13:55:00-05:00,-0.00011726422575069047,-0.0007389276648972976,-0.0008842571237789316,-3.598287215674107e-05,-0.0004308487787458567,-0.0002901241751811969
2019-02-19 14:00:00-05:00,0.00046897442017901895,0.0006465915614152822,0.0005685407607347065,0.00014392372067655355,0.0002872531438062251,0.00029012417518125514
2019-02-19 14:05:00-05:00,0.0002051071692146895,0.0007384502112465032,0.0003788476761964565,0.00021584674964644673,0.0005742588629570085,0.00034803793964823323
2019-02-19 14:10:00-05:00,0.0003808017387140217,0.00018452737977360452,0.0003471509983894684,0.00025176233768418844,0.00028700581383756674,0.0004638622412340939
2019-02-19 14:15:00-05:00,0.00011714059813686879,-0.0012000370682264702,0.0009146390179208609,-0.00010789038347507334,0.0,-5.7971014508988653e-05
2019-02-19 14:20:00-05:00,0.0005854972502516317,0.0005540422137200002,-0.0012302258542570882,0.00021576912787115465,0.00014347202320190636,0.0
2019-02-19 14:25:00-05:00,8.779502793133583e-05,0.0008304881902077831,3.1563165788147746e-05,0.00046734012426234077,0.000573682339147126,0.0004057265458775569
2019-02-19 14:30:00-05:00,0.00043885955735875783,-0.00036902071547504077,-0.0004735521232598297,0.0,-0.00014338973354083146,-0.00011590507387422477
2019-02-19 14:35:00-05:00,-0.00029255163745023013,0.00036902071547506777,-0.0007897522168151395,7.187909938571405e-05,0.0001433897335408768,5.7954216185315114e-05
2019-02-19 14:40:00-05:00,0.0006435006657064869,-0.0001844933357014497,-0.0006638742044186885,0.0002874647426327097,0.00014336917587275884,0.00017384249913403283
2019-02-19 14:45:00-05:00,0.0008184024073546926,-0.0001845273797736064,0.0011378003755932852,0.0005028645424836338,0.000716537720540031,0.0009266499374457028
2019-02-19 14:50:00-05:00,-5.843510782934575e-05,0.0,-0.001011314162421972,-3.591051101037735e-05,-0.00014326647588981786,-0.0002894858751111267
2019-02-19 14:55:00-05:00,0.001022121721461361,0.00046125462072416426,0.0002213123833312527,0.0002513465004254393,0.00042973786651889144,0.0004052567646501522
2019-02-19 15:00:00-05:00,0.0006127719367123773,0.000645399247923757,-6.322711180652734e-05,0.0,0.00014320492649420554,5.7880419070569785e-05
2019-02-19 15:05:00-05:00,-0.0008755034703865567,-0.0009221264888742799,-0.00018970532496518562,-0.0003590857714940823,-0.0005729427930132181,-0.000521044416350117
2019-02-19 15:10:00-05:00,0.0003502933742798572,0.0008299520948558118,-9.486615973083478e-05,0.0004667863639513941,0.0002865124294364101,0.00046316399727952854
2019-02-19 15:15:00-05:00,-0.0006422982820370191,-0.0010144794746293501,-0.0018992155620125213,-0.00021541278558172576,-0.0005731069717720486,-0.00046316399727957836
2019-02-19 15:20:00-05:00,-0.0010519242415812384,-0.0008307948414719306,-0.0013316003362624743,-0.0002872892483802443,-0.0005734356117281519,-0.0005792568297051109
2019-02-19 15:25:00-05:00,0.00029231219149957046,-0.0002770850668877495,-0.0015875539133629174,-0.0004849878399041725,-0.00028684116367340374,-0.00011589164144510427
2019-02-19 15:30:00-05:00,0.00011690095579854694,-0.0002771618643019495,0.0002859457675679621,-0.0001257759931224446,-0.00014345144193281478,-0.0004057265458774395
