timestamp_utc,symbol,trading_date,action,path,rows,error,venue,start_time,end_time
2026-04-29T02:35:17.499408+00:00,AAPL,2019-01-01,skipped,data_new/thetadata_raw/trades/symbol=AAPL/date=2019-01-01/part.parquet,0,no_data,utp_cta,09:30:00,16:00:00
2026-04-29T02:35:19.617374+00:00,AAPL,2019-01-02,saved,data_new/thetadata_raw/trades/symbol=AAPL/date=2019-01-02/part.parquet,204894,,utp_cta,09:30:00,16:00:00
2026-04-29T02:35:26.155174+00:00,AAPL,2019-01-03,saved,data_new/thetadata_raw/trades/symbol=AAPL/date=2019-01-03/part.parquet,630648,,utp_cta,09:30:00,16:00:00
2026-04-29T02:35:32.524267+00:00,AAPL,2019-01-04,saved,data_new/thetadata_raw/trades/symbol=AAPL/date=2019-01-04/part.parquet,365930,,utp_cta,09:30:00,16:00:00
2026-04-29T02:35:35.661415+00:00,AAPL,2019-01-07,saved,data_new/thetadata_raw/trades/symbol=AAPL/date=2019-01-07/part.parquet,342120,,utp_cta,09:30:00,16:00:00
2026-04-29T02:35:38.272150+00:00,AAPL,2019-01-08,saved,data_new/thetadata_raw/trades/symbol=AAPL/date=2019-01-08/part.parquet,266114,,utp_cta,09:30:00,16:00:00
2026-04-29T02:35:40.995657+00:00,AAPL,2019-01-09,saved,data_new/thetadata_raw/trades/symbol=AAPL/date=2019-01-09/part.parquet,294292,,utp_cta,09:30:00,16:00:00
2026-04-29T02:35:43.142567+00:00,AAPL,2019-01-10,saved,data_new/thetadata_raw/trades/symbol=AAPL/date=2019-01-10/part.parquet,198696,,utp_cta,09:30:00,16:00:00
2026-04-29T02:35:44.914598+00:00,AAPL,2019-01-11,saved,data_new/thetadata_raw/trades/symbol=AAPL/date=2019-01-11/part.parquet,171246,,utp_cta,09:30:00,16:00:00
2026-04-29T02:35:46.825988+00:00,AAPL,2019-01-14,saved,data_new/thetadata_raw/trades/symbol=AAPL/date=2019-01-14/part.parquet,198110,,utp_cta,09:30:00,16:00:00
2026-04-29T02:35:48.617536+00:00,AAPL,2019-01-15,saved,data_new/thetadata_raw/trades/symbol=AAPL/date=2019-01-15/part.parquet,175820,,utp_cta,09:30:00,16:00:00
2026-04-29T02:35:50.828817+00:00,AAPL,2019-01-16,saved,data_new/thetadata_raw/trades/symbol=AAPL/date=2019-01-16/part.parquet,189980,,utp_cta,09:30:00,16:00:00
2026-04-29T02:35:52.756510+00:00,AAPL,2019-01-17,saved,data_new/thetadata_raw/trades/symbol=AAPL/date=2019-01-17/part.parquet,191674,,utp_cta,09:30:00,16:00:00
2026-04-29T02:35:55.054645+00:00,AAPL,2019-01-18,saved,data_new/thetadata_raw/trades/symbol=AAPL/date=2019-01-18/part.parquet,192106,,utp_cta,09:30:00,16:00:00
2026-04-29T02:35:55.774003+00:00,AAPL,2019-01-21,skipped,data_new/thetadata_raw/trades/symbol=AAPL/date=2019-01-21/part.parquet,0,no_data,utp_cta,09:30:00,16:00:00
2026-04-29T02:35:57.763339+00:00,AAPL,2019-01-22,saved,data_new/thetadata_raw/trades/symbol=AAPL/date=2019-01-22/part.parquet,198892,,utp_cta,09:30:00,16:00:00
2026-04-29T02:35:59.517861+00:00,AAPL,2019-01-23,saved,data_new/thetadata_raw/trades/symbol=AAPL/date=2019-01-23/part.parquet,152474,,utp_cta,09:30:00,16:00:00
2026-04-29T02:36:01.394484+00:00,AAPL,2019-01-24,saved,data_new/thetadata_raw/trades/symbol=AAPL/date=2019-01-24/part.parquet,169328,,utp_cta,09:30:00,16:00:00
2026-04-29T02:36:03.479414+00:00,AAPL,2019-01-25,saved,data_new/thetadata_raw/trades/symbol=AAPL/date=2019-01-25/part.parquet,212170,,utp_cta,09:30:00,16:00:00
2026-04-29T02:36:05.630700+00:00,AAPL,2019-01-28,saved,data_new/thetadata_raw/trades/symbol=AAPL/date=2019-01-28/part.parquet,172663,,utp_cta,09:30:00,16:00:00
2026-04-29T02:36:07.920834+00:00,AAPL,2019-01-29,saved,data_new/thetadata_raw/trades/symbol=AAPL/date=2019-01-29/part.parquet,217988,,utp_cta,09:30:00,16:00:00
2026-04-29T02:36:11.618612+00:00,AAPL,2019-01-30,saved,data_new/thetadata_raw/trades/symbol=AAPL/date=2019-01-30/part.parquet,368317,,utp_cta,09:30:00,16:00:00
2026-04-29T02:36:13.785431+00:00,AAPL,2019-01-31,saved,data_new/thetadata_raw/trades/symbol=AAPL/date=2019-01-31/part.parquet,234141,,utp_cta,09:30:00,16:00:00
2026-04-29T02:36:15.877397+00:00,AAPL,2019-02-01,saved,data_new/thetadata_raw/trades/symbol=AAPL/date=2019-02-01/part.parquet,186425,,utp_cta,09:30:00,16:00:00
2026-04-29T02:36:17.849650+00:00,AAPL,2019-02-04,saved,data_new/thetadata_raw/trades/symbol=AAPL/date=2019-02-04/part.parquet,198598,,utp_cta,09:30:00,16:00:00
2026-04-29T02:36:19.877743+00:00,AAPL,2019-02-05,saved,data_new/thetadata_raw/trades/symbol=AAPL/date=2019-02-05/part.parquet,222132,,utp_cta,09:30:00,16:00:00
2026-04-29T02:36:21.550006+00:00,AAPL,2019-02-06,saved,data_new/thetadata_raw/trades/symbol=AAPL/date=2019-02-06/part.parquet,165520,,utp_cta,09:30:00,16:00:00
2026-04-29T02:36:23.432548+00:00,AAPL,2019-02-07,saved,data_new/thetadata_raw/trades/symbol=AAPL/date=2019-02-07/part.parquet,207253,,utp_cta,09:30:00,16:00:00
2026-04-29T02:36:24.975394+00:00,AAPL,2019-02-08,saved,data_new/thetadata_raw/trades/symbol=AAPL/date=2019-02-08/part.parquet,154173,,utp_cta,09:30:00,16:00:00
2026-04-29T02:36:26.420350+00:00,AAPL,2019-02-11,saved,data_new/thetadata_raw/trades/symbol=AAPL/date=2019-02-11/part.parquet,141649,,utp_cta,09:30:00,16:00:00
2026-04-29T02:36:27.891927+00:00,AAPL,2019-02-12,saved,data_new/thetadata_raw/trades/symbol=AAPL/date=2019-02-12/part.parquet,141668,,utp_cta,09:30:00,16:00:00
2026-04-29T02:36:29.878286+00:00,AAPL,2019-02-13,saved,data_new/thetadata_raw/trades/symbol=AAPL/date=2019-02-13/part.parquet,147769,,utp_cta,09:30:00,16:00:00
2026-04-29T02:36:31.744079+00:00,AAPL,2019-02-14,saved,data_new/thetadata_raw/trades/symbol=AAPL/date=2019-02-14/part.parquet,147839,,utp_cta,09:30:00,16:00:00
2026-04-29T02:36:33.708259+00:00,AAPL,2019-02-15,saved,data_new/thetadata_raw/trades/symbol=AAPL/date=2019-02-15/part.parquet,153275,,utp_cta,09:30:00,16:00:00
2026-04-29T02:36:34.265709+00:00,AAPL,2019-02-18,skipped,data_new/thetadata_raw/trades/symbol=AAPL/date=2019-02-18/part.parquet,0,no_data,utp_cta,09:30:00,16:00:00
2026-04-29T02:36:36.020691+00:00,AAPL,2019-02-19,saved,data_new/thetadata_raw/trades/symbol=AAPL/date=2019-02-19/part.parquet,128606,,utp_cta,09:30:00,16:00:00
2026-04-29T02:36:37.819234+00:00,AAPL,2019-02-20,saved,data_new/thetadata_raw/trades/symbol=AAPL/date=2019-02-20/part.parquet,160817,,utp_cta,09:30:00,16:00:00
2026-04-29T02:36:39.304783+00:00,AAPL,2019-02-21,saved,data_new/thetadata_raw/trades/symbol=AAPL/date=2019-02-21/part.parquet,136255,,utp_cta,09:30:00,16:00:00
2026-04-29T02:36:40.745315+00:00,AAPL,2019-02-22,saved,data_new/thetadata_raw/trades/symbol=AAPL/date=2019-02-22/part.parquet,122119,,utp_cta,09:30:00,16:00:00
2026-04-29T02:36:42.341770+00:00,AAPL,2019-02-25,saved,data_new/thetadata_raw/trades/symbol=AAPL/date=2019-02-25/part.parquet,154852,,utp_cta,09:30:00,16:00:00
2026-04-29T02:36:43.671778+00:00,AAPL,2019-02-26,saved,data_new/thetadata_raw/trades/symbol=AAPL/date=2019-02-26/part.parquet,117998,,utp_cta,09:30:00,16:00:00
2026-04-29T02:36:45.043452+00:00,AAPL,2019-02-27,saved,data_new/thetadata_raw/trades/symbol=AAPL/date=2019-02-27/part.parquet,123679,,utp_cta,09:30:00,16:00:00
2026-04-29T02:36:46.601477+00:00,AAPL,2019-02-28,saved,data_new/thetadata_raw/trades/symbol=AAPL/date=2019-02-28/part.parquet,123946,,utp_cta,09:30:00,16:00:00
2026-04-29T02:36:48.074071+00:00,AAPL,2019-03-01,saved,data_new/thetadata_raw/trades/symbol=AAPL/date=2019-03-01/part.parquet,145249,,utp_cta,09:30:00,16:00:00
2026-04-29T02:36:49.902596+00:00,AAPL,2019-03-04,saved,data_new/thetadata_raw/trades/symbol=AAPL/date=2019-03-04/part.parquet,187046,,utp_cta,09:30:00,16:00:00
2026-04-29T02:36:51.878401+00:00,AAPL,2019-03-05,saved,data_new/thetadata_raw/trades/symbol=AAPL/date=2019-03-05/part.parquet,125687,,utp_cta,09:30:00,16:00:00
2026-04-29T02:36:53.464589+00:00,AAPL,2019-03-06,saved,data_new/thetadata_raw/trades/symbol=AAPL/date=2019-03-06/part.parquet,135437,,utp_cta,09:30:00,16:00:00
2026-04-29T02:36:55.169614+00:00,AAPL,2019-03-07,saved,data_new/thetadata_raw/trades/symbol=AAPL/date=2019-03-07/part.parquet,178861,,utp_cta,09:30:00,16:00:00
2026-04-29T02:36:57.062255+00:00,AAPL,2019-03-08,saved,data_new/thetadata_raw/trades/symbol=AAPL/date=2019-03-08/part.parquet,163247,,utp_cta,09:30:00,16:00:00
2026-04-29T02:36:59.041722+00:00,AAPL,2019-03-11,saved,data_new/thetadata_raw/trades/symbol=AAPL/date=2019-03-11/part.parquet,205916,,utp_cta,09:30:00,16:00:00
2026-04-29T02:37:01.435109+00:00,AAPL,2019-03-12,saved,data_new/thetadata_raw/trades/symbol=AAPL/date=2019-03-12/part.parquet,211660,,utp_cta,09:30:00,16:00:00
2026-04-29T02:37:03.903303+00:00,AAPL,2019-03-13,saved,data_new/thetadata_raw/trades/symbol=AAPL/date=2019-03-13/part.parquet,185036,,utp_cta,09:30:00,16:00:00
2026-04-29T02:37:06.028062+00:00,AAPL,2019-03-14,saved,data_new/thetadata_raw/trades/symbol=AAPL/date=2019-03-14/part.parquet,151110,,utp_cta,09:30:00,16:00:00
2026-04-29T02:37:08.299661+00:00,AAPL,2019-03-15,saved,data_new/thetadata_raw/trades/symbol=AAPL/date=2019-03-15/part.parquet,199033,,utp_cta,09:30:00,16:00:00
2026-04-29T02:37:10.624378+00:00,AAPL,2019-03-18,saved,data_new/thetadata_raw/trades/symbol=AAPL/date=2019-03-18/part.parquet,160636,,utp_cta,09:30:00,16:00:00
2026-04-29T02:37:12.847099+00:00,AAPL,2019-03-19,saved,data_new/thetadata_raw/trades/symbol=AAPL/date=2019-03-19/part.parquet,193384,,utp_cta,09:30:00,16:00:00
2026-04-29T02:37:15.076757+00:00,AAPL,2019-03-20,saved,data_new/thetadata_raw/trades/symbol=AAPL/date=2019-03-20/part.parquet,191639,,utp_cta,09:30:00,16:00:00
2026-04-29T02:37:18.339812+00:00,AAPL,2019-03-21,saved,data_new/thetadata_raw/trades/symbol=AAPL/date=2019-03-21/part.parquet,301306,,utp_cta,09:30:00,16:00:00
2026-04-29T02:37:21.409345+00:00,AAPL,2019-03-22,saved,data_new/thetadata_raw/trades/symbol=AAPL/date=2019-03-22/part.parquet,293053,,utp_cta,09:30:00,16:00:00
2026-04-29T02:37:24.468190+00:00,AAPL,2019-03-25,saved,data_new/thetadata_raw/trades/symbol=AAPL/date=2019-03-25/part.parquet,299991,,utp_cta,09:30:00,16:00:00
2026-04-29T02:37:27.939960+00:00,AAPL,2019-03-26,saved,data_new/thetadata_raw/trades/symbol=AAPL/date=2019-03-26/part.parquet,335132,,utp_cta,09:30:00,16:00:00
2026-04-29T02:37:30.134699+00:00,AAPL,2019-03-27,saved,data_new/thetadata_raw/trades/symbol=AAPL/date=2019-03-27/part.parquet,192467,,utp_cta,09:30:00,16:00:00
2026-04-29T02:37:32.225988+00:00,AAPL,2019-03-28,saved,data_new/thetadata_raw/trades/symbol=AAPL/date=2019-03-28/part.parquet,150067,,utp_cta,09:30:00,16:00:00
2026-04-29T02:37:34.032381+00:00,AAPL,2019-03-29,saved,data_new/thetadata_raw/trades/symbol=AAPL/date=2019-03-29/part.parquet,146983,,utp_cta,09:30:00,16:00:00
2026-04-29T02:37:36.382769+00:00,AAPL,2019-04-01,saved,data_new/thetadata_raw/trades/symbol=AAPL/date=2019-04-01/part.parquet,177799,,utp_cta,09:30:00,16:00:00
2026-04-29T02:37:38.574610+00:00,AAPL,2019-04-02,saved,data_new/thetadata_raw/trades/symbol=AAPL/date=2019-04-02/part.parquet,167567,,utp_cta,09:30:00,16:00:00
2026-04-29T02:37:40.553378+00:00,AAPL,2019-04-03,saved,data_new/thetadata_raw/trades/symbol=AAPL/date=2019-04-03/part.parquet,160606,,utp_cta,09:30:00,16:00:00
2026-04-29T02:37:42.305064+00:00,AAPL,2019-04-04,saved,data_new/thetadata_raw/trades/symbol=AAPL/date=2019-04-04/part.parquet,132019,,utp_cta,09:30:00,16:00:00
2026-04-29T02:37:43.990586+00:00,AAPL,2019-04-05,saved,data_new/thetadata_raw/trades/symbol=AAPL/date=2019-04-05/part.parquet,121929,,utp_cta,09:30:00,16:00:00
2026-04-29T02:37:46.153298+00:00,AAPL,2019-04-08,saved,data_new/thetadata_raw/trades/symbol=AAPL/date=2019-04-08/part.parquet,178145,,utp_cta,09:30:00,16:00:00
2026-04-29T02:37:48.625654+00:00,AAPL,2019-04-09,saved,data_new/thetadata_raw/trades/symbol=AAPL/date=2019-04-09/part.parquet,227507,,utp_cta,09:30:00,16:00:00
2026-04-29T02:37:50.753188+00:00,AAPL,2019-04-10,saved,data_new/thetadata_raw/trades/symbol=AAPL/date=2019-04-10/part.parquet,155563,,utp_cta,09:30:00,16:00:00
2026-04-29T02:37:52.820259+00:00,AAPL,2019-04-11,saved,data_new/thetadata_raw/trades/symbol=AAPL/date=2019-04-11/part.parquet,140046,,utp_cta,09:30:00,16:00:00
2026-04-29T02:37:55.190283+00:00,AAPL,2019-04-12,saved,data_new/thetadata_raw/trades/symbol=AAPL/date=2019-04-12/part.parquet,191640,,utp_cta,09:30:00,16:00:00
2026-04-29T02:37:57.098765+00:00,AAPL,2019-04-15,saved,data_new/thetadata_raw/trades/symbol=AAPL/date=2019-04-15/part.parquet,138389,,utp_cta,09:30:00,16:00:00
2026-04-29T02:37:59.634745+00:00,AAPL,2019-04-16,saved,data_new/thetadata_raw/trades/symbol=AAPL/date=2019-04-16/part.parquet,199135,,utp_cta,09:30:00,16:00:00
2026-04-29T02:38:02.046170+00:00,AAPL,2019-04-17,saved,data_new/thetadata_raw/trades/symbol=AAPL/date=2019-04-17/part.parquet,203380,,utp_cta,09:30:00,16:00:00
2026-04-29T02:38:03.945781+00:00,AAPL,2019-04-18,saved,data_new/thetadata_raw/trades/symbol=AAPL/date=2019-04-18/part.parquet,142813,,utp_cta,09:30:00,16:00:00
2026-04-29T02:38:04.507585+00:00,AAPL,2019-04-19,skipped,data_new/thetadata_raw/trades/symbol=AAPL/date=2019-04-19/part.parquet,0,no_data,utp_cta,09:30:00,16:00:00
2026-04-29T02:38:06.259043+00:00,AAPL,2019-04-22,saved,data_new/thetadata_raw/trades/symbol=AAPL/date=2019-04-22/part.parquet,113772,,utp_cta,09:30:00,16:00:00
2026-04-29T02:38:08.028180+00:00,AAPL,2019-04-23,saved,data_new/thetadata_raw/trades/symbol=AAPL/date=2019-04-23/part.parquet,162815,,utp_cta,09:30:00,16:00:00
2026-04-29T02:38:09.461961+00:00,AAPL,2019-04-24,saved,data_new/thetadata_raw/trades/symbol=AAPL/date=2019-04-24/part.parquet,120332,,utp_cta,09:30:00,16:00:00
2026-04-29T02:38:10.924736+00:00,AAPL,2019-04-25,saved,data_new/thetadata_raw/trades/symbol=AAPL/date=2019-04-25/part.parquet,143103,,utp_cta,09:30:00,16:00:00
2026-04-29T02:38:12.357742+00:00,AAPL,2019-04-26,saved,data_new/thetadata_raw/trades/symbol=AAPL/date=2019-04-26/part.parquet,137160,,utp_cta,09:30:00,16:00:00
2026-04-29T02:38:13.821933+00:00,AAPL,2019-04-29,saved,data_new/thetadata_raw/trades/symbol=AAPL/date=2019-04-29/part.parquet,133757,,utp_cta,09:30:00,16:00:00
2026-04-29T02:38:16.287234+00:00,AAPL,2019-04-30,saved,data_new/thetadata_raw/trades/symbol=AAPL/date=2019-04-30/part.parquet,272945,,utp_cta,09:30:00,16:00:00
2026-04-29T02:38:20.275496+00:00,AAPL,2019-05-01,saved,data_new/thetadata_raw/trades/symbol=AAPL/date=2019-05-01/part.parquet,424101,,utp_cta,09:30:00,16:00:00
2026-04-29T02:38:22.562309+00:00,AAPL,2019-05-02,saved,data_new/thetadata_raw/trades/symbol=AAPL/date=2019-05-02/part.parquet,227828,,utp_cta,09:30:00,16:00:00
2026-04-29T02:38:24.016942+00:00,AAPL,2019-05-03,saved,data_new/thetadata_raw/trades/symbol=AAPL/date=2019-05-03/part.parquet,144470,,utp_cta,09:30:00,16:00:00
2026-04-29T02:38:26.143492+00:00,AAPL,2019-05-06,saved,data_new/thetadata_raw/trades/symbol=AAPL/date=2019-05-06/part.parquet,224292,,utp_cta,09:30:00,16:00:00
2026-04-29T02:38:29.867372+00:00,AAPL,2019-05-07,saved,data_new/thetadata_raw/trades/symbol=AAPL/date=2019-05-07/part.parquet,288831,,utp_cta,09:30:00,16:00:00
2026-04-29T02:38:31.999658+00:00,AAPL,2019-05-08,saved,data_new/thetadata_raw/trades/symbol=AAPL/date=2019-05-08/part.parquet,190523,,utp_cta,09:30:00,16:00:00
2026-04-29T02:38:35.860653+00:00,AAPL,2019-05-09,saved,data_new/thetadata_raw/trades/symbol=AAPL/date=2019-05-09/part.parquet,282327,,utp_cta,09:30:00,16:00:00
2026-04-29T02:38:38.830038+00:00,AAPL,2019-05-10,saved,data_new/thetadata_raw/trades/symbol=AAPL/date=2019-05-10/part.parquet,317140,,utp_cta,09:30:00,16:00:00
2026-04-29T02:38:43.093815+00:00,AAPL,2019-05-13,saved,data_new/thetadata_raw/trades/symbol=AAPL/date=2019-05-13/part.parquet,442577,,utp_cta,09:30:00,16:00:00
2026-04-29T02:38:45.832788+00:00,AAPL,2019-05-14,saved,data_new/thetadata_raw/trades/symbol=AAPL/date=2019-05-14/part.parquet,266792,,utp_cta,09:30:00,16:00:00
2026-04-29T02:38:48.213267+00:00,AAPL,2019-05-15,saved,data_new/thetadata_raw/trades/symbol=AAPL/date=2019-05-15/part.parquet,209569,,utp_cta,09:30:00,16:00:00
2026-04-29T02:38:50.794908+00:00,AAPL,2019-05-16,saved,data_new/thetadata_raw/trades/symbol=AAPL/date=2019-05-16/part.parquet,223137,,utp_cta,09:30:00,16:00:00
2026-04-29T02:38:53.269893+00:00,AAPL,2019-05-17,saved,data_new/thetadata_raw/trades/symbol=AAPL/date=2019-05-17/part.parquet,226098,,utp_cta,09:30:00,16:00:00
2026-04-29T02:38:56.101946+00:00,AAPL,2019-05-20,saved,data_new/thetadata_raw/trades/symbol=AAPL/date=2019-05-20/part.parquet,277555,,utp_cta,09:30:00,16:00:00
2026-04-29T02:38:58.260452+00:00,AAPL,2019-05-21,saved,data_new/thetadata_raw/trades/symbol=AAPL/date=2019-05-21/part.parquet,186769,,utp_cta,09:30:00,16:00:00
2026-04-29T02:39:00.583167+00:00,AAPL,2019-05-22,saved,data_new/thetadata_raw/trades/symbol=AAPL/date=2019-05-22/part.parquet,209064,,utp_cta,09:30:00,16:00:00
2026-04-29T02:39:03.322009+00:00,AAPL,2019-05-23,saved,data_new/thetadata_raw/trades/symbol=AAPL/date=2019-05-23/part.parquet,258787,,utp_cta,09:30:00,16:00:00
2026-04-29T02:39:05.462211+00:00,AAPL,2019-05-24,saved,data_new/thetadata_raw/trades/symbol=AAPL/date=2019-05-24/part.parquet,178675,,utp_cta,09:30:00,16:00:00
2026-04-29T02:39:06.074005+00:00,AAPL,2019-05-27,skipped,data_new/thetadata_raw/trades/symbol=AAPL/date=2019-05-27/part.parquet,0,no_data,utp_cta,09:30:00,16:00:00
2026-04-29T02:39:08.034772+00:00,AAPL,2019-05-28,saved,data_new/thetadata_raw/trades/symbol=AAPL/date=2019-05-28/part.parquet,186120,,utp_cta,09:30:00,16:00:00
2026-04-29T02:39:10.158504+00:00,AAPL,2019-05-29,saved,data_new/thetadata_raw/trades/symbol=AAPL/date=2019-05-29/part.parquet,208387,,utp_cta,09:30:00,16:00:00
2026-04-29T02:39:11.796817+00:00,AAPL,2019-05-30,saved,data_new/thetadata_raw/trades/symbol=AAPL/date=2019-05-30/part.parquet,163254,,utp_cta,09:30:00,16:00:00
2026-04-29T02:39:14.267265+00:00,AAPL,2019-05-31,saved,data_new/thetadata_raw/trades/symbol=AAPL/date=2019-05-31/part.parquet,199491,,utp_cta,09:30:00,16:00:00
2026-04-29T02:39:16.974528+00:00,AAPL,2019-06-03,saved,data_new/thetadata_raw/trades/symbol=AAPL/date=2019-06-03/part.parquet,302043,,utp_cta,09:30:00,16:00:00
2026-04-29T02:39:20.378688+00:00,AAPL,2019-06-04,saved,data_new/thetadata_raw/trades/symbol=AAPL/date=2019-06-04/part.parquet,233187,,utp_cta,09:30:00,16:00:00
2026-04-29T02:39:22.518106+00:00,AAPL,2019-06-05,saved,data_new/thetadata_raw/trades/symbol=AAPL/date=2019-06-05/part.parquet,232389,,utp_cta,09:30:00,16:00:00
2026-04-29T02:39:24.272883+00:00,AAPL,2019-06-06,saved,data_new/thetadata_raw/trades/symbol=AAPL/date=2019-06-06/part.parquet,156633,,utp_cta,09:30:00,16:00:00
2026-04-29T02:39:26.700386+00:00,AAPL,2019-06-07,saved,data_new/thetadata_raw/trades/symbol=AAPL/date=2019-06-07/part.parquet,232102,,utp_cta,09:30:00,16:00:00
2026-04-29T02:39:29.159646+00:00,AAPL,2019-06-10,saved,data_new/thetadata_raw/trades/symbol=AAPL/date=2019-06-10/part.parquet,194448,,utp_cta,09:30:00,16:00:00
2026-04-29T02:39:31.220120+00:00,AAPL,2019-06-11,saved,data_new/thetadata_raw/trades/symbol=AAPL/date=2019-06-11/part.parquet,177458,,utp_cta,09:30:00,16:00:00
2026-04-29T02:39:32.940435+00:00,AAPL,2019-06-12,saved,data_new/thetadata_raw/trades/symbol=AAPL/date=2019-06-12/part.parquet,127792,,utp_cta,09:30:00,16:00:00
2026-04-29T02:39:34.761955+00:00,AAPL,2019-06-13,saved,data_new/thetadata_raw/trades/symbol=AAPL/date=2019-06-13/part.parquet,139257,,utp_cta,09:30:00,16:00:00
2026-04-29T02:39:36.590204+00:00,AAPL,2019-06-14,saved,data_new/thetadata_raw/trades/symbol=AAPL/date=2019-06-14/part.parquet,140991,,utp_cta,09:30:00,16:00:00
2026-04-29T02:39:38.174110+00:00,AAPL,2019-06-17,saved,data_new/thetadata_raw/trades/symbol=AAPL/date=2019-06-17/part.parquet,113109,,utp_cta,09:30:00,16:00:00
2026-04-29T02:39:40.597082+00:00,AAPL,2019-06-18,saved,data_new/thetadata_raw/trades/symbol=AAPL/date=2019-06-18/part.parquet,211031,,utp_cta,09:30:00,16:00:00
2026-04-29T02:39:42.481850+00:00,AAPL,2019-06-19,saved,data_new/thetadata_raw/trades/symbol=AAPL/date=2019-06-19/part.parquet,153572,,utp_cta,09:30:00,16:00:00
2026-04-29T02:39:44.439646+00:00,AAPL,2019-06-20,saved,data_new/thetadata_raw/trades/symbol=AAPL/date=2019-06-20/part.parquet,164498,,utp_cta,09:30:00,16:00:00
2026-04-29T02:39:46.586199+00:00,AAPL,2019-06-21,saved,data_new/thetadata_raw/trades/symbol=AAPL/date=2019-06-21/part.parquet,179966,,utp_cta,09:30:00,16:00:00
2026-04-29T02:39:48.300161+00:00,AAPL,2019-06-24,saved,data_new/thetadata_raw/trades/symbol=AAPL/date=2019-06-24/part.parquet,131231,,utp_cta,09:30:00,16:00:00
2026-04-29T02:39:50.704539+00:00,AAPL,2019-06-25,saved,data_new/thetadata_raw/trades/symbol=AAPL/date=2019-06-25/part.parquet,174766,,utp_cta,09:30:00,16:00:00
2026-04-29T02:39:52.948252+00:00,AAPL,2019-06-26,saved,data_new/thetadata_raw/trades/symbol=AAPL/date=2019-06-26/part.parquet,200743,,utp_cta,09:30:00,16:00:00
2026-04-29T02:39:55.057458+00:00,AAPL,2019-06-27,saved,data_new/thetadata_raw/trades/symbol=AAPL/date=2019-06-27/part.parquet,141410,,utp_cta,09:30:00,16:00:00
2026-04-29T02:39:57.123467+00:00,AAPL,2019-06-28,saved,data_new/thetadata_raw/trades/symbol=AAPL/date=2019-06-28/part.parquet,178876,,utp_cta,09:30:00,16:00:00
2026-04-29T02:39:59.602034+00:00,AAPL,2019-07-01,saved,data_new/thetadata_raw/trades/symbol=AAPL/date=2019-07-01/part.parquet,230320,,utp_cta,09:30:00,16:00:00
2026-04-29T02:40:01.492822+00:00,AAPL,2019-07-02,saved,data_new/thetadata_raw/trades/symbol=AAPL/date=2019-07-02/part.parquet,154286,,utp_cta,09:30:00,16:00:00
2026-04-29T02:40:02.919642+00:00,AAPL,2019-07-03,saved,data_new/thetadata_raw/trades/symbol=AAPL/date=2019-07-03/part.parquet,92231,,utp_cta,09:30:00,16:00:00
2026-04-29T02:40:03.495204+00:00,AAPL,2019-07-04,skipped,data_new/thetadata_raw/trades/symbol=AAPL/date=2019-07-04/part.parquet,0,no_data,utp_cta,09:30:00,16:00:00
2026-04-29T02:40:05.261966+00:00,AAPL,2019-07-05,saved,data_new/thetadata_raw/trades/symbol=AAPL/date=2019-07-05/part.parquet,158184,,utp_cta,09:30:00,16:00:00
2026-04-29T02:40:07.632203+00:00,AAPL,2019-07-08,saved,data_new/thetadata_raw/trades/symbol=AAPL/date=2019-07-08/part.parquet,212890,,utp_cta,09:30:00,16:00:00
2026-04-29T02:40:10.431231+00:00,AAPL,2019-07-09,saved,data_new/thetadata_raw/trades/symbol=AAPL/date=2019-07-09/part.parquet,167187,,utp_cta,09:30:00,16:00:00
2026-04-29T02:40:12.254182+00:00,AAPL,2019-07-10,saved,data_new/thetadata_raw/trades/symbol=AAPL/date=2019-07-10/part.parquet,145854,,utp_cta,09:30:00,16:00:00
2026-04-29T02:40:14.481257+00:00,AAPL,2019-07-11,saved,data_new/thetadata_raw/trades/symbol=AAPL/date=2019-07-11/part.parquet,152933,,utp_cta,09:30:00,16:00:00
2026-04-29T02:40:16.531294+00:00,AAPL,2019-07-12,saved,data_new/thetadata_raw/trades/symbol=AAPL/date=2019-07-12/part.parquet,144006,,utp_cta,09:30:00,16:00:00
2026-04-29T02:40:18.616356+00:00,AAPL,2019-07-15,saved,data_new/thetadata_raw/trades/symbol=AAPL/date=2019-07-15/part.parquet,136663,,utp_cta,09:30:00,16:00:00
2026-04-29T02:40:20.708374+00:00,AAPL,2019-07-16,saved,data_new/thetadata_raw/trades/symbol=AAPL/date=2019-07-16/part.parquet,136168,,utp_cta,09:30:00,16:00:00
2026-04-29T02:40:22.254888+00:00,AAPL,2019-07-17,saved,data_new/thetadata_raw/trades/symbol=AAPL/date=2019-07-17/part.parquet,107244,,utp_cta,09:30:00,16:00:00
2026-04-29T02:40:24.362534+00:00,AAPL,2019-07-18,saved,data_new/thetadata_raw/trades/symbol=AAPL/date=2019-07-18/part.parquet,140271,,utp_cta,09:30:00,16:00:00
2026-04-29T02:40:26.241854+00:00,AAPL,2019-07-19,saved,data_new/thetadata_raw/trades/symbol=AAPL/date=2019-07-19/part.parquet,153664,,utp_cta,09:30:00,16:00:00
2026-04-29T02:40:28.189761+00:00,AAPL,2019-07-22,saved,data_new/thetadata_raw/trades/symbol=AAPL/date=2019-07-22/part.parquet,162476,,utp_cta,09:30:00,16:00:00
2026-04-29T02:40:30.047714+00:00,AAPL,2019-07-23,saved,data_new/thetadata_raw/trades/symbol=AAPL/date=2019-07-23/part.parquet,133721,,utp_cta,09:30:00,16:00:00
2026-04-29T02:40:31.631232+00:00,AAPL,2019-07-24,saved,data_new/thetadata_raw/trades/symbol=AAPL/date=2019-07-24/part.parquet,112076,,utp_cta,09:30:00,16:00:00
2026-04-29T02:40:33.244950+00:00,AAPL,2019-07-25,saved,data_new/thetadata_raw/trades/symbol=AAPL/date=2019-07-25/part.parquet,120873,,utp_cta,09:30:00,16:00:00
2026-04-29T02:40:34.998407+00:00,AAPL,2019-07-26,saved,data_new/thetadata_raw/trades/symbol=AAPL/date=2019-07-26/part.parquet,135105,,utp_cta,09:30:00,16:00:00
2026-04-29T02:40:37.196690+00:00,AAPL,2019-07-29,saved,data_new/thetadata_raw/trades/symbol=AAPL/date=2019-07-29/part.parquet,173338,,utp_cta,09:30:00,16:00:00
2026-04-29T02:40:39.621547+00:00,AAPL,2019-07-30,saved,data_new/thetadata_raw/trades/symbol=AAPL/date=2019-07-30/part.parquet,216374,,utp_cta,09:30:00,16:00:00
2026-04-29T02:40:44.291210+00:00,AAPL,2019-07-31,saved,data_new/thetadata_raw/trades/symbol=AAPL/date=2019-07-31/part.parquet,515730,,utp_cta,09:30:00,16:00:00
2026-04-29T02:40:48.376547+00:00,AAPL,2019-08-01,saved,data_new/thetadata_raw/trades/symbol=AAPL/date=2019-08-01/part.parquet,446610,,utp_cta,09:30:00,16:00:00
2026-04-29T02:40:51.818886+00:00,AAPL,2019-08-02,saved,data_new/thetadata_raw/trades/symbol=AAPL/date=2019-08-02/part.parquet,338602,,utp_cta,09:30:00,16:00:00
2026-04-29T02:40:55.907334+00:00,AAPL,2019-08-05,saved,data_new/thetadata_raw/trades/symbol=AAPL/date=2019-08-05/part.parquet,459051,,utp_cta,09:30:00,16:00:00
2026-04-29T02:40:58.607028+00:00,AAPL,2019-08-06,saved,data_new/thetadata_raw/trades/symbol=AAPL/date=2019-08-06/part.parquet,272115,,utp_cta,09:30:00,16:00:00
2026-04-29T02:41:01.410812+00:00,AAPL,2019-08-07,saved,data_new/thetadata_raw/trades/symbol=AAPL/date=2019-08-07/part.parquet,271546,,utp_cta,09:30:00,16:00:00
2026-04-29T02:41:03.992789+00:00,AAPL,2019-08-08,saved,data_new/thetadata_raw/trades/symbol=AAPL/date=2019-08-08/part.parquet,240529,,utp_cta,09:30:00,16:00:00
2026-04-29T02:41:06.169690+00:00,AAPL,2019-08-09,saved,data_new/thetadata_raw/trades/symbol=AAPL/date=2019-08-09/part.parquet,190559,,utp_cta,09:30:00,16:00:00
2026-04-29T02:41:08.259523+00:00,AAPL,2019-08-12,saved,data_new/thetadata_raw/trades/symbol=AAPL/date=2019-08-12/part.parquet,179099,,utp_cta,09:30:00,16:00:00
2026-04-29T02:41:11.837549+00:00,AAPL,2019-08-13,saved,data_new/thetadata_raw/trades/symbol=AAPL/date=2019-08-13/part.parquet,374509,,utp_cta,09:30:00,16:00:00
2026-04-29T02:41:14.778711+00:00,AAPL,2019-08-14,saved,data_new/thetadata_raw/trades/symbol=AAPL/date=2019-08-14/part.parquet,284805,,utp_cta,09:30:00,16:00:00
2026-04-29T02:41:17.545718+00:00,AAPL,2019-08-15,saved,data_new/thetadata_raw/trades/symbol=AAPL/date=2019-08-15/part.parquet,240736,,utp_cta,09:30:00,16:00:00
2026-04-29T02:41:19.861192+00:00,AAPL,2019-08-16,saved,data_new/thetadata_raw/trades/symbol=AAPL/date=2019-08-16/part.parquet,218210,,utp_cta,09:30:00,16:00:00
2026-04-29T02:41:22.174535+00:00,AAPL,2019-08-19,saved,data_new/thetadata_raw/trades/symbol=AAPL/date=2019-08-19/part.parquet,178260,,utp_cta,09:30:00,16:00:00
2026-04-29T02:41:24.386463+00:00,AAPL,2019-08-20,saved,data_new/thetadata_raw/trades/symbol=AAPL/date=2019-08-20/part.parquet,172231,,utp_cta,09:30:00,16:00:00
2026-04-29T02:41:26.377392+00:00,AAPL,2019-08-21,saved,data_new/thetadata_raw/trades/symbol=AAPL/date=2019-08-21/part.parquet,165426,,utp_cta,09:30:00,16:00:00
2026-04-29T02:41:28.722069+00:00,AAPL,2019-08-22,saved,data_new/thetadata_raw/trades/symbol=AAPL/date=2019-08-22/part.parquet,169475,,utp_cta,09:30:00,16:00:00
2026-04-29T02:41:32.384294+00:00,AAPL,2019-08-23,saved,data_new/thetadata_raw/trades/symbol=AAPL/date=2019-08-23/part.parquet,380830,,utp_cta,09:30:00,16:00:00
2026-04-29T02:41:34.888927+00:00,AAPL,2019-08-26,saved,data_new/thetadata_raw/trades/symbol=AAPL/date=2019-08-26/part.parquet,191612,,utp_cta,09:30:00,16:00:00
2026-04-29T02:41:37.077857+00:00,AAPL,2019-08-27,saved,data_new/thetadata_raw/trades/symbol=AAPL/date=2019-08-27/part.parquet,178077,,utp_cta,09:30:00,16:00:00
2026-04-29T02:41:38.993161+00:00,AAPL,2019-08-28,saved,data_new/thetadata_raw/trades/symbol=AAPL/date=2019-08-28/part.parquet,137389,,utp_cta,09:30:00,16:00:00
2026-04-29T02:41:41.002379+00:00,AAPL,2019-08-29,saved,data_new/thetadata_raw/trades/symbol=AAPL/date=2019-08-29/part.parquet,163361,,utp_cta,09:30:00,16:00:00
2026-04-29T02:41:42.962960+00:00,AAPL,2019-08-30,saved,data_new/thetadata_raw/trades/symbol=AAPL/date=2019-08-30/part.parquet,155651,,utp_cta,09:30:00,16:00:00
2026-04-29T02:41:43.788318+00:00,AAPL,2019-09-02,skipped,data_new/thetadata_raw/trades/symbol=AAPL/date=2019-09-02/part.parquet,0,no_data,utp_cta,09:30:00,16:00:00
2026-04-29T02:41:45.542658+00:00,AAPL,2019-09-03,saved,data_new/thetadata_raw/trades/symbol=AAPL/date=2019-09-03/part.parquet,164732,,utp_cta,09:30:00,16:00:00
2026-04-29T02:41:47.169857+00:00,AAPL,2019-09-04,saved,data_new/thetadata_raw/trades/symbol=AAPL/date=2019-09-04/part.parquet,163436,,utp_cta,09:30:00,16:00:00
2026-04-29T02:41:48.995611+00:00,AAPL,2019-09-05,saved,data_new/thetadata_raw/trades/symbol=AAPL/date=2019-09-05/part.parquet,197020,,utp_cta,09:30:00,16:00:00
2026-04-29T02:41:51.121820+00:00,AAPL,2019-09-06,saved,data_new/thetadata_raw/trades/symbol=AAPL/date=2019-09-06/part.parquet,198941,,utp_cta,09:30:00,16:00:00
2026-04-29T02:41:54.180951+00:00,AAPL,2019-09-09,saved,data_new/thetadata_raw/trades/symbol=AAPL/date=2019-09-09/part.parquet,294830,,utp_cta,09:30:00,16:00:00
2026-04-29T02:41:57.416162+00:00,AAPL,2019-09-10,saved,data_new/thetadata_raw/trades/symbol=AAPL/date=2019-09-10/part.parquet,341254,,utp_cta,09:30:00,16:00:00
2026-04-29T02:42:02.132120+00:00,AAPL,2019-09-11,saved,data_new/thetadata_raw/trades/symbol=AAPL/date=2019-09-11/part.parquet,405107,,utp_cta,09:30:00,16:00:00
2026-04-29T02:42:05.140544+00:00,AAPL,2019-09-12,saved,data_new/thetadata_raw/trades/symbol=AAPL/date=2019-09-12/part.parquet,285870,,utp_cta,09:30:00,16:00:00
2026-04-29T02:42:09.541390+00:00,AAPL,2019-09-13,saved,data_new/thetadata_raw/trades/symbol=AAPL/date=2019-09-13/part.parquet,470992,,utp_cta,09:30:00,16:00:00
2026-04-29T02:42:12.086692+00:00,AAPL,2019-09-16,saved,data_new/thetadata_raw/trades/symbol=AAPL/date=2019-09-16/part.parquet,235148,,utp_cta,09:30:00,16:00:00
2026-04-29T02:42:14.376001+00:00,AAPL,2019-09-17,saved,data_new/thetadata_raw/trades/symbol=AAPL/date=2019-09-17/part.parquet,151577,,utp_cta,09:30:00,16:00:00
2026-04-29T02:42:16.973874+00:00,AAPL,2019-09-18,saved,data_new/thetadata_raw/trades/symbol=AAPL/date=2019-09-18/part.parquet,209604,,utp_cta,09:30:00,16:00:00
2026-04-29T02:42:19.287816+00:00,AAPL,2019-09-19,saved,data_new/thetadata_raw/trades/symbol=AAPL/date=2019-09-19/part.parquet,193635,,utp_cta,09:30:00,16:00:00
2026-04-29T02:42:22.585828+00:00,AAPL,2019-09-20,saved,data_new/thetadata_raw/trades/symbol=AAPL/date=2019-09-20/part.parquet,304473,,utp_cta,09:30:00,16:00:00
2026-04-29T02:42:24.892729+00:00,AAPL,2019-09-23,saved,data_new/thetadata_raw/trades/symbol=AAPL/date=2019-09-23/part.parquet,207152,,utp_cta,09:30:00,16:00:00
2026-04-29T02:42:28.432602+00:00,AAPL,2019-09-24,saved,data_new/thetadata_raw/trades/symbol=AAPL/date=2019-09-24/part.parquet,347717,,utp_cta,09:30:00,16:00:00
2026-04-29T02:42:31.153702+00:00,AAPL,2019-09-25,saved,data_new/thetadata_raw/trades/symbol=AAPL/date=2019-09-25/part.parquet,264882,,utp_cta,09:30:00,16:00:00
2026-04-29T02:42:33.771411+00:00,AAPL,2019-09-26,saved,data_new/thetadata_raw/trades/symbol=AAPL/date=2019-09-26/part.parquet,230549,,utp_cta,09:30:00,16:00:00
2026-04-29T02:42:36.974886+00:00,AAPL,2019-09-27,saved,data_new/thetadata_raw/trades/symbol=AAPL/date=2019-09-27/part.parquet,305397,,utp_cta,09:30:00,16:00:00
2026-04-29T02:42:39.859757+00:00,AAPL,2019-09-30,saved,data_new/thetadata_raw/trades/symbol=AAPL/date=2019-09-30/part.parquet,276418,,utp_cta,09:30:00,16:00:00
2026-04-29T02:42:43.588155+00:00,AAPL,2019-10-01,saved,data_new/thetadata_raw/trades/symbol=AAPL/date=2019-10-01/part.parquet,408801,,utp_cta,09:30:00,16:00:00
2026-04-29T02:42:47.760231+00:00,AAPL,2019-10-02,saved,data_new/thetadata_raw/trades/symbol=AAPL/date=2019-10-02/part.parquet,439762,,utp_cta,09:30:00,16:00:00
2026-04-29T02:42:51.127472+00:00,AAPL,2019-10-03,saved,data_new/thetadata_raw/trades/symbol=AAPL/date=2019-10-03/part.parquet,354889,,utp_cta,09:30:00,16:00:00
2026-04-29T02:42:54.250254+00:00,AAPL,2019-10-04,saved,data_new/thetadata_raw/trades/symbol=AAPL/date=2019-10-04/part.parquet,300772,,utp_cta,09:30:00,16:00:00
2026-04-29T02:42:57.462008+00:00,AAPL,2019-10-07,saved,data_new/thetadata_raw/trades/symbol=AAPL/date=2019-10-07/part.parquet,316716,,utp_cta,09:30:00,16:00:00
2026-04-29T02:43:00.824174+00:00,AAPL,2019-10-08,saved,data_new/thetadata_raw/trades/symbol=AAPL/date=2019-10-08/part.parquet,340047,,utp_cta,09:30:00,16:00:00
2026-04-29T02:43:03.306039+00:00,AAPL,2019-10-09,saved,data_new/thetadata_raw/trades/symbol=AAPL/date=2019-10-09/part.parquet,197861,,utp_cta,09:30:00,16:00:00
2026-04-29T02:43:06.406175+00:00,AAPL,2019-10-10,saved,data_new/thetadata_raw/trades/symbol=AAPL/date=2019-10-10/part.parquet,300441,,utp_cta,09:30:00,16:00:00
2026-04-29T02:43:10.159350+00:00,AAPL,2019-10-11,saved,data_new/thetadata_raw/trades/symbol=AAPL/date=2019-10-11/part.parquet,390857,,utp_cta,09:30:00,16:00:00
2026-04-29T02:43:13.432878+00:00,AAPL,2019-10-14,saved,data_new/thetadata_raw/trades/symbol=AAPL/date=2019-10-14/part.parquet,214021,,utp_cta,09:30:00,16:00:00
2026-04-29T02:43:15.733218+00:00,AAPL,2019-10-15,saved,data_new/thetadata_raw/trades/symbol=AAPL/date=2019-10-15/part.parquet,201242,,utp_cta,09:30:00,16:00:00
2026-04-29T02:43:18.055133+00:00,AAPL,2019-10-16,saved,data_new/thetadata_raw/trades/symbol=AAPL/date=2019-10-16/part.parquet,191741,,utp_cta,09:30:00,16:00:00
2026-04-29T02:43:20.240077+00:00,AAPL,2019-10-17,saved,data_new/thetadata_raw/trades/symbol=AAPL/date=2019-10-17/part.parquet,175962,,utp_cta,09:30:00,16:00:00
2026-04-29T02:43:22.497074+00:00,AAPL,2019-10-18,saved,data_new/thetadata_raw/trades/symbol=AAPL/date=2019-10-18/part.parquet,202006,,utp_cta,09:30:00,16:00:00
2026-04-29T02:43:25.066067+00:00,AAPL,2019-10-21,saved,data_new/thetadata_raw/trades/symbol=AAPL/date=2019-10-21/part.parquet,191161,,utp_cta,09:30:00,16:00:00
2026-04-29T02:43:27.155289+00:00,AAPL,2019-10-22,saved,data_new/thetadata_raw/trades/symbol=AAPL/date=2019-10-22/part.parquet,175525,,utp_cta,09:30:00,16:00:00
2026-04-29T02:43:29.177442+00:00,AAPL,2019-10-23,saved,data_new/thetadata_raw/trades/symbol=AAPL/date=2019-10-23/part.parquet,150989,,utp_cta,09:30:00,16:00:00
2026-04-29T02:43:31.019051+00:00,AAPL,2019-10-24,saved,data_new/thetadata_raw/trades/symbol=AAPL/date=2019-10-24/part.parquet,139357,,utp_cta,09:30:00,16:00:00
2026-04-29T02:43:32.904274+00:00,AAPL,2019-10-25,saved,data_new/thetadata_raw/trades/symbol=AAPL/date=2019-10-25/part.parquet,139093,,utp_cta,09:30:00,16:00:00
2026-04-29T02:43:35.269219+00:00,AAPL,2019-10-28,saved,data_new/thetadata_raw/trades/symbol=AAPL/date=2019-10-28/part.parquet,185068,,utp_cta,09:30:00,16:00:00
2026-04-29T02:43:38.443839+00:00,AAPL,2019-10-29,saved,data_new/thetadata_raw/trades/symbol=AAPL/date=2019-10-29/part.parquet,276504,,utp_cta,09:30:00,16:00:00
2026-04-29T02:43:40.980631+00:00,AAPL,2019-10-30,saved,data_new/thetadata_raw/trades/symbol=AAPL/date=2019-10-30/part.parquet,224543,,utp_cta,09:30:00,16:00:00
2026-04-29T02:43:43.936843+00:00,AAPL,2019-10-31,saved,data_new/thetadata_raw/trades/symbol=AAPL/date=2019-10-31/part.parquet,261874,,utp_cta,09:30:00,16:00:00
2026-04-29T02:43:46.665964+00:00,AAPL,2019-11-01,saved,data_new/thetadata_raw/trades/symbol=AAPL/date=2019-11-01/part.parquet,273295,,utp_cta,09:30:00,16:00:00
2026-04-29T02:43:49.020793+00:00,AAPL,2019-11-04,saved,data_new/thetadata_raw/trades/symbol=AAPL/date=2019-11-04/part.parquet,197858,,utp_cta,09:30:00,16:00:00
2026-04-29T02:43:51.011385+00:00,AAPL,2019-11-05,saved,data_new/thetadata_raw/trades/symbol=AAPL/date=2019-11-05/part.parquet,158537,,utp_cta,09:30:00,16:00:00
2026-04-29T02:43:52.905408+00:00,AAPL,2019-11-06,saved,data_new/thetadata_raw/trades/symbol=AAPL/date=2019-11-06/part.parquet,151087,,utp_cta,09:30:00,16:00:00
2026-04-29T02:43:55.861104+00:00,AAPL,2019-11-07,saved,data_new/thetadata_raw/trades/symbol=AAPL/date=2019-11-07/part.parquet,182801,,utp_cta,09:30:00,16:00:00
2026-04-29T02:43:57.962877+00:00,AAPL,2019-11-08,saved,data_new/thetadata_raw/trades/symbol=AAPL/date=2019-11-08/part.parquet,135795,,utp_cta,09:30:00,16:00:00
2026-04-29T02:43:59.875706+00:00,AAPL,2019-11-11,saved,data_new/thetadata_raw/trades/symbol=AAPL/date=2019-11-11/part.parquet,151625,,utp_cta,09:30:00,16:00:00
2026-04-29T02:44:02.016629+00:00,AAPL,2019-11-12,saved,data_new/thetadata_raw/trades/symbol=AAPL/date=2019-11-12/part.parquet,166105,,utp_cta,09:30:00,16:00:00
2026-04-29T02:44:04.472568+00:00,AAPL,2019-11-13,saved,data_new/thetadata_raw/trades/symbol=AAPL/date=2019-11-13/part.parquet,199335,,utp_cta,09:30:00,16:00:00
2026-04-29T02:44:06.637250+00:00,AAPL,2019-11-14,saved,data_new/thetadata_raw/trades/symbol=AAPL/date=2019-11-14/part.parquet,192338,,utp_cta,09:30:00,16:00:00
2026-04-29T02:44:09.601211+00:00,AAPL,2019-11-15,saved,data_new/thetadata_raw/trades/symbol=AAPL/date=2019-11-15/part.parquet,173499,,utp_cta,09:30:00,16:00:00
2026-04-29T02:44:11.680378+00:00,AAPL,2019-11-18,saved,data_new/thetadata_raw/trades/symbol=AAPL/date=2019-11-18/part.parquet,166926,,utp_cta,09:30:00,16:00:00
2026-04-29T02:44:13.424172+00:00,AAPL,2019-11-19,saved,data_new/thetadata_raw/trades/symbol=AAPL/date=2019-11-19/part.parquet,132536,,utp_cta,09:30:00,16:00:00
2026-04-29T02:44:15.850084+00:00,AAPL,2019-11-20,saved,data_new/thetadata_raw/trades/symbol=AAPL/date=2019-11-20/part.parquet,201025,,utp_cta,09:30:00,16:00:00
2026-04-29T02:44:18.025223+00:00,AAPL,2019-11-21,saved,data_new/thetadata_raw/trades/symbol=AAPL/date=2019-11-21/part.parquet,159111,,utp_cta,09:30:00,16:00:00
2026-04-29T02:44:19.851613+00:00,AAPL,2019-11-22,saved,data_new/thetadata_raw/trades/symbol=AAPL/date=2019-11-22/part.parquet,131039,,utp_cta,09:30:00,16:00:00
2026-04-29T02:44:21.645870+00:00,AAPL,2019-11-25,saved,data_new/thetadata_raw/trades/symbol=AAPL/date=2019-11-25/part.parquet,126775,,utp_cta,09:30:00,16:00:00
2026-04-29T02:44:23.386193+00:00,AAPL,2019-11-26,saved,data_new/thetadata_raw/trades/symbol=AAPL/date=2019-11-26/part.parquet,131547,,utp_cta,09:30:00,16:00:00
2026-04-29T02:44:25.002475+00:00,AAPL,2019-11-27,saved,data_new/thetadata_raw/trades/symbol=AAPL/date=2019-11-27/part.parquet,117289,,utp_cta,09:30:00,16:00:00
2026-04-29T02:44:25.558025+00:00,AAPL,2019-11-28,skipped,data_new/thetadata_raw/trades/symbol=AAPL/date=2019-11-28/part.parquet,0,no_data,utp_cta,09:30:00,16:00:00
2026-04-29T02:44:26.847751+00:00,AAPL,2019-11-29,saved,data_new/thetadata_raw/trades/symbol=AAPL/date=2019-11-29/part.parquet,73987,,utp_cta,09:30:00,16:00:00
2026-04-29T02:44:28.547267+00:00,AAPL,2019-12-02,saved,data_new/thetadata_raw/trades/symbol=AAPL/date=2019-12-02/part.parquet,168227,,utp_cta,09:30:00,16:00:00
2026-04-29T02:44:30.910627+00:00,AAPL,2019-12-03,saved,data_new/thetadata_raw/trades/symbol=AAPL/date=2019-12-03/part.parquet,236318,,utp_cta,09:30:00,16:00:00
2026-04-29T02:44:32.545629+00:00,AAPL,2019-12-04,saved,data_new/thetadata_raw/trades/symbol=AAPL/date=2019-12-04/part.parquet,136780,,utp_cta,09:30:00,16:00:00
2026-04-29T02:44:34.094551+00:00,AAPL,2019-12-05,saved,data_new/thetadata_raw/trades/symbol=AAPL/date=2019-12-05/part.parquet,139145,,utp_cta,09:30:00,16:00:00
2026-04-29T02:44:36.085723+00:00,AAPL,2019-12-06,saved,data_new/thetadata_raw/trades/symbol=AAPL/date=2019-12-06/part.parquet,187508,,utp_cta,09:30:00,16:00:00
2026-04-29T02:44:38.192014+00:00,AAPL,2019-12-09,saved,data_new/thetadata_raw/trades/symbol=AAPL/date=2019-12-09/part.parquet,217180,,utp_cta,09:30:00,16:00:00
2026-04-29T02:44:40.000924+00:00,AAPL,2019-12-10,saved,data_new/thetadata_raw/trades/symbol=AAPL/date=2019-12-10/part.parquet,173690,,utp_cta,09:30:00,16:00:00
2026-04-29T02:44:45.940150+00:00,AAPL,2019-12-11,saved,data_new/thetadata_raw/trades/symbol=AAPL/date=2019-12-11/part.parquet,137345,,utp_cta,09:30:00,16:00:00
2026-04-29T02:44:48.424138+00:00,AAPL,2019-12-12,saved,data_new/thetadata_raw/trades/symbol=AAPL/date=2019-12-12/part.parquet,251876,,utp_cta,09:30:00,16:00:00
2026-04-29T02:44:50.754451+00:00,AAPL,2019-12-13,saved,data_new/thetadata_raw/trades/symbol=AAPL/date=2019-12-13/part.parquet,246841,,utp_cta,09:30:00,16:00:00
2026-04-29T02:44:52.666926+00:00,AAPL,2019-12-16,saved,data_new/thetadata_raw/trades/symbol=AAPL/date=2019-12-16/part.parquet,197698,,utp_cta,09:30:00,16:00:00
2026-04-29T02:44:54.551218+00:00,AAPL,2019-12-17,saved,data_new/thetadata_raw/trades/symbol=AAPL/date=2019-12-17/part.parquet,190793,,utp_cta,09:30:00,16:00:00
2026-04-29T02:44:56.222577+00:00,AAPL,2019-12-18,saved,data_new/thetadata_raw/trades/symbol=AAPL/date=2019-12-18/part.parquet,178086,,utp_cta,09:30:00,16:00:00
2026-04-29T02:44:58.444036+00:00,AAPL,2019-12-19,saved,data_new/thetadata_raw/trades/symbol=AAPL/date=2019-12-19/part.parquet,158304,,utp_cta,09:30:00,16:00:00
2026-04-29T02:45:00.715383+00:00,AAPL,2019-12-20,saved,data_new/thetadata_raw/trades/symbol=AAPL/date=2019-12-20/part.parquet,207995,,utp_cta,09:30:00,16:00:00
2026-04-29T02:45:02.763305+00:00,AAPL,2019-12-23,saved,data_new/thetadata_raw/trades/symbol=AAPL/date=2019-12-23/part.parquet,164974,,utp_cta,09:30:00,16:00:00
2026-04-29T02:45:04.148927+00:00,AAPL,2019-12-24,saved,data_new/thetadata_raw/trades/symbol=AAPL/date=2019-12-24/part.parquet,80815,,utp_cta,09:30:00,16:00:00
2026-04-29T02:45:04.757714+00:00,AAPL,2019-12-25,skipped,data_new/thetadata_raw/trades/symbol=AAPL/date=2019-12-25/part.parquet,0,no_data,utp_cta,09:30:00,16:00:00
2026-04-29T02:45:06.647379+00:00,AAPL,2019-12-26,saved,data_new/thetadata_raw/trades/symbol=AAPL/date=2019-12-26/part.parquet,165719,,utp_cta,09:30:00,16:00:00
2026-04-29T02:45:09.044604+00:00,AAPL,2019-12-27,saved,data_new/thetadata_raw/trades/symbol=AAPL/date=2019-12-27/part.parquet,256999,,utp_cta,09:30:00,16:00:00
2026-04-29T02:45:11.400481+00:00,AAPL,2019-12-30,saved,data_new/thetadata_raw/trades/symbol=AAPL/date=2019-12-30/part.parquet,260425,,utp_cta,09:30:00,16:00:00
2026-04-29T02:45:13.398345+00:00,AAPL,2019-12-31,saved,data_new/thetadata_raw/trades/symbol=AAPL/date=2019-12-31/part.parquet,181095,,utp_cta,09:30:00,16:00:00
2026-04-29T02:45:13.724232+00:00,AAPL,2020-01-01,skipped,data_new/thetadata_raw/trades/symbol=AAPL/date=2020-01-01/part.parquet,0,no_data,utp_cta,09:30:00,16:00:00
2026-04-29T02:45:16.768036+00:00,AAPL,2020-01-02,saved,data_new/thetadata_raw/trades/symbol=AAPL/date=2020-01-02/part.parquet,273649,,utp_cta,09:30:00,16:00:00
2026-04-29T02:45:20.215768+00:00,AAPL,2020-01-03,saved,data_new/thetadata_raw/trades/symbol=AAPL/date=2020-01-03/part.parquet,267354,,utp_cta,09:30:00,16:00:00
2026-04-29T02:45:22.677195+00:00,AAPL,2020-01-06,saved,data_new/thetadata_raw/trades/symbol=AAPL/date=2020-01-06/part.parquet,231536,,utp_cta,09:30:00,16:00:00
2026-04-29T02:45:25.187043+00:00,AAPL,2020-01-07,saved,data_new/thetadata_raw/trades/symbol=AAPL/date=2020-01-07/part.parquet,215576,,utp_cta,09:30:00,16:00:00
2026-04-29T02:45:28.110619+00:00,AAPL,2020-01-08,saved,data_new/thetadata_raw/trades/symbol=AAPL/date=2020-01-08/part.parquet,253827,,utp_cta,09:30:00,16:00:00
2026-04-29T02:45:31.409763+00:00,AAPL,2020-01-09,saved,data_new/thetadata_raw/trades/symbol=AAPL/date=2020-01-09/part.parquet,319158,,utp_cta,09:30:00,16:00:00
2026-04-29T02:45:34.341649+00:00,AAPL,2020-01-10,saved,data_new/thetadata_raw/trades/symbol=AAPL/date=2020-01-10/part.parquet,285042,,utp_cta,09:30:00,16:00:00
2026-04-29T02:45:37.522591+00:00,AAPL,2020-01-13,saved,data_new/thetadata_raw/trades/symbol=AAPL/date=2020-01-13/part.parquet,246279,,utp_cta,09:30:00,16:00:00
2026-04-29T02:45:40.909090+00:00,AAPL,2020-01-14,saved,data_new/thetadata_raw/trades/symbol=AAPL/date=2020-01-14/part.parquet,330706,,utp_cta,09:30:00,16:00:00
2026-04-29T02:45:43.861983+00:00,AAPL,2020-01-15,saved,data_new/thetadata_raw/trades/symbol=AAPL/date=2020-01-15/part.parquet,257480,,utp_cta,09:30:00,16:00:00
2026-04-29T02:45:46.283941+00:00,AAPL,2020-01-16,saved,data_new/thetadata_raw/trades/symbol=AAPL/date=2020-01-16/part.parquet,201353,,utp_cta,09:30:00,16:00:00
2026-04-29T02:45:48.820574+00:00,AAPL,2020-01-17,saved,data_new/thetadata_raw/trades/symbol=AAPL/date=2020-01-17/part.parquet,231461,,utp_cta,09:30:00,16:00:00
2026-04-29T02:45:49.623273+00:00,AAPL,2020-01-20,skipped,data_new/thetadata_raw/trades/symbol=AAPL/date=2020-01-20/part.parquet,0,no_data,utp_cta,09:30:00,16:00:00
2026-04-29T02:45:51.800728+00:00,AAPL,2020-01-21,saved,data_new/thetadata_raw/trades/symbol=AAPL/date=2020-01-21/part.parquet,202548,,utp_cta,09:30:00,16:00:00
2026-04-29T02:45:53.790994+00:00,AAPL,2020-01-22,saved,data_new/thetadata_raw/trades/symbol=AAPL/date=2020-01-22/part.parquet,202888,,utp_cta,09:30:00,16:00:00
2026-04-29T02:45:55.701805+00:00,AAPL,2020-01-23,saved,data_new/thetadata_raw/trades/symbol=AAPL/date=2020-01-23/part.parquet,192420,,utp_cta,09:30:00,16:00:00
2026-04-29T02:45:58.281130+00:00,AAPL,2020-01-24,saved,data_new/thetadata_raw/trades/symbol=AAPL/date=2020-01-24/part.parquet,290283,,utp_cta,09:30:00,16:00:00
2026-04-29T02:46:01.647007+00:00,AAPL,2020-01-27,saved,data_new/thetadata_raw/trades/symbol=AAPL/date=2020-01-27/part.parquet,363633,,utp_cta,09:30:00,16:00:00
2026-04-29T02:46:04.514693+00:00,AAPL,2020-01-28,saved,data_new/thetadata_raw/trades/symbol=AAPL/date=2020-01-28/part.parquet,282860,,utp_cta,09:30:00,16:00:00
2026-04-29T02:46:08.943470+00:00,AAPL,2020-01-29,saved,data_new/thetadata_raw/trades/symbol=AAPL/date=2020-01-29/part.parquet,445835,,utp_cta,09:30:00,16:00:00
2026-04-29T02:46:11.817347+00:00,AAPL,2020-01-30,saved,data_new/thetadata_raw/trades/symbol=AAPL/date=2020-01-30/part.parquet,268227,,utp_cta,09:30:00,16:00:00
2026-04-29T02:46:16.237864+00:00,AAPL,2020-01-31,saved,data_new/thetadata_raw/trades/symbol=AAPL/date=2020-01-31/part.parquet,473160,,utp_cta,09:30:00,16:00:00
2026-04-29T02:46:20.163678+00:00,AAPL,2020-02-03,saved,data_new/thetadata_raw/trades/symbol=AAPL/date=2020-02-03/part.parquet,388847,,utp_cta,09:30:00,16:00:00
2026-04-29T02:46:23.136595+00:00,AAPL,2020-02-04,saved,data_new/thetadata_raw/trades/symbol=AAPL/date=2020-02-04/part.parquet,276908,,utp_cta,09:30:00,16:00:00
2026-04-29T02:46:26.192686+00:00,AAPL,2020-02-05,saved,data_new/thetadata_raw/trades/symbol=AAPL/date=2020-02-05/part.parquet,258918,,utp_cta,09:30:00,16:00:00
2026-04-29T02:46:30.641322+00:00,AAPL,2020-02-06,saved,data_new/thetadata_raw/trades/symbol=AAPL/date=2020-02-06/part.parquet,209304,,utp_cta,09:30:00,16:00:00
2026-04-29T02:46:33.483815+00:00,AAPL,2020-02-07,saved,data_new/thetadata_raw/trades/symbol=AAPL/date=2020-02-07/part.parquet,254789,,utp_cta,09:30:00,16:00:00
2026-04-29T02:46:36.158811+00:00,AAPL,2020-02-10,saved,data_new/thetadata_raw/trades/symbol=AAPL/date=2020-02-10/part.parquet,221915,,utp_cta,09:30:00,16:00:00
2026-04-29T02:46:38.563410+00:00,AAPL,2020-02-11,saved,data_new/thetadata_raw/trades/symbol=AAPL/date=2020-02-11/part.parquet,224157,,utp_cta,09:30:00,16:00:00
2026-04-29T02:46:41.171957+00:00,AAPL,2020-02-12,saved,data_new/thetadata_raw/trades/symbol=AAPL/date=2020-02-12/part.parquet,237281,,utp_cta,09:30:00,16:00:00
2026-04-29T02:46:43.500973+00:00,AAPL,2020-02-13,saved,data_new/thetadata_raw/trades/symbol=AAPL/date=2020-02-13/part.parquet,207043,,utp_cta,09:30:00,16:00:00
2026-04-29T02:46:45.519742+00:00,AAPL,2020-02-14,saved,data_new/thetadata_raw/trades/symbol=AAPL/date=2020-02-14/part.parquet,171937,,utp_cta,09:30:00,16:00:00
2026-04-29T02:46:46.087287+00:00,AAPL,2020-02-17,skipped,data_new/thetadata_raw/trades/symbol=AAPL/date=2020-02-17/part.parquet,0,no_data,utp_cta,09:30:00,16:00:00
2026-04-29T02:46:49.202571+00:00,AAPL,2020-02-18,saved,data_new/thetadata_raw/trades/symbol=AAPL/date=2020-02-18/part.parquet,341443,,utp_cta,09:30:00,16:00:00
2026-04-29T02:46:51.480081+00:00,AAPL,2020-02-19,saved,data_new/thetadata_raw/trades/symbol=AAPL/date=2020-02-19/part.parquet,198929,,utp_cta,09:30:00,16:00:00
2026-04-29T02:46:53.979067+00:00,AAPL,2020-02-20,saved,data_new/thetadata_raw/trades/symbol=AAPL/date=2020-02-20/part.parquet,238436,,utp_cta,09:30:00,16:00:00
2026-04-29T02:46:56.886282+00:00,AAPL,2020-02-21,saved,data_new/thetadata_raw/trades/symbol=AAPL/date=2020-02-21/part.parquet,317423,,utp_cta,09:30:00,16:00:00
2026-04-29T02:47:01.914778+00:00,AAPL,2020-02-24,saved,data_new/thetadata_raw/trades/symbol=AAPL/date=2020-02-24/part.parquet,557498,,utp_cta,09:30:00,16:00:00
2026-04-29T02:47:07.284337+00:00,AAPL,2020-02-25,saved,data_new/thetadata_raw/trades/symbol=AAPL/date=2020-02-25/part.parquet,608732,,utp_cta,09:30:00,16:00:00
2026-04-29T02:47:11.806368+00:00,AAPL,2020-02-26,saved,data_new/thetadata_raw/trades/symbol=AAPL/date=2020-02-26/part.parquet,477998,,utp_cta,09:30:00,16:00:00
2026-04-29T02:47:18.701672+00:00,AAPL,2020-02-27,saved,data_new/thetadata_raw/trades/symbol=AAPL/date=2020-02-27/part.parquet,780442,,utp_cta,09:30:00,16:00:00
2026-04-29T02:47:27.611658+00:00,AAPL,2020-02-28,saved,data_new/thetadata_raw/trades/symbol=AAPL/date=2020-02-28/part.parquet,1081143,,utp_cta,09:30:00,16:00:00
2026-04-29T02:47:34.586111+00:00,AAPL,2020-03-02,saved,data_new/thetadata_raw/trades/symbol=AAPL/date=2020-03-02/part.parquet,822856,,utp_cta,09:30:00,16:00:00
2026-04-29T02:47:41.715095+00:00,AAPL,2020-03-03,saved,data_new/thetadata_raw/trades/symbol=AAPL/date=2020-03-03/part.parquet,812813,,utp_cta,09:30:00,16:00:00
2026-04-29T02:47:46.127198+00:00,AAPL,2020-03-04,saved,data_new/thetadata_raw/trades/symbol=AAPL/date=2020-03-04/part.parquet,488585,,utp_cta,09:30:00,16:00:00
2026-04-29T02:47:49.971021+00:00,AAPL,2020-03-05,saved,data_new/thetadata_raw/trades/symbol=AAPL/date=2020-03-05/part.parquet,417071,,utp_cta,09:30:00,16:00:00
2026-04-29T02:47:54.544386+00:00,AAPL,2020-03-06,saved,data_new/thetadata_raw/trades/symbol=AAPL/date=2020-03-06/part.parquet,530093,,utp_cta,09:30:00,16:00:00
2026-04-29T02:48:00.524339+00:00,AAPL,2020-03-09,saved,data_new/thetadata_raw/trades/symbol=AAPL/date=2020-03-09/part.parquet,698030,,utp_cta,09:30:00,16:00:00
2026-04-29T02:48:06.353189+00:00,AAPL,2020-03-10,saved,data_new/thetadata_raw/trades/symbol=AAPL/date=2020-03-10/part.parquet,673753,,utp_cta,09:30:00,16:00:00
2026-04-29T02:48:11.252872+00:00,AAPL,2020-03-11,saved,data_new/thetadata_raw/trades/symbol=AAPL/date=2020-03-11/part.parquet,571388,,utp_cta,09:30:00,16:00:00
2026-04-29T02:48:20.037628+00:00,AAPL,2020-03-12,saved,data_new/thetadata_raw/trades/symbol=AAPL/date=2020-03-12/part.parquet,1040468,,utp_cta,09:30:00,16:00:00
2026-04-29T02:48:27.587198+00:00,AAPL,2020-03-13,saved,data_new/thetadata_raw/trades/symbol=AAPL/date=2020-03-13/part.parquet,900328,,utp_cta,09:30:00,16:00:00
2026-04-29T02:48:34.213732+00:00,AAPL,2020-03-16,saved,data_new/thetadata_raw/trades/symbol=AAPL/date=2020-03-16/part.parquet,786364,,utp_cta,09:30:00,16:00:00
2026-04-29T02:48:40.953463+00:00,AAPL,2020-03-17,saved,data_new/thetadata_raw/trades/symbol=AAPL/date=2020-03-17/part.parquet,806151,,utp_cta,09:30:00,16:00:00
2026-04-29T02:48:47.269136+00:00,AAPL,2020-03-18,saved,data_new/thetadata_raw/trades/symbol=AAPL/date=2020-03-18/part.parquet,733251,,utp_cta,09:30:00,16:00:00
2026-04-29T02:48:53.300681+00:00,AAPL,2020-03-19,saved,data_new/thetadata_raw/trades/symbol=AAPL/date=2020-03-19/part.parquet,647264,,utp_cta,09:30:00,16:00:00
2026-04-29T02:49:00.615196+00:00,AAPL,2020-03-20,saved,data_new/thetadata_raw/trades/symbol=AAPL/date=2020-03-20/part.parquet,828732,,utp_cta,09:30:00,16:00:00
2026-04-29T02:49:07.782173+00:00,AAPL,2020-03-23,saved,data_new/thetadata_raw/trades/symbol=AAPL/date=2020-03-23/part.parquet,805736,,utp_cta,09:30:00,16:00:00
2026-04-29T02:49:13.982888+00:00,AAPL,2020-03-24,saved,data_new/thetadata_raw/trades/symbol=AAPL/date=2020-03-24/part.parquet,665255,,utp_cta,09:30:00,16:00:00
2026-04-29T02:49:20.509933+00:00,AAPL,2020-03-25,saved,data_new/thetadata_raw/trades/symbol=AAPL/date=2020-03-25/part.parquet,727336,,utp_cta,09:30:00,16:00:00
2026-04-29T02:49:25.576416+00:00,AAPL,2020-03-26,saved,data_new/thetadata_raw/trades/symbol=AAPL/date=2020-03-26/part.parquet,563376,,utp_cta,09:30:00,16:00:00
2026-04-29T02:49:30.066238+00:00,AAPL,2020-03-27,saved,data_new/thetadata_raw/trades/symbol=AAPL/date=2020-03-27/part.parquet,474381,,utp_cta,09:30:00,16:00:00
2026-04-29T02:49:33.762164+00:00,AAPL,2020-03-30,saved,data_new/thetadata_raw/trades/symbol=AAPL/date=2020-03-30/part.parquet,360683,,utp_cta,09:30:00,16:00:00
2026-04-29T02:49:37.485100+00:00,AAPL,2020-03-31,saved,data_new/thetadata_raw/trades/symbol=AAPL/date=2020-03-31/part.parquet,394137,,utp_cta,09:30:00,16:00:00
2026-04-29T02:49:41.550232+00:00,AAPL,2020-04-01,saved,data_new/thetadata_raw/trades/symbol=AAPL/date=2020-04-01/part.parquet,446302,,utp_cta,09:30:00,16:00:00
2026-04-29T02:49:45.118568+00:00,AAPL,2020-04-02,saved,data_new/thetadata_raw/trades/symbol=AAPL/date=2020-04-02/part.parquet,366507,,utp_cta,09:30:00,16:00:00
2026-04-29T02:49:48.045013+00:00,AAPL,2020-04-03,saved,data_new/thetadata_raw/trades/symbol=AAPL/date=2020-04-03/part.parquet,285248,,utp_cta,09:30:00,16:00:00
2026-04-29T02:49:52.415496+00:00,AAPL,2020-04-06,saved,data_new/thetadata_raw/trades/symbol=AAPL/date=2020-04-06/part.parquet,469519,,utp_cta,09:30:00,16:00:00
2026-04-29T02:49:56.666475+00:00,AAPL,2020-04-07,saved,data_new/thetadata_raw/trades/symbol=AAPL/date=2020-04-07/part.parquet,449578,,utp_cta,09:30:00,16:00:00
2026-04-29T02:50:00.381454+00:00,AAPL,2020-04-08,saved,data_new/thetadata_raw/trades/symbol=AAPL/date=2020-04-08/part.parquet,380934,,utp_cta,09:30:00,16:00:00
2026-04-29T02:50:04.145119+00:00,AAPL,2020-04-09,saved,data_new/thetadata_raw/trades/symbol=AAPL/date=2020-04-09/part.parquet,402595,,utp_cta,09:30:00,16:00:00
2026-04-29T02:50:04.714613+00:00,AAPL,2020-04-10,skipped,data_new/thetadata_raw/trades/symbol=AAPL/date=2020-04-10/part.parquet,0,no_data,utp_cta,09:30:00,16:00:00
2026-04-29T02:50:07.961664+00:00,AAPL,2020-04-13,saved,data_new/thetadata_raw/trades/symbol=AAPL/date=2020-04-13/part.parquet,334146,,utp_cta,09:30:00,16:00:00
2026-04-29T02:50:11.933469+00:00,AAPL,2020-04-14,saved,data_new/thetadata_raw/trades/symbol=AAPL/date=2020-04-14/part.parquet,463019,,utp_cta,09:30:00,16:00:00
2026-04-29T02:50:14.985426+00:00,AAPL,2020-04-15,saved,data_new/thetadata_raw/trades/symbol=AAPL/date=2020-04-15/part.parquet,298160,,utp_cta,09:30:00,16:00:00
2026-04-29T02:50:18.197374+00:00,AAPL,2020-04-16,saved,data_new/thetadata_raw/trades/symbol=AAPL/date=2020-04-16/part.parquet,355910,,utp_cta,09:30:00,16:00:00
2026-04-29T02:50:23.025459+00:00,AAPL,2020-04-17,saved,data_new/thetadata_raw/trades/symbol=AAPL/date=2020-04-17/part.parquet,542777,,utp_cta,09:30:00,16:00:00
2026-04-29T02:50:26.203031+00:00,AAPL,2020-04-20,saved,data_new/thetadata_raw/trades/symbol=AAPL/date=2020-04-20/part.parquet,343561,,utp_cta,09:30:00,16:00:00
2026-04-29T02:50:30.543719+00:00,AAPL,2020-04-21,saved,data_new/thetadata_raw/trades/symbol=AAPL/date=2020-04-21/part.parquet,516698,,utp_cta,09:30:00,16:00:00
2026-04-29T02:50:33.195496+00:00,AAPL,2020-04-22,saved,data_new/thetadata_raw/trades/symbol=AAPL/date=2020-04-22/part.parquet,278425,,utp_cta,09:30:00,16:00:00
2026-04-29T02:50:36.168425+00:00,AAPL,2020-04-23,saved,data_new/thetadata_raw/trades/symbol=AAPL/date=2020-04-23/part.parquet,309479,,utp_cta,09:30:00,16:00:00
2026-04-29T02:50:38.982188+00:00,AAPL,2020-04-24,saved,data_new/thetadata_raw/trades/symbol=AAPL/date=2020-04-24/part.parquet,297626,,utp_cta,09:30:00,16:00:00
2026-04-29T02:50:41.697283+00:00,AAPL,2020-04-27,saved,data_new/thetadata_raw/trades/symbol=AAPL/date=2020-04-27/part.parquet,289102,,utp_cta,09:30:00,16:00:00
2026-04-29T02:50:44.316359+00:00,AAPL,2020-04-28,saved,data_new/thetadata_raw/trades/symbol=AAPL/date=2020-04-28/part.parquet,276688,,utp_cta,09:30:00,16:00:00
2026-04-29T02:50:47.528634+00:00,AAPL,2020-04-29,saved,data_new/thetadata_raw/trades/symbol=AAPL/date=2020-04-29/part.parquet,306305,,utp_cta,09:30:00,16:00:00
2026-04-29T02:50:51.312667+00:00,AAPL,2020-04-30,saved,data_new/thetadata_raw/trades/symbol=AAPL/date=2020-04-30/part.parquet,384789,,utp_cta,09:30:00,16:00:00
2026-04-29T02:50:56.317897+00:00,AAPL,2020-05-01,saved,data_new/thetadata_raw/trades/symbol=AAPL/date=2020-05-01/part.parquet,543269,,utp_cta,09:30:00,16:00:00
2026-04-29T02:50:59.599308+00:00,AAPL,2020-05-04,saved,data_new/thetadata_raw/trades/symbol=AAPL/date=2020-05-04/part.parquet,311082,,utp_cta,09:30:00,16:00:00
2026-04-29T02:51:02.977394+00:00,AAPL,2020-05-05,saved,data_new/thetadata_raw/trades/symbol=AAPL/date=2020-05-05/part.parquet,353363,,utp_cta,09:30:00,16:00:00
2026-04-29T02:51:06.119503+00:00,AAPL,2020-05-06,saved,data_new/thetadata_raw/trades/symbol=AAPL/date=2020-05-06/part.parquet,319064,,utp_cta,09:30:00,16:00:00
2026-04-29T02:51:08.895935+00:00,AAPL,2020-05-07,saved,data_new/thetadata_raw/trades/symbol=AAPL/date=2020-05-07/part.parquet,265205,,utp_cta,09:30:00,16:00:00
2026-04-29T02:51:12.582308+00:00,AAPL,2020-05-08,saved,data_new/thetadata_raw/trades/symbol=AAPL/date=2020-05-08/part.parquet,308592,,utp_cta,09:30:00,16:00:00
2026-04-29T02:51:15.797305+00:00,AAPL,2020-05-11,saved,data_new/thetadata_raw/trades/symbol=AAPL/date=2020-05-11/part.parquet,325958,,utp_cta,09:30:00,16:00:00
2026-04-29T02:51:19.275678+00:00,AAPL,2020-05-12,saved,data_new/thetadata_raw/trades/symbol=AAPL/date=2020-05-12/part.parquet,357617,,utp_cta,09:30:00,16:00:00
2026-04-29T02:51:24.234123+00:00,AAPL,2020-05-13,saved,data_new/thetadata_raw/trades/symbol=AAPL/date=2020-05-13/part.parquet,477090,,utp_cta,09:30:00,16:00:00
2026-04-29T02:51:28.194381+00:00,AAPL,2020-05-14,saved,data_new/thetadata_raw/trades/symbol=AAPL/date=2020-05-14/part.parquet,358017,,utp_cta,09:30:00,16:00:00
2026-04-29T02:51:32.239483+00:00,AAPL,2020-05-15,saved,data_new/thetadata_raw/trades/symbol=AAPL/date=2020-05-15/part.parquet,364126,,utp_cta,09:30:00,16:00:00
2026-04-29T02:51:35.630195+00:00,AAPL,2020-05-18,saved,data_new/thetadata_raw/trades/symbol=AAPL/date=2020-05-18/part.parquet,303838,,utp_cta,09:30:00,16:00:00
2026-04-29T02:51:38.211263+00:00,AAPL,2020-05-19,saved,data_new/thetadata_raw/trades/symbol=AAPL/date=2020-05-19/part.parquet,247204,,utp_cta,09:30:00,16:00:00
2026-04-29T02:51:41.123025+00:00,AAPL,2020-05-20,saved,data_new/thetadata_raw/trades/symbol=AAPL/date=2020-05-20/part.parquet,257569,,utp_cta,09:30:00,16:00:00
2026-04-29T02:51:43.669733+00:00,AAPL,2020-05-21,saved,data_new/thetadata_raw/trades/symbol=AAPL/date=2020-05-21/part.parquet,244394,,utp_cta,09:30:00,16:00:00
2026-04-29T02:51:46.110666+00:00,AAPL,2020-05-22,saved,data_new/thetadata_raw/trades/symbol=AAPL/date=2020-05-22/part.parquet,199793,,utp_cta,09:30:00,16:00:00
2026-04-29T02:51:46.654535+00:00,AAPL,2020-05-25,skipped,data_new/thetadata_raw/trades/symbol=AAPL/date=2020-05-25/part.parquet,0,no_data,utp_cta,09:30:00,16:00:00
2026-04-29T02:51:49.530028+00:00,AAPL,2020-05-26,saved,data_new/thetadata_raw/trades/symbol=AAPL/date=2020-05-26/part.parquet,299972,,utp_cta,09:30:00,16:00:00
2026-04-29T02:51:52.370669+00:00,AAPL,2020-05-27,saved,data_new/thetadata_raw/trades/symbol=AAPL/date=2020-05-27/part.parquet,271222,,utp_cta,09:30:00,16:00:00
2026-04-29T02:51:55.557309+00:00,AAPL,2020-05-28,saved,data_new/thetadata_raw/trades/symbol=AAPL/date=2020-05-28/part.parquet,312035,,utp_cta,09:30:00,16:00:00
2026-04-29T02:51:58.537895+00:00,AAPL,2020-05-29,saved,data_new/thetadata_raw/trades/symbol=AAPL/date=2020-05-29/part.parquet,300327,,utp_cta,09:30:00,16:00:00
2026-04-29T02:52:00.969561+00:00,AAPL,2020-06-01,saved,data_new/thetadata_raw/trades/symbol=AAPL/date=2020-06-01/part.parquet,224293,,utp_cta,09:30:00,16:00:00
2026-04-29T02:52:03.384993+00:00,AAPL,2020-06-02,saved,data_new/thetadata_raw/trades/symbol=AAPL/date=2020-06-02/part.parquet,218248,,utp_cta,09:30:00,16:00:00
2026-04-29T02:52:06.121605+00:00,AAPL,2020-06-03,saved,data_new/thetadata_raw/trades/symbol=AAPL/date=2020-06-03/part.parquet,251746,,utp_cta,09:30:00,16:00:00
2026-04-29T02:52:08.589076+00:00,AAPL,2020-06-04,saved,data_new/thetadata_raw/trades/symbol=AAPL/date=2020-06-04/part.parquet,231439,,utp_cta,09:30:00,16:00:00
2026-04-29T02:52:12.040100+00:00,AAPL,2020-06-05,saved,data_new/thetadata_raw/trades/symbol=AAPL/date=2020-06-05/part.parquet,341198,,utp_cta,09:30:00,16:00:00
2026-04-29T02:52:15.065727+00:00,AAPL,2020-06-08,saved,data_new/thetadata_raw/trades/symbol=AAPL/date=2020-06-08/part.parquet,252052,,utp_cta,09:30:00,16:00:00
2026-04-29T02:52:19.119848+00:00,AAPL,2020-06-09,saved,data_new/thetadata_raw/trades/symbol=AAPL/date=2020-06-09/part.parquet,394990,,utp_cta,09:30:00,16:00:00
2026-04-29T02:52:23.226050+00:00,AAPL,2020-06-10,saved,data_new/thetadata_raw/trades/symbol=AAPL/date=2020-06-10/part.parquet,435976,,utp_cta,09:30:00,16:00:00
2026-04-29T02:52:28.506976+00:00,AAPL,2020-06-11,saved,data_new/thetadata_raw/trades/symbol=AAPL/date=2020-06-11/part.parquet,556088,,utp_cta,09:30:00,16:00:00
2026-04-29T02:52:33.208533+00:00,AAPL,2020-06-12,saved,data_new/thetadata_raw/trades/symbol=AAPL/date=2020-06-12/part.parquet,499864,,utp_cta,09:30:00,16:00:00
2026-04-29T02:52:37.018296+00:00,AAPL,2020-06-15,saved,data_new/thetadata_raw/trades/symbol=AAPL/date=2020-06-15/part.parquet,356823,,utp_cta,09:30:00,16:00:00
2026-04-29T02:52:41.191109+00:00,AAPL,2020-06-16,saved,data_new/thetadata_raw/trades/symbol=AAPL/date=2020-06-16/part.parquet,431559,,utp_cta,09:30:00,16:00:00
2026-04-29T02:52:44.278397+00:00,AAPL,2020-06-17,saved,data_new/thetadata_raw/trades/symbol=AAPL/date=2020-06-17/part.parquet,309176,,utp_cta,09:30:00,16:00:00
2026-04-29T02:52:47.036507+00:00,AAPL,2020-06-18,saved,data_new/thetadata_raw/trades/symbol=AAPL/date=2020-06-18/part.parquet,266247,,utp_cta,09:30:00,16:00:00
2026-04-29T02:52:51.680757+00:00,AAPL,2020-06-19,saved,data_new/thetadata_raw/trades/symbol=AAPL/date=2020-06-19/part.parquet,507963,,utp_cta,09:30:00,16:00:00
2026-04-29T02:52:55.236390+00:00,AAPL,2020-06-22,saved,data_new/thetadata_raw/trades/symbol=AAPL/date=2020-06-22/part.parquet,351406,,utp_cta,09:30:00,16:00:00
2026-04-29T02:53:00.126728+00:00,AAPL,2020-06-23,saved,data_new/thetadata_raw/trades/symbol=AAPL/date=2020-06-23/part.parquet,522340,,utp_cta,09:30:00,16:00:00
2026-04-29T02:53:05.044298+00:00,AAPL,2020-06-24,saved,data_new/thetadata_raw/trades/symbol=AAPL/date=2020-06-24/part.parquet,505129,,utp_cta,09:30:00,16:00:00
2026-04-29T02:53:08.471238+00:00,AAPL,2020-06-25,saved,data_new/thetadata_raw/trades/symbol=AAPL/date=2020-06-25/part.parquet,352782,,utp_cta,09:30:00,16:00:00
2026-04-29T02:53:12.755669+00:00,AAPL,2020-06-26,saved,data_new/thetadata_raw/trades/symbol=AAPL/date=2020-06-26/part.parquet,468165,,utp_cta,09:30:00,16:00:00
2026-04-29T02:53:16.238748+00:00,AAPL,2020-06-29,saved,data_new/thetadata_raw/trades/symbol=AAPL/date=2020-06-29/part.parquet,335012,,utp_cta,09:30:00,16:00:00
2026-04-29T02:53:19.702818+00:00,AAPL,2020-06-30,saved,data_new/thetadata_raw/trades/symbol=AAPL/date=2020-06-30/part.parquet,324257,,utp_cta,09:30:00,16:00:00
2026-04-29T02:53:22.796213+00:00,AAPL,2020-07-01,saved,data_new/thetadata_raw/trades/symbol=AAPL/date=2020-07-01/part.parquet,307982,,utp_cta,09:30:00,16:00:00
2026-04-29T02:53:25.788066+00:00,AAPL,2020-07-02,saved,data_new/thetadata_raw/trades/symbol=AAPL/date=2020-07-02/part.parquet,293046,,utp_cta,09:30:00,16:00:00
2026-04-29T02:53:26.364631+00:00,AAPL,2020-07-03,skipped,data_new/thetadata_raw/trades/symbol=AAPL/date=2020-07-03/part.parquet,0,no_data,utp_cta,09:30:00,16:00:00
2026-04-29T02:53:29.326168+00:00,AAPL,2020-07-06,saved,data_new/thetadata_raw/trades/symbol=AAPL/date=2020-07-06/part.parquet,324923,,utp_cta,09:30:00,16:00:00
2026-04-29T02:53:32.324672+00:00,AAPL,2020-07-07,saved,data_new/thetadata_raw/trades/symbol=AAPL/date=2020-07-07/part.parquet,301805,,utp_cta,09:30:00,16:00:00
2026-04-29T02:53:35.119709+00:00,AAPL,2020-07-08,saved,data_new/thetadata_raw/trades/symbol=AAPL/date=2020-07-08/part.parquet,316808,,utp_cta,09:30:00,16:00:00
2026-04-29T02:53:38.521329+00:00,AAPL,2020-07-09,saved,data_new/thetadata_raw/trades/symbol=AAPL/date=2020-07-09/part.parquet,370337,,utp_cta,09:30:00,16:00:00
2026-04-29T02:53:41.314887+00:00,AAPL,2020-07-10,saved,data_new/thetadata_raw/trades/symbol=AAPL/date=2020-07-10/part.parquet,268454,,utp_cta,09:30:00,16:00:00
2026-04-29T02:53:46.054061+00:00,AAPL,2020-07-13,saved,data_new/thetadata_raw/trades/symbol=AAPL/date=2020-07-13/part.parquet,563136,,utp_cta,09:30:00,16:00:00
2026-04-29T02:53:50.128354+00:00,AAPL,2020-07-14,saved,data_new/thetadata_raw/trades/symbol=AAPL/date=2020-07-14/part.parquet,453971,,utp_cta,09:30:00,16:00:00
2026-04-29T02:53:53.990011+00:00,AAPL,2020-07-15,saved,data_new/thetadata_raw/trades/symbol=AAPL/date=2020-07-15/part.parquet,419164,,utp_cta,09:30:00,16:00:00
2026-04-29T02:53:57.188790+00:00,AAPL,2020-07-16,saved,data_new/thetadata_raw/trades/symbol=AAPL/date=2020-07-16/part.parquet,329685,,utp_cta,09:30:00,16:00:00
2026-04-29T02:53:59.559782+00:00,AAPL,2020-07-17,saved,data_new/thetadata_raw/trades/symbol=AAPL/date=2020-07-17/part.parquet,248428,,utp_cta,09:30:00,16:00:00
2026-04-29T02:54:02.251721+00:00,AAPL,2020-07-20,saved,data_new/thetadata_raw/trades/symbol=AAPL/date=2020-07-20/part.parquet,273039,,utp_cta,09:30:00,16:00:00
2026-04-29T02:54:05.195003+00:00,AAPL,2020-07-21,saved,data_new/thetadata_raw/trades/symbol=AAPL/date=2020-07-21/part.parquet,315887,,utp_cta,09:30:00,16:00:00
2026-04-29T02:54:07.503001+00:00,AAPL,2020-07-22,saved,data_new/thetadata_raw/trades/symbol=AAPL/date=2020-07-22/part.parquet,243973,,utp_cta,09:30:00,16:00:00
2026-04-29T02:54:13.393548+00:00,AAPL,2020-07-23,saved,data_new/thetadata_raw/trades/symbol=AAPL/date=2020-07-23/part.parquet,668166,,utp_cta,09:30:00,16:00:00
2026-04-29T02:54:18.540084+00:00,AAPL,2020-07-24,saved,data_new/thetadata_raw/trades/symbol=AAPL/date=2020-07-24/part.parquet,541415,,utp_cta,09:30:00,16:00:00
2026-04-29T02:54:21.502941+00:00,AAPL,2020-07-27,saved,data_new/thetadata_raw/trades/symbol=AAPL/date=2020-07-27/part.parquet,327866,,utp_cta,09:30:00,16:00:00
2026-04-29T02:54:23.998129+00:00,AAPL,2020-07-28,saved,data_new/thetadata_raw/trades/symbol=AAPL/date=2020-07-28/part.parquet,267381,,utp_cta,09:30:00,16:00:00
2026-04-29T02:54:26.637683+00:00,AAPL,2020-07-29,saved,data_new/thetadata_raw/trades/symbol=AAPL/date=2020-07-29/part.parquet,250509,,utp_cta,09:30:00,16:00:00
2026-04-29T02:54:30.322469+00:00,AAPL,2020-07-30,saved,data_new/thetadata_raw/trades/symbol=AAPL/date=2020-07-30/part.parquet,374163,,utp_cta,09:30:00,16:00:00
2026-04-29T02:54:39.513162+00:00,AAPL,2020-07-31,saved,data_new/thetadata_raw/trades/symbol=AAPL/date=2020-07-31/part.parquet,1074623,,utp_cta,09:30:00,16:00:00
2026-04-29T02:54:47.081324+00:00,AAPL,2020-08-03,saved,data_new/thetadata_raw/trades/symbol=AAPL/date=2020-08-03/part.parquet,935578,,utp_cta,09:30:00,16:00:00
2026-04-29T02:54:51.906717+00:00,AAPL,2020-08-04,saved,data_new/thetadata_raw/trades/symbol=AAPL/date=2020-08-04/part.parquet,508099,,utp_cta,09:30:00,16:00:00
2026-04-29T02:54:55.487426+00:00,AAPL,2020-08-05,saved,data_new/thetadata_raw/trades/symbol=AAPL/date=2020-08-05/part.parquet,367571,,utp_cta,09:30:00,16:00:00
2026-04-29T02:55:00.834595+00:00,AAPL,2020-08-06,saved,data_new/thetadata_raw/trades/symbol=AAPL/date=2020-08-06/part.parquet,566142,,utp_cta,09:30:00,16:00:00
2026-04-29T02:55:11.761507+00:00,AAPL,2020-08-07,saved,data_new/thetadata_raw/trades/symbol=AAPL/date=2020-08-07/part.parquet,620498,,utp_cta,09:30:00,16:00:00
2026-04-29T02:55:17.091471+00:00,AAPL,2020-08-10,saved,data_new/thetadata_raw/trades/symbol=AAPL/date=2020-08-10/part.parquet,614618,,utp_cta,09:30:00,16:00:00
2026-04-29T02:55:22.148447+00:00,AAPL,2020-08-11,saved,data_new/thetadata_raw/trades/symbol=AAPL/date=2020-08-11/part.parquet,591681,,utp_cta,09:30:00,16:00:00
2026-04-29T02:55:26.566006+00:00,AAPL,2020-08-12,saved,data_new/thetadata_raw/trades/symbol=AAPL/date=2020-08-12/part.parquet,495315,,utp_cta,09:30:00,16:00:00
2026-04-29T02:55:32.122867+00:00,AAPL,2020-08-13,saved,data_new/thetadata_raw/trades/symbol=AAPL/date=2020-08-13/part.parquet,605992,,utp_cta,09:30:00,16:00:00
2026-04-29T02:55:36.908968+00:00,AAPL,2020-08-14,saved,data_new/thetadata_raw/trades/symbol=AAPL/date=2020-08-14/part.parquet,519547,,utp_cta,09:30:00,16:00:00
2026-04-29T02:55:40.698787+00:00,AAPL,2020-08-17,saved,data_new/thetadata_raw/trades/symbol=AAPL/date=2020-08-17/part.parquet,414838,,utp_cta,09:30:00,16:00:00
2026-04-29T02:55:44.191245+00:00,AAPL,2020-08-18,saved,data_new/thetadata_raw/trades/symbol=AAPL/date=2020-08-18/part.parquet,368785,,utp_cta,09:30:00,16:00:00
2026-04-29T02:55:48.758870+00:00,AAPL,2020-08-19,saved,data_new/thetadata_raw/trades/symbol=AAPL/date=2020-08-19/part.parquet,480750,,utp_cta,09:30:00,16:00:00
2026-04-29T02:55:52.846471+00:00,AAPL,2020-08-20,saved,data_new/thetadata_raw/trades/symbol=AAPL/date=2020-08-20/part.parquet,448167,,utp_cta,09:30:00,16:00:00
2026-04-29T02:56:01.424554+00:00,AAPL,2020-08-21,saved,data_new/thetadata_raw/trades/symbol=AAPL/date=2020-08-21/part.parquet,1049897,,utp_cta,09:30:00,16:00:00
2026-04-29T02:56:11.229658+00:00,AAPL,2020-08-24,saved,data_new/thetadata_raw/trades/symbol=AAPL/date=2020-08-24/part.parquet,1209784,,utp_cta,09:30:00,16:00:00
2026-04-29T02:56:17.565292+00:00,AAPL,2020-08-25,saved,data_new/thetadata_raw/trades/symbol=AAPL/date=2020-08-25/part.parquet,726656,,utp_cta,09:30:00,16:00:00
2026-04-29T02:56:22.904356+00:00,AAPL,2020-08-26,saved,data_new/thetadata_raw/trades/symbol=AAPL/date=2020-08-26/part.parquet,597783,,utp_cta,09:30:00,16:00:00
2026-04-29T02:56:28.526701+00:00,AAPL,2020-08-27,saved,data_new/thetadata_raw/trades/symbol=AAPL/date=2020-08-27/part.parquet,644645,,utp_cta,09:30:00,16:00:00
2026-04-29T02:56:34.684865+00:00,AAPL,2020-08-28,saved,data_new/thetadata_raw/trades/symbol=AAPL/date=2020-08-28/part.parquet,650289,,utp_cta,09:30:00,16:00:00
2026-04-29T02:56:55.844412+00:00,AAPL,2020-08-31,saved,data_new/thetadata_raw/trades/symbol=AAPL/date=2020-08-31/part.parquet,2560943,,utp_cta,09:30:00,16:00:00
2026-04-29T02:57:07.607332+00:00,AAPL,2020-09-01,saved,data_new/thetadata_raw/trades/symbol=AAPL/date=2020-09-01/part.parquet,1385850,,utp_cta,09:30:00,16:00:00
2026-04-29T02:57:21.291650+00:00,AAPL,2020-09-02,saved,data_new/thetadata_raw/trades/symbol=AAPL/date=2020-09-02/part.parquet,1755426,,utp_cta,09:30:00,16:00:00
2026-04-29T02:57:40.455772+00:00,AAPL,2020-09-03,saved,data_new/thetadata_raw/trades/symbol=AAPL/date=2020-09-03/part.parquet,2192802,,utp_cta,09:30:00,16:00:00
2026-04-29T02:58:03.667132+00:00,AAPL,2020-09-04,saved,data_new/thetadata_raw/trades/symbol=AAPL/date=2020-09-04/part.parquet,2843800,,utp_cta,09:30:00,16:00:00
2026-04-29T02:58:04.252004+00:00,AAPL,2020-09-07,skipped,data_new/thetadata_raw/trades/symbol=AAPL/date=2020-09-07/part.parquet,0,no_data,utp_cta,09:30:00,16:00:00
2026-04-29T02:58:18.764068+00:00,AAPL,2020-09-08,saved,data_new/thetadata_raw/trades/symbol=AAPL/date=2020-09-08/part.parquet,1858098,,utp_cta,09:30:00,16:00:00
2026-04-29T02:58:28.659372+00:00,AAPL,2020-09-09,saved,data_new/thetadata_raw/trades/symbol=AAPL/date=2020-09-09/part.parquet,1231723,,utp_cta,09:30:00,16:00:00
2026-04-29T02:58:39.167493+00:00,AAPL,2020-09-10,saved,data_new/thetadata_raw/trades/symbol=AAPL/date=2020-09-10/part.parquet,1377676,,utp_cta,09:30:00,16:00:00
2026-04-29T02:58:50.060103+00:00,AAPL,2020-09-11,saved,data_new/thetadata_raw/trades/symbol=AAPL/date=2020-09-11/part.parquet,1355137,,utp_cta,09:30:00,16:00:00
2026-04-29T02:58:58.035762+00:00,AAPL,2020-09-14,saved,data_new/thetadata_raw/trades/symbol=AAPL/date=2020-09-14/part.parquet,957131,,utp_cta,09:30:00,16:00:00
2026-04-29T02:59:07.837578+00:00,AAPL,2020-09-15,saved,data_new/thetadata_raw/trades/symbol=AAPL/date=2020-09-15/part.parquet,1227271,,utp_cta,09:30:00,16:00:00
2026-04-29T02:59:17.521275+00:00,AAPL,2020-09-16,saved,data_new/thetadata_raw/trades/symbol=AAPL/date=2020-09-16/part.parquet,1126183,,utp_cta,09:30:00,16:00:00
2026-04-29T02:59:27.633810+00:00,AAPL,2020-09-17,saved,data_new/thetadata_raw/trades/symbol=AAPL/date=2020-09-17/part.parquet,1261388,,utp_cta,09:30:00,16:00:00
2026-04-29T02:59:39.983372+00:00,AAPL,2020-09-18,saved,data_new/thetadata_raw/trades/symbol=AAPL/date=2020-09-18/part.parquet,1585169,,utp_cta,09:30:00,16:00:00
2026-04-29T02:59:50.118066+00:00,AAPL,2020-09-21,saved,data_new/thetadata_raw/trades/symbol=AAPL/date=2020-09-21/part.parquet,1265526,,utp_cta,09:30:00,16:00:00
2026-04-29T02:59:59.007290+00:00,AAPL,2020-09-22,saved,data_new/thetadata_raw/trades/symbol=AAPL/date=2020-09-22/part.parquet,1071845,,utp_cta,09:30:00,16:00:00
2026-04-29T03:00:06.507391+00:00,AAPL,2020-09-23,saved,data_new/thetadata_raw/trades/symbol=AAPL/date=2020-09-23/part.parquet,956828,,utp_cta,09:30:00,16:00:00
2026-04-29T03:00:14.212409+00:00,AAPL,2020-09-24,saved,data_new/thetadata_raw/trades/symbol=AAPL/date=2020-09-24/part.parquet,937180,,utp_cta,09:30:00,16:00:00
2026-04-29T03:00:21.088817+00:00,AAPL,2020-09-25,saved,data_new/thetadata_raw/trades/symbol=AAPL/date=2020-09-25/part.parquet,849299,,utp_cta,09:30:00,16:00:00
2026-04-29T03:00:27.673149+00:00,AAPL,2020-09-28,saved,data_new/thetadata_raw/trades/symbol=AAPL/date=2020-09-28/part.parquet,815956,,utp_cta,09:30:00,16:00:00
2026-04-29T03:00:32.845217+00:00,AAPL,2020-09-29,saved,data_new/thetadata_raw/trades/symbol=AAPL/date=2020-09-29/part.parquet,583415,,utp_cta,09:30:00,16:00:00
2026-04-29T03:00:39.409710+00:00,AAPL,2020-09-30,saved,data_new/thetadata_raw/trades/symbol=AAPL/date=2020-09-30/part.parquet,783743,,utp_cta,09:30:00,16:00:00
2026-04-29T03:00:44.982121+00:00,AAPL,2020-10-01,saved,data_new/thetadata_raw/trades/symbol=AAPL/date=2020-10-01/part.parquet,643361,,utp_cta,09:30:00,16:00:00
2026-04-29T03:00:53.117072+00:00,AAPL,2020-10-02,saved,data_new/thetadata_raw/trades/symbol=AAPL/date=2020-10-02/part.parquet,885148,,utp_cta,09:30:00,16:00:00
2026-04-29T03:00:58.254359+00:00,AAPL,2020-10-05,saved,data_new/thetadata_raw/trades/symbol=AAPL/date=2020-10-05/part.parquet,581940,,utp_cta,09:30:00,16:00:00
2026-04-29T03:01:06.551675+00:00,AAPL,2020-10-06,saved,data_new/thetadata_raw/trades/symbol=AAPL/date=2020-10-06/part.parquet,986629,,utp_cta,09:30:00,16:00:00
2026-04-29T03:01:11.346905+00:00,AAPL,2020-10-07,saved,data_new/thetadata_raw/trades/symbol=AAPL/date=2020-10-07/part.parquet,550424,,utp_cta,09:30:00,16:00:00
2026-04-29T03:01:15.764400+00:00,AAPL,2020-10-08,saved,data_new/thetadata_raw/trades/symbol=AAPL/date=2020-10-08/part.parquet,495491,,utp_cta,09:30:00,16:00:00
2026-04-29T03:01:21.405163+00:00,AAPL,2020-10-09,saved,data_new/thetadata_raw/trades/symbol=AAPL/date=2020-10-09/part.parquet,602829,,utp_cta,09:30:00,16:00:00
2026-04-29T03:01:32.834106+00:00,AAPL,2020-10-12,saved,data_new/thetadata_raw/trades/symbol=AAPL/date=2020-10-12/part.parquet,1338878,,utp_cta,09:30:00,16:00:00
2026-04-29T03:01:46.385773+00:00,AAPL,2020-10-13,saved,data_new/thetadata_raw/trades/symbol=AAPL/date=2020-10-13/part.parquet,1636766,,utp_cta,09:30:00,16:00:00
2026-04-29T03:01:53.199878+00:00,AAPL,2020-10-14,saved,data_new/thetadata_raw/trades/symbol=AAPL/date=2020-10-14/part.parquet,834140,,utp_cta,09:30:00,16:00:00
2026-04-29T03:01:58.942875+00:00,AAPL,2020-10-15,saved,data_new/thetadata_raw/trades/symbol=AAPL/date=2020-10-15/part.parquet,627673,,utp_cta,09:30:00,16:00:00
2026-04-29T03:02:05.009367+00:00,AAPL,2020-10-16,saved,data_new/thetadata_raw/trades/symbol=AAPL/date=2020-10-16/part.parquet,620148,,utp_cta,09:30:00,16:00:00
2026-04-29T03:02:11.214553+00:00,AAPL,2020-10-19,saved,data_new/thetadata_raw/trades/symbol=AAPL/date=2020-10-19/part.parquet,735807,,utp_cta,09:30:00,16:00:00
2026-04-29T03:02:17.224843+00:00,AAPL,2020-10-20,saved,data_new/thetadata_raw/trades/symbol=AAPL/date=2020-10-20/part.parquet,658232,,utp_cta,09:30:00,16:00:00
2026-04-29T03:02:21.747618+00:00,AAPL,2020-10-21,saved,data_new/thetadata_raw/trades/symbol=AAPL/date=2020-10-21/part.parquet,498721,,utp_cta,09:30:00,16:00:00
2026-04-29T03:02:27.394656+00:00,AAPL,2020-10-22,saved,data_new/thetadata_raw/trades/symbol=AAPL/date=2020-10-22/part.parquet,627493,,utp_cta,09:30:00,16:00:00
2026-04-29T03:02:32.568538+00:00,AAPL,2020-10-23,saved,data_new/thetadata_raw/trades/symbol=AAPL/date=2020-10-23/part.parquet,558768,,utp_cta,09:30:00,16:00:00
2026-04-29T03:02:38.777653+00:00,AAPL,2020-10-26,saved,data_new/thetadata_raw/trades/symbol=AAPL/date=2020-10-26/part.parquet,703018,,utp_cta,09:30:00,16:00:00
2026-04-29T03:02:43.626748+00:00,AAPL,2020-10-27,saved,data_new/thetadata_raw/trades/symbol=AAPL/date=2020-10-27/part.parquet,534219,,utp_cta,09:30:00,16:00:00
2026-04-29T03:02:51.376937+00:00,AAPL,2020-10-28,saved,data_new/thetadata_raw/trades/symbol=AAPL/date=2020-10-28/part.parquet,928555,,utp_cta,09:30:00,16:00:00
2026-04-29T03:02:58.426790+00:00,AAPL,2020-10-29,saved,data_new/thetadata_raw/trades/symbol=AAPL/date=2020-10-29/part.parquet,808965,,utp_cta,09:30:00,16:00:00
2026-04-29T03:03:10.199035+00:00,AAPL,2020-10-30,saved,data_new/thetadata_raw/trades/symbol=AAPL/date=2020-10-30/part.parquet,1438794,,utp_cta,09:30:00,16:00:00
2026-04-29T03:03:17.796374+00:00,AAPL,2020-11-02,saved,data_new/thetadata_raw/trades/symbol=AAPL/date=2020-11-02/part.parquet,828198,,utp_cta,09:30:00,16:00:00
2026-04-29T03:03:23.528050+00:00,AAPL,2020-11-03,saved,data_new/thetadata_raw/trades/symbol=AAPL/date=2020-11-03/part.parquet,614558,,utp_cta,09:30:00,16:00:00
2026-04-29T03:03:30.280554+00:00,AAPL,2020-11-04,saved,data_new/thetadata_raw/trades/symbol=AAPL/date=2020-11-04/part.parquet,787723,,utp_cta,09:30:00,16:00:00
2026-04-29T03:03:36.509574+00:00,AAPL,2020-11-05,saved,data_new/thetadata_raw/trades/symbol=AAPL/date=2020-11-05/part.parquet,718578,,utp_cta,09:30:00,16:00:00
2026-04-29T03:03:42.332677+00:00,AAPL,2020-11-06,saved,data_new/thetadata_raw/trades/symbol=AAPL/date=2020-11-06/part.parquet,617775,,utp_cta,09:30:00,16:00:00
2026-04-29T03:03:50.074144+00:00,AAPL,2020-11-09,saved,data_new/thetadata_raw/trades/symbol=AAPL/date=2020-11-09/part.parquet,924427,,utp_cta,09:30:00,16:00:00
2026-04-29T03:03:57.031874+00:00,AAPL,2020-11-10,saved,data_new/thetadata_raw/trades/symbol=AAPL/date=2020-11-10/part.parquet,784222,,utp_cta,09:30:00,16:00:00
2026-04-29T03:04:02.365416+00:00,AAPL,2020-11-11,saved,data_new/thetadata_raw/trades/symbol=AAPL/date=2020-11-11/part.parquet,595468,,utp_cta,09:30:00,16:00:00
2026-04-29T03:04:07.709900+00:00,AAPL,2020-11-12,saved,data_new/thetadata_raw/trades/symbol=AAPL/date=2020-11-12/part.parquet,594518,,utp_cta,09:30:00,16:00:00
2026-04-29T03:04:12.607088+00:00,AAPL,2020-11-13,saved,data_new/thetadata_raw/trades/symbol=AAPL/date=2020-11-13/part.parquet,491276,,utp_cta,09:30:00,16:00:00
2026-04-29T03:04:17.823958+00:00,AAPL,2020-11-16,saved,data_new/thetadata_raw/trades/symbol=AAPL/date=2020-11-16/part.parquet,566856,,utp_cta,09:30:00,16:00:00
2026-04-29T03:04:22.166164+00:00,AAPL,2020-11-17,saved,data_new/thetadata_raw/trades/symbol=AAPL/date=2020-11-17/part.parquet,477136,,utp_cta,09:30:00,16:00:00
2026-04-29T03:04:26.418609+00:00,AAPL,2020-11-18,saved,data_new/thetadata_raw/trades/symbol=AAPL/date=2020-11-18/part.parquet,467254,,utp_cta,09:30:00,16:00:00
2026-04-29T03:04:31.071755+00:00,AAPL,2020-11-19,saved,data_new/thetadata_raw/trades/symbol=AAPL/date=2020-11-19/part.parquet,474496,,utp_cta,09:30:00,16:00:00
2026-04-29T03:04:37.154388+00:00,AAPL,2020-11-20,saved,data_new/thetadata_raw/trades/symbol=AAPL/date=2020-11-20/part.parquet,443472,,utp_cta,09:30:00,16:00:00
2026-04-29T03:04:45.192886+00:00,AAPL,2020-11-23,saved,data_new/thetadata_raw/trades/symbol=AAPL/date=2020-11-23/part.parquet,981319,,utp_cta,09:30:00,16:00:00
2026-04-29T03:04:51.810480+00:00,AAPL,2020-11-24,saved,data_new/thetadata_raw/trades/symbol=AAPL/date=2020-11-24/part.parquet,770518,,utp_cta,09:30:00,16:00:00
2026-04-29T03:04:56.227988+00:00,AAPL,2020-11-25,saved,data_new/thetadata_raw/trades/symbol=AAPL/date=2020-11-25/part.parquet,475863,,utp_cta,09:30:00,16:00:00
2026-04-29T03:04:56.784154+00:00,AAPL,2020-11-26,skipped,data_new/thetadata_raw/trades/symbol=AAPL/date=2020-11-26/part.parquet,0,no_data,utp_cta,09:30:00,16:00:00
2026-04-29T03:04:59.891700+00:00,AAPL,2020-11-27,saved,data_new/thetadata_raw/trades/symbol=AAPL/date=2020-11-27/part.parquet,316724,,utp_cta,09:30:00,16:00:00
2026-04-29T03:05:07.171107+00:00,AAPL,2020-11-30,saved,data_new/thetadata_raw/trades/symbol=AAPL/date=2020-11-30/part.parquet,874388,,utp_cta,09:30:00,16:00:00
2026-04-29T03:05:13.840858+00:00,AAPL,2020-12-01,saved,data_new/thetadata_raw/trades/symbol=AAPL/date=2020-12-01/part.parquet,783360,,utp_cta,09:30:00,16:00:00
2026-04-29T03:05:18.374150+00:00,AAPL,2020-12-02,saved,data_new/thetadata_raw/trades/symbol=AAPL/date=2020-12-02/part.parquet,505100,,utp_cta,09:30:00,16:00:00
2026-04-29T03:05:22.335365+00:00,AAPL,2020-12-03,saved,data_new/thetadata_raw/trades/symbol=AAPL/date=2020-12-03/part.parquet,457030,,utp_cta,09:30:00,16:00:00
2026-04-29T03:05:26.461808+00:00,AAPL,2020-12-04,saved,data_new/thetadata_raw/trades/symbol=AAPL/date=2020-12-04/part.parquet,444667,,utp_cta,09:30:00,16:00:00
2026-04-29T03:05:31.058700+00:00,AAPL,2020-12-07,saved,data_new/thetadata_raw/trades/symbol=AAPL/date=2020-12-07/part.parquet,500215,,utp_cta,09:30:00,16:00:00
2026-04-29T03:05:35.595478+00:00,AAPL,2020-12-08,saved,data_new/thetadata_raw/trades/symbol=AAPL/date=2020-12-08/part.parquet,480350,,utp_cta,09:30:00,16:00:00
2026-04-29T03:05:41.872554+00:00,AAPL,2020-12-09,saved,data_new/thetadata_raw/trades/symbol=AAPL/date=2020-12-09/part.parquet,712308,,utp_cta,09:30:00,16:00:00
2026-04-29T03:05:46.268058+00:00,AAPL,2020-12-10,saved,data_new/thetadata_raw/trades/symbol=AAPL/date=2020-12-10/part.parquet,486957,,utp_cta,09:30:00,16:00:00
2026-04-29T03:05:51.055123+00:00,AAPL,2020-12-11,saved,data_new/thetadata_raw/trades/symbol=AAPL/date=2020-12-11/part.parquet,528744,,utp_cta,09:30:00,16:00:00
2026-04-29T03:05:55.228601+00:00,AAPL,2020-12-14,saved,data_new/thetadata_raw/trades/symbol=AAPL/date=2020-12-14/part.parquet,432850,,utp_cta,09:30:00,16:00:00
2026-04-29T03:06:02.689663+00:00,AAPL,2020-12-15,saved,data_new/thetadata_raw/trades/symbol=AAPL/date=2020-12-15/part.parquet,834378,,utp_cta,09:30:00,16:00:00
2026-04-29T03:06:08.953683+00:00,AAPL,2020-12-16,saved,data_new/thetadata_raw/trades/symbol=AAPL/date=2020-12-16/part.parquet,525346,,utp_cta,09:30:00,16:00:00
2026-04-29T03:06:13.053271+00:00,AAPL,2020-12-17,saved,data_new/thetadata_raw/trades/symbol=AAPL/date=2020-12-17/part.parquet,471171,,utp_cta,09:30:00,16:00:00
2026-04-29T03:06:18.626284+00:00,AAPL,2020-12-18,saved,data_new/thetadata_raw/trades/symbol=AAPL/date=2020-12-18/part.parquet,639767,,utp_cta,09:30:00,16:00:00
2026-04-29T03:06:24.523221+00:00,AAPL,2020-12-21,saved,data_new/thetadata_raw/trades/symbol=AAPL/date=2020-12-21/part.parquet,656026,,utp_cta,09:30:00,16:00:00
2026-04-29T03:06:33.474043+00:00,AAPL,2020-12-22,saved,data_new/thetadata_raw/trades/symbol=AAPL/date=2020-12-22/part.parquet,1069861,,utp_cta,09:30:00,16:00:00
2026-04-29T03:06:38.583638+00:00,AAPL,2020-12-23,saved,data_new/thetadata_raw/trades/symbol=AAPL/date=2020-12-23/part.parquet,525021,,utp_cta,09:30:00,16:00:00
2026-04-29T03:06:42.121841+00:00,AAPL,2020-12-24,saved,data_new/thetadata_raw/trades/symbol=AAPL/date=2020-12-24/part.parquet,353907,,utp_cta,09:30:00,16:00:00
2026-04-29T03:06:42.699789+00:00,AAPL,2020-12-25,skipped,data_new/thetadata_raw/trades/symbol=AAPL/date=2020-12-25/part.parquet,0,no_data,utp_cta,09:30:00,16:00:00
2026-04-29T03:06:48.814988+00:00,AAPL,2020-12-28,saved,data_new/thetadata_raw/trades/symbol=AAPL/date=2020-12-28/part.parquet,746486,,utp_cta,09:30:00,16:00:00
2026-04-29T03:06:55.254931+00:00,AAPL,2020-12-29,saved,data_new/thetadata_raw/trades/symbol=AAPL/date=2020-12-29/part.parquet,761743,,utp_cta,09:30:00,16:00:00
2026-04-29T03:07:00.627054+00:00,AAPL,2020-12-30,saved,data_new/thetadata_raw/trades/symbol=AAPL/date=2020-12-30/part.parquet,606541,,utp_cta,09:30:00,16:00:00
2026-04-29T03:07:06.275733+00:00,AAPL,2020-12-31,saved,data_new/thetadata_raw/trades/symbol=AAPL/date=2020-12-31/part.parquet,632440,,utp_cta,09:30:00,16:00:00
2026-04-29T03:07:06.835896+00:00,AAPL,2021-01-01,skipped,data_new/thetadata_raw/trades/symbol=AAPL/date=2021-01-01/part.parquet,0,no_data,utp_cta,09:30:00,16:00:00
2026-04-29T03:07:16.644142+00:00,AAPL,2021-01-04,saved,data_new/thetadata_raw/trades/symbol=AAPL/date=2021-01-04/part.parquet,1271268,,utp_cta,09:30:00,16:00:00
2026-04-29T03:07:22.280517+00:00,AAPL,2021-01-05,saved,data_new/thetadata_raw/trades/symbol=AAPL/date=2021-01-05/part.parquet,673420,,utp_cta,09:30:00,16:00:00
2026-04-29T03:07:31.846072+00:00,AAPL,2021-01-06,saved,data_new/thetadata_raw/trades/symbol=AAPL/date=2021-01-06/part.parquet,1129519,,utp_cta,09:30:00,16:00:00
2026-04-29T03:07:37.881409+00:00,AAPL,2021-01-07,saved,data_new/thetadata_raw/trades/symbol=AAPL/date=2021-01-07/part.parquet,680182,,utp_cta,09:30:00,16:00:00
2026-04-29T03:07:44.197305+00:00,AAPL,2021-01-08,saved,data_new/thetadata_raw/trades/symbol=AAPL/date=2021-01-08/part.parquet,758338,,utp_cta,09:30:00,16:00:00
2026-04-29T03:07:50.298519+00:00,AAPL,2021-01-11,saved,data_new/thetadata_raw/trades/symbol=AAPL/date=2021-01-11/part.parquet,725925,,utp_cta,09:30:00,16:00:00
2026-04-29T03:07:55.626112+00:00,AAPL,2021-01-12,saved,data_new/thetadata_raw/trades/symbol=AAPL/date=2021-01-12/part.parquet,659286,,utp_cta,09:30:00,16:00:00
2026-04-29T03:08:00.627630+00:00,AAPL,2021-01-13,saved,data_new/thetadata_raw/trades/symbol=AAPL/date=2021-01-13/part.parquet,565230,,utp_cta,09:30:00,16:00:00
2026-04-29T03:08:06.155602+00:00,AAPL,2021-01-14,saved,data_new/thetadata_raw/trades/symbol=AAPL/date=2021-01-14/part.parquet,626273,,utp_cta,09:30:00,16:00:00
2026-04-29T03:08:11.875026+00:00,AAPL,2021-01-15,saved,data_new/thetadata_raw/trades/symbol=AAPL/date=2021-01-15/part.parquet,679170,,utp_cta,09:30:00,16:00:00
2026-04-29T03:08:12.217393+00:00,AAPL,2021-01-18,skipped,data_new/thetadata_raw/trades/symbol=AAPL/date=2021-01-18/part.parquet,0,no_data,utp_cta,09:30:00,16:00:00
2026-04-29T03:08:17.558007+00:00,AAPL,2021-01-19,saved,data_new/thetadata_raw/trades/symbol=AAPL/date=2021-01-19/part.parquet,565085,,utp_cta,09:30:00,16:00:00
2026-04-29T03:08:23.315836+00:00,AAPL,2021-01-20,saved,data_new/thetadata_raw/trades/symbol=AAPL/date=2021-01-20/part.parquet,642311,,utp_cta,09:30:00,16:00:00
2026-04-29T03:08:30.377347+00:00,AAPL,2021-01-21,saved,data_new/thetadata_raw/trades/symbol=AAPL/date=2021-01-21/part.parquet,793463,,utp_cta,09:30:00,16:00:00
2026-04-29T03:08:36.590288+00:00,AAPL,2021-01-22,saved,data_new/thetadata_raw/trades/symbol=AAPL/date=2021-01-22/part.parquet,703435,,utp_cta,09:30:00,16:00:00
2026-04-29T03:08:46.234014+00:00,AAPL,2021-01-25,saved,data_new/thetadata_raw/trades/symbol=AAPL/date=2021-01-25/part.parquet,1157659,,utp_cta,09:30:00,16:00:00
2026-04-29T03:08:52.429168+00:00,AAPL,2021-01-26,saved,data_new/thetadata_raw/trades/symbol=AAPL/date=2021-01-26/part.parquet,689826,,utp_cta,09:30:00,16:00:00
2026-04-29T03:09:02.108687+00:00,AAPL,2021-01-27,saved,data_new/thetadata_raw/trades/symbol=AAPL/date=2021-01-27/part.parquet,965895,,utp_cta,09:30:00,16:00:00
2026-04-29T03:09:11.912388+00:00,AAPL,2021-01-28,saved,data_new/thetadata_raw/trades/symbol=AAPL/date=2021-01-28/part.parquet,1134188,,utp_cta,09:30:00,16:00:00
2026-04-29T03:09:24.894526+00:00,AAPL,2021-01-29,saved,data_new/thetadata_raw/trades/symbol=AAPL/date=2021-01-29/part.parquet,1631017,,utp_cta,09:30:00,16:00:00
2026-04-29T03:09:32.255132+00:00,AAPL,2021-02-01,saved,data_new/thetadata_raw/trades/symbol=AAPL/date=2021-02-01/part.parquet,871241,,utp_cta,09:30:00,16:00:00
2026-04-29T03:09:38.143542+00:00,AAPL,2021-02-02,saved,data_new/thetadata_raw/trades/symbol=AAPL/date=2021-02-02/part.parquet,652044,,utp_cta,09:30:00,16:00:00
2026-04-29T03:09:43.774907+00:00,AAPL,2021-02-03,saved,data_new/thetadata_raw/trades/symbol=AAPL/date=2021-02-03/part.parquet,633660,,utp_cta,09:30:00,16:00:00
2026-04-29T03:09:49.048646+00:00,AAPL,2021-02-04,saved,data_new/thetadata_raw/trades/symbol=AAPL/date=2021-02-04/part.parquet,616717,,utp_cta,09:30:00,16:00:00
2026-04-29T03:09:54.980489+00:00,AAPL,2021-02-05,saved,data_new/thetadata_raw/trades/symbol=AAPL/date=2021-02-05/part.parquet,583089,,utp_cta,09:30:00,16:00:00
2026-04-29T03:10:00.399756+00:00,AAPL,2021-02-08,saved,data_new/thetadata_raw/trades/symbol=AAPL/date=2021-02-08/part.parquet,576076,,utp_cta,09:30:00,16:00:00
2026-04-29T03:10:05.222185+00:00,AAPL,2021-02-09,saved,data_new/thetadata_raw/trades/symbol=AAPL/date=2021-02-09/part.parquet,510469,,utp_cta,09:30:00,16:00:00
2026-04-29T03:10:10.407007+00:00,AAPL,2021-02-10,saved,data_new/thetadata_raw/trades/symbol=AAPL/date=2021-02-10/part.parquet,578430,,utp_cta,09:30:00,16:00:00
2026-04-29T03:10:15.505664+00:00,AAPL,2021-02-11,saved,data_new/thetadata_raw/trades/symbol=AAPL/date=2021-02-11/part.parquet,527198,,utp_cta,09:30:00,16:00:00
2026-04-29T03:10:21.248113+00:00,AAPL,2021-02-12,saved,data_new/thetadata_raw/trades/symbol=AAPL/date=2021-02-12/part.parquet,460508,,utp_cta,09:30:00,16:00:00
2026-04-29T03:10:21.814975+00:00,AAPL,2021-02-15,skipped,data_new/thetadata_raw/trades/symbol=AAPL/date=2021-02-15/part.parquet,0,no_data,utp_cta,09:30:00,16:00:00
2026-04-29T03:10:27.808614+00:00,AAPL,2021-02-16,saved,data_new/thetadata_raw/trades/symbol=AAPL/date=2021-02-16/part.parquet,699804,,utp_cta,09:30:00,16:00:00
2026-04-29T03:10:37.229331+00:00,AAPL,2021-02-17,saved,data_new/thetadata_raw/trades/symbol=AAPL/date=2021-02-17/part.parquet,919491,,utp_cta,09:30:00,16:00:00
2026-04-29T03:10:44.341809+00:00,AAPL,2021-02-18,saved,data_new/thetadata_raw/trades/symbol=AAPL/date=2021-02-18/part.parquet,809695,,utp_cta,09:30:00,16:00:00
2026-04-29T03:10:49.953351+00:00,AAPL,2021-02-19,saved,data_new/thetadata_raw/trades/symbol=AAPL/date=2021-02-19/part.parquet,653635,,utp_cta,09:30:00,16:00:00
2026-04-29T03:11:02.712021+00:00,AAPL,2021-02-22,saved,data_new/thetadata_raw/trades/symbol=AAPL/date=2021-02-22/part.parquet,910078,,utp_cta,09:30:00,16:00:00
2026-04-29T03:11:14.596067+00:00,AAPL,2021-02-23,saved,data_new/thetadata_raw/trades/symbol=AAPL/date=2021-02-23/part.parquet,1464418,,utp_cta,09:30:00,16:00:00
2026-04-29T03:11:22.752118+00:00,AAPL,2021-02-24,saved,data_new/thetadata_raw/trades/symbol=AAPL/date=2021-02-24/part.parquet,909836,,utp_cta,09:30:00,16:00:00
2026-04-29T03:11:33.811461+00:00,AAPL,2021-02-25,saved,data_new/thetadata_raw/trades/symbol=AAPL/date=2021-02-25/part.parquet,1301570,,utp_cta,09:30:00,16:00:00
2026-04-29T03:11:43.540325+00:00,AAPL,2021-02-26,saved,data_new/thetadata_raw/trades/symbol=AAPL/date=2021-02-26/part.parquet,1219878,,utp_cta,09:30:00,16:00:00
2026-04-29T03:11:51.199561+00:00,AAPL,2021-03-01,saved,data_new/thetadata_raw/trades/symbol=AAPL/date=2021-03-01/part.parquet,879155,,utp_cta,09:30:00,16:00:00
2026-04-29T03:11:58.374369+00:00,AAPL,2021-03-02,saved,data_new/thetadata_raw/trades/symbol=AAPL/date=2021-03-02/part.parquet,797801,,utp_cta,09:30:00,16:00:00
2026-04-29T03:12:06.676248+00:00,AAPL,2021-03-03,saved,data_new/thetadata_raw/trades/symbol=AAPL/date=2021-03-03/part.parquet,948675,,utp_cta,09:30:00,16:00:00
2026-04-29T03:12:19.635309+00:00,AAPL,2021-03-04,saved,data_new/thetadata_raw/trades/symbol=AAPL/date=2021-03-04/part.parquet,1635573,,utp_cta,09:30:00,16:00:00
2026-04-29T03:12:31.291181+00:00,AAPL,2021-03-05,saved,data_new/thetadata_raw/trades/symbol=AAPL/date=2021-03-05/part.parquet,1424771,,utp_cta,09:30:00,16:00:00
2026-04-29T03:12:42.865496+00:00,AAPL,2021-03-08,saved,data_new/thetadata_raw/trades/symbol=AAPL/date=2021-03-08/part.parquet,1477567,,utp_cta,09:30:00,16:00:00
2026-04-29T03:12:50.925732+00:00,AAPL,2021-03-09,saved,data_new/thetadata_raw/trades/symbol=AAPL/date=2021-03-09/part.parquet,954746,,utp_cta,09:30:00,16:00:00
2026-04-29T03:12:59.044897+00:00,AAPL,2021-03-10,saved,data_new/thetadata_raw/trades/symbol=AAPL/date=2021-03-10/part.parquet,979236,,utp_cta,09:30:00,16:00:00
2026-04-29T03:13:05.408682+00:00,AAPL,2021-03-11,saved,data_new/thetadata_raw/trades/symbol=AAPL/date=2021-03-11/part.parquet,747269,,utp_cta,09:30:00,16:00:00
2026-04-29T03:13:11.793650+00:00,AAPL,2021-03-12,saved,data_new/thetadata_raw/trades/symbol=AAPL/date=2021-03-12/part.parquet,720457,,utp_cta,09:30:00,16:00:00
2026-04-29T03:13:17.712721+00:00,AAPL,2021-03-15,saved,data_new/thetadata_raw/trades/symbol=AAPL/date=2021-03-15/part.parquet,674473,,utp_cta,09:30:00,16:00:00
2026-04-29T03:13:24.720013+00:00,AAPL,2021-03-16,saved,data_new/thetadata_raw/trades/symbol=AAPL/date=2021-03-16/part.parquet,802373,,utp_cta,09:30:00,16:00:00
2026-04-29T03:13:32.328825+00:00,AAPL,2021-03-17,saved,data_new/thetadata_raw/trades/symbol=AAPL/date=2021-03-17/part.parquet,866903,,utp_cta,09:30:00,16:00:00
2026-04-29T03:13:40.336120+00:00,AAPL,2021-03-18,saved,data_new/thetadata_raw/trades/symbol=AAPL/date=2021-03-18/part.parquet,928328,,utp_cta,09:30:00,16:00:00
2026-04-29T03:13:47.631466+00:00,AAPL,2021-03-19,saved,data_new/thetadata_raw/trades/symbol=AAPL/date=2021-03-19/part.parquet,842332,,utp_cta,09:30:00,16:00:00
2026-04-29T03:13:57.743903+00:00,AAPL,2021-03-22,saved,data_new/thetadata_raw/trades/symbol=AAPL/date=2021-03-22/part.parquet,698312,,utp_cta,09:30:00,16:00:00
2026-04-29T03:14:03.123486+00:00,AAPL,2021-03-23,saved,data_new/thetadata_raw/trades/symbol=AAPL/date=2021-03-23/part.parquet,622111,,utp_cta,09:30:00,16:00:00
2026-04-29T03:14:08.698143+00:00,AAPL,2021-03-24,saved,data_new/thetadata_raw/trades/symbol=AAPL/date=2021-03-24/part.parquet,628290,,utp_cta,09:30:00,16:00:00
2026-04-29T03:14:15.177135+00:00,AAPL,2021-03-25,saved,data_new/thetadata_raw/trades/symbol=AAPL/date=2021-03-25/part.parquet,766532,,utp_cta,09:30:00,16:00:00
2026-04-29T03:14:21.374679+00:00,AAPL,2021-03-26,saved,data_new/thetadata_raw/trades/symbol=AAPL/date=2021-03-26/part.parquet,693270,,utp_cta,09:30:00,16:00:00
2026-04-29T03:14:28.672936+00:00,AAPL,2021-03-29,saved,data_new/thetadata_raw/trades/symbol=AAPL/date=2021-03-29/part.parquet,564843,,utp_cta,09:30:00,16:00:00
2026-04-29T03:14:34.104444+00:00,AAPL,2021-03-30,saved,data_new/thetadata_raw/trades/symbol=AAPL/date=2021-03-30/part.parquet,645838,,utp_cta,09:30:00,16:00:00
2026-04-29T03:14:40.570243+00:00,AAPL,2021-03-31,saved,data_new/thetadata_raw/trades/symbol=AAPL/date=2021-03-31/part.parquet,714778,,utp_cta,09:30:00,16:00:00
2026-04-29T03:14:45.544188+00:00,AAPL,2021-04-01,saved,data_new/thetadata_raw/trades/symbol=AAPL/date=2021-04-01/part.parquet,504606,,utp_cta,09:30:00,16:00:00
2026-04-29T03:14:46.339914+00:00,AAPL,2021-04-02,skipped,data_new/thetadata_raw/trades/symbol=AAPL/date=2021-04-02/part.parquet,0,no_data,utp_cta,09:30:00,16:00:00
2026-04-29T03:14:51.305773+00:00,AAPL,2021-04-05,saved,data_new/thetadata_raw/trades/symbol=AAPL/date=2021-04-05/part.parquet,613196,,utp_cta,09:30:00,16:00:00
2026-04-29T03:14:55.895111+00:00,AAPL,2021-04-06,saved,data_new/thetadata_raw/trades/symbol=AAPL/date=2021-04-06/part.parquet,541956,,utp_cta,09:30:00,16:00:00
2026-04-29T03:15:00.300993+00:00,AAPL,2021-04-07,saved,data_new/thetadata_raw/trades/symbol=AAPL/date=2021-04-07/part.parquet,533921,,utp_cta,09:30:00,16:00:00
2026-04-29T03:15:05.821451+00:00,AAPL,2021-04-08,saved,data_new/thetadata_raw/trades/symbol=AAPL/date=2021-04-08/part.parquet,607962,,utp_cta,09:30:00,16:00:00
2026-04-29T03:15:11.815233+00:00,AAPL,2021-04-09,saved,data_new/thetadata_raw/trades/symbol=AAPL/date=2021-04-09/part.parquet,670468,,utp_cta,09:30:00,16:00:00
2026-04-29T03:15:16.648489+00:00,AAPL,2021-04-12,saved,data_new/thetadata_raw/trades/symbol=AAPL/date=2021-04-12/part.parquet,586409,,utp_cta,09:30:00,16:00:00
2026-04-29T03:15:21.836537+00:00,AAPL,2021-04-13,saved,data_new/thetadata_raw/trades/symbol=AAPL/date=2021-04-13/part.parquet,612868,,utp_cta,09:30:00,16:00:00
2026-04-29T03:15:27.017894+00:00,AAPL,2021-04-14,saved,data_new/thetadata_raw/trades/symbol=AAPL/date=2021-04-14/part.parquet,639092,,utp_cta,09:30:00,16:00:00
2026-04-29T03:15:31.780326+00:00,AAPL,2021-04-15,saved,data_new/thetadata_raw/trades/symbol=AAPL/date=2021-04-15/part.parquet,581493,,utp_cta,09:30:00,16:00:00
2026-04-29T03:15:36.865555+00:00,AAPL,2021-04-16,saved,data_new/thetadata_raw/trades/symbol=AAPL/date=2021-04-16/part.parquet,515792,,utp_cta,09:30:00,16:00:00
2026-04-29T03:15:42.199888+00:00,AAPL,2021-04-19,saved,data_new/thetadata_raw/trades/symbol=AAPL/date=2021-04-19/part.parquet,599155,,utp_cta,09:30:00,16:00:00
2026-04-29T03:15:48.412328+00:00,AAPL,2021-04-20,saved,data_new/thetadata_raw/trades/symbol=AAPL/date=2021-04-20/part.parquet,720215,,utp_cta,09:30:00,16:00:00
2026-04-29T03:15:52.953968+00:00,AAPL,2021-04-21,saved,data_new/thetadata_raw/trades/symbol=AAPL/date=2021-04-21/part.parquet,488022,,utp_cta,09:30:00,16:00:00
2026-04-29T03:15:58.376608+00:00,AAPL,2021-04-22,saved,data_new/thetadata_raw/trades/symbol=AAPL/date=2021-04-22/part.parquet,595866,,utp_cta,09:30:00,16:00:00
2026-04-29T03:16:03.134539+00:00,AAPL,2021-04-23,saved,data_new/thetadata_raw/trades/symbol=AAPL/date=2021-04-23/part.parquet,502446,,utp_cta,09:30:00,16:00:00
2026-04-29T03:16:07.920068+00:00,AAPL,2021-04-26,saved,data_new/thetadata_raw/trades/symbol=AAPL/date=2021-04-26/part.parquet,458822,,utp_cta,09:30:00,16:00:00
2026-04-29T03:16:12.321345+00:00,AAPL,2021-04-27,saved,data_new/thetadata_raw/trades/symbol=AAPL/date=2021-04-27/part.parquet,452731,,utp_cta,09:30:00,16:00:00
2026-04-29T03:16:18.398062+00:00,AAPL,2021-04-28,saved,data_new/thetadata_raw/trades/symbol=AAPL/date=2021-04-28/part.parquet,628355,,utp_cta,09:30:00,16:00:00
2026-04-29T03:16:27.163890+00:00,AAPL,2021-04-29,saved,data_new/thetadata_raw/trades/symbol=AAPL/date=2021-04-29/part.parquet,999985,,utp_cta,09:30:00,16:00:00
2026-04-29T03:16:33.065219+00:00,AAPL,2021-04-30,saved,data_new/thetadata_raw/trades/symbol=AAPL/date=2021-04-30/part.parquet,666651,,utp_cta,09:30:00,16:00:00
2026-04-29T03:16:39.167295+00:00,AAPL,2021-05-03,saved,data_new/thetadata_raw/trades/symbol=AAPL/date=2021-05-03/part.parquet,556743,,utp_cta,09:30:00,16:00:00
2026-04-29T03:16:48.368441+00:00,AAPL,2021-05-04,saved,data_new/thetadata_raw/trades/symbol=AAPL/date=2021-05-04/part.parquet,1144421,,utp_cta,09:30:00,16:00:00
2026-04-29T03:16:53.943817+00:00,AAPL,2021-05-05,saved,data_new/thetadata_raw/trades/symbol=AAPL/date=2021-05-05/part.parquet,623662,,utp_cta,09:30:00,16:00:00
2026-04-29T03:16:59.278972+00:00,AAPL,2021-05-06,saved,data_new/thetadata_raw/trades/symbol=AAPL/date=2021-05-06/part.parquet,581860,,utp_cta,09:30:00,16:00:00
2026-04-29T03:17:03.956991+00:00,AAPL,2021-05-07,saved,data_new/thetadata_raw/trades/symbol=AAPL/date=2021-05-07/part.parquet,513466,,utp_cta,09:30:00,16:00:00
2026-04-29T03:17:09.685723+00:00,AAPL,2021-05-10,saved,data_new/thetadata_raw/trades/symbol=AAPL/date=2021-05-10/part.parquet,648566,,utp_cta,09:30:00,16:00:00
2026-04-29T03:17:17.230930+00:00,AAPL,2021-05-11,saved,data_new/thetadata_raw/trades/symbol=AAPL/date=2021-05-11/part.parquet,855935,,utp_cta,09:30:00,16:00:00
2026-04-29T03:17:25.304576+00:00,AAPL,2021-05-12,saved,data_new/thetadata_raw/trades/symbol=AAPL/date=2021-05-12/part.parquet,840799,,utp_cta,09:30:00,16:00:00
2026-04-29T03:17:32.261249+00:00,AAPL,2021-05-13,saved,data_new/thetadata_raw/trades/symbol=AAPL/date=2021-05-13/part.parquet,750616,,utp_cta,09:30:00,16:00:00
2026-04-29T03:17:37.793780+00:00,AAPL,2021-05-14,saved,data_new/thetadata_raw/trades/symbol=AAPL/date=2021-05-14/part.parquet,512417,,utp_cta,09:30:00,16:00:00
2026-04-29T03:17:42.358415+00:00,AAPL,2021-05-17,saved,data_new/thetadata_raw/trades/symbol=AAPL/date=2021-05-17/part.parquet,485133,,utp_cta,09:30:00,16:00:00
2026-04-29T03:17:46.828060+00:00,AAPL,2021-05-18,saved,data_new/thetadata_raw/trades/symbol=AAPL/date=2021-05-18/part.parquet,471833,,utp_cta,09:30:00,16:00:00
2026-04-29T03:17:52.638226+00:00,AAPL,2021-05-19,saved,data_new/thetadata_raw/trades/symbol=AAPL/date=2021-05-19/part.parquet,641628,,utp_cta,09:30:00,16:00:00
2026-04-29T03:17:57.102860+00:00,AAPL,2021-05-20,saved,data_new/thetadata_raw/trades/symbol=AAPL/date=2021-05-20/part.parquet,477041,,utp_cta,09:30:00,16:00:00
2026-04-29T03:18:02.191429+00:00,AAPL,2021-05-21,saved,data_new/thetadata_raw/trades/symbol=AAPL/date=2021-05-21/part.parquet,509272,,utp_cta,09:30:00,16:00:00
2026-04-29T03:18:06.288975+00:00,AAPL,2021-05-24,saved,data_new/thetadata_raw/trades/symbol=AAPL/date=2021-05-24/part.parquet,425586,,utp_cta,09:30:00,16:00:00
2026-04-29T03:18:10.704492+00:00,AAPL,2021-05-25,saved,data_new/thetadata_raw/trades/symbol=AAPL/date=2021-05-25/part.parquet,449339,,utp_cta,09:30:00,16:00:00
2026-04-29T03:18:14.832015+00:00,AAPL,2021-05-26,saved,data_new/thetadata_raw/trades/symbol=AAPL/date=2021-05-26/part.parquet,401535,,utp_cta,09:30:00,16:00:00
2026-04-29T03:18:19.704041+00:00,AAPL,2021-05-27,saved,data_new/thetadata_raw/trades/symbol=AAPL/date=2021-05-27/part.parquet,524588,,utp_cta,09:30:00,16:00:00
2026-04-29T03:18:24.443880+00:00,AAPL,2021-05-28,saved,data_new/thetadata_raw/trades/symbol=AAPL/date=2021-05-28/part.parquet,502642,,utp_cta,09:30:00,16:00:00
2026-04-29T03:18:25.216895+00:00,AAPL,2021-05-31,skipped,data_new/thetadata_raw/trades/symbol=AAPL/date=2021-05-31/part.parquet,0,no_data,utp_cta,09:30:00,16:00:00
2026-04-29T03:18:29.675389+00:00,AAPL,2021-06-01,saved,data_new/thetadata_raw/trades/symbol=AAPL/date=2021-06-01/part.parquet,475567,,utp_cta,09:30:00,16:00:00
2026-04-29T03:18:33.654093+00:00,AAPL,2021-06-02,saved,data_new/thetadata_raw/trades/symbol=AAPL/date=2021-06-02/part.parquet,443028,,utp_cta,09:30:00,16:00:00
2026-04-29T03:18:38.368410+00:00,AAPL,2021-06-03,saved,data_new/thetadata_raw/trades/symbol=AAPL/date=2021-06-03/part.parquet,536283,,utp_cta,09:30:00,16:00:00
2026-04-29T03:18:42.368570+00:00,AAPL,2021-06-04,saved,data_new/thetadata_raw/trades/symbol=AAPL/date=2021-06-04/part.parquet,447709,,utp_cta,09:30:00,16:00:00
2026-04-29T03:18:46.765668+00:00,AAPL,2021-06-07,saved,data_new/thetadata_raw/trades/symbol=AAPL/date=2021-06-07/part.parquet,481326,,utp_cta,09:30:00,16:00:00
2026-04-29T03:18:51.126669+00:00,AAPL,2021-06-08,saved,data_new/thetadata_raw/trades/symbol=AAPL/date=2021-06-08/part.parquet,512235,,utp_cta,09:30:00,16:00:00
2026-04-29T03:18:54.660409+00:00,AAPL,2021-06-09,saved,data_new/thetadata_raw/trades/symbol=AAPL/date=2021-06-09/part.parquet,368961,,utp_cta,09:30:00,16:00:00
2026-04-29T03:18:59.144100+00:00,AAPL,2021-06-10,saved,data_new/thetadata_raw/trades/symbol=AAPL/date=2021-06-10/part.parquet,478284,,utp_cta,09:30:00,16:00:00
2026-04-29T03:19:02.429487+00:00,AAPL,2021-06-11,saved,data_new/thetadata_raw/trades/symbol=AAPL/date=2021-06-11/part.parquet,340365,,utp_cta,09:30:00,16:00:00
2026-04-29T03:19:07.220759+00:00,AAPL,2021-06-14,saved,data_new/thetadata_raw/trades/symbol=AAPL/date=2021-06-14/part.parquet,544295,,utp_cta,09:30:00,16:00:00
2026-04-29T03:19:10.737425+00:00,AAPL,2021-06-15,saved,data_new/thetadata_raw/trades/symbol=AAPL/date=2021-06-15/part.parquet,399377,,utp_cta,09:30:00,16:00:00
2026-04-29T03:19:15.732263+00:00,AAPL,2021-06-16,saved,data_new/thetadata_raw/trades/symbol=AAPL/date=2021-06-16/part.parquet,604261,,utp_cta,09:30:00,16:00:00
2026-04-29T03:19:20.879562+00:00,AAPL,2021-06-17,saved,data_new/thetadata_raw/trades/symbol=AAPL/date=2021-06-17/part.parquet,637026,,utp_cta,09:30:00,16:00:00
2026-04-29T03:19:25.352777+00:00,AAPL,2021-06-18,saved,data_new/thetadata_raw/trades/symbol=AAPL/date=2021-06-18/part.parquet,533677,,utp_cta,09:30:00,16:00:00
2026-04-29T03:19:29.430637+00:00,AAPL,2021-06-21,saved,data_new/thetadata_raw/trades/symbol=AAPL/date=2021-06-21/part.parquet,489571,,utp_cta,09:30:00,16:00:00
2026-04-29T03:19:33.732836+00:00,AAPL,2021-06-22,saved,data_new/thetadata_raw/trades/symbol=AAPL/date=2021-06-22/part.parquet,459307,,utp_cta,09:30:00,16:00:00
2026-04-29T03:19:37.535193+00:00,AAPL,2021-06-23,saved,data_new/thetadata_raw/trades/symbol=AAPL/date=2021-06-23/part.parquet,403590,,utp_cta,09:30:00,16:00:00
2026-04-29T03:19:41.630010+00:00,AAPL,2021-06-24,saved,data_new/thetadata_raw/trades/symbol=AAPL/date=2021-06-24/part.parquet,426657,,utp_cta,09:30:00,16:00:00
2026-04-29T03:19:45.153642+00:00,AAPL,2021-06-25,saved,data_new/thetadata_raw/trades/symbol=AAPL/date=2021-06-25/part.parquet,340858,,utp_cta,09:30:00,16:00:00
2026-04-29T03:19:49.820702+00:00,AAPL,2021-06-28,saved,data_new/thetadata_raw/trades/symbol=AAPL/date=2021-06-28/part.parquet,437899,,utp_cta,09:30:00,16:00:00
2026-04-29T03:19:54.038092+00:00,AAPL,2021-06-29,saved,data_new/thetadata_raw/trades/symbol=AAPL/date=2021-06-29/part.parquet,430949,,utp_cta,09:30:00,16:00:00
2026-04-29T03:19:57.911731+00:00,AAPL,2021-06-30,saved,data_new/thetadata_raw/trades/symbol=AAPL/date=2021-06-30/part.parquet,406015,,utp_cta,09:30:00,16:00:00
2026-04-29T03:20:01.625251+00:00,AAPL,2021-07-01,saved,data_new/thetadata_raw/trades/symbol=AAPL/date=2021-07-01/part.parquet,374664,,utp_cta,09:30:00,16:00:00
2026-04-29T03:20:06.172898+00:00,AAPL,2021-07-02,saved,data_new/thetadata_raw/trades/symbol=AAPL/date=2021-07-02/part.parquet,500395,,utp_cta,09:30:00,16:00:00
2026-04-29T03:20:06.748526+00:00,AAPL,2021-07-05,skipped,data_new/thetadata_raw/trades/symbol=AAPL/date=2021-07-05/part.parquet,0,no_data,utp_cta,09:30:00,16:00:00
2026-04-29T03:20:12.617230+00:00,AAPL,2021-07-06,saved,data_new/thetadata_raw/trades/symbol=AAPL/date=2021-07-06/part.parquet,707488,,utp_cta,09:30:00,16:00:00
2026-04-29T03:20:18.652538+00:00,AAPL,2021-07-07,saved,data_new/thetadata_raw/trades/symbol=AAPL/date=2021-07-07/part.parquet,705695,,utp_cta,09:30:00,16:00:00
2026-04-29T03:20:24.750164+00:00,AAPL,2021-07-08,saved,data_new/thetadata_raw/trades/symbol=AAPL/date=2021-07-08/part.parquet,725639,,utp_cta,09:30:00,16:00:00
2026-04-29T03:20:30.026668+00:00,AAPL,2021-07-09,saved,data_new/thetadata_raw/trades/symbol=AAPL/date=2021-07-09/part.parquet,615196,,utp_cta,09:30:00,16:00:00
2026-04-29T03:20:34.590092+00:00,AAPL,2021-07-12,saved,data_new/thetadata_raw/trades/symbol=AAPL/date=2021-07-12/part.parquet,489426,,utp_cta,09:30:00,16:00:00
2026-04-29T03:20:40.837890+00:00,AAPL,2021-07-13,saved,data_new/thetadata_raw/trades/symbol=AAPL/date=2021-07-13/part.parquet,673621,,utp_cta,09:30:00,16:00:00
2026-04-29T03:20:47.236951+00:00,AAPL,2021-07-14,saved,data_new/thetadata_raw/trades/symbol=AAPL/date=2021-07-14/part.parquet,759229,,utp_cta,09:30:00,16:00:00
2026-04-29T03:20:53.244367+00:00,AAPL,2021-07-15,saved,data_new/thetadata_raw/trades/symbol=AAPL/date=2021-07-15/part.parquet,673825,,utp_cta,09:30:00,16:00:00
2026-04-29T03:20:58.375132+00:00,AAPL,2021-07-16,saved,data_new/thetadata_raw/trades/symbol=AAPL/date=2021-07-16/part.parquet,593070,,utp_cta,09:30:00,16:00:00
2026-04-29T03:21:05.989331+00:00,AAPL,2021-07-19,saved,data_new/thetadata_raw/trades/symbol=AAPL/date=2021-07-19/part.parquet,895580,,utp_cta,09:30:00,16:00:00
2026-04-29T03:21:11.618206+00:00,AAPL,2021-07-20,saved,data_new/thetadata_raw/trades/symbol=AAPL/date=2021-07-20/part.parquet,592277,,utp_cta,09:30:00,16:00:00
2026-04-29T03:21:15.989654+00:00,AAPL,2021-07-21,saved,data_new/thetadata_raw/trades/symbol=AAPL/date=2021-07-21/part.parquet,456156,,utp_cta,09:30:00,16:00:00
2026-04-29T03:21:20.401808+00:00,AAPL,2021-07-22,saved,data_new/thetadata_raw/trades/symbol=AAPL/date=2021-07-22/part.parquet,465148,,utp_cta,09:30:00,16:00:00
2026-04-29T03:21:24.480381+00:00,AAPL,2021-07-23,saved,data_new/thetadata_raw/trades/symbol=AAPL/date=2021-07-23/part.parquet,441929,,utp_cta,09:30:00,16:00:00
2026-04-29T03:21:28.580035+00:00,AAPL,2021-07-26,saved,data_new/thetadata_raw/trades/symbol=AAPL/date=2021-07-26/part.parquet,468048,,utp_cta,09:30:00,16:00:00
2026-04-29T03:21:34.521446+00:00,AAPL,2021-07-27,saved,data_new/thetadata_raw/trades/symbol=AAPL/date=2021-07-27/part.parquet,682591,,utp_cta,09:30:00,16:00:00
2026-04-29T03:21:41.418475+00:00,AAPL,2021-07-28,saved,data_new/thetadata_raw/trades/symbol=AAPL/date=2021-07-28/part.parquet,787799,,utp_cta,09:30:00,16:00:00
2026-04-29T03:21:45.564396+00:00,AAPL,2021-07-29,saved,data_new/thetadata_raw/trades/symbol=AAPL/date=2021-07-29/part.parquet,392981,,utp_cta,09:30:00,16:00:00
2026-04-29T03:21:49.737079+00:00,AAPL,2021-07-30,saved,data_new/thetadata_raw/trades/symbol=AAPL/date=2021-07-30/part.parquet,448793,,utp_cta,09:30:00,16:00:00
2026-04-29T03:21:53.787303+00:00,AAPL,2021-08-02,saved,data_new/thetadata_raw/trades/symbol=AAPL/date=2021-08-02/part.parquet,441930,,utp_cta,09:30:00,16:00:00
2026-04-29T03:21:57.974237+00:00,AAPL,2021-08-03,saved,data_new/thetadata_raw/trades/symbol=AAPL/date=2021-08-03/part.parquet,450001,,utp_cta,09:30:00,16:00:00
2026-04-29T03:22:01.656152+00:00,AAPL,2021-08-04,saved,data_new/thetadata_raw/trades/symbol=AAPL/date=2021-08-04/part.parquet,389716,,utp_cta,09:30:00,16:00:00
2026-04-29T03:22:05.394787+00:00,AAPL,2021-08-05,saved,data_new/thetadata_raw/trades/symbol=AAPL/date=2021-08-05/part.parquet,345698,,utp_cta,09:30:00,16:00:00
2026-04-29T03:22:08.908158+00:00,AAPL,2021-08-06,saved,data_new/thetadata_raw/trades/symbol=AAPL/date=2021-08-06/part.parquet,360373,,utp_cta,09:30:00,16:00:00
2026-04-29T03:22:12.646640+00:00,AAPL,2021-08-09,saved,data_new/thetadata_raw/trades/symbol=AAPL/date=2021-08-09/part.parquet,339867,,utp_cta,09:30:00,16:00:00
2026-04-29T03:22:16.996756+00:00,AAPL,2021-08-10,saved,data_new/thetadata_raw/trades/symbol=AAPL/date=2021-08-10/part.parquet,419560,,utp_cta,09:30:00,16:00:00
2026-04-29T03:22:20.541255+00:00,AAPL,2021-08-11,saved,data_new/thetadata_raw/trades/symbol=AAPL/date=2021-08-11/part.parquet,351426,,utp_cta,09:30:00,16:00:00
2026-04-29T03:22:27.343814+00:00,AAPL,2021-08-12,saved,data_new/thetadata_raw/trades/symbol=AAPL/date=2021-08-12/part.parquet,500575,,utp_cta,09:30:00,16:00:00
2026-04-29T03:22:31.320985+00:00,AAPL,2021-08-13,saved,data_new/thetadata_raw/trades/symbol=AAPL/date=2021-08-13/part.parquet,392667,,utp_cta,09:30:00,16:00:00
2026-04-29T03:22:37.656332+00:00,AAPL,2021-08-16,saved,data_new/thetadata_raw/trades/symbol=AAPL/date=2021-08-16/part.parquet,687119,,utp_cta,09:30:00,16:00:00
2026-04-29T03:22:43.108047+00:00,AAPL,2021-08-17,saved,data_new/thetadata_raw/trades/symbol=AAPL/date=2021-08-17/part.parquet,602416,,utp_cta,09:30:00,16:00:00
2026-04-29T03:22:48.691143+00:00,AAPL,2021-08-18,saved,data_new/thetadata_raw/trades/symbol=AAPL/date=2021-08-18/part.parquet,625689,,utp_cta,09:30:00,16:00:00
2026-04-29T03:22:54.155802+00:00,AAPL,2021-08-19,saved,data_new/thetadata_raw/trades/symbol=AAPL/date=2021-08-19/part.parquet,609778,,utp_cta,09:30:00,16:00:00
2026-04-29T03:22:57.823287+00:00,AAPL,2021-08-20,saved,data_new/thetadata_raw/trades/symbol=AAPL/date=2021-08-20/part.parquet,396801,,utp_cta,09:30:00,16:00:00
2026-04-29T03:23:01.967949+00:00,AAPL,2021-08-23,saved,data_new/thetadata_raw/trades/symbol=AAPL/date=2021-08-23/part.parquet,414293,,utp_cta,09:30:00,16:00:00
2026-04-29T03:23:05.375646+00:00,AAPL,2021-08-24,saved,data_new/thetadata_raw/trades/symbol=AAPL/date=2021-08-24/part.parquet,356469,,utp_cta,09:30:00,16:00:00
2026-04-29T03:23:09.682833+00:00,AAPL,2021-08-25,saved,data_new/thetadata_raw/trades/symbol=AAPL/date=2021-08-25/part.parquet,448044,,utp_cta,09:30:00,16:00:00
2026-04-29T03:23:13.247671+00:00,AAPL,2021-08-26,saved,data_new/thetadata_raw/trades/symbol=AAPL/date=2021-08-26/part.parquet,369352,,utp_cta,09:30:00,16:00:00
2026-04-29T03:23:16.882333+00:00,AAPL,2021-08-27,saved,data_new/thetadata_raw/trades/symbol=AAPL/date=2021-08-27/part.parquet,391792,,utp_cta,09:30:00,16:00:00
2026-04-29T03:23:22.836006+00:00,AAPL,2021-08-30,saved,data_new/thetadata_raw/trades/symbol=AAPL/date=2021-08-30/part.parquet,644717,,utp_cta,09:30:00,16:00:00
2026-04-29T03:23:28.907647+00:00,AAPL,2021-08-31,saved,data_new/thetadata_raw/trades/symbol=AAPL/date=2021-08-31/part.parquet,511310,,utp_cta,09:30:00,16:00:00
