timestamp,AAPL,MSFT,NVDA
2019-01-30 10:15:00-05:00,,,
2019-01-30 10:30:00-05:00,,,
2019-01-30 10:45:00-05:00,,,
2019-01-30 11:00:00-05:00,,,
2019-01-30 11:15:00-05:00,,,
2019-01-30 11:30:00-05:00,1.4467086386833863e-05,2.129949860331963e-05,0.00018478560507149714
2019-01-30 11:45:00-05:00,-0.0002739989812747875,3.439540060489573e-05,-2.3750784572211524e-05
2019-01-30 12:00:00-05:00,-6.82104286312492e-05,2.3925357820632315e-05,5.3902036384881226e-06
2019-01-30 12:15:00-05:00,-0.00013269665570216557,3.455099800854379e-05,-5.781387240127364e-05
2019-01-30 12:30:00-05:00,3.185283002308448e-05,-0.0001333999954079532,-7.493719765908528e-06
2019-01-30 12:45:00-05:00,-0.00010129023955645632,-2.137037350637642e-05,-7.120649138469039e-05
2019-01-30 13:00:00-05:00,-5.757989086180184e-06,6.320221185278519e-05,5.621215829744133e-05
2019-01-30 13:15:00-05:00,-9.516345418127332e-05,-1.5507306187594582e-05,1.4711562374991455e-05
2019-01-30 13:30:00-05:00,-2.1024551600953235e-05,3.1956728876247115e-05,-6.272284695655411e-05
2019-01-30 13:45:00-05:00,-6.257128710317543e-05,3.855516379980179e-05,-0.00017713915755317993
2019-01-30 14:00:00-05:00,-0.00012951388124708831,1.6190912729264184e-05,0.00020952255291877627
2019-01-30 14:15:00-05:00,-1.2349315669184087e-05,-1.6246431732675343e-05,8.547575453392268e-05
2019-01-30 14:30:00-05:00,1.5338402956250762e-05,-1.7667843073315883e-05,-7.609123846181304e-05
2019-01-30 14:45:00-05:00,-1.3211686513753076e-05,1.3524602007229378e-05,-3.70917711084895e-05
2019-01-30 15:00:00-05:00,-3.466281307094397e-06,-4.269140924597456e-05,0.00016688258207372462
2019-01-30 15:15:00-05:00,-8.552047197834228e-05,3.30543384210898e-05,-1.595201031666735e-05
2019-01-30 15:30:00-05:00,2.0925279941249052e-05,-4.1344947798866046e-05,-4.96359530379809e-05
2019-01-31 10:15:00-05:00,-1.647305075504362e-05,8.106043099917004e-05,4.090120105157768e-05
2019-01-31 10:30:00-05:00,-3.186122643946232e-05,-4.140688815414129e-05,3.4611881478642626e-05
2019-01-31 10:45:00-05:00,-0.00012995457459674678,-3.3867589053590024e-05,7.258587220107857e-05
2019-01-31 11:00:00-05:00,3.131848310826131e-05,5.611280910012301e-06,-7.024528109809633e-06
2019-01-31 11:15:00-05:00,-0.00013082579175515186,-4.054318913578557e-06,-7.701582733689537e-06
2019-01-31 11:30:00-05:00,-8.611556620133132e-05,5.4342331060297905e-05,0.0001249886727041549
2019-01-31 11:45:00-05:00,-4.902111894387758e-05,1.177342214996395e-05,-6.653028835403308e-05
2019-01-31 12:00:00-05:00,-8.076849794100337e-05,-1.560078840699878e-05,6.55446180413391e-05
2019-01-31 12:15:00-05:00,-0.00013222540404336198,2.3592394931011715e-06,-3.524680296670479e-05
2019-01-31 12:30:00-05:00,2.7947857305957143e-05,-1.8839800083801275e-05,-0.00014809858949144024
2019-01-31 12:45:00-05:00,-2.143224166131029e-05,3.645682246022816e-05,8.914283850921553e-05
2019-01-31 13:00:00-05:00,-0.00012092904028061225,-0.00013566713134044992,0.00013446772008324174
2019-01-31 13:15:00-05:00,-0.00021038869974534976,4.943561252829041e-05,0.00012021575888549749
2019-01-31 13:30:00-05:00,-0.00014423549974988575,-2.445211613061094e-06,0.00024448054410621553
2019-01-31 13:45:00-05:00,-4.318096890306878e-05,1.0956392951505624e-05,-1.2338299050515643e-05
2019-01-31 14:00:00-05:00,3.815611410954115e-05,2.219923867141265e-05,8.315417509365233e-05
2019-01-31 14:15:00-05:00,-6.514293232354253e-05,4.5957868776504405e-05,2.3385059245819853e-05
2019-01-31 14:30:00-05:00,-9.31963703937311e-06,5.801101995531371e-05,-7.721578416329547e-05
2019-01-31 14:45:00-05:00,-6.191429222248092e-05,-1.1323138926873222e-05,-0.00011852794463352743
2019-01-31 15:00:00-05:00,-8.501270814307984e-05,-2.4092295085362492e-05,0.00010340272372956514
2019-01-31 15:15:00-05:00,2.5165635195787184e-05,-4.859505802376892e-06,-5.1724669117224296e-05
2019-01-31 15:30:00-05:00,-3.443931915171112e-05,1.2021371222462474e-05,-0.0001337637612537318
2019-02-01 10:15:00-05:00,-0.00012405263500859994,-7.509362111764432e-06,-7.694881808090088e-05
2019-02-01 10:30:00-05:00,-9.149468713083724e-05,-3.265995468293365e-06,-5.714049693148342e-06
2019-02-01 10:45:00-05:00,2.7163841106541764e-05,-1.782257848870023e-05,0.0002647924893547882
2019-02-01 11:00:00-05:00,-4.191068808444767e-05,4.4138016399091554e-05,0.00011557344593639446
2019-02-01 11:15:00-05:00,-0.00021790131459129748,6.138227170795825e-05,1.2032255335414532e-05
2019-02-01 11:30:00-05:00,-7.480268745176509e-05,3.9844232819666825e-05,5.49972398746053e-05
2019-02-01 11:45:00-05:00,9.146699619922487e-05,2.739464509714713e-05,-0.00017871746769030345
2019-02-01 12:00:00-05:00,-1.120604798043835e-05,3.673550804315952e-05,0.00011827398945874444
2019-02-01 12:15:00-05:00,-5.0879814549458616e-05,-5.539985398978203e-06,-3.259859551459493e-05
2019-02-01 12:30:00-05:00,-0.00011556294382011031,-2.675183088939992e-05,1.969671573101499e-05
2019-02-01 12:45:00-05:00,-8.053359568824839e-05,-1.8689183835900953e-06,0.00019045625135995353
2019-02-01 13:00:00-05:00,-2.4227655187877327e-05,9.317611672642515e-06,1.6678485627514213e-05
2019-02-01 13:15:00-05:00,-3.7399481824416864e-05,-4.460872280114973e-06,-0.00011093790834037043
2019-02-01 13:30:00-05:00,-0.00015451991787191914,-1.9960363711651385e-05,0.00010693604435629131
2019-02-01 13:45:00-05:00,-3.7820685662578114e-05,3.721634158150996e-05,-2.2326931827101666e-07
2019-02-01 14:00:00-05:00,4.256737323498738e-05,2.5162143865895712e-05,3.128399786302136e-05
2019-02-01 14:15:00-05:00,-6.822528165505257e-05,-7.1602324377412185e-06,-5.219607290578429e-05
2019-02-01 14:30:00-05:00,-3.757178807475202e-05,-1.724269124971674e-05,4.857299152749537e-06
2019-02-01 14:45:00-05:00,-5.005522471480903e-05,-3.802245625987682e-06,-5.5476130895198254e-05
2019-02-01 15:00:00-05:00,-4.6456047105856613e-05,-3.243707268027776e-05,-0.00013339665245924268
2019-02-01 15:15:00-05:00,-4.99661502427322e-06,-1.7069564715624332e-05,-0.00015512276570356842
2019-02-01 15:30:00-05:00,2.746861872967347e-05,1.4772120965839965e-05,-4.460018387533812e-05
2019-02-04 10:15:00-05:00,-3.8749229084089044e-05,6.970836808219653e-07,-7.975096659273561e-05
2019-02-04 10:30:00-05:00,-0.00027656080306168526,6.9456634124855406e-06,0.00037121862921793756
2019-02-04 10:45:00-05:00,-0.00014491055425234212,1.7681627033936084e-05,0.0002461398981490446
2019-02-04 11:00:00-05:00,-1.139851230358759e-05,-3.5408382152116637e-06,-9.345330064296589e-05
2019-02-04 11:15:00-05:00,-0.00014503793353182223,-2.0218137512625826e-06,6.559515461232881e-05
2019-02-04 11:30:00-05:00,-5.6911084237841005e-05,-7.663167495112489e-06,0.0003592740095879994
2019-02-04 11:45:00-05:00,-1.0080262301707113e-05,-1.1394325669104865e-05,0.00021378396099244298
2019-02-04 12:00:00-05:00,-4.646938179617745e-06,-1.019265212879535e-05,1.871118868487092e-05
2019-02-04 12:15:00-05:00,-1.1199803175091055e-05,-5.998025932439846e-06,-7.293192000719017e-06
2019-02-04 12:30:00-05:00,-0.00015515735721646353,2.677197413005988e-05,0.00018925931633451064
2019-02-04 12:45:00-05:00,2.6648333002992036e-05,-4.727610351003828e-06,0.00010394829773908499
2019-02-04 13:00:00-05:00,-7.386302071258813e-05,-3.1807236488088175e-05,0.00010304274173741443
2019-02-04 13:15:00-05:00,8.754591964167626e-05,-2.7331374096245216e-05,-7.729068797221434e-05
2019-02-04 13:30:00-05:00,-0.0001253226417642995,-4.22690726254766e-05,0.00016395960705193675
2019-02-04 13:45:00-05:00,4.57780957748236e-05,-8.302886277601018e-06,-4.088618738804627e-05
2019-02-04 14:00:00-05:00,-4.42220826793359e-06,-9.733363743307494e-06,-5.548219196627541e-05
2019-02-04 14:15:00-05:00,-8.51562125554174e-05,-4.410684609837563e-05,5.484242346165311e-05
2019-02-04 14:30:00-05:00,-3.597033116710623e-05,2.8809024782839764e-06,1.4752861444884498e-05
2019-02-04 14:45:00-05:00,-3.441457593570591e-05,-4.99120278638462e-06,4.6729505715469385e-05
2019-02-04 15:00:00-05:00,-5.481024199991377e-05,-2.0211333370954038e-05,-5.1676610356673716e-05
2019-02-04 15:15:00-05:00,-3.871160534708825e-06,-7.153913142273448e-06,-0.0002502320607820075
2019-02-04 15:30:00-05:00,4.574329604935633e-05,-1.0397084698990313e-05,-3.447166268993529e-05
2019-02-05 10:15:00-05:00,-9.70351216237867e-05,2.8584259898403294e-05,-0.00013694425096972065
2019-02-05 10:30:00-05:00,-0.0002327629386697693,-5.338039782617958e-06,3.7757768370083066e-05
2019-02-05 10:45:00-05:00,0.00012062046693699351,2.924132192541623e-05,-0.00013663926088799608
2019-02-05 11:00:00-05:00,-3.840098892887561e-05,1.0256362819393662e-05,0.0001682965219220873
2019-02-05 11:15:00-05:00,-0.00015464508186910814,7.661888684850144e-06,8.562661621204651e-05
2019-02-05 11:30:00-05:00,-1.9108400520982693e-05,-3.331625977808107e-05,0.00023924869864655875
2019-02-05 11:45:00-05:00,-0.00011646991031914665,3.2403238913508736e-05,-0.00028337222110181117
2019-02-05 12:00:00-05:00,-0.0001432876842031843,2.1004400345384435e-05,-9.66807273423246e-05
2019-02-05 12:15:00-05:00,-1.3564087133927726e-05,-1.0621353879343188e-05,-5.136227047334369e-05
2019-02-05 12:30:00-05:00,-2.327268577462318e-06,7.524877801650608e-06,2.9668719106914153e-05
2019-02-05 12:45:00-05:00,4.174598309695888e-06,-1.9273963699703964e-05,-4.915170849230941e-05
2019-02-05 13:00:00-05:00,-6.757656514394648e-05,1.6759973044520094e-05,3.553502647234695e-05
2019-02-05 13:15:00-05:00,-6.898506880804816e-05,-2.6617873261750654e-05,-0.00022494756471854534
2019-02-05 13:30:00-05:00,4.728852488724836e-05,4.52238078940193e-06,-1.6461247960142145e-05
2019-02-05 13:45:00-05:00,4.925142236379435e-05,-1.3148319733145828e-05,0.00020005990221618166
2019-02-05 14:00:00-05:00,2.8142485559594776e-05,2.2295433958800964e-05,4.032683944684869e-05
2019-02-05 14:15:00-05:00,-6.397800919850048e-05,-1.0241837892603732e-05,-0.00012874711006396355
2019-02-05 14:30:00-05:00,5.142948914045563e-06,5.820925696371395e-06,7.751999313012949e-05
2019-02-05 14:45:00-05:00,-3.8980776429963023e-05,1.796035329708548e-06,-0.00014580161971161304
2019-02-05 15:00:00-05:00,-5.9257722939430845e-05,-8.859691367094347e-06,-0.00014383278990140293
2019-02-05 15:15:00-05:00,6.752602620036447e-05,5.599652774622772e-06,-9.86425908739507e-05
2019-02-05 15:30:00-05:00,0.00011226975900812747,3.0836899689133754e-05,-4.77546499192897e-05
2019-02-06 10:15:00-05:00,5.265724944589218e-05,-1.5110016034036823e-05,0.00018693043463151229
2019-02-06 10:30:00-05:00,-4.3334429986570555e-05,9.673507549327452e-06,9.996753807548357e-05
2019-02-06 10:45:00-05:00,5.324550650619091e-05,-1.4415736866323257e-05,-0.0001771067058091321
2019-02-06 11:00:00-05:00,2.7147380745639792e-05,-8.544909884927805e-06,-4.1967913756345274e-05
2019-02-06 11:15:00-05:00,7.215151403814273e-05,4.781984364632957e-06,2.498135227566335e-05
2019-02-06 11:30:00-05:00,8.42047014624208e-05,2.8569808790501894e-05,-1.2966521687326836e-05
2019-02-06 11:45:00-05:00,2.1514592836222754e-05,4.714412898921053e-05,0.0002656513751483569
2019-02-06 12:00:00-05:00,-0.00020021292244646469,1.6992290314550194e-05,6.466924625969987e-05
2019-02-06 12:15:00-05:00,-0.0001447123407247544,-3.0842513672360894e-06,1.0070821407419384e-05
2019-02-06 12:30:00-05:00,-8.3929687808335e-05,-2.559390905391168e-05,0.00015745280657853672
2019-02-06 12:45:00-05:00,5.052353615569515e-05,2.5729666852041344e-06,5.782847854504646e-05
2019-02-06 13:00:00-05:00,-0.00020068618620720652,-4.556538485309301e-06,-0.00016207042971050077
2019-02-06 13:15:00-05:00,-3.6604701944607065e-05,2.801848064138745e-05,1.3207187623941381e-05
2019-02-06 13:30:00-05:00,-0.0001050654146179802,-5.055327535952785e-06,-7.157839915109016e-05
2019-02-06 13:45:00-05:00,7.034183586669371e-06,1.2210171492019917e-05,-0.0001288628973507151
2019-02-06 14:00:00-05:00,-0.00010026991394840987,1.1904439680471844e-05,9.874564140488566e-05
2019-02-06 14:15:00-05:00,-7.638157313734435e-05,1.5139337848679702e-05,9.813112533117064e-05
2019-02-06 14:30:00-05:00,6.549863170907897e-06,-4.844080680693748e-05,3.539061497183784e-05
2019-02-06 14:45:00-05:00,-2.204553588016539e-06,3.451317093133204e-05,-7.778754847586908e-05
2019-02-06 15:00:00-05:00,-3.857251783190973e-05,-3.3627588150583746e-05,-0.00019644628496337716
2019-02-06 15:15:00-05:00,-0.00011377852443231979,9.14350211574905e-06,-9.564878026008774e-05
2019-02-06 15:30:00-05:00,-2.482135943115212e-07,-4.3462474651439516e-05,-0.00026928336871757046
2019-02-07 10:15:00-05:00,4.499909838172173e-05,2.042248895795703e-05,8.313557395045335e-05
2019-02-07 10:30:00-05:00,-0.0001263983407820374,8.313522992618364e-06,-5.4003814507233854e-05
2019-02-07 10:45:00-05:00,2.439717736267471e-05,-1.196374229103204e-06,-5.143071431632735e-05
2019-02-07 11:00:00-05:00,-5.0076906366716346e-05,2.2374788613762586e-05,7.54684529759898e-05
2019-02-07 11:15:00-05:00,-7.354998931061827e-06,5.6310515364910965e-05,-1.612470998154643e-05
2019-02-07 11:30:00-05:00,-8.615279989531546e-05,-1.816885818468113e-05,0.0001988891917767904
2019-02-07 11:45:00-05:00,-5.403224857334743e-05,8.132503370963413e-06,5.6649762918411265e-05
2019-02-07 12:00:00-05:00,4.296429399400153e-06,1.2853751378570423e-05,7.447538680129917e-05
2019-02-07 12:15:00-05:00,7.464901539292783e-05,2.6512483224699587e-05,3.312302319631025e-05
2019-02-07 12:30:00-05:00,-6.891798369981214e-05,-2.8186571496389364e-05,0.00019681134770652158
2019-02-07 12:45:00-05:00,-9.63037440556205e-05,3.914950740978656e-05,-7.516029987596972e-05
2019-02-07 13:00:00-05:00,-8.289316479204338e-05,1.569912112445201e-05,0.0001383263071881571
2019-02-07 13:15:00-05:00,-4.620558564409673e-05,-4.1221060754669054e-05,-9.358809239705757e-05
2019-02-07 13:30:00-05:00,-3.013503335724018e-05,3.2301086104631584e-06,-1.6994787435844865e-05
2019-02-07 13:45:00-05:00,-2.876506274054804e-05,-1.9869427081309618e-06,3.7950131949976344e-05
2019-02-07 14:00:00-05:00,-2.1375488854589043e-05,1.2769859867797181e-05,0.00019077833273937404
2019-02-07 14:15:00-05:00,-7.207389381494624e-05,-3.095394654457335e-05,6.588590659854577e-05
2019-02-07 14:30:00-05:00,-0.00014748387804229882,2.4182975427448618e-05,0.0001728414747936888
2019-02-07 14:45:00-05:00,-0.00011197794173147934,-1.776877708290374e-05,9.955176480231006e-05
2019-02-07 15:00:00-05:00,2.4665309766576524e-05,-3.548086676754727e-05,-1.812288518310173e-05
2019-02-07 15:15:00-05:00,-8.874987842801494e-06,1.3627542668200292e-05,0.0001003906895563091
2019-02-07 15:30:00-05:00,-0.00010027007716993932,2.6652026107447206e-05,-0.00013635387330252887
2019-02-08 10:15:00-05:00,-2.1329179343728872e-05,3.9943739129578675e-05,-4.800653649091546e-05
2019-02-08 10:30:00-05:00,-0.0001459851089331858,-3.6054743008554934e-05,2.3443269652375775e-05
2019-02-08 10:45:00-05:00,-6.236785671676684e-05,-2.655624179993133e-05,9.15523968456569e-05
2019-02-08 11:00:00-05:00,-0.00017759530346616722,-3.107190239425714e-05,6.559230102559878e-05
2019-02-08 11:15:00-05:00,-1.4680897370944405e-05,-1.963933213674732e-05,-3.749453528087913e-05
2019-02-08 11:30:00-05:00,-9.097044662060671e-05,6.057030704416236e-06,0.00011252523343604596
2019-02-08 11:45:00-05:00,-0.00012984819281552305,3.040630076918618e-05,9.708716297247507e-05
2019-02-08 12:00:00-05:00,-6.733912233244296e-05,-8.372411331455774e-06,0.0001578991067800512
2019-02-08 12:15:00-05:00,-1.5662693552337106e-05,-2.620483958716389e-05,2.4527575617157018e-05
2019-02-08 12:30:00-05:00,-8.79703446375836e-05,-2.874238927374679e-05,-4.1181240776250796e-05
2019-02-08 12:45:00-05:00,4.0126528277967996e-05,4.923771092232861e-05,3.0458023611583387e-05
2019-02-08 13:00:00-05:00,7.639870767192861e-05,-6.942562194068223e-07,9.743472299935406e-05
2019-02-08 13:15:00-05:00,-5.294643676129986e-05,-1.99860200709561e-05,4.1491943539417495e-05
2019-02-08 13:30:00-05:00,7.916898613377623e-06,4.2546446939867605e-05,0.00012865984693840148
2019-02-08 13:45:00-05:00,-7.338780350154711e-05,-1.2876867098409304e-05,-0.00012840937458921775
2019-02-08 14:00:00-05:00,0.00010726243557191388,-4.563457042896359e-06,5.717319026456378e-05
2019-02-08 14:15:00-05:00,-2.1064284600782452e-05,1.0588893207777984e-05,-6.027848918993034e-05
2019-02-08 14:30:00-05:00,5.077032453446785e-05,7.419525906104501e-06,3.0252815041014495e-05
2019-02-08 14:45:00-05:00,0.00010881809805151001,2.275212163665799e-05,-0.0001640975014315867
2019-02-08 15:00:00-05:00,5.360422002087147e-05,-2.4223310488475894e-05,3.27029210029735e-05
2019-02-08 15:15:00-05:00,-0.00010467461842494889,1.9998672629936203e-05,9.923396468424148e-05
2019-02-08 15:30:00-05:00,2.8730463531945345e-05,1.4494367002274835e-05,-0.0001867919634687645
2019-02-11 10:15:00-05:00,-9.960005463606028e-05,-3.144794769044607e-05,0.00024613560887987716
2019-02-11 10:30:00-05:00,4.1750638385980165e-05,-3.02811966609367e-06,-3.989100893503849e-05
2019-02-11 10:45:00-05:00,-0.0001541397036653471,-4.389149665177135e-05,-1.3055095048655273e-05
2019-02-11 11:00:00-05:00,1.677556135603147e-05,5.7708424351006906e-05,0.0002516533205763084
2019-02-11 11:15:00-05:00,-0.0001293088984364925,-3.044214185622675e-05,0.00026272636424914605
2019-02-11 11:30:00-05:00,-3.1431802806099685e-05,3.7583125351258225e-05,0.00019145574660201
2019-02-11 11:45:00-05:00,-8.106647418219514e-05,2.190774182361134e-05,3.086001527422963e-05
2019-02-11 12:00:00-05:00,-6.121409176412835e-05,-1.96378207159808e-05,1.6159707074746727e-05
2019-02-11 12:15:00-05:00,5.9776650045287914e-05,-4.545137992529451e-05,-0.00012415906284901217
2019-02-11 12:30:00-05:00,-4.344376146126569e-05,1.7968936041940374e-05,-0.00011739878426957625
2019-02-11 12:45:00-05:00,4.8204776993029576e-05,-2.8274618078258365e-05,-7.222717252822609e-05
2019-02-11 13:00:00-05:00,6.253991682852959e-05,-1.082262227227973e-05,-6.937214051516049e-05
2019-02-11 13:15:00-05:00,-6.120541363120825e-06,1.0331018106461298e-05,-5.532185463176747e-05
2019-02-11 13:30:00-05:00,-2.224208455975451e-06,1.8190701612800742e-05,7.0950765935167e-05
2019-02-11 13:45:00-05:00,5.962832254510806e-06,-3.777917506991519e-05,9.090618209210374e-07
2019-02-11 14:00:00-05:00,7.431959676408414e-05,-8.22997712525011e-06,-4.02765976071837e-05
2019-02-11 14:15:00-05:00,-5.9299396739879755e-05,-1.482239411807009e-05,2.4242702833743417e-05
2019-02-11 14:30:00-05:00,-1.0890507895295488e-05,1.1726504304602868e-05,-2.236737281435236e-06
2019-02-11 14:45:00-05:00,6.925891963615067e-05,-3.837346462831411e-05,-7.113763169826182e-05
2019-02-11 15:00:00-05:00,-3.177589625403252e-05,-1.6890584559427e-06,-1.4766064973467068e-07
2019-02-11 15:15:00-05:00,1.7358286576780056e-05,2.71779535045367e-05,-0.00022578115807390676
2019-02-11 15:30:00-05:00,-6.600556386625347e-05,-3.4473137631457897e-06,-6.771174731637763e-05
2019-02-12 10:15:00-05:00,-3.916763334320375e-05,-3.963908724098386e-05,0.00010313100211042971
2019-02-12 10:30:00-05:00,-4.973315914006895e-05,-5.310028459710141e-06,-0.00013606371666152834
2019-02-12 10:45:00-05:00,5.6711908637298316e-05,6.805157763760803e-06,-0.00029313413646372364
2019-02-12 11:00:00-05:00,-0.00018113715662552892,-2.9231260586114907e-05,-0.00015779176661355452
2019-02-12 11:15:00-05:00,1.9134103052883437e-05,5.040133941079617e-05,-4.001149209391344e-05
2019-02-12 11:30:00-05:00,-0.00015398176394527043,4.309753194390333e-05,-0.00022398979445431935
2019-02-12 11:45:00-05:00,-3.5414633096402976e-05,-2.997598475056945e-06,-0.00011439648171021465
2019-02-12 12:00:00-05:00,-6.957727199250801e-06,-2.821145896496749e-05,-0.00012621783318370988
2019-02-12 12:15:00-05:00,1.2842023738486534e-05,8.4140112567018e-06,-1.4890085036941733e-05
2019-02-12 12:30:00-05:00,6.897350604435786e-05,3.0179879347019503e-05,-9.955344941520369e-05
2019-02-12 12:45:00-05:00,8.712519715411553e-05,-2.13735608474225e-05,-7.369151159659897e-05
2019-02-12 13:00:00-05:00,6.682614966528133e-05,-9.094619839176228e-06,-0.00011551335196698433
2019-02-12 13:15:00-05:00,0.00011829770606498478,-1.777817372648384e-05,-9.276684086126374e-05
2019-02-12 13:30:00-05:00,1.610142749775329e-05,-3.350362480933423e-06,-0.00011958221210399319
2019-02-12 13:45:00-05:00,9.024254717500822e-05,-4.292142405935716e-05,-0.00012493498083438736
2019-02-12 14:00:00-05:00,6.966967272572598e-05,1.3566441464959683e-05,-2.4868957594203385e-05
2019-02-12 14:15:00-05:00,3.7100026781135436e-05,1.4694743022593334e-05,-0.0001464950361663364
2019-02-12 14:30:00-05:00,5.300937496598574e-05,-5.295185951364853e-06,-0.00021362685131997886
2019-02-12 14:45:00-05:00,8.992581513976502e-05,-4.7794112706067844e-05,-0.00011741248664650358
2019-02-12 15:00:00-05:00,6.181440864249963e-05,5.805919190426412e-05,-2.8210405176270626e-05
2019-02-12 15:15:00-05:00,3.673073258820076e-05,-7.423980343706023e-06,-5.834658405986674e-05
2019-02-12 15:30:00-05:00,-3.374560152765984e-06,4.580506374891368e-05,-0.00012581433284655533
2019-02-13 10:15:00-05:00,-8.498567524663251e-05,-3.3297007994289384e-05,0.00020358826717393306
2019-02-13 10:30:00-05:00,4.58250190626116e-05,-2.9085923827067705e-05,0.00011558982857218047
2019-02-13 10:45:00-05:00,5.271262796331879e-05,-2.8542746761490127e-05,-4.19424221922924e-05
2019-02-13 11:00:00-05:00,2.004861181871924e-05,4.3316956183478814e-05,2.0678638201716454e-05
2019-02-13 11:15:00-05:00,-6.338479419573852e-07,4.231374552439824e-05,6.144489093798809e-05
2019-02-13 11:30:00-05:00,1.2703691356864422e-05,4.958565607021089e-05,9.933872129051872e-05
2019-02-13 11:45:00-05:00,3.393737876414511e-05,-3.64701963318117e-05,-4.771407836803262e-05
2019-02-13 12:00:00-05:00,1.5392838959524015e-05,3.401141792409126e-05,-4.8808219763787325e-05
2019-02-13 12:15:00-05:00,-7.013550148088972e-05,-3.9114656944765506e-05,-0.00012786237326069562
2019-02-13 12:30:00-05:00,-5.553494193001849e-05,-2.9543813521558767e-05,-0.00016787619583084017
2019-02-13 12:45:00-05:00,3.025606612328077e-05,3.706163004562999e-05,-0.00018316881267206036
2019-02-13 13:00:00-05:00,6.4964887528025004e-06,2.410352886618763e-05,-3.241435756020477e-05
2019-02-13 13:15:00-05:00,0.00011164004881462551,2.6073607401391586e-05,-2.7526318381297214e-05
2019-02-13 13:30:00-05:00,-0.00010306967569460167,1.2452377903087597e-05,-0.00014997631701819437
2019-02-13 13:45:00-05:00,1.882837133990587e-05,1.1726912048714329e-05,-0.00016439616542630013
2019-02-13 14:00:00-05:00,-3.797038979233794e-05,2.7578963765953683e-05,-0.0002332321421250053
2019-02-13 14:15:00-05:00,3.9870074577089085e-06,2.5705192405000622e-05,-9.71970912319605e-05
2019-02-13 14:30:00-05:00,-4.486785294741296e-05,1.893315129977817e-05,-0.00014883504215929927
2019-02-13 14:45:00-05:00,8.145295768517827e-07,-2.3313772730623573e-05,-6.349273708876789e-05
2019-02-13 15:00:00-05:00,2.701670313284374e-05,-1.795781168655313e-05,-0.0001412118301851332
2019-02-13 15:15:00-05:00,-7.150112403334485e-06,9.752213409235195e-06,-4.90241388284487e-05
2019-02-13 15:30:00-05:00,5.636664418212942e-05,1.7380707726838894e-05,4.9589141111494054e-05
2019-02-14 10:15:00-05:00,8.210092276903438e-05,-1.562436687806459e-07,0.00017712067431734104
2019-02-14 10:30:00-05:00,3.640135813206214e-05,-3.962797021406855e-05,7.886845342399445e-05
2019-02-14 10:45:00-05:00,-3.866518753472704e-05,2.4867417963933565e-05,-1.4654150707303778e-05
2019-02-14 11:00:00-05:00,-0.0001386606254210405,-3.9152910471248525e-05,-0.0002713604994641698
2019-02-14 11:15:00-05:00,7.38309163194055e-06,8.36323839736773e-06,-0.00010662964996718325
2019-02-14 11:30:00-05:00,-2.704828455306166e-05,-2.6755709456383453e-05,7.725387955193207e-05
2019-02-14 11:45:00-05:00,-6.992479127303985e-05,-5.290405555981823e-05,3.751249437509348e-05
2019-02-14 12:00:00-05:00,-4.346731977264354e-05,-4.263904202081766e-05,-0.00015264551855737163
2019-02-14 12:15:00-05:00,4.8029023774691035e-05,4.030597354899842e-05,-1.4449454458712982e-06
2019-02-14 12:30:00-05:00,-9.876875655514366e-05,6.018342312386119e-06,-0.00012547208694327474
2019-02-14 12:45:00-05:00,5.837056367747067e-05,4.82361832768172e-05,-5.0555668562341935e-05
2019-02-14 13:00:00-05:00,1.1625800958764023e-05,3.8338818926864775e-05,-9.490010030775024e-05
2019-02-14 13:15:00-05:00,0.00010246900155276571,7.90064804581884e-06,-0.00012739453637045784
2019-02-14 13:30:00-05:00,-7.418801642019265e-05,1.1857770585731433e-05,4.348944198047814e-05
2019-02-14 13:45:00-05:00,-2.7827322967152398e-05,4.253194704402585e-05,-4.77785380297866e-05
2019-02-14 14:00:00-05:00,3.127793409217716e-05,-2.133357030613292e-05,-0.00016151917250232413
2019-02-14 14:15:00-05:00,1.2178373638571948e-05,-5.084468528718973e-05,-2.5597871543619347e-05
2019-02-14 14:30:00-05:00,-1.9404875634043622e-05,-1.0306422622272465e-05,-0.00014596578166345612
2019-02-14 14:45:00-05:00,1.3997966085940367e-05,2.8224865724959357e-05,-0.0001937971251844121
2019-02-14 15:00:00-05:00,2.199284012215526e-05,-2.5185577539337626e-05,1.4584223045919431e-05
2019-02-14 15:15:00-05:00,-4.443873696349832e-05,2.8564089780239266e-05,-2.192465377547691e-05
2019-02-14 15:30:00-05:00,4.286239578289227e-05,1.63563423826335e-05,-0.00015897225524205168
2019-02-15 10:15:00-05:00,-0.00012935494087660033,-3.968250790251158e-05,0.0002907704401054844
2019-02-15 10:30:00-05:00,-6.378773775991972e-05,-2.9891390842114633e-05,9.94815808351986e-06
2019-02-15 10:45:00-05:00,-0.00010189625313119775,9.914578308403025e-06,7.050500257977486e-05
2019-02-15 11:00:00-05:00,1.8774445266693796e-05,2.3443280804674017e-05,0.00014225308855951788
2019-02-15 11:15:00-05:00,-7.735633272242867e-05,2.1675142102004465e-05,-2.9774661638109785e-05
2019-02-15 11:30:00-05:00,-9.97289302137039e-05,-6.056334970090672e-06,0.0002199277977980664
2019-02-15 11:45:00-05:00,6.720633961351179e-05,2.0024243920783603e-05,0.00010348133689083598
2019-02-15 12:00:00-05:00,-7.405219692576212e-05,3.538456047085303e-05,0.00033644055004517913
2019-02-15 12:15:00-05:00,4.684756608905894e-05,1.1497934603338097e-05,-6.684906309156157e-05
2019-02-15 12:30:00-05:00,8.973274910972885e-05,1.1092770547973787e-05,2.9302566764469647e-05
2019-02-15 12:45:00-05:00,-7.523900366256198e-05,4.977837002776258e-06,4.5706784323741275e-06
2019-02-15 13:00:00-05:00,-2.1593289610694267e-05,5.153603665377933e-05,-4.1380170161992834e-05
2019-02-15 13:15:00-05:00,7.091809982122922e-05,3.7073913666365e-05,-0.00016453799733771884
2019-02-15 13:30:00-05:00,-8.121108731627227e-05,-2.0415035823318873e-05,-0.00016886021668368752
2019-02-15 13:45:00-05:00,-1.4814613455525452e-05,-3.901965671713118e-06,-0.000156821752423048
2019-02-15 14:00:00-05:00,-6.486110892182704e-06,-1.8281271356622742e-05,-2.7383541454198428e-05
2019-02-15 14:15:00-05:00,6.648952698637749e-05,8.267637074323372e-06,-5.295444292199946e-05
2019-02-15 14:30:00-05:00,-1.0578525150102284e-05,-3.121055320000436e-05,-3.883676738715301e-05
2019-02-15 14:45:00-05:00,5.263613613473316e-05,4.3105866857497684e-05,-0.0001522326132674578
2019-02-15 15:00:00-05:00,6.436496596084316e-05,-3.467676140418819e-05,1.2865164642839746e-05
2019-02-15 15:15:00-05:00,4.420645534119952e-05,1.1305430743941627e-05,-7.59382685785005e-05
2019-02-15 15:30:00-05:00,3.3655840947480714e-05,2.3014996956188756e-05,-0.0002153835702062096
2019-02-18 10:15:00-05:00,,,
2019-02-18 10:30:00-05:00,,,
2019-02-18 10:45:00-05:00,,,
2019-02-18 11:00:00-05:00,,,
2019-02-18 11:15:00-05:00,,,
2019-02-18 11:30:00-05:00,,,
2019-02-18 11:45:00-05:00,,,
2019-02-18 12:00:00-05:00,,,
2019-02-18 12:15:00-05:00,,,
2019-02-18 12:30:00-05:00,,,
2019-02-18 12:45:00-05:00,,,
2019-02-18 13:00:00-05:00,,,
2019-02-18 13:15:00-05:00,,,
2019-02-18 13:30:00-05:00,,,
2019-02-18 13:45:00-05:00,,,
2019-02-18 14:00:00-05:00,,,
2019-02-18 14:15:00-05:00,,,
2019-02-18 14:30:00-05:00,,,
2019-02-18 14:45:00-05:00,,,
2019-02-18 15:00:00-05:00,,,
2019-02-18 15:15:00-05:00,,,
2019-02-18 15:30:00-05:00,,,
2019-02-19 10:15:00-05:00,,,
2019-02-19 10:30:00-05:00,,,
2019-02-19 10:45:00-05:00,,,
2019-02-19 11:00:00-05:00,,,
2019-02-19 11:15:00-05:00,,,
2019-02-19 11:30:00-05:00,4.523935946780096e-05,-4.795414350401075e-05,-1.8435540374189448e-05
2019-02-19 11:45:00-05:00,-3.561380497082152e-05,1.7728839133893675e-06,1.897742410641256e-05
2019-02-19 12:00:00-05:00,4.433795876034558e-05,-3.2154810014542404e-05,5.939218844819535e-05
2019-02-19 12:15:00-05:00,3.0396026348941327e-05,-4.1161882414424226e-05,-5.194334658719705e-05
2019-02-19 12:30:00-05:00,2.2052092334038034e-05,-4.467622389843061e-05,-0.00011870014188615479
2019-02-19 12:45:00-05:00,5.517100796524855e-05,-1.913871766914046e-06,1.3315955066789354e-05
2019-02-19 13:00:00-05:00,-2.888081552205369e-06,5.656372908065665e-06,-0.00019559766346683352
2019-02-19 13:15:00-05:00,-1.828060950625668e-05,4.247623258412705e-05,-9.784154441655445e-05
2019-02-19 13:30:00-05:00,2.405409285923827e-05,4.441150220052251e-06,-5.2581781696428145e-05
2019-02-19 13:45:00-05:00,-5.683845077820909e-06,1.5614007052241234e-05,-6.406499544156214e-06
2019-02-19 14:00:00-05:00,3.991863363171668e-05,-1.1691162915023676e-05,-9.713380230610639e-05
2019-02-19 14:15:00-05:00,3.3296284178864334e-05,-4.869241603544252e-06,6.259696876161653e-06
2019-02-19 14:30:00-05:00,3.6200949840495474e-05,-4.6959562666077144e-05,2.8883957964053394e-05
2019-02-19 14:45:00-05:00,3.338122709776555e-05,-1.86565962753277e-05,2.663596245113335e-06
2019-02-19 15:00:00-05:00,6.535484375949325e-05,-2.4777674709732725e-05,-0.00012952757617608793
2019-02-19 15:15:00-05:00,-7.042053210657227e-06,-1.2326068255101144e-05,-4.8553520812183264e-05
2019-02-19 15:30:00-05:00,9.656601150192888e-06,6.233775550112132e-06,-0.00026661934607989543
2019-02-20 10:15:00-05:00,0.00012095746816368425,-1.3299664419999519e-05,-0.00010066733090955349
2019-02-20 10:30:00-05:00,-4.814294214904878e-06,-2.236609596002854e-05,-0.00013183399977513557
2019-02-20 10:45:00-05:00,-3.023052901890366e-05,-9.110908573284668e-06,0.00021494403887456056
2019-02-20 11:00:00-05:00,-0.00013004326938389536,-3.5850587775831056e-06,0.00018238633689697702
2019-02-20 11:15:00-05:00,3.190246326937638e-05,-2.8093987450034273e-05,0.00012395877829653892
2019-02-20 11:30:00-05:00,7.460996094584953e-05,2.8703751010277824e-05,-2.4441362620335427e-05
2019-02-20 11:45:00-05:00,-7.293007111555745e-06,-4.1143486173869916e-05,-9.013720683766217e-05
2019-02-20 12:00:00-05:00,3.0420617608726487e-05,7.1223747574870715e-06,1.4374248452931336e-05
2019-02-20 12:15:00-05:00,6.995389136437563e-05,-1.590116861483714e-05,-0.00015238600426391093
2019-02-20 12:30:00-05:00,1.369032019703733e-05,5.702831948951466e-05,-9.65695240705283e-05
2019-02-20 12:45:00-05:00,9.155130631908885e-05,1.0765737954660591e-05,-0.00011125622819569684
2019-02-20 13:00:00-05:00,8.868608721482279e-05,4.388143703938122e-05,-5.951479438532424e-06
2019-02-20 13:15:00-05:00,6.177553206698884e-05,2.5808810070263097e-05,-0.00010071435038164183
2019-02-20 13:30:00-05:00,3.1048768950153245e-05,-1.1158709617099411e-05,-1.237241798481315e-06
2019-02-20 13:45:00-05:00,-5.389536795411379e-05,5.287277470049879e-06,-1.2357835953736137e-05
2019-02-20 14:00:00-05:00,-2.812864418032579e-05,2.707875955667151e-06,-2.2614193383010933e-05
2019-02-20 14:15:00-05:00,-0.00019811696570373223,-2.9439504508245128e-05,1.677384625118846e-05
2019-02-20 14:30:00-05:00,-7.682101422851942e-05,-1.2107763508082725e-05,-4.307703850812881e-05
2019-02-20 14:45:00-05:00,-2.858799719839752e-05,-3.791543786967849e-05,2.6161186217374148e-05
2019-02-20 15:00:00-05:00,-7.119368998389339e-05,3.039073597086677e-05,-0.00010152170404926723
2019-02-20 15:15:00-05:00,-3.28466094197009e-05,-2.4035728015175118e-05,-0.000138118105106008
2019-02-20 15:30:00-05:00,-8.923878521376395e-06,5.5835866749795136e-05,-8.371259043046719e-05
2019-02-21 10:15:00-05:00,-1.6829764533868828e-05,2.4584313733006466e-05,-5.2035365654622363e-05
2019-02-21 10:30:00-05:00,-4.202642995637083e-05,-1.9681712726898384e-05,-6.525861004009248e-06
2019-02-21 10:45:00-05:00,-0.00012469217698885692,-5.568377300971581e-05,-3.3423737673137955e-05
2019-02-21 11:00:00-05:00,-7.6054641417984e-05,9.209527844242163e-06,3.0709400675900045e-05
2019-02-21 11:15:00-05:00,-4.166757706961578e-05,-1.4632201854584889e-06,-0.0002608391848535723
2019-02-21 11:30:00-05:00,4.7551704550582907e-05,5.414966413278228e-05,-0.00010061784088581375
2019-02-21 11:45:00-05:00,-8.105107083239021e-05,2.559477062635394e-05,-3.464685124007027e-05
2019-02-21 12:00:00-05:00,3.684743211209897e-05,-9.439811799322902e-05,7.131985729580792e-06
2019-02-21 12:15:00-05:00,2.512786083334963e-05,1.866996799022975e-07,-8.474248575032497e-05
2019-02-21 12:30:00-05:00,-4.9539602855911866e-05,-1.2338598891282203e-05,-0.00015338430276083334
2019-02-21 12:45:00-05:00,5.077789686830233e-05,-2.6004635994671174e-05,-0.0001135669606951221
2019-02-21 13:00:00-05:00,6.329580589900951e-05,-2.6556699944742057e-07,-7.417076868228815e-05
2019-02-21 13:15:00-05:00,4.083294791322026e-05,1.6565760606168728e-05,-0.00014345758975006627
2019-02-21 13:30:00-05:00,5.475416582477162e-05,9.870068096879388e-06,-0.00012561114668936603
2019-02-21 13:45:00-05:00,5.77117886175749e-05,1.5940639467062584e-05,-7.98353360105721e-05
2019-02-21 14:00:00-05:00,2.2888494047928e-05,-1.1452557932135247e-05,-4.183768110594091e-05
2019-02-21 14:15:00-05:00,1.701671679222428e-05,-1.3944156774864267e-05,-0.0001498822143262499
2019-02-21 14:30:00-05:00,-5.703777765377188e-06,-3.752795964641871e-05,-0.00011529261333789186
2019-02-21 14:45:00-05:00,-3.825209231742349e-05,5.034475864733613e-06,7.242214357426281e-05
2019-02-21 15:00:00-05:00,-1.1189938508471808e-05,2.3175280877988437e-05,-4.640554207971758e-05
2019-02-21 15:15:00-05:00,7.06069242336103e-05,-1.4070653758725997e-05,-0.00013658126029797107
2019-02-21 15:30:00-05:00,1.8292257362028347e-06,-6.282444580624221e-06,-0.00010615150131091558
2019-02-22 10:15:00-05:00,7.34561431969099e-06,-1.597056562047785e-05,-0.00014741973621974116
2019-02-22 10:30:00-05:00,2.3301849696278384e-05,3.3868722538546235e-05,-0.00017368570886816127
2019-02-22 10:45:00-05:00,-8.777922475651569e-05,-2.301734304839363e-05,-0.000115137585050748
2019-02-22 11:00:00-05:00,0.00011311816817725066,1.9040667503114486e-05,-0.00018086797558545379
2019-02-22 11:15:00-05:00,2.0533450408190633e-06,4.2606768487374293e-05,-4.736116158569526e-05
2019-02-22 11:30:00-05:00,-7.737362948421137e-05,2.5166082223343025e-05,-3.0148948179747798e-05
2019-02-22 11:45:00-05:00,-2.2174846404735133e-05,-7.779530667515554e-06,-4.791674988901541e-05
2019-02-22 12:00:00-05:00,5.725446405947861e-05,-8.03094065254141e-06,-7.46351039298286e-05
2019-02-22 12:15:00-05:00,-6.432348251083438e-06,-1.4827881257059122e-06,-0.00014514569258641927
2019-02-22 12:30:00-05:00,2.566235706593953e-05,8.257132805189115e-06,-0.0001593133933153313
2019-02-22 12:45:00-05:00,5.722697085146162e-05,-1.648227755648245e-05,-4.566341725425212e-05
2019-02-22 13:00:00-05:00,8.373668394063225e-06,2.1230019234959547e-05,-6.413339898066303e-05
2019-02-22 13:15:00-05:00,5.589591852672646e-05,3.244441748139911e-05,-6.030239340491665e-05
2019-02-22 13:30:00-05:00,2.9971155506453602e-05,2.612606898945091e-05,2.686391983378174e-05
2019-02-22 13:45:00-05:00,9.39546986980697e-05,3.943804485676166e-05,-0.0001190907732004458
2019-02-22 14:00:00-05:00,6.999480864078244e-06,1.2251935718023095e-05,0.0001223794898968836
2019-02-22 14:15:00-05:00,5.583208282173194e-05,-2.2228691916921085e-05,-0.0001212371367623058
2019-02-22 14:30:00-05:00,6.221129986751865e-05,1.0862588260376638e-05,6.910304914926197e-06
2019-02-22 14:45:00-05:00,1.3375558633007325e-05,-3.897676220495743e-05,1.8643823443172614e-05
2019-02-22 15:00:00-05:00,-1.9369749436911103e-05,3.106425483366811e-05,-5.7450936970086676e-05
2019-02-22 15:15:00-05:00,-3.462349558497252e-05,2.5713861391300688e-05,-0.00012742447948555288
2019-02-22 15:30:00-05:00,-4.3342271442506845e-05,-2.445013001717723e-06,-0.0002777249841014445
2019-02-25 10:15:00-05:00,3.445789525699415e-05,3.564680962144989e-05,1.770919439336184e-05
2019-02-25 10:30:00-05:00,3.494796211511272e-05,-2.0267696078295658e-05,5.819805728160897e-06
2019-02-25 10:45:00-05:00,2.9452452096386517e-05,-3.80129582379002e-05,-3.220159035017848e-05
2019-02-25 11:00:00-05:00,-7.21127024062402e-05,1.3153886257312925e-06,-0.00012859178227753404
2019-02-25 11:15:00-05:00,-3.640648104538849e-05,5.2011964292278535e-05,-0.00023951055631115474
2019-02-25 11:30:00-05:00,-2.089347202690869e-05,6.140227904301665e-05,-0.00010276775464868875
2019-02-25 11:45:00-05:00,-2.6359621224461012e-05,-3.052679236468903e-06,-0.00012638579027693663
2019-02-25 12:00:00-05:00,0.00011373853958610372,-2.1896854979894894e-05,-7.471666861254465e-05
2019-02-25 12:15:00-05:00,2.6743355750017296e-05,2.6521747227336735e-06,1.7002213299788687e-05
2019-02-25 12:30:00-05:00,1.6850648516982082e-05,8.478617524059712e-06,1.4227963334759566e-05
2019-02-25 12:45:00-05:00,4.825072497760432e-05,3.7032434939658607e-06,-0.00011148846818316655
2019-02-25 13:00:00-05:00,-5.1520906209547955e-05,4.36924598455265e-05,-3.0656321411211556e-05
2019-02-25 13:15:00-05:00,1.3021378291454837e-05,3.917274214903186e-06,-0.00013334550007487422
2019-02-25 13:30:00-05:00,1.92072667227975e-05,-1.9859184236431613e-05,-0.00012399671425631422
2019-02-25 13:45:00-05:00,3.6284544577063484e-05,3.973469913367194e-05,-0.00012170532625477068
2019-02-25 14:00:00-05:00,4.8899800256498716e-05,2.21499901826671e-05,-9.093234311009172e-05
2019-02-25 14:15:00-05:00,7.257386163007147e-05,4.2417230228688657e-05,-5.8954211185131176e-05
2019-02-25 14:30:00-05:00,1.1208800812016553e-05,5.850998936659113e-06,-0.00029759914439090966
2019-02-25 14:45:00-05:00,7.181039845659116e-06,-5.929171177302873e-06,-0.00010969487154365721
2019-02-25 15:00:00-05:00,7.365663903064693e-05,-7.046511239851239e-06,-0.00010583026515972655
2019-02-25 15:15:00-05:00,4.495694710223472e-05,3.0689378110942794e-05,-0.0002681485429629943
2019-02-25 15:30:00-05:00,6.075701928383082e-05,4.180212354196245e-05,-0.00030400948915494934
2019-02-26 10:15:00-05:00,-7.500099841738596e-05,1.673912189635119e-05,0.00014094025864933038
2019-02-26 10:30:00-05:00,-9.361488194342385e-05,-3.7504738803663394e-05,-7.843114487716499e-05
2019-02-26 10:45:00-05:00,1.984394293719157e-05,-3.894558853438242e-05,-0.0002571440921167349
2019-02-26 11:00:00-05:00,-0.00016730802532871264,1.171146545114124e-05,-0.00023067544295773485
2019-02-26 11:15:00-05:00,8.243017309754759e-06,5.30977219217217e-05,1.2929367649414497e-06
2019-02-26 11:30:00-05:00,-2.8788498894786603e-05,3.067468224454433e-05,-0.00019794213677638365
2019-02-26 11:45:00-05:00,-3.213874485567403e-05,2.4634848486480527e-05,-0.00014701438435118377
2019-02-26 12:00:00-05:00,5.027374015798195e-05,9.88633783478593e-06,8.481356097775454e-05
2019-02-26 12:15:00-05:00,2.4851902093003497e-06,2.9172938289123204e-05,-0.0002506789677743193
2019-02-26 12:30:00-05:00,6.638217625478414e-05,1.4954169485641799e-05,-7.267829836502591e-05
2019-02-26 12:45:00-05:00,9.370677549518878e-05,-2.8714670938137303e-05,-0.00017009401643224855
2019-02-26 13:00:00-05:00,7.624441371939499e-05,-1.653478625187024e-05,-5.1695087778657226e-05
2019-02-26 13:15:00-05:00,2.4934241929520913e-05,2.4167864549745597e-05,1.3235483953164877e-05
2019-02-26 13:30:00-05:00,-7.166486663452992e-05,-2.122832793238826e-05,-0.00023708897686204873
2019-02-26 13:45:00-05:00,-1.5559162568890652e-06,1.1420504183792339e-05,-0.00016692001170960427
2019-02-26 14:00:00-05:00,2.4302069922598155e-06,-2.7434309624367332e-05,-6.585794905393795e-05
2019-02-26 14:15:00-05:00,4.5790082553822604e-05,-1.1257574447215593e-05,-9.334683001804058e-05
2019-02-26 14:30:00-05:00,4.014753273871817e-05,9.85803432948321e-06,-5.815597349249125e-05
2019-02-26 14:45:00-05:00,-6.467584789867995e-05,-3.548410646756051e-06,-0.00015798386198591626
2019-02-26 15:00:00-05:00,9.844980790488403e-05,2.7730034993315737e-05,7.018113038873045e-05
2019-02-26 15:15:00-05:00,6.40706825183226e-05,1.7271119936581887e-05,-9.18640559531932e-05
2019-02-26 15:30:00-05:00,6.32208644207209e-05,-3.2694922557114862e-06,-0.00012399750764577078
2019-02-27 10:15:00-05:00,6.112000539506921e-05,4.16795070408387e-05,-0.00011289886053583443
2019-02-27 10:30:00-05:00,-0.00017192704696799617,-3.079059749857042e-05,0.00015739880377418602
2019-02-27 10:45:00-05:00,-4.389658908650981e-05,4.8324880696184654e-05,-5.3449832440985476e-05
2019-02-27 11:00:00-05:00,-0.00010690303604538203,-4.022183995041712e-06,0.00013258829382846056
2019-02-27 11:15:00-05:00,-0.00010801513593161983,1.0091135435812917e-05,-1.83016446386019e-05
2019-02-27 11:30:00-05:00,2.7831479715150624e-05,6.637885165589839e-05,-3.311470966653694e-05
2019-02-27 11:45:00-05:00,-8.910818317781465e-05,3.687078140104674e-05,-0.0001396860387476155
2019-02-27 12:00:00-05:00,8.515928112803139e-05,-7.527350241593355e-06,-3.0438235291046892e-05
2019-02-27 12:15:00-05:00,5.2837095639030227e-05,4.429565997854626e-05,-4.9577349058217934e-05
2019-02-27 12:30:00-05:00,8.481939251943955e-05,9.841780087864513e-07,-8.92000935753055e-05
2019-02-27 12:45:00-05:00,-7.458203712260796e-05,-1.1316878822265206e-05,-0.00013015183340373945
2019-02-27 13:00:00-05:00,8.3643324085032e-05,3.7266941908216323e-06,-3.613594407061273e-05
2019-02-27 13:15:00-05:00,3.506895650893503e-05,-6.539578821967628e-06,-7.15071445424959e-05
2019-02-27 13:30:00-05:00,2.830561893007851e-05,-1.2797271176490339e-05,9.611857507627998e-06
2019-02-27 13:45:00-05:00,2.268708129732314e-05,2.58870115278103e-05,-1.6317150682977106e-05
2019-02-27 14:00:00-05:00,1.8598326234033966e-05,3.830495120840803e-06,-3.872187897045929e-05
2019-02-27 14:15:00-05:00,2.655400930723087e-05,5.056546736479561e-05,-0.00011018400304463909
2019-02-27 14:30:00-05:00,3.962929236772696e-05,2.227973346562027e-05,-2.9636807612862818e-05
2019-02-27 14:45:00-05:00,5.4485627611608426e-05,-2.257361921102769e-05,-8.874740988462256e-05
2019-02-27 15:00:00-05:00,8.538341462928259e-05,-5.808765763061672e-06,2.638304880777838e-05
2019-02-27 15:15:00-05:00,8.753847144613094e-05,-2.536437603913223e-06,-5.3899678855946365e-05
2019-02-27 15:30:00-05:00,-2.1421165555944686e-05,-1.2859885457225489e-05,-0.00020112071679395378
2019-02-28 10:15:00-05:00,-3.052289493211942e-05,5.295765522068837e-05,-3.962802446626026e-05
2019-02-28 10:30:00-05:00,-3.104168892994382e-05,-1.28067128902106e-05,-4.7293633631881355e-05
2019-02-28 10:45:00-05:00,-9.25415903426301e-05,-8.447619663237467e-06,-0.0001716079384682902
2019-02-28 11:00:00-05:00,2.6831010876513656e-05,-1.7915743681564153e-05,-0.0002198217117048457
2019-02-28 11:15:00-05:00,1.264701908446554e-05,-3.0206380969011873e-05,1.1478699845877752e-05
2019-02-28 11:30:00-05:00,2.9125202174461275e-05,1.2489037351764761e-05,5.8841888385377735e-05
2019-02-28 11:45:00-05:00,-3.52086398137436e-05,-2.09071888219532e-05,-0.00012341127963206636
2019-02-28 12:00:00-05:00,4.5534319900453595e-05,2.7287172359810405e-06,-6.3805513884296e-05
2019-02-28 12:15:00-05:00,-0.00010475330407247761,2.946709335706702e-05,-0.00011890586394779887
2019-02-28 12:30:00-05:00,-6.583412787791805e-05,4.7675372572557567e-07,9.84495461005628e-06
2019-02-28 12:45:00-05:00,3.931213402097517e-05,4.648678319663504e-05,5.274359674436985e-05
2019-02-28 13:00:00-05:00,5.110013224656095e-05,1.3720732425838616e-05,-6.72303774508192e-05
2019-02-28 13:15:00-05:00,6.241294085124835e-05,4.66997314212638e-06,-8.054088380621648e-05
2019-02-28 13:30:00-05:00,-1.4676787772401045e-05,3.9908108037702894e-05,-0.00018805657870672954
2019-02-28 13:45:00-05:00,6.31243525791025e-05,3.7981941523914295e-05,-0.00010652565246683234
2019-02-28 14:00:00-05:00,9.322073698721926e-05,5.1270373182542555e-05,-3.997836932150033e-05
2019-02-28 14:15:00-05:00,3.324555853844815e-05,2.9454609212006454e-05,-7.933671483346715e-05
2019-02-28 14:30:00-05:00,1.4109895345583137e-05,1.1032895156941128e-05,-0.00011254836716986436
2019-02-28 14:45:00-05:00,-1.44544858323784e-05,1.4173927497206294e-05,-0.0001639535780854181
2019-02-28 15:00:00-05:00,6.101120380637155e-05,-2.618614668262034e-05,-7.713591045691118e-05
2019-02-28 15:15:00-05:00,7.931050418939578e-05,3.941717250135084e-05,-5.279863182986756e-05
2019-02-28 15:30:00-05:00,5.69334638837874e-05,-1.359399841935858e-05,-0.00011552058195128692
2019-03-01 10:15:00-05:00,7.052259276470056e-05,2.6309233267586523e-05,-7.152855597873348e-06
2019-03-01 10:30:00-05:00,3.917892464464749e-05,2.900895244352672e-05,7.566618637325251e-05
2019-03-01 10:45:00-05:00,5.021032917502847e-06,1.887086956556182e-05,-8.873659979541539e-06
2019-03-01 11:00:00-05:00,2.5350749002162413e-05,1.9204635252428217e-06,-0.00019918125941159002
2019-03-01 11:15:00-05:00,-8.536522402868064e-06,2.504373513323978e-05,0.00011090621977197473
2019-03-01 11:30:00-05:00,1.7918089675791912e-05,-3.386583336346115e-05,-0.00014856918101377358
2019-03-01 11:45:00-05:00,3.981999976689717e-06,-5.1460315910505165e-06,8.986326192328135e-06
2019-03-01 12:00:00-05:00,3.3970107219705155e-05,2.9661756948201096e-05,-2.0303278078852637e-05
2019-03-01 12:15:00-05:00,-1.8289865941409033e-05,5.0302361632887726e-05,-0.00011005363813639206
2019-03-01 12:30:00-05:00,3.0475376046085427e-05,3.800673809273133e-05,-0.00012692494202693602
2019-03-01 12:45:00-05:00,-3.58026228014341e-06,3.855797877846298e-05,-5.279703447230381e-05
2019-03-01 13:00:00-05:00,3.4610549170134154e-05,1.0122257178869186e-05,1.3555079798458028e-05
2019-03-01 13:15:00-05:00,-7.04883556457205e-05,1.313572472469341e-05,3.8881939530254576e-05
2019-03-01 13:30:00-05:00,9.154939989485473e-05,2.9153218961831587e-06,4.05039650837145e-06
2019-03-01 13:45:00-05:00,9.073500455789057e-05,8.558021165463359e-06,5.505069649891774e-05
2019-03-01 14:00:00-05:00,3.6283789238964864e-05,1.4987967394722531e-05,-5.640769602102153e-05
2019-03-01 14:15:00-05:00,2.095780004113591e-05,2.4992458571664647e-05,-0.00013545413821696605
2019-03-01 14:30:00-05:00,-6.706903360226303e-05,3.3022953423841745e-05,2.0012359029324825e-06
2019-03-01 14:45:00-05:00,4.783056626185683e-05,-5.546468951594366e-06,-0.00013588288048741373
2019-03-01 15:00:00-05:00,5.4479321087212785e-05,-2.1809911436255866e-05,-1.7951469132129396e-05
2019-03-01 15:15:00-05:00,2.9409309008497015e-05,-1.661027049642979e-05,-8.114153677597979e-05
2019-03-01 15:30:00-05:00,-5.108507005418111e-05,-4.320408100138574e-05,-8.662645199923948e-05
2019-03-04 10:15:00-05:00,-4.418827284039377e-05,-4.4844834970257986e-07,-1.07165228737705e-05
2019-03-04 10:30:00-05:00,0.00011945863604435765,-7.0307471274578686e-06,3.350236116449534e-05
2019-03-04 10:45:00-05:00,2.5769747558302963e-05,-3.1814346190582796e-05,7.486666076750055e-05
2019-03-04 11:00:00-05:00,0.00010825542739689974,6.095854777084926e-05,0.0001146938392013737
2019-03-04 11:15:00-05:00,-1.8381135501255197e-05,4.3393391862552054e-05,7.62793065607607e-05
2019-03-04 11:30:00-05:00,7.910166164867401e-05,2.506178158858208e-05,-7.637260726905559e-05
2019-03-04 11:45:00-05:00,-0.0001248751755822257,-4.236422854339283e-05,5.898617214055737e-05
2019-03-04 12:00:00-05:00,-8.548174846263545e-05,4.865076298016078e-05,0.00021711798749001588
2019-03-04 12:15:00-05:00,-8.071587735749879e-05,-3.5735891748933616e-05,-0.00015843621520692904
2019-03-04 12:30:00-05:00,1.7428456473441287e-05,1.6669390304723385e-05,2.6244695630138817e-05
2019-03-04 12:45:00-05:00,-8.53819631216612e-05,2.5572921922749826e-06,-4.4892608656181326e-05
2019-03-04 13:00:00-05:00,-7.759059293719673e-05,3.381767038286609e-05,-0.00015990888392650426
2019-03-04 13:15:00-05:00,-8.864805159476688e-05,5.911291994047541e-05,3.7883926779205317e-06
2019-03-04 13:30:00-05:00,-9.861587689980852e-05,1.5101220356037614e-05,-0.00010241710552271179
2019-03-04 13:45:00-05:00,-6.327569424193471e-05,-1.8184535327075333e-05,-3.583676192402987e-05
2019-03-04 14:00:00-05:00,9.735407928370518e-06,5.195165151599355e-05,9.20176751238739e-06
2019-03-04 14:15:00-05:00,3.176476187433757e-05,5.359792039943854e-05,-7.93064657707443e-06
2019-03-04 14:30:00-05:00,1.3884014097429175e-05,-1.765220742975301e-05,-0.00011567678524557814
2019-03-04 14:45:00-05:00,-0.00010239421543897029,-4.209363996094173e-05,0.0001137617534508137
2019-03-04 15:00:00-05:00,1.2420564231571173e-05,1.1611016921410465e-05,-0.00013354844330917332
2019-03-04 15:15:00-05:00,-9.697143724368618e-05,3.5444662246160804e-05,-0.00010915534426832544
2019-03-04 15:30:00-05:00,3.7267753189515044e-06,7.444928513230901e-06,-0.0002181820965756277
2019-03-05 10:15:00-05:00,6.474407279916317e-06,-0.00011755370474558949,-0.00012113872217571761
2019-03-05 10:30:00-05:00,1.2807719232758184e-05,2.132256136407977e-05,8.348158528821195e-05
2019-03-05 10:45:00-05:00,2.7480023756783058e-05,-2.775258349270914e-05,-8.026220117168434e-05
2019-03-05 11:00:00-05:00,5.56320387495242e-05,5.69268206611778e-05,1.5509241248994062e-05
2019-03-05 11:15:00-05:00,8.200292200951123e-05,-3.129660168742352e-05,5.5977268419361556e-05
2019-03-05 11:30:00-05:00,-6.293041659399737e-05,-1.3542830957933928e-05,2.2043957545549567e-05
2019-03-05 11:45:00-05:00,-7.66466751393869e-06,-1.4387127705744972e-05,-7.49739191369865e-05
2019-03-05 12:00:00-05:00,-2.293383409536756e-05,-1.640689716774032e-05,-0.00019445968148259414
2019-03-05 12:15:00-05:00,-5.461732009773681e-06,1.2773409439585529e-05,-2.209721541681994e-05
2019-03-05 12:30:00-05:00,-0.0001161771485823107,3.9357167116622796e-05,-0.00017067747617920885
2019-03-05 12:45:00-05:00,-6.779951520224234e-06,4.3290043317704845e-05,-7.843756959472194e-05
2019-03-05 13:00:00-05:00,3.5271801584754785e-05,6.271013558742716e-05,7.271178293571854e-05
2019-03-05 13:15:00-05:00,-9.25628490001727e-06,1.6487348412731622e-05,-2.9696732321009618e-05
2019-03-05 13:30:00-05:00,5.186325235520087e-05,4.8215612779407306e-05,-0.00014136521003145491
2019-03-05 13:45:00-05:00,1.3995461907160592e-05,3.727219326424916e-07,-0.00012701500030047095
2019-03-05 14:00:00-05:00,4.0631041913696124e-05,-3.123116976425895e-05,-6.822487050788438e-05
2019-03-05 14:15:00-05:00,0.00011240319336229535,-4.2745513548977294e-05,-0.0002243321160660589
2019-03-05 14:30:00-05:00,1.3072885836937257e-05,-2.483108998421383e-05,-0.00010267615218433507
2019-03-05 14:45:00-05:00,1.9489633123571828e-05,2.1510812788611415e-05,-6.96290317051635e-05
2019-03-05 15:00:00-05:00,-2.2746983150590147e-05,1.739137362414286e-05,-0.0002185476654795891
2019-03-05 15:15:00-05:00,1.3209040686366883e-05,3.853943367603215e-05,-0.00010576100944946057
2019-03-05 15:30:00-05:00,-1.9370307797293474e-05,1.9752423390065988e-05,-0.00019691053902584082
2019-03-06 10:15:00-05:00,0.00011172824583852242,5.5063203269462295e-05,2.994718149041465e-05
2019-03-06 10:30:00-05:00,-3.43207145164003e-05,3.799678065914509e-05,-3.2018773848220866e-05
2019-03-06 10:45:00-05:00,6.980905215538238e-05,5.7743911933173194e-05,-3.2020560345083676e-05
2019-03-06 11:00:00-05:00,-7.859481046746372e-05,-1.9051493491299567e-05,-0.00016768339279223872
2019-03-06 11:15:00-05:00,5.74942831192692e-05,-0.00013294988841374604,-0.00017435197344208234
2019-03-06 11:30:00-05:00,2.6009880059689905e-05,-3.704160098681949e-05,-6.653695973911191e-05
2019-03-06 11:45:00-05:00,9.174396652006897e-05,2.321840007063541e-05,-0.0003102157115779914
2019-03-06 12:00:00-05:00,-0.00012334980108873859,2.8323948556960283e-05,3.1516315559588654e-05
2019-03-06 12:15:00-05:00,3.243425014526273e-05,-2.5675583788612162e-05,-3.2458492079243055e-05
2019-03-06 12:30:00-05:00,5.02087922400964e-06,-2.992740562450358e-05,-0.0001548322911351147
2019-03-06 12:45:00-05:00,-5.412209953497925e-05,-2.1095191335151665e-05,-6.377228229008779e-05
2019-03-06 13:00:00-05:00,-2.696053845965733e-07,2.6336378826415177e-05,-0.0001296856381323247
2019-03-06 13:15:00-05:00,-0.0001234561240255231,-3.691271010683751e-05,-4.5841227223676835e-05
2019-03-06 13:30:00-05:00,-7.312250577078527e-05,4.909928746217185e-05,-0.00011750605177296846
2019-03-06 13:45:00-05:00,-8.640440414191375e-06,4.556817662972677e-05,-6.0678268432448616e-05
2019-03-06 14:00:00-05:00,8.100043673451832e-07,4.5483822357289224e-05,-0.00017526105189413725
2019-03-06 14:15:00-05:00,-1.1835540584342208e-05,2.288073474012358e-05,-7.819940213923255e-05
2019-03-06 14:30:00-05:00,2.8476397239783693e-05,-1.632843990425631e-05,1.768985060207468e-05
2019-03-06 14:45:00-05:00,-3.014231566367674e-05,-3.0021710651735174e-05,-0.0001503868264646896
2019-03-06 15:00:00-05:00,6.532373073694293e-05,-2.6888895237571622e-05,1.0528229782410258e-06
2019-03-06 15:15:00-05:00,5.938393775286847e-05,-6.446926554379727e-06,-0.00019237283462013942
2019-03-06 15:30:00-05:00,4.3704640435114975e-05,3.74837364849846e-05,-0.00015810438400702188
2019-03-07 10:15:00-05:00,-0.0002442912043850022,-3.3003829198102524e-06,0.0001253835414982645
2019-03-07 10:30:00-05:00,6.454542484071388e-05,-1.2397969243600315e-05,-0.00022385841664143482
2019-03-07 10:45:00-05:00,-0.00012371448710444158,1.1490239401079356e-05,4.141496746458368e-05
2019-03-07 11:00:00-05:00,-2.8204168910025415e-05,-1.7340758710436494e-05,-5.1162061628801836e-05
2019-03-07 11:15:00-05:00,-2.8063511304902716e-05,-1.4434990810813858e-05,4.83205711419966e-05
2019-03-07 11:30:00-05:00,-6.0996307589950486e-06,-1.9709786000173957e-05,1.444329573098091e-05
2019-03-07 11:45:00-05:00,-5.290744619054631e-05,2.5918530121842428e-05,-9.492906571474388e-05
2019-03-07 12:00:00-05:00,9.7268820596119e-05,-2.2024354449577224e-05,-0.00010530894156674691
2019-03-07 12:15:00-05:00,-1.352649524187379e-05,5.510117818489908e-05,-7.993050426046166e-05
2019-03-07 12:30:00-05:00,2.8934843272932227e-05,-4.738083802456838e-06,-0.0001384048336542743
2019-03-07 12:45:00-05:00,-2.372778565345332e-06,-0.00012003248380617801,-2.5609315960696546e-05
2019-03-07 13:00:00-05:00,7.705310300128848e-06,3.437104666506031e-05,1.7371934179081314e-05
2019-03-07 13:15:00-05:00,-4.287204005922272e-05,1.2720233902766752e-05,-0.00015373806039865824
2019-03-07 13:30:00-05:00,7.468172147714097e-05,1.5893947234488646e-05,-4.614366116053933e-05
2019-03-07 13:45:00-05:00,0.00010025786595535297,2.1550979895304108e-05,-1.7884171890221993e-05
2019-03-07 14:00:00-05:00,4.022023072230393e-06,1.4476028938122418e-05,-8.189928024191157e-05
2019-03-07 14:15:00-05:00,-1.3010618549487413e-05,2.1085597510439e-05,-0.00012446896283370898
2019-03-07 14:30:00-05:00,8.235440387123303e-06,-1.0597676929694585e-06,-7.722526609161927e-05
2019-03-07 14:45:00-05:00,8.336148697183573e-05,1.9974701925947415e-05,-7.75097433538758e-06
2019-03-07 15:00:00-05:00,3.859776915216095e-05,-3.3871703596229817e-05,-4.5854931280873135e-05
2019-03-07 15:15:00-05:00,-0.00010127664947912303,2.7307991559662382e-05,-1.1993070622779926e-05
2019-03-07 15:30:00-05:00,4.945999624950458e-05,3.193680797936933e-05,-4.948146297703194e-05
2019-03-08 10:15:00-05:00,4.2614433583400624e-05,-2.7213159729757675e-05,6.0920157228995705e-05
2019-03-08 10:30:00-05:00,3.977458112524552e-05,1.07921296384952e-05,6.72650661213277e-05
2019-03-08 10:45:00-05:00,-0.00021305665566831317,4.342320501197524e-05,-0.00017790134015470744
2019-03-08 11:00:00-05:00,1.6224622619099922e-05,5.038918155470454e-05,2.1373865349754378e-05
2019-03-08 11:15:00-05:00,-1.7131039043335594e-05,3.9695482337707134e-05,0.00013833116331011999
2019-03-08 11:30:00-05:00,-2.9083820813878227e-05,-3.422635802355322e-05,-9.031079503532283e-05
2019-03-08 11:45:00-05:00,2.8251621234387914e-05,-5.5613862103475465e-06,-9.599712698596337e-06
2019-03-08 12:00:00-05:00,-6.216744757276864e-05,2.0880395828542296e-05,-0.00013694510937277461
2019-03-08 12:15:00-05:00,5.558049458127154e-05,-1.59561597033137e-05,-5.785269412573448e-05
2019-03-08 12:30:00-05:00,8.826950932524722e-05,-4.6932630306981925e-05,-0.00016618084531599297
2019-03-08 12:45:00-05:00,9.859647183492054e-06,3.01075766143976e-05,-2.2515604735062557e-05
2019-03-08 13:00:00-05:00,4.833114654780104e-05,-6.448665896398607e-06,0.00017218016861078397
2019-03-08 13:15:00-05:00,3.2700233533049766e-05,6.972746866374054e-06,-8.674859035438787e-05
2019-03-08 13:30:00-05:00,8.104494422956774e-07,-4.070694392405684e-06,-5.507831011769727e-05
2019-03-08 13:45:00-05:00,-5.528899336234315e-05,-4.668774682512454e-06,2.122024381394299e-05
2019-03-08 14:00:00-05:00,3.3344274679275303e-06,-4.0351820634126144e-05,-0.0001112197832944053
2019-03-08 14:15:00-05:00,-6.195446126788945e-05,4.210085610324758e-05,-7.734578716421062e-05
2019-03-08 14:30:00-05:00,-4.786495740820395e-06,-3.1516010000455374e-05,-0.00012134582813777438
2019-03-08 14:45:00-05:00,4.7444604605622724e-05,-3.401135627103282e-05,-0.000228868961621786
2019-03-08 15:00:00-05:00,-2.0493332740420668e-05,-4.6595990316122046e-05,4.420112113135729e-05
2019-03-08 15:15:00-05:00,-8.866785808351391e-05,3.963131694621168e-06,-1.8262446488087996e-05
2019-03-08 15:30:00-05:00,-4.914959375501346e-05,3.9098307886597745e-05,-6.555317272884747e-05
2019-03-11 10:15:00-04:00,-1.1372265818926357e-05,-1.0841474844549979e-05,5.270897516776308e-06
2019-03-11 10:30:00-04:00,-1.598567343486166e-05,6.0833735928806866e-05,0.00016969284445263414
2019-03-11 10:45:00-04:00,-1.3192268580153304e-05,6.094373571163413e-05,-0.00010388546448418274
2019-03-11 11:00:00-04:00,0.00010923482966678588,6.241433730977495e-05,-1.8277337776871968e-05
2019-03-11 11:15:00-04:00,6.463995609158975e-07,-1.7703006321430873e-05,-4.397369844921265e-06
2019-03-11 11:30:00-04:00,9.758658995235494e-05,-1.5727104499061687e-05,0.000122389514178564
2019-03-11 11:45:00-04:00,0.0001157132485568031,2.406837478967156e-06,5.894249140398259e-05
2019-03-11 12:00:00-04:00,9.482394510629258e-06,-2.6518606442696253e-06,3.370256409415044e-05
2019-03-11 12:15:00-04:00,-1.1535634138003299e-06,3.678679483335341e-05,1.4318818247131032e-05
2019-03-11 12:30:00-04:00,5.089945286317484e-05,-3.213127935776468e-05,-7.080095954886818e-05
2019-03-11 12:45:00-04:00,-3.0570969457273235e-05,2.9948935036782964e-05,-6.14292238409567e-05
2019-03-11 13:00:00-04:00,6.951755361592362e-05,5.425666208949795e-06,-0.00010456648808155042
2019-03-11 13:15:00-04:00,-2.1474374038271362e-05,5.857046051860497e-06,-2.741461320336001e-05
2019-03-11 13:30:00-04:00,6.805950347966854e-05,-4.561681689280928e-05,-0.0001954792693175299
2019-03-11 13:45:00-04:00,-2.4332869006560782e-06,2.6020249693285638e-05,-0.00012281817370121733
2019-03-11 14:00:00-04:00,3.7887524265473724e-05,1.3459669129474803e-05,-0.00012946086517147163
2019-03-11 14:15:00-04:00,-3.6336028139930455e-05,1.2290719932510465e-05,1.2972342358908857e-05
2019-03-11 14:30:00-04:00,1.96917589696208e-05,-4.47874725929836e-06,-9.399191414069119e-05
2019-03-11 14:45:00-04:00,-5.303560721980924e-05,-3.8470046341745595e-05,-5.632917708342555e-05
2019-03-11 15:00:00-04:00,5.4572948125357236e-05,1.93946121969149e-05,-0.00021382065541785918
2019-03-11 15:15:00-04:00,2.2318225437553474e-05,5.61985687318105e-05,-0.0001868770088115641
2019-03-11 15:30:00-04:00,9.87696609867992e-05,1.7312501855920695e-05,-0.00019551044984705008
2019-03-12 10:15:00-04:00,3.198511779658523e-05,-6.575303633659216e-06,-8.784619939610974e-06
2019-03-12 10:30:00-04:00,1.2626395147243086e-05,2.7110882221983075e-05,5.616871814714996e-06
2019-03-12 10:45:00-04:00,-3.513449028743169e-06,-7.2209342417727784e-06,0.00012738163940804488
2019-03-12 11:00:00-04:00,-2.85906943508383e-06,3.2907296776687096e-05,-0.00015746936716685509
2019-03-12 11:15:00-04:00,1.2694222416943608e-05,5.6875566546527736e-05,-0.00011352019256405349
2019-03-12 11:30:00-04:00,5.6841705051821634e-05,-1.0679025197439364e-06,5.307298455667298e-05
2019-03-12 11:45:00-04:00,-0.00019903198619054563,5.362969156879293e-05,-0.0002067573580742945
2019-03-12 12:00:00-04:00,-2.414175295485005e-05,-2.8340034270967798e-05,-2.1777976178307162e-05
2019-03-12 12:15:00-04:00,-0.00015771933193030875,2.6843132702134607e-06,-0.00010663957331049606
2019-03-12 12:30:00-04:00,-9.009732081347026e-05,-3.453624176121447e-07,-5.3465741911944806e-05
2019-03-12 12:45:00-04:00,-0.0002303310124653463,3.8263397057734344e-05,-3.6814524347066285e-05
2019-03-12 13:00:00-04:00,-0.00013432337413964965,-2.1084942246810575e-05,-6.531276943653619e-05
2019-03-12 13:15:00-04:00,5.0319382685461225e-05,-1.1552399346041477e-06,-6.833296368620733e-05
2019-03-12 13:30:00-04:00,-7.0763326495807974e-06,7.101490297290596e-05,-7.606085441261598e-05
2019-03-12 13:45:00-04:00,4.814813892998498e-05,-3.465559236798473e-05,-5.319392453489301e-05
2019-03-12 14:00:00-04:00,-3.126134912167148e-05,-6.696249232247853e-06,-7.792816052734932e-05
2019-03-12 14:15:00-04:00,-0.00013202853287396985,-2.6007020778221263e-05,-0.00010027681239405945
2019-03-12 14:30:00-04:00,-1.787315756915614e-05,6.19077546098289e-07,-5.464709394308751e-05
2019-03-12 14:45:00-04:00,-3.137796775413254e-05,-2.395141400607007e-06,-0.00017695178166980506
2019-03-12 15:00:00-04:00,-3.426573297668461e-05,-3.112967565148329e-05,-9.326840818389616e-05
2019-03-12 15:15:00-04:00,1.9170174050937216e-06,1.110284878702848e-05,-8.729014270549326e-05
2019-03-12 15:30:00-04:00,5.7188872928687636e-05,-2.1036391068263063e-06,-0.000249818478445738
2019-03-13 10:15:00-04:00,-0.00010395438742231953,4.3224771376850976e-05,-0.00013488265057984655
2019-03-13 10:30:00-04:00,-2.115032534720451e-06,-8.896384401963857e-07,9.426369196678605e-05
2019-03-13 10:45:00-04:00,-2.936763084023342e-05,1.510988811240857e-06,7.108583359378589e-05
2019-03-13 11:00:00-04:00,5.5555877055837216e-05,5.149022181983051e-05,-0.00015409011140124967
2019-03-13 11:15:00-04:00,-5.977329222648654e-05,5.7589670176863596e-05,-9.506364272637129e-05
2019-03-13 11:30:00-04:00,2.1535638470018865e-05,-1.1650690411511455e-05,4.93170558503082e-05
2019-03-13 11:45:00-04:00,-5.005654254378542e-07,4.32197908099395e-05,-0.00010103250704079205
2019-03-13 12:00:00-04:00,-0.00011311816803871652,-3.290157159745639e-06,-0.0001470729850600825
2019-03-13 12:15:00-04:00,3.6069112058284665e-05,2.166086668113497e-05,-5.8124005325595604e-05
2019-03-13 12:30:00-04:00,4.4346150910005424e-05,2.4418054292975557e-05,-0.00012132289408061659
2019-03-13 12:45:00-04:00,2.0200409583175596e-05,-1.0470437078713691e-05,-0.00012782762053609523
2019-03-13 13:00:00-04:00,2.2919683557477103e-05,-2.540889969015974e-05,-0.00012491058837198706
2019-03-13 13:15:00-04:00,-8.739186383301798e-05,8.93312785921464e-06,-0.00016605301017399721
2019-03-13 13:30:00-04:00,9.016343811021561e-05,5.765033508148041e-05,-2.408686608888662e-05
2019-03-13 13:45:00-04:00,3.961059564106507e-05,-6.246377748741199e-06,-0.0002094634242021572
2019-03-13 14:00:00-04:00,0.00010618873612791961,2.6954526646208685e-06,-4.492733987621479e-05
2019-03-13 14:15:00-04:00,6.695514747353447e-05,1.0545769554259413e-05,8.10309354975077e-06
2019-03-13 14:30:00-04:00,7.487577416707026e-05,-1.910567976688453e-05,-0.00016523975826789581
2019-03-13 14:45:00-04:00,-1.8981613317645233e-05,3.231740926865873e-05,-0.00020205383020885248
2019-03-13 15:00:00-04:00,8.940815827551675e-05,-2.4165099442943148e-05,-0.00020699036362182698
2019-03-13 15:15:00-04:00,7.137236166457452e-05,-1.6273507656482035e-05,-0.00014540998352590798
2019-03-13 15:30:00-04:00,9.903937901549973e-05,3.7538163473262845e-05,-0.00020025156983015046
2019-03-14 10:15:00-04:00,-6.65394731561785e-05,-1.323626420828318e-05,-3.418748479522103e-05
2019-03-14 10:30:00-04:00,2.1045802396635188e-05,-2.894228477606579e-05,-0.00010826281750227386
2019-03-14 10:45:00-04:00,0.00013230372823857262,6.0593499583394805e-06,-6.253617193830188e-05
2019-03-14 11:00:00-04:00,-9.818715877965453e-05,7.492648104597385e-06,-0.00018578167468635088
2019-03-14 11:15:00-04:00,-9.925394523984472e-05,-3.2476336121727624e-05,-0.00012352726483242922
2019-03-14 11:30:00-04:00,-4.151835442812421e-07,4.466866701358847e-05,-7.039297016586572e-05
2019-03-14 11:45:00-04:00,9.936010453571202e-06,3.924267656527808e-05,-0.00016255494998242053
2019-03-14 12:00:00-04:00,-3.275150892151503e-05,3.897154233242713e-05,-0.0001645195770161071
2019-03-14 12:15:00-04:00,-1.8085793289577356e-05,4.3663704865539165e-05,-0.00016545597963550277
2019-03-14 12:30:00-04:00,6.053005838028011e-05,-1.7456660750416536e-05,-0.00020086869220660236
2019-03-14 12:45:00-04:00,3.741921647850104e-05,-2.1010400703883686e-05,-0.00020375699127362723
2019-03-14 13:00:00-04:00,2.1928038961118322e-05,2.2291085691484623e-05,-7.752015151253519e-05
2019-03-14 13:15:00-04:00,-9.539343977941984e-05,4.419562568816823e-05,-4.1881057307839586e-05
2019-03-14 13:30:00-04:00,-2.1799467837090237e-05,4.373630654458954e-05,3.2935157104961265e-05
2019-03-14 13:45:00-04:00,2.5811802704911106e-05,9.67421841140255e-06,-0.00011335986548129078
2019-03-14 14:00:00-04:00,8.653150082851403e-05,6.357268665218416e-05,-0.00017194818676239998
2019-03-14 14:15:00-04:00,-5.356123462639987e-05,-2.669521847701946e-05,-0.00013738184573402264
2019-03-14 14:30:00-04:00,7.247213069468194e-05,1.8568690437503803e-05,-0.00013344957512853673
2019-03-14 14:45:00-04:00,-5.901469780629625e-05,-2.565598351832234e-05,-7.726384563881651e-05
2019-03-14 15:00:00-04:00,-3.949928549702072e-05,3.1167521021210816e-05,-0.00013207169779452135
2019-03-14 15:15:00-04:00,-1.685625552130074e-05,4.412303658855117e-05,-0.00017411690506169333
2019-03-14 15:30:00-04:00,2.6054022519697264e-06,1.7111717512881855e-05,-0.0001807083333544749
2019-03-15 10:15:00-04:00,-9.712641257316806e-06,3.4671127591403345e-05,-0.00023502267730347076
2019-03-15 10:30:00-04:00,5.558728985873012e-05,-6.850838713064448e-06,-7.035681657574493e-06
2019-03-15 10:45:00-04:00,-9.332275716172471e-06,3.29123048360793e-06,-0.00015251780416328895
2019-03-15 11:00:00-04:00,8.807318969404087e-05,1.930506507763664e-05,-0.00012234123490105302
2019-03-15 11:15:00-04:00,0.0001262148189737884,2.9465001819082435e-05,-0.00012864249147326805
2019-03-15 11:30:00-04:00,-9.811055667366422e-06,3.355513629444237e-05,-3.812311843292051e-05
2019-03-15 11:45:00-04:00,5.063361612294799e-05,4.23588971529421e-05,-0.00019274417113336213
2019-03-15 12:00:00-04:00,1.7976162752055853e-05,5.105757915506839e-05,-0.00013141809429092647
2019-03-15 12:15:00-04:00,0.00011529582701895993,-4.275817597557267e-07,-0.00011819017696463491
2019-03-15 12:30:00-04:00,4.552835975007437e-05,4.194457726380197e-05,-0.00020514935711809972
2019-03-15 12:45:00-04:00,-5.034297044745846e-05,2.447239633254282e-05,-8.34133545149566e-05
2019-03-15 13:00:00-04:00,-6.822223364833439e-05,8.990366426107102e-06,-9.213924541568846e-05
2019-03-15 13:15:00-04:00,5.009675395022601e-05,5.8642727440739764e-05,-0.00021246003878289907
2019-03-15 13:30:00-04:00,6.315887206396384e-05,5.924193856600076e-05,-0.00011753557061856898
2019-03-15 13:45:00-04:00,0.00011059018501177987,-2.1138840996057746e-05,-1.1427297125396528e-05
2019-03-15 14:00:00-04:00,0.00010751945793552325,3.8193149876954995e-05,-5.546091717718009e-05
2019-03-15 14:15:00-04:00,4.440347624231839e-05,2.6442982245542818e-05,1.1349918952886325e-05
2019-03-15 14:30:00-04:00,-1.1624859985998286e-05,6.379418432346906e-05,-6.288983751696552e-05
2019-03-15 14:45:00-04:00,5.8266748272527986e-05,1.6178336278564222e-05,-2.4227261839947375e-05
2019-03-15 15:00:00-04:00,2.771610418389478e-05,-1.0693287018509629e-05,-9.28210215663496e-05
2019-03-15 15:15:00-04:00,9.652557655159004e-05,6.1003827728417056e-05,-0.00015201390271176842
2019-03-15 15:30:00-04:00,2.1632103219461843e-05,9.292034383103547e-06,-0.00022228455252780785
2019-03-18 10:15:00-04:00,0.00015328116957754836,1.2143820042540682e-05,-9.970425733836263e-05
2019-03-18 10:30:00-04:00,0.00020414501776987138,1.199091226716336e-05,-3.0411193868562718e-05
2019-03-18 10:45:00-04:00,-0.00010135801351077206,3.546120665981943e-05,-0.00017059671072601246
2019-03-18 11:00:00-04:00,4.059279223186624e-05,2.9810347409304714e-05,-0.00016930795250915084
2019-03-18 11:15:00-04:00,8.781638491821227e-06,7.384092002168651e-06,-0.00021076343893744654
2019-03-18 11:30:00-04:00,0.00010257612134633366,-1.397881166657524e-05,0.00016440440371701595
2019-03-18 11:45:00-04:00,8.478749092135742e-07,2.760009828604295e-05,-2.9057060005174423e-05
2019-03-18 12:00:00-04:00,9.622141525800783e-05,6.080631452862152e-05,8.12158427157344e-05
2019-03-18 12:15:00-04:00,5.4380563228495335e-05,-3.299512439452687e-05,-0.00014752280818253834
2019-03-18 12:30:00-04:00,-0.00011700426415483381,1.952148282785133e-05,-0.00013970799562455273
2019-03-18 12:45:00-04:00,-5.052234027674941e-05,4.097029760844013e-05,-7.753321101284258e-05
2019-03-18 13:00:00-04:00,-0.00014020458390448935,1.730844436989992e-05,2.1463748771317008e-05
2019-03-18 13:15:00-04:00,-2.4552759970268144e-05,1.4111503550628013e-05,-3.9830508359887934e-05
2019-03-18 13:30:00-04:00,1.4905369653397023e-05,3.765751584481681e-07,5.8375355599527806e-05
2019-03-18 13:45:00-04:00,3.9042975420332575e-05,5.5737630921348726e-05,4.7492589290490644e-05
2019-03-18 14:00:00-04:00,1.0480862034657623e-05,3.887828494407877e-05,-9.009114883371304e-05
2019-03-18 14:15:00-04:00,5.468210339351719e-05,1.6308723692559516e-05,-0.00013832378553106897
2019-03-18 14:30:00-04:00,-1.2402788753592743e-05,-1.4342170681424095e-05,-0.0001934141234186207
2019-03-18 14:45:00-04:00,-4.563337010289575e-05,-3.681735033083915e-05,3.3727782524422936e-05
2019-03-18 15:00:00-04:00,7.475307318690527e-05,4.515191851562291e-05,-3.639313083498934e-05
2019-03-18 15:15:00-04:00,3.212033230201522e-05,-1.3790748573279233e-06,-0.0001124398306254834
2019-03-18 15:30:00-04:00,4.3284994259097716e-05,-7.2021941561449805e-06,-3.512634204299618e-05
2019-03-19 10:15:00-04:00,-4.8060692002333784e-06,2.1585538337169273e-05,-2.881388916724379e-06
2019-03-19 10:30:00-04:00,-9.657229684147308e-05,3.275569785896039e-05,-4.2353551493876065e-05
2019-03-19 10:45:00-04:00,-3.918821584054708e-05,5.784928205015162e-05,-6.614125322894472e-05
2019-03-19 11:00:00-04:00,6.59589162808446e-05,2.4566738128737506e-05,-1.93943476969444e-05
2019-03-19 11:15:00-04:00,3.1618913289144216e-05,1.2371711835588555e-05,3.185748369107323e-05
2019-03-19 11:30:00-04:00,-3.488722816555079e-05,-2.6174104779749778e-05,-0.00010275725078780759
2019-03-19 11:45:00-04:00,-6.0888351469895374e-05,4.040644149123787e-05,-4.8451082175279786e-05
2019-03-19 12:00:00-04:00,0.00011028439110340718,4.511780002534633e-05,-0.00021255197428230336
2019-03-19 12:15:00-04:00,-6.830954138073862e-05,5.078889898511132e-05,-0.00014686964849421129
2019-03-19 12:30:00-04:00,1.90654109595347e-05,7.81388175211253e-06,-9.6753816647106e-05
2019-03-19 12:45:00-04:00,2.6150158932553325e-05,4.457144289881293e-05,-9.447510143976865e-07
2019-03-19 13:00:00-04:00,-0.0001648205968646193,5.5638824779575554e-05,-6.372564896443039e-05
2019-03-19 13:15:00-04:00,-0.00015516994493936607,-2.5800243970763165e-05,-4.4855187995357966e-05
2019-03-19 13:30:00-04:00,-0.00017050215555263824,-1.6503393676925082e-05,4.1513122954705317e-05
2019-03-19 13:45:00-04:00,-2.9348885831052013e-06,-3.027212154140223e-05,-0.00010263932373091603
2019-03-19 14:00:00-04:00,9.958073593821624e-06,3.467768261403079e-05,-9.438978146585682e-05
2019-03-19 14:15:00-04:00,3.4533872867992e-05,-7.036533328647575e-06,-0.00021425162280159124
2019-03-19 14:30:00-04:00,-0.00010145672313972482,-5.974469853252756e-06,-4.29956297316109e-05
2019-03-19 14:45:00-04:00,-5.1759341454188956e-05,-1.9250443415728042e-05,-1.4009771354694884e-05
2019-03-19 15:00:00-04:00,7.939946949271135e-05,8.150066372567549e-06,-0.0001747913109587008
2019-03-19 15:15:00-04:00,1.4548764986865261e-05,2.1042531889555226e-05,-0.0001468727003507952
2019-03-19 15:30:00-04:00,5.46789179199517e-05,3.654364694218927e-05,-3.86224780790027e-05
2019-03-20 10:15:00-04:00,-8.182426180716229e-06,-9.829713293790234e-06,-6.355281903116945e-05
2019-03-20 10:30:00-04:00,0.0001086390297744433,4.433547169053926e-05,-6.47548454179957e-05
2019-03-20 10:45:00-04:00,-0.00014635068745098845,-2.279732391876476e-05,-8.163484657711509e-05
2019-03-20 11:00:00-04:00,2.1539980936713596e-05,1.8575106562278797e-06,-0.00015180724797660714
2019-03-20 11:15:00-04:00,-0.00010387678934432727,-1.4962444875824408e-05,-8.077535558350693e-05
2019-03-20 11:30:00-04:00,-0.0001326828895170209,2.254687550019266e-06,8.870289219567562e-05
2019-03-20 11:45:00-04:00,8.703818863633243e-05,3.0739165501726905e-05,-2.4220731665876535e-05
2019-03-20 12:00:00-04:00,6.284982856257801e-05,5.804760684677652e-05,9.080223019506084e-05
2019-03-20 12:15:00-04:00,-2.3861009346150443e-07,-2.8506096547934033e-05,0.00029632908469561257
2019-03-20 12:30:00-04:00,-2.0172590904212343e-05,1.7532268662179954e-05,-0.00012864383702858233
2019-03-20 12:45:00-04:00,8.957287919728583e-05,-2.3058181500161897e-05,-2.6626763085410353e-05
2019-03-20 13:00:00-04:00,-9.48130954225006e-06,3.056081551350547e-05,7.281620563217528e-05
2019-03-20 13:15:00-04:00,1.897198336643982e-05,3.0302658336071063e-06,1.811964393528574e-05
2019-03-20 13:30:00-04:00,-1.0891475187804003e-05,-1.0317656299111478e-05,-0.0002540511766313487
2019-03-20 13:45:00-04:00,-4.9193354422482785e-05,-1.90238280614215e-05,-0.00010611616787825303
2019-03-20 14:00:00-04:00,-0.0003374813644670034,-0.00014389034054572018,1.3287651603861146e-05
2019-03-20 14:15:00-04:00,3.317255152104855e-05,3.8240355031633995e-05,0.0003539759849135956
2019-03-20 14:30:00-04:00,6.678338975226325e-05,-0.00010609536308005775,0.00011516603291009083
2019-03-20 14:45:00-04:00,3.021955308541302e-05,5.102492027495173e-05,0.0001235542085947361
2019-03-20 15:00:00-04:00,-5.5498400207749207e-05,5.431654030586514e-06,-0.00017171895151075215
2019-03-20 15:15:00-04:00,5.401733514765381e-05,4.048949680574072e-05,3.0247682874531986e-05
2019-03-20 15:30:00-04:00,6.374071725259519e-05,3.886910883676086e-05,-0.0002261255172104429
2019-03-21 10:15:00-04:00,0.0001019123168871002,-8.003762624483314e-05,-0.00014970960884924927
2019-03-21 10:30:00-04:00,-6.130292933504529e-06,6.602482871328193e-05,3.4050240298578913e-06
2019-03-21 10:45:00-04:00,6.755620686476811e-05,9.377716923211837e-06,-0.00014261010004440496
2019-03-21 11:00:00-04:00,0.00015482915447546128,7.343865044437016e-06,2.3925311672189287e-05
2019-03-21 11:15:00-04:00,-7.807723820239858e-05,1.5083340190298967e-05,-3.9342195156173553e-05
2019-03-21 11:30:00-04:00,-6.602407433752563e-05,1.293706731726198e-05,-5.69794196932448e-05
2019-03-21 11:45:00-04:00,4.521673459585831e-05,5.715318088048484e-05,-0.00022998223246704303
2019-03-21 12:00:00-04:00,2.793165068814581e-05,2.0235467782505977e-05,-8.813413886353438e-05
2019-03-21 12:15:00-04:00,-1.0474597270474378e-05,7.102238253767292e-05,-0.0001980394099580335
2019-03-21 12:30:00-04:00,4.24755325065729e-05,5.698108115136007e-05,-8.1486847519922e-05
2019-03-21 12:45:00-04:00,-5.125952027694268e-05,-1.2953315629970417e-05,-0.00013151423109897202
2019-03-21 13:00:00-04:00,2.1757259667157986e-05,-4.198518940567538e-06,6.591142363424903e-05
2019-03-21 13:15:00-04:00,-3.358578958425751e-05,-2.525735702988473e-05,-0.0001298965165491845
2019-03-21 13:30:00-04:00,-1.9031954807845392e-06,-2.0804383433055478e-05,-0.000180556611777976
2019-03-21 13:45:00-04:00,-3.9005250299970326e-06,5.2647548095673325e-05,-0.00010368420796341609
2019-03-21 14:00:00-04:00,9.105523594282157e-05,3.297408158604347e-05,-0.00017358915453835114
2019-03-21 14:15:00-04:00,-8.357849311161626e-05,6.5594601654310575e-06,-0.00017686923154987586
2019-03-21 14:30:00-04:00,-7.340540452766595e-06,4.6422197143305355e-06,-0.000148653655402989
2019-03-21 14:45:00-04:00,-1.76921769184113e-05,6.18207463180598e-06,-0.00020751787877453944
2019-03-21 15:00:00-04:00,3.813500275338752e-05,-6.600528061770668e-06,-0.00010120943726172365
2019-03-21 15:15:00-04:00,3.039859160506232e-05,1.415062294473507e-05,-0.0001993286337295084
2019-03-21 15:30:00-04:00,5.1164818365971194e-05,4.8427994429789615e-05,-5.89885589848052e-05
2019-03-22 10:15:00-04:00,4.331422967977382e-05,6.7578425752218946e-06,1.0565660497710553e-05
2019-03-22 10:30:00-04:00,1.668323213185837e-05,5.500141515289129e-05,0.00011085555476100633
2019-03-22 10:45:00-04:00,-8.815538333584446e-05,2.1587213032768775e-05,1.1597103354141764e-05
2019-03-22 11:00:00-04:00,-0.00020439815639073394,-9.978414509712575e-05,-2.9937566447655523e-05
2019-03-22 11:15:00-04:00,-4.8952609293827185e-05,1.3401559293728744e-05,-0.00013985225479132117
2019-03-22 11:30:00-04:00,3.361301674993582e-05,-2.2875807767828273e-05,-0.00017816653583485736
2019-03-22 11:45:00-04:00,4.1013565341848004e-05,2.1603919637424507e-05,7.420878790498624e-05
2019-03-22 12:00:00-04:00,-0.00013431661284099046,-3.5780345584488956e-05,-0.00015682864653328494
2019-03-22 12:15:00-04:00,-0.00023965632984088996,7.221019706982408e-05,6.616154066818442e-05
2019-03-22 12:30:00-04:00,-0.0001077745216008986,1.3256607846037914e-05,-4.535667972930166e-05
2019-03-22 12:45:00-04:00,-4.526735883412392e-05,-3.593280860506682e-05,8.585964377049677e-05
2019-03-22 13:00:00-04:00,2.481407602555724e-05,-3.0499952706120676e-05,-0.0001643472971176593
2019-03-22 13:15:00-04:00,-2.6786223278071553e-05,-7.906488864344054e-05,4.684982036667846e-05
2019-03-22 13:30:00-04:00,-0.0001066543183309827,-0.00010392647411495282,-2.2140633790342197e-05
2019-03-22 13:45:00-04:00,-2.9699270152444328e-05,6.432228547034201e-05,-6.1769253498529e-05
2019-03-22 14:00:00-04:00,-1.6311317054461736e-05,4.423252831194009e-05,2.7030030501056952e-05
2019-03-22 14:15:00-04:00,5.02515953559782e-05,6.068898293823744e-05,2.8206474888173284e-05
2019-03-22 14:30:00-04:00,-6.446604826270841e-05,7.91635826918414e-06,-0.00014322087395803127
2019-03-22 14:45:00-04:00,-2.424483327846224e-05,5.48138671656851e-05,-0.00014563393674456518
2019-03-22 15:00:00-04:00,-2.689932188386349e-05,5.269407185423665e-06,-0.00014692947163910086
2019-03-22 15:15:00-04:00,-0.00017172914218705255,6.448581276276274e-05,0.000155006202133503
2019-03-22 15:30:00-04:00,-1.4356257455701292e-06,2.21080828083028e-06,-7.548195114823909e-05
2019-03-25 10:15:00-04:00,-5.769308024255364e-05,-2.9918441465822866e-05,3.951907368278894e-05
2019-03-25 10:30:00-04:00,4.4955534259429156e-05,-1.800276478261552e-05,-9.13721330669191e-05
2019-03-25 10:45:00-04:00,7.162546691420345e-05,-2.929394816474435e-06,-7.584795558680533e-06
2019-03-25 11:00:00-04:00,6.834636815806657e-06,3.559456108256756e-05,0.00014733718649592053
2019-03-25 11:15:00-04:00,-0.00015657870701275012,-0.00011818814549716796,-2.7705444099218774e-05
2019-03-25 11:30:00-04:00,9.290069367379268e-06,4.029799844410963e-05,6.833530363773101e-06
2019-03-25 11:45:00-04:00,2.1424112538412095e-05,3.120144708378199e-05,-0.00012168943390122092
2019-03-25 12:00:00-04:00,-5.910134628804211e-05,1.879958789423915e-05,0.00017047105899394886
2019-03-25 12:15:00-04:00,8.56919245946389e-06,-2.0273771491032705e-06,-0.00015691301848552288
2019-03-25 12:30:00-04:00,4.840373011467027e-06,-3.726620993192457e-05,3.364276728799746e-05
2019-03-25 12:45:00-04:00,-0.0001292673087378463,5.868601881486655e-05,-6.586817693444043e-05
2019-03-25 13:00:00-04:00,-2.9648823942070613e-05,-1.3228642300563293e-05,-0.00010414817509311902
2019-03-25 13:15:00-04:00,-0.00014183363627505674,-3.154857188379652e-05,0.00014675713555755036
2019-03-25 13:30:00-04:00,-0.00022608944621650706,5.803609863307964e-05,1.9819304505175846e-05
2019-03-25 13:45:00-04:00,2.9002026694591722e-05,-5.279524686517734e-06,2.3877863848570803e-05
2019-03-25 14:00:00-04:00,-0.0002302035737379023,-1.6731884670234197e-05,3.923796098251539e-05
2019-03-25 14:15:00-04:00,-0.00018755713597392657,6.358892869143791e-05,5.145971050613123e-06
2019-03-25 14:30:00-04:00,2.210136814795373e-06,5.4373716782403176e-05,-0.0001794965771484504
2019-03-25 14:45:00-04:00,-0.00012498101881181422,5.98189056822844e-05,2.5246539370783577e-05
2019-03-25 15:00:00-04:00,-0.00029947397694591715,2.632110131736047e-05,7.197896213796097e-05
2019-03-25 15:15:00-04:00,-7.459849530046891e-05,2.7454023203015205e-05,9.886985183574215e-05
2019-03-25 15:30:00-04:00,-0.0001251355996112851,2.8126857096568007e-06,-9.855376836255991e-05
2019-03-26 10:15:00-04:00,8.602752144076884e-06,6.095363747169401e-05,5.4580404033714874e-05
2019-03-26 10:30:00-04:00,-0.00010479599108090506,2.9028508038067236e-05,-8.940587966278451e-05
2019-03-26 10:45:00-04:00,9.881396167111532e-06,8.48513961480893e-05,2.2239586052612643e-05
2019-03-26 11:00:00-04:00,-0.00010057537516438304,6.39656748757238e-06,0.00019163191719473295
2019-03-26 11:15:00-04:00,-9.680230760724566e-05,-2.2191178101000736e-06,-0.00014771616897995817
2019-03-26 11:30:00-04:00,4.186152149119229e-05,4.444127526365472e-06,-8.583518286587191e-05
2019-03-26 11:45:00-04:00,7.2396870983894275e-06,2.594143243855462e-05,-9.604088878815928e-05
2019-03-26 12:00:00-04:00,-0.00012289648429670666,3.768364736491587e-05,-8.124808011205782e-05
2019-03-26 12:15:00-04:00,-7.602272061317456e-05,-1.0676536415298228e-05,2.95908175199629e-05
2019-03-26 12:30:00-04:00,4.3142174151920364e-05,5.449645296723503e-05,-7.08251945660283e-05
2019-03-26 12:45:00-04:00,1.9437513564986585e-05,1.0389244752717074e-05,4.0091336932621736e-05
2019-03-26 13:00:00-04:00,7.027037571178089e-05,-2.253983945409414e-05,5.195887281834645e-06
2019-03-26 13:15:00-04:00,7.503111011369108e-05,7.020216535105876e-06,-0.00014753823604598287
2019-03-26 13:30:00-04:00,-0.00012174847658298252,1.2716053541499456e-05,-0.00015751178947777468
2019-03-26 13:45:00-04:00,-4.424660157100895e-05,9.910397927226606e-06,-0.00016511972631049902
2019-03-26 14:00:00-04:00,-0.00014153951753802086,4.8289829011083113e-05,-9.695627142464183e-05
2019-03-26 14:15:00-04:00,-0.00014967217373986657,-1.765250000796246e-05,-0.00011901031520340424
2019-03-26 14:30:00-04:00,-7.38734152140527e-05,-9.2920802769183e-06,-0.0002724798239543582
2019-03-26 14:45:00-04:00,-0.00014851868225715327,9.084258967660179e-06,-0.00018020263744681497
2019-03-26 15:00:00-04:00,-0.0001462267896576656,5.421418538291491e-05,-0.00019166541012684103
2019-03-26 15:15:00-04:00,-9.01187414989927e-05,2.6102340192151886e-05,3.1438894946274544e-05
2019-03-26 15:30:00-04:00,-0.0003317353332270383,-1.515864302742124e-05,-6.006543573557057e-05
2019-03-27 10:15:00-04:00,-3.944218440346077e-05,5.954195226307541e-05,0.0001878709052689576
2019-03-27 10:30:00-04:00,-9.166171499077e-05,7.286565498771997e-05,0.0001273088588847244
2019-03-27 10:45:00-04:00,-2.673604308781538e-05,2.97123542568757e-05,0.00017224286657399883
2019-03-27 11:00:00-04:00,-8.72713623505811e-05,3.426235701619329e-05,0.00014446586309303666
2019-03-27 11:15:00-04:00,-7.095560653256781e-05,-2.740731032090774e-05,2.1911878056249363e-05
2019-03-27 11:30:00-04:00,-2.9155638188889065e-05,2.9298925622356306e-05,9.240618102060502e-05
2019-03-27 11:45:00-04:00,-0.00016086413192874992,-2.6499460855428087e-05,2.1959820439375493e-05
2019-03-27 12:00:00-04:00,3.3283251337312026e-05,-2.0434349513808464e-05,7.641722992457577e-05
2019-03-27 12:15:00-04:00,0.00011568284319674198,1.1903437740470837e-05,0.0001495373913430767
2019-03-27 12:30:00-04:00,-0.0001361083149919186,-2.9719353167578303e-05,-6.057940398821707e-06
2019-03-27 12:45:00-04:00,-3.308047483892265e-05,2.6886268932170563e-05,-6.19224627604178e-05
2019-03-27 13:00:00-04:00,-5.098556756903011e-05,-2.2161096462659953e-05,-9.320066906911955e-05
2019-03-27 13:15:00-04:00,-0.00014386744822142552,1.570336263436496e-05,9.98086909814525e-05
2019-03-27 13:30:00-04:00,8.794656048937654e-05,4.942284762269007e-05,0.0001403074099512214
2019-03-27 13:45:00-04:00,-9.875040192592676e-05,5.1076117741060564e-05,-0.000180112535912085
2019-03-27 14:00:00-04:00,-6.389037770509986e-05,4.819729999562974e-05,-0.00014725716544980894
2019-03-27 14:15:00-04:00,6.539040261676189e-05,-5.457119601876532e-06,1.5404626333880363e-05
2019-03-27 14:30:00-04:00,-0.00011234765117810864,8.900523872509449e-06,-0.00022931043821454583
2019-03-27 14:45:00-04:00,-4.513505169405862e-05,2.3030645089342148e-05,-9.86359026477149e-05
2019-03-27 15:00:00-04:00,-4.475263785485357e-05,5.244842100694375e-05,8.399906136674186e-06
2019-03-27 15:15:00-04:00,4.281823579944234e-05,-8.808147137138612e-06,-6.080597455940548e-05
2019-03-27 15:30:00-04:00,-9.892548846008915e-05,4.816181377600036e-05,-1.0071100560783436e-05
2019-03-28 10:15:00-04:00,-0.00022880771676766682,-2.617509897055084e-06,2.5907434100592808e-05
2019-03-28 10:30:00-04:00,-0.00013360512112584947,4.9238536501261204e-06,0.00015615697283226146
2019-03-28 10:45:00-04:00,7.992524151094722e-05,2.4849837225136548e-05,-8.939049433759862e-05
2019-03-28 11:00:00-04:00,0.00010778385582033983,2.0059640418222897e-06,0.00013570537552360474
2019-03-28 11:15:00-04:00,5.233132020249237e-05,4.765122313132374e-05,-2.354510386984971e-05
2019-03-28 11:30:00-04:00,-2.9314390870495446e-05,6.55575636731784e-05,5.7096516658436516e-05
2019-03-28 11:45:00-04:00,2.738149150642888e-05,2.191852887960669e-05,-3.169159835165451e-06
2019-03-28 12:00:00-04:00,-2.221571784393531e-05,1.688506681644733e-05,0.00010745753424533406
2019-03-28 12:15:00-04:00,-9.82531547034119e-05,-5.7495567257263295e-06,-0.00012997863085545118
2019-03-28 12:30:00-04:00,-0.0001466428921402223,1.971852680508975e-05,4.2701232591222985e-05
2019-03-28 12:45:00-04:00,-9.836605361646858e-05,-9.385969505471563e-06,-2.1268308313145078e-05
2019-03-28 13:00:00-04:00,-5.092668538867876e-05,-8.562105545337658e-06,7.789547335403255e-05
2019-03-28 13:15:00-04:00,8.07683929116732e-06,2.293257672397215e-05,-0.00011596379061989567
2019-03-28 13:30:00-04:00,-0.00011477133512116959,5.025717348457664e-06,-0.0001621249650674977
2019-03-28 13:45:00-04:00,-4.732755256513088e-05,7.756790101659752e-06,1.5306658256555826e-05
2019-03-28 14:00:00-04:00,-1.0401260945504194e-05,3.0344626999188408e-05,2.246323859848364e-06
2019-03-28 14:15:00-04:00,-8.716334125663411e-05,2.0717071700066127e-05,-3.846152847173685e-05
2019-03-28 14:30:00-04:00,-5.937359850654345e-06,-1.3592582767727206e-05,5.451139813788517e-05
2019-03-28 14:45:00-04:00,6.369544571971968e-06,-4.2977710756138515e-06,-0.00010398433272952625
2019-03-28 15:00:00-04:00,-2.9640643796476915e-05,2.7042459815213763e-05,-0.00013702724597409018
2019-03-28 15:15:00-04:00,5.265098449858653e-05,1.0157087490952965e-05,-5.3573937821082284e-05
2019-03-28 15:30:00-04:00,7.943979446288454e-05,2.7961917775846553e-06,-0.00016724293859622275
2019-03-29 10:15:00-04:00,-0.00015371029068058292,5.638565393040368e-05,-0.0001922677640588861
2019-03-29 10:30:00-04:00,-6.389205499207122e-06,-2.1988331356112142e-05,9.424505612907111e-05
2019-03-29 10:45:00-04:00,-3.1584341995030746e-05,-4.568395425562661e-06,-7.528728438258297e-05
2019-03-29 11:00:00-04:00,2.956780870148819e-05,5.069764903093015e-05,-0.00013379825807141973
2019-03-29 11:15:00-04:00,1.765652962136545e-05,5.860734281147236e-05,0.0001322783464731574
2019-03-29 11:30:00-04:00,2.0074054784070084e-05,2.5806069244980894e-05,0.00011960534811200491
2019-03-29 11:45:00-04:00,7.916947192888384e-05,1.3873029985843004e-05,-0.00011617753192790841
2019-03-29 12:00:00-04:00,0.00014285635371740174,-2.602489113855754e-05,-2.3391519023735825e-05
2019-03-29 12:15:00-04:00,-5.307806910902646e-06,-3.821150087288303e-06,-0.0002482727212468619
2019-03-29 12:30:00-04:00,-1.0780807856325284e-05,6.136424229900956e-06,-1.933607152889836e-05
2019-03-29 12:45:00-04:00,6.183517892474813e-05,2.4327676468446298e-05,-0.00013757421790246493
2019-03-29 13:00:00-04:00,5.331479394302974e-05,1.7239810255134026e-05,-0.00012583328469566258
2019-03-29 13:15:00-04:00,4.072010344542292e-05,4.16721072046381e-05,-1.3691788796687662e-05
2019-03-29 13:30:00-04:00,3.808818535049283e-05,-2.055182088028905e-05,1.3718915625249785e-05
2019-03-29 13:45:00-04:00,-6.0505420725922137e-05,6.479763590359973e-06,-8.916378611282958e-05
2019-03-29 14:00:00-04:00,9.246579801092506e-05,-1.8997127373499936e-05,-0.0002096042013973284
2019-03-29 14:15:00-04:00,-2.854188865421005e-07,2.132758159704661e-05,-0.00015218526364848265
2019-03-29 14:30:00-04:00,9.290852182991938e-05,5.340997145448454e-05,-3.522097558030106e-05
2019-03-29 14:45:00-04:00,8.078898407357171e-05,4.635803016530989e-05,-8.900795339139304e-05
2019-03-29 15:00:00-04:00,-1.8886576882807764e-05,-2.5454098138530343e-05,-5.334175314253131e-05
2019-03-29 15:15:00-04:00,3.6576141232335746e-05,-1.001231164505498e-05,-0.00014546558982161178
2019-03-29 15:30:00-04:00,-2.8258849546704814e-05,2.749220573451669e-05,-0.00012493617832905825
2019-04-01 10:15:00-04:00,-0.00015479295520945627,5.81817084363822e-05,-2.588311575911302e-05
2019-04-01 10:30:00-04:00,-0.00015475132136964025,4.678587661846238e-05,-3.844331164670636e-05
2019-04-01 10:45:00-04:00,-8.746574398938411e-05,-1.9255149520318027e-05,-8.521012760797187e-05
2019-04-01 11:00:00-04:00,0.00015825064413674887,3.910183401716881e-05,2.1070140037066945e-07
2019-04-01 11:15:00-04:00,-6.7590453101966e-05,4.6722438111477846e-05,-0.00013722365365227872
2019-04-01 11:30:00-04:00,-1.8447016626761635e-05,5.936454654861839e-05,-2.9138189432219596e-05
2019-04-01 11:45:00-04:00,-0.00012797969499009742,4.005060495356572e-05,-5.087240667340025e-05
2019-04-01 12:00:00-04:00,8.806155735299834e-05,3.569107768491229e-05,-9.924790393547594e-05
2019-04-01 12:15:00-04:00,-3.065059794720359e-05,3.8787853645646066e-05,-0.00021291144709981836
2019-04-01 12:30:00-04:00,-8.56970243408156e-05,5.961732859097091e-05,-0.00016365378903152424
2019-04-01 12:45:00-04:00,-5.368585459907442e-05,-1.2129487285729752e-05,-0.00010680574777777841
2019-04-01 13:00:00-04:00,3.8050738244250585e-05,4.288315297141928e-05,-5.9268987583655895e-05
2019-04-01 13:15:00-04:00,-0.00014901611126637602,-2.1788321820477386e-06,-4.651041508413742e-05
2019-04-01 13:30:00-04:00,2.4817556261701482e-05,3.684732720806655e-05,-1.782829100002868e-05
2019-04-01 13:45:00-04:00,8.989030744779852e-05,-1.65728640952455e-05,-8.456513553825274e-05
2019-04-01 14:00:00-04:00,5.638017259371614e-05,-1.657304146521494e-05,-7.845111753945938e-05
2019-04-01 14:15:00-04:00,-3.0503553124063926e-06,7.197211238872736e-06,-0.00011971539526335819
2019-04-01 14:30:00-04:00,9.32786768087167e-05,-2.7205836722640834e-05,-4.020707955656813e-05
2019-04-01 14:45:00-04:00,-4.2273064146980974e-05,1.719739351821274e-05,-7.942669664051341e-06
2019-04-01 15:00:00-04:00,0.0001187707295040578,-2.178684340422655e-05,-0.00011311736342447154
2019-04-01 15:15:00-04:00,3.541581482480724e-05,4.180927423337035e-05,-9.95426641915923e-05
2019-04-01 15:30:00-04:00,1.2991992994704822e-05,1.5702855366151908e-05,-8.758836371807718e-05
2019-04-02 10:15:00-04:00,8.254808723152483e-05,-1.4345622132798256e-06,-2.411043972971311e-05
2019-04-02 10:30:00-04:00,-6.463563670339423e-05,-8.753909851363768e-06,-8.40128959394841e-05
2019-04-02 10:45:00-04:00,-1.0704144585459924e-05,6.499117794951944e-07,-0.00016636028929398346
2019-04-02 11:00:00-04:00,7.251252171920176e-05,1.508810038146117e-05,-0.00013980119729000486
2019-04-02 11:15:00-04:00,-4.2709714605904616e-05,-3.920115817598297e-05,-5.358094906914872e-05
2019-04-02 11:30:00-04:00,5.157804781009953e-06,5.189600965480241e-05,3.631906226505809e-05
2019-04-02 11:45:00-04:00,6.403687860782873e-05,3.737692541640047e-05,4.0838151665410736e-06
2019-04-02 12:00:00-04:00,1.2322150715915461e-05,-2.632780719822742e-05,-0.00017914187924617685
2019-04-02 12:15:00-04:00,4.3005395140190823e-05,-1.0685807127631e-05,-0.00011208560561054948
2019-04-02 12:30:00-04:00,8.007849790645888e-05,-3.2932263773110487e-05,-2.726891913996347e-05
2019-04-02 12:45:00-04:00,2.267260132025068e-05,1.546980518320609e-05,-0.00015757891339449376
2019-04-02 13:00:00-04:00,3.9883672722798295e-05,6.128957646642317e-05,-0.0001264343724825884
2019-04-02 13:15:00-04:00,2.2258480234115792e-05,1.8871657574639132e-05,-0.00013681664248327646
2019-04-02 13:30:00-04:00,9.494009997277325e-05,-2.5323804469474253e-05,-0.0001808659422571542
2019-04-02 13:45:00-04:00,3.2468621979278447e-05,3.6659010672126576e-05,-0.0002037482980527803
2019-04-02 14:00:00-04:00,0.0001114465496744635,1.2539542079492191e-05,-7.326440733710644e-05
2019-04-02 14:15:00-04:00,4.884189011952394e-05,-8.418025781242696e-07,-0.00011919629083529075
2019-04-02 14:30:00-04:00,-2.1641387757179276e-05,-1.6435955454135294e-06,-0.0001147950915194153
2019-04-02 14:45:00-04:00,-9.203580923194692e-06,4.5711447249496976e-05,-0.00019733296928198466
2019-04-02 15:00:00-04:00,8.203835484940923e-05,1.6644403412665609e-06,-9.671207635117864e-05
2019-04-02 15:15:00-04:00,-8.952910286872088e-05,-2.1429374297420834e-07,-0.00021094493051456323
2019-04-02 15:30:00-04:00,6.564499390281329e-05,5.7483572141460855e-05,-0.00013932790894221312
2019-04-03 10:15:00-04:00,2.5899808605034558e-05,-1.7908849870674007e-05,-8.374373330162118e-05
2019-04-03 10:30:00-04:00,-5.8823133409509936e-05,3.367097798331728e-06,-1.647487784133046e-05
2019-04-03 10:45:00-04:00,-0.0001212239405201117,4.887167398747016e-05,-8.456434538218859e-05
2019-04-03 11:00:00-04:00,-5.045820823581699e-06,2.3440291038634003e-06,-2.8912444126432405e-05
2019-04-03 11:15:00-04:00,-2.6035216626770908e-05,5.622770405804652e-05,-0.0001624565843740515
2019-04-03 11:30:00-04:00,-8.389305454569736e-05,-1.801573960875676e-05,-8.819853193692433e-05
2019-04-03 11:45:00-04:00,1.9119258795897135e-05,3.844243844668619e-05,-0.00012632666386246314
2019-04-03 12:00:00-04:00,-3.860974905340781e-05,-1.104294750951273e-05,-0.00023384282734115216
2019-04-03 12:15:00-04:00,1.5782378845694494e-06,7.917693782148505e-07,-4.706009781753836e-05
2019-04-03 12:30:00-04:00,-1.000309745523295e-05,-3.791250719556042e-06,-0.0001227716667808494
2019-04-03 12:45:00-04:00,-8.020838176645482e-05,2.062213114601112e-05,-0.0002811581758932281
2019-04-03 13:00:00-04:00,-9.627211890149462e-05,4.6609388382057804e-05,-4.5042639370517305e-05
2019-04-03 13:15:00-04:00,6.700656048741087e-05,2.5722525878520223e-05,-0.0001893731237498062
2019-04-03 13:30:00-04:00,-8.505502199448774e-05,2.4071887376621004e-06,-0.00014255248244431437
2019-04-03 13:45:00-04:00,2.7320733983016844e-05,4.632797223851668e-05,-0.00014457205804447332
2019-04-03 14:00:00-04:00,-3.9993328559643774e-05,-1.544295343556079e-05,-5.4055318335561765e-05
2019-04-03 14:15:00-04:00,-1.530046997743758e-06,-0.00010758233517508726,-0.00011812096966645446
2019-04-03 14:30:00-04:00,-0.0001274098056582108,7.186978106244622e-06,-0.00021864621102293832
2019-04-03 14:45:00-04:00,-6.82254300414216e-05,-1.0797581871489415e-05,-0.00010893148935943328
2019-04-03 15:00:00-04:00,-8.911641565995461e-05,-6.892382419051732e-06,-0.0002309516348394284
2019-04-03 15:15:00-04:00,-8.637210601109054e-05,5.497714178678231e-05,-0.0002185610408818544
2019-04-03 15:30:00-04:00,7.747314059548421e-06,-9.573162764477031e-06,-0.00014318285696191958
2019-04-04 10:15:00-04:00,5.617793955680675e-05,-3.2276040326990987e-06,-0.00010897537860974977
2019-04-04 10:30:00-04:00,1.1356763564316531e-05,5.220025462886022e-05,3.7503474278894707e-06
2019-04-04 10:45:00-04:00,-6.716843922248957e-05,5.60722669281891e-05,-4.3013923112428555e-05
2019-04-04 11:00:00-04:00,4.0787336124473125e-05,-4.967243640989287e-06,2.667121243904044e-05
2019-04-04 11:15:00-04:00,0.00011417576819700225,4.951261104226379e-05,-0.00020427912428317162
2019-04-04 11:30:00-04:00,-3.413919579271907e-06,-3.2871837630649274e-05,-7.3372721699886e-05
2019-04-04 11:45:00-04:00,1.1344621331984734e-05,-2.3485546099042532e-05,-0.00016345952094757785
2019-04-04 12:00:00-04:00,-5.357289448037778e-05,-3.375312037408218e-05,-0.00012734829015422785
2019-04-04 12:15:00-04:00,-0.00013127104202540456,5.6904389342376186e-05,-9.301944791209417e-05
2019-04-04 12:30:00-04:00,9.742166170069637e-05,6.305854566153335e-05,-0.00010623939549059299
2019-04-04 12:45:00-04:00,1.227381731891157e-05,6.5071869501055755e-06,-7.832131383920324e-05
2019-04-04 13:00:00-04:00,3.525665788496052e-06,5.514606924364822e-05,-0.0001473622966911722
2019-04-04 13:15:00-04:00,-2.4248252638218724e-05,4.6174928138223594e-05,-6.620868557694333e-05
2019-04-04 13:30:00-04:00,-1.68488301455792e-05,5.831622654689595e-06,-0.00014371580893302068
2019-04-04 13:45:00-04:00,7.030740813472873e-05,3.686330088151849e-05,-0.00014940525596153492
2019-04-04 14:00:00-04:00,2.1283958326405152e-05,6.823931556570963e-05,-0.00014858570501584937
2019-04-04 14:15:00-04:00,-5.0502286555441985e-05,3.9121738832049164e-05,-0.00020119789864933552
2019-04-04 14:30:00-04:00,-3.567358581046941e-05,4.710277266381463e-05,-6.688530650184366e-05
2019-04-04 14:45:00-04:00,-0.00010486836183316468,3.699092313913429e-05,-7.384270764602378e-05
2019-04-04 15:00:00-04:00,-4.092300852046674e-06,3.8175633941817965e-05,-0.00011908170665092002
2019-04-04 15:15:00-04:00,-5.411849428122543e-06,-0.00010622247913885419,-0.0001320483878818825
2019-04-04 15:30:00-04:00,-5.7090110157932124e-05,4.6388321886740844e-05,-0.0001227836596803859
2019-04-05 10:15:00-04:00,-3.068026131870259e-06,-3.514699009946617e-05,-1.900140666673488e-05
2019-04-05 10:30:00-04:00,8.648494660449445e-05,1.791860167138284e-05,5.979103432253316e-05
2019-04-05 10:45:00-04:00,7.442982905509626e-06,4.2932696169114084e-05,0.0001331377193691983
2019-04-05 11:00:00-04:00,-6.230884372547311e-05,3.2143246424784245e-05,-3.13061662997911e-05
2019-04-05 11:15:00-04:00,1.8183804898524803e-05,8.154562515418296e-06,-1.4467789446077597e-05
2019-04-05 11:30:00-04:00,2.7121168234471726e-05,4.2068347829919596e-05,-6.077396018975149e-05
2019-04-05 11:45:00-04:00,7.622974647892647e-05,-7.656677653241602e-06,-9.283033638800257e-05
2019-04-05 12:00:00-04:00,-1.1726945106073506e-06,-8.658348838943077e-06,-3.615996904710779e-05
2019-04-05 12:15:00-04:00,3.072032117311573e-05,1.510250706771218e-05,-5.199444334472285e-05
2019-04-05 12:30:00-04:00,-1.994388302907748e-05,-5.5096634282664315e-06,1.2603772173041689e-05
2019-04-05 12:45:00-04:00,6.004798393820786e-06,-3.291231482156269e-05,-0.00019629854492451406
2019-04-05 13:00:00-04:00,0.000107263493343712,1.2317190791496022e-06,-0.0002002174048455116
2019-04-05 13:15:00-04:00,-1.8501912067301717e-05,-4.411444191852889e-06,-0.000124136312791274
2019-04-05 13:30:00-04:00,6.298145391957455e-05,4.057653211614227e-06,-9.58697238996336e-05
2019-04-05 13:45:00-04:00,7.440951191473674e-05,1.350542912593005e-07,-9.367902496739121e-05
2019-04-05 14:00:00-04:00,0.00010851030588931619,2.827091048095238e-05,-0.00013479702524050988
2019-04-05 14:15:00-04:00,-1.1995462400163902e-05,2.1038780160379578e-05,-0.00016287791784870358
2019-04-05 14:30:00-04:00,8.414629637174704e-05,4.871785324836211e-05,-0.00013539504699745285
2019-04-05 14:45:00-04:00,1.2235636151873513e-05,2.907557909896941e-05,-0.00013485451231938934
2019-04-05 15:00:00-04:00,-7.115877053070001e-06,-2.3356745671614876e-05,-0.00013077147638861216
2019-04-05 15:15:00-04:00,7.362874933917592e-05,-3.539019243779354e-06,-9.234738390722527e-05
2019-04-05 15:30:00-04:00,-3.3318027683841725e-05,5.497296887654586e-05,-0.00023961875880195303
2019-04-08 10:15:00-04:00,-6.790704420410453e-05,1.4323405441014719e-05,-0.00021916640787621278
2019-04-08 10:30:00-04:00,4.099630793541836e-05,-1.9806281154739223e-06,2.8175774905953255e-05
2019-04-08 10:45:00-04:00,0.0001338345300533578,-1.7707911282157392e-05,-0.00018185570566079003
2019-04-08 11:00:00-04:00,5.1711148702684084e-05,6.432972496648127e-05,-0.00021512560144514562
2019-04-08 11:15:00-04:00,-9.278071743585251e-05,5.207650714347458e-05,-0.0001788095678698126
2019-04-08 11:30:00-04:00,-1.679318908130225e-06,2.818326419394384e-05,-0.00010477008191839572
2019-04-08 11:45:00-04:00,5.6490312132449244e-05,2.0544239405076284e-05,-0.0001710297621275365
2019-04-08 12:00:00-04:00,7.7517724386675e-05,4.2005443868832127e-05,-0.00021579768622579846
2019-04-08 12:15:00-04:00,-0.00010855914564174831,1.2237145223649916e-06,-0.00019045698671040073
2019-04-08 12:30:00-04:00,-5.52391481561082e-05,1.5147961496189652e-05,-6.66984420440935e-05
2019-04-08 12:45:00-04:00,-8.987840955184359e-06,-2.6839162875300312e-05,-0.0002222075028184126
2019-04-08 13:00:00-04:00,7.294081560957768e-05,-5.710954510982604e-06,-0.00025895285253232247
2019-04-08 13:15:00-04:00,-5.131714052494632e-05,2.7619344725634407e-06,-0.0001306014141224258
2019-04-08 13:30:00-04:00,-1.4218310564547674e-05,3.010432402044468e-05,-8.898601217449259e-05
2019-04-08 13:45:00-04:00,8.035535259772281e-05,7.3684127264990805e-06,-0.00010683539787458208
2019-04-08 14:00:00-04:00,0.00010707690497832785,4.4219232832175846e-05,-0.0001628404187818102
2019-04-08 14:15:00-04:00,7.084479669801351e-05,3.647023163530121e-05,-0.0002148654132250706
2019-04-08 14:30:00-04:00,6.985091661987793e-05,-2.3804327069649804e-05,-0.00014945614376189428
2019-04-08 14:45:00-04:00,-4.1422416049930074e-05,3.006377944640322e-06,-3.361243658343467e-05
2019-04-08 15:00:00-04:00,7.922639138634426e-05,5.442257689913439e-05,-4.030579964074934e-05
2019-04-08 15:15:00-04:00,3.1795306472121684e-05,-1.5153459915091536e-05,-5.834424920182283e-05
2019-04-08 15:30:00-04:00,9.178740281883834e-05,-2.796136393407283e-06,-0.00012566158402706117
2019-04-09 10:15:00-04:00,5.982099543805166e-05,5.335639136224933e-06,-0.00014728427822208618
2019-04-09 10:30:00-04:00,8.203934346540268e-05,4.0687850044723235e-05,-4.775796265924007e-05
2019-04-09 10:45:00-04:00,1.21948543262387e-05,3.9071376420570426e-05,-0.0001350017136642109
2019-04-09 11:00:00-04:00,-3.630525806004947e-05,6.705912202147339e-05,-3.46703435206011e-05
2019-04-09 11:15:00-04:00,4.731439885701564e-06,4.313035788536581e-05,-0.00019164464148585956
2019-04-09 11:30:00-04:00,-7.382688982154172e-05,5.066304360169247e-05,-0.00029796679384711954
2019-04-09 11:45:00-04:00,-0.00011408798309918484,6.954283615258751e-05,4.858487463511043e-06
2019-04-09 12:00:00-04:00,-9.83097705835711e-05,4.853240182114738e-05,-8.81076490908709e-05
2019-04-09 12:15:00-04:00,-8.346640006234037e-05,9.834862901412241e-06,-2.0620102631594618e-05
2019-04-09 12:30:00-04:00,5.4361591728177535e-05,1.056189171242712e-05,-4.956328105505398e-05
2019-04-09 12:45:00-04:00,-3.9345758231040465e-05,5.789439405386674e-05,-4.191649659033098e-05
2019-04-09 13:00:00-04:00,-0.00010208189409865469,3.086790033552846e-05,-0.00011463259684359969
2019-04-09 13:15:00-04:00,-0.00012779559894807437,-1.7850084022198884e-05,-6.967011805903351e-05
2019-04-09 13:30:00-04:00,-4.5247036623444385e-05,-2.5628927677928876e-05,-0.00010903083183570162
2019-04-09 13:45:00-04:00,-0.00019112335478817954,2.8053020908136236e-05,-0.0001815929996538197
2019-04-09 14:00:00-04:00,7.091943190939627e-05,3.0000775675969166e-05,-9.030286041968646e-05
2019-04-09 14:15:00-04:00,-0.00013825989418290982,3.698411278971601e-05,-0.00010568407939465597
2019-04-09 14:30:00-04:00,-8.563933372896657e-05,6.31559154609163e-05,-9.512238863321997e-05
2019-04-09 14:45:00-04:00,0.00011083331816445094,-4.003984704749653e-06,-9.825220543726574e-05
2019-04-09 15:00:00-04:00,-1.0318188231736587e-05,4.3509763862555406e-06,-0.0001804252388927159
2019-04-09 15:15:00-04:00,-2.5812387009229313e-05,2.937760307209077e-05,-8.584060347060911e-05
2019-04-09 15:30:00-04:00,1.2349506407200796e-06,1.0273834210050123e-05,-7.527652542659904e-05
2019-04-10 10:15:00-04:00,-4.298463782667174e-05,-1.7471136392291103e-05,-5.612021140033797e-05
2019-04-10 10:30:00-04:00,-2.1232056964355636e-06,4.249579064686849e-05,4.784697470047413e-05
2019-04-10 10:45:00-04:00,-1.5281986198060896e-05,8.225283262296423e-06,-6.052273209355453e-05
2019-04-10 11:00:00-04:00,7.980153749151702e-05,5.3799091920358326e-05,-4.448314156596391e-05
2019-04-10 11:15:00-04:00,-0.00013340288825733617,2.767752425035559e-05,-0.00012726732023579377
2019-04-10 11:30:00-04:00,5.332334714924786e-05,4.154157987375862e-05,-0.00010654795501787303
2019-04-10 11:45:00-04:00,-2.6641903201341413e-05,-5.38707440621548e-06,-0.00022138211172144858
2019-04-10 12:00:00-04:00,3.946712407349124e-05,5.84738554261849e-05,1.088031883090806e-05
2019-04-10 12:15:00-04:00,8.321119810012909e-05,-1.168639905538986e-05,-0.000157265688349408
2019-04-10 12:30:00-04:00,5.4940295722731004e-05,4.110935088237375e-05,-0.00010574716933946018
2019-04-10 12:45:00-04:00,6.63210845016496e-05,1.785389689014529e-05,-0.00019928264598934384
2019-04-10 13:00:00-04:00,1.945159201960934e-05,2.516695299872107e-05,-9.3468529836518e-05
2019-04-10 13:15:00-04:00,7.545373096015506e-05,-3.873203002496507e-06,-8.718147072987712e-05
2019-04-10 13:30:00-04:00,8.198899271860793e-05,8.141425028661015e-06,-0.00019037718431207077
2019-04-10 13:45:00-04:00,-6.608830065028982e-06,4.0269194842298095e-05,-0.0001511007446701646
2019-04-10 14:00:00-04:00,0.00010180431267084618,3.0432914046633937e-05,-6.39956356096401e-05
2019-04-10 14:15:00-04:00,6.125514353127405e-05,3.2377061640160456e-05,-0.00015541547894077962
2019-04-10 14:30:00-04:00,-4.105991014452294e-05,4.292662883850581e-05,-0.00017116919011538493
2019-04-10 14:45:00-04:00,4.593122536039158e-05,6.149638114343022e-05,-0.00019552317588780057
2019-04-10 15:00:00-04:00,1.3583167423399594e-05,1.3451982247949549e-05,-3.7250000971761155e-05
2019-04-10 15:15:00-04:00,2.5393144446947795e-06,4.598598026464476e-05,-0.0001255669242287129
2019-04-10 15:30:00-04:00,0.00012902065553464093,6.727335317220756e-06,-8.440035941562182e-05
2019-04-11 10:15:00-04:00,3.979591536225035e-06,-7.574820360074344e-06,9.706727610974012e-05
2019-04-11 10:30:00-04:00,2.791918582235496e-05,1.0568142850666651e-06,-6.579281121990695e-05
2019-04-11 10:45:00-04:00,-2.9362903548575574e-05,2.9483883684732186e-05,-3.1565431393031046e-05
2019-04-11 11:00:00-04:00,-2.459981374238356e-05,1.9829587243533304e-05,-0.00012562138376144368
2019-04-11 11:15:00-04:00,6.323047604418285e-05,-6.941377633950519e-06,-0.0001469396018199558
2019-04-11 11:30:00-04:00,-7.14673268445038e-05,-5.455473531152181e-06,-8.539705899695117e-05
2019-04-11 11:45:00-04:00,-7.866152559220004e-05,-2.9845855542413325e-05,-4.570095178101673e-05
2019-04-11 12:00:00-04:00,1.928575310833326e-05,-2.264279516925951e-05,-0.0001235756492436072
2019-04-11 12:15:00-04:00,8.98951103391264e-05,-1.3959841471480323e-05,-4.968116216863184e-05
2019-04-11 12:30:00-04:00,-5.788457494953905e-05,5.978895952516999e-06,-3.1576644698142416e-05
2019-04-11 12:45:00-04:00,-2.6418429294953654e-05,2.2940757661063006e-05,-6.380000365558684e-05
2019-04-11 13:00:00-04:00,-3.652052418004469e-05,5.4722579203942385e-05,-0.0001234851745125707
2019-04-11 13:15:00-04:00,-6.944217669496011e-05,1.9228509877547606e-05,-8.703340832388601e-06
2019-04-11 13:30:00-04:00,4.575238342542665e-05,3.8718154959173745e-05,-4.881110769788948e-05
2019-04-11 13:45:00-04:00,-0.00013436829976124867,3.556394628436381e-05,-4.1750341904935826e-05
2019-04-11 14:00:00-04:00,-2.7059022102950085e-05,4.4472689178055e-05,-0.00013542807174085698
2019-04-11 14:15:00-04:00,1.3257147693632987e-05,4.5088370134172714e-05,-3.6702687453201585e-05
2019-04-11 14:30:00-04:00,-5.806591527661037e-05,5.810084472199183e-05,-0.00020209879287950348
2019-04-11 14:45:00-04:00,7.30872351333072e-05,1.49597171894056e-05,-0.00018336687958697402
2019-04-11 15:00:00-04:00,-6.656030691505975e-05,4.2882963979279125e-05,-8.971650790209936e-05
2019-04-11 15:15:00-04:00,-4.65456133269947e-06,3.6144919317969174e-05,2.201773293223242e-05
2019-04-11 15:30:00-04:00,-6.874648715491304e-05,-3.4695469174390506e-05,-0.0001633694190085038
2019-04-12 10:15:00-04:00,-0.00018627638263266178,3.407306487255149e-05,9.664552601586661e-05
2019-04-12 10:30:00-04:00,-0.0002512972874596362,-3.647240411911563e-05,9.368312704375729e-05
2019-04-12 10:45:00-04:00,-6.745223550258333e-05,9.94591358396083e-06,-0.00030563299579219
2019-04-12 11:00:00-04:00,-0.00011364255811803773,3.438222152358982e-05,-4.377267109921052e-05
2019-04-12 11:15:00-04:00,-0.00019721645502804322,2.1599091609773377e-05,-0.00011889619643230743
2019-04-12 11:30:00-04:00,2.306693314580013e-05,3.134395744457361e-05,-2.5067572535696894e-05
2019-04-12 11:45:00-04:00,-1.7579251152849246e-06,-1.0269586045427155e-05,-0.00010602489861603735
2019-04-12 12:00:00-04:00,2.798443599241254e-05,3.0845931951385076e-05,-0.0001060570810091577
2019-04-12 12:15:00-04:00,3.475945451450481e-05,7.085093241450478e-05,-0.00015506403285383356
2019-04-12 12:30:00-04:00,-4.306760198312487e-05,-1.2081189483072846e-05,-7.945343921765476e-05
2019-04-12 12:45:00-04:00,0.0001337586065116301,-1.5120190882530046e-05,-0.00018634557033861578
2019-04-12 13:00:00-04:00,-3.3958824014357056e-05,2.948953738774815e-05,-0.00017208663814113174
2019-04-12 13:15:00-04:00,3.159213006607171e-05,-1.337014930165669e-05,-0.00014596876621514722
2019-04-12 13:30:00-04:00,7.801255666655222e-05,6.991411989126427e-05,-0.00019469050749193855
2019-04-12 13:45:00-04:00,0.00010024688199950622,5.013917546979063e-05,-0.00017418691787695313
2019-04-12 14:00:00-04:00,0.0001528291981516589,5.5605081751696105e-05,-0.0002789665269694256
2019-04-12 14:15:00-04:00,9.694697426180723e-05,-7.817040539564747e-06,-0.00015697100152907415
2019-04-12 14:30:00-04:00,0.00014810873102367536,1.2848587265469682e-05,-0.00015596675348748703
2019-04-12 14:45:00-04:00,3.153989241870815e-05,5.8805946386055125e-05,-0.0002450583597287835
2019-04-12 15:00:00-04:00,-0.00011668516646006563,4.2229626360441546e-05,-0.00014147041089405198
2019-04-12 15:15:00-04:00,-1.8732957492064642e-05,-1.923248719264292e-05,-0.0003202571876391051
2019-04-12 15:30:00-04:00,5.174078938973143e-05,2.3264774456631508e-05,-0.00016552326028755436
2019-04-15 10:15:00-04:00,6.84836400338263e-05,4.4557947970829026e-05,3.7607142843641525e-05
2019-04-15 10:30:00-04:00,4.7810156542714777e-05,1.3732089462156591e-06,-8.696382517183742e-05
2019-04-15 10:45:00-04:00,2.925124543103222e-05,-1.1542408186309323e-05,-0.0001666404581247384
2019-04-15 11:00:00-04:00,-3.851903243981237e-05,1.1348358638073792e-05,-3.277549881250181e-05
2019-04-15 11:15:00-04:00,1.1317433522023032e-05,-1.2057714026358105e-05,-0.00028606642759585485
2019-04-15 11:30:00-04:00,2.4046926256068454e-05,-2.728482101208976e-05,-0.00016473503533561058
2019-04-15 11:45:00-04:00,6.256283651213314e-05,3.670637658899099e-05,-0.0001733581370128193
2019-04-15 12:00:00-04:00,-0.00016119479520619533,-1.41966253269564e-05,-0.00018798077275172535
2019-04-15 12:15:00-04:00,-2.7957382957230458e-05,3.891584908988201e-05,-0.00015563917659897612
2019-04-15 12:30:00-04:00,-8.729404821744491e-05,-1.573943599881937e-05,-7.857799641213529e-05
2019-04-15 12:45:00-04:00,-7.117742350385914e-05,4.537067968311078e-05,-0.00014942868333911054
2019-04-15 13:00:00-04:00,1.837872332695795e-05,3.830130876340452e-05,-0.00010495577887301703
2019-04-15 13:15:00-04:00,-7.570838192639866e-05,-1.6087134073081007e-05,-0.00010864043691213919
2019-04-15 13:30:00-04:00,7.460647758139697e-05,-1.0253895047157863e-05,-0.00015095838883525347
2019-04-15 13:45:00-04:00,6.882461399655117e-05,-2.1526440226385002e-05,-0.00019327202325813904
2019-04-15 14:00:00-04:00,-6.23021506523751e-05,5.5499738999581633e-05,-0.00013690758523413803
2019-04-15 14:15:00-04:00,0.00010875960818511581,1.805008134166344e-05,-6.843843560370056e-05
2019-04-15 14:30:00-04:00,4.3168754595389284e-05,2.1958881866710758e-05,-0.00021329573590350283
2019-04-15 14:45:00-04:00,2.911853045114415e-05,1.9728352804830748e-05,-8.069390839641144e-05
2019-04-15 15:00:00-04:00,4.097868604521813e-05,3.7536254012601684e-05,-4.539274585853794e-05
2019-04-15 15:15:00-04:00,-3.388734890472013e-05,1.617762701051735e-05,-0.00012776685453250617
2019-04-15 15:30:00-04:00,2.4200311049076363e-06,4.472847275315014e-05,-0.00012562948135621987
2019-04-16 10:15:00-04:00,1.6250295846446915e-05,1.840752121982716e-05,-2.9405255895892577e-05
2019-04-16 10:30:00-04:00,0.00017076195140730639,4.631110368708909e-05,-7.860140918478133e-05
2019-04-16 10:45:00-04:00,8.73452547246988e-06,-6.251266844174233e-07,-8.624466948346508e-06
2019-04-16 11:00:00-04:00,-9.339373183738231e-05,3.431159531347177e-05,-7.924478094799972e-05
2019-04-16 11:15:00-04:00,-6.80357815581448e-05,2.5429045200622518e-05,-0.00020604467814611411
2019-04-16 11:30:00-04:00,5.447690474121572e-06,-4.631473109870993e-06,-0.00012837615682380736
2019-04-16 11:45:00-04:00,1.556973304750489e-05,6.987756674238277e-05,-0.00016182992146215438
2019-04-16 12:00:00-04:00,4.098993260750125e-05,-3.202607646134054e-05,-0.00015728013359755802
2019-04-16 12:15:00-04:00,0.00010030364901390775,7.146283076398816e-05,-0.000212026378548738
2019-04-16 12:30:00-04:00,4.3273811808245786e-05,5.1069170873934355e-05,-0.00014868447347516178
2019-04-16 12:45:00-04:00,5.6765384729654963e-05,-1.3581251716851465e-05,-0.00019156622054726608
2019-04-16 13:00:00-04:00,-4.2529837551070645e-05,3.031989004126682e-05,-0.00010824789875946181
2019-04-16 13:15:00-04:00,-3.821791871071594e-06,6.732049867629492e-05,-0.00015793202150205535
2019-04-16 13:30:00-04:00,-7.77856127253939e-05,4.648903912747926e-06,-0.0001145622276441689
2019-04-16 13:45:00-04:00,-6.26523992633529e-05,3.828814387182541e-05,-0.00010252072957891432
2019-04-16 14:00:00-04:00,6.827884596165748e-05,3.6241263291420554e-05,-9.194204673631997e-05
2019-04-16 14:15:00-04:00,1.4498998557719982e-05,-2.3140304988396417e-05,-7.73677528028728e-05
2019-04-16 14:30:00-04:00,2.1605220559781607e-05,-1.492185736293213e-05,-0.00019057126522818694
2019-04-16 14:45:00-04:00,-2.5501141043688073e-05,-1.772568925368756e-05,-0.00019265940836829624
2019-04-16 15:00:00-04:00,-9.251751068682567e-05,1.0441696535943455e-07,-7.035934165225791e-05
2019-04-16 15:15:00-04:00,0.00014119192582267063,1.7206553189216712e-05,-0.0002043628199497797
2019-04-16 15:30:00-04:00,3.22269053705348e-05,5.16350303008765e-05,-0.00011890267598571393
2019-04-17 10:15:00-04:00,6.907223221273078e-05,4.5607054645960234e-05,-4.27892050580494e-05
2019-04-17 10:30:00-04:00,-0.0001610715091110844,4.2029044311871406e-05,-0.00015140230352178005
2019-04-17 10:45:00-04:00,-1.8655560012628538e-05,5.082887550393065e-05,-6.462827728480728e-06
2019-04-17 11:00:00-04:00,-9.127488545944134e-05,4.4741361576796245e-05,4.016970206533528e-05
2019-04-17 11:15:00-04:00,4.876436290763346e-05,5.360647436035415e-05,-0.00010556138406888171
2019-04-17 11:30:00-04:00,-0.0001041407613518635,2.2020759101623038e-05,-2.065040468076561e-05
2019-04-17 11:45:00-04:00,-1.4407670071701919e-06,-3.794799430185883e-07,-0.0001458312588824216
2019-04-17 12:00:00-04:00,9.490722552455861e-05,5.4423116091548854e-05,-0.00012871518194822895
2019-04-17 12:15:00-04:00,-1.5529642149512143e-05,7.334530203772045e-05,-0.00018384645540182453
2019-04-17 12:30:00-04:00,4.818992761224677e-05,-1.9894077459484433e-07,-0.00013180643994606048
2019-04-17 12:45:00-04:00,4.927560411197016e-06,-3.5296154525070876e-05,-0.0001872136308282391
2019-04-17 13:00:00-04:00,7.834354775505226e-05,5.396569888663451e-06,-0.00014404907902983965
2019-04-17 13:15:00-04:00,-2.6113484959939728e-05,3.708770775976774e-05,-0.00015938543078873547
2019-04-17 13:30:00-04:00,9.368781704310297e-05,2.2363884107296293e-05,-5.5771568289872746e-05
2019-04-17 13:45:00-04:00,0.0001139195297577192,3.4818822488972327e-05,-7.23202491225155e-05
2019-04-17 14:00:00-04:00,-6.54363014567969e-06,-1.8276257834665116e-05,-3.545831268194476e-05
2019-04-17 14:15:00-04:00,-5.1153473010920386e-05,5.007721675069292e-05,-0.00011731568802064489
2019-04-17 14:30:00-04:00,2.5941716720327565e-05,6.601148565316417e-05,-4.357319114295214e-05
2019-04-17 14:45:00-04:00,-2.104311911701657e-05,-1.4674469460803108e-05,-8.328217855384251e-05
2019-04-17 15:00:00-04:00,-9.238649107492017e-05,4.951043672876389e-07,-9.340695661971312e-05
2019-04-17 15:15:00-04:00,-1.1777528543959023e-05,6.552980675469642e-05,3.0341263540719344e-05
2019-04-17 15:30:00-04:00,3.653179527679343e-05,2.1757969198853723e-05,-0.00011976889985696814
2019-04-18 10:15:00-04:00,5.054632954896749e-05,3.367608027651069e-05,-8.243158378505473e-05
2019-04-18 10:30:00-04:00,2.6806563233078694e-05,4.501729176659854e-05,0.0001031523665326893
2019-04-18 10:45:00-04:00,3.5475618056660696e-05,7.037910218808416e-05,7.138369470821935e-05
2019-04-18 11:00:00-04:00,-6.827439874820373e-05,8.683116867300676e-06,-3.0147166814406148e-05
2019-04-18 11:15:00-04:00,-3.218915722803684e-05,2.3396081903904863e-05,-0.00013172949776954672
2019-04-18 11:30:00-04:00,-4.611930595002417e-05,5.351427058356194e-05,-0.000211396797376357
2019-04-18 11:45:00-04:00,-5.4414533250676794e-05,-2.238542973927632e-06,-8.608704234119728e-05
2019-04-18 12:00:00-04:00,-6.352785513445014e-05,3.5935989653495175e-05,-0.00020010725968782318
2019-04-18 12:15:00-04:00,5.6450718236930376e-05,2.122785081524481e-06,-9.755033202606143e-05
2019-04-18 12:30:00-04:00,1.1650677508700148e-05,4.0181524810209776e-05,-0.00016676219182120254
2019-04-18 12:45:00-04:00,6.189271635565193e-05,4.9276613517271905e-05,-0.0001699735057884605
2019-04-18 13:00:00-04:00,-9.272939020288509e-05,1.2059501094500374e-05,2.7841279898431787e-05
2019-04-18 13:15:00-04:00,-1.185843682384068e-05,5.261415426557507e-05,-0.0001365769223129947
2019-04-18 13:30:00-04:00,9.99163490577801e-05,3.097882477301429e-05,-5.22998198704663e-05
2019-04-18 13:45:00-04:00,5.614068593337894e-05,4.954145236352365e-06,-0.00015268345779620405
2019-04-18 14:00:00-04:00,-6.65005024926468e-05,4.7220247122633065e-05,-0.0001380193025745081
2019-04-18 14:15:00-04:00,2.2628297260960422e-05,6.106181161180859e-05,-3.829574908531525e-05
2019-04-18 14:30:00-04:00,3.587087637778124e-05,1.6932509215225592e-05,-7.427187926273694e-05
2019-04-18 14:45:00-04:00,3.813039658220061e-05,2.821442795130934e-05,-9.287626249754786e-06
2019-04-18 15:00:00-04:00,1.5565992263826742e-05,2.8658981426700605e-05,-0.00011615205560054042
2019-04-18 15:15:00-04:00,0.00012704128719686055,4.3541829846891496e-05,-7.370572654914844e-05
2019-04-18 15:30:00-04:00,-5.856696539645438e-06,5.724091103447101e-05,-0.0002325628999990365
2019-04-19 10:15:00-04:00,,,
2019-04-19 10:30:00-04:00,,,
2019-04-19 10:45:00-04:00,,,
2019-04-19 11:00:00-04:00,,,
2019-04-19 11:15:00-04:00,,,
2019-04-19 11:30:00-04:00,,,
2019-04-19 11:45:00-04:00,,,
2019-04-19 12:00:00-04:00,,,
2019-04-19 12:15:00-04:00,,,
2019-04-19 12:30:00-04:00,,,
2019-04-19 12:45:00-04:00,,,
2019-04-19 13:00:00-04:00,,,
2019-04-19 13:15:00-04:00,,,
2019-04-19 13:30:00-04:00,,,
2019-04-19 13:45:00-04:00,,,
2019-04-19 14:00:00-04:00,,,
2019-04-19 14:15:00-04:00,,,
2019-04-19 14:30:00-04:00,,,
2019-04-19 14:45:00-04:00,,,
2019-04-19 15:00:00-04:00,,,
2019-04-19 15:15:00-04:00,,,
2019-04-19 15:30:00-04:00,,,
2019-04-22 10:15:00-04:00,,,
2019-04-22 10:30:00-04:00,,,
2019-04-22 10:45:00-04:00,,,
2019-04-22 11:00:00-04:00,,,
2019-04-22 11:15:00-04:00,,,
2019-04-22 11:30:00-04:00,-6.952204327298783e-05,5.213192120322251e-05,-7.789176267699413e-05
2019-04-22 11:45:00-04:00,4.683437358833834e-05,3.822037605013573e-05,-5.70665381376902e-05
2019-04-22 12:00:00-04:00,0.00010020443004595912,-2.060069788626748e-05,-0.00010617764920422911
2019-04-22 12:15:00-04:00,6.53882236272874e-05,1.3149808402020837e-05,-0.00016886038545609587
2019-04-22 12:30:00-04:00,5.4357053680551196e-05,1.8900759356734223e-06,-5.9138697922138304e-05
2019-04-22 12:45:00-04:00,2.520857141327683e-05,5.8233697795374234e-05,-0.00014001602907708739
2019-04-22 13:00:00-04:00,-1.2150462375811386e-05,4.474108793907281e-05,-7.271686606582665e-05
2019-04-22 13:15:00-04:00,4.4227397183854466e-05,1.6136653884924948e-05,-0.00015354033516044643
2019-04-22 13:30:00-04:00,5.5749666576438785e-05,-2.6820623589484202e-05,-5.2414021052338004e-05
2019-04-22 13:45:00-04:00,-4.5949053457061914e-05,4.266834227421099e-05,-0.00014418945744725537
2019-04-22 14:00:00-04:00,1.769401937246594e-05,5.159925195864761e-05,-8.127101987658183e-05
2019-04-22 14:15:00-04:00,-2.9496396857090078e-05,2.7144273548041413e-05,-8.614952538193119e-05
2019-04-22 14:30:00-04:00,-7.563563936865152e-05,3.396676541034411e-05,-0.0002424896144663972
2019-04-22 14:45:00-04:00,2.508841681509455e-05,5.4089516405054504e-05,-0.00014343103159703734
2019-04-22 15:00:00-04:00,-3.677759228878487e-05,4.768429411885908e-05,-8.342522859480818e-05
2019-04-22 15:15:00-04:00,6.14272089013235e-05,2.2473381582666543e-05,-0.0001503601530688862
2019-04-22 15:30:00-04:00,-1.840250421853874e-05,6.702143117781522e-05,-8.165576631572904e-05
2019-04-23 10:15:00-04:00,3.097487059545211e-05,-1.8832678881314697e-06,-6.55607386959502e-05
2019-04-23 10:30:00-04:00,2.2748072857707863e-05,2.1418095822692114e-05,-8.09635067940986e-05
2019-04-23 10:45:00-04:00,0.00011259291910836575,4.760354338447001e-05,-6.520469425949756e-05
2019-04-23 11:00:00-04:00,0.00011867151109103942,-6.8492200855393045e-06,-1.7403231918671122e-05
2019-04-23 11:15:00-04:00,-5.013375733787923e-05,6.155806292645122e-05,-4.716211145683471e-05
2019-04-23 11:30:00-04:00,7.474587724753546e-06,4.425963197479539e-05,-1.1601799187319227e-05
2019-04-23 11:45:00-04:00,6.632170021254343e-05,4.136967118969863e-05,-1.7304043564884087e-05
2019-04-23 12:00:00-04:00,6.736902189162805e-06,6.25539410098599e-05,-7.006909152105377e-05
2019-04-23 12:15:00-04:00,0.00011715054186722541,3.640533409302499e-05,-3.049600253707693e-05
2019-04-23 12:30:00-04:00,4.6441529427954606e-05,-1.7945402107387035e-06,-0.0001347933003398233
2019-04-23 12:45:00-04:00,4.972473921425028e-05,3.8899722633941626e-05,-0.00019235743983878764
2019-04-23 13:00:00-04:00,8.656684592279446e-06,6.710128028226679e-05,-7.815547732642047e-05
2019-04-23 13:15:00-04:00,3.044454492455781e-05,7.309295944185064e-07,-0.0001842548099181965
2019-04-23 13:30:00-04:00,-2.384203395098124e-06,-8.566780806919845e-06,-0.00016163629415593908
2019-04-23 13:45:00-04:00,6.0025700872788634e-05,-1.0607428099152192e-05,-0.00010961339479350768
2019-04-23 14:00:00-04:00,-0.00012099351740814401,-2.3753906983891685e-05,-0.00013977702441613863
2019-04-23 14:15:00-04:00,-8.24465552730758e-05,3.215991997326513e-05,-0.00021197197404576457
2019-04-23 14:30:00-04:00,7.99116653686523e-05,-1.0391079909628306e-05,-7.838301324353464e-05
2019-04-23 14:45:00-04:00,1.276019435022294e-05,2.6106537575903592e-05,-9.409149431288502e-05
2019-04-23 15:00:00-04:00,8.155552842835737e-05,-7.4373597621533186e-06,-0.00019547269357836767
2019-04-23 15:15:00-04:00,7.442235210320892e-05,5.934838307941202e-05,-6.231523892065895e-05
2019-04-23 15:30:00-04:00,-3.1692706588536703e-06,3.573434218387408e-05,-0.00010438308695323305
