timestamp,AAPL,MSFT,NVDA,SPY,XLK,QQQ
2019-02-27 10:15:00-05:00,-0.0020418441201334545,-0.0035005870052820694,-0.007683990666175231,-0.002874236264748877,-0.003399195964742029,-0.0036816437927198495
2019-02-27 10:30:00-05:00,-0.003547176795438336,-0.0011695907766025733,0.004092509284805331,-0.0003958543307773976,-0.0005676577176487999,-0.0007263324888242302
2019-02-27 10:45:00-05:00,0.0018760919303581658,0.004222068794282299,0.0056563979052354696,0.0015824779867359418,0.0021270569562485166,0.0022644148327595585
2019-02-27 11:00:00-05:00,-0.0017605384289585686,-0.0014352996408862984,-0.005073118562710389,-0.0005751568359570125,-0.0009920635734283643,-0.000870322074083312
2019-02-27 11:15:00-05:00,0.0014432932678914454,0.0020625960141760894,0.0033956988145537243,0.0006829619244617672,0.001416932578544854,0.0014501162633938811
2019-02-27 11:30:00-05:00,0.001470016261951763,0.0008059461347866003,0.0018707872436835781,0.0007184037378606114,0.0015563104442925244,0.0012164746909383319
2019-02-27 11:45:00-05:00,0.0014103359800235187,0.002860337145689853,0.0047258611367280165,0.00025131942831440994,0.001836158707971165,0.0013306336935853139
2019-02-27 12:00:00-05:00,0.0003163328423002345,0.0008029979018204616,-0.0019262261565934713,0.00035891822433665945,0.0,0.0001734304548225101
2019-02-27 12:15:00-05:00,0.0009771238850783425,0.0009805670245486913,0.0016375286614451691,0.0006815899245071077,0.000987306145079944,0.001213171725917056
2019-02-27 12:30:00-05:00,0.0009187746490297904,-0.0006238859382401668,0.0005131823834477845,7.171929072690934e-05,-0.00028198801737803163,-0.0004042270656187113
2019-02-27 12:45:00-05:00,-0.00043057051257222877,0.0005347832027271754,0.0009294723510136535,0.00017927572654697236,0.00042295221270582624,0.0002310069023584974
2019-02-27 13:00:00-05:00,0.0010617387685497445,-0.0006239415480072463,-0.002180816104372084,-0.0001792757265469106,-0.0007050197697551296,-0.00040429710611930743
2019-02-27 13:15:00-05:00,0.0006880931490853438,-8.91662951993919e-05,0.00493211350820676,0.0013258799333608852,0.0012686779260159531,0.0014431682929648562
2019-02-27 13:30:00-05:00,-0.00011464931652904098,-0.001070616152582372,0.0009260590465584663,0.00017903820723162857,0.0,0.00034605069988032804
2019-02-27 13:45:00-05:00,-0.0012046120885337212,-0.0016080764621311666,-0.0001915280754091193,-0.0009671873515105973,-0.0008456064206221241,-0.0007499279266951905
2019-02-27 14:00:00-05:00,0.001147282500717745,0.0012509495443586037,0.0041733761333016504,0.000573260974836376,0.0009864713314057653,0.0009229083803351045
2019-02-27 14:15:00-05:00,0.001203231681292051,0.0010709983620005637,-0.0023872057171064644,0.0005550333610103025,0.0005632612977193521,0.0005763855025708012
2019-02-27 14:30:00-05:00,-5.726392946638223e-05,-0.00035687202056053845,-0.0018500212606443619,-0.0003401451915678527,-0.00028159099094903227,-0.0004034349659930708
2019-02-27 14:45:00-05:00,0.0008013967628882396,0.0019612219346304377,0.0014994180601890959,0.0006085991667464092,0.0011258885152464072,0.0010370755401888873
2019-02-27 15:00:00-05:00,-0.0006868721829249597,-0.0003562998300731089,-0.004376933873749237,-0.00046536603667846006,-0.0007035317582990659,-0.0009217917979508751
2019-02-27 15:15:00-05:00,0.0009729297396558015,-8.909479692270999e-05,-9.605994147760955e-05,0.0003579930945566388,0.0005628649976228603,0.0006338231269522367
2019-02-27 15:30:00-05:00,0.00014299809836901373,-0.0022299536490747486,-0.002950327637942941,-0.001002703802967504,-0.0009852217545700476,-0.0008644039033016495
2019-02-28 10:15:00-05:00,-0.00198147814131581,-0.0019594751315217727,-0.006308556856578732,-0.0011113502255206467,-0.0025386093599612893,-0.001963332520374033
2019-02-28 10:30:00-05:00,-0.000546314546991944,0.0005347832027271754,-0.002014164802821158,-0.00014349003665692126,0.0,-0.00040469446120919403
2019-02-28 10:45:00-05:00,-0.00043151188046417025,-0.00044563280594866957,0.0032142363024409964,0.0,0.0,0.0011558356532835295
2019-02-28 11:00:00-05:00,-0.0003165604297122461,-0.0012488293849074847,0.0008424327362105456,-0.00010763104089598313,-0.0005650116683963743,-0.00028883369156946896
2019-02-28 11:15:00-05:00,-0.00046063049612519536,-0.000982318350110341,0.0025876583206053574,-0.00046653508831119,-0.00028262559362871774,-0.000462307500504901
2019-02-28 11:30:00-05:00,0.0019562159225882943,0.0013392859144738026,0.001194531127205275,0.001219709214726939,0.0015534532145341363,0.0017325521933726832
2019-02-28 11:45:00-05:00,-5.748117493098339e-05,0.002050094309255023,-0.0014853086359985182,0.000716781681078546,0.0011282703404078252,0.0007498414148419921
2019-02-28 12:00:00-05:00,0.0012064113601998507,8.903926637517463e-05,0.0030328473915035717,-0.00017914725952610425,0.0005636581562607538,0.0005187918031968862
2019-02-28 12:15:00-05:00,-0.0015226168964313745,-0.00026714158662880427,0.001609476945644722,7.16627551054313e-05,0.00028170998143896785,0.0
2019-02-28 12:30:00-05:00,0.0010344828508753563,0.002312859635297037,-0.001158562225301732,0.0010385332547806023,0.0011260469906851892,0.0013245797836220713
2019-02-28 12:45:00-05:00,0.00020102522934321564,-0.000266595576092417,-0.0016113442094248705,-0.0004654160187120194,-0.00028139289668634875,-0.0002302357048187818
2019-02-28 13:00:00-05:00,0.0008610792724927313,0.0007107636565936292,-0.0022925791858931068,0.000536999261105697,0.00014070634608834257,0.0002302357048187131
2019-02-28 13:15:00-05:00,-0.0002869440478799833,-0.0007996446450087596,0.0009370406359578504,-0.0008235168212197753,-0.0005629442130231033,-0.0006332757839733899
2019-02-28 13:30:00-05:00,-0.0006890018358867366,-8.888888894729e-05,0.0012265187774762893,-0.00017911517153390826,0.00014076576599819966,-0.0002303815704933357
2019-02-28 13:45:00-05:00,0.0004593873002778014,0.00044436545345485917,-0.0011296336347371547,0.0003581982665684255,0.0005628649976228603,0.00028796867099872457
2019-02-28 14:00:00-05:00,0.0002296145356088402,-0.0011557611528360398,-0.0015512898205027638,-0.0002507253138246384,-0.0008444163474097548,-0.00040317936267836085
2019-02-28 14:15:00-05:00,-0.0005167068664738064,0.0,-0.0039537271583390335,-0.00042996113097212645,-0.0004224757139306855,-0.0006338961775105212
2019-02-28 14:30:00-05:00,0.0007462686913504412,0.00044468161529649875,0.0025619835323381127,0.0005374225345214501,0.0005632612977193521,0.00034581136334934027
2019-02-28 14:45:00-05:00,-0.0013207007374761064,-0.0017799141440979832,-0.0014909895151592953,-0.0010751340473339893,-0.0009859155728191749,-0.0008647527346216156
2019-02-28 15:00:00-05:00,0.00040213707671245665,0.00017813404634054516,0.0016853026189509338,-0.00014343858163823054,0.000140904607813634,-5.767677934459217e-05
2019-02-28 15:15:00-05:00,-0.0008619204119194368,-0.0019612219346304242,-0.00032387615259134544,3.5861574326905845e-05,-0.0008457256124639972,-0.0005192407662959538
2019-02-28 15:30:00-05:00,0.00034485731870336346,0.0011593687198917853,0.0005181515061359767,0.00025099501727374966,0.00042295221270582624,0.0003461904659103237
2019-03-01 10:15:00-05:00,-0.0014360390772742541,-0.0012454963577957364,-0.006851852100922751,-0.0019428384019917358,-0.00196367269776004,-0.0016359804461073793
2019-03-01 10:30:00-05:00,-0.0019563284814748763,-0.001960348143946038,-0.0015681759570394843,-0.0017500004466147817,-0.0021082228469083853,-0.0020703345808352823
2019-03-01 10:45:00-05:00,0.0007484599347616611,0.0005350216365530861,-0.0010575059869375508,0.0005717655202490756,0.0007032349094315039,0.001553152636196134
2019-03-01 11:00:00-05:00,-0.00040294727692341705,-0.0008918618205439409,-0.0007377115241147227,-0.00032157787821354114,-0.0008439412555198678,-0.00017245343799930115
2019-03-01 11:15:00-05:00,-0.0028829264352792133,-0.0012499443616583764,-0.005856814810971458,-0.0014304875036559217,-0.0012672488319402447,-0.0013806991981970013
2019-03-01 11:30:00-05:00,0.0008945964091320791,0.0008037149923618595,-0.0006134078224270305,-0.00017895490384198747,0.0,-0.0005758544399147297
2019-03-01 11:45:00-05:00,-0.0007213862470361906,-0.0006250558289047582,-0.0020689885504306077,-0.0002505906793381059,-0.0008457256124639972,-0.0004032955058408442
2019-03-01 12:00:00-05:00,0.0006925407865885348,-0.0011618555243901893,-0.00012945402781906274,-0.0007163195807807845,-0.00042313117697606215,-0.0005187618999271745
2019-03-01 12:15:00-05:00,0.0015564654090514047,0.0018761731582277285,0.002779575157399377,0.0007879233256871699,0.0015506064567264244,0.0013827674833113363
2019-03-01 12:30:00-05:00,0.0014390148111489273,0.000713807748354475,0.0033510583961046925,0.0006442030894009287,0.0008447730175039241,0.0007482014737527573
2019-03-01 12:45:00-05:00,0.0012646223626585741,0.001960348143946118,0.0007395855442671904,0.00021464217443389874,0.001265822953830027,0.0004026459645999653
2019-03-01 13:00:00-05:00,0.000689120537220328,0.0002670226985157953,-0.000964785410099001,0.0003933910357579622,0.00042158516644644336,0.00023001063900609066
2019-03-01 13:15:00-05:00,-0.00014352762213709166,0.0012451640333381664,0.0010612127762600434,0.0007148601859246087,0.0004214075072898816,0.0006897146579133953
2019-03-01 13:30:00-05:00,-0.00014354822527277373,-0.0013341636773983334,-6.42838776255293e-05,-0.0006433511668192612,-0.0005619161488027378,-0.0004597569116357927
2019-03-01 13:45:00-05:00,0.00166389389469538,0.0008007117865527313,0.0024398869210130038,0.00046468402323161963,0.000842755861383342,0.0008044359327131532
2019-03-01 14:00:00-05:00,0.00045851842041300485,0.0,0.00025648424365544626,-0.00032168132381183275,-0.0001404099974224066,0.0001148666112739445
2019-03-01 14:15:00-05:00,0.0010022766836089664,0.0003556662110138408,0.002113488682194938,0.0006789836947412135,0.0008421644121861197,0.0006315306215178651
2019-03-01 14:30:00-05:00,0.002344264774667982,0.002131344885685253,0.003066213395934113,0.001784599385026499,0.002522246135022603,0.0020640433896638973
2019-03-01 14:45:00-05:00,-0.0005998372050346999,-0.0006211731497987455,0.001211116925194035,0.0,-0.0002799356166367825,-0.00022912788300148213
2019-03-01 15:00:00-05:00,-0.00011429551116833428,-0.0007103849697137608,-0.0024875634718019694,-0.0003566651843427502,-0.000560106434862688,-0.000687698815033653
2019-03-01 15:15:00-05:00,-0.0013153381743138668,-0.0007108899752884879,-0.0011182288422209889,-0.0004638550001102802,-0.0008407483154808219,-0.0006594887767518894
2019-03-01 15:30:00-05:00,0.0003146948201457603,0.00017776987736243215,0.0004793940551070596,0.00010706256032501574,0.00014017381576063529,8.60449441956245e-05
2019-03-04 10:15:00-05:00,-0.0028495272423561518,-0.00256614599716859,-0.005347521721538597,-0.0013503191291856567,-0.0029309162641967352,-0.0021653047008209202
2019-03-04 10:30:00-05:00,0.0021731469781456456,0.0,0.0020601246529942906,0.0010661929041994847,0.000838281571967719,0.0012541688500824683
2019-03-04 10:45:00-05:00,-0.00163647686202653,-0.0009750909379992953,0.0027823465527583445,-0.0013151349019999532,-0.0011178649944918683,-0.0012541688500824603
2019-03-04 11:00:00-05:00,-0.002035221326080498,-0.004711538629546043,-0.004239841820434436,-0.001673074575090863,-0.003501404137438286,-0.002398698999865749
2019-03-04 11:15:00-05:00,-0.001557478333157883,-0.0011590586176326175,-0.0032394349794666083,-0.001354748063670229,-0.0016850386631124925,-0.002003320457068018
2019-03-04 11:30:00-05:00,-0.0005386021986112835,-0.002858803930318703,-0.0028989682779964995,-0.002679242841590131,-0.002532893776588524,-0.0024667291076005556
2019-03-04 11:45:00-05:00,-0.0058868030141741605,-0.004752945903923162,-0.005149621960726846,-0.0032963716048833385,-0.004660367141263521,-0.00437473715408577
2019-03-04 12:00:00-05:00,-0.0005991526449229328,-8.989572102412107e-05,-0.004564016536212255,-0.0024434515112587794,-0.0014165311526502813,-0.0019055323931977627
2019-03-04 12:15:00-05:00,-0.0007137453374250272,0.0009884087425229904,0.0006440809188265689,-0.0005757984864437819,0.0007085163963674059,0.00023116710595047106
2019-03-04 12:30:00-05:00,-0.00311789608837575,-0.0016179051661881494,-0.0006440809188264171,-0.0003960538685025128,-0.001985112314420074,-0.0006936616943360804
2019-03-04 12:45:00-05:00,-0.000200564446326555,-0.002341605068679179,-0.0016765544293360786,-0.0014595517623538711,-0.0009940358671397518,-0.000752010216500615
2019-03-04 13:00:00-05:00,0.0016606067892596032,0.0017117121296486375,0.005599010668954827,0.00045070626433407437,0.00127786472024762,0.0015612354275629887
2019-03-04 13:15:00-05:00,-0.0006295607590966914,-0.0007203638148618949,-0.001830708224360854,-0.0010459497455045956,-0.0002838288531079264,-0.000924882287958585
2019-03-04 13:30:00-05:00,0.0030867750586946203,0.004045312960002892,0.005929599578583269,0.0030626239979567476,0.0034006408967354324,0.0033486362517199855
2019-03-04 13:45:00-05:00,0.00022827141570328356,0.0008967404089243256,-0.00038355814572373244,0.000863045525277881,0.0008483563605307678,0.0006914234956104311
2019-03-04 14:00:00-05:00,0.0009410691809972057,0.0012540871442520147,0.0009586196612041388,0.0009700367218935959,0.0008476372620249928,0.001208841961620461
2019-03-04 14:15:00-05:00,0.00031349302734758256,-0.0031381716779057935,-0.0031669385564325695,-0.0002514006621486453,-0.0012717254787288782,-0.0011512449105736259
2019-03-04 14:30:00-05:00,0.0010537558824845954,0.0032276891786368073,0.0015367379364897265,0.0017943339762481387,0.0021186448602853766,0.0017838651295097121
2019-03-04 14:45:00-05:00,-0.0006549068415569643,0.0015205727437864432,-0.0009922064603269257,-0.00014342829506279253,0.00028214714160534264,0.000229944526896297
2019-03-04 15:00:00-05:00,-0.0003703545474865326,-0.0009836359551917977,-0.001377918279958556,-0.0006277407816150237,-0.0008466803582069712,-0.0006324747220956374
2019-03-04 15:15:00-05:00,-0.000769636456045558,-0.0010741620331937828,0.0009295021422757013,-0.0005922310232950099,-0.00042360915629215725,-0.0002876208027191632
2019-03-04 15:30:00-05:00,2.851561943236834e-05,0.00017910715133195932,0.0029111170769117282,0.0007536877218563365,0.0002824260415579922,0.00046015358437563933
2019-03-05 10:15:00-05:00,8.57743277962657e-05,4.4844054806889034e-05,0.0069657477954417225,0.0008069071687712541,0.0005651713325995105,0.0014931804640789315
2019-03-05 10:30:00-05:00,-0.0010297778306394161,-0.0008523811108039376,-0.004154260865379217,-0.0006096030597213927,-0.00127208497719416,-0.0006314581151268873
2019-03-05 10:45:00-05:00,0.001715707721205125,0.003494627212397406,0.007010351249334455,0.00039449146975508126,0.002401470288176194,0.0019504925439115185
2019-03-05 11:00:00-05:00,0.00091384191184167,-0.0015217978051037654,0.000704744239053894,-0.0001792950124928944,-0.0005645332166017814,-0.00011462960322056533
2019-03-05 11:15:00-05:00,0.0017112059618723098,-0.0005376585101965497,0.0031652172537267533,0.0013260224858091382,0.00042342978755453224,0.0008021314206692933
2019-03-05 11:30:00-05:00,-0.00025649429440814203,0.0009854865517159239,-0.0024609693293606537,0.0002506714426734545,0.0002821869507259491,0.00017180162681107783
2019-03-05 11:45:00-05:00,0.002448260396755999,0.0010739697635844788,0.004469994671451497,0.0012166539941682322,0.0012688567894400579,0.0015448878737785376
2019-03-05 12:00:00-05:00,-0.0019068495809607378,-0.0009844282162467183,0.0005732666802433759,-0.0012524603533816648,-0.0007047216641195898,-0.0012013731422066448
2019-03-05 12:15:00-05:00,-0.0006839360786393187,-0.0009853982701865081,0.002480365058331925,0.0,-0.00028202778160582294,5.72409845606963e-05
2019-03-05 12:30:00-05:00,-0.0010553187613953569,0.00026884129564189044,-0.0008896797739864785,-0.00032231494029699053,-0.00014104372378794913,-0.0006871081606755449
2019-03-05 12:45:00-05:00,-0.0002568676432246677,0.0009851335204740515,0.00038138825786477074,-7.163965257821577e-05,0.0004230715053938392,0.0
2019-03-05 13:00:00-05:00,0.0005707274075529454,-0.0006267908514659033,-0.00047675805432263036,0.0005729735693647798,0.0001409840690336579,0.00022908851507656036
2019-03-05 13:15:00-05:00,0.0006274241593006216,0.0012531890822385049,0.004345970962355062,0.0009661490767999567,0.0005637375950858769,0.0010874543196187966
2019-03-05 13:30:00-05:00,-0.0006844822444466667,-0.001970002875755874,-0.003456206373481739,-0.002219955438436596,-0.001409940311118688,-0.0017175740632154632
2019-03-05 13:45:00-05:00,0.00017116448949187023,-0.0004482696865453648,0.0005715737485723102,-0.00014339230366385787,-0.0004233700317260288,0.0
2019-03-05 14:00:00-05:00,0.0005703367993309429,0.0005378995154124919,-0.00031750063766851946,0.0007884033449646802,0.0002822666026788004,0.0006873836730629231
2019-03-05 14:15:00-05:00,0.0005130251494838613,0.00035843900200066466,0.001998573113491768,0.0002865380846625492,0.00014110342904722552,0.0002290229319220331
2019-03-05 14:30:00-05:00,0.000455801506338689,0.0007164927985527031,-0.002697429558707519,0.0006444106550754814,0.00042319086539324604,0.0006867542548219996
2019-03-05 14:45:00-05:00,0.00045559384597363176,0.00035805398046235914,-0.0030871589261344187,0.00014314599126183337,-0.00014104372378794913,0.0002860084678001162
2019-03-05 15:00:00-05:00,0.00017079419341289038,0.001073393367518425,0.0005417377165997587,0.0006439035082695581,0.0007050197697551933,0.0009146777827934054
2019-03-05 15:15:00-05:00,-0.0006833518673711181,-0.0008944144418093111,0.0005732849383079312,-0.0010018069139615862,-0.0007050197697551296,-0.0010290713539995516
2019-03-05 15:30:00-05:00,-0.00011393739152669338,0.00026840834016389714,0.0010501695556778704,-0.00010739600497197663,0.0004230715053938392,0.00028595939571478333
2019-03-06 10:15:00-05:00,0.0023415202017483595,-0.0004443654534549535,0.0005499393587853819,-3.589761999158968e-05,-0.00042342978755447196,0.00011463617357007727
2019-03-06 10:30:00-05:00,-0.002198587508510158,-0.00391895402479516,-0.0033690789585881396,-0.0018684542185080978,-0.0029690393647093553,-0.0029848198264389772
2019-03-06 10:45:00-05:00,0.0006000943185413282,-0.0016970350625120892,-0.0036735464988333915,-0.000359718703855635,-0.000991641956880903,-0.0013230558763852951
2019-03-06 11:00:00-05:00,0.0009993576390297369,0.0013400037738531309,0.0005860710616099236,0.0007193080566935983,0.0016993560699301515,0.0014954994015583063
2019-03-06 11:15:00-05:00,0.0001997517377911026,0.0006693291341113079,0.0024382723112314135,0.000934327621648854,0.0005658108928090252,0.0009191969164716623
2019-03-06 11:30:00-05:00,-0.0016562914289591523,-0.002993144810945377,-0.0026987059346840606,-0.0012939169744869757,-0.00198174033291017,-0.0019543044012856137
2019-03-06 11:45:00-05:00,-0.0012010982912727078,-0.0022395422779773405,-0.0029672160935967063,-0.001259581985368309,-0.0022696654895395865,-0.0020157813656342285
2019-03-06 12:00:00-05:00,0.001058186024869828,0.002150056819304602,-0.0007186724469783177,-0.00032414911142817596,0.0012773206391798024,0.0011523725743004597
2019-03-06 12:15:00-05:00,0.0008857269968613212,0.0009838999004818817,0.0035230830764641907,0.001044104505293786,0.0015589572318337888,0.0011510461401502165
2019-03-06 12:30:00-05:00,-0.0013717815303116545,-0.0009838999004819237,-0.0034904049397687137,-0.0016927181164878386,-0.00141713337682377,-0.0016118358266146923
2019-03-06 12:45:00-05:00,0.0004860545334501112,0.0003578937988364871,0.0003267226480529199,0.0004684853593919298,0.000992204191959551,0.0005183734708866945
2019-03-06 13:00:00-05:00,-0.0009437335368340937,-0.0002684083401637525,-0.00045744160248738794,-0.001117519943266018,-0.0011340280469696608,-0.0010370157921995285
2019-03-06 13:15:00-05:00,-0.0010019037006822609,0.00026840834016389714,0.0021220686698616505,-7.214096347382679e-05,0.0,-0.00023059406898953572
2019-03-06 13:30:00-05:00,-0.00034374105179485123,-0.0011636234753717876,0.0004564721305215257,-0.0001442975417811298,-0.0004255922890172382,-0.00028831738176884116
2019-03-06 13:45:00-05:00,0.00100224798275561,0.001253076914916262,0.0032869608960895916,0.0013699866946696789,0.001417937139376847,0.00161350771167868
2019-03-06 14:00:00-05:00,0.0003433967697215096,0.0004471472083086395,0.0033733408570128416,0.0008282916059838829,0.0007082153270520293,0.0007482445381906833
2019-03-06 14:15:00-05:00,0.00048627698722794106,-0.00017883489116372878,0.00035613112476754534,0.0001799726446439141,0.00014158289702246923,0.0004026691264716328
2019-03-06 14:30:00-05:00,-0.00037183759706493425,-0.0010736814881931213,-0.0011984001175134585,-0.0003599776852711554,-0.000708115027464367,-0.00046020652579693865
2019-03-06 14:45:00-05:00,-0.0008299824462951267,-0.000626846980318428,-0.003278638245595209,-0.0008644755153403201,-0.000850400448102995,-0.0009786426433021304
2019-03-06 15:00:00-05:00,0.0002576544867606476,0.0017899499118333617,-0.004203261267315528,0.0002522158981445736,0.0005670139779101506,0.0005757881258831387
2019-03-06 15:15:00-05:00,-0.0008591065820493211,-0.0022379384508191135,-0.0030085045582651988,-0.0012617161010496643,-0.0014181382224958568,-0.0015553894488898807
2019-03-06 15:30:00-05:00,0.00011459019693406947,0.0007166853610233042,-0.0006224508382924791,0.00010820949368499532,0.00014190435670169278,-0.00011531032905050821
2019-03-07 10:15:00-05:00,-0.00525784831090084,-0.0012663381910253018,0.0006710734070584114,-0.001090373924520307,-0.001001860682053128,-0.001396851491568758
2019-03-07 10:30:00-05:00,0.0006659814060924824,-0.0015398553767334321,0.003281765720811424,0.000254526944869173,-0.0004296763171233642,0.00034939583992072565
2019-03-07 10:45:00-05:00,-0.0015933026734254788,-0.003086842525551456,-0.002879337733221445,-0.0013096864082160291,-0.0018640670725992797,-0.0020982085506300726
2019-03-07 11:00:00-05:00,0.0026348187519520407,0.003992926943995547,0.0027455987246969233,0.0021455333878671046,0.0034386451248016735,0.0029129910778825387
2019-03-07 11:15:00-05:00,0.0012714927301798605,0.0009957455335281734,-0.0005016806406331856,0.0001452934021188287,0.0008578169087031885,0.0008722452143405398
2019-03-07 11:30:00-05:00,-0.0005777508321438991,-0.0016299184121837944,0.004106370635762707,7.263878551148645e-05,-0.00028585721626774236,-8.719029286942584e-05
2019-03-07 11:45:00-05:00,0.0025107875991513193,0.004340559330994088,0.0019305025300580666,0.0016329792793057744,0.0028549016607098254,0.0022934791084070765
2019-03-07 12:00:00-05:00,0.0007203261948331795,-0.0004512635455640078,-0.0026637381314998662,-0.0010702075228557603,-0.0007129616728642494,-0.0009283704864756604
2019-03-07 12:15:00-05:00,-0.0006915031825382301,0.0008121278194066491,0.000899805102951589,0.00027219525640982884,0.0002852456697654609,0.00040626814255856483
2019-03-07 12:30:00-05:00,0.0005762858537244297,-0.0001804158590434813,0.00159765710990647,-0.00010886921189439024,0.0002851643278754417,-5.802820172245737e-05
2019-03-07 12:45:00-05:00,0.0015255533088371917,0.0010369469606597128,-0.0011980034710692947,0.0009068814783402836,0.0007125552531786788,0.00029010734175042056
2019-03-07 13:00:00-05:00,0.000891227221294702,0.0017558476473786893,0.0013642793897111498,0.001340677061454805,0.0017080638982966848,0.0012175326179368051
2019-03-07 13:15:00-05:00,-8.621309007417732e-05,-0.0002699298198862537,0.0016612403315445987,-0.0003983919505085865,-0.00042674253848190607,-0.0006375702992304246
2019-03-07 13:30:00-05:00,-0.0008913040943133368,-0.001350743113969714,-0.0030588180913039037,-0.0004347904921843946,-0.0015662825357828012,-0.0013344165359100108
2019-03-07 13:45:00-05:00,-0.00028768699853185816,-0.000721143042925681,-0.0009661353674066792,-0.0006706726009750523,-0.0007127584050859308,-0.000987453611834503
2019-03-07 14:00:00-05:00,-8.632224097903353e-05,-0.0013535464979345184,-0.0016679458115170375,-0.0007799958674745307,-0.0008559812206793513,-0.001046602996951208
2019-03-07 14:15:00-05:00,-0.0027373988768708587,-0.0027126016904488372,-0.003511768019849022,-0.0017981206315981243,-0.0020001435341574533,-0.002038202429339464
2019-03-07 14:30:00-05:00,0.00023080695985431985,0.00027159152801373414,0.003979073345619867,0.0004543761039998139,0.00014300014324372426,0.0002914262420810526
2019-03-07 14:45:00-05:00,-0.0017323521006269388,-0.0024469832764530295,-0.003175295546895228,-0.0013819440330067076,-0.0020038652665457526,-0.001924984552896574
2019-03-07 15:00:00-05:00,-0.0016195740590786247,-0.0011803160985329663,-0.0032861675337328192,-0.00134741462483144,-0.0015772873932486113,-0.0015777482382340249
2019-03-07 15:15:00-05:00,-0.0020861711851378616,0.00018167779493127417,0.0012419651496559231,-3.644182063733282e-05,0.0,0.00011695564470511335
2019-03-07 15:30:00-05:00,0.00040598539010254286,-0.0008178101319046676,-0.00117479244861639,0.0,-0.00028704700591796807,-0.00035090797798434587
2019-03-08 10:15:00-05:00,0.0009926428468935195,0.0007322989937760129,0.00037060122048746176,-0.00036640103002210603,0.00014446691732704806,-0.0002944467367130804
2019-03-08 10:30:00-05:00,0.0013997027917262831,0.0012802342748084977,-0.00026951453857174243,0.0007326678594987651,0.0010106844637402933,0.0017065854786312109
2019-03-08 10:45:00-05:00,0.0008155894541990539,0.0014611207567233626,0.004102224986118204,0.0021034348603203865,0.002018309630577627,0.0021731478069576884
2019-03-08 11:00:00-05:00,-0.0008155894541989347,-0.0015525117273591333,-0.0019817617288215906,-0.0016274884502228296,-0.0011528209360900875,-0.0012915726690517688
2019-03-08 11:15:00-05:00,0.0016305142642797845,0.0020086744941413106,-0.0016151830686878454,0.0005854693985046123,0.0021604502138024805,0.0015262249447891177
2019-03-08 11:30:00-05:00,0.0007270506783747183,0.000911701754357495,0.002992755735091233,0.0009506573048180843,0.0008628748647841115,0.000586389907440821
2019-03-08 11:45:00-05:00,-0.0011344300706117583,-0.0012766153195069056,-0.004003571549450742,-0.0008043434980204293,-0.0017264949256578697,-0.0009970675312826359
2019-03-08 12:00:00-05:00,-0.0006113804286688139,0.00018247342781353975,3.371032716195285e-05,-0.0006585807822693045,0.0,-0.0009393255159800766
2019-03-08 12:15:00-05:00,-0.0009614965121660025,-0.0008213927631664112,0.0032309118402827387,-0.00021962334684445882,-0.0010085003015835711,-0.0008226342385941001
2019-03-08 12:30:00-05:00,0.0,-0.00036528012825672084,-0.00020162645407390274,-3.66085810554148e-05,-0.0005767428607709521,-0.00029396202222388423
2019-03-08 12:45:00-05:00,5.8298839869631195e-05,-0.00036541360658753794,0.0014440920683322337,-0.0008973291327572443,-0.0002884962154883491,-0.0003528685307294836
2019-03-08 13:00:00-05:00,-0.0011082595628040279,-0.00018275688815867026,-0.003092231557806535,-0.0013016419023114546,-0.0010103926956582623,-0.0014127206046183809
2019-03-08 13:15:00-05:00,0.0008750438080228059,0.0008221430991995496,0.0031929043879724665,0.0008435105205461543,0.001010392695658274,0.0009420354548701657
2019-03-08 13:30:00-05:00,-0.0008750438080228122,0.00027389756402394956,-0.0009400074549891622,-3.6659579152333265e-05,-0.00014427932502286987,0.00011769205886408029
2019-03-08 13:45:00-05:00,0.00096250608996945,0.0011860233120949803,0.0018456071412240713,0.0007695690793175569,0.0010095184012821165,0.0009998236438374128
2019-03-08 14:00:00-05:00,0.0016894356061654696,9.117432537310424e-05,-3.352610846010011e-05,0.00010989011000051875,0.0001441337563751648,5.878203622657555e-05
2019-03-08 14:15:00-05:00,0.0002328017703449151,-9.117432537312385e-05,0.00020113979283378314,-0.00018315689270569598,-0.00014413375637506142,-0.0001763564756790219
2019-03-08 14:30:00-05:00,0.0006108469145827668,0.0019129173258963924,0.00274486347607285,0.0012448058429116269,0.0014404035619688185,0.0012338426947205894
2019-03-08 14:45:00-05:00,0.001975424051158657,0.002090909852680461,0.00436951379823706,0.001425960022245856,0.0017257500507965066,0.0018186089724251072
2019-03-08 15:00:00-05:00,0.001189181490296337,0.000816993509496062,0.000997970875548495,0.0003653034799251265,0.0005745888256913528,0.0007030906983646327
2019-03-08 15:15:00-05:00,-0.000463902588777529,-0.00018149643863074223,0.0015282902738764966,-0.0004018411685549204,-0.00028725314380619277,-0.0007617039097991577
2019-03-08 15:30:00-05:00,-0.0016253559043455362,-0.0020895801189085962,-0.00372514233738109,-0.0011699114760934856,-0.0014375047397422902,-0.0013490529349655205
2019-03-11 10:15:00-04:00,0.0007609814208637928,0.0016935559801416814,0.0036610495930482568,0.0009948179851491082,0.0007059156018115884,0.0011552347855177758
2019-03-11 10:30:00-04:00,0.00016902836899698146,-0.0010692805652360083,0.001034326810164737,0.000560279793075061,-0.00042348956025347424,0.0003463103552546419
2019-03-11 10:45:00-04:00,0.0007884215084308914,0.0007129807351629333,0.004126642002852497,0.0006502538025123487,0.0007057163313359457,0.0006345909985663512
2019-03-11 11:00:00-04:00,0.0027826593740802575,0.0016023504563395096,0.011006702274519607,0.001227104728553333,0.0021141656923355564,0.0014407563580300514
2019-03-11 11:15:00-04:00,0.0015145568610105485,0.0002668089663640124,0.005426603609291265,0.0010094274159572775,0.0014069647062433838,0.001726172067618411
2019-03-11 11:30:00-04:00,0.0008404303497816894,0.0006222775558611522,-0.002662020269512254,0.00010809252730857961,-0.00014060742430346387,-5.7491088896986576e-05
2019-03-11 11:45:00-04:00,0.0013991495454651827,0.0019532123224784708,0.0016804328690061385,0.00018012825180210954,0.0007028395003969925,0.0009768992846783278
2019-03-11 12:00:00-04:00,-0.00016779461977953634,-0.000532316030845923,0.005182013618379144,0.0006121934722508773,0.00014050864151279158,0.0002297200297251258
2019-03-11 12:15:00-04:00,-0.00033567372829107104,-0.0003550348415227066,0.0042770050732127505,-0.000216025491847822,0.0004214075072898816,0.0002870758474097122
2019-03-11 12:30:00-04:00,-0.0008956811973946323,0.00035503484152266666,0.0003451359399210374,-0.0003601462232578932,-0.0002809186056821025,-5.740857685704973e-05
2019-03-11 12:45:00-04:00,0.00047593052312844833,0.0011529934758471498,0.007376185967350425,0.0004321599058887341,0.0007021486034856211,0.0004591763604856363
2019-03-11 13:00:00-04:00,-0.0005319372439494605,-0.002218476373538983,0.0009648754969901019,-0.0002880858515755823,-0.0007021486034856847,-0.0005165882332765824
2019-03-11 13:15:00-04:00,0.0007278428180896601,0.0006216696470197372,0.005336655544883532,0.001043916581482519,0.0011232012412852577,0.0008608321908917098
2019-03-11 13:30:00-04:00,0.0008950799176650708,0.0014195096204301589,0.00132972574676304,0.0006114448271641141,0.0007013606683911845,0.0005161438435399863
2019-03-11 13:45:00-04:00,0.00044723969997761796,0.0010633114288803303,-0.0006801038966240829,0.00017976558616034766,0.0005607345769689928,0.00068777764568203
2019-03-11 14:00:00-04:00,-0.00039132379748050845,-0.0010633114288803958,-0.0003092911072535093,0.00010784384222106287,-0.0004205214527908317,0.0
2019-03-11 14:15:00-04:00,-0.0006991736053144126,-0.0007095029342908493,0.0004948198647428999,-0.0005033707971455777,-0.0009819049743882732,-0.0007451138076150544
2019-03-11 14:30:00-04:00,-0.00036376355770132535,-0.001775962816386832,-0.0004638864489180808,0.00014384608493751112,-0.0005615217386259271,0.0
2019-03-11 14:45:00-04:00,-0.00030790332079049697,0.0016872395442144598,-0.002105655079109613,-0.00010788262381015291,0.0005615217386257987,0.0004585972736511726
2019-03-11 15:00:00-04:00,0.00025192794993905823,0.0002661462045519085,0.0005887912905034344,0.00028766113716625273,0.00014033118181885497,0.00040110016581752366
2019-03-11 15:15:00-04:00,-5.5978504269046406e-05,0.0003547514559841954,0.0019189111428286909,0.0005391416994947443,0.0004208754270881623,0.000744473748736035
2019-03-11 15:30:00-04:00,0.001230803814220304,0.0005318913294140562,-0.0008352022757564137,-7.186876766143137e-05,0.00014025245464801634,0.00011448524583897445
2019-03-12 10:15:00-04:00,0.00016587415718675067,0.0005308560177751348,0.0023169253966076712,-0.0005013518699795803,0.0005593232334867333,-0.001084660721743144
2019-03-12 10:30:00-04:00,0.004715884141522133,0.0023853708633699393,0.00024682216588344175,0.001574831657462846,0.0019551713511364393,0.001712084881043565
2019-03-12 10:45:00-04:00,0.0024456944631759993,0.003347578336479851,-0.00037025609802784784,-0.00010729613744189998,0.002369008911736288,0.001766080331425948
2019-03-12 11:00:00-04:00,0.001234314083885055,0.0008790822947551534,0.003173578790895401,0.0005721130794491516,0.0006957005985344443,0.0005121493311742225
2019-03-12 11:15:00-04:00,-0.0012068683235672204,-0.0018469662242522537,-0.0038527378945793244,-0.00146669554804021,-0.0016704952725766797,-0.0016511989175505039
2019-03-12 11:30:00-04:00,-0.0010159951447178059,0.0006160345174137611,-0.0033097761318546465,0.0,-0.0008362952609513546,-0.00017096939689454935
2019-03-12 11:45:00-04:00,-0.0007970427389478714,0.0010551770598724842,0.005838846350752589,0.0013236979608806268,0.0019502687800339274,0.002220325421121226
2019-03-12 12:00:00-04:00,-0.00030249281810226287,0.001492930812112675,0.0062642224125703146,0.0008933996234441895,0.0011127339627861165,0.0011935210282957665
2019-03-12 12:15:00-04:00,-0.0017342238191327293,-0.0008779246426665505,0.00021425401425629407,-0.0005359439888182069,-0.0006953136144406695,-0.000738678367584309
2019-03-12 12:30:00-04:00,0.0008812514339870212,-8.783487050011231e-05,0.0006119015029537872,-0.00017871184549682337,0.0002781834637872605,0.0007386783675842288
2019-03-12 12:45:00-04:00,-0.0038059562199989003,0.00052689353579,-0.0015610894062428264,-0.0004290387809604898,-0.0005564443351477251,-0.0005113345944036269
2019-03-12 13:00:00-04:00,-0.0011058889708773039,0.00043886597737667344,0.0033640204206787927,0.0,0.0001391401143191433,0.00017047391790351245
2019-03-12 13:15:00-04:00,0.0011887813627848899,-0.0015808197205890394,-0.0026596979956419746,-0.00028612815159710794,-0.0002782995913042676,-0.0008526603517955682
2019-03-12 13:30:00-04:00,0.00022101279201488968,-0.0006154387393129017,-0.0007962271505364883,0.0004649166810013757,0.00013915947698507118,0.0002274471905861328
2019-03-12 13:45:00-04:00,0.0004971002587866989,0.0002638058404325221,0.0016835793804793908,0.0003932222828962804,0.00041736227650913466,0.0005115671117079131
2019-03-12 14:00:00-04:00,0.0004968532728910434,-0.000175862827448297,0.0030233184837226627,0.00035734067453076847,0.0004171881579073775,0.0002840909110016131
2019-03-12 14:15:00-04:00,-0.0020718525622889675,-0.0003518184653026382,0.0017061211218948966,0.00021434312844417801,-0.0002781060992688279,0.00022721463359971607
2019-03-12 14:30:00-04:00,-0.0007745933772265828,-0.0014966108964798181,-0.0049435559939864735,-0.0010364176618378692,-0.0016702627586857705,-0.0015915876601214
2019-03-12 14:45:00-04:00,0.0012722296154136568,0.0014086369367150371,9.176978027583351e-05,0.00017876935225840784,0.0004178273041287337,0.0007961104739373984
2019-03-12 15:00:00-04:00,0.0001658237297556845,0.0006156552525156723,0.0014366281451790536,0.000214481046059697,0.0001392369815672746,0.0
2019-03-12 15:15:00-04:00,-0.002517952105780452,-0.001407769358358263,-0.005328935800697588,-0.001287576851287005,-0.0018115946983508252,-0.0016497898838150218
2019-03-12 15:30:00-04:00,-0.0003325112945927644,-0.0012334259966430413,-0.0010446111309993758,-7.158068040505936e-05,-0.0008372288216669085,-0.000398633262681968
2019-03-13 10:15:00-04:00,-0.0035005065995049353,-0.0018375923966837968,0.007125138666883152,0.0003560302663332549,-0.0011082636030797016,-0.0007923258005267858
2019-03-13 10:30:00-04:00,0.0002760753150988523,0.00026272002953452335,0.00032808888520396995,-0.00021360294853289081,-0.00027725792095559764,-0.0002831257097056272
2019-03-13 10:45:00-04:00,0.0004691531871179655,0.00026265102584890985,-0.002896864753361,0.00014240703514815632,0.0004158580597774494,0.00039635355255310256
2019-03-13 11:00:00-04:00,0.0022323590965323626,0.0022734237920971835,0.010058111873034781,0.0015295962003342265,0.002491523193512649,0.00254424290577218
2019-03-13 11:15:00-04:00,0.0011555605754035951,0.0021811210880315164,0.0038417258159984856,0.0013497915200946858,0.0019335687261655134,0.001861672657735548
2019-03-13 11:30:00-04:00,0.0015935820495183227,0.0013063928003246897,-0.0005015415130724777,0.0009224929249700665,0.0011032201353372555,0.0009576925975623455
2019-03-13 11:45:00-04:00,-0.0008789036243765097,-0.0010449776716138955,-0.0022452666822576034,-0.0003901816167549884,-0.00041356493558851405,-0.00033790443257900884
2019-03-13 12:00:00-04:00,-0.0012922917978224154,8.712319224886247e-05,-0.0012133589331365154,-0.0001774056206753424,0.0,-0.0004507169292333883
2019-03-13 12:15:00-04:00,0.001072445139980187,-0.0015693799812049138,0.000740028154841201,0.0,0.00013787398339775122,0.0
2019-03-13 12:30:00-04:00,-0.0007698441445898148,0.00026173442829559394,-0.0032008562938062183,-0.0006389209552694991,-0.0008275291831463132,-0.0005636819855574169
2019-03-13 12:45:00-04:00,0.002060751666923931,0.0004360718715535955,-0.00017812611375900834,0.0007098869803149413,0.00041385019213938817,0.0008454038715765576
2019-03-13 13:00:00-04:00,-8.234858159226445e-05,-0.0011341826377218426,-0.0004454541478624704,-7.096602504542053e-05,-0.0006898455019708615,-0.0005635231616258043
2019-03-13 13:15:00-04:00,-8.235536343971477e-05,0.0010469834747785767,0.0024623612530532894,0.0005321224716714514,0.0004139644049732234,0.0006198580160151849
2019-03-13 13:30:00-04:00,0.0003019365132802387,-0.0006106071369061042,-0.001304592944540854,-0.0002128150113553111,-0.0004139644049731789,-5.633485438923187e-05
2019-03-13 13:45:00-04:00,0.0004390177049521356,-0.0005236744610183983,0.003376580425101868,-0.0003902785218955104,-0.00027607150427272185,-0.0001126792305199294
2019-03-13 14:00:00-04:00,0.0018089135009846308,0.001657362556627907,-0.00035489309218199864,0.0008158632640130222,0.0013795959972505922,0.0012387737725365053
2019-03-13 14:15:00-04:00,0.00032854209741100485,0.00017429953418981916,-0.001687464319783307,0.0004254036967923804,0.00013785497678297194,0.00028132560811197887
2019-03-13 14:30:00-04:00,-0.00021901607117959249,0.0008710422570673722,0.00109569580235119,-0.00021267922735802267,-0.0001378549767830257,-0.00016878586739744181
2019-03-13 14:45:00-04:00,0.0004653518280600485,-0.0009581882266214616,-0.003706508416915457,-0.0008866506468226244,-0.0012415507181799173,-0.0008443569316731861
2019-03-13 15:00:00-04:00,-0.0009583134418114797,-0.001046344429946137,0.000534584670151628,-0.0007098869803149433,-0.0009667173795261584,-0.0007323531395997434
2019-03-13 15:15:00-04:00,-0.00191938638580348,-0.0011347766580855057,-0.003152231473903731,-0.001350175194895874,-0.0015210179923539665,-0.0012405900031926414
2019-03-13 15:30:00-04:00,0.000493908472338768,-0.00017469537538436454,0.0004764457239789675,0.00028439894253100436,0.0,0.00022567632469045788
2019-03-14 10:15:00-04:00,-0.00472400971358557,-0.002268464960914417,-0.006051276177760255,-0.002027748827139211,-0.003181192171041644,-0.0025999732040580363
2019-03-14 10:30:00-04:00,0.002678768275813407,0.0025298800896251927,0.0007138183635438401,0.0009254481074817846,0.00207583799977564,0.00141386744512087
2019-03-14 10:45:00-04:00,0.001145850510050857,-0.0006972589291946779,-0.005306317414280476,0.0003912780614072114,-0.0005531356014640217,-0.000734961588940639
2019-03-14 11:00:00-04:00,-0.0019104809304394275,0.00043584380048394247,-0.0025438833357375778,0.00014224498165915815,0.00013831258666598795,0.0005088770888962094
2019-03-14 11:15:00-04:00,0.0008465204421350234,0.0012193530230913147,0.0019459044863694376,0.0006398521448951535,0.0008294740228125089,0.0005086182647087443
2019-03-14 11:30:00-04:00,-8.189002174653571e-05,-0.0001741022855321342,-0.0012569207101442105,-0.00042652260327786276,-0.00013819789961194622,-0.0003955696254111996
2019-03-14 11:45:00-04:00,0.0024810187624590366,0.0008702084698301203,0.00047901324189979954,0.0012435161127738441,0.0009669844654582733,0.001129784048996055
2019-03-14 12:00:00-04:00,-0.0008444911081178347,0.0006956219575317117,-0.0005688537750141999,7.101137960349702e-05,0.00041413584247332216,0.0002822466854753013
2019-03-14 12:15:00-04:00,0.0018787017982368481,8.691873104120493e-05,0.004988882473854959,-0.0001420278021810036,0.0008277575143257065,0.00011287637227313643
2019-03-14 12:30:00-04:00,8.160267661290181e-05,-0.0017398116693408275,0.001697110853493981,-0.0006749076698354832,-0.000551762204494231,-0.0007904022994414337
2019-03-14 12:45:00-04:00,5.439808520102074e-05,0.0006092784590952394,0.003444899911429308,0.00042631046704953306,0.00041385019213938817,0.00028235825803141977
2019-03-14 13:00:00-04:00,0.00010878729375152442,8.70094840884788e-05,-0.004278208492134397,-0.00046184454423314894,-0.00027588109699765726,-0.00016940538749662574
2019-03-14 13:15:00-04:00,-0.0006801148295947564,0.0,-0.0006850233324719268,-0.0001776893284464792,-0.0002759572283810876,0.0
2019-03-14 13:30:00-04:00,5.442621167692565e-05,-0.00034808336948064845,-0.0022071772017098366,-0.00014217419917685078,-0.000414078680864766,0.00011294011362491225
2019-03-14 13:45:00-04:00,0.00019046841683081596,-0.00034820457370322974,-0.0008364201706414305,-0.0005333333459752179,-0.000276147740795384,-0.0005648281660515238
2019-03-14 14:00:00-04:00,-0.00081654876610995,-0.0019172954585711369,0.000776699068172198,-0.00046245242900235027,-0.0008289010628634504,-0.0006216796854459581
2019-03-14 14:15:00-04:00,0.0006260803492790228,0.00026166594130991907,-0.002092488731692175,-0.0002846924451177295,0.00013819789961200143,0.00011306142073728593
2019-03-14 14:30:00-04:00,0.0011694476373242915,-0.0003489031393063015,-0.0003591524041957997,0.0007471448741199585,0.00041447914381708995,0.0003391075851299565
2019-03-14 14:45:00-04:00,-0.00013591203793840323,0.0009591908653102632,-0.0021576274477713995,-0.00017784101060573169,0.00013812154718073337,0.0
2019-03-14 15:00:00-04:00,-0.000924692061863497,8.715356463596813e-05,-0.0035763160027800093,7.114019957810894e-05,-0.00041442188740661954,-0.0005652432109345657
2019-03-14 15:15:00-04:00,-0.0008438474497987662,0.0006098623642586198,0.0010832607203791734,0.0002489508512752318,0.00027630034022587893,-5.654189756114753e-05
2019-03-14 15:30:00-04:00,-0.0002178827254855222,-0.00017420844083948335,-0.004793280509647107,0.00021333712680236507,0.0,-0.00011309338698484868
2019-03-15 10:15:00-04:00,-0.00021635655644759497,-0.00017265938662479167,-0.0014937835034608683,-0.0010688519767030902,-0.000549186531274209,-0.00146120800438993
2019-03-15 10:30:00-04:00,0.0021344725286326196,0.0032754414492636376,-0.001202504874266585,0.0009264043704722707,0.0016466556036330022,0.0011803722353008366
2019-03-15 10:45:00-04:00,5.39781928232684e-05,0.0007741935870564193,0.0031352121437173332,-0.0006412654524245794,0.0006853070443647903,-0.0003371070627759954
2019-03-15 11:00:00-04:00,0.002049015302641467,0.0032622254968473004,-0.0027831097956648324,0.0002494298758656545,0.0006848377202325592,0.00011238164819498347
2019-03-15 11:15:00-04:00,0.001883543770722593,0.0005997772435818245,0.0026953404534395668,0.0008547161260378683,0.0012315272492467364,0.0006178734117819726
2019-03-15 11:30:00-04:00,0.0012089788289324738,0.0023100626289249367,-0.001669082831370795,0.0008539862102082636,0.0005468589923692179,0.0007858326019731436
2019-03-15 11:45:00-04:00,8.054664326230782e-05,-0.002310062628924959,-0.002993750585001896,-0.0002134281911169509,-0.000546858992369143,-0.00022446059407952258
2019-03-15 12:00:00-04:00,0.0009660540131431461,0.0,-0.0008233841552055452,0.001475280437496834,0.0006835270259291561,0.0008414675690051137
2019-03-15 12:15:00-04:00,0.0027320957691901256,0.002908097674514533,0.0017048297830110192,0.0011538223861266288,0.00163856116404478,0.0019606751001279557
2019-03-15 12:30:00-04:00,-0.001284762361886999,0.0005976776134201032,-0.0007932660942182615,-0.00010645092622364002,-0.00027290714503819475,5.5962840688373886e-05
2019-03-15 12:45:00-04:00,0.00024101870689635814,-0.0003414863225227199,-0.0011763669268239885,0.0006385356466624779,0.00013646288230775044,-5.5962840688347154e-05
2019-03-15 13:00:00-04:00,-0.0015542517264484769,-0.0011961212925933034,5.8851224122325444e-05,-0.00028374328516811594,-0.001092224833818306,-0.0008398186485426698
2019-03-15 13:15:00-04:00,0.0009381995300239311,-8.549200654934551e-05,0.0005295052191727537,0.00014188170636547678,0.0002731680683513508,0.0006719113329861122
2019-03-15 13:30:00-04:00,0.0005357190817327099,0.0,0.0021739138996197454,-0.000709609921738603,-0.0001365747065765298,-0.0002799081919410962
2019-03-15 13:45:00-04:00,0.0021400109817557417,0.0005982906161372042,0.0005280760552221681,0.0003903477693283802,0.0006826870827679309,0.0010632345713434048
2019-03-15 14:00:00-04:00,0.00037403152987493807,-0.0005982906161371587,-0.0023785414023947933,-0.00046133646440845333,-0.0004095563197179457,-0.00022374493171248828
2019-03-15 14:15:00-04:00,-0.0007482030116830645,-0.0014544834870799334,-0.0022663399496078073,-0.000887784149218828,-0.0008196161923207263,-0.0011754829229262726
2019-03-15 14:30:00-04:00,5.346164128510713e-05,0.0002568273278393329,0.0034122698206982063,-0.00010658708174669737,0.0008196161923206628,0.0007278428180896601
2019-03-15 14:45:00-04:00,0.00010691470889273058,0.0008556150254600889,-0.00026432882659736546,0.0005683332006277234,0.0002730561830057823,-5.596910506855781e-05
2019-03-15 15:00:00-04:00,0.00016035063372884674,-0.001026825914890811,-0.0014697671595547393,-0.0001775694301136074,-0.00013651877154292406,-0.0003358804297258351
2019-03-15 15:15:00-04:00,-0.00032072698390662714,-0.0009421842238745949,0.0007645485125560034,-0.0008172257419010854,-0.0006828735583582756,-0.0007281281827239334
2019-03-15 15:30:00-04:00,-0.00026735108703789673,0.00017137226381870485,-0.0016180043244506221,0.0004975212881815456,-0.00013663068746474504,0.0
2019-03-18 10:15:00-04:00,0.0019466413261758457,-0.0005986487820964738,-0.008469570544067212,-0.0007792714206939313,-0.0006812917554704061,-0.0005596440809806731
2019-03-18 10:30:00-04:00,0.0034041680702415014,0.0010260357447520257,-0.0036309371974931073,0.0005668030688261231,0.00040883074976629517,0.0003917837403895591
2019-03-18 10:45:00-04:00,-0.001248622029045125,-8.546278101100849e-05,0.003484783238653074,-0.0006022389299211662,-0.00013625834603471767,-0.0003358052361205246
2019-03-18 11:00:00-04:00,0.0006643547367033568,0.0005126671620810295,0.00137300461222745,0.001062529983616777,0.0,0.0011189125338670826
2019-03-18 11:15:00-04:00,-0.0019145377720298214,-0.001709913638524909,-0.0015484175640002875,-0.0008499336501026838,-0.0020461062928914977,-0.001454830573025129
2019-03-18 11:30:00-04:00,-0.0012783979156046426,-0.0033427647480708616,-0.010788352206673079,-0.0020924961529230697,-0.0032825031183272087,-0.002859868488762466
2019-03-18 11:45:00-04:00,-0.0019740709606580974,-0.0002575991771070641,-8.866951400132352e-05,-0.0004971679287052284,-0.0004110715322342171,-0.0006179081198737244
2019-03-18 12:00:00-04:00,0.001707532231002898,0.000343450825511713,-0.00450291079606156,0.0002486148613460469,0.0002740664628322919,-0.00028099359519479894
2019-03-18 12:15:00-04:00,0.0001066240171608346,0.00017168118845525444,-0.0019317934531260978,3.551136364001436e-05,-0.00041112786655543153,-5.620819516975571e-05
2019-03-18 12:30:00-04:00,-0.0016272528366324663,0.00017165171908436124,5.9495478361309845e-05,0.00021304170371920858,-0.0005484335504575389,-0.0005622557849620095
2019-03-18 12:45:00-04:00,0.0016005978981369498,0.0017148985981959447,0.004304018279835617,0.0003904586163478415,0.0013705203269063432,0.0007308708932752872
2019-03-18 13:00:00-04:00,-0.0009066909072040165,0.0006851368400584916,0.0019825131140093206,0.0005676677876803085,0.0006845564341807981,0.0004495013420255905
2019-03-18 13:15:00-04:00,0.0011199105242165538,0.0011123471669739848,0.0023620430834975963,3.546853940914775e-05,0.0008208496254048413,0.0003931479972011613
2019-03-18 13:30:00-04:00,0.0010654166786625806,-0.0007699546962633792,-0.0028351219486526698,-0.00010640939250265865,0.0,-0.00016847307278576462
2019-03-18 13:45:00-04:00,0.0007717179088906742,0.0010264745779606848,-0.0006508490851609435,0.0008863991503645592,0.0008201763838895818,0.0011226180629481555
2019-03-18 14:00:00-04:00,0.0006647963973552197,0.0006837314911037111,-0.0026373120645396446,-0.0002126641509423564,0.00013663068746481551,0.0
2019-03-18 14:15:00-04:00,-0.00034563897024636936,-0.00042727739498106147,0.0027260891601074803,-0.0005673256069194513,-0.0005466347932494007,-0.00022442281352081078
2019-03-18 14:30:00-04:00,-0.0011174969234461493,0.0006835562277522139,-0.00023675643792162867,0.00042552437655610285,0.00041000410578464347,0.0005048805223368738
2019-03-18 14:45:00-04:00,-0.0002129982169451821,0.0007684426607648155,0.0024241002794943194,0.0004962163605107203,0.000546410777886824,0.000728822143602959
2019-03-18 15:00:00-04:00,0.0010113377132825745,0.0009384064841515495,5.905104964940483e-05,-0.0001771918638131329,0.0004096122394790929,0.0001120793522987543
2019-03-18 15:15:00-04:00,-0.00010640844893129156,0.00017052479045449106,-0.0034603645726358646,-0.0007800174126629948,-0.0008193923299012683,-0.0009530751408215146
2019-03-18 15:30:00-04:00,-0.0007451763485207956,0.0,-0.00014814595366409826,0.0,-0.00013663068746474504,-0.00039270687741710804
2019-03-19 10:15:00-04:00,0.0007703648988352255,0.0022927999174673546,0.003697921627145948,0.0011294052411979863,0.001903338213102978,0.0011721367718425504
2019-03-19 10:30:00-04:00,-0.0044710653324247914,-0.002632921514215845,0.0035702592799116773,-0.000776329061345128,-0.0019033382131029605,-0.0013955567744476647
2019-03-19 10:45:00-04:00,-0.0003734926945564103,-0.0006805904384536045,0.003017624062311332,0.00038823986652211233,0.00040816327097277884,0.0007259325759936352
2019-03-19 11:00:00-04:00,-0.0010678912833729838,-0.001618261148657179,-0.003473906509057043,-0.0013418318014662629,-0.0014974138381968068,-0.0013964922390178234
2019-03-19 11:15:00-04:00,0.001708079093655494,0.001958614268301019,0.0012257872941218197,0.001306543496007037,0.0013613779245058458,0.0016197501307160772
2019-03-19 11:30:00-04:00,0.00010665813411716569,0.0014452098069280557,-0.0002279397109335611,0.0003528270302104284,0.0005440326553767149,0.0011712868760582118
2019-03-19 11:45:00-04:00,-0.0005600821600223956,0.0001698874499733648,-0.0007126466572042292,0.0004584891100984417,0.0002719053786039048,0.0
2019-03-19 12:00:00-04:00,0.0032228450167890556,0.0005094892480607681,-0.0006275494401116901,0.0019726304017211034,0.0017655851388109528,0.0020047340697130606
2019-03-19 12:15:00-04:00,2.659185491649265e-05,-0.0005944293653294169,0.0015396461855926144,7.037916779542308e-05,0.0002713520130620333,0.0006673525815622069
2019-03-19 12:30:00-04:00,-7.977768622358447e-05,-0.0012749682985064741,0.003129002695141154,-0.0006688021650962713,-0.0006785181424655648,-0.0008342603375967228
2019-03-19 12:45:00-04:00,-0.00010638014956430229,0.00042517007443207357,0.0015041224296452047,-0.0007044858425533226,-0.0004073319811921075,-0.00022258701853114374
2019-03-19 13:00:00-04:00,-0.0015437852413935768,0.0011045969344728914,-0.002185979379751963,-0.0008107727460493657,-0.0006792555620490701,-0.0011136788744679947
2019-03-19 13:15:00-04:00,-0.0010660697686188376,0.00016982974608831356,0.0025262215220233676,0.0002468265174732379,0.00013588802847370698,0.00011142371665330843
2019-03-19 13:30:00-04:00,-0.0009604354712086079,0.0005941770822463043,-0.001617182200291349,-0.000670099481941454,0.0,-5.571030642109367e-05
2019-03-19 13:45:00-04:00,-0.0012285670045922468,-0.000339486529888873,0.00090821371969134,-0.0003528643802380509,-0.00040771949463971056,-0.00011142992462162122
2019-03-19 14:00:00-04:00,-0.0001603592049619668,-0.00033960182013357377,0.001813956622328803,-0.0007061025201140761,-0.00013594344773508774,-0.0003343642930088878
2019-03-19 14:15:00-04:00,-0.00021385228235148879,-0.0011045030859464084,0.002234574592974236,-0.0006005794005151253,-0.0002719423498982575,-0.00033447612988470775
2019-03-19 14:30:00-04:00,0.0006681365919694692,0.0011894143537226978,0.00036723682950616965,0.0005299417188145962,0.0008156052922730307,0.0006688404228936738
2019-03-19 14:45:00-04:00,0.001708398258661919,0.0009335484001429092,0.0007340693178103629,0.0008120322434628843,0.0009506995147674488,0.0007240726616895487
2019-03-19 15:00:00-04:00,-0.0008805283738817891,-0.0021229627538656647,-0.0036474204570435317,-0.0016954245270599689,-0.0019023037192586478,-0.0015044299934499784
2019-03-19 15:15:00-04:00,-0.0014960064767495602,-0.0012759443718135994,0.004042465469094562,-0.0010964913379288583,-0.0008163821121491865,-0.0008925832508031779
2019-03-19 15:30:00-04:00,-0.0024625939263226973,-0.0014480411388842701,-0.0065382834355744626,-0.0017001686553542337,-0.0017711176291910402,-0.002123083737391373
2019-03-20 10:15:00-04:00,0.003338182177059903,0.003075479763848049,0.0005401947675609003,0.0003554228680945418,0.001777170665964301,0.0011187873513350264
2019-03-20 10:30:00-04:00,0.005093435132972605,0.0017045216552880032,-0.006015441570908754,0.00010660223164093958,0.0008191685897356205,0.0006147999299396982
2019-03-20 10:45:00-04:00,8.021497617902129e-05,-0.00025549310307610806,-0.00011438702863571166,0.0001421186337685834,-0.0005460378266857458,5.5872164502397716e-05
2019-03-20 11:00:00-04:00,0.00042770456959326984,-0.0005111821197574751,0.0053905411252294375,0.0005327650632142595,0.0004095563197180313,0.0008935303417489304
2019-03-20 11:15:00-04:00,-0.0023814313214666123,0.00042600324406720074,-0.004933071496093183,-0.00017755681864836732,-0.0012291725120387228,-0.0004466653713189806
2019-03-20 11:30:00-04:00,-0.0008844458719474287,0.0013619921237167725,-0.004383144828395772,7.102651067506886e-05,-0.0005467842388981787,-0.0001116975232234096
2019-03-20 11:45:00-04:00,0.00016086653474546014,-0.0030670950561203793,0.00358243558603861,-0.0012436928616096716,-0.0015052000652468276,-0.0012854190558830288
2019-03-20 12:00:00-04:00,-0.0009655876082150285,-0.0007682458764532976,-0.0019472529849326754,-0.0017437726838565087,-0.0016446245055560782,-0.0018471877628480214
2019-03-20 12:15:00-04:00,0.0030812536937597926,0.0032396976202047627,0.0,0.0011035564111665534,0.0020553583557992227,0.0016234678592331043
2019-03-20 12:30:00-04:00,0.0012832853862497324,-0.000936728332141672,-0.0011472166916287098,0.00028459116892237495,0.0002737288732618506,0.0005032994178493025
2019-03-20 12:45:00-04:00,-0.0017381774910125254,-0.002388366384613699,-0.004659733450122427,-0.00145938660485672,-0.002191931831781226,-0.001790661064356239
2019-03-20 13:00:00-04:00,0.0006956335896955532,0.001536033070708378,0.0027351920888723366,0.0006409685966797685,0.0015074691082762376,0.0010076413649625022
2019-03-20 13:15:00-04:00,-0.0005885815355319705,-0.0002558417206518523,-0.001985869326276554,0.00039150087697958355,0.0,0.00011189750200515751
2019-03-20 13:30:00-04:00,-2.6761939171785704e-05,-0.00042654837705263234,-0.002480675092357858,-0.0006407176256349153,-0.0005479076912633719,-0.0008395366251204503
2019-03-20 13:45:00-04:00,0.001016450535554739,0.0002559508588327539,5.776006470722508e-05,0.0008186219135975721,0.0005479076912632986,0.0010073594046596784
2019-03-20 14:00:00-04:00,0.0006147185183752637,0.00063959068378002,0.00282616406819758,0.0005513022431806905,0.0009581166897744929,0.0006151093410964686
2019-03-20 14:15:00-04:00,0.006763619542558073,0.008108554116796314,0.007516675280900462,0.005266483193606837,0.0066812356524971915,0.006796872875234981
2019-03-20 14:30:00-04:00,0.00413147122269242,0.0027445285029957353,0.005643291497204503,0.0014138524526186665,0.0024431637534539138,0.0031044734859432634
2019-03-20 14:45:00-04:00,-0.0010577254602235908,-0.0009702799807814815,-0.002190830688641006,0.00010595839376981044,-0.0004067796666261128,-0.0007198228439272346
2019-03-20 15:00:00-04:00,-0.0009264284202619735,-0.0009289756600861257,-0.000512835134747619,3.531696980779639e-05,-0.0008140560791456282,-5.539245556166242e-05
2019-03-20 15:15:00-04:00,-0.0007152602395086032,-0.001098994108414761,-0.0010264599441395645,-0.0012014772546267243,-0.0013582345042220162,-0.0012748740710141072
2019-03-20 15:30:00-04:00,0.0006887782406457745,-0.0012695727477585734,-0.0013416881589040858,-0.0007781963923611555,-0.0009518630036070491,-0.0004993065290973953
2019-03-21 10:15:00-04:00,0.004945826206107275,-0.0005488358485349338,-0.001371953568783299,0.001098200478801684,0.0016177961061358105,0.001218938012797971
2019-03-21 10:30:00-04:00,0.0013680775484673348,-0.0006336466575936228,0.005699453865947813,0.0006371117815721732,0.0012116318122023136,0.0012174540116408556
2019-03-21 10:45:00-04:00,0.002524733410361817,0.001266892061340282,0.0030042582889676737,0.0005659810193709844,0.0013445380176789277,0.0009397457850243425
2019-03-21 11:00:00-04:00,0.0025183751810336653,-0.0009288972125438991,-0.001445368125544515,0.0012016471077845126,0.0005373094359907288,0.0010492600918470439
2019-03-21 11:15:00-04:00,-0.0004364065838298617,0.002615593796273809,-0.0010297085721632604,0.0008120609138840064,0.0005370208895924597,0.0010481602989745556
2019-03-21 11:30:00-04:00,-0.0016703718532969402,0.0,0.0013634405328769616,-0.00014118062319402208,-0.00026847439586721216,-0.0009377758851418745
2019-03-21 11:45:00-04:00,0.0013878896028599122,-0.0014335106595147217,0.005988207852707436,0.0012346551589562985,0.0010734653831894066,0.00099291179517403
2019-03-21 12:00:00-04:00,0.0008728692277345296,0.002191596949189605,0.00030399757036070574,0.0019019112891677742,0.0014741358874279973,0.0015425725450919387
2019-03-21 12:15:00-04:00,-0.0006674196777168838,-0.0004210880978508544,0.003943581631372187,-0.0008448473617014648,-0.00013392259294183094,-0.0004404922572120182
2019-03-21 12:30:00-04:00,-0.002777136707356373,-0.0026991708007303135,-0.004247579201732895,-0.0017271161460749665,-0.002547942909885919,-0.0016535762345753838
2019-03-21 12:45:00-04:00,0.002237741587362658,0.0008442737636875522,0.005485356312358293,0.00021164394512752607,0.0010736094435249762,0.0006066288169265392
2019-03-21 13:00:00-04:00,0.00033394556997607615,0.0004218697328851619,-0.00038492205803686714,7.053802884415267e-05,0.00040230656302298545,-0.00011026878026325985
2019-03-21 13:15:00-04:00,-0.0007708119600559326,0.0019383117479366385,0.002746198243716758,0.0013392780474717125,0.001339854156361945,0.0012673574541843986
2019-03-21 13:30:00-04:00,0.0014383687271693492,0.0005891760123297997,0.002875414465928168,0.0005809705893014066,0.0009368309036354034,0.00088069360309127
2019-03-21 13:45:00-04:00,0.000256633990014079,0.0005888290883455079,-0.0006017834855280387,-0.0005809705893013855,0.00026750485012068723,0.00016504373696479423
2019-03-21 14:00:00-04:00,0.003560408981345859,-0.00025231286929483173,-0.0011498659756797329,0.0005281690263627673,0.0005347951193709295,0.0002750123772901696
2019-03-21 14:15:00-04:00,0.0003579006608236195,0.0015969073825584832,0.0011498659756796511,0.0013719353472815934,0.001335737859724622,0.0011542267962744784
2019-03-21 14:30:00-04:00,0.0027311611642284,0.003018743644999006,0.00393238989497884,0.0010891716346211275,0.002666135019279692,0.002468866124835208
2019-03-21 14:45:00-04:00,-0.0021945502325972773,0.0,0.002585844629898434,0.0005616892952787766,0.0,0.0002739425833480779
2019-03-21 15:00:00-04:00,0.00025542784302330505,0.0015895594411951728,0.0007880328120741059,-0.000702160929019149,0.00013312034098445988,-5.4782513435505346e-05
2019-03-21 15:15:00-04:00,0.0005106600391835751,-0.0001672031103673137,0.0030917794210087632,-0.0006675098617722818,-0.00013312034098457808,-0.00043836818149045365
2019-03-21 15:30:00-04:00,-0.0005617403885842885,0.0005850886158217832,-0.00027082656432457947,0.0004567654062056909,0.00013312034098445988,0.00043836818149052423
2019-03-22 10:15:00-04:00,0.005716425251070199,0.004586295460405541,-0.0006349995381853744,0.0015948966698159737,0.0033602182154638576,0.002707782379495219
2019-03-22 10:30:00-04:00,0.00045999336376227655,-0.001344255610952761,0.004738953627037353,-0.0008857396504676121,-0.00040263052483262236,-5.518763798320176e-05
2019-03-22 10:45:00-04:00,-0.0017900529009508138,-0.0008410783119147455,-0.005595461063321324,0.0005669637472263071,-0.0010744746181808379,-0.0007177165879778582
2019-03-22 11:00:00-04:00,-0.002716766158270188,-0.0015578622548177436,-0.003821766539306212,-0.0029446219879029033,-0.0022870990730968813,-0.002876028640985448
2019-03-22 11:15:00-04:00,-0.0020295707618024415,0.0008844898965596019,-0.0025838012902111795,0.0003197158108940128,-0.00013469827606579196,0.0002215268748847672
2019-03-22 11:30:00-04:00,-0.00033437504330472144,-0.002613609109402624,-0.0044329897645764334,-0.0013150414178317053,-0.0018876834298172823,-0.0021064893179655233
2019-03-22 11:45:00-04:00,-0.001209828068851152,-0.0021127363558928317,-0.002153877110675955,-0.002563967004738322,-0.002026480023409483,-0.0025002791111642096
2019-03-22 12:00:00-04:00,-0.00607119348522344,-0.003389690123299018,-0.006856077883164163,-0.0028923426698126897,-0.004472764301360332,-0.003566754972511999
2019-03-22 12:15:00-04:00,-0.0016857943433478415,-0.0008492208909158726,0.0007891547998398627,0.0006077289001260803,0.0001358326543787371,0.000558144741417448
2019-03-22 12:30:00-04:00,0.00012977743188678697,0.0007643312474013551,0.003740004078273909,0.0004644847875419204,0.0006788866520077374,0.0008923841190105331
2019-03-22 12:45:00-04:00,-0.0022865467531267324,-0.0011042216360244118,-0.0009828562591798042,-0.0020023963925205374,-0.0020380441836997977,-0.0021765830671345797
2019-03-22 13:00:00-04:00,0.0028833061081741627,0.0041557179644741695,0.006441155908914017,0.0031091440956372714,0.0033944363889443756,0.0032909445141143675
2019-03-22 13:15:00-04:00,0.0013737868125698403,-0.0008890582918753153,0.0001674761350422593,0.0002497413406250684,0.0004065591599570797,0.000167047163370873
2019-03-22 13:30:00-04:00,-0.0023858932479873672,-0.0008474576778379147,-0.00506457704958067,-0.0007851114726215239,-0.0017629513652015591,-0.0017275011261821554
2019-03-22 13:45:00-04:00,0.0015048130904419235,0.0004661905956314161,-0.0003928060430405949,0.0009991258480705255,0.0006784260775813328,0.0006133259183061706
2019-03-22 14:00:00-04:00,-0.0038183352234784735,-0.003650568618203792,-0.005318038954797418,-0.002070726743600939,-0.002852487671719392,-0.002511442329084172
2019-03-22 14:15:00-04:00,0.0044144449771578295,0.004243587951069133,0.005907190173286114,0.003140112127206101,0.00380151160411874,0.0032357974061676086
2019-03-22 14:30:00-04:00,-7.773329709705703e-05,0.0009311775835803826,-0.0017404001698235504,0.0006054778117090778,0.00013550135522088778,0.0004454963181018729
2019-03-22 14:45:00-04:00,0.00031089694016914226,-0.00033850971422967786,0.0014037848338165969,0.0,0.0,0.0
2019-03-22 15:00:00-04:00,0.001966772540204008,0.0009306261246946621,0.002913575390688978,0.0011742937795229925,0.0014893043640928885,0.001224092516181506
2019-03-22 15:15:00-04:00,-0.004352789544377513,-0.002116313326910628,-0.0033345039653261397,-0.0018866586829359802,-0.0021669948210407994,-0.0017809939311816947
2019-03-22 15:30:00-04:00,-0.0014551504490565373,-0.0022057272993710334,-0.0032893379297566873,-0.001212186183335666,-0.0016283333538869291,-0.0018399782163466519
2019-03-25 10:15:00-04:00,-0.00031961646296855927,-0.0026066719885441824,-0.011938110592404322,-0.000683699198996782,-0.002202492458939164,-0.001637031130474497
2019-03-25 10:30:00-04:00,0.0053931401558763425,0.0015391853908792456,0.002903686816156952,0.0020137734478541712,0.0030271780942978874,0.0025954256113200195
2019-03-25 10:45:00-04:00,0.004863360011312708,-0.00017090365348152364,0.00017395338093277932,0.0004669037185708134,0.0013729665093517665,0.0003380376944214536
2019-03-25 11:00:00-04:00,0.002291313766664161,0.004348945201808099,0.005118058795931241,0.0030832685535621416,0.0030139073434254484,0.003486381353505821
2019-03-25 11:15:00-04:00,-0.0030826408634301965,0.0008080121216155816,-0.0019053673595466583,0.0005725839797138385,-0.00027361652814522776,0.0005050788591576782
2019-03-25 11:30:00-04:00,0.004686068862146347,0.0023353087912012334,0.004440222962734785,0.0021799737030036943,0.00273280213800785,0.002521574797924968
2019-03-25 11:45:00-04:00,-5.2530664787587135e-05,-0.002292799917467318,-0.002823314370007861,-0.002788355069512057,-0.0023224054154213462,-0.002297177164378463
2019-03-25 12:00:00-04:00,-0.001051193200971172,-0.0019572808563228473,-0.006657621487864184,-0.0014687972834778055,-0.001505612110315306,-0.0019089868518749839
2019-03-25 12:15:00-04:00,0.0005520142086679089,0.0011918445202604856,0.005069609200746679,0.0008958647485138801,0.001368831915874121,0.0011795103591709024
2019-03-25 12:30:00-04:00,0.0016017438796780312,0.0011904257177245544,0.0019341528236300556,0.00032231494029708426,0.0005470085606483182,0.0008416564294401076
2019-03-25 12:45:00-04:00,-0.0045757041993161355,-0.002808273482052401,-0.005088775221258755,-0.002940493037290549,-0.0035609159040736415,-0.003314609776271232
2019-03-25 13:00:00-04:00,0.0005006653683682258,0.00042600324406720074,0.004396374293475065,0.002295759236279783,0.0015080891259673162,0.001967619254100909
2019-03-25 13:15:00-04:00,-0.00031618054172183075,0.001106759860973468,-0.0005773672215816327,0.000573117236068746,0.0008216364721046179,0.0006175958873526862
2019-03-25 13:30:00-04:00,-0.005999991568257608,-0.001958947905217957,-0.003007695019973552,-0.0017562099062441094,-0.003015973223136729,-0.002528943687947311
2019-03-25 13:45:00-04:00,0.002277362422716535,-0.001108931274606115,-0.0024649482517180234,-0.0004305627880872164,-0.0004119747380432385,-0.00033767622798840243
2019-03-25 14:00:00-04:00,-0.00416142671977202,-0.0009392879180888911,-0.0003194377922066782,-0.001688158153874494,-0.0015120277794790533,-0.0016619019922940723
2019-03-25 14:15:00-04:00,-0.002899362309838773,-0.00017087445041373209,0.00031943779220687795,-0.00017975912325954462,-0.0004127683052551731,-0.0001973582199056744
2019-03-25 14:30:00-04:00,-2.663860733512515e-05,0.00042713139210808805,-0.00026135060331990254,-0.000647400529742389,-0.00041293875328690996,-0.0001691951952599519
2019-03-25 14:45:00-04:00,0.0023946371596196094,0.003069972137822891,0.003942034090312609,0.0022281729223636547,0.0023377348380211383,0.0026474414156310434
2019-03-25 15:00:00-04:00,-0.0035674389572944204,0.0005107469785428525,-0.0009550960886957449,0.0006818345200635278,-0.00013736263757865787,0.0005623822660385293
2019-03-25 15:15:00-04:00,-0.0005869171014708691,0.0028893157980095538,0.0037283818966718446,0.0016846485937010126,0.0016471076402392545,0.0020780687062608126
2019-03-25 15:30:00-04:00,0.0028779298782828293,-0.0005941770822462111,0.004691263586400127,-3.581405343833178e-05,0.0010965664864150152,0.0005608996977969025
2019-03-26 10:15:00-04:00,-0.0015599410385846982,-0.0026186870852562627,-0.006483453942295858,-0.0011354968130962823,-0.0014874918226158572,-0.002217849041955081
2019-03-26 10:30:00-04:00,-0.001171554787025234,-0.001862592080623989,-0.0032017845964445978,0.00012425778180325436,-0.0012186866775759412,-0.0008329631756599393
2019-03-26 10:45:00-04:00,-0.001694672616866046,-0.003820687276377764,-0.0036038088478980265,-0.0011188762677913195,-0.0017629513652015591,-0.001556723412257572
2019-03-26 11:00:00-04:00,0.0034124836116294845,0.003735941513615299,0.002990123649135069,0.0025555944127061054,0.0036580449949738096,0.002889131659342974
2019-03-26 11:15:00-04:00,-0.0019783430025941376,0.0011857876288857636,-0.003130067951531211,-0.0014899695893727178,-0.0006764069521961771,-0.0010546767561038204
2019-03-26 11:30:00-04:00,-0.0014341406090353599,-0.0022881365915277375,-0.005079215645246128,-0.0005149102128131768,-0.0018963771345237505,-0.0012225959454476806
2019-03-26 11:45:00-04:00,-5.2189342948021365e-05,-8.484642801632318e-05,0.001826997908239969,0.0006214102661638421,0.00027113129699091025,0.00044475330823460563
2019-03-26 12:00:00-04:00,-0.0024036588973155573,-0.0021235037283876715,-0.0034037079795130134,-0.0022388864677569814,-0.0025787202129268607,-0.002225747239416334
2019-03-26 12:15:00-04:00,0.0005491703742931923,0.0007649809127834232,0.0012390528464211509,0.00035571365426224894,0.0008150513254302125,0.001057847657247189
2019-03-26 12:30:00-04:00,-0.002486749530948262,-0.001785866619721623,-0.0027618098943752176,-0.0015660874158841896,-0.002038875247555423,-0.0020610524230061473
2019-03-26 12:45:00-04:00,-0.0021514412454594427,-0.0023861275116175934,-0.0022036397209905753,-0.0010335365687116605,-0.0014978216307891055,-0.0011716789824503108
2019-03-26 13:00:00-04:00,0.0013124050390229919,0.0016197787002698637,0.0008198691495823192,0.0006059958122212424,0.001361748695485894,0.0012274389913862998
2019-03-26 13:15:00-04:00,0.0019392039619975424,0.0005960998217899038,0.0007062446442399557,0.0007836851411868594,0.0010880653912625714,0.0009474447568227876
2019-03-26 13:30:00-04:00,-0.0024902043039142906,-0.0009368878975054651,-0.002488196493950686,-0.00103316835582466,-0.0012241568449293514,-0.0011147341120336344
2019-03-26 13:45:00-04:00,-0.004129031337366989,-0.0011083639978552062,-0.0032893833714369835,-0.0009628758634158888,-0.0019072276062623485,-0.0018420323377603182
2019-03-26 14:00:00-04:00,-0.003458338430138966,-0.001793033267263767,-0.005040089260267872,-0.0010709505708998415,-0.0017742600532730584,-0.0016775243680051473
2019-03-26 14:15:00-04:00,-0.0009260117339181638,-0.00017093286653300133,-0.0009139202098398196,-0.00046443500531149036,0.0,-0.0007278020699718667
2019-03-26 14:30:00-04:00,-0.003872067639464746,-0.0009406533958520693,-0.00014287551280902543,-0.0002501697593549886,-0.0012301805816031736,-0.0007843796799614156
2019-03-26 14:45:00-04:00,-0.002074799914379043,0.0029899219266981496,0.001541976319234956,0.0013930066187991873,0.0017764421178908633,0.0015121817499333455
2019-03-26 15:00:00-04:00,-0.004429981625625703,-0.0001706120712179852,0.004100350287719192,0.00046390465807158194,-0.0006828735583582756,-0.0003918276008708343
2019-03-26 15:15:00-04:00,0.00018720331671979055,0.00025590719238861913,0.0009089102224837263,0.00035670335144305867,0.0006828735583583452,0.000615660175040556
2019-03-26 15:30:00-04:00,-0.007569489906922276,-0.0007679181264738637,-0.004153633283283721,-0.0013204384346015355,-0.0021868388404771505,-0.0021845076742976854
2019-03-27 10:15:00-04:00,0.002040141132868624,-0.00042574932523223676,0.010034097793282957,0.0015841235012990194,0.001772083342689457,0.0016204742035100899
2019-03-27 10:30:00-04:00,0.0031711662102727393,0.00042574932523213593,0.003266228442246302,0.0006400569157974124,0.0013610073553747754,0.0011718097429267438
2019-03-27 10:45:00-04:00,-0.002456776520019039,-0.00494987142500962,-0.009206503886914384,-0.0032757145952775775,-0.004361759794613085,-0.004023363254711194
2019-03-27 11:00:00-04:00,-0.0003703605767052183,0.0,0.0018141108747977603,-0.0009455421961324706,-0.000546560101055915,-0.00022399552102608732
2019-03-27 11:15:00-04:00,-0.004880387385601835,-0.004372809848769871,-0.00696253008040636,-0.0019474202843954554,-0.0039715198737332496,-0.003365967667032113
2019-03-27 11:30:00-04:00,-0.0034091547427571277,-0.0034430849594237764,-0.0031704800839881466,-0.0024709939517409767,-0.0032987453458096874,-0.0033773356805026655
2019-03-27 11:45:00-04:00,-0.004519026341442482,-0.0038011362773377405,-0.006284906828012456,-0.0031243291952300564,-0.004000557135801888,-0.00412453265654767
2019-03-27 12:00:00-04:00,0.004038680483195048,0.0019023742172063084,0.002989538848365986,0.001150313767046865,0.0024849878184229875,0.0014144273928104849
2019-03-27 12:15:00-04:00,0.0035437880973950447,0.0010361353083430968,0.0007459903367213952,0.0003951149476688721,0.001377885164607514,0.001073628401710688
2019-03-27 12:30:00-04:00,0.0015945999605002862,0.0014660230290387804,0.004178717549168221,0.0017940120704806888,0.0013759892091900082,0.0018056148226258666
2019-03-27 12:45:00-04:00,-0.0011691246183551942,0.001721985874730649,0.0008279446035601634,0.0008241660265130443,0.00041242783097675864,0.000901586289342228
2019-03-27 13:00:00-04:00,-0.0003988778290111116,-0.001721985874730689,-0.0012850352297335656,-0.000770395358399294,-0.0012377941341082407,-0.0011271099279943795
2019-03-27 13:15:00-04:00,0.0032130887873842605,0.003183346059153711,0.0021693220815322237,0.002148459307458133,0.002885806592522692,0.00270293263639238
2019-03-27 13:30:00-04:00,0.001642384475144401,0.0021451870248104066,0.0008550175799478915,0.0005185191923574535,0.0009600878532021884,0.0007869811249650358
2019-03-27 13:45:00-04:00,0.0014282693921865359,0.0012849068068985401,0.0007404243539178658,0.0007862057047516967,0.0012330457789152284,0.0011793116433907187
2019-03-27 14:00:00-04:00,-0.0016135648728305833,-0.0011134904790734183,-0.0015669295666246475,-0.000607468305262722,-0.0008218615625954902,-0.0009545736027224457
2019-03-27 14:15:00-04:00,0.0021420362816155325,0.0018836428361546577,0.004154106013634469,0.0013216647753512122,0.001643048223400792,0.0013473686248872056
2019-03-27 14:30:00-04:00,-0.0021420362816155746,-0.000684550576511935,-0.0018188540553016044,-0.000892825315549571,-0.0009581166897743895,-0.001628299068357526
2019-03-27 14:45:00-04:00,-0.0021201046792183563,-0.0015419543038877749,-0.002021669561989285,-0.0011439808200856508,-0.0015074691082763115,-0.0015183896742431196
2019-03-27 15:00:00-04:00,-0.001088298248017259,0.0010282336709878915,0.0008262461828799014,0.00046490005486341044,0.00027425437264828764,0.0009562919106450086
2019-03-27 15:15:00-04:00,-0.00026561836110260357,-0.0013712133099342213,-0.0018814144660336252,-0.0004291308378477095,-0.0005485839813911832,-0.000618672685650231
2019-03-27 15:30:00-04:00,0.0017252595485878004,0.001884933942834175,0.004270833893292255,0.0014654373914260925,0.0019187287459884236,0.0019671768933718138
2019-03-28 10:15:00-04:00,-0.001565215403980467,-0.00017068487346757262,0.0038089949426964287,0.0006410370774548071,0.00027238679092501174,0.0009518477762330518
2019-03-28 10:30:00-04:00,-0.0013017894799443894,0.00025601638644697037,-0.0010908024072331121,0.0,0.0,-0.000447815507497607
2019-03-28 10:45:00-04:00,0.0028404962089594527,-0.0008536429730039057,0.0016217882367982168,-0.00014241717575198007,0.0005445510991552898,0.0005597380572101869
2019-03-28 11:00:00-04:00,-0.0005833687055558178,-0.004708106625180368,-0.007741105577693584,-0.0015679290517287283,-0.003271763534710461,-0.002745715050097966
2019-03-28 11:15:00-04:00,0.0010074232029122902,0.0009433962963833889,-0.0030737584653564563,-0.0012489742193847427,-0.0009562842258807333,-0.001459977236618608
2019-03-28 11:30:00-04:00,-0.0031050568332005755,-0.004209266587765145,-0.008281151093740202,-0.002789052994200336,-0.004246000078571863,-0.003602897471291931
2019-03-28 11:45:00-04:00,0.0015670029633045397,0.0016342683836934701,0.0042909373747481135,0.0006443183871537531,0.001645752274360566,0.001352608203516713
2019-03-28 12:00:00-04:00,0.0011405080475047776,0.00051553036326724,0.00048193455127744703,0.0006439035082695581,0.0008218615625956018,0.0009007234543720646
2019-03-28 12:15:00-04:00,-0.0020697897796520736,-0.00017181392594118523,-0.0008222635392477317,-0.0017538212734844036,-0.0012330457789152,-0.0016331591172919254
2019-03-28 12:30:00-04:00,-0.00031880977953349524,0.002488417278576501,0.0026911054015518365,0.001753821273484478,0.002054232439720437,0.0019707213585349937
2019-03-28 12:45:00-04:00,0.0005312931800671788,0.0005140727526142094,0.002204137887940782,0.0005362697207637162,0.0005470833754722293,0.001068195974962168
2019-03-28 13:00:00-04:00,0.00013277920166114001,0.00034256840997882543,0.0035502995871670023,0.0007860090795709722,0.001229844374745652,0.0009547880534378441
2019-03-28 13:15:00-04:00,-0.00015933715776242425,0.0004280455505817278,-0.0012101939194246044,0.0004641696802016585,-0.0002731680683513933,0.00022452358995279405
2019-03-28 13:30:00-04:00,0.0003451984261365143,0.00025673941090971714,0.002250352567104755,0.0006066662094567153,0.0006827803078306018,0.0008415147761672635
2019-03-28 13:45:00-04:00,-0.0013283389748416931,-0.0007704160627594449,-0.003039173883644429,-0.0007137631680054388,-0.001502732523226699,-0.0012344641468909063
2019-03-28 14:00:00-04:00,0.00018607371230891693,0.0002568713088873681,0.002027141862036773,0.0010347904580817358,0.0009565455771709328,0.0008418453746702961
2019-03-28 14:15:00-04:00,-0.0006115151141736203,0.0010268259148908563,0.0003655741664144458,0.00017830397308500764,0.00027313076304996806,0.00011219252248622263
2019-03-28 14:30:00-04:00,-0.001091020478371038,0.0,-0.001519415036263429,-0.00024963446511716884,-0.0005463361468954875,-0.0004488456326933148
2019-03-28 14:45:00-04:00,-0.00082570889132099,-0.0011124423532993205,-0.0027068957738128775,-0.0007492775174823555,-0.001230348753973688,-0.001291554537130226
2019-03-28 15:00:00-04:00,0.001331451745173833,0.0012834775442064957,0.0011005602679866457,0.0004995807194382897,0.001230348753973635,0.0005617504290631825
2019-03-28 15:15:00-04:00,0.0027902916018951365,0.0014526192420160641,0.0028445515075612,0.0011765965631633448,0.0017745022401398343,0.0017954837198314497
2019-03-28 15:30:00-04:00,0.00010614302782946527,-0.0010251592030200729,-0.0035781237549992566,-0.0002851084322311929,-0.0008186097735263212,-0.0008412316126176343
2019-03-29 10:15:00-04:00,0.001030043009526921,0.002891527294238058,0.0049104501325305935,0.0004963219103921629,0.002982042196279591,0.0015611499922931094
2019-03-29 10:30:00-04:00,0.001028983112571219,0.0006791460000418538,-0.0016713095812360952,3.5442140709106446e-05,0.0006764984698536932,-0.00016714954351372568
2019-03-29 10:45:00-04:00,-0.002666985116809695,-0.003485508926999728,-0.0047225919464226095,-0.0024129316392911978,-0.003115689326209128,-0.0024547419506510374
2019-03-29 11:00:00-04:00,-0.0016671742618050592,-0.0023873481944555784,0.00011203540330466827,-7.105679217110883e-05,-0.0012218301818697288,-0.0010059519667984925
2019-03-29 11:15:00-04:00,0.0016407328757459493,0.002217012206307765,0.002880597128441405,0.0009588409413898945,0.0017643869940937547,0.0018992827539933352
2019-03-29 11:30:00-04:00,0.00031725049836472225,0.0009364890859805852,0.0023709582800392334,0.0008515319218086075,0.0009487666745855683,0.001338501635937366
2019-03-29 11:45:00-04:00,0.0006870309962660256,0.001275618848031599,-0.0018404913170871554,0.0005672853774779738,0.00054174850651199,0.0006685795719419447
2019-03-29 12:00:00-04:00,0.0004753604906500435,-0.001616058870043851,-0.003943344083229873,-0.0008687866788780647,-0.0012193471230328757,-0.0014491544491879822
2019-03-29 12:15:00-04:00,-0.0021673635380699456,-0.002215689687398114,-0.0011776252587636232,-0.001402288266852688,-0.0016281124280237368,-0.0015071172263833143
2019-03-29 12:30:00-04:00,0.0015334993222506225,0.002896453871456438,0.0020459361686060015,0.0013490727172564706,0.0018992069739062914,0.00150711722638319
2019-03-29 12:45:00-04:00,-0.00010568310929539432,-8.507018295225229e-05,-0.0016532403065007619,0.0002128452091258904,-0.00013553808640958027,0.00022308357360844696
2019-03-29 13:00:00-04:00,0.0004754860613673334,-0.0005956940011060722,0.001373222383524099,0.000319182894506627,0.0001355380864095253,0.00022303381842713664
2019-03-29 13:15:00-04:00,-0.0006340316699862353,-0.0003405559608921201,8.401361025427364e-05,-0.0004965507559153348,-0.00040666938340047176,-0.00039034183287127596
2019-03-29 13:30:00-04:00,-0.00010571103897369945,-0.00042585811051582543,0.0003079895307906075,0.00021283765887970178,0.0,-0.00016733601110012367
2019-03-29 13:45:00-04:00,0.0008717820568775818,0.0008515349430972772,0.0017341691524371864,0.0004964451086871274,0.0008131734540389663,0.0008364001825838812
2019-03-29 14:00:00-04:00,-0.00039617035843360804,-0.00025538435483995505,-0.0006150061694462023,-0.0004609765692779706,-0.000270984352311948,-0.00066906417148383
2019-03-29 14:15:00-04:00,0.0002113103893331997,0.0009360906138406775,0.0028482092302720453,0.0008863048759718118,0.0008127328588239687,0.0006690641714836858
2019-03-29 14:30:00-04:00,0.001055882683955696,0.0001701041892258695,0.001059026909077973,8.858729841121602e-05,0.00027076423369916836,0.0005572117270072111
2019-03-29 14:45:00-04:00,-0.00031664775840465964,-0.0011061948030666356,-0.0012821229249507546,-0.0006202759540670824,-0.0006770480962759133,-0.000668691340288388
2019-03-29 15:00:00-04:00,0.0019247253980915347,0.0019562819881905388,0.002033908450898613,0.0019127576098999283,0.0016241459887459688,0.0015595847982498277
2019-03-29 15:15:00-04:00,-0.0007114531070439713,-0.00042495326153708804,0.0003061210315138666,-0.0011330442922349129,-0.0005410889546962146,-0.0006124039830634961
2019-03-29 15:30:00-04:00,-0.0015828214452903158,-8.501232683846958e-05,-0.0021169334665396915,-0.00010628875120714622,-0.0005413818904645191,-0.0004456203945068467
2019-04-01 10:15:00-04:00,-0.005246864584592273,-0.003759482325172475,-0.00035974707401663993,0.0005094825348917316,-0.0020153170867764944,-0.0015739989718750276
2019-04-01 10:30:00-04:00,-0.001057977246377735,0.0012688210127205113,0.0033985913375188135,0.0003863309147898896,0.0012096775668667863,0.0008839535395062135
2019-04-01 10:45:00-04:00,-0.0024641322432226924,8.453085381206122e-05,0.0007169249741805473,0.0003510804536911527,0.0,-0.00016568178090587137
2019-04-01 11:00:00-04:00,0.004869409150521622,0.001267106099590207,0.0009092036829164266,-7.020623083171575e-05,0.0013423721728487812,0.0011040270503965325
2019-04-01 11:15:00-04:00,0.004031041803651583,0.0027819947128313875,0.0043417396664243955,0.0007018406057222388,0.002679350521115277,0.0022594520799353516
2019-04-01 11:30:00-04:00,0.0003417590106477481,-0.000757958601219161,0.0003563938463832601,0.0001403090308702632,0.00013377926441353327,-0.000165152766684374
2019-04-01 11:45:00-04:00,-0.00260557318654408,0.0006737693437186835,-0.0031846286352219624,-0.0011230238594519084,-0.000535224472534637,-0.00104660139552403
2019-04-01 12:00:00-04:00,0.0025004290074918086,-0.0009265499315157704,-0.00013749673466915163,0.0009827148285817867,0.0,0.00038571743921025475
2019-04-01 12:15:00-04:00,-0.0009204834502679294,-0.0012648622986629779,-0.002119840566980789,-0.0006316343748905139,-0.0014733461009714204,-0.0010472936686494604
2019-04-01 12:30:00-04:00,0.0013147171308144218,0.001433389790108902,0.0022573373016498643,0.0009473020145641815,0.0013394952106632982,0.0011574713302400217
2019-04-01 12:45:00-04:00,-0.0002890895014942868,0.0010947369514375184,0.004061365040322891,0.00010520040687194172,0.0009365802129635806,0.0008259457547895221
2019-04-01 13:00:00-04:00,0.0017857616552611792,0.0008412905893079445,0.0019425184970334318,0.0006660123633737364,0.0012028870736705815,0.0011551791812129582
2019-04-01 13:15:00-04:00,-0.0023904917143120785,-0.0005046894164406435,-0.000792967242787275,-0.00024532137222631504,-0.0005344378509197473,-0.0005499189008226224
2019-04-01 13:30:00-04:00,0.00044700964444513224,8.413259301624416e-05,0.0007929672427873738,0.000122668208935128,0.0,0.00022000385095460696
2019-04-01 13:45:00-04:00,0.00094594956734546,0.00042055682342452175,0.00021863897326783417,0.0001576941612623344,0.0004008551630372904,0.000274936766275985
2019-04-01 14:00:00-04:00,0.0018367887609671823,0.00033631816014666156,0.0004371345897705022,0.0005604890413489449,0.0010681621951593601,0.0008243570482225156
2019-04-01 14:15:00-04:00,-0.0007343106988581138,0.0005042652542034481,0.0002731121142198759,0.0005251733192618014,0.0002668623673186458,-0.0002197621084029753
2019-04-01 14:30:00-04:00,0.0002098580842411097,-0.001008784920150159,0.0017461534503331,-0.0005601946822968081,-0.00040032026155112724,-0.00032973374299251226
2019-04-01 14:45:00-04:00,0.0005506680266593781,-0.0001682298023062028,-0.0014185173419034322,0.00024512378874010635,0.0,0.00043962083411694077
2019-04-01 15:00:00-04:00,0.0018595398415246326,0.0010089545565215006,-0.001311188999040358,3.501277966804998e-05,0.0009338314445956757,0.0003845097548062484
2019-04-01 15:15:00-04:00,-0.0008376744554120353,-0.0007566204648470948,-0.0027371780378420392,-0.00045526178338420656,-0.00040010670045636853,-0.0008241305889231225
2019-04-01 15:30:00-04:00,0.0010469834747785767,0.0005044772461638198,5.4817048115688246e-05,0.0009803064242392468,0.0006667555921100886,0.0007692096750252023
2019-04-02 10:15:00-04:00,0.005177112646812785,0.0014316997560916652,0.0035669247059196404,-0.00034977876849725994,0.0014674495696314017,0.0012631811872958513
2019-04-02 10:30:00-04:00,0.0006744312984234697,0.0010934478337341475,0.006497429355584992,0.000559587318965319,0.0014652993163948597,0.0015356352594076274
2019-04-02 10:45:00-04:00,-0.0013233521658304593,-0.0005045196659466632,0.0005984766228688057,-0.001014482700873543,-0.0007989879911034641,-0.0007126802560297784
2019-04-02 11:00:00-04:00,0.0010899466486204875,0.0007566840784788394,0.0022818036141140463,-0.00024502940475450933,0.0005327295857495319,0.0004934481157201831
2019-04-02 11:15:00-04:00,-0.0028831563238859766,-0.0017664876733544555,-0.008665848868168884,-0.0015415611356224869,-0.002666490480672596,-0.0024696790995240706
2019-04-02 11:30:00-04:00,0.0010139483755065796,0.0011780051006753543,0.0036335363101514242,0.0017165882652744923,0.0014674495696314017,0.0018116941546057843
2019-04-02 11:45:00-04:00,0.0007792612997589481,0.00033631816014666156,-0.003743020366645026,-0.0004201165885307839,-0.0004000000053334014,-0.00043889727765294214
2019-04-02 12:00:00-04:00,0.000103855640752798,0.0010922535113792211,0.0020508340407432678,0.000770078971146765,0.0007998400746347282,0.0008227744416760142
2019-04-02 12:15:00-04:00,0.0004672169529002868,-8.397715826237503e-05,-0.0004918167262174032,-0.0001399702565491524,0.00013324450386135292,0.0
2019-04-02 12:30:00-04:00,0.0009856306239641162,0.00041981528744196913,-0.0020518439590423796,-0.0006301087145977267,0.0,-0.000548441070044459
2019-04-02 12:45:00-04:00,-0.0007261599426951625,0.0008391022099218722,-0.0006574802307909094,7.003168936818975e-05,0.00013322675212870417,0.00027425813347265447
2019-04-02 13:00:00-04:00,0.0005705986252955802,-0.00025165674153451885,-0.0005756500206931131,0.000280077723398472,0.0003995737932757665,0.0002741829365718073
2019-04-02 13:15:00-04:00,0.0002074097127032838,-0.00033564086742608214,-2.7420173023039098e-05,0.0004199695583800331,0.0,0.0003837298588913137
2019-04-02 13:30:00-04:00,0.0009328117174207374,0.00016783451556201355,0.0005482606568429553,0.0,0.00026629385684295804,0.00038358266676690903
2019-04-02 13:45:00-04:00,0.0008284361154154134,-0.00033569720427730913,0.0025454708493252405,0.0003148614635582354,0.0005323750708023492,0.00021912405248053203
2019-04-02 14:00:00-04:00,0.0024295695590244794,0.0003356972042771985,-0.002846977011928374,-0.00038484414287388066,0.0,-5.477651184537344e-05
2019-04-02 14:15:00-04:00,-0.0007230845032664053,-0.00033569720427730913,-0.0009599430256764564,0.00010497218246826894,0.0,-0.0002191360569758301
2019-04-02 14:30:00-04:00,-0.0001291772701474278,-0.00033580993473440534,0.0009599430256764638,0.0003498277134206525,0.00039909538909405697,0.0003286860803647749
2019-04-02 14:45:00-04:00,0.0006457195477034903,0.0011748417413080807,0.00043852437253765294,0.00010492445448905221,0.0005318795418254818,0.0003833305999518248
2019-04-02 15:00:00-04:00,0.001702698930537862,0.0003354157089848839,0.0022170833918444747,0.00024478092229784394,0.0005315967963583867,0.0003284521721056051
2019-04-02 15:15:00-04:00,0.0001288742833149778,0.0006704940954371997,0.0013388163040228965,0.0002447210192608299,0.0006640988423111736,0.00043776848218887715
2019-04-02 15:30:00-04:00,-7.732257694220395e-05,-0.0005866577439460637,-0.0005189201116049936,-6.991418037202356e-05,0.0,0.00016411378592628626
2019-04-03 10:15:00-04:00,0.003586161275640956,-0.000837205457247518,0.003845903553457286,-0.0001569379662315455,0.00013197835574128052,0.0004897426228376587
2019-04-03 10:30:00-04:00,0.0018648381335154875,0.0021752779964281164,0.00015882259549500016,0.0009761029866359654,0.0017141354408115133,0.0012504758874069555
2019-04-03 10:45:00-04:00,-0.0004595001740156564,0.0009188873756570563,0.005042715265253832,0.0004180383611070897,0.0011849902637461756,0.000923260805277757
2019-04-03 11:00:00-04:00,0.000995316988518963,0.0006677517880941909,-0.0010012384574214423,0.0006963424893600729,0.0003946849150037797,0.0008681733636271734
2019-04-03 11:15:00-04:00,0.0018094478476947432,0.0020005841707727294,0.0027904301150588,0.0005567250791856697,0.0013144924666326197,0.0015174920940388293
2019-04-03 11:30:00-04:00,-0.002217663186951888,0.000998793208006075,-0.0006837247485436785,-6.957368725971101e-05,0.0,-0.00016247833657932395
2019-04-03 11:45:00-04:00,-0.00025521923470680856,0.000332709506084166,0.001524590890163516,0.0004869141909956165,0.00039401103740623,0.00032493027823736226
2019-04-03 12:00:00-04:00,0.0020654052092770794,-0.0002495217512737906,0.0021777069227869555,0.00010430791706536932,0.000656340270345821,0.0005954314347188551
2019-04-03 12:15:00-04:00,-0.0010449188590126114,0.0004158350026653374,-0.0008652674347151915,-0.00017385257345599347,0.0002624155365053623,0.0
2019-04-03 12:30:00-04:00,7.649451155620327e-05,-0.0006654190305832965,-0.005312865920060003,-0.00017388280342894765,-0.0007874532856540668,-0.0005412866515555083
2019-04-03 12:45:00-04:00,-0.001071456006991715,-8.320852060043144e-05,0.0012913599285640964,-0.00010434419681822066,-0.00039395929596862595,-0.0004332403739476483
2019-04-03 13:00:00-04:00,-0.001583774311179976,0.00016641011811894727,-0.0031126377016714997,-0.0004870835966527258,-0.0009198423776035749,-0.0005960121546179313
2019-04-03 13:15:00-04:00,0.0007922006981908835,-0.0009155985324171316,0.0026384543418908842,-0.00013921032963133836,0.00013145786794278231,0.00010839227173731265
2019-04-03 13:30:00-04:00,-0.00012773186544208086,0.0004162850780287145,0.0010271132439295067,-6.961243280852022e-05,0.0005256587281826002,-0.0005420788857500088
2019-04-03 13:45:00-04:00,-0.00125263645189882,-0.0013327226994459956,-0.0032165389328893254,-0.0010796128373281903,-0.0011831209477890553,-0.0014107818612727838
2019-04-03 14:00:00-04:00,-0.0026382198363726836,-0.00250365246573631,-0.0054813520178947075,-0.001673961575915577,-0.0026341799887836066,-0.002664203402751959
2019-04-03 14:15:00-04:00,0.0018705244201951334,-0.0003760890957600145,0.0005839881244756959,-0.0004538472358309286,-0.0002638000410997321,0.00016331863501928146
2019-04-03 14:30:00-04:00,0.00012799017052958584,0.0011278432240467604,0.0036289988570858025,0.0011167921310112569,0.0011865525452776145,0.0010881097888143815
2019-04-03 14:45:00-04:00,-0.0013318991774792168,-0.002173277906420618,-0.0013758799863258753,-0.001710595634435141,-0.0015823831349557442,-0.0016870752300811654
2019-04-03 15:00:00-04:00,-0.0009744340079189651,0.0007528231221294553,-0.001775563942868511,0.0004191920135440859,0.0,0.00038120133337527667
2019-04-03 15:15:00-04:00,-0.0011037953708828863,-0.001422475346542767,-0.0038534669048161108,-0.0011881673917957573,-0.00145272080487757,-0.0015256779965284175
2019-04-03 15:30:00-04:00,0.0014629078539008984,0.000669652224413477,0.0009049051797855143,0.0009436600728229469,0.0005285063213460587,0.0009265820688006457
2019-04-04 10:15:00-04:00,0.0004082049245375353,-0.0020838550509939013,-0.003290174906094991,-0.0005744275465399682,-0.0021076211450642714,-0.001248507381806709
2019-04-04 10:30:00-04:00,-0.003577455647574219,-0.005941937308341619,-0.005062492493928679,-0.0015508606898425052,-0.004493498606927292,-0.0035913519759454325
2019-04-04 10:45:00-04:00,-0.00020481310875480313,0.000587396173640454,0.0053282308495091555,0.0004533091646075522,0.0009267841256508196,0.0009262791486674412
2019-04-04 11:00:00-04:00,0.002786977168597475,-0.0011751375843461773,-0.0008506114282147376,0.0005750581751381379,-0.0002647078302797052,0.00043559936437864943
2019-04-04 11:15:00-04:00,-0.0012263357097568564,-0.0025228117488496405,-0.0042906511118781365,-0.0007842522557086595,-0.002385528929311677,-0.002016239580101085
2019-04-04 11:30:00-04:00,0.001558209651763543,0.0010939999408038784,-0.00048084629873428655,0.0,0.00039798355526643946,0.0002727024832826698
2019-04-04 11:45:00-04:00,0.0013263954602525572,0.0015967731773257473,0.004026618419001926,3.486871927546078e-05,0.0009280127936325052,0.000981113642595497
2019-04-04 12:00:00-04:00,-0.001939171867110403,-0.0010922535113792183,-0.0037327404296839083,-0.0008720829380274828,-0.001591406741273852,-0.0014174733189767643
2019-04-04 12:15:00-04:00,0.00022983515812958276,0.0005882847467752227,0.0027209449390479465,-0.0002792272404313173,0.0002654103923749627,0.00010910777130916618
2019-04-04 12:30:00-04:00,-0.0004086323642609735,-0.0013451597303464201,-0.005690409808804007,-0.00038406480692765245,-0.0011949018946950723,-0.0011462257682007424
2019-04-04 12:45:00-04:00,-0.0018920997718467028,-0.0026957600251877067,-0.002494736865318053,-0.0006637322957284823,-0.001329345493204702,-0.0017491600294531422
2019-04-04 13:00:00-04:00,0.0010232011738623215,0.0005060088659516469,0.004234682429086215,0.0009430667831326928,0.0014621829004137353,0.0017491600294530661
2019-04-04 13:15:00-04:00,0.0002556367926391081,0.0017690173933524972,0.001977182892218302,0.00041885548353155674,0.0009293680966330201,0.0010916733706093284
2019-04-04 13:30:00-04:00,-0.0005624872310302673,0.0003366011728671289,0.0002135155340662167,6.979219377130578e-05,-0.00013271400152195322,-0.0003273768955716298
2019-04-04 13:45:00-04:00,-0.0001534605353667094,-0.000841715465713095,-0.00048047407699037425,0.0001395697763916807,-0.000531032206305639,-0.0002728959737490608
2019-04-04 14:00:00-04:00,0.0001534605353667006,0.0001683997814782935,0.001680650246870602,0.00010466455021226206,0.00026555135255291074,0.0004911591454338582
2019-04-04 14:15:00-04:00,5.114827887154068e-05,0.001934561962585739,0.0042291233753834305,0.0007672054917650964,0.001459273275672908,0.0011995966432141192
2019-04-04 14:30:00-04:00,-0.0001022991740232636,0.0014274920553186336,0.0002919204404846311,3.4858995367294376e-05,0.0007950706043951911,0.0004903296202841577
2019-04-04 14:45:00-04:00,0.00209504420012616,0.0015930245676253822,0.0005835853526549923,0.000453056395844583,0.0010591117690888197,0.0006533990594827793
2019-04-04 15:00:00-04:00,-5.104645228274632e-05,0.0014231898593062872,0.002383854495436472,0.00034836529937244264,0.0007935983486407165,0.0008161489108562049
2019-04-04 15:15:00-04:00,2.552355185885344e-05,-0.0001254941333138211,-0.0041621989807743036,-0.0002786825301510592,-0.0007935983486407263,-0.000979458655367095
2019-04-04 15:30:00-04:00,-0.0011236530116328569,-0.0020519699823365522,-0.0025269667252483465,-0.0002787602157535041,-0.001191579645822408,-0.0009259259920787516
2019-04-05 10:15:00-04:00,0.00015257857826343605,0.0019157093981391831,0.0005018290453029803,0.0007978354800899,0.001054226888176962,0.0012463424177571682
2019-04-05 10:30:00-04:00,-0.0012212809700558832,-0.0016656260357152685,-0.002432254999470147,-0.0005896431095883677,-0.0013179573571677479,-0.0010294756002410135
2019-04-05 10:45:00-04:00,-0.001426715484932297,-0.001417966706847157,-0.0002382559674535255,-0.00020819237050169267,-0.0010556179643579045,-0.0005964969538613243
2019-04-05 11:00:00-04:00,0.0016049118832909695,0.0005841121661402883,0.0027233204303916763,0.00034696320803274554,0.0010556179643578468,0.0008675143548371792
2019-04-05 11:15:00-04:00,-2.545468429958333e-05,0.0,0.002768587548467702,0.0005202191974159197,0.00039556962541119285,0.0002167610488884454
2019-04-05 11:30:00-04:00,-0.0006620493213910566,0.0008338545407067929,0.002393257944032798,-0.0003467827267600517,0.00013182177714846617,0.00016253995809745162
2019-04-05 11:45:00-04:00,0.0008147677089816689,-8.335417192444677e-05,0.001705969994995311,0.0,0.0,-0.00010835703654115418
2019-04-05 12:00:00-04:00,0.00017814197962853952,-0.0007505003687824232,0.00036705907441302824,-0.00041629807542984776,-0.0002636609335689466,-0.0003793421169425252
2019-04-05 12:15:00-04:00,0.0009410807862018655,0.00041701418452537155,0.004263729500428437,0.0005203455211590159,0.0007907743410429032,0.0006502126966365764
2019-04-05 12:30:00-04:00,0.000889397174440426,0.0005835278591719122,-0.001358234504221905,-0.00010404744572917402,0.00026345254713423523,5.416531254694775e-05
2019-04-05 12:45:00-04:00,-0.001805031696788509,-0.0009171252935656443,-0.0007321218786944288,-0.0008327695271261242,-0.0009223877317565054,-0.0005959798626859506
2019-04-05 13:00:00-04:00,0.00025442703170016896,-0.0009179671845481603,-0.001046819074422961,0.000537909626803216,-0.0002636956966957294,-5.4197604479109166e-05
2019-04-05 13:15:00-04:00,0.0003306583947412369,0.00041736227650913466,-0.00044523015205455847,0.00026017501252509047,0.00026369569669573636,0.0002709586533677004
2019-04-05 13:30:00-04:00,-0.0001780332418198418,-0.00033387588474256656,0.0004452301520544869,-0.00017344248690631702,0.0,0.00010836290748276347
2019-04-05 13:45:00-04:00,5.0869874871207215e-05,-0.00016697975409285144,-0.0001309294684823832,0.00024281105950236365,-0.0002636956966957294,5.417705061463028e-05
2019-04-05 14:00:00-04:00,0.0005593978990463979,-0.0002505219219782008,0.002301858196600436,0.0003467707013511395,0.000131856540275289,0.00021667885569994137
2019-04-05 14:15:00-04:00,0.0005844906838487669,-0.0002505846989390825,0.00020899733604489302,-0.00020804799048678045,0.0,-0.0004875934650726918
2019-04-05 14:30:00-04:00,-2.5405535867647383e-05,-0.0010865932195817907,-0.0009408321831355061,-0.0007111573952206096,-0.0007914001600154671,-0.0005962706161052519
2019-04-05 14:45:00-04:00,0.00048259484560155035,0.0,-0.00013074117188879365,0.00012145292412841104,0.0001319435283614674,0.00021686681751602422
2019-04-05 15:00:00-04:00,-0.000940004896268254,0.0009195018619933019,-0.0011512599717363613,0.00024286160477412664,0.0,0.00010841577460143071
2019-04-05 15:15:00-04:00,0.0,0.0005846976444557205,-0.00015709273740229356,-0.0002081634784695024,0.0001319261215633494,-0.000162628069963258
2019-04-05 15:30:00-04:00,0.0010923548952932727,0.0015853153090757293,0.00020945149965309427,0.0009017289528415477,0.0011865525452776145,0.0011378414751676965
2019-04-08 10:15:00-04:00,-0.0010877127487384471,0.0028510354308390845,-0.0023720474583510736,0.0004518124707589227,0.0007925500712062509,0.0009235115823684849
2019-04-08 10:30:00-04:00,0.00017715016053105638,-8.373806737449923e-05,-0.005941725918036567,0.0005210685496712164,-0.0006604147644601404,-0.00021722012629887878
2019-04-08 10:45:00-04:00,0.004116219400394173,0.000669708283370985,-0.0005777311085063121,0.0003819444490877969,0.0017161720383740918,0.0010856290929198785
2019-04-08 11:00:00-04:00,0.0014605895318825746,-0.00041851511450422316,-0.001735198668630538,-3.471619510846672e-05,0.00013189132174225505,5.425052895609655e-05
2019-04-08 11:15:00-04:00,0.0023626412237029663,0.0013386322852332777,-0.0002368514557697079,-0.0003472282539792745,0.001186239759506065,0.00048812236569578015
2019-04-08 11:30:00-04:00,-0.0003013031383429296,0.0005015254838269716,-5.264127603673566e-05,0.0001736291979220498,0.0002634178480825164,0.0005420788857500383
2019-04-08 11:45:00-04:00,0.0014805337643752467,-0.0003343223734595564,2.632098440633988e-05,0.000694215477645471,0.00039499671349656136,0.0005959475742525677
2019-04-08 12:00:00-04:00,-0.0011290222613081309,-0.0005853332385532018,-0.0020287456404320353,-0.0005553338219527134,-0.0009219018169071352,-0.0010295871723427234
2019-04-08 12:15:00-04:00,-0.001683354039957928,-0.00016730101674398035,-7.91254006135651e-05,-0.0003472403111440459,0.0,-0.00016266334146352527
2019-04-08 12:30:00-04:00,-0.00020118700399815868,0.00033457404853940283,-0.0001582695861916164,0.00020835865545137494,0.00013175230585575783,0.00010844516751838757
2019-04-08 12:45:00-04:00,0.0006537098264122924,0.0009195018619933019,0.0015025506642558138,0.00017359905605718442,0.00039515279755496,0.0006504241536655237
2019-04-08 13:00:00-04:00,0.0012308312175438839,8.354916873423306e-05,0.0006583018683352212,0.0001041449698919349,0.00026334847739275245,0.00021671407371833502
2019-04-08 13:15:00-04:00,-2.5103867252010965e-05,8.354218885407776e-05,-0.0003949291153576761,0.00013884309017606335,0.00026327914323043744,0.00021666711890398508
2019-04-08 13:30:00-04:00,0.0009535041999107261,0.0007515657973808866,0.001999369286471436,0.00045110695469684567,0.0007894217895656158,0.0006497198311884993
2019-04-08 13:45:00-04:00,0.0014786414232473774,0.000250396462371684,0.00039414045048108003,-0.00013878046687214397,0.00013150973190983946,0.0
2019-04-08 14:00:00-04:00,0.0006008562381908688,-0.00033387588474256656,0.00018387906063357468,0.0007630543352744957,0.0003944254587028221,0.000595205904699385
2019-04-08 14:15:00-04:00,0.0006004954267569266,-0.00025048008814265146,0.0028589058592105145,0.00017334026737804542,0.0003942699485953536,0.0003245085076748898
2019-04-08 14:30:00-04:00,5.002501251655732e-05,-0.00025054284413675385,0.0006022124944711671,-0.0003467105868137469,-0.0003942699485953405,-0.00043270141573525684
2019-04-08 14:45:00-04:00,-0.0005754387879423079,0.0005845023546503192,0.00010469559764584624,0.0002427100320502591,0.0,0.0004327014157353567
2019-04-08 15:00:00-04:00,0.00042535624226072813,0.0013347238686397536,0.0009679150036925753,0.00010400055476345464,0.0005256587281826002,0.0002703433376830922
2019-04-08 15:15:00-04:00,0.0003001425699728935,-0.0010843274062679908,0.0016198143368243941,0.0,0.00013137151884360846,5.405989838072653e-05
2019-04-08 15:30:00-04:00,-0.00015006002429118875,0.0005006049080389554,-0.0001566416043304829,0.00013865058342111655,0.0001313542626346012,0.00021621037353475049
2019-04-09 10:15:00-04:00,0.00381103680841656,0.0006715071390117705,0.0018772893232930855,-0.00024354603140356,0.00039489272594229904,5.412426933556549e-05
2019-04-09 10:30:00-04:00,0.0009134788127953608,0.0020118201177617696,0.001293541712291022,0.0006609155660086149,0.0009208103781379043,0.0012440503551682774
2019-04-09 10:45:00-04:00,-0.002421308689010339,-0.0024314592342849837,-0.008105575210772376,-0.001043750638376631,-0.002237726351697333,-0.0017854249183730693
2019-04-09 11:00:00-04:00,0.0014584288634843594,-0.0005037994984598282,0.001886567406454709,0.0008698678349477404,0.0007903576779730208,0.0007037297968118593
2019-04-09 11:15:00-04:00,0.00022228534119711471,0.0016783455456500641,-0.00010619093139432995,0.0005910782133774623,0.0013158762343500328,0.001027638145495236
2019-04-09 11:30:00-04:00,-0.0026459294112208174,-0.0012584950062724026,-0.0006108167872392405,-0.0005215214637361061,-0.001052562428602321,-0.0011899933791024312
2019-04-09 11:45:00-04:00,0.0007672982815222358,-0.0005038418043354373,0.000292176317204031,0.00010432605378769071,0.00039484075269468325,0.0003787878833170496
2019-04-09 12:00:00-04:00,-0.0007177773960788181,0.0008395953643786476,0.000929084387870335,3.47729327528391e-05,0.0002631405843747495,-5.41037710461249e-05
2019-04-09 12:15:00-04:00,0.0005445679483077119,0.0018446322255669615,0.002993736588374104,0.0013031128862753534,0.0015773910598963097,0.0012976832770804781
2019-04-09 12:30:00-04:00,-0.00017323945448161827,-0.000251340483896913,-0.0007409760051101824,-5.2091924895138294e-05,-0.00013135426263455232,-0.0003783170341830435
2019-04-09 12:45:00-04:00,-0.00032181006057926655,-0.00033521894300915365,0.0008467849143190866,-0.00017365935025582217,-0.00013137151884361488,0.00016215339746896614
2019-04-09 13:00:00-04:00,-0.001536212794991773,-0.0010902382830989003,0.0008196396688525184,-0.0007644596164287427,-0.0009200841868854035,-0.0009192171080904972
2019-04-09 13:15:00-04:00,-0.004797245196789416,-0.000671507139011714,-0.00013215451525124255,-0.0005215577308773413,-0.001447559142098774,-0.00102836120775152
2019-04-09 13:30:00-04:00,-0.0023947924733765903,0.00016791906340635017,-0.0020373880861858647,-0.00027827539007678606,-0.0005269051034107031,-0.0005416678083853102
2019-04-09 13:45:00-04:00,-0.002450613879594457,0.00025182573792111035,0.00013242402191106876,-6.958094876428677e-05,-0.0002635566991602668,-0.00021674930318666706
2019-04-09 14:00:00-04:00,0.0014510885708618826,-0.0002518257379211025,0.000688322373826201,-0.0002783722202501682,-0.0002636261796062377,-0.0002710027116857682
2019-04-09 14:15:00-04:00,-0.0016263624367251312,0.00016789087132811913,0.0005027053591069875,-0.00024363927585644996,-0.0002636956966957294,-0.00016263688640426075
2019-04-09 14:30:00-04:00,-0.0014283747776926282,0.0002517834675491929,0.0005024527733997354,-0.0003481591122294359,-0.0003956739698153097,-0.00010843928766003293
2019-04-09 14:45:00-04:00,0.001703791346992143,-0.00067156350897484,-0.000528904650823421,-0.000557306829242045,-0.00039583058967814205,-0.00037963013634523143
2019-04-09 15:00:00-04:00,-0.0005008138329292363,8.397010669120993e-05,0.0006610871156900619,0.00010451869152129093,0.00013196093975322313,0.0003796301363452238
2019-04-09 15:15:00-04:00,7.513806623184549e-05,0.0,0.001347264069378002,0.00010450776850581578,0.0001319435283614674,-0.00021691385893469296
2019-04-09 15:30:00-04:00,-0.0008769622591321824,0.0004197448013273509,-0.001849650415035955,-0.0004180966212499281,-0.0002639044681146957,-0.00010847457637747429
2019-04-10 10:15:00-04:00,-0.000881379037427125,0.001084870339232574,0.003960091671905486,-0.0009387060453578577,0.00013145786794278231,-0.000541198768452456
2019-04-10 10:30:00-04:00,0.0019380094912157544,0.0,-0.0033598593900955385,-0.00031309793263247074,0.0005256587281826002,-0.00010827491010215487
2019-04-10 10:45:00-04:00,0.0015577501202823983,0.0008337155012074909,0.003515857518434092,0.0005913249328794966,0.0017064850557581056,0.0015147829453860723
2019-04-10 11:00:00-04:00,0.0012294106650546262,0.0002499791697044995,-0.0008843113351977288,0.0003476749274483894,0.00013114754117140695,0.0004864076191666407
2019-04-10 11:15:00-04:00,0.0006517270998218716,0.0014985641567282259,0.002624639319677118,0.0004170504170132455,0.0010485616007588144,0.0008641409087336066
2019-04-10 11:30:00-04:00,-0.00020048617965564918,-0.0004992719055241445,-0.0007788768989441131,-0.0003127715055906684,-0.0005241433652068548,-0.00043197711193092975
2019-04-10 11:45:00-04:00,-0.0005515443380892975,0.0011645802588933808,0.0016349413895291479,0.0007296480640589572,0.0007861120614460719,0.0005399422392995618
2019-04-10 12:00:00-04:00,-0.00020063702321965752,-0.0006653083533692432,-0.004183508550585083,-0.00017367744668341927,-0.0006550504623067605,-0.0004859348942873926
2019-04-10 12:15:00-04:00,-0.00010033360933501729,-0.0005825081299772501,0.0004946177876880775,-0.00031269543719464576,-0.0003932363401046855,-0.0004321404523699719
2019-04-10 12:30:00-04:00,0.0008023871446771459,0.00024968789143449464,-0.0007550412376871998,0.0003474333397235904,0.0,5.402777028696903e-05
2019-04-10 12:45:00-04:00,0.0007015610019401598,-0.0011657439181857068,-0.0013552962875206635,-0.00038218331366457654,-0.0003933910357578096,-0.0002701680461669214
2019-04-10 13:00:00-04:00,-0.00025050100331394426,0.0,0.0013292502120114851,-0.00024328363516226405,-0.0003935458531706456,-0.00021618700259866787
2019-04-10 13:15:00-04:00,-0.0009023235441902254,-0.0009168959548755037,-0.0011988534143720087,3.4758428922461156e-05,-0.0006562541251406567,-0.0005947553568128818
2019-04-10 13:30:00-04:00,0.0009524287651649612,-0.00016679871603646865,-2.6077999297386963e-05,0.0004170069387832971,-0.00013130252119697574,0.0004866443266799359
2019-04-10 13:45:00-04:00,0.0012267943403604905,0.001083694670911848,0.0002086049551239328,6.948425315930076e-05,0.0007875566463376601,0.0006484909303434692
2019-04-10 14:00:00-04:00,0.0007753586421984509,0.00024991669573596226,-0.0004955078404659554,0.0005209780612417218,0.0001311991605134871,0.0002970845227311675
2019-04-10 14:15:00-04:00,-0.0011006880410812682,-0.0013336113666479906,-0.0032137146030958943,-0.0007294453065808545,-0.0011814125816227788,-0.001215904174444105
2019-04-10 14:30:00-04:00,-0.0011269582089536948,-0.0013353922612106784,-0.0010997356506234407,-0.0003823028580258052,-0.0009198423776035749,-0.0006490872438844618
2019-04-10 14:45:00-04:00,0.00047598172126792244,0.0006679190396500446,-0.0008649272558815699,0.0005560285802930664,0.0006571165961255275,0.0005409352902846239
2019-04-10 15:00:00-04:00,0.0002504257250390525,0.0015845220561497583,0.0024879217746002027,0.0005209961564132882,0.0010504892306064184,0.0009729467538680924
2019-04-10 15:15:00-04:00,0.0012011712862855,0.0017483977478616277,0.003133816416171484,0.0010064902109510577,0.0018357049670817897,0.001781280833727878
2019-04-10 15:30:00-04:00,0.0021484968792247405,-0.0008321891213843756,0.0019796828554634787,-0.00041635585147708446,0.0,-0.0001078661382272222
2019-04-11 10:15:00-04:00,0.0,0.0005831389702069476,0.00047321100835730033,3.466685156025781e-05,0.0,0.00027008048562581497
2019-04-11 10:30:00-04:00,0.001046911706368164,0.0010820710228442276,0.0021529098842847524,0.00034660243315287414,0.0011801732290332618,0.0007018680776195287
2019-04-11 10:45:00-04:00,-9.96586691408146e-05,0.000831566302960428,0.0013890529156166745,0.00038112397384626896,0.0009169505489212695,0.0005935038482191238
2019-04-11 11:00:00-04:00,-0.000947253037227384,0.0004155239817121348,0.0038686790199962584,-0.0002425166309003375,0.0005235944880401558,0.00026965807519669445
2019-04-11 11:15:00-04:00,-9.976306280884816e-05,-8.309098467605524e-05,0.0017464521493007052,0.00013858813361273623,0.0,-0.0002157206426053649
2019-04-11 11:30:00-04:00,-0.0008234252458317892,0.0003323225220629566,0.002029348183178448,-0.0004158220341634832,0.00013085579709876694,0.00016179484449068093
2019-04-11 11:45:00-04:00,-0.001623883936886985,-0.002245323188633597,-0.0014565508336287026,-0.0024985698282963186,-0.0024891929530280093,-0.002105377586158286
2019-04-11 12:00:00-04:00,0.0004499550120908769,-0.0001665209612108087,0.0016124840945091839,0.0005905033343981213,0.0005245557788631305,0.0003782148305296744
2019-04-11 12:15:00-04:00,0.001148966057060602,0.0004162504222606384,-0.00012994269545439608,0.0,0.0006553080182081126,0.00016204829074520794
2019-04-11 12:30:00-04:00,-0.000424464120428958,0.0008319814116083077,-0.00038992942771500996,-0.000451529999682798,0.0,-0.00021607022366297265
2019-04-11 12:45:00-04:00,-0.0010244494480662494,0.00033259884728495013,-2.600070202034204e-05,0.00034734886331953504,0.0,0.00021607022366302973
2019-04-11 13:00:00-04:00,0.0009745006455781854,0.0,0.005212599813730101,0.00045137322387120584,0.0010476004362789432,0.0008098477928851356
2019-04-11 13:15:00-04:00,-0.0009495015830418748,0.0,-0.000310438496866429,0.00027766690562456886,0.0,0.0001079301692852608
2019-04-11 13:30:00-04:00,-0.0007252266651091092,-0.0002494387640770321,-0.0019165032282727982,-0.0004165292758811706,-0.0007855974217455539,-0.0006477558187140739
2019-04-11 13:45:00-04:00,-0.0027305652197653473,-0.000582265862399678,-0.0034797999173475443,-0.0007988330516494489,-0.0011795545273278851,-0.0014589865335264682
2019-04-11 14:00:00-04:00,-0.00035125574287939133,-0.00016642396543514474,-0.0016662765187295736,0.0001737136508555168,-0.000393494233828683,-0.00016224109061602402
2019-04-11 14:15:00-04:00,-0.0011298726956824692,-0.0006659729694633444,-0.0018517799326779707,-0.00013896850648600296,-0.00026241553650527494,-0.000270460325119289
2019-04-11 14:30:00-04:00,-0.0011814538282118622,-0.0006664167850452634,0.0002610216401758462,-0.0006951323638095901,-0.0003937524660402597,-0.0007035393731039828
2019-04-11 14:45:00-04:00,0.002185848137381845,0.0003332639064380746,-0.0022731736223934604,0.0008688399795881631,0.0003937524660402215,0.00070353937310391
2019-04-11 15:00:00-04:00,-0.00017569619662946077,0.0001665903131586023,-0.0006279927987216927,-0.00024319911178477416,0.0,-0.00021642093957051383
2019-04-11 15:15:00-04:00,0.00012550043314117507,0.00033309739242903526,0.001386291630931693,0.00038214348215618796,0.0003935974860572738,0.000540964552966752
2019-04-11 15:30:00-04:00,-0.0012305839291669853,-0.0009162849454071755,-0.001936109026866218,-0.00017368347966409227,-0.0009186352352060364,-0.0007574323406996365
2019-04-12 10:15:00-04:00,-0.004489204624997891,-0.0009953138133496516,-0.005046705646380233,-0.001137342876348725,-0.001306079987140093,-0.0008076675002912397
2019-04-12 10:30:00-04:00,-0.0025167376247813415,0.003065707927658014,-0.00026083100906886713,0.000586065449256604,0.001306079987140019,0.000969122750628337
2019-04-12 10:45:00-04:00,-0.0036605572097183773,-0.0022362109699716817,-0.00266436957240409,-0.0025708951035340486,-0.0015675008107973406,-0.0019391856113183466
2019-04-12 11:00:00-04:00,-0.0034963298854745616,0.00041449059699776383,-0.0021471035453911953,0.0006044957394414715,-0.0006538512067653642,0.00016174250628327568
2019-04-12 11:15:00-04:00,-0.0011681650980498045,-0.0013269751065989707,0.0006027016940170154,-0.00044901907358476414,-0.0010470519901677753,-0.0011327473027377367
2019-04-12 11:30:00-04:00,0.0025884397541026064,0.0004978220389059709,-0.0005502784285598157,0.00027634328920759734,0.0007853917544892265,0.0005395635062243361
2019-04-12 11:45:00-04:00,0.0006080721766324668,0.001740428087262342,0.00039308691657772654,-0.00024179620152350726,0.0009155114424440297,0.00026967261907670336
2019-04-12 12:00:00-04:00,0.0014173988047135034,-0.00016562461219591322,0.001596963491432245,0.0003454052501395942,0.0006534239647020809,0.00016176867115350404
2019-04-12 12:15:00-04:00,0.000404602357270652,-0.0009943241487078652,0.0006798985644089847,0.0005178842817034957,0.0,5.3917075550773075e-05
2019-04-12 12:30:00-04:00,-0.0007587637573802994,0.00016578936499202768,-0.0006798985644090595,0.0003451072455004496,0.0005224319324729073,0.000539010928020976
2019-04-12 12:45:00-04:00,0.0015169522287998825,0.0001657618834343483,-0.002121113724885742,0.00020700719423909613,0.0,0.00010776733043826072
2019-04-12 13:00:00-04:00,-0.0006065047821812975,-0.00016576188343440392,-0.0005506535872625734,0.0002759429505462961,0.0003916449136222936,0.00016162922291526456
2019-04-12 13:15:00-04:00,-0.00015168368923826307,-8.289124673193578e-05,0.0021746258651706048,0.00010345897860739968,0.0003914915879311909,0.00016160310313135954
2019-04-12 13:30:00-04:00,0.00035389282472480957,-0.0005804311937416857,-0.0027780707666635197,-0.0001034589786074522,-0.0001304801672000045,-0.00016160310313131262
2019-04-12 13:45:00-04:00,0.0003032370578918038,0.0004146280845536022,-0.0011291573222885838,-0.00013796195720905584,-0.0002610114207312157,-0.0005388657007667832
2019-04-12 14:00:00-04:00,0.002220933199706844,-0.0011613921418257176,-0.0007359512501652876,-0.0003104840125678293,0.0,5.3899638885420737e-05
2019-04-12 14:15:00-04:00,0.0022160115839906015,0.001410086497745655,0.0010774588782988992,0.0008622176771440577,0.001565047596918602,0.0014003718659373603
2019-04-12 14:30:00-04:00,0.0016085659587280986,-0.0004974505761081226,-0.00139303243585382,-0.00037928419184420537,-0.00026067122988915586,-0.00016148132234486233
2019-04-12 14:45:00-04:00,-0.001155895193529285,0.00024875622018828323,0.0018656966954806388,-0.00027593343281072884,0.0,0.0
2019-04-12 15:00:00-04:00,-0.0010817202921381197,-0.0002487562201881755,0.0005773975279831485,-0.000379532834145624,-0.00013036110043216539,-0.0003768911905917075
2019-04-12 15:15:00-04:00,0.0011068626608018333,0.00024875622018828323,0.0004983933475847325,0.0004485233307322888,0.00039103233032131536,0.00016154218978647915
2019-04-12 15:30:00-04:00,0.00037705969301594125,0.0008287407758954778,-0.002704798067123348,0.00017245542070114673,0.0,5.384159803169074e-05
2019-04-15 10:15:00-04:00,-0.0015083338287879247,-0.0014022933915507124,-0.01033211580685747,-0.0004141572821455248,-0.0016938114798801067,-0.0012932778308033211
2019-04-15 10:30:00-04:00,7.547074883141966e-05,-0.0031416668393384976,-0.004200946646772859,-0.0005524766632819657,-0.001957969559072711,-0.0024294132771518163
2019-04-15 10:45:00-04:00,-0.0021909675460532237,-0.001242853751831593,-0.004627873452670607,-0.001382528518838003,-0.0015691405638708497,-0.0018936325520051943
2019-04-15 11:00:00-04:00,0.0013856524230056713,0.0019050780217177885,0.004926587626163776,0.000933416371442467,0.0018304247772590444,0.0018395784979379592
2019-04-15 11:15:00-04:00,0.0015094342488541186,0.0012404897389611562,0.0011397249612333715,0.00072538863284389,0.0010444546938122216,0.0011885147667381269
2019-04-15 11:30:00-04:00,-7.541762513484321e-05,0.0005783690155441261,0.00305996962162382,0.0,0.0,0.0004858037448452832
2019-04-15 11:45:00-04:00,0.0005780564897006398,-0.0026467076365874792,-0.0024363845295009693,-0.0009327392115764932,-0.0013057389072003759,-0.001296001477400484
2019-04-15 12:00:00-04:00,-0.0019617219137921167,0.001489634901189113,0.002490459044195377,0.00024190482890875062,0.0006530825728470626,0.0008641875824763207
2019-04-15 12:15:00-04:00,-0.00020142001175920877,-0.0009928433364280787,-0.003710880919179733,-0.00048386818992354985,-0.001045136942740658,-0.0008101539735586417
2019-04-15 12:30:00-04:00,0.00040279946166680425,-0.00033116695256511845,0.0005425936107076204,0.00020740075084289093,0.0001307018692229162,0.00043216379680266736
2019-04-15 12:45:00-04:00,0.0002516672971631039,0.0009931720245304897,0.0015989379956355785,0.00041467250106109094,0.0005226367140589419,0.0005399422392995618
2019-04-15 13:00:00-04:00,7.548784020305675e-05,-0.0004964627134364575,-5.4159445420419306e-05,-3.4549474851353073e-05,-0.0002612842133881185,-0.00021594191246491156
2019-04-15 13:15:00-04:00,0.0009305484619525291,0.0009099934446625708,0.002191114692815113,0.000966934375605051,0.0011752417127050452,0.00113317516982246
2019-04-15 13:30:00-04:00,-0.00017598330718051816,-0.0008272325408661316,-0.0005135343437587142,0.0001380571904101961,0.0001304971944953026,0.0
2019-04-15 13:45:00-04:00,0.000603242446344161,0.0004964216376302829,0.0015128187232957319,0.00027605721461069897,0.0005218185494445065,0.0005391562335753772
2019-04-15 14:00:00-04:00,-0.0006283854471626086,0.0004134965325206774,-0.0019184269383665724,6.900239786074768e-05,0.0,-5.390254421320056e-05
2019-04-15 14:15:00-04:00,0.0009801088956684224,8.267879293695938e-05,-0.0014886392528894678,0.0,0.0,0.0003233716916266201
2019-04-15 14:30:00-04:00,-0.0004019797556828873,0.00041329145901556464,0.0005145077763553247,-0.00010350538237239364,0.0002608071997568611,0.000592576648272691
2019-04-15 14:45:00-04:00,0.0005526805144953527,0.0004131207197481472,0.0008929900876197103,-0.000103516096845373,0.00039108330572769964,0.0006998654390648982
2019-04-15 15:00:00-04:00,0.00015067805151573011,0.000412950121494231,-0.00010819876122979865,0.0003795066459212418,0.00026063725957156653,0.0002690486456178994
2019-04-15 15:15:00-04:00,0.0005773889628081053,0.0010728729262175132,-0.0007577193012653939,0.0003103983470342329,0.0007815044357374528,0.0006991878948852105
2019-04-15 15:30:00-04:00,0.00010038144959242428,-0.0006600932621381605,-0.0005957539171006562,-3.448394772574311e-05,-0.00026043362345268945,-0.00026886057052863686
2019-04-16 10:15:00-04:00,0.003595868630155792,0.001977506515145654,0.007899272501108789,0.0002752025336001782,0.0022046436111581194,0.001606813232351749
2019-04-16 10:30:00-04:00,0.0038064955339639495,-0.002307471459364258,-0.0015429228141385374,-0.0005848959396059372,0.00012953367893777244,-0.0004817729336802884
2019-04-16 10:45:00-04:00,-0.0026854331477722438,-0.001073138620405861,-0.0017319712825511538,-0.0009296560942252609,-0.0011664075972499153,-0.0015539602312585929
2019-04-16 11:00:00-04:00,-0.000772152725331114,0.0005779869700995063,-0.0005068356227205419,-3.4448310313809994e-05,0.0006481721772169871,0.0004289199325871135
2019-04-16 11:15:00-04:00,-0.0009223828043742977,0.0012374197256235086,0.001599659080583995,0.0008264320988267032,0.0010362024112183172,0.0012321210108604103
2019-04-16 11:30:00-04:00,-0.0017473793762136979,-0.0015676570867259587,-0.00293466582039158,-0.0003442637093988272,-0.0010362024112183642,-0.0011785189525286368
2019-04-16 11:45:00-04:00,-0.0007998200831287654,0.00016513231264034448,-0.0022200536046363593,-0.0005166178864688196,-0.0005185041272428573,-0.00048252199091901175
2019-04-16 12:00:00-04:00,-0.00025007502380988776,0.0,0.002139896496661871,6.889780735470197e-05,-0.00025935291593212417,-5.3627929438472034e-05
2019-04-16 12:15:00-04:00,0.000400090025591432,-0.000908565355306799,0.0019219994705025087,0.0005854397853001918,0.0,0.0005361499203573445
2019-04-16 12:30:00-04:00,-0.00020002500379226297,0.00024787242959270505,0.001385816920878331,-0.000447658409679623,0.0,5.359918530507229e-05
2019-04-16 12:45:00-04:00,-0.001100853272374906,-0.00024787242959265523,-0.0014924978117649057,-0.00013778137562064623,-0.00038915553740574314,-0.0003216382133922948
2019-04-16 13:00:00-04:00,0.001125858586005364,0.0013212768758162307,0.0012261436657196002,0.0006198667485011926,0.0009077941227752566,0.0009110397200336143
2019-04-16 13:15:00-04:00,-0.0005752804650847029,0.0,0.0004793863946074567,-0.00034432297835239735,-0.0002592856694374182,-0.00016071141621349427
2019-04-16 13:30:00-04:00,-0.0013770141003910355,-0.0003301555888189225,0.0007452556837971854,-0.0001722059587517448,-0.00025935291593212417,0.0
2019-04-16 13:45:00-04:00,0.00010021044201205332,-0.0002476882443309452,-0.00023948590473826833,-0.00010333781139698517,0.0,-0.0001071552949136045
2019-04-16 14:00:00-04:00,0.0006761579461999133,8.256956490525311e-05,-2.6613085655728913e-05,-0.00024116309632484355,0.0,-0.0002679384829275315
2019-04-16 14:15:00-04:00,-0.00020029543643749852,-0.0003303191739023759,0.00037251876328829326,-0.0003446196294984261,-0.00012970168630376124,-0.00010719549789175897
2019-04-16 14:30:00-04:00,0.0006007659946891715,0.0,0.00010640844893134139,0.0006202298494919085,0.0,0.00021437950614043263
2019-04-16 14:45:00-04:00,-0.0009263316679171248,-0.00016520051249727146,-0.001144484641113912,-0.0001377956148726408,-0.0005189750359749805,-0.00021437950614042536
2019-04-16 15:00:00-04:00,0.00065102538794369,-0.00033048292117216676,0.003880609818977948,0.00031001343639846304,0.0014265337654537995,0.0008036862841508189
2019-04-16 15:15:00-04:00,0.001225781589147392,-0.0013230249583544814,-0.00034492365589581814,0.0001721881676546774,-0.0002592184578053926,-0.00016068559220436433
2019-04-16 15:30:00-04:00,-0.0011006329750049566,-0.0016562464967845203,0.0010344142557534024,-0.0004133014231626874,-0.0005186385853695302,-0.0008574261665142305
2019-04-17 10:15:00-04:00,0.005236919699327025,-0.0002483032623252959,-0.0032213863833464203,-0.001207104819792481,-0.0002583812429591596,-0.0009090423598028004
2019-04-17 10:30:00-04:00,0.00223602577636244,0.0026453948383114282,0.005584229796126008,0.0014138908486866946,0.002709679077307033,0.0024044895367825634
2019-04-17 10:45:00-04:00,-0.0002978480500561824,0.0006602566987684681,0.0008746935817108309,-0.00034466714112367996,-0.0002577485677005083,5.336748853857098e-05
2019-04-17 11:00:00-04:00,-0.00024827449355402717,-0.0012383391329031574,-0.001909409724065658,-0.0009657004665028752,-0.0015478880871922047,-0.0017626326537710086
2019-04-17 11:15:00-04:00,0.0017366284011268076,0.0005780824341347753,-0.0018332784941942429,0.00048296680542061495,0.0005162289590022808,0.0007481630275504164
2019-04-17 11:30:00-04:00,-0.0008431285526488744,-0.000908565355306799,-0.0042640578426328506,-0.0008971240875662721,-0.0012910724148287854,-0.001550387907455086
2019-04-17 11:45:00-04:00,0.00022325027688927613,0.0004956834336694353,0.0014411531717680648,-0.0003452621437097176,0.000258347866837818,0.0
2019-04-17 12:00:00-04:00,0.0014622965614564506,0.0007430647633840404,-0.0008804578949539105,0.0,0.0006455778145453234,0.0005348880874232527
2019-04-17 12:15:00-04:00,-0.00042112043427997606,-0.0013213859956295948,0.0005870580555526602,-0.00062177241679135,-0.00064557781454517,-0.000963004648694211
2019-04-17 12:30:00-04:00,0.0008173071424461298,0.0018164559343685916,0.003302442545451778,0.0006908343826675375,0.00129073912724613,0.0013907092182873545
2019-04-17 12:45:00-04:00,0.0022009282454891143,0.0008245722998640121,-0.00013295220387882448,0.00031071983678255356,0.00012898232959951975,0.00021378370515139222
2019-04-17 13:00:00-04:00,0.0002716887945083797,0.0006591686474409876,0.00047854523165620445,0.0001380667209622602,0.00038684720018221754,0.00032058988813492967
2019-04-17 13:15:00-04:00,0.0018011576687439969,8.236553830536586e-05,0.0016996418910328148,0.00027607626782192663,0.0007732457373483005,0.0003204871431965986
2019-04-17 13:30:00-04:00,-0.00036983616679537874,-0.0014011376231088863,-0.0008494598477401028,-0.0007593932123104883,-0.001031127242226683,-0.000961769730303839
2019-04-17 13:45:00-04:00,0.002118540478039497,0.0023067110776018246,0.0002655337243429806,0.0007593932123104951,0.0012887430097362996,0.0011219747931265846
2019-04-17 14:00:00-04:00,-0.0008123977256551885,-0.0013998684762965255,-0.0007968127911626447,-0.0009666005758201581,-0.0009019456867086581,-0.0008547237358940701
2019-04-17 14:15:00-04:00,-0.002613993745106878,-0.0009068426013053219,-0.00124961796567684,-0.0012095660860945876,-0.0011608410951456636,-0.0014440049572996526
2019-04-17 14:30:00-04:00,-0.0009634745115781816,-0.0003299649442187769,-0.0033844587197007074,-0.0003804517045164153,-0.001032991246869446,-0.000963829690956016
2019-04-17 14:45:00-04:00,0.001852012431622242,0.0007422680753172248,-0.0018971028120955565,0.000795324914844091,0.0006457445658975907,0.0008567833665570261
2019-04-17 15:00:00-04:00,0.0008877491212344248,0.0005769389428968366,0.00248420786738846,0.0006219872693137191,0.0011612904530897907,0.0009095287128525164
2019-04-17 15:15:00-04:00,0.0010347122206202358,0.00024715768786233807,0.0016260816357057037,0.00044897255114389675,0.0,0.00010694901216038097
2019-04-17 15:30:00-04:00,-0.0013551973885982448,-0.0009889974844947218,-0.0011993125379799565,-0.00027626694469069454,-0.0006449948624020925,-0.0006953731224305076
2019-04-18 10:15:00-04:00,0.0005168785573559763,0.0036129283460122137,-0.001408806601877034,-0.00048386818992354985,0.0007745433808764691,0.0003212249405248373
2019-04-18 10:30:00-04:00,-2.4607207452256647e-05,-0.0008199746267309707,-0.007154328433466155,-0.0010030438029675578,-0.0016789362073780245,-0.0018752684449657594
2019-04-18 10:45:00-04:00,-0.0004676520261952671,-0.0005743825545621819,-0.0018771290808615938,-0.00038072823386672063,-0.001163993923456032,-5.363080554751944e-05
2019-04-18 11:00:00-04:00,0.0019430137573710655,0.0026230598260458078,0.003162269819987504,0.00159117278767701,0.0025848156556317592,0.0023035313126952357
2019-04-18 11:15:00-04:00,0.002061856400558777,0.0012271947870825923,-0.0001873135232460931,0.0005874019725928579,0.001418805861635497,0.00037449176555811177
2019-04-18 11:30:00-04:00,-0.0032173716553153334,-0.002128095748915981,-0.0019823204991293144,-0.0012097333149596618,-0.001676986977120964,-0.0010703487682648836
2019-04-18 11:45:00-04:00,0.00024596615629715824,0.0017191981311806806,-0.0006705918895095814,0.0015551027773714533,0.001548087776117411,0.0013912301251372253
2019-04-18 12:00:00-04:00,-0.0004181784699029946,0.001552922257320462,0.0015282938370756562,0.0006213646056626218,0.00038664776870402323,0.0003207784250554685
2019-04-18 12:15:00-04:00,-7.381435692597601e-05,-0.00016335198304777453,-0.0003751540855403615,0.00037953283414560017,0.00012884937525894333,0.00021379513163030176
2019-04-18 12:30:00-04:00,0.000393613624113138,-0.00016337867127801852,0.0,0.00024144591728781425,0.0,0.0005342879404742934
2019-04-18 12:45:00-04:00,0.0009342118881827116,0.003425359137608757,-0.0022538848791215514,0.00010345897860739968,0.0005152315435675982,0.00032043579541979816
2019-04-18 13:00:00-04:00,-0.000983405119204074,0.0004070004126187052,-0.002555172922906063,-0.000448399566011859,-0.0003863987683315048,-0.000801282094154246
2019-04-18 13:15:00-04:00,0.0013028036698844476,0.0,0.000296196568977976,0.00024147090392955776,0.0005151651862275527,0.00010687471621577009
2019-04-18 13:30:00-04:00,7.369287270422717e-05,0.0,-0.0020752207315457836,0.00010346968347498786,-0.0003863490067375271,-0.00010687471621578753
2019-04-18 13:45:00-04:00,0.00041749039764530076,-0.0005698469708093511,0.0010785742295675912,-0.00020695007403340122,-0.00012881617949017651,-5.344164173995603e-05
2019-04-18 14:00:00-04:00,0.00044185875967461683,0.0017898552555206295,0.00320189696538661,0.0005862473441922725,0.0009013649850544729,0.0008013248999759067
2019-04-18 14:15:00-04:00,0.001201849521054157,0.0016243658393994421,0.0007250560893387102,-6.895244008170965e-05,0.0010291375450034526,0.0006939625538739033
2019-04-18 14:30:00-04:00,-9.805603910491945e-05,-0.00016231789996266977,0.0003489136742458617,0.0002413127424836495,0.0,5.3361792968748484e-05
2019-04-18 14:45:00-04:00,0.0,0.0010545957008884941,-0.0006442434389203243,0.00044799780196511926,0.00038565368777254943,0.00026676626098556854
2019-04-18 15:00:00-04:00,-0.00029422582043813985,0.0006484296073195148,-0.001989034093025312,-6.890967666858214e-05,0.0,-0.00021340731534560213
2019-04-18 15:15:00-04:00,0.0006373798999855792,-0.0007295128798850051,-0.0015347957292051089,-0.00017229496941321257,0.0,-0.00016008537921077075
2019-04-18 15:30:00-04:00,7.351769941926263e-05,-0.00024328927214314392,0.0010503778285650713,0.0001722949694132225,-0.000128534704547159,-0.0002134870448157875
2019-04-19 10:15:00-04:00,,,,,,
2019-04-19 10:30:00-04:00,,,,,,
2019-04-19 10:45:00-04:00,,,,,,
2019-04-19 11:00:00-04:00,,,,,,
2019-04-19 11:15:00-04:00,,,,,,
2019-04-19 11:30:00-04:00,,,,,,
2019-04-19 11:45:00-04:00,,,,,,
2019-04-19 12:00:00-04:00,,,,,,
2019-04-19 12:15:00-04:00,,,,,,
2019-04-19 12:30:00-04:00,,,,,,
2019-04-19 12:45:00-04:00,,,,,,
2019-04-19 13:00:00-04:00,,,,,,
2019-04-19 13:15:00-04:00,,,,,,
2019-04-19 13:30:00-04:00,,,,,,
2019-04-19 13:45:00-04:00,,,,,,
2019-04-19 14:00:00-04:00,,,,,,
2019-04-19 14:15:00-04:00,,,,,,
2019-04-19 14:30:00-04:00,,,,,,
2019-04-19 14:45:00-04:00,,,,,,
2019-04-19 15:00:00-04:00,,,,,,
2019-04-19 15:15:00-04:00,,,,,,
2019-04-19 15:30:00-04:00,,,,,,
2019-04-22 10:15:00-04:00,0.0007364132101663668,0.002349510924450019,-0.0012666587509665814,-0.0007592359690370437,0.0006436663456011352,-0.00016036777711171712
2019-04-22 10:30:00-04:00,0.0016182026774429713,0.0019402568842065,0.0047350101918552726,0.0005177234092101192,0.0006432523057254833,0.0011220347404990538
2019-04-22 10:45:00-04:00,-0.0008332925338806085,-0.00295230028604095,0.0027606927301951894,-0.0005177234092101604,-0.0007719524346035013,-0.0006410085420202722
2019-04-22 11:00:00-04:00,0.0034267565046548517,0.002063483162239889,0.0020321405961148844,0.0011041527612812678,0.0024424745398716526,0.0020284523996918036
2019-04-22 11:15:00-04:00,0.0011721899312832223,0.00024248302737626246,0.0017880737607204498,0.00010345184325923976,0.0005134458748319284,-0.00010665813411712948
2019-04-22 11:30:00-04:00,2.4406018525292946e-05,0.0019377503943926945,-0.0011738969386047811,0.00017239595946583056,0.0010261015458117593,0.0007996588548521426
2019-04-22 11:45:00-04:00,-0.0010011355177072957,-0.0008069397250454481,0.0008272071558138066,0.00041362908402155235,-0.000512919162363854,0.00021313440869267543
2019-04-22 12:00:00-04:00,-0.00029320497681167943,-0.0006460209373948302,-0.0004268601830948364,-0.0003446790210773036,-0.0008982420724567242,-0.0006395395533354972
2019-04-22 12:15:00-04:00,0.00029320497681153924,-0.00040397512062685073,0.0019194375544625108,-0.00031031272875976145,0.00012836970492587711,-5.331342966550709e-05
2019-04-22 12:30:00-04:00,0.00014657025627158382,-0.0008084401588297879,0.0018094254690609276,0.00041372891003705286,0.00012835322825975343,0.00047971857430838884
2019-04-22 12:45:00-04:00,-0.00039090176647857525,0.00016174032625913636,0.00047841804016935264,0.0,0.0001283367558232092,-0.0001065842416208424
2019-04-22 13:00:00-04:00,-0.0005132905703897506,-0.0007280375665367636,-0.0005847642503564126,-6.894293251483826e-05,-0.0005134458748318319,-0.0003731343326874319
2019-04-22 13:15:00-04:00,-0.00017115542176565027,-0.0007285679914277358,-0.0001861330856933553,-0.00048273366108214736,-0.00025682183126686894,-0.0002666097914907759
2019-04-22 13:30:00-04:00,-0.0007338552188445126,-0.0008911934479495806,0.0,0.0003793103493754069,-0.00012843565391411864,0.00037323380865161116
2019-04-22 13:45:00-04:00,0.00012234660809314307,0.0013769644164947747,0.0007177510775339068,0.00010342331170675621,0.0005136436710039297,0.0003198038563620548
2019-04-22 14:00:00-04:00,0.0005626016806297197,0.0004855351096802445,0.001964532860771836,0.00013788111222951622,0.0005133799766222336,0.0005327792555233668
2019-04-22 14:15:00-04:00,0.0003667436869507883,0.00024267917931747028,0.00029169594882051485,-6.893817971455122e-05,0.00012830382362975727,0.00010652179712335962
2019-04-22 14:30:00-04:00,-0.0009293453675803547,8.087997416256414e-05,0.000636132336973353,-1.7235287528140603e-05,0.00012828736387085184,0.00015976142328164486
2019-04-22 14:45:00-04:00,-0.001199642699354889,-0.0005662972402775695,0.0005562840370734795,-0.000258564965887977,-0.00038491147511408836,-0.00037281636563058396
2019-04-22 15:00:00-04:00,0.0008570344685116738,0.00016183193788598535,-0.000158906722088671,0.00010343400919450491,0.00038491147511404336,0.0002663115861279021
2019-04-22 15:15:00-04:00,-0.0005141325351037413,-0.0006474849483623894,-0.0009009487068694428,-0.00013791438986129084,-0.0005132482309373473,-0.0004261325869475902
2019-04-22 15:30:00-04:00,0.0006120325792369601,0.0001619105447777991,-0.0001325609450887376,0.0,0.0001283367558232092,0.00015982100081975988
2019-04-23 10:15:00-04:00,0.0014838061125960278,-0.0006409999818854032,0.0021266269484795097,0.0012362002158051162,0.0012742913479683697,0.0015856659153697082
2019-04-23 10:30:00-04:00,0.0005103094773149595,0.00024042314589290203,0.0018865458235117535,0.0003774232331645805,0.0005092622173848579,0.0003168316858185914
2019-04-23 10:45:00-04:00,-2.4294547090036486e-05,-0.0007214429170628378,0.0009157869211537465,0.00037728083860888315,-0.0005092622173847856,-0.00021120996989562978
2019-04-23 11:00:00-04:00,0.0007771329045461454,-0.0020870968844426095,-0.0020158394155329077,-0.00017147364492099695,-0.0014018098383224487,-0.0007924349297344126
2019-04-23 11:15:00-04:00,7.282525583096632e-05,-0.0013669992479337803,-0.0005767012847263718,0.0014737133382136142,0.00012751849035413002,0.0006339981720752541
2019-04-23 11:30:00-04:00,0.0024244787127028294,0.003935115903546365,0.0019123219575516962,0.0010268874235822864,0.0021653301034592256,0.0023212270716333073
2019-04-23 11:45:00-04:00,0.0004115774368403351,-0.000641411126419847,0.0005755998170483834,0.00010263076879455666,0.0,5.269259143376802e-05
2019-04-23 12:00:00-04:00,0.000387212318189658,0.0012023085770225786,0.0033423887393804873,0.001025728784692701,0.0008902455121851738,0.0011059035304803568
2019-04-23 12:15:00-04:00,0.0017406023976350939,0.0010408327600968461,-0.0013042913026798829,0.0011612221458896237,0.0008894536799861784,0.0009469448586188665
2019-04-23 12:30:00-04:00,0.00016906374951216108,-0.0008005444129254774,0.0008349423852999404,-0.0004096891540890227,-0.0002540489057804537,-0.0005259697688646921
2019-04-23 12:45:00-04:00,0.0017854993282514417,0.0,0.0004954173992831849,-6.829784693708133e-05,0.00012703252049591705,0.0003682078838087474
2019-04-23 13:00:00-04:00,-0.00040990030351991595,0.0013605444275600791,-0.001434776616671554,0.0,0.0005079687708440825,0.0002103436497119936
2019-04-23 13:15:00-04:00,0.00014468988160681683,-0.00039996800789167495,0.00036541122219045473,0.00030730358421235783,0.0,0.0003154325394815727
2019-04-23 13:30:00-04:00,-0.0004100090500611359,-0.00032008962782813775,-0.0016454030378206133,-0.0004780686119498886,-0.0002539521313882251,-0.00047318612870286874
2019-04-23 13:45:00-04:00,0.0006028963321539182,0.0,-0.00010456149532482634,0.00013661435496589797,0.0002539521313881673,0.0001577535892212205
2019-04-23 14:00:00-04:00,-0.0019547045812679663,-8.003841848347354e-05,0.00044431086809644543,-0.00020492853189195322,-0.0002539521313882251,0.0
2019-04-23 14:15:00-04:00,-0.0001932647249578475,0.0006401280474634507,0.0010968636026971498,0.00040981507668498855,0.00012698412715469158,0.0003154325394815727
2019-04-23 14:30:00-04:00,0.00036234072502238523,0.0001599680067397418,0.00026098076719888847,0.0,0.00012696800423357506,5.256241788330982e-05
2019-04-23 14:45:00-04:00,0.0010138561192889976,0.001198945072083525,-0.0005742476209068873,0.0002048445748955881,0.0007614696731921869,0.0006305336099399762
2019-04-23 15:00:00-04:00,0.0014465851065177397,0.0012772923143176183,-0.0002611306973971757,-6.82768627046746e-05,0.000760890278292511,0.00015757130133964143
2019-04-23 15:15:00-04:00,0.00038540287120436567,-0.00023936806944260938,0.0017482750026816553,-6.82815247530977e-05,0.00038022814146302704,0.0003675698424076733
2019-04-23 15:30:00-04:00,-0.00045768244864127544,0.0013556620895995256,-0.001461034985561216,-0.0004097870871967789,-0.00025346936324764543,-0.00068273727771514
2019-04-24 10:15:00-04:00,0.0017821023886100975,0.0018405895081006734,-0.0006316122111128791,0.00017082336905226042,0.0012667048371799582,0.0008934202822568213
2019-04-24 10:30:00-04:00,0.0012503909100214572,0.0011187024219967193,0.002261433028764832,0.0006147226257817526,0.0007592534372961528,0.0003151343286145627
2019-04-24 10:45:00-04:00,-0.0015150971478054879,-0.0014385616866485448,0.0013649012565700258,-0.0005464014478980878,-0.00012650221395747415,-0.0009982662521855717
2019-04-24 11:00:00-04:00,0.0020436383863254,0.0011190601063917232,0.0045275590616229095,0.0010925045042877114,0.0018958549662324493,0.0020479973550098394
2019-04-24 11:15:00-04:00,0.0013920893185142196,-0.0004794438543236884,0.003388773380106402,-0.0001364978077159754,0.0003787400626007938,0.00015736466671160794
2019-04-24 11:30:00-04:00,-0.0024013651287038904,-0.001359673887787817,-0.0044076487866467106,-0.0004437465938462888,-0.0013894154060377266,-0.000787071086911055
2019-04-24 11:45:00-04:00,4.8083858258179736e-05,-8.003841848347354e-05,0.0016453600651054156,0.0003413610096472406,-0.00037926675549440424,5.249068291578056e-05
2019-04-24 12:00:00-04:00,-0.000938052527565961,8.003841848342632e-05,-0.002377501087245838,-0.0010927656593086037,-0.0010120818119899405,-0.0016284937408581634
2019-04-24 12:15:00-04:00,-0.0005777007670775937,8.003201284806678e-05,-0.0001569571248677375,-0.0001366797084016989,-0.0008864126197720541,-0.00047328566302061697
2019-04-24 12:30:00-04:00,0.00012038185137734093,0.0010398337203133142,0.0031344712738766442,0.00034166424986860225,0.0006332320373703507,0.00042070942746674946
2019-04-24 12:45:00-04:00,-0.0012767855650971053,-0.000159904057906243,-0.000704399919552676,-0.00027332206049992635,-0.0001266143329116282,-0.0006837427289992758
2019-04-24 13:00:00-04:00,-0.000651065238030535,-0.000239904039535237,-0.003084324678369404,-0.0008546132540796643,-0.0010134922005163572,-0.001158169169495519
2019-04-24 13:15:00-04:00,4.824159391170156e-05,-0.0003199616073371029,0.0030582262612369833,-0.0011292089894116353,-0.0003803245481949251,-5.267593764385294e-05
2019-04-24 13:30:00-04:00,0.0018555339982558286,0.001199328519867768,0.001095547491999654,0.0013343827894372626,0.001393816748711407,0.00110561241124385
2019-04-24 13:45:00-04:00,-0.00043345294102208997,-0.0003196803224028179,0.0001824746169835606,0.00010257111606366045,0.0,0.0004734599488727317
2019-04-24 14:00:00-04:00,-0.0004336409039501259,-0.00031978255059265844,0.00015638031724955233,-0.00023934897194210318,0.00012661433291157308,-0.0006313297592307243
2019-04-24 14:15:00-04:00,0.0008670938449722473,-0.00015992963130320414,0.0027846834479025844,0.00047864066966204604,0.00037974684000661215,0.0006313297592306666
2019-04-24 14:30:00-04:00,-0.00021670298532977427,0.00039977613069407786,-0.0010140801992320361,-0.00030767127276746766,0.00012655024061450105,-0.0007365901472123003
2019-04-24 14:45:00-04:00,0.001107099992741502,0.00031970587332233534,0.0007801529495396025,0.00041020733137125313,0.0005060408735984566,0.0006313961957676719
2019-04-24 15:00:00-04:00,-0.0002405696701364577,0.0007988177922082914,0.0017401471828312493,0.000512522647635359,0.0005057849257474505,0.00047328566302070485
2019-04-24 15:15:00-04:00,-0.0018302232682691302,0.0009577398074355201,-0.0014022698290949384,0.00013662835401181343,-0.00037931470931474497,-0.00026290882473453854
2019-04-24 15:30:00-04:00,-0.0006027800397103284,0.0001595341605904426,-0.0013261739231244215,-0.00017078835948058514,-0.0006325110900311053,-0.0003681885166777126
2019-04-25 10:15:00-04:00,-0.005018131522846253,-0.005277463663496816,-0.010742395709209379,-0.0028137618289866754,-0.006206479707598608,-0.005515009513840138
2019-04-25 10:30:00-04:00,-0.000315990328463905,0.000694980722953786,-0.0037601656574174666,0.0005496487539402243,-0.0005083561143984353,0.00084234915086301
2019-04-25 10:45:00-04:00,0.0014090326165723975,0.0012343299542081365,0.00205766960377301,0.0006179939427282303,0.001143438061312242,0.0011570727353984373
2019-04-25 11:00:00-04:00,0.0005582050213505454,0.001309808338888311,0.002727998774741247,0.0011319979254904805,0.001142132103851474,0.0011557354652531604
2019-04-25 11:15:00-04:00,-0.00043682959487027854,-0.0007702677060986524,-0.0012955467399127592,0.0005483865577081051,-0.0008882122142117558,-0.0004201129115224097
2019-04-25 11:30:00-04:00,0.001794635976647882,0.0007702677060986055,0.005279615754787183,0.001266993286634524,0.0017756362075418445,0.0017318293491416113
2019-04-25 11:45:00-04:00,0.001476944205140219,0.0012311955693219748,0.0027901504391656977,0.0013679190957146938,0.0017724889112283606,0.0012052613731727362
2019-04-25 12:00:00-04:00,-0.0019374218982860783,-0.0027723247512494342,0.0006160026977516386,-3.417518198612107e-05,-0.0008858517410480982,-0.0005762481169463514
2019-04-25 12:15:00-04:00,-0.001139988238475659,0.00030841590128425684,-0.0006160026977515441,-0.0006495504655578266,-0.0005065535472085852,-0.0009961204556501446
2019-04-25 12:30:00-04:00,0.0009460394403504177,-0.0010026996597909813,-0.00018755442482458053,-0.0006157530340795255,-0.000506810273755825,-0.0006821282665586821
2019-04-25 12:45:00-04:00,9.697910107955715e-05,-0.0012354736909920708,0.0013924222359522206,0.00034213182672898987,-0.0001267427124636385,0.00031488624994489834
2019-04-25 13:00:00-04:00,-0.0007033116566724058,-0.001082293020492943,0.004432110635351188,0.0002736212073505201,0.0002534693632476971,0.00026232948733864145
2019-04-25 13:15:00-04:00,-0.0005581508365491587,-0.00023207240763243602,-0.0027744448902771936,-0.0002052088862648912,-0.0005070029895028879,-0.00047224263654420704
2019-04-25 13:30:00-04:00,-0.00021849167997787413,-0.00038690706974965736,0.0019482518605910334,0.0005813158418386082,0.0005070029895030061,0.00047224263654415863
2019-04-25 13:45:00-04:00,0.00043693563176929937,0.001082962782307394,-0.0009069327624234342,0.0,0.00025340513280997765,0.0002098140530658712
2019-04-25 14:00:00-04:00,0.00043674480240006597,0.0010045592375575875,-0.0009077560361695731,6.836788762995374e-05,0.0002533409349165099,0.00026220567563289805
2019-04-25 14:15:00-04:00,0.0013575430559333846,0.002006096116629919,0.005699842305836363,0.0005467748961509465,0.0017715917319361548,0.0013099980913433334
2019-04-25 14:30:00-04:00,-0.0011149894503975856,-0.0011568719476277819,-0.0011161012027286902,-0.00023917723146781928,-0.0010119537894756833,-0.0006809848351170792
2019-04-25 14:45:00-04:00,-0.0009705676155584447,0.0016962878503580226,-0.0008511997109143207,-0.00010252204232879617,0.0002530844682915782,-0.00020962712651763666
2019-04-25 15:00:00-04:00,0.0008735532330999853,7.703566755217006e-05,0.0014891243511221267,0.000307534600065941,0.00025302043274985175,0.0005763688920364289
2019-04-25 15:15:00-04:00,-0.00169927700257303,-0.0023908695640133754,-0.004127121004650939,-0.0012991232746260787,-0.0013924052882566527,-0.0015726982875126402
2019-04-25 15:30:00-04:00,-0.00097231345320294,-7.722007725836966e-05,-0.0013616887041353403,0.000854876265987194,0.0,0.00052450763049779
2019-04-26 10:15:00-04:00,0.002677048987426087,-0.0008123634419020478,0.006202766817974878,0.00024009603956895534,0.0012826269955676863,0.0014808157768500785
2019-04-26 10:30:00-04:00,0.0016664628289888366,0.0010443461215690186,0.004208497126315146,0.0019186958758272551,0.0015369839721189689,0.0015313938674280428
2019-04-26 10:45:00-04:00,0.0005140821910303846,0.00046380397383809246,0.006758979931520271,-0.000410839316253419,0.0008954842609406221,-0.0001055381125487055
2019-04-26 11:00:00-04:00,-0.0020579163517354462,0.0004635889594325674,-0.0016925250866911782,8.560544455865317e-05,0.0005113454889302797,0.0006330616655201498
2019-04-26 11:15:00-04:00,0.0011764707239298113,0.0013123361463503109,0.0008748289703005484,0.0011806073798996308,0.0017876529053589816,0.0014229251412706096
2019-04-26 11:30:00-04:00,0.0015420203518151968,-0.00023146362266749935,0.003772739426246368,0.00075212393077397,0.0002551183125006451,0.00047385879894738526
2019-04-26 11:45:00-04:00,0.0008556516308819399,0.0016191214022913977,-0.0014060744723759057,0.00017085839297986867,0.00025505324374710273,0.0004210193994248522
2019-04-26 12:00:00-04:00,-0.000635556989297835,-0.00023114261602259512,-0.009358413767293306,-0.0005810376812589304,-0.0006377551236571762,-0.0012109088559761362
2019-04-26 12:15:00-04:00,0.0009531840733418038,0.001847646701381444,0.004562917976388093,0.00044435330236192156,0.000765257355118933,0.0008951609254486714
2019-04-26 12:30:00-04:00,-2.442927115388449e-05,-0.0009233966259596389,-0.004875431296260179,-0.0004785425054149747,-0.0005101064957897319,-0.00026319945406459206
2019-04-26 12:45:00-04:00,-0.0006109258159540647,-0.0002309824463610839,0.0009656348378852044,0.0001367497993618117,-0.0002551508593291232,0.0001579279851672513
2019-04-26 13:00:00-04:00,-0.0016391240474342243,-0.00138701621157554,-0.00031230924547255866,-0.0001367497993617684,-0.0008935410346874344,-0.00042119673142226486
2019-04-26 13:15:00-04:00,-0.0005388063121706129,-0.000462766581086496,0.00011357828395447514,-0.0004445660424768973,-0.000766528303261917,-0.0009483417902072687
2019-04-26 13:30:00-04:00,-0.0002695120622961692,0.0004627665810863961,0.0004541841794890337,0.0003077975400497371,0.0002555747250509253,0.0006323277776229337
2019-04-26 13:45:00-04:00,-0.0008089722816622054,-0.0010029317304192913,0.0017013558235427024,-0.0002735931345188943,-0.0003833865861657091,-0.0001580444635046157
2019-04-26 14:00:00-04:00,-0.00017168434648830204,-0.00069492706062802,-0.0001983424246781842,0.000273593134519029,0.0,0.00015804446350452345
2019-04-26 14:15:00-04:00,-0.0005643133315428123,0.0008492897360395308,0.0007365022144715687,-3.41950485602907e-05,0.0005111494584489983,0.00026335194505928923
2019-04-26 14:30:00-04:00,-0.00014726456104969865,0.0015423176375226227,-0.0009915717222949406,0.0006836789026621655,0.0008938833439022898,0.0012105264636124615
2019-04-26 14:45:00-04:00,-0.0001227370360545513,0.00023114261602253454,0.0007650134250444335,0.00020501255773723045,0.0,0.00036813042750735025
2019-04-26 15:00:00-04:00,-0.0004910988435106109,-0.00046233867130634956,0.0034212233837013616,-0.00017084087922102399,0.0,0.0
2019-04-26 15:15:00-04:00,0.0017913455828846253,-0.0007710397852976233,0.003353296555376187,0.0007173356413494377,0.000637999256042239,0.0007883948689665619
2019-04-26 15:30:00-04:00,0.001690244752950797,-0.0003085824518218288,-0.0020557307193180266,0.0,0.000255085773974005,-0.00015762925631629442
2019-04-29 10:15:00-04:00,0.004285059998184284,-0.0020820488705724934,0.0054052663908744575,-0.00027236360709687865,0.0003814367496978253,0.0003146385615509652
2019-04-29 10:30:00-04:00,-0.002481149411988896,0.0010801220044829333,0.00665997536691973,0.0003404429195222418,0.0008894536799861784,0.00047177229999084713
2019-04-29 10:45:00-04:00,0.0004869853270168707,0.0010789565996047277,-0.0017865621813627857,0.0008165904402317865,0.0006348400416361339,0.0008381571511394301
2019-04-29 11:00:00-04:00,-0.0016323352103615148,0.00015404166857603627,0.000614490829905236,-0.00037418784666274355,-0.00038085566031009516,0.0
2019-04-29 11:15:00-04:00,0.00017066718720950194,-0.0020043949200012237,-0.0008659823154496038,-0.00030625787151967716,-0.0011434380613121913,-0.0007333490808220021
2019-04-29 11:30:00-04:00,-0.0005852659469131999,0.0005400401303907875,-0.0010065988994440902,0.0,0.0001271132580841143,0.00026197212766392285
2019-04-29 11:45:00-04:00,0.00019512671102657846,0.0,-0.00027979071836928374,-6.807004410153974e-05,-0.00025424267600256036,-0.0005240129027077429
2019-04-29 12:00:00-04:00,-0.0005854943935400809,-0.0010031639084959842,0.0014261149181009822,3.403560124218153e-05,-0.0006358896309908923,-0.0001572574307376224
2019-04-29 12:15:00-04:00,0.0004391529298644755,0.0005402902261719213,0.0036260220472225367,0.0007484902960655382,0.0001272102787620754,0.0006288813979767099
2019-04-29 12:30:00-04:00,4.878286746653803e-05,0.0010797054995611616,0.0029469023272372307,0.000510013271399886,0.0007629220282314093,0.0003666649247510901
2019-04-29 12:45:00-04:00,0.0005120764812762197,0.00015414852240617277,-0.0013611680365991467,-0.0002379738240025173,-0.00025424267600256036,5.236973030799378e-05
2019-04-29 13:00:00-04:00,-0.000268197834081492,0.0003082257778209118,-0.00013899892993210619,0.00040792046116767944,0.0006354855323168614,0.0006805570360043164
2019-04-29 13:15:00-04:00,0.0,0.00015407727005535676,0.0,-0.00016994663716512703,-0.0001270648032207766,-0.0003663962354521135
2019-04-29 13:30:00-04:00,0.0003413302159138537,0.0007700304542505479,-8.340863284180436e-05,0.00013595962020234044,0.00012706480322072518,0.00026172529462633015
2019-04-29 13:45:00-04:00,-0.0009755384526070965,-0.0010782087378252102,-0.0006675196331747858,-0.0005099439172210088,-0.0006354855323168512,-0.0008377621769141041
2019-04-29 14:00:00-04:00,-0.0002928472090625896,0.0006932676290605644,0.003000335621127714,0.0004419664177470377,0.00038133977835968374,0.000628387421510352
2019-04-29 14:15:00-04:00,0.00039044389085277336,0.001231290316782823,-0.0019436352085710144,0.00030586236432164843,0.0005082269342606104,0.00047103156782351836
2019-04-29 14:30:00-04:00,0.00029273290770844636,7.690532957723628e-05,0.00016674540793991591,3.397893306473518e-05,0.0002540166394558246,0.0003923568928584606
2019-04-29 14:45:00-04:00,0.000804573924008915,-0.0002307337342954301,0.00013893327057355433,-0.00010194026309429128,-0.00012700025417124863,0.0005490411526604011
2019-04-29 15:00:00-04:00,-7.311634031607312e-05,-0.0002307869846384885,-0.0016684745674211945,-0.00030588315502055337,-0.0002540489057804537,-0.00026141057293222635
2019-04-29 15:15:00-04:00,-0.0012193933810238705,-0.0003077988558792565,-0.0011138649476665965,3.39916380603218e-05,-0.0003811944137645716,-0.0006276643248143524
2019-04-29 15:30:00-04:00,0.000317185348696184,0.0003847337689810031,0.00011144234263362999,-0.00027196546206283346,0.0,-0.0003663195393938553
2019-04-30 10:15:00-04:00,0.0006975064428470496,0.0010725915604056714,0.008494388184012363,0.0001364978077159901,0.0021628507159106134,0.0004220188388538216
2019-04-30 10:30:00-04:00,0.0005725879888068514,-0.004528020015825955,-0.0014107300791993962,-0.0003754138128116391,-0.0017808311009246158,-0.002323310705273988
2019-04-30 10:45:00-04:00,0.000870700969243891,-0.0007694971715930854,0.0008024239165492868,0.0,-0.0001273236569075322,-0.00042300066724589594
2019-04-30 11:00:00-04:00,-0.0022654013347935464,-0.00038497074697787256,-0.002381480966033112,-0.0004097031416668515,-0.0011466430100767748,-0.0006877579363256622
2019-04-30 11:15:00-04:00,-0.007002829738319541,-0.003085112932505858,-0.005030792883029387,-0.002393286268091712,-0.003959642419654337,-0.003499009534094499
2019-04-30 11:30:00-04:00,0.0023564223382805984,0.0010037060756161416,-0.00025081165569638064,0.0010947844881417377,0.001023345148469229,0.0007963051862093608
2019-04-30 11:45:00-04:00,0.002126037243578982,0.0027742475312560735,0.005420218125851494,0.0019129935633892105,0.0025537905726541518,0.0020674307618414834
2019-04-30 12:00:00-04:00,0.001597803360775725,-0.0003848522214986933,0.000665077894049101,0.00020474671197114378,0.00038250669853100107,0.0008469417969146205
2019-04-30 12:15:00-04:00,0.0014458074110929849,0.00184594137714863,0.0029597686987273544,0.0007162835424607267,0.0012739666669842904,0.0015332560897366966
2019-04-30 12:30:00-04:00,0.0005229669778387917,0.00038414259845473886,-0.0005525625226928317,-3.409710856862264e-05,0.0005091325763896263,0.00021129922690280885
2019-04-30 12:45:00-04:00,-0.001420118581862182,0.0013816927932154164,-0.0012443831540086808,0.0003409187794036281,0.0003816793939465759,0.00039606575209167444
2019-04-30 13:00:00-04:00,0.0012458266424231906,0.0,-0.0006089291339307946,-0.0003068216708350083,0.00025437202044931585,-0.0005545359864308264
2019-04-30 13:15:00-04:00,-0.00241832057126062,-0.0016889950658291958,0.0020191131062699532,0.00017046810583035677,-0.0012725076476930405,-0.0005284155582809107
2019-04-30 13:30:00-04:00,0.0013220751018325114,-7.684032584090203e-05,-0.0010781970274429773,-6.818375524687111e-05,-0.00012733987028528155,-0.00042293357929989734
2019-04-30 13:45:00-04:00,0.0015194732096098552,0.002839167039160935,0.0014097162171522325,0.0017032007251223614,0.002035494628117497,0.0026404049876644835
2019-04-30 14:00:00-04:00,0.0018898896558575547,0.00053623411733831,0.0032265654069620502,0.00040833688359806535,0.0008892277008709617,0.0007907639191118917
2019-04-30 14:15:00-04:00,9.936900688863637e-05,-0.002684050691107159,0.0009631923689273449,-0.0006466104227470027,-0.0010163248032279838,-0.0007380268660461765
2019-04-30 14:30:00-04:00,0.00037254585849435406,0.00030711351924741316,-0.0017619694561991953,0.00030634126656405746,0.0002541780530934797,-0.00010547688747471971
2019-04-30 14:45:00-04:00,-0.0009937642118678846,-0.0009984639846395999,-0.000551252735769653,1.7016207938406173e-05,-0.0005084207290960911,-0.0004747837185623742
2019-04-30 15:00:00-04:00,-0.00019887140543332847,-0.00023055641048926693,-0.0028990729472632994,-0.00018719421454371494,0.0,-0.0004750092452220972
2019-04-30 15:15:00-04:00,0.00024858307774430386,0.0008451137565072612,0.0005252173553031786,-6.807931242540283e-05,0.00012712941791844017,-0.00031679822857946907
2019-04-30 15:30:00-04:00,-0.002015302044280372,-0.00023041474756315178,0.0013532362357281601,-0.0003404661013769833,-0.0005086146717818673,-0.00026407521015413466
2019-05-01 10:15:00-04:00,0.005123917657861156,-7.700007703806796e-05,-0.002265315724667251,0.00022071120029164496,0.0013860889315948696,0.0017296508321794687
2019-05-01 10:30:00-04:00,0.0016708048457305385,-0.00015401794339488714,-0.0037503979134921083,-0.0010530607671972942,-0.001133929817858932,-0.0016247383029045325
2019-05-01 10:45:00-04:00,-0.00014108683918339092,-0.0008475229723735397,0.00021938845556253103,0.00010195758573257929,0.00012605571679368327,5.245213743651211e-05
2019-05-01 11:00:00-04:00,0.0021142153568158685,-0.0007710992401200324,0.001862861125517145,0.0001699062121798041,0.0006300403434216895,0.0003146550619872023
2019-05-01 11:15:00-04:00,0.004074851660709657,0.0006169269522832388,-0.003536915058742245,0.0007472445705443184,0.0012588910833604035,0.0009433715749024874
2019-05-01 11:30:00-04:00,0.002287742903154694,0.0006165465880637773,-0.0037148678541214742,-0.0002716606974616084,0.0005031130223727073,-0.00020956123193912354
2019-05-01 11:45:00-04:00,0.00281746079523024,0.0012319539575445305,0.006074200654124131,0.0015271323428072494,0.0020099246763891523,0.0021459235702766762
2019-05-01 12:00:00-04:00,-0.0008606953553653072,-0.001771411430553286,0.002135056787836501,-0.0008141803519895988,-0.000627667607852624,-0.0009938798746671545
2019-05-01 12:15:00-04:00,-0.0037538369311398267,7.708317278168087e-05,0.002948727086084017,-0.0009846865078680122,-0.0010050883439244485,-0.000575855947229331
2019-05-01 12:30:00-04:00,0.0003036283612214164,-0.0007710992401200324,-0.0017463440369232487,-0.000645665567678165,-0.0006286935954596743,-0.0011527076804911346
2019-05-01 12:45:00-04:00,-0.0025720780191002216,-0.001312234846734222,-0.003364841977106273,-0.001054350141887458,-0.0015104792348854792,-0.0013115099980828113
2019-05-01 13:00:00-04:00,0.0018011490115097204,0.0005405405537018621,0.0003561692663577871,0.0006463464641943124,0.0007555248108554391,0.00015747204903672601
2019-05-01 13:15:00-04:00,0.0016345977859646146,-0.0006950343935675032,0.0013687007693626676,0.0002720209472900142,0.0,0.0006296403387698611
2019-05-01 13:30:00-04:00,-0.0007235636993359097,-0.00030905930321335415,0.0007109847437787067,3.399741619970318e-05,-0.0001258811683433343,-0.00010491252927513093
2019-05-01 13:45:00-04:00,-0.0010980155058949613,-0.0006184053070730937,0.0021299262578250706,0.0001699697457945112,-0.0005036831939262116,0.0002098140530658712
2019-05-01 14:00:00-04:00,0.0016349032042219502,0.0006956790881178669,0.001934842750466011,0.0005097359678117032,0.0012587326226118573,0.0006815918053416179
2019-05-01 14:15:00-04:00,0.0006532136007374389,0.000231785522168687,0.0014962528465808592,0.0009168704798786647,0.001005846567484011,0.0012571041123337796
2019-05-01 14:30:00-04:00,0.0020734570080703303,-0.0004636247813216486,0.0030671123996538893,0.0,0.0006281407241709208,0.00036635788340910714
2019-05-01 14:45:00-04:00,-0.0024466696736419294,-0.0034064988618318797,-0.0017631187348454516,-0.0029743969035577137,-0.003774776423068156,-0.003354564563070607
2019-05-01 15:00:00-04:00,-0.0007468434543235438,0.0003876870638617869,-0.0029908393919607515,0.00017020407509640807,-0.000630517044848206,-0.00023629179521043363
2019-05-01 15:15:00-04:00,0.0014931295497359498,-0.0007755244872773715,-0.0017988067317975221,0.0002892804594207008,0.0,-7.87763408798108e-05
2019-05-01 15:30:00-04:00,-0.0034094657286176085,-0.001630561740257874,-0.004648246140256772,-0.0018051161197322435,-0.0022731587738683617,-0.0024188259459842357
2019-05-02 10:15:00-04:00,-0.0004943561112460748,0.006589551202594648,0.006900623343599701,0.001641559165502103,0.004818980855764451,0.003113130416328918
2019-05-02 10:30:00-04:00,-0.004507541821979835,-0.0032893478379861945,0.0019822688526953463,-0.0010940733094685086,-0.002406587608629974,-0.0025319807803614535
2019-05-02 10:45:00-04:00,0.0013000675502393155,0.000470569790260542,0.00043394538393541024,-0.0003763643251049654,0.0006338742605748292,0.00015843675765913454
2019-05-02 11:00:00-04:00,-0.0026255115312665035,-0.001962170004007873,-0.005846936146490836,-0.0020553935605643445,-0.0025379113933111067,-0.002379191140269748
2019-05-02 11:15:00-04:00,0.0006866099496712575,0.0,0.0046802806522977395,0.00013715774877066705,-0.0001270648032207766,0.00042338123465897006
2019-05-02 11:30:00-04:00,-0.006792084627347452,-0.004646043478207085,-0.013033861678325005,-0.004019657042531863,-0.005990331448618409,-0.004932911928365744
2019-05-02 11:45:00-04:00,-0.004059222383671288,-0.005183306360191191,-0.0011007458663917545,-0.0015330953435596104,-0.0033292815180969095,-0.00271551202489315
2019-05-02 12:00:00-04:00,-0.0016522794434373038,-0.0021444748300095138,-0.0035581827387528822,-0.00015516305081696326,-0.0020543115653755156,-0.00197470310206064
2019-05-02 12:15:00-04:00,-0.00016777518165067025,0.0023824661841136815,0.001959945969778542,-0.00024141260980807002,0.0008992806361440172,0.0005340881906539059
2019-05-02 12:30:00-04:00,0.0026571249280755074,0.0016247601109383506,0.002038680523169652,0.0013787162890545692,0.0017961387855282554,0.0016005552007066293
2019-05-02 12:45:00-04:00,0.0001673300110279296,-0.0024579777678089576,-0.0020111030649822047,3.4443564223683124e-05,-0.0008976661285013581,-0.00031990616358771635
2019-05-02 13:00:00-04:00,-0.0022253870707621896,-0.0015094942089250742,-0.0005792863905563746,0.0006542024128921742,-0.000513314095326268,-0.00015999146746308555
2019-05-02 13:15:00-04:00,0.003515278325472178,0.0027788822963906346,0.0014889161237433913,0.0010320805938928033,0.0023078412704912515,0.001652012099669011
2019-05-02 13:30:00-04:00,0.0007874485880859706,0.0011885896803431805,0.0040968451148080945,0.0006874624314746542,0.0011519264040959144,0.0011707422245607541
2019-05-02 13:45:00-04:00,0.0012157476556735646,-0.00051488208357708,0.0008502585572370784,0.00013743579193246295,0.0,-0.00010637449149728128
2019-05-02 14:00:00-04:00,-0.0012396006259658184,-0.0013082002222480724,-2.7416414208860112e-05,-0.0002748904750580139,-0.0006397952873395735,-0.00026598574473223703
2019-05-02 14:15:00-04:00,0.0014778092978878577,0.0024564196186865196,-5.483508350011244e-05,0.000755767053613657,0.0012791814983802124,0.0009572177603443812
2019-05-02 14:30:00-04:00,-0.0015732268691059702,0.0005538412990688703,0.00243725559833474,-0.00024040938399265389,-0.00012784454121213745,-0.0001594726773524648
2019-05-02 14:45:00-04:00,-0.00019086246031943836,0.0010277493196530732,-0.001889040026247051,-0.00017175638117161875,-0.0001278608875286746,-0.00026584432313104373
2019-05-02 15:00:00-04:00,-0.0007160588428930408,-0.0019773794309810924,0.00038357215736450635,-0.0010999399579383156,-0.0007675088320479951,-0.0010640845887113933
2019-05-02 15:15:00-04:00,0.00031035512036646685,0.0003957888122591902,0.001505467868882638,0.0005501212124504934,0.0006396315940219266,0.000691783765349275
2019-05-02 15:30:00-04:00,0.0011450929253530476,0.0008701843757707297,-0.0004650844759298369,0.000824614797023758,0.0005114108658416499,0.0009570650737184298
2019-05-03 10:15:00-04:00,-0.003487672135597185,0.0007036747749311071,0.0010165534222476137,-0.0009388790474677862,-0.0008925156782702432,-0.00018431481021693145
2019-05-03 10:30:00-04:00,0.001733493660411515,0.0006250732711238806,0.0021670263997298975,0.00017077086007563804,0.0003826042643279987,0.001105379626184953
2019-05-03 10:45:00-04:00,0.00045069086927848883,0.0008588382788988117,-0.00257901811079129,0.0007851705588915658,0.0008921744155388076,0.0008939370632639534
2019-05-03 11:00:00-04:00,4.742933030678497e-05,0.0028055974448917657,0.0023597859704813464,0.0010913866808660389,0.0021634012001056032,0.001575589202290021
2019-05-03 11:15:00-04:00,0.00014227449516544482,0.0010889434436612436,0.002299543842298275,0.0006133819687638448,0.0006354047742058284,0.0005770946070659876
2019-05-03 11:30:00-04:00,0.00033189512418827085,-0.00046654485508586214,0.000519402425531167,-0.0008520210453402344,-0.0011440194459877808,-0.0014170999064917996
2019-05-03 11:45:00-04:00,0.0012791360470640221,-0.0007780587826865342,-0.0010390747701450873,0.000579453285011566,0.00038148525386350664,0.0009449563660872829
2019-05-03 12:00:00-04:00,-0.0010421355245534122,-0.001012382299690571,-0.0028767537202555224,0.0003747615197852739,-0.0006358896309908923,-0.0004723665652309315
2019-05-03 12:15:00-04:00,0.0014208247908716568,0.0007788465676622843,0.0003291910160581269,0.0007150640457235368,0.0007630190489092781,0.0006822356601539199
2019-05-03 12:30:00-04:00,-0.0005207347211025354,0.0014781393698006422,0.0023286724767722787,0.0004424025935691231,0.0005083561143983564,0.0007866170629532084
2019-05-03 12:45:00-04:00,-0.0010422836428592435,-0.0014002880657521003,-0.0006295764253665251,-0.00013610303020391553,-0.0008897928640962805,-0.0005767920038258519
2019-05-03 13:00:00-04:00,2.2204460492503128e-16,0.001244797297703312,0.000547480235951626,0.00010207900924186552,0.0005085500077820728,0.0003670879479052838
2019-05-03 13:15:00-04:00,0.0013500232975418864,-7.775445148139889e-05,0.0010940620877413975,0.00010206859018111397,0.0001270971023570524,0.00010485752493433407
2019-05-03 13:30:00-04:00,0.0009226511495681677,0.004112677481492013,-2.7336969152118577e-05,0.0007481848365476055,0.0017776653782968692,0.001728563627720475
2019-05-03 13:45:00-04:00,0.0007564118077239942,0.0004645221312190068,0.002375525029355655,6.798905378839961e-05,0.00012685525832053615,-0.00010467641911517244
2019-05-03 14:00:00-04:00,-0.0017737419954238197,0.0006963788582257252,-0.00035460509639050275,3.3992793530954104e-05,0.0,0.0003139963916212859
2019-05-03 14:15:00-04:00,0.00047330557490908473,-0.00030944184674256293,-0.0013923586343780395,-0.00020397409599705516,-0.00012685525832059396,-0.00010465450939678333
2019-05-03 14:30:00-04:00,-7.09815566552653e-05,-0.0018586646202725246,-0.0006558990150694615,-0.000170010201021513,-0.0007614696731922544,-0.000575795660799344
2019-05-03 14:45:00-04:00,-0.0003076449801221464,-0.0006203233634344819,-0.0013678395742125129,-0.00010201999600760299,-0.00038095238555950267,-0.00026183494075022307
2019-05-03 15:00:00-04:00,0.000780760216160877,-0.0012418023249718812,0.0020237385892819633,-0.00023808714101788918,0.0,-0.00015713387838748187
2019-05-03 15:15:00-04:00,-0.0008517686543601826,-0.00038837968485692237,-0.001066054469734546,-0.00013607524982310048,-0.00012701638528454356,-0.00026194467878182454
2019-05-03 15:30:00-04:00,-0.00023673121648371285,0.0006989748653638404,-0.001477954124026736,0.0001020581732474461,0.00012701638528453066,0.00026194467878191524
2019-05-06 10:15:00-04:00,2.4058413829893024e-05,-0.0010207287318398425,0.003124782611568608,6.873915212970993e-05,-0.0007726482903216436,0.0001590752429252901
2019-05-06 10:30:00-04:00,-0.0011554572562785435,0.0025890489905640037,0.001320169285736573,0.00024054982933849795,0.0009013649850544729,0.0007949968618837724
2019-05-06 10:45:00-04:00,-0.0019769999447471704,-0.0007838526758393848,-0.0019949710883209984,-0.0004124065699829869,-0.0007725488055644349,-0.0009010442121249809
2019-05-06 11:00:00-04:00,0.0016879269036130051,0.0036006457436353755,0.0040419973068224245,0.0020603341594656196,0.0033434095312592153,0.003070816443569076
2019-05-06 11:15:00-04:00,-0.0019775720902867186,0.0,-0.0055056318847041714,-0.00024015369952115322,-0.0006420958227542503,-0.0005287787977161482
2019-05-06 11:30:00-04:00,0.005296877603324825,-0.0003907471134431483,0.002250859089971713,0.0015085803351328753,0.0016685923522289888,0.0014270615529670006
2019-05-06 11:45:00-04:00,-0.001441822713372027,-0.00031270765997686327,-0.00011242270950556354,-0.0007882921887453501,-0.0006414368404659127,-0.0005283038926796067
2019-05-06 12:00:00-04:00,-0.0010345865584478467,-0.0014083958354813454,-0.0016878590706746294,-0.001097789094622782,-0.001284109325729059,-0.0014542764894666489
2019-05-06 12:15:00-04:00,-0.0009151775601427591,-0.0010967919936891001,0.0005629362904796095,-6.865184933629584e-05,-0.0008998586543709872,-0.0008206160374742455
2019-05-06 12:30:00-04:00,-0.002871381079329884,-0.0012549513392581821,-0.0006192473528028016,-0.000446351938741046,-0.0016733174196580005,-0.0011128776983237879
2019-05-06 12:45:00-04:00,0.0002416100908126848,0.0016468008740525386,0.0032608113449316503,0.0006522933491378177,0.0012874156911745,0.0009009964569663064
2019-05-06 13:00:00-04:00,-0.0008700696604569334,-0.0014113775032720704,-0.0016852989776181939,-0.000755325941872335,-0.0011585995116844127,-0.001378323435003009
2019-05-06 13:15:00-04:00,0.00251147197935075,0.0010195279684776682,0.0009553514452773097,0.0008239636548906664,0.0015445012401678559,0.001537238574653156
2019-05-06 13:30:00-04:00,0.0005786758130329476,0.0013316624245817985,0.0021602219120411526,0.0008232852976895483,0.0010283438145119506,0.000900042415692861
2019-05-06 13:45:00-04:00,-9.642271726673406e-05,-0.0008614614049865402,-0.0007008592821334715,-0.00013716715553954795,-0.0005140397208866993,-0.00037050759964415444
2019-05-06 14:00:00-04:00,0.0010601388810942702,0.0010180110511127216,0.0024088972742117667,0.0005142798481367503,0.001156218011643054,0.0010053442827823282
2019-05-06 14:15:00-04:00,-0.00019266894717852125,0.0008605852510475552,-0.00041973892855304675,0.000342706355416499,0.0006417661624453666,0.0004230006672459003
2019-05-06 14:30:00-04:00,0.0013479037326963737,0.0009379763848673255,-0.00033591803915803195,0.0005823313972666229,0.0008977812581984235,0.0005284993384644089
2019-05-06 14:45:00-04:00,0.0019704439872987385,0.0028865677711947214,0.0032424906116803503,0.0019500519350955378,0.00243277968896616,0.002374796619806846
2019-05-06 15:00:00-04:00,0.002158222463116695,0.0007787252661561843,0.005094027633616744,0.0015027068622393519,0.0016611299500765373,0.0022114001377393296
2019-05-06 15:15:00-04:00,-0.0021822288968421327,-0.002337997402141359,-0.0022793616539959014,-0.0007169193260771796,-0.001661129950076598,-0.0014737232594369278
2019-05-06 15:30:00-04:00,0.001319498781981452,0.0,0.0005007929325929586,0.0007851705588915658,0.0006392227269565637,0.0005265790911809749
2019-05-07 10:15:00-04:00,-0.002968227569756434,-0.0032925431891014894,-0.006736520508458061,-0.003335323792538705,-0.003501494953449092,-0.002641938957467157
2019-05-07 10:30:00-04:00,0.002749560707847799,0.003054891189725805,0.004808317109476396,0.0026277135009384603,0.002465292542230635,0.002295415517020335
2019-05-07 10:45:00-04:00,-0.0054089745207301235,-0.005680817740421817,-0.007607199384439358,-0.003788178163389765,-0.0057183858469949085,-0.005185513597621739
2019-05-07 11:00:00-04:00,0.0003663943176591824,-0.0007970986034411596,-0.0002574333905322034,-0.00012132031176861263,-0.00039108330572759284,-0.00037525464147861724
2019-05-07 11:15:00-04:00,-0.001368557607479122,0.0012750529678988171,0.0011436414787202528,0.0013510238657329352,0.0010425491268138871,0.0015537104652491595
2019-05-07 11:30:00-04:00,-0.001150058241397383,0.0012734292778990735,-0.0005430666247541948,-0.0007965368386518156,0.00026046754070551347,-0.0002141614249921229
2019-05-07 11:45:00-04:00,-2.4483699977962995e-05,-0.001432722018469155,-0.0012301356130627675,-0.001352101162861471,-0.0007816062405334016,-0.001071495642415377
2019-05-07 12:00:00-04:00,-0.001445600359553969,-0.0004780305233840437,-0.0026657127931690922,-0.00031228313924836523,-0.0009126467387057089,-0.0007507306570248539
2019-05-07 12:15:00-04:00,0.0008088136615724543,0.0012742406056559668,0.0023794177355291944,-0.0002082429508609783,0.0006519755088164954,5.3642313069310574e-05
2019-05-07 12:30:00-04:00,0.0034240745660802483,0.001987756081069679,0.002602269158919703,0.002894157386040914,0.002993624518645929,0.0031598141115080887
2019-05-07 12:45:00-04:00,-0.0018328674836268414,-0.0017490166242616178,-0.004608632869030668,-0.001264080376809387,-0.0019513470482233975,-0.002007199828192245
2019-05-07 13:00:00-04:00,-0.0008809710828194013,-0.0017520810439170832,-0.001291934204932157,-0.0005546215716636123,-0.001172638570854715,-0.001045338288898736
2019-05-07 13:15:00-04:00,-0.002647579503017493,-0.0023542097340405986,-0.0016388497220480023,-0.0024648511003872195,-0.003003005259769768,-0.002739139152868006
2019-05-07 13:30:00-04:00,-0.005513724400334148,-0.0027602777801785244,-0.0016415399599578227,-0.0020528886819957716,-0.002880902928819991,-0.002584885254127581
2019-05-07 13:45:00-04:00,-0.004080982130223764,-0.0004006731362201485,-0.005810188482303314,-0.0011675017662457873,-0.002100427421384007,-0.0012949525644808044
2019-05-07 14:00:00-04:00,0.0015106678289915228,0.0020017622185944115,0.0002318975023434986,0.0016550093932074332,0.0019692798802126506,0.0015645234093306843
2019-05-07 14:15:00-04:00,0.0011871198901175337,-7.999360055467295e-05,-0.0017986138120224876,-0.0003656084374405318,0.0,0.0002694981959932689
2019-05-07 14:30:00-04:00,-0.0017812087238689056,-0.001921768618039705,-0.0014237773177055958,-0.001376582633720707,-0.0017064850557580759,-0.00188801437030664
2019-05-07 14:45:00-04:00,-0.0028019210237665753,-0.002246741165761707,-0.0015422895868041548,-0.0008373310563366281,-0.0018410157083608633,-0.0017293095179387854
2019-05-07 15:00:00-04:00,0.001885342028526269,0.003208087124038232,0.0019783551198273527,0.0017959117332952555,0.002366398264610608,0.002107197667544719
2019-05-07 15:15:00-04:00,0.0008670556573571068,0.0005603586441858438,0.0018003896026729525,0.0002264394153605121,0.0009187558068510988,0.0008632084914626257
2019-05-07 15:30:00-04:00,-0.0015364412112283514,-0.0024037510071748987,-0.0024691011948484855,-0.0015338228304690674,-0.0017069331875554624,-0.0019432679997232226
2019-05-08 10:15:00-04:00,-0.0017845579400161352,0.0025896944690916262,0.0006846775151217357,0.0004512870435710863,0.0009125277650561338,0.0003223726655901311
2019-05-08 10:30:00-04:00,-0.004143635404904814,-0.0023902489270354694,0.0009691580486077747,-0.0015456356246075257,-0.002348184498200472,-0.0018012452277778542
2019-05-08 10:45:00-04:00,0.0005649370736680149,0.00031903015105494496,0.0005696545199476021,0.0008859935432995412,0.0003917471974884706,0.000914470208967001
2019-05-08 11:00:00-04:00,0.006046900119447891,0.003621822430403073,0.0055371913231772344,0.002687917269799283,0.004169115543054948,0.004024474201943815
2019-05-08 11:15:00-04:00,-0.0009279156750973934,0.00047662550054304044,0.0,0.0006751785584342611,0.0006498570543234672,0.0005888966388937776
2019-05-08 11:30:00-04:00,0.00034196385286839297,-0.001271506508971144,-0.0010199456913210587,-0.0010042769185110564,-0.0009099181701509259,-0.0010977684275783961
2019-05-08 11:45:00-04:00,-0.003964180789624435,-0.002787069808564857,-0.003919457430334242,-0.0022025485617029523,-0.0029955740035344973,-0.0029780691404459204
2019-05-08 12:00:00-04:00,-0.0018897334228585403,0.0009962740178867033,0.0011660813880859872,0.0013186433766379146,0.0005216144083843203,0.0009668323567688546
2019-05-08 12:15:00-04:00,-0.0010322708415353467,-0.0005179386159331449,-0.004758182636296624,-0.0016659439861684273,-0.0014350948320774428,-0.0015043656295822823
2019-05-08 12:30:00-04:00,-0.00034432721262987574,0.0024677611631985304,0.0021967058259389936,0.001683282972011706,0.0020867304605053654,0.0017727643643516246
2019-05-08 12:45:00-04:00,0.003388918053947017,0.0021443896709089152,0.0022771920688479173,0.0011610277264869442,0.0019523629786088632,0.0019303472574987717
2019-05-08 13:00:00-04:00,0.001469867976544876,0.001110098040495024,-0.0009102546496802631,0.0008655611107165062,0.0005199870120413597,0.0005623167598064342
2019-05-08 13:15:00-04:00,-0.0012002303923346212,-0.001348136603866139,-0.0003984971019374348,-0.0010214417064958693,-0.0013004748565396173,-0.0014197888775129965
2019-05-08 13:30:00-04:00,0.0008084768003307221,0.001110362171423163,-0.002851035430839083,0.00019051742859093677,0.00039032006740671843,0.0003752345259788135
2019-05-08 13:45:00-04:00,0.00041623309653985105,0.00027739800847599084,0.00031401207777187706,-5.195569911901013e-05,0.0,-0.00021440248789008826
2019-05-08 14:00:00-04:00,0.00026923500707229457,-3.962357603283511e-05,0.0023377152362961946,8.659133226189595e-05,0.00013007284097416025,0.0
2019-05-08 14:15:00-04:00,-0.0014939449039429713,-0.0026980931338200587,-0.003051521710849085,-0.0012303001924414269,-0.001952871340597778,-0.0018242795133103697
2019-05-08 14:30:00-04:00,0.0012981448152071915,0.0016673286911453383,0.0021683936711144438,0.001230300192441427,0.0018227984996238165,0.001636639620518482
2019-05-08 14:45:00-04:00,0.0016875164502083422,0.0006344423068595342,0.0027891639211078817,0.0007270713196380488,0.0009101547891330273,0.0008307095004411014
2019-05-08 15:00:00-04:00,-0.001173622961675503,-0.0009518144680508284,-0.0018490866515962507,-0.0005885407820913323,-0.000910154789133014,-0.0007502880922186997
2019-05-08 15:15:00-04:00,0.000904789331413252,0.0014273821859663604,0.00022776449250022226,0.0005539303228071536,0.0006501950814236572,0.0008038585641873019
2019-05-08 15:30:00-04:00,0.0009772306064512873,0.0011087792685455383,0.0022463932102470973,0.0009686403469558991,0.0014289428256325219,0.00133832996421376
2019-05-09 10:15:00-04:00,-0.006097733510814134,-0.004193554532704887,-0.009672037190776339,-0.0011251165858235258,-0.003730104904449746,-0.002624027745911418
2019-05-09 10:30:00-04:00,-0.0025812996744631607,0.0008481936005413492,-0.0025608980146695263,-0.0018662634382540478,-0.0021377521669200938,-0.0015886932233776514
2019-05-09 10:45:00-04:00,0.0035160090352950395,0.0014523744837284158,0.0059852502840145975,0.0009863844528288637,0.002404650146752008,0.0013149606036896666
2019-05-09 11:00:00-04:00,-0.0024270015705392936,-0.0032303682442364574,-0.00414676515971173,-0.001197879192685506,-0.0020034733561347597,-0.0016988167171987445
2019-05-09 11:15:00-04:00,0.001062538047749645,0.003391613054518393,0.010990273377585106,0.0019722135678244004,0.003070353500006638,0.003176083495675326
2019-05-09 11:30:00-04:00,-0.0023796274709443625,-0.0015328764598930358,-0.005584854810677382,-0.0025011461941410592,-0.002268482424630847,-0.002518134627462529
2019-05-09 11:45:00-04:00,0.003441037729803906,0.0012103608352468738,0.00498903151423525,0.0020436574474231267,0.0025350247064780964,0.00229941794670998
2019-05-09 12:00:00-04:00,0.003353719338310029,0.00265764833885073,0.004875303214636276,0.0016178672305890512,0.00279441299604778,0.002457808872854246
2019-05-09 12:15:00-04:00,-0.0009822564982732169,0.00032165976715755083,-0.0005339345167191458,0.00045674935795110805,0.0003985651706807389,-0.00010910777130911248
2019-05-09 12:30:00-04:00,0.0026172096374865272,0.001927788861620178,0.004056680570306831,0.002333191125724436,0.002520563817895739,0.003159302134837264
2019-05-09 12:45:00-04:00,0.007361812094541281,0.00404429245662388,0.005540180375615351,0.0028171250728733456,0.004890308450733164,0.003962228370808075
2019-05-09 13:00:00-04:00,-0.0014480453920883486,-0.0013196043102559711,0.001204164792992683,0.0004716610416814973,-0.0009233610997687615,-0.00037925990593855574
2019-05-09 13:15:00-04:00,0.0027943432768135915,0.0011997122129996677,0.0017302818223642177,0.0007507049122182729,0.001187022033337746,0.0008395965013487389
2019-05-09 13:30:00-04:00,-0.0008723937790797786,-0.0012397274187833818,-0.0028462878119085012,-0.0010476507392548427,-0.001055061093584369,-0.0008937882317039172
2019-05-09 13:45:00-04:00,0.0026646427839572516,0.0011198209456885855,0.0020841596788735072,0.0011523554720045289,0.0014504221952025588,0.0014350895332180997
2019-05-09 14:00:00-04:00,0.00044756080114522395,0.00011990647309475941,0.0028403702790275554,0.00043615175282944,0.000658588011159447,0.0005139649805437166
2019-05-09 14:15:00-04:00,-0.0007958021856903722,-0.00031978255059265844,-0.004160812378775928,-0.0001221033170011254,-0.0010539491127774976,-0.0006492628389851517
2019-05-09 14:30:00-04:00,0.0010692129871201143,0.0007193669880997201,0.0029612277007885555,0.0009764093325387089,0.0014488938256520005,0.0010278049157528486
2019-05-09 14:45:00-04:00,-9.94134606643405e-05,0.0010381729090896022,0.00014636788129325553,0.0006968519994194789,0.0005263504299426856,0.0006485960825162143
2019-05-09 15:00:00-04:00,-0.007559444718144741,-0.0029576360489046763,-0.004576801300053715,-0.003069787700150441,-0.004218581168957266,-0.004060644453447724
2019-05-09 15:15:00-04:00,-0.0008267672620162938,-0.0006406406625515062,-0.0029743959024782665,-0.0012935255614270056,-0.0009251917128364965,-0.0007055248311757876
2019-05-09 15:30:00-04:00,0.0039023463570127016,0.002719892881123124,0.003062609143342934,0.0024458005588529454,0.0030367068490506645,0.002819117640553712
2019-05-10 10:15:00-04:00,-0.007165575063331831,-0.001637544050402782,-0.009996238563376012,-0.0034023182592349582,-0.0039779937096167065,-0.003925101122386237
2019-05-10 10:30:00-04:00,-0.002578933342994873,-0.001760352525001681,-0.0011003554960744375,-0.0009842693474118643,-0.0009304799288909927,-0.001393842721460768
2019-05-10 10:45:00-04:00,-0.009608048017611058,-0.0044144866617355175,-0.012485752872233418,-0.004352928353248827,-0.006671583889295777,-0.0061726050887974575
2019-05-10 11:00:00-04:00,0.0002581044821267977,-0.0009254975209428101,-6.026092984430311e-05,-0.0006536929466101678,-0.0006696129887268709,-0.0004954583090617904
2019-05-10 11:15:00-04:00,0.0007223383437161687,-0.0005234864315087885,-0.005408113246153445,0.0005653810288594329,-0.0005360134131685686,0.0001651800466259216
2019-05-10 11:30:00-04:00,-0.00018053567562913592,-0.0006446674142442848,0.0029644888308500276,-0.00031798749517139834,-0.0004021986915727748,-0.0009914897945178898
2019-05-10 11:45:00-04:00,-0.00028376478669438996,0.00012090680115473645,-0.006788933485039132,-0.00031808864338335555,-0.0006706908366770322,-0.0007166878304452769
2019-05-10 12:00:00-04:00,0.0018044032322674301,0.001409500263557074,0.002187187602987006,0.0009186468272582394,0.0009388412706762435,0.0014053266941349834
2019-05-10 12:15:00-04:00,0.0036247292222072146,0.005217961586271579,0.004964141319835983,0.002698057449434308,0.00441413236791551,0.003436098876732893
2019-05-10 12:30:00-04:00,0.0030745604542453888,0.0035965511914095192,0.0032857581523060924,0.0034106325145008016,0.003730104904449819,0.003396984336670874
2019-05-10 12:45:00-04:00,0.0018657437076172287,0.0029077314307215814,0.002044375674453431,0.0015607877253266402,0.002390598123704884,0.002294644107895846
2019-05-10 13:00:00-04:00,-0.0013030982361361082,0.0005566821886176604,0.0003903610889596707,0.00014017627189112433,0.0,-5.4573237297915666e-05
2019-05-10 13:15:00-04:00,0.0011243421228395248,-0.00011926295507984648,0.0036858944053758057,0.0009806841057060417,0.0010606563805099696,0.0009273402366505134
2019-05-10 13:30:00-04:00,0.0017351369497481774,0.002858392513495592,0.005429121708760492,0.001434268768925799,0.0021179437396138608,0.0018521045741065171
2019-05-10 13:45:00-04:00,0.0007900203012866898,0.00039635355255310256,-0.000833333381558564,0.00031456433099910056,0.0006609385567770569,0.00043529124391634397
2019-05-10 14:00:00-04:00,0.0026458407070181745,0.002453891835332842,0.0049007330364034245,0.0015713391039580645,0.0022439291358531885,0.002390720799641297
2019-05-10 14:15:00-04:00,-0.0007116533532016823,-0.0005535785036587449,-0.001630910557654516,-6.978488811076923e-05,-0.0003956217907331731,-0.00043425160134151974
2019-05-10 14:30:00-04:00,-0.00456150530371949,7.910140804641117e-05,-0.004223054603356486,-0.0008028764350719088,-0.0017161720383740155,-0.0015757447294345878
2019-05-10 14:45:00-04:00,0.0022196434723226635,0.0015807156028005713,0.0010723222759926655,0.0010122164913114484,0.0015183024337974218,0.0014671523579421178
2019-05-10 15:00:00-04:00,0.0031043281927394546,0.001972387227204354,0.0009224681137994246,0.0015686551130319809,0.0017794185339074446,0.0016818580353370916
2019-05-10 15:15:00-04:00,0.0019036263474169197,0.002754822678844462,0.002139228911008028,0.002157235401051932,0.002367643328984273,0.0025445306349947947
2019-05-10 15:30:00-04:00,0.005815292866700946,0.0044702450725159736,0.0090115987075692,0.003365721428474377,0.004456977948897272,0.004262443056476515
2019-05-13 10:15:00-04:00,-0.008028101314345094,-0.0027360899055134803,0.0010498040300916157,-0.0016848605995172634,-0.0032496135833691778,-0.0020023924147578613
2019-05-13 10:30:00-04:00,0.0024339046745081583,-0.0004836174680161702,-0.00479483695915147,0.00012424454893029653,0.0002712048291081988,-0.0012256610353558258
2019-05-13 10:45:00-04:00,0.00469059012554074,0.003380420942118783,0.00618259102517726,0.002340011704169248,0.0032487338217989624,0.0033391799955816027
2019-05-13 11:00:00-04:00,-0.0011439670295269907,-0.0013668893339939157,-0.002808340451125578,-0.0018786670537948723,-0.001352356687275187,-0.002002169685272999
2019-05-13 11:15:00-04:00,-0.0027455335714775455,-0.0015299141401086272,-0.0001545332326791403,-0.0002661343994419007,-0.0016252458375329453,-0.0010025901082118482
2019-05-13 11:30:00-04:00,-0.0006942405021031549,-0.0020166176068716415,-0.005206246845886449,-0.0019538194492525326,-0.0014921326696857387,-0.0023432933979736655
2019-05-13 11:45:00-04:00,-0.003398042039423637,-0.0011310847499556563,-0.0036418573238740782,-0.0008893632745588339,-0.002310411465366502,-0.0015652517380829666
2019-05-13 12:00:00-04:00,0.0027300482670060415,0.002422188419320117,0.0021182488762757977,0.0018489880283255053,0.0024461519298075505,0.00243067801451173
2019-05-13 12:15:00-04:00,-0.0030517209678095148,-0.0022605265347988603,-0.00564823395473619,-0.002026955638690191,-0.0024461519298075787,-0.001759555817123289
2019-05-13 12:30:00-04:00,0.0004824702570269661,-0.0012940274360205416,0.0029061158212175917,-0.0007299985190062772,-0.00027216438897007255,-0.00027957951423446427
2019-05-13 12:45:00-04:00,-0.0019849791925305644,-0.0008906162033111712,-0.00046815749672947653,-0.0004097448059820962,-0.0008169378900802171,-0.00011185369548299293
2019-05-13 13:00:00-04:00,-0.0017199219525598209,-0.0006482194449723506,-0.001968658354982787,-0.0010340156380187848,-0.0010902897161820502,-0.0009512618925601385
2019-05-13 13:15:00-04:00,-0.0031518998090296732,-0.00048644048143928686,-3.1279813574796647e-05,-0.0002497502510483882,-0.001501091984921606,-0.0010082057593592052
2019-05-13 13:30:00-04:00,0.0002697817482033833,-0.00016219942454760123,-0.0018785815975873898,-0.0007853356821074133,-0.00054641077788685,-0.0008409486395688965
2019-05-13 13:45:00-04:00,0.0028821180608262736,0.0029964389119010813,0.0035350649192748516,0.00219382428601517,0.0024565007235201096,0.002240960068330791
2019-05-13 14:00:00-04:00,0.004374612792297216,0.0029874870826798222,0.00137311218678266,0.001691129097934568,0.00299421795664593,0.0027383497607642083
2019-05-13 14:15:00-04:00,-0.0033261833241084986,-0.0031492274089391166,-0.005441084126396677,-0.0017267625720237961,-0.002857922467815752,-0.002458582525277821
2019-05-13 14:30:00-04:00,0.005092070070622626,0.003310459220324842,0.003536945953717845,0.0032729759908986995,0.004215972516965857,0.003518377358964909
2019-05-13 14:45:00-04:00,-0.002650000881610843,-0.003148718894065578,-0.0015634774917218464,-0.0018130437430559278,-0.0023097836356057774,-0.002344208926609578
2019-05-13 15:00:00-04:00,0.0029440124036347977,0.003471104550696082,0.0048699874603687805,0.0026473608496858144,0.0031237292818452555,0.0031243923092689955
2019-05-13 15:15:00-04:00,-0.004634040302367741,-0.002420429597498647,-0.001090563617831631,-0.001349455983472647,-0.002036107666915723,-0.0022307122430873143
2019-05-13 15:30:00-04:00,-0.004062366867825028,-0.0019405706514354288,-0.007164900885672779,-0.0020988232954434415,-0.002857533581387997,-0.002627461261119805
2019-05-14 10:15:00-04:00,0.005688846985071529,0.003624359637558416,0.004903425037713002,0.0020873141378801867,0.004053785701362808,0.0030076048180447596
2019-05-14 10:30:00-04:00,0.0014171693749828902,0.0042519117406981215,0.004786482688409736,0.0017302264203463164,0.003500037227195939,0.0028322338030528846
2019-05-14 10:45:00-04:00,-0.0016580203830381499,-0.00016012169282822946,0.0004030070580778235,0.00014111089575928376,-0.0006721333765604049,5.5453890104749495e-05
2019-05-14 11:00:00-04:00,-0.002062988849384117,0.0016800003951362111,-0.0031975192163629625,-0.0003528145819582431,-0.0005380321603999139,-0.0003882418240670011
2019-05-14 11:15:00-04:00,0.004709164800430772,-0.00023982732547599538,0.002980535597774686,0.001445749396716752,0.0020161297151844956,0.0018843356366768649
2019-05-14 11:30:00-04:00,0.002079945284662117,0.0011187024219967193,0.004052909871389096,0.0007749071379819388,0.0012077296153997596,0.0013279847020104575
2019-05-14 11:45:00-04:00,0.002367998552284798,0.001994575417918369,0.00141927147331493,0.0012139873934313066,0.001206272763881596,0.00127099928692835
2019-05-14 12:00:00-04:00,0.0025214669709909547,0.0006374248253753963,-0.0010796971727389873,0.0006152277855136311,0.0005356545156532522,0.0003865054434953232
2019-05-14 12:15:00-04:00,-0.0014059290067017455,0.00023892959654913632,0.0007713312015636976,0.0,0.0,0.00022079320046631897
2019-05-14 12:30:00-04:00,-0.0004779353285179061,-0.0023918687903200287,-0.0011726586747283125,-0.0013364049185179184,-0.001205626401895527,-0.0016571385016858665
2019-05-14 12:45:00-04:00,0.002890673629921632,0.001993621074980886,0.004375026234711569,0.0008442529742510411,0.002008570573506128,0.0014363453012195967
2019-05-14 13:00:00-04:00,-0.001059827347361285,-0.001594578771202142,-0.000615043995032445,-0.00024616683202100724,-0.0010707355637174347,-0.00038650544349538754
2019-05-14 13:15:00-04:00,0.004074187492274486,0.0012758663666080936,0.0012911557636200296,0.0018623287999644461,0.00214032587893683,0.001875914368432648
2019-05-14 13:30:00-04:00,-0.0005281783252774052,0.0008762148083297245,0.000644953263246597,-3.51061962472431e-05,0.0005343664545028361,0.0004408806662578533
2019-05-14 13:45:00-04:00,2.6415542906887554e-05,0.0,0.0020855704538489967,0.0002457174963219908,0.0005340810594940619,0.00022036746363585352
2019-05-14 14:00:00-04:00,0.0010824369085394472,-0.0005575024037355716,0.0004900909829463587,-0.0001755063362292596,0.0,-0.0002754669181651705
2019-05-14 14:15:00-04:00,-0.0005278716338793169,-0.0012754595375712087,-0.003681550407672849,-0.0007550284372273008,-0.0013357378597246652,-0.0014336524746095256
2019-05-14 14:30:00-04:00,0.0003167564169659086,0.0006379331184007896,0.0015049373991639844,0.0008252346680591376,0.0009352038089761791,0.0011856673524458807
2019-05-14 14:45:00-04:00,0.0005804596347777638,0.0004781829140727866,0.0014107402591178016,0.00010530010539757954,0.0005340097583681787,0.00041327437873824345
2019-05-14 15:00:00-04:00,-0.0030908659211471615,-0.0026328401996631194,-0.00331532720169846,-0.002108111737634225,-0.0026729050327256245,-0.002371760626427815
2019-05-14 15:15:00-04:00,0.002404831961947053,0.0007985626297797748,-0.0003690490877167197,0.0005625978101592118,0.0010700194961942707,0.0009383452694906119
2019-05-14 15:30:00-04:00,0.0001583573072009254,-0.00015966151792197472,0.0003997970314503392,-0.0003164223209610949,-0.00013368983977133438,-0.00044146456584312043
2019-05-15 10:15:00-04:00,0.0057462249093770896,0.006563699223121906,0.0018836535880687793,0.004612578758322372,0.00575945872809972,0.005472650474658816
2019-05-15 10:30:00-04:00,0.0034160907103339393,0.0019527753540342506,0.004350214199425447,0.0013919603336398933,0.0017347215452402447,0.002917540327801634
2019-05-15 10:45:00-04:00,0.0005021606226596885,0.0016707776979170974,-0.0006247657331800348,0.00029928260423188664,0.0010660271513906196,0.0009889295644299808
2019-05-15 11:00:00-04:00,0.0016368776260898795,-0.0011931277266497853,0.0007496720536021373,0.0007214309278876808,0.0006656903454455712,0.00010982071778861368
2019-05-15 11:15:00-04:00,0.0009492169673319334,0.0004774219306915331,-0.0019378033880686517,-0.00022869004682262882,-0.00039936102767181285,0.0002196052604286437
2019-05-15 11:30:00-04:00,0.0028159765960049737,0.0033355866212504905,0.0039341856095491175,0.0026180095250424623,0.003057699803233987,0.0037259296275592747
2019-05-15 11:45:00-04:00,-0.0004468686412010835,-0.0015869870420586974,0.0012145939611180987,0.00021054847956508197,-0.00013274923688685652,-0.0007112375833248948
2019-05-15 12:00:00-04:00,0.0006045393200372135,0.0005557319927084037,-0.0004981165072950638,0.0005787798430493303,-0.00026555135255290104,0.00016417665444867102
2019-05-15 12:15:00-04:00,0.0009980040748513695,-0.0010323196342802126,0.000715964481392455,0.00024544179646357966,0.0,0.0003829740718654736
2019-05-15 12:30:00-04:00,-0.0006039361061635514,-0.0014311272567830407,-0.0016506022215590451,-0.0009470361984556822,-0.0017278047892191409,-0.0008755849192655451
2019-05-15 12:45:00-04:00,-7.880117155163948e-05,0.0016694494695412073,0.00133937630015239,0.000526241943101431,0.0009307273640891173,0.0004378882907486853
2019-05-15 13:00:00-04:00,-0.0010249807070894592,-0.0016694494695411572,-0.003679799580640303,-0.0007719163204997638,-0.0015960633833103284,-0.0015882581793197372
2019-05-15 13:15:00-04:00,0.0008148138864027322,0.001907714898354868,0.0020910389467660084,0.0001754878566907802,0.0009313465282046515,0.0012598599387722482
2019-05-15 13:30:00-04:00,0.0012603388828624407,0.000793808336980341,-0.0009981597260320324,-0.00024569162315156526,0.0007976072207495132,0.0008207934797332168
2019-05-15 13:45:00-04:00,0.0016517878455739813,0.0007931787050784124,0.0012787127290099988,0.0009824045138657805,0.0010624876489259113,0.001584959614740192
2019-05-15 14:00:00-04:00,0.001204346264172093,0.001109394305311766,-0.0009042860654577113,0.0009814403423656361,0.0007961255645072534,0.0007642547523776722
2019-05-15 14:15:00-04:00,0.0015948341223691817,0.0026101414802896807,0.0012159193379477707,0.0005954048929049375,0.0011930012019404216,0.0010362695227852773
2019-05-15 14:30:00-04:00,5.224660398246919e-05,-0.0011065008044576147,0.00018693335880191786,-0.0002101024257050738,-0.0002649884083077854,-0.00021807278265504682
2019-05-15 14:45:00-04:00,-0.000470317734421969,0.001185489746046925,-0.0005609049413205627,8.75480420439411e-05,0.0,-0.00021812034876671256
2019-05-15 15:00:00-04:00,-0.0009674594487033135,-0.0024515631100237092,-0.0016533827915252192,-0.0009634502772882448,-0.001325996348898937,-0.0009821307568884143
2019-05-15 15:15:00-04:00,0.0008629143504664374,-0.000395976880124467,-0.0003747306667214863,0.00031541319389543536,0.00039798355526643946,0.0003547696081528849
2019-05-15 15:30:00-04:00,0.0014104374693621117,0.0003167940469213974,0.0013109434426309633,0.0009806497590020486,0.0007954922527550349,0.0008454814975021489
2019-05-16 10:15:00-04:00,-0.0028521648236833176,0.0063074496605895775,-0.0028614122188474365,-6.953740245825186e-05,0.0009234829152348076,-0.00010834529656584037
2019-05-16 10:30:00-04:00,0.007404025655517533,0.0013187497062855129,0.00367745695827318,0.0025870091083499826,0.004210809564107086,0.004054936351949072
2019-05-16 10:45:00-04:00,0.0032760706005241385,0.0008523828489741573,0.005412944803983476,0.00010403481707907175,0.0015744935352659663,0.0012402266351115914
2019-05-16 11:00:00-04:00,0.0008108073207606409,0.000464630046690635,0.0,0.000571998108935453,0.0009173110327414615,0.0003771551768845885
2019-05-16 11:15:00-04:00,-0.00107249836980336,-0.0008519867295633577,0.0033954832242888765,-0.00045063783347185614,-0.001048424183578396,-0.0009701151425090047
2019-05-16 11:30:00-04:00,-2.6172871819872384e-05,-0.00046502616610152647,0.0014916099720198612,0.0005546023470115413,-0.00026227788492089036,0.0002695708448498533
2019-05-16 11:45:00-04:00,0.004439576914830349,0.0024776444094244247,0.005079611987655408,0.0014716706114562507,0.002750492893139323,0.0025841894377851508
2019-05-16 12:00:00-04:00,0.00046892096935948705,-0.0011606315137596764,-0.0028153781455078747,-0.0006403433843753898,-0.0007850834554371084,-0.0006454215633492038
2019-05-16 12:15:00-04:00,0.0009371827931931269,0.00046441426586455164,-0.0005578282033827458,0.00038079413344832027,0.0007850834554370813,0.00010759919310967975
2019-05-16 12:30:00-04:00,0.0004162439249465005,-0.0006967023040753714,-0.0009614341615495889,-0.000276926806553646,-0.0005233204803152829,-0.0004842875686557055
2019-05-16 12:45:00-04:00,-0.002447917889054671,-0.0006971880366062702,-0.0016148068846532188,-0.000761944380291959,-0.0013095006127143208,-0.0010231557166132843
2019-05-16 13:00:00-04:00,-0.0005216076064327174,-0.0006976744469042676,-0.0014306599025290974,-0.000173250173683515,-0.0006553939151887547,-0.0005389237822766923
2019-05-16 13:15:00-04:00,-0.00039138433135846486,0.0003101376260565116,0.0031075226995793057,6.930367138995097e-05,0.00013111315083701308,-5.390835580814685e-05
2019-05-16 13:30:00-04:00,-0.001410253295804884,0.00015503275097893598,-0.000496555158859067,3.4650034653492595e-05,-0.0003933910357578096,-0.00026958537932182886
2019-05-16 13:45:00-04:00,-0.0029313253820725488,-0.000930557238256317,-0.003513958369775862,-0.0012828515732010804,-0.0011811024995082746,-0.0014030167155916207
2019-05-16 14:00:00-04:00,-0.001285161805631164,0.0,-0.003245033893790846,-0.0003817058829050867,-0.0003940110374062963,-0.0007022472198706951
2019-05-16 14:15:00-04:00,-0.000367492654282822,-0.0012420915310370814,-0.00012501953446513554,3.4706556071814384e-05,-0.00013137151884361488,0.0
2019-05-16 14:30:00-04:00,0.001888525151453586,0.0021726487692934316,0.004148542265118827,0.00159520086538079,0.0018376325969296004,0.001997409431084112
2019-05-16 14:45:00-04:00,2.6204420687208005e-05,0.0005424254298050257,0.0013997544939087464,-0.0001386121461112925,0.0005244182355518233,0.00037743988369999044
2019-05-16 15:00:00-04:00,-0.001494748990069296,0.00015492466819011302,-0.0009018395026049821,-0.000866761486847958,-0.0006555657767233674,-0.0008089742648069101
2019-05-16 15:15:00-04:00,-0.0002887177017128554,-0.002481679508572531,-0.0035842890840837222,-0.0017357800612343138,-0.0017064850557580759,-0.0017820503690023097
2019-05-16 15:30:00-04:00,-0.003576504101639782,-0.0001553096489241859,0.002619353519819297,0.000555777494897323,0.0,0.00048632876782620264
2019-05-17 10:15:00-04:00,-0.0038168494643339404,-0.0009338885460250282,-0.012734683864410576,-0.0005597537229837849,-0.0025182253201645683,-0.0019608383417119035
2019-05-17 10:30:00-04:00,0.012067874585764417,0.0055902936843979885,0.008043896347106054,0.0040337069579197225,0.0063496476317205465,0.0054373077981230335
2019-05-17 10:45:00-04:00,0.0005811035848565615,0.0021655911630636434,-0.00399833160867563,0.0005226663068913034,0.0009226308813181144,0.0005963029395535274
2019-05-17 11:00:00-04:00,0.0030847540181690217,0.004047886172518945,0.006870964821641372,0.003546904526975706,0.004206934489640002,0.00384033358177943
2019-05-17 11:15:00-04:00,0.0023664293752603005,0.003188202520037183,0.00037006198960583595,0.001214181790739434,0.001573048761156447,0.0010251983847264358
2019-05-17 11:30:00-04:00,-0.0022611357375311347,-0.0026112683322231356,-0.006589045229915705,-0.0011794704158183936,-0.0023605020468107263,-0.0019433729023776622
2019-05-17 11:45:00-04:00,-0.004616996078666791,-0.006093817067983735,-0.005321396116968353,-0.002363122505069773,-0.004342112085303956,-0.0036811518088128345
2019-05-17 12:00:00-04:00,0.0009515251550511377,0.0002320903615556141,-0.00453458785243238,0.0003826486288730478,0.000131856540275289,0.0002711349726496068
2019-05-17 12:15:00-04:00,-0.003228284669767056,-0.002788645829012135,-0.002950688018374922,-0.0025421381568926714,-0.0029048676926301848,-0.0030409189624793402
2019-05-17 12:30:00-04:00,0.003571668589566869,0.0010079082881482692,0.0006599519417414471,0.0008364847219355949,0.0015855192592814063,0.001413005316482289
2019-05-17 12:45:00-04:00,0.003901003919094903,0.0012391095486689102,0.0026041272854412227,0.0014621667037809554,0.001583009366917512,0.0016279136459970902
2019-05-17 13:00:00-04:00,-0.0005525952380601975,-0.0006968101861377485,0.003628178632831432,-0.0001913526025444204,0.0001318044024576415,-0.00010844516751840018
2019-05-17 13:15:00-04:00,0.00044736254216456073,0.00015488867407526742,0.0019026533710366949,0.000817341598624784,0.0007904618025709183,0.0003795066459210198
2019-05-17 13:30:00-04:00,-0.0020542540803195285,-0.0007359349610739694,-0.0027459685866337113,-0.0006955675241746291,-0.00131778367887295,-0.001030424734592085
2019-05-17 13:45:00-04:00,0.0010276545350452666,0.0009682229992847449,-0.0031609446552134917,0.0003130652592703137,0.0005273218763019715,0.0005424611595225438
2019-05-17 14:00:00-04:00,0.00047394613699487144,0.0014699058812459496,0.0014721776789281488,0.0003825022649042098,0.0007904618025709183,0.00048796357506958993
2019-05-17 14:15:00-04:00,-0.0003159391316892167,-0.0009281102023581067,-0.002413000026996804,-0.0007999443943549481,-0.0006586747702243656,-0.0005964322683992882
2019-05-17 14:30:00-04:00,-0.0008429926737362727,-0.0008515250553236561,-0.0004707433123696391,-0.00017398566402028,-0.00013178703234665296,-0.00043399246619279413
2019-05-17 14:45:00-04:00,-0.0005008633406845914,7.744133822488678e-05,-0.004404323349503615,-3.480076562034739e-05,-0.0002636261796062377,5.425935975290193e-05
2019-05-17 15:00:00-04:00,0.0016334706972767894,-0.0001548886740751979,0.0009139184097352136,0.0004175292766072919,0.0006589351846223052,0.0003797331064400086
2019-05-17 15:15:00-04:00,-0.008247251419313517,-0.007072934817861433,-0.016547677138408393,-0.0045150738709346565,-0.006874242153796801,-0.005929408657489036
2019-05-17 15:30:00-04:00,0.0032859027365874085,0.0021037875922023945,-0.0014742647372470417,0.0010826858649509211,0.0014581126655513173,0.001090601847607903
2019-05-20 10:15:00-04:00,0.00040983047253322986,-0.0016152228382176473,-0.003688339819839397,-5.2724540649622137e-05,-0.0013476182889825597,-0.0009433962963832617
2019-05-20 10:30:00-04:00,0.0034359609490105447,0.004288390559461747,0.005133616644797499,0.0017384437408672117,0.004306001405420039,0.0032703316104472787
2019-05-20 10:45:00-04:00,-0.001989236979961568,-0.0012963801387385148,0.003375115844227709,3.5088950492995e-05,0.0002685104399565949,0.00013833746062164666
2019-05-20 11:00:00-04:00,0.0001636482656933622,0.001963557024223089,0.003917860638488907,0.0005963238565937048,0.0014755200530824953,0.001078375904644156
2019-05-20 11:15:00-04:00,-0.0031686223894380186,-0.0029074356485912917,-0.0025775312399050412,-0.001790039437647815,-0.0026843852103714413,-0.002656558553793139
2019-05-20 11:30:00-04:00,-5.4719562257152535e-05,-0.0003935458531706456,0.0034243816585694704,0.00017563580205323507,0.00026876301982665235,0.00016624182682642346
2019-05-20 11:45:00-04:00,0.0004923683014290295,-0.0011815676837438381,0.0014640100215526889,-0.00043914735855962104,-0.00040317162217936165,-0.0007483059534640388
2019-05-20 12:00:00-04:00,0.00016406890930977859,7.881462803570585e-05,0.00052002081255072,0.00019324859735299577,0.0005375260493596714,0.0008037137548968265
2019-05-20 12:15:00-04:00,0.0019940186068644495,0.003147502303384494,0.004635716219708772,0.001509566725141949,0.00214721950579096,0.002876983367016306
2019-05-20 12:30:00-04:00,-0.002158087516174408,-0.0021234770071252096,-0.004538242415716437,-0.0011056221127489175,-0.0022815739329712847,-0.0019355201529904754
2019-05-20 12:45:00-04:00,0.0,-0.0005512679301680739,0.0003248440777006138,-0.0002985520249074122,-0.00040317162217936165,-0.00011071438467960287
2019-05-20 13:00:00-04:00,-0.0009302326252194083,-0.0026029356863859136,-0.0041333804434244914,-0.0013006188560107821,-0.00215299820770174,-0.002216865706855215
2019-05-20 13:15:00-04:00,-0.000657156180381386,7.897646505433224e-05,0.0009127657433823017,0.0001406890247296358,0.000404040409537069,0.00044376647517873794
2019-05-20 13:30:00-04:00,0.0007118997069730807,0.0,-0.0007823196174471335,0.0004922557719695182,0.00026926960782018924,0.00038813418840462545
2019-05-20 13:45:00-04:00,0.0013402811125728428,-0.0001579591678835827,-0.001533817711163736,0.000281180255969273,0.0,0.0002217233456050661
2019-05-20 14:00:00-04:00,-0.0009298001599666387,-0.0006320863008220808,-0.0019287670047141146,-0.00021087777953554874,-0.0008080264394927551,-0.0005544005686007533
2019-05-20 14:15:00-04:00,-0.0007116074416937813,-0.0009884353873846378,-0.0035731299591626616,-0.0007735992087195559,-0.0013481633319338676,-0.0008321775792314923
2019-05-20 14:30:00-04:00,-0.0010409533880659353,-0.0015439127391347783,-0.0023343371715303335,-0.0004926021809291793,-0.0009447969389535751,-0.0004996391598972874
2019-05-20 14:45:00-04:00,-0.0020851631786856168,-7.923930273574979e-05,-0.00042800468166170387,-0.0010211628057337449,-0.000945690424438466,-0.001000027861889726
2019-05-20 15:00:00-04:00,-0.0003296341091270356,0.0003169195447039573,-0.0013840376558512757,-0.0005638468600390979,-0.000270361610298327,-0.0006116208141732594
2019-05-20 15:15:00-04:00,0.0002472357680336767,-0.0013476022649792723,-0.004793001490410959,-0.001305114823700843,-0.0017591344184618033,-0.0016699605873763562
2019-05-20 15:30:00-04:00,0.004385130495560257,0.0015060243810378574,0.006111176009835822,0.0017280297712367668,0.002975186453198632,0.0028928283643459823
2019-05-21 10:15:00-04:00,-0.001183082066418528,-0.002050473904544721,-0.0014009483126019378,-0.0002624786751146845,-0.0013369879657214685,-0.0018211925563489369
2019-05-21 10:30:00-04:00,0.0033305609471647535,0.0016958849285464107,0.0070823206272015845,0.0006123431062179344,0.001604171188204726,0.0014903132415589992
2019-05-21 10:45:00-04:00,0.004975134640113708,0.003775815695348873,0.003973964488699828,0.0021315264202823583,0.0029343135425618457,0.0030289702638243267
2019-05-21 11:00:00-04:00,0.0017328023743147778,-0.000628313391964419,0.0010312933976659936,0.0007676338066020618,0.0005325877231274923,0.0009343740374204909
2019-05-21 11:15:00-04:00,-0.0009859962691392181,-0.0008645760186432873,-0.00028994378515322995,-0.0006629217646216286,-0.000532587723127509,-0.000879386684497759
2019-05-21 11:30:00-04:00,0.00021327077471475754,0.0003930817660674221,0.002027843295687647,-6.980680968253225e-05,0.0006656903454455712,0.0003848268326764696
2019-05-21 11:45:00-04:00,-0.0019477840116153197,-0.001101018553283901,-0.0035433615220733183,-0.0008729965285384484,-0.001598401938713006,-0.000989854077358011
2019-05-21 12:00:00-04:00,-0.001470018573130089,-0.0018114520193172382,-0.0018410560585280938,-0.0005765954818375436,-0.0013339560438693295,-0.001156069492918668
2019-05-21 12:15:00-04:00,0.004030702821111453,0.0016540646493285866,0.002615224672400936,0.0014495920103759065,0.0021334763742866785,0.002475657313269236
2019-05-21 12:30:00-04:00,-0.0010928234578636011,-0.0009448447614450167,-0.0015166430245450448,-0.0004189432218658839,-0.0007995203304172838,-0.0005496166562274951
2019-05-21 12:45:00-04:00,-0.0011474164378780065,7.877116979266557e-05,0.0015488870473119394,3.491863957336286e-05,0.0,0.0
2019-05-21 13:00:00-04:00,-0.00042728195917919083,0.00047249676037533804,-0.000774143642300386,0.00034911934999476814,0.0,-5.497828359194578e-05
2019-05-21 13:15:00-04:00,0.0007743141699203892,-0.000157474115517656,0.0,0.0001745139790125774,0.00039984006930130574,0.000549646865735595
2019-05-21 13:30:00-04:00,-0.00021354403092114065,-0.0007089405574594481,-0.0005810012751795886,-0.00013960874671480457,-0.0007998400746347498,-0.0006596125015851881
2019-05-21 13:45:00-04:00,0.0007472046887820443,0.000708940557459506,0.0018709079358116025,0.00031409227591238834,0.0010663113306248753,0.000659612501585148
2019-05-21 14:00:00-04:00,0.0005333760160586488,0.0007084383167832017,0.0001933425714140257,0.0003837566332329483,0.0003995737932757665,0.0007140895661861273
2019-05-21 14:15:00-04:00,-7.998826843008534e-05,-0.00023609034500151919,0.0005476010380197864,-0.0003488635804363927,0.0,-0.0003295164376138097
2019-05-21 14:30:00-04:00,0.0020776184124136053,0.0018086031508612612,0.0009012779442937287,0.0008719308588129233,0.0013307607260323216,0.001262557120012224
2019-05-21 14:45:00-04:00,0.0004256451248088323,-0.00015714005139385066,0.00032168822255143636,0.0002091503275597832,0.00026593976621087093,0.0
2019-05-21 15:00:00-04:00,-0.0030900397522817475,-0.0020450709137281313,-0.0016094769456448021,-0.0010112987331422445,-0.0018630652803930657,-0.00203185133054868
2019-05-21 15:15:00-04:00,-0.00016008965054622464,7.873395799667166e-05,-0.0012249372945487894,1.744485246053897e-05,-0.0001332090051257519,0.00016489858774227566
2019-05-21 15:30:00-04:00,-0.0015221312772600991,0.00031487385626396524,0.0004837071408868036,0.00012210544692699233,-0.0001332267521286819,-0.00016489858774222717
