date,long_gross,short_gross,stock_gross,hedge_gross,gross_exposure,net_exposure,turnover,net_SPY_exposure,net_XLK_exposure,net_QQQ_exposure
2020-07-01,0.015067247260861866,0.05,0.05,0.015067247260861866,0.06506724726086187,-0.03493275273913814,0.06506724726086187,-0.002684996847988854,-0.012283808838983687,-0.030232936095613058
2020-07-02,0.014643552843208426,0.05,0.05,0.014643552843208426,0.06464355284320843,-0.03535644715679158,0.008314729047382551,-0.0007551627344330631,-0.024120360783577353,-0.019055135011614863
2020-07-06,0.0152565655310461,0.05090389097448486,0.05,0.01616045650553096,0.06616045650553096,-0.03564732544343876,0.00829463279386868,0.0027116729234545854,-0.03612599254440959,-0.009643704048728706
2020-07-07,0.014467533139155107,0.050016915878605,0.05,0.01448444901776011,0.06448444901776011,-0.035549382739449895,0.004260514223529974,5.074763581500841e-05,-0.04000275264804828,-0.0033998467694170455
2020-07-08,0.014660773345364538,0.05,0.05,0.014660773345364538,0.06466077334536455,-0.03533922665463546,0.0037510999870749265,-0.005238264109429227,-0.03469133679465754,-0.0040527191320068505
2020-07-09,0.015969349104315363,0.05145776981939468,0.05,0.017427118923710037,0.06742711892371003,-0.035488420715079315,0.005468158333016735,-0.008808962010861439,-0.03909908530208465,0.0043733094581840295
2020-07-10,0.0305692729948509,0.06641959387469204,0.05,0.04698886686954294,0.09698886686954294,-0.03585032087984115,0.12956174794583292,-0.028208209584130946,-0.06349960940042176,0.04925878162407613
2020-07-13,0.030828591995640704,0.06677632123993779,0.05,0.04760491323557849,0.09760491323557849,-0.03594772924429709,0.0011618464319094694,-0.027389509485320068,-0.06509626650160205,0.050328963719813366
2020-07-14,0.0,-0.0,0.0,0.0,0.0,0.0,0.0976049132355785,0.0,0.0,0.0
2020-07-15,0.0,-0.0,0.0,0.0,0.0,0.0,0.0,0.0,0.0,0.0
2020-07-16,0.0,-0.0,0.0,0.0,0.0,0.0,0.0,0.0,0.0,0.0
2020-07-17,0.0,-0.0,0.0,0.0,0.0,0.0,0.0,0.0,0.0,0.0
2020-07-20,0.0,-0.0,0.0,0.0,0.0,0.0,0.0,0.0,0.0,0.0
2020-07-21,0.0,-0.0,0.0,0.0,0.0,0.0,0.0,0.0,0.0,0.0
2020-07-22,0.0,-0.0,0.0,0.0,0.0,0.0,0.0,0.0,0.0,0.0
2020-07-23,0.08058219061976249,0.08095693609358615,0.1,0.06153912671334863,0.16153912671334864,-0.0003747454738236601,0.16153912671334864,0.057858696682859874,0.03501211159789856,-0.09174657185928745
2020-07-24,0.12793867308632983,0.08936886330258303,0.15000000000000002,0.06730753638891285,0.21730753638891287,0.038569809783746786,0.0647761192501113,0.05227768492133725,0.06582890498641186,-0.08381601925898946
2020-07-27,0.1592008227434802,0.04884246831690814,0.15000000000000002,0.05804329106038832,0.20804329106038835,0.11035835442657206,0.14735255499946134,0.023566035457907367,0.12296136949281705,-0.027602468230440547
2020-07-28,0.10870873373171216,0.034672915343567486,0.1,0.04338164907527964,0.14338164907527964,0.07403581838814469,0.0646616419851087,0.017358053645668947,0.08666069238503352,-0.026126201195136468
2020-07-29,0.11484028512785274,0.07826655506203292,0.15000000000000002,0.043106840189885656,0.19310684018988566,0.03657373006581983,0.07693177928450896,0.038948855055919676,0.04585081013017908,-0.044520855383558204
2020-07-30,0.11476084358823618,0.07816628460931956,0.15000000000000002,0.042927128197555744,0.19292712819755575,0.036594558978916635,0.0005943003183470769,0.03802616120875385,0.04647269261920483,-0.04428253076470855
2020-07-31,0.10276371954482785,0.06456288955566478,0.15000000000000002,0.017326609100492628,0.16732660910049266,0.038200829989163076,0.12560051909706313,0.01434792843923581,0.029340740227758517,-0.008291158634483552
2020-08-03,0.061539730820903596,0.060958094524750504,0.1,0.022497825345654095,0.1224978253456541,0.0005816362961531003,0.06238080630699003,0.014282281533475927,0.01859200204077556,-0.03461919246271079
2020-08-04,0.12073123454351078,0.1190481000550727,0.2,0.03977933459858348,0.2397793345985835,0.0016831344884380896,0.1296761772801131,0.057144300165218084,-0.013210102643451302,-0.04898360098708105
2020-08-05,0.12063453549962772,0.11861460166518703,0.2,0.039249137164814735,0.23924913716481475,0.0020199338344406726,0.0007824543314826314,0.055843804995561096,-0.013588487990022135,-0.04831511850886098
2020-08-06,0.12080366208975617,0.11871650313074089,0.2,0.03952016522049705,0.23952016522049707,0.0020871589590152756,0.0006047320270343593,0.05614950939222266,-0.013087932032994062,-0.04932305423627442
2020-08-07,0.12078871821730705,0.11896310561492013,0.2,0.03975182383222716,0.23975182383222718,0.0018256126023869276,0.001037258525988868,0.05688931684476035,-0.014251500287034842,-0.04811465436488629
2020-08-10,0.12159622717520993,0.11922124341626102,0.2,0.04081747059147093,0.24081747059147093,0.0023749837589489165,0.0030340180554381986,0.05766373024878302,-0.019626584105035122,-0.04516209742059465
2020-08-11,0.12181626248876262,0.1190458095998483,0.2,0.04086207208861091,0.24086207208861093,0.0027704528889143203,0.00039546912996540375,0.05713742879954489,-0.019967485781784665,-0.045481301684503185
2020-08-12,0.16887810744355033,0.12522178338619025,0.25,0.04409989082974057,0.2940998908297406,0.04365632405736007,0.05921392118300402,0.07566535015857075,-0.01100333211897313,-0.04563099021167784
2020-08-13,0.2184700457171029,0.1361630099816753,0.3,0.05463305569877819,0.3546330556987782,0.08230703573542762,0.07591587577032435,0.06359461592561377,0.044894414019412104,-0.05541013715130867
2020-08-14,0.2178499710855419,0.13681119479007614,0.3,0.054661165875618034,0.354661165875618,0.08103877629546577,0.006663903275482771,0.0736326361040977,0.03680094826613071,-0.053549913256625684
2020-08-17,0.23454406512187642,0.19050227882117754,0.35,0.07504634394305393,0.4250463439430539,0.04404178630069889,0.08621171629948837,0.10844569554548059,0.013061140918051994,-0.10363219536562923
2020-08-18,0.2352010499545527,0.19126946667666644,0.35,0.07647051663121912,0.4264705166312191,0.04393158327788628,0.001701151918345769,0.1080302267002097,0.015778173329789567,-0.1056031498636581
2020-08-19,0.1968483595673478,0.19155273911793144,0.3,0.08840109868527922,0.3884010986852792,0.0052956204494163765,0.0734350349096461,0.12465821735379426,-0.03642043479197474,-0.10412464391006865
2020-08-20,0.18563478027851446,0.1460994810032328,0.25,0.08173426128174724,0.3317342612817472,0.039535299275281634,0.20152545028481975,0.07379022061324145,0.06450822239645695,-0.10690434083554329
2020-08-21,0.19048965525317438,0.1882189494645771,0.3,0.07870860471775142,0.3787086047177514,0.0022707057885972826,0.06805531918842182,0.08177008962590071,0.03288675876783049,-0.12146896575952304
2020-08-24,0.1778514252043239,0.1379667762004269,0.25,0.06581820140475078,0.3158182014047508,0.039884649003896974,0.07077156583746841,0.06919182604674858,0.044708502554532126,-0.08355427561297163
2020-08-25,0.18063559532578088,0.14024855599817204,0.25,0.07088415132395288,0.32088415132395287,0.040387039327608815,0.00506594991920211,0.07308491747333529,0.04766075052118083,-0.09190678597734256
2020-08-26,0.1886313023535686,0.18606543849399768,0.3,0.07469674084756624,0.3746967408475662,0.002565863859570916,0.07812638963552618,0.09700626512868141,0.01119005035331158,-0.11589390706070574
2020-08-27,0.12486756775786226,0.08645370970516604,0.15000000000000002,0.06132127746302829,0.2113212774630283,0.03841385805269622,0.3125911602419983,0.024347533475996094,0.08501359563950202,-0.07460270327358674
2020-08-28,0.10675972555574653,0.03141566266198363,0.1,0.038175388217730165,0.13817538821773018,0.0753440628937629,0.08277300448509281,-0.005207280513243165,0.0942469879859509,-0.01507189615399643
2020-08-31,0.05915695685291945,0.021278109581342988,0.05,0.030435066434262435,0.08043506643426243,0.037878847271576456,0.0762621117474019,0.015383710541139343,0.04845061820288962,-0.02747087055875834
2020-09-01,0.10768298873316225,0.032502823126821526,0.1,0.04018581185998376,0.14018581185998377,0.07518016560634072,0.07545717599785387,-0.0037540309577878466,0.09750846938046458,-0.019294935241698855
2020-09-02,0.06044563572931337,0.058742174400506296,0.1,0.019187810129819655,0.11918781012981966,0.0017034613288070734,0.12922588794868825,0.0002998573815449837,0.02592666581997389,-0.03133690718794009
2020-09-03,0.06122187326971214,0.059085320545220255,0.1,0.02030719381493238,0.12030719381493238,0.002136552724491885,0.0023416085892005063,-0.003862192595782993,0.027255961635660745,-0.029803427213353405
2020-09-04,0.05983551927812522,0.05653362267491058,0.1,0.016369141953035786,0.1163691419530358,0.0033018966032146418,0.004056107881323295,0.00017708402914005245,0.019423783995591665,-0.029506557834375644
2020-09-08,0.06537474717228176,0.1,0.15000000000000002,0.015374747172281752,0.1653747471722818,-0.03462525282771825,0.07932906540924389,-0.011548628173092811,-0.030953377769641965,-0.0036222355741104776
2020-09-09,0.0646834711637125,0.1,0.15000000000000002,0.014683471163712488,0.1646834711637125,-0.03531652883628751,0.0006912760085692644,-0.01032017135073613,-0.030739200455015617,-0.002991041685385715
2020-09-10,0.06465310725699837,0.1,0.15000000000000002,0.01465310725699836,0.1646531072569984,-0.035346892743001644,0.002457616450974105,-0.009209545573664258,-0.034380079271405586,-0.0003696969259252402
2020-09-11,0.0776405206956562,0.1551559638327035,0.2,0.03279648452835967,0.2327964845283597,-0.07751544313704727,0.0683898418886448,-0.029531879893117806,-0.0533896821938508,0.0154678914981104
2020-09-14,0.05367380650204055,0.20708873630033806,0.2,0.0607625428023786,0.2607625428023786,-0.15341492979829752,0.15796590586817105,0.021266208901014126,-0.08875978794374009,-0.07226163156238156
2020-09-15,0.053377737670258094,0.20551735023187345,0.2,0.05889508790213155,0.25889508790213156,-0.15213961256161534,0.003108362900243398,0.016552050695620334,-0.0906211499437346,-0.06951206306703968
2020-09-16,0.050884647603742866,0.16023724731675357,0.15000000000000002,0.061121894920496404,0.21112189492049643,-0.10935259971301071,0.06330537448095122,0.030711741950260628,-0.07400329874985506,-0.07865064406137352
2020-09-17,0.0430946628937788,0.11288110822342226,0.1,0.05597577111720105,0.15597577111720107,-0.06978644532964347,0.07260673800446758,0.03864332467026675,-0.032374006038210654,-0.09690998264312574
2020-09-18,0.04724013775015201,0.15589439714699552,0.15000000000000002,0.053134534897147506,0.20313453489714753,-0.1086542593968435,0.06307656676661144,0.017683191440986477,-0.047727001858047506,-0.09399341139240852
2020-09-21,0.04698341004234388,0.1553015254704294,0.15000000000000002,0.052284935512773266,0.2022849355127733,-0.10831811542808553,0.0011129777355603481,0.015904576411288163,-0.048122069384826674,-0.09282816074220496
2020-09-22,0.04783395411736034,0.15686467810409166,0.15000000000000002,0.05469863222145197,0.204698632221452,-0.10903072398673132,0.002413696708678706,0.02059403431227489,-0.04966701749290012,-0.09383484485918091
2020-09-23,0.04772982854143454,0.15722637724915142,0.15000000000000002,0.054956205790585924,0.20495620579058593,-0.10949654870771688,0.0023011722927947734,0.021679131747454165,-0.052420038850613936,-0.09076944677368967
2020-09-24,0.046757988889156915,0.15527141667955058,0.15000000000000002,0.05202940556870746,0.20202940556870747,-0.10851342779039366,0.0029268002218784724,0.015814250038651625,-0.050569579316444464,-0.08970438735102627
2020-09-25,0.0467586288851987,0.15543522868492193,0.15000000000000002,0.052193857570120614,0.20219385757012065,-0.10867659979972324,0.0006648537763242774,0.01630568605476574,-0.051322101966936505,-0.0889537846886596
2020-09-28,0.04631148146789111,0.15419919786415084,0.15000000000000002,0.050510679332041945,0.20051067933204197,-0.10788771639625973,0.011657525046933695,0.012597593592452503,-0.035019139501731196,-0.10391530490194213
2020-09-29,0.03035100489069514,0.10612893252282578,0.1,0.036479937413520916,0.13647993741352094,-0.07577792763213063,0.07208958001492582,0.006298540423870139,0.012088257144607189,-0.09105301467208542
2020-09-30,0.030328735842396766,0.10621480596324785,0.1,0.03654354180564461,0.13654354180564462,-0.07588607012085108,0.00034915979762558357,0.006917686708494056,0.011726731181249478,-0.0909862075271903
2020-10-01,0.046515409263066416,0.1547632813150539,0.15000000000000002,0.0512786905781203,0.2012786905781203,-0.10824787205198749,0.07255296955997534,0.01428984394516166,-0.0378308501002191,-0.10171537768898015
2020-10-02,0.030879793559317224,0.1,0.1,0.030879793559317224,0.13087979355931723,-0.06912020644068279,0.09309717208834865,-0.02582443939246021,-0.04605382331207725,-0.020761117973414213
2020-10-05,0.015560413445647247,0.05193672028867237,0.05,0.017497133734319617,0.06749713373431962,-0.03637630684302512,0.07202909989843545,-0.03298393863659987,0.005810160866017107,-0.013697301700341877
2020-10-06,0.018010126029096185,0.05382632739347387,0.05,0.021836453422570054,0.07183645342257006,-0.035816201364377694,0.004339319688250439,-0.03633038653484659,0.011478982180421617,-0.017699991552441965
2020-10-07,0.031344789372226,0.1,0.1,0.031344789372226,0.131344789372226,-0.06865521062777402,0.07173081352110344,-0.031584132692318245,-0.04685872420613907,-0.015591511218220673
2020-10-08,0.03006517259498088,0.1,0.1,0.03006517259498088,0.13006517259498088,-0.06993482740501912,0.005137995447673474,-0.02405335990460262,-0.044763078656476815,-0.021379079223863215
2020-10-09,0.030415742029001845,0.1,0.1,0.030415742029001845,0.13041574202900186,-0.06958425797099817,0.0042562739196335235,-0.026881467683090854,-0.048845235908470314,-0.01552052249544438
2020-10-12,0.06884168059736412,0.06766436997486239,0.1,0.03650605057222649,0.13650605057222648,0.0011773106225017333,0.14900081414583444,-0.056525041792092334,0.016470242102867023,0.03652286782172011
2020-10-13,0.06859631195678342,0.06689279787976946,0.1,0.03548910983655287,0.13548910983655288,0.001703514077013954,0.007014052009467505,-0.05578893587035024,0.025465909013557855,0.025212484625750525
2020-10-14,0.0728330521717195,0.1078023223809615,0.15000000000000002,0.030635374552680998,0.18063537455268103,-0.03496927020924201,0.06535162014782421,-0.05275232921922998,-0.015746827295928516,0.02340696714288449
2020-10-15,0.07376777404829785,0.10839174180877864,0.15000000000000002,0.032159515857076486,0.18215951585707651,-0.03462396776048078,0.0020495357777675317,-0.05634458655902311,-0.014958735585870454,0.0251752254263359
2020-10-16,0.08230931972977662,0.11595655183005321,0.15000000000000002,0.04826587155982981,0.19826587155982983,-0.033647232100276606,0.016106355702753324,-0.0630516896438037,-0.03387626954552612,0.04786965549015962
2020-10-19,0.014095975058905367,0.05099290270464389,0.05,0.015088877763549257,0.06508887776354925,-0.03689692764573853,0.14077056962636164,0.0029787081139316706,-0.03745121925616349,-0.004836705920552613
2020-10-20,0.014097119019618376,0.050791219284772635,0.05,0.014888338304391005,0.064888338304391,-0.03669410026515426,0.001205546807347516,0.0023736578543178876,-0.03895873027844739,-0.0033326267804077445
2020-10-21,0.014211205584092045,0.05090963190870977,0.05,0.015120837492801815,0.06512083749280181,-0.03669842632461773,0.00045289579546764155,0.002728895726129309,-0.03862813536786214,-0.004005481384413999
2020-10-22,0.01432309192972149,0.051014089073894875,0.05,0.015337181003616362,0.06533718100361637,-0.036690997144173385,0.0003894257762650251,0.0030422672216846177,-0.03836851196968642,-0.004600763819478052
2020-10-23,0.013904858226439838,0.050287065424092434,0.05,0.014191923650532269,0.06419192365053228,-0.036382207197652595,0.0015556247567271695,0.0008611962722772915,-0.03649825975437685,-0.005216314924942664
2020-10-26,0.014054075150174684,0.050499464291943165,0.05,0.014553539442117845,0.06455353944211785,-0.03644538914176848,0.0010437371515400846,0.0014983928758294839,-0.03547507771444509,-0.006687147736078963
2020-10-27,0.015243430182772473,0.051772911598478216,0.05,0.017016341781250683,0.06701634178125068,-0.03652948141570574,0.006920900829852149,0.004567744814281868,-0.04573029054831742,0.0007509899811527672
2020-10-28,0.06429718189871439,0.06076302813822096,0.1,0.025060210036935343,0.12506021003693535,0.0035341537604934303,0.09157589183075085,-0.04289154569614316,0.003042389410931488,0.02924669500373138
2020-10-29,0.06446349677900123,0.0608862724717749,0.1,0.025349769250776123,0.12534976925077612,0.0035772243072263333,0.000869913604072842,-0.043390490337003686,0.004282653996941397,0.02837616341838329
2020-10-30,0.06493092136393352,0.061108244230947364,0.1,0.026039165594880884,0.12603916559488088,0.003822677132986162,0.0007580995571012028,-0.044792764091800566,0.004179599177446729,0.029145133515395355
2020-11-02,0.08888015720424582,0.12361942310934748,0.15000000000000002,0.06249958031359329,0.2124995803135933,-0.034739265905101666,0.08924681417034357,-0.09174288137671996,-0.02489759023601749,0.07085826932804243
2020-11-03,0.08809981753232915,0.12338234030593297,0.15000000000000002,0.061482157838262115,0.21148215783826213,-0.03528252277360381,0.0022274517840325143,-0.08758681839791796,-0.026712634199069496,0.07014702091779888
2020-11-04,0.08867281927065859,0.12366839871616514,0.15000000000000002,0.062341217986823745,0.21234121798682376,-0.03499557944550655,0.0011700331438263094,-0.08977228310580333,-0.026246174706172472,0.07100519614849543
2020-11-05,0.18806731197617438,0.1418410218120526,0.25,0.07990833378822693,0.3299083337882269,0.04622629016412175,0.13506456560551816,-0.11420193592852303,0.04677774808181007,0.07874531735434771
2020-11-06,0.27230027215003716,0.11261409770527564,0.3,0.08491436985531281,0.3849143698553128,0.15968617444476152,0.29399690656326166,-0.06690081645011152,0.1202821620273314,0.06756013108849554
2020-11-09,0.27212832944144705,0.11249700847215105,0.3,0.08462533791359808,0.3846253379135981,0.15963132096929603,0.0020315933454696164,-0.06638498832434112,0.12289600413296374,0.06459502128348943
2020-11-10,0.2740322560458659,0.11385153889263824,0.3,0.08788379493850412,0.3878837949385041,0.16018071715322763,0.005781081440886737,-0.0720967681375976,0.11911206750899267,0.0724425491689221
2020-11-11,0.32198034555042965,0.12357296500217271,0.35,0.09555331055260236,0.44555331055260233,0.19840738054825693,0.06859899636627018,-0.06594103665128892,0.15851483547954529,0.06220405952697287
2020-11-12,0.32227097133919436,0.12357341295832643,0.35,0.09584438429752076,0.4458443842975207,0.19869755838086794,0.00806160673579789,-0.06681291401758305,0.1701719788343256,0.050548260040653645
2020-11-13,0.3204587419888447,0.12264446925956336,0.35,0.09310321124840806,0.443103211248408,0.19781427272928132,0.004072881627393925,-0.06137622596653411,0.1653875848706146,0.05254582290807548
2020-11-16,0.3207710506798419,0.12294236804699632,0.35,0.09371341872683828,0.4437134187268382,0.19782868263284564,0.0006102074784302067,-0.06231315203952584,0.16601156220045893,0.05281554194053004
2020-11-17,0.32492055245887475,0.12567629399527883,0.35,0.10059684645415358,0.45059684645415354,0.19924425846359595,0.01807685875402827,-0.07476165737662424,0.19100348658537591,0.0360253954004606
2020-11-18,0.3250351725854255,0.12570703123299726,0.35,0.1007422038184228,0.4507422038184228,0.19932814135242827,0.0015857804288006774,-0.0751055177562766,0.1888428519885787,0.03827824171041308
2020-11-19,0.15318914423843144,0.07458219546895954,0.2,0.027771339707390954,0.22777133970739097,0.07860694876947188,0.22297086411103187,-0.00956743271529423,0.06613590814957598,0.007610678257302646
2020-11-20,0.15377375706643123,0.07523635748104106,0.2,0.02901011454747227,0.22901011454747228,0.07853739958539019,0.001238774840081315,-0.011321271199293659,0.0674202891659339,0.008288783277189248
2020-11-23,0.15384928661042438,0.07528292098810824,0.2,0.029132207598532595,0.22913220759853262,0.07856636562231616,0.0024483439594575693,-0.0115478598312731,0.0710493560497313,0.00479940691459338
2020-11-24,0.15910039050959673,0.04370591354952962,0.15000000000000002,0.052806304059126334,0.20280630405912636,0.11539447696006709,0.07687370107032267,-0.020561471454969775,0.13111774064858886,-0.006739700073820357
2020-11-25,0.10324145832145308,0.026007752803197656,0.1,0.029249211124650724,0.12924921112465074,0.07723370551825542,0.10216219196636324,0.039922973657292596,0.038100284752300366,-0.009724374964359206
2020-11-27,0.10303706208752833,0.02582640602478236,0.1,0.028863468112310685,0.1288634681123107,0.07721065606274598,0.0009426810791259414,0.04075838075747145,0.03672083731687563,-0.009111186262584975
2020-11-30,0.10393205283233535,0.025321596327268322,0.1,0.02925364915960367,0.1292536491596037,0.07861045650506703,0.00693420062478515,0.030942351391233205,0.04502243759057176,-0.011796158497006048
2020-12-01,0.051891698617215674,0.015139868253731426,0.05,0.017031566870947097,0.0670315668709471,0.036751830363484256,0.18048319727235346,-0.005675095851647015,0.02370302813729604,0.021716576623898236
2020-12-02,0.06821018018606403,0.07370689355990918,0.1,0.04191707374597319,0.1419170737459732,-0.005496713373845148,0.0944709228676548,0.048500099386096035,-0.054630540558192074,0.02262058129363148
2020-12-03,0.08598303135926096,0.1270978842549128,0.15000000000000002,0.06308091561417374,0.21308091561417375,-0.041114852895651824,0.07968358287117674,0.07145268297557114,-0.10794909407778286,0.0098409697891672
2020-12-04,0.1283832756072843,0.13075596763623895,0.2,0.05913924324352326,0.2591392432435233,-0.002372692028954653,0.06125783913330282,0.07757043210374011,-0.0851498268218529,0.014697470804976753
2020-12-07,0.06894788748499434,0.07388659333767374,0.1,0.042834480822668074,0.1428344808226681,-0.0049387058526793965,0.12176773839700245,0.04876784524382354,-0.05684366245498301,0.022891934769197656
2020-12-08,0.06777923588275817,0.07253495104454138,0.1,0.040314186927299545,0.14031418692729955,-0.004755715161783215,0.0025202938953685222,0.045512660481393366,-0.0533377076482745,0.022092192652230776
2020-12-09,0.06708629540324015,0.07195699305316516,0.1,0.039043288456405305,0.13904328845640532,-0.004870697649925001,0.001270898470894244,0.0452665730266081,-0.05125888620972045,0.020604406132887353
2020-12-10,0.1,0.06116407385025739,0.15000000000000002,0.011164073850257384,0.1611640738502574,0.038835926149742614,0.1839740503842751,0.02348167548886191,0.00914225366719076,0.0008682923947194814
2020-12-11,0.10059650738275097,0.06180057090170399,0.15000000000000002,0.012397078284454953,0.162397078284455,0.03879593648104699,0.0025066622251894476,0.022439481197093575,0.012962231508018377,-0.0017895221482529095
2020-12-14,0.16761653863198556,0.09278611561851215,0.2,0.060402654250497685,0.2604026542504977,0.0748304230134734,0.11150282386922944,0.0021936093423135074,0.12616473751322294,-0.052849615895956624
2020-12-15,0.15353965976681824,0.12731275351775018,0.25,0.0308524132845684,0.2808524132845684,0.026226906249068045,0.1905528278490357,0.018697489666973127,0.0632407708862774,-0.010618979300454667
2020-12-16,0.11904926812935793,0.16175158140220436,0.25,0.030800849531562268,0.28080084953156226,-0.04270231327284643,0.13107078047808554,0.011229741120660115,0.024025003085952915,-0.05714780438807378
2020-12-17,0.12052669922661252,0.16277257907127182,0.25,0.03329927829788431,0.2832992782978843,-0.04224587984465928,0.002603504667455436,0.011072127268960025,0.027245609944855337,-0.06158009767983757
2020-12-18,0.11926928289917055,0.16299892174998343,0.25,0.032268204649153934,0.2822682046491539,-0.04372963885081287,0.003755026389712145,0.015158056380432673,0.023838708869517514,-0.057807848697511606
2020-12-21,0.1221505647844184,0.0897921386329647,0.15000000000000002,0.061942703417383074,0.21194270341738308,0.03235842615145369,0.16206340645323006,-0.04206915080281227,0.11937641589889408,-0.024382543550442892
2020-12-22,0.12127529241925195,0.08955981189146377,0.15000000000000002,0.060835104310715704,0.21083510431071573,0.03171548052778818,0.0011075991066673788,-0.0408968825462836,0.11867943567439129,-0.022928994711472202
2020-12-23,0.05931166162385015,0.05717193476449403,0.1,0.01648359638834418,0.11648359638834418,0.0021397268593561203,0.22322357814208657,0.021515804293482092,-0.02179230103609046,-0.006142683835459991
2020-12-24,0.0590207367623375,0.0568744375186995,0.1,0.015895174281036997,0.115895174281037,0.002146299243638002,0.001289031948594818,0.020623312556098488,-0.019868611689621056,-0.007193598597391439
2020-12-28,0.020260605821834615,0.05648529576758076,0.05,0.02674590158941537,0.07674590158941537,-0.036224689945746145,0.06285319221915942,0.019455887302742267,-0.05542449098092775,-0.005357326484576095
2020-12-29,0.020440922205337723,0.056334785758751955,0.05,0.02677570796408968,0.07677570796408968,-0.035893863553414236,0.0005880289505480949,0.019004357276255865,-0.055038687143603465,-0.006284079472409697
2020-12-30,0.020873857969688367,0.05674389682440216,0.05,0.02761775479409052,0.07761775479409053,-0.03587003885471379,0.002059286985844181,0.02023169047320646,-0.058163354670420414,-0.004458219238644693
2020-12-31,0.020936695911218602,0.05693046555380169,0.05,0.02786716146502029,0.07786716146502029,-0.035993769642583086,0.0004833463435060662,0.020791396661405066,-0.058702778003875564,-0.00410730972978025
2021-01-04,0.021249247222021622,0.05784023831304929,0.05,0.029089485535070913,0.07908948553507092,-0.03659099109102767,0.0034989793722332834,0.02352071493914787,-0.06305541488955861,-0.0006923267765062547
2021-01-05,0.021228280469218007,0.05749328494757238,0.05,0.028721565416790384,0.07872156541679039,-0.03626500447835437,0.0003679201182805286,0.022479854842717126,-0.06299332488605712,-0.0006915165215969025
2021-01-06,0.02105270867485819,0.05711873245840822,0.05,0.028171441133266403,0.0781714411332664,-0.03606602378355003,0.0011536292308183612,0.021356197375224643,-0.06156135208203609,-0.0015967739425384732
2021-01-07,0.021348557125795295,0.0574361042206127,0.05,0.028784661346407996,0.07878466134640799,-0.03608754709481741,0.0009715785943471538,0.022308312661838102,-0.06298643500665575,-0.001059236370730131
2021-01-08,0.026416273613375445,0.10243580406294064,0.1,0.028852077676316083,0.1288520776763161,-0.0760195304495652,0.06564578235162025,-0.012573602195954858,-0.06667521864417147,0.007307412188821921
2021-01-11,0.042034044628888684,0.15710896048989248,0.15000000000000002,0.049143005118781134,0.19914300511878116,-0.1150749158610038,0.07781356273492271,-0.0012896492572683754,-0.12481248462939767,0.02132688146967736
2021-01-12,0.03041931892210115,0.10857067501913142,0.1,0.038989993941232565,0.13898999394123257,-0.07815135609703028,0.0777899786846114,-0.02335995693014574,-0.06789799983615771,0.025712025057394245
2021-01-13,0.02797460262241438,0.1057922583773256,0.1,0.033766860999739974,0.13376686099973997,-0.07781765575491122,0.0074790998355978725,-0.026743907271303657,-0.057179900595939484,0.017376775131976774
2021-01-14,0.08660473897047924,0.12560565171612514,0.15000000000000002,0.062210390686604396,0.2122103906866044,-0.039000912745645905,0.08465162242315706,-0.06194645541993722,-0.04786776149150052,0.07681695514837544
2021-01-15,0.07392804131162894,0.07391423582657432,0.1,0.04784227713820326,0.14784227713820325,1.3805485054627087e-05,0.06436811354840113,-0.02941758685006511,-0.04236653708482171,0.07174270747972294
2021-01-19,0.08618954964021552,0.12388149708525457,0.15000000000000002,0.06007104672547009,0.2100710467254701,-0.03769194744503906,0.06394016142489262,-0.06867098336830427,-0.03989766555234229,0.07164449125576372
2021-01-20,0.08557740411946667,0.12290374850602986,0.15000000000000002,0.05848115262549652,0.20848115262549655,-0.0373263443865632,0.001589894099973576,-0.06780452950784344,-0.03892768285055654,0.06871124551808958
2021-01-21,0.12438492672630785,0.08217094801364347,0.15000000000000002,0.05655587473995132,0.20655587473995135,0.04221397871266438,0.12402651068149251,-0.07315478017892353,0.025835908135921234,0.0706769359050092
2021-01-22,0.12650418157522192,0.08352390617179081,0.15000000000000002,0.06002808774701272,0.21002808774701276,0.042980275403431106,0.010027712803994986,-0.07951254472566574,0.039728032305763605,0.06084368620960881
2021-01-25,0.12602929582475025,0.11967830141598855,0.2,0.04570759724073878,0.2457075972407388,0.00635099440876169,0.07873902882939288,-0.056460079989572295,-0.021627807484678407,0.05903490424796563
2021-01-26,0.12539253658199354,0.07882744565895516,0.15000000000000002,0.05421998224094869,0.20421998224094873,0.04656509092303837,0.07733773148216594,-0.07617760974598059,0.0340576449671555,0.05242469200970998
2021-01-27,0.12602601642225525,0.07884267533544224,0.15000000000000002,0.05486869175769747,0.2048686917576975,0.04718334108681299,0.0007730777302979788,-0.0780780492667657,0.03387109264683171,0.052656933359495006
2021-01-28,0.12745114415099643,0.12719627387325155,0.2,0.05464741802424798,0.254647418024248,0.0002548702777448904,0.10404633369347634,-0.03054773077320868,-0.05180570167978063,0.08158882161975464
2021-01-29,0.1281081549562697,0.12882215990651072,0.2,0.05693031486278042,0.25693031486278045,-0.000714004950241022,0.00256445997822009,-0.030125386063677196,-0.0541990788051319,0.08646647971953217
2021-02-01,0.12033139149076891,0.08147461470198332,0.15000000000000002,0.05180600619275222,0.20180600619275224,0.038856776788785595,0.08988076973153834,-0.060994174472306706,0.021265903183635696,0.07315794092231426
2021-02-02,0.07091359944017331,0.07010771843178105,0.1,0.04102131787195436,0.14102131787195438,0.00080588100839225,0.0891341584960215,-0.020216593057684442,-0.04252420526283547,0.06032315529534317
2021-02-03,0.01729606210751858,0.056498721129771313,0.05,0.023794783237289886,0.07379478323728988,-0.03920265902225274,0.0864666309340206,0.019496163389313925,-0.04256354369029523,-0.009324642632260498
2021-02-04,0.078492937195601,0.12622113871956314,0.15000000000000002,0.05471407591516414,0.20471407591516416,-0.047728201523962135,0.13713572109938127,0.05988508882285701,-0.085478811586803,0.018778327335832415
2021-02-05,0.0780474005505544,0.12642589722579492,0.15000000000000002,0.05447329777634931,0.20447329777634932,-0.04837849667524053,0.0014054566739402242,0.061632106625545094,-0.08414220165166317,0.01764558505183967
2021-02-08,0.07363118748349419,0.12221822948568513,0.15000000000000002,0.04584941696917932,0.19584941696917935,-0.04858704200219093,0.015092188649476559,0.06665468845705537,-0.066213682518533,-0.00467987993194957
2021-02-09,0.07969773155424364,0.16786238513953614,0.2,0.047560116693779755,0.24756011669377975,-0.08816465358529248,0.09027607277507627,0.0134865088132912,-0.08909319466273094,0.04010064660531713
2021-02-10,0.07908548233895152,0.16735656914437477,0.2,0.04644205148332626,0.24644205148332626,-0.08827108680542323,0.0019332735936399715,0.010746248253027365,-0.08725644701685456,0.04132345918009684
2021-02-11,0.0970954042808238,0.18714404400339954,0.2,0.08423944828422332,0.2842394482842233,-0.09004863972257575,0.16534636958762827,0.11143213201019858,-0.1182798406120599,-0.02300637223041151
2021-02-12,0.07997263989521786,0.1654495116283974,0.2,0.04542215152361523,0.24542215152361524,-0.08547687173317955,0.14206198379654056,0.046348534885192146,-0.06204451690134332,-0.02787340278431021
2021-02-16,0.12000285921656714,0.12454657953004676,0.2,0.04454943874661389,0.2445494387466139,-0.004543720313479608,0.14049029849056088,0.07134438988626211,0.002295348703878137,-0.060008577649701425
2021-02-17,0.17676156633420384,0.13651338995401185,0.25,0.06327495628821567,0.31327495628821567,0.04024817638019198,0.06872551754160179,0.0745400785430835,0.03500009131895204,-0.08028469900261148
2021-02-18,0.17387451849731703,0.13207064838892552,0.25,0.055945166886242514,0.3059451668862425,0.04180387010839148,0.007329789401973159,0.06685749657685769,0.02935444858991887,-0.07162355549195099
2021-02-19,0.17368003844988053,0.13208138178785694,0.25,0.05576142023773745,0.30576142023773745,0.0415986566620236,0.0009375130226990692,0.06575904721236091,0.030485098151209866,-0.07104011534964155
2021-02-22,0.17253885600057803,0.132055127302075,0.25,0.054593983302653,0.30459398330265297,0.040483728698503,0.0017896285316314191,0.06669233460718138,0.029473047299043625,-0.067616568001734
2021-02-23,0.11723123475876832,0.1223514922289334,0.2,0.039582726987701704,0.23958272698770172,-0.0051202574701650835,0.0650112563149513,0.06557746697102454,0.0014770097157756398,-0.05169370427630493
2021-02-24,0.11602449901786727,0.07666172101553692,0.15000000000000002,0.04268622003340418,0.1926862200334042,0.03936277800233033,0.07109117929433909,0.04221614482077279,0.037769018225837975,-0.04807349705360176
2021-02-25,0.052408330740129565,0.05452415559984026,0.1,0.006932486339969814,0.10693248633996982,-0.002115824859710701,0.08815668495708816,0.013572466799520773,-0.003604426895480701,-0.0036205653249079682
2021-02-26,0.05459212091728889,0.05319008720097696,0.1,0.00778220811826585,0.10778220811826586,0.001402033716311933,0.003517858576022634,0.009570261602930875,-0.006870024512106991,-0.006906338239759683
2021-03-01,0.05715640970174692,0.056902100875250466,0.1,0.01405851057699738,0.11405851057699738,0.00025430882649644894,0.006276302458731529,0.020706302625751398,-0.013405819977904538,-0.008063409127336205
2021-03-02,0.06048877943998736,0.02358758386506479,0.05,0.03407636330505215,0.08407636330505215,0.036901195574922566,0.09275926779715873,-0.02293068141377524,0.07076275159519436,-0.008535656906186828
2021-03-03,0.061034675455566845,0.024066409417781865,0.05,0.035101084873348704,0.0851010848733487,0.03696826603778498,0.0010247215682965597,-0.023262156988300517,0.0721992282533456,-0.009841869378400005
2021-03-04,0.06161451988884674,0.024490827583359232,0.05,0.03610534747220597,0.08610534747220597,0.03712369230548751,0.0019331193070765292,-0.021868871925971624,0.0734724827500777,-0.012974687740568596
2021-03-05,0.06150269616033313,0.024441510268890368,0.05,0.035944206429223496,0.0859442064292235,0.03706118589144276,0.0014679124494053333,-0.019573243630796502,0.0733245308066711,-0.014934844850202883
2021-03-08,0.12097907812335207,0.0919784617000734,0.15000000000000002,0.06295753982342546,0.21295753982342547,0.029000616423278648,0.14454479821676114,-0.06293723437005616,0.06196217842303524,0.06397320667718498
2021-03-09,0.12767935582567302,0.09772335385925043,0.15000000000000002,0.07540270968492344,0.22540270968492346,0.029956001966422577,0.015427038589620828,-0.08303806747701901,0.05748937533085096,0.08568068624690034
2021-03-10,0.12643367021633456,0.09652735968450735,0.15000000000000002,0.07296102990084188,0.2229610299008419,0.029906310531827192,0.003524965904949502,-0.07930101064900362,0.059114304512152896,0.08046777454136916
2021-03-11,0.12569943523121513,0.09605385350460724,0.15000000000000002,0.07175328873582235,0.22175328873582237,0.02964558172660788,0.002037767621993196,-0.07709830569364533,0.05644874628699206,0.08171281422682962
2021-03-12,0.11438145119739812,0.040881001996674125,0.1,0.055262453194072234,0.15526245319407223,0.073500449200724,0.09825399572376778,-0.043144353592194325,0.10409348656001857,0.018549519430003797
2021-03-15,0.0569321674666781,0.02103907860625344,0.05,0.027971246072931534,0.07797124607293154,0.03589308886042466,0.0864536075091876,-0.020796502400034278,0.03082411580668619,0.03229312001207413
2021-03-16,0.05713494138652687,0.02144287932873971,0.05,0.02857782071526658,0.07857782071526659,0.035692062057787154,0.000606574642335044,-0.021404824159580595,0.03168560578300437,0.03264303220321476
2021-03-17,0.057131319372094314,0.021425736641069944,0.05,0.02855705601316426,0.07855705601316426,0.03570558273102437,6.17022749612433e-05,-0.02139395811628294,0.031572771360706686,0.03270443856250315
2021-03-18,0.0,-0.0,0.0,0.0,0.0,0.0,0.07855705601316426,0.0,0.0,0.0
2021-03-19,0.0,-0.0,0.0,0.0,0.0,0.0,0.0,0.0,0.0,0.0
2021-03-22,0.0,-0.0,0.0,0.0,0.0,0.0,0.0,0.0,0.0,0.0
2021-03-23,0.02309267238822322,0.06335555934891901,0.05,0.03644823173714223,0.08644823173714222,-0.04026288696069579,0.08644823173714224,-0.03416376975081349,-0.03511424741385616,0.040066678046757016
2021-03-24,0.022815418030362862,0.06305312110603464,0.05,0.0358685391363975,0.0858685391363975,-0.04023770307567178,0.0009880375500371345,-0.03477628717475211,-0.033669966916336475,0.03915936331810392
2021-03-25,0.03917406817263077,0.11117137950597562,0.1,0.05034544767860639,0.1503454476786064,-0.07199731133334485,0.06824039174232693,-0.05426330827547155,-0.06325889624242076,0.03351413851792686
2021-03-26,0.04016617832475602,0.11177118090670048,0.1,0.05193735923145648,0.1519373592314565,-0.07160500258194445,0.0015919115528500952,-0.05572272992576791,-0.06477580504850014,0.0353135427201014
2021-03-29,0.047425412973012046,0.11782990489097858,0.1,0.06525531786399062,0.16525531786399061,-0.07040449191796654,0.013317958632534137,-0.05893277669928042,-0.08334346221975572,0.05348971467293573
2021-03-30,0.07670077629975683,0.1900271769010208,0.15000000000000002,0.11672795320077761,0.26672795320077763,-0.11332640060126398,0.10147263533678702,-0.10726046262925212,-0.12284186627001838,0.12008153070306238
2021-03-31,0.11649045701312671,0.19583170785857829,0.2,0.11232216487170496,0.31232216487170494,-0.07934125084545154,0.07361118345991424,-0.11865496245284211,-0.08081640858653803,0.13749512357573473
2021-04-01,0.14061906929504073,0.18861979254209746,0.25,0.07923886183713816,0.32923886183713813,-0.04800072324705672,0.0830833030345668,-0.09166305496170071,-0.030194152923421452,0.11585937762629231
2021-04-05,0.1185748512194164,0.12631486003533665,0.2,0.04488971125475304,0.24488971125475306,-0.007740008815920258,0.08950762618680655,-0.05572455365824916,0.007737713406632143,0.07120686669937779
2021-04-06,0.1266427593110295,0.13129312169506846,0.2,0.05793588100609797,0.257935881006098,-0.004650362384038962,0.014834328427100184,-0.07992827793308852,0.025354736399460478,0.06852462868574491
2021-04-07,0.12667040433225,0.13132305835468525,0.2,0.057993462686935206,0.25799346268693524,-0.004652654022435244,0.0009943118539295012,-0.08001121299674994,0.026849641637949152,0.06711953342610652
2021-04-08,0.12156877260862986,0.09504257801397112,0.15000000000000002,0.06661135062260097,0.216611350622601,0.026526194594658763,0.06882671392904079,-0.06470631782588959,0.06801654443500899,0.06711118960690435
2021-04-09,0.11963344360429713,0.0938969154526191,0.15000000000000002,0.06353035905691623,0.21353035905691625,0.02573652815167803,0.01287087469739345,-0.05890033081289138,0.0498947320533899,0.0817960143044674
2021-04-12,0.1210188453516653,0.09494561014780309,0.15000000000000002,0.06596445549946839,0.2159644554994684,0.026073235203862198,0.008539887262277838,-0.06305653605499587,0.062199502368530404,0.07263732807487888
2021-04-13,0.1827763786756368,0.12017994678489258,0.2,0.10295632546052935,0.30295632546052936,0.06259643189074424,0.08699186996106098,-0.09832913602691037,0.10866986654291622,0.1018699738117615
2021-04-14,0.12515848863656034,0.09848391198458688,0.15000000000000002,0.07364240062114723,0.22364240062114726,0.026674576651973477,0.07931392483938214,-0.07547546590968104,0.08283366766859386,0.06261806828516678
2021-04-15,0.12593404227198227,0.09855170571647512,0.15000000000000002,0.07448574798845739,0.2244857479884574,0.027382336555507165,0.003411763336145575,-0.07780212681594681,0.07898104371534073,0.0666740734340846
2021-04-16,0.060140006124942864,0.10592240189028633,0.15000000000000002,0.016062408015229193,0.1660624080152292,-0.04578239576534347,0.1853405050212591,0.009955729197217805,0.007811476473641195,-0.030420018374828585
2021-04-19,0.05977129549154836,0.10569615279253733,0.15000000000000002,0.015467448284085673,0.1654674482840857,-0.04592485730098897,0.0010980384095720334,0.010710347214860572,0.006378111162751377,-0.02931388647464507
2021-04-20,0.07576492510417596,0.16260556988818153,0.2,0.03837049499235748,0.2383704949923575,-0.08684064478400559,0.1822793687960308,0.037816709664544576,-0.055667260806769814,-0.02162751450575806
2021-04-21,0.06284661169237175,0.11348514447167958,0.15000000000000002,0.02633175616405132,0.17633175616405133,-0.05063853277930783,0.0963396407412871,-0.010995919454432705,-0.027543915622682543,0.04045543341503871
2021-04-22,0.058569666638483876,0.06782601924055096,0.1,0.026395685879034812,0.12639568587903482,-0.009256352602067064,0.10272744204308615,0.042746441220323575,0.010731616501329248,-0.025708999915451627
2021-04-23,0.058342131310007234,0.0674919084905919,0.1,0.02583403980059914,0.12583403980059915,-0.009149777180584679,0.0005616460784356788,0.04191087887505861,0.01056484659671712,-0.025026393930021686
2021-04-26,0.06437209601695712,0.06934621199944277,0.1,0.03371830801639989,0.1337183080163999,-0.004974115982485658,0.022556090212432663,0.01990314588011074,0.03813549011821758,-0.043116288050871344
2021-04-27,0.09911782306676326,0.177852768846618,0.2,0.07697059191338124,0.27697059191338125,-0.07873494577985475,0.16867594397579308,0.08355830653985391,-0.03369516794563442,-0.11365830125465536
2021-04-28,0.09844925835989597,0.17624508374315698,0.2,0.07469434210305292,0.27469434210305294,-0.07779582538326102,0.002625551879728391,0.07873525122947089,-0.03421912104973456,-0.11112865402995334
2021-04-29,0.13874192552054573,0.17150362873251337,0.25,0.060245554253059094,0.3102455542530591,-0.03276170321196765,0.0803925554435217,0.04569235733893215,0.018818528858607957,-0.11622577656163716
2021-04-30,0.14095086331433543,0.17268765673521722,0.25,0.06363852004955262,0.3136385200495526,-0.031736793420881794,0.007853526543351488,0.0390015162186452,0.029061453987006387,-0.12285258994300624
2021-05-03,0.13747712231621825,0.1689460567772809,0.25,0.0564231790934991,0.3064231790934991,-0.031468934461062616,0.007215340956053513,0.03899296725963173,0.01784520307221085,-0.11243136694865472
2021-05-04,0.12502279400696842,0.11953233317657759,0.2,0.04455512718354601,0.24455512718354602,0.005490460830390832,0.09238587668465062,-0.005024940704524351,0.05859699952973277,-0.0700434413163809
2021-05-05,0.13360740054059508,0.16240136376369668,0.25,0.04600876430429174,0.29600876430429174,-0.02879396322310159,0.08900721079563254,0.029912511569163087,0.00729157972192691,-0.1008222016217852
2021-05-06,0.0782344767103135,0.1083138792834122,0.15000000000000002,0.03654835599372568,0.1865483559937257,-0.03007940257309872,0.13257995800425867,0.024941637850236592,-0.03467932454053892,-0.05002410559040154
2021-05-07,0.043181009555045835,0.11615503812080973,0.1,0.059336047675855555,0.15933604767585557,-0.07297402856576389,0.07278769168212987,0.048465114362429146,-0.07040079483840242,-0.059142233826735086
2021-05-10,0.04309737338976312,0.11594408150175817,0.1,0.05904145489152129,0.1590414548915213,-0.07284670811199503,0.0007635983957751946,0.047832244505274506,-0.06944637792539288,-0.05984574224389649
2021-05-11,0.04382793283872882,0.11775677660912243,0.1,0.06158470944785125,0.16158470944785125,-0.0739288437703936,0.007750071690899082,0.053270329827367284,-0.07944828197414366,-0.0520355165420428
2021-05-12,0.04388864229947443,0.11791479395257383,0.1,0.061803436252048254,0.16180343625204827,-0.0740261516530994,0.00032838601208272367,0.05374438185772147,-0.07979489916820906,-0.05187102773021422
2021-05-13,0.0800702029157715,0.11353267529378563,0.15000000000000002,0.043602878209557126,0.19360287820955716,-0.033462472378014134,0.06820055804249112,0.040598025881356886,-0.04235839675963198,-0.04785221198768252
2021-05-14,0.07971012852831963,0.11344331229721664,0.15000000000000002,0.04315344082553625,0.19315344082553626,-0.03373318376889702,0.008367534596198331,0.040329936891649903,-0.029401027779010148,-0.0597293578059487
2021-05-17,0.07993552235339758,0.11447699956255598,0.15000000000000002,0.04441252191595356,0.1944125219159536,-0.0345414772091584,0.0020715506071798274,0.04343099868766795,-0.03129591352938781,-0.058510653530804924
2021-05-18,0.0632964496739287,0.05956161179231452,0.1,0.02285806146624322,0.12285806146624323,0.0037348378816141753,0.0722338776309795,0.027665709605039827,0.0010191257719037415,-0.03988934902178609
2021-05-19,0.06359819950444459,0.06018188773754723,0.1,0.023780087241991814,0.12378008724199183,0.0034163117668973633,0.0011806394644096642,0.02991445797372954,0.0006312052389121359,-0.040794598513333766
2021-05-20,0.07400990373842128,0.11017574463871671,0.15000000000000002,0.03418564837713799,0.18418564837713802,-0.03616584090029543,0.06082636462775426,0.030527233916150122,-0.01593719515191,-0.05609251606335383
2021-05-21,0.07386776194210871,0.11047118508135542,0.15000000000000002,0.03433894702346413,0.18433894702346415,-0.03660342313924671,0.008794134502854344,0.03141355524406624,-0.0029759413671177045,-0.06862734445920844
2021-05-24,0.10221707369702668,0.1750911895396311,0.2,0.07730826323665774,0.27730826323665775,-0.07287411584260439,0.09296931621319361,0.07527356861889319,-0.00496484103205001,-0.15168638005903
2021-05-25,0.10644570574501884,0.18292180495306626,0.2,0.08936751069808507,0.2893675106980851,-0.0764760992080474,0.016888785504210465,0.09876541485919874,-0.024895044240201183,-0.14444207299485534
2021-05-26,0.10501293695414413,0.1768720124553087,0.2,0.08188494940945282,0.28188494940945286,-0.07185907550116459,0.008336645486860673,0.08061603736592608,-0.019315611570234426,-0.14572319929219796
2021-05-27,0.10475737097533934,0.17670531550178753,0.2,0.08146268647712683,0.28146268647712686,-0.07194794452644815,0.0012989766189656377,0.08011594650536248,-0.017233843103860585,-0.14703826982215742
2021-05-28,0.10492247078310424,0.17670191166371557,0.2,0.0816243824468198,0.2816243824468198,-0.07177944088061135,0.0007076432078848838,0.08010573499114669,-0.016425133760788503,-0.1483422785885242
2021-06-01,0.09975911783591693,0.1294781313021671,0.15000000000000002,0.079237249138084,0.22923724913808402,-0.029719013466250152,0.07203236646639401,0.05990161908924049,0.02853277481726074,-0.1492773535077508
2021-06-02,0.09946228100026437,0.1273427864071635,0.15000000000000002,0.07680506740742787,0.2268050674074279,-0.027880505406899153,0.004668561572060918,0.0501410146421226,0.031887344579367934,-0.1483868430007931
2021-06-03,0.06603851410579638,0.06414095302874581,0.1,0.03017946713454219,0.1301794671345422,0.0018975610770505663,0.09662560027288569,0.02945627761339701,0.012966581472840428,-0.04811554231738914
2021-06-04,0.06527696725946287,0.06339599963048277,0.1,0.028672966889945646,0.12867296688994564,0.0018809676289801014,0.0015065002445965453,0.028174966730243497,0.01201303216120482,-0.045830901778388625
2021-06-07,0.0654424999279316,0.06362066855721468,0.1,0.029063168485146278,0.1290631684851463,0.0018218313707169097,0.0012549900576514488,0.02687778403656727,0.013984221635076781,-0.04632749978379478
2021-06-08,0.0626458697745867,0.0609084321309741,0.1,0.023554301905560786,0.1235543019055608,0.001737437643612597,0.005508866579585488,0.02317302395603303,0.009552272436889254,-0.03793760932376008
2021-06-09,0.06323057118964268,0.061862705983877414,0.1,0.025093277173520077,0.1250932771735201,0.0013678652057652532,0.00213814933499935,0.026934606615303072,0.008653511336329167,-0.039691713568928
2021-06-10,0.055789757427843596,0.015793039562245717,0.05,0.021582796990089314,0.07158279699008932,0.03999671786559788,0.09090706660605662,-0.017369272283530787,0.04545097775869811,0.001928140928039048
2021-06-11,0.05974755527036492,0.060979441624695485,0.1,0.0207269968950604,0.1207269968950604,-0.0012318863543305698,0.08176866845374914,0.017126636726985597,0.015811688147100857,-0.02924266581109474
2021-06-14,0.05915818105492797,0.06058104022107632,0.1,0.01973922127600428,0.11973922127600428,-0.001422859166148354,0.0018180895025605116,0.018372107552242185,0.013371013110986762,-0.02747454316478389
2021-06-15,0.06013579690957063,0.06169323360767072,0.1,0.021829030517241346,0.12182903051724135,-0.0015574366981000818,0.0028139409349386994,0.022794885252577828,0.012284815570434312,-0.030407390728711896
2021-06-16,0.060884097221149465,0.06245515782105909,0.1,0.023339255042208552,0.12333925504220855,-0.0015710605999096298,0.001510224524967206,0.024092874359888522,0.013272599103288747,-0.03265229166344838
2021-06-17,0.12236155491317798,0.08721423598364263,0.15000000000000002,0.05957579089682061,0.20957579089682063,0.03514731892953534,0.08623653585461206,0.08954014408551156,0.022102563865416338,-0.06708466473953392
2021-06-18,0.10965313426237233,0.035368164644237116,0.1,0.04502129890660944,0.14502129890660945,0.07428496961813522,0.08167359103655375,0.058323281497781126,0.04778121243493022,-0.02895940278711699
2021-06-21,0.12268172941242564,0.08928247241626837,0.15000000000000002,0.06196420182869401,0.21196420182869402,0.03339925699615727,0.08478821771206595,0.09683417699884697,0.021013240249958143,-0.06804518823727693
2021-06-22,0.07943418531017911,0.08403472187212876,0.1,0.06346890718230785,0.16346890718230786,-0.004600536561949649,0.06551353218691928,0.10210416561638627,-0.01559322243992605,-0.07270933349061126
2021-06-23,0.07997616566975912,0.08498201667956556,0.1,0.0649581823493247,0.1649581823493247,-0.005005851009806439,0.011884756793634203,0.10371409069378422,0.0012319593449124852,-0.08992849700927738
2021-06-24,0.0822752453127738,0.08696832717704789,0.1,0.06924357248982167,0.1692435724898217,-0.004693081864274085,0.005323618982425755,0.10215674743089105,0.008748234100252588,-0.09682573593832139
2021-06-25,0.08209695063303321,0.0865288780505226,0.1,0.06862582868355581,0.1686258286835558,-0.004431927417489406,0.0006177438062658627,0.10120301652740168,0.008383617624166137,-0.09629085189909961
2021-06-28,0.08201282178389768,0.08633929198452597,0.1,0.06835211376842365,0.16835211376842366,-0.004326470200628298,0.0006289850067860607,0.10010135319193093,0.008916522761646995,-0.09603846535169304
2021-06-29,0.0874820176354443,0.12754498394048713,0.15000000000000002,0.06502700157593143,0.21502700157593146,-0.04006296630504285,0.06731073048378622,0.08263495182146141,-0.020978427436940984,-0.09146762546939188
2021-06-30,0.08716882292334902,0.1261349749959538,0.15000000000000002,0.06330379791930282,0.21330379791930285,-0.03896615207260477,0.00693075655376957,0.0784049249878614,-0.012227513954943724,-0.09927895481510333
2021-07-01,0.0663372232922943,0.0637484822084982,0.1,0.0300857055007925,0.13008570550079251,0.002588741083796111,0.08583132874974739,0.03732559212863895,0.003919854496855624,-0.049011669876882914
2021-07-02,0.06512061510615201,0.026256697152083026,0.05,0.04137731225823503,0.09137731225823503,0.03886391795406899,0.06372482312972713,0.05694282389404103,0.02182726756220805,-0.04536184531845602
2021-07-06,0.0,-0.0,0.0,0.0,0.0,0.0,0.09137731225823505,0.0,0.0,0.0
2021-07-07,0.058162316891519295,0.021890932035717632,0.05,0.030053248927236924,0.08005324892723692,0.03627138485580166,0.08005324892723693,0.05190854886923973,0.013764247237913172,-0.02448695067455787
2021-07-08,0.05927800565578316,0.062160334471626465,0.1,0.02143834012740961,0.12143834012740962,-0.0028823288158433113,0.10149158905464653,-0.0004441750237983051,-0.027389841943551145,0.036481003414879386
2021-07-09,0.06104528600712548,0.06386122653575602,0.1,0.02490651254288149,0.12490651254288149,-0.0028159405286305363,0.0034681724154718777,-0.002133862650156172,-0.03100199537122026,0.04158367960726804
2021-07-12,0.06247967306586545,0.06477760891566209,0.1,0.027257281981527534,0.12725728198152753,-0.002297935849796642,0.002350769438646042,-0.004887198108140325,-0.03255182108945601,0.04433282674698626
2021-07-13,0.06141504562210583,0.0640295549761643,0.1,0.025444600598270126,0.12544460059827012,-0.002614509354058478,0.0020775800923218384,-0.005284546171736973,-0.0289605906945805,0.042088664928492905
2021-07-14,0.107746035305307,0.11221564245018315,0.2,0.019961677755490133,0.21996167775549014,-0.0044696071448761384,0.1418832475726023,-0.01795973440646299,0.036646927350549405,-0.005278371509457999
2021-07-15,0.10795564099992731,0.11239205935874992,0.2,0.020347700358677213,0.22034770035867723,-0.004436418358822618,0.00038602260318708337,-0.01806540669705654,0.03717617807624975,-0.005801516302725355
2021-07-16,0.10772050571462015,0.11139337054601275,0.2,0.01911387626063288,0.2191138762606329,-0.0036728648313926007,0.001822158961579228,-0.018947908992358885,0.034180111638038226,-0.004213608151501538
2021-07-19,0.13768935755932626,0.13871047066098313,0.2,0.07639982822030938,0.2763998282203094,-0.0010211131016568606,0.18203772836036802,-0.1130680726779788,0.0012660551885025143,0.11486535679444687
2021-07-20,0.1360753117318267,0.10104783896277798,0.15000000000000002,0.08712315069460468,0.2371231506946047,0.03502747276904872,0.07657120064505077,-0.09056231061034808,-0.017663624585132008,0.15314351688833394
2021-07-21,0.20696751540479674,0.1357631625893107,0.2,0.14273067799410744,0.34273067799410745,0.07120435281548601,0.10560752729950275,-0.13729431581967427,-0.033608230394715874,0.25728948776793215
2021-07-22,0.09963898518882705,0.10588676523721412,0.1,0.10552575042604116,0.20552575042604115,-0.006247780048387067,0.15305578796929545,-0.0915324345699215,-0.05738452099655964,0.16766029571164234
2021-07-23,0.1333710047353643,0.10546640932447832,0.15000000000000002,0.08883741405984262,0.23883741405984266,0.02790459541088599,0.06668833636619856,-0.0722424305383577,-0.02787058366773519,0.16639922797343495
2021-07-26,0.15000000000000002,0.045877349852721766,0.15000000000000002,0.045877349852721766,0.1958773498527218,0.10412265014727826,0.15080268884944376,0.0036777874635014474,0.00808614949998287,0.12586811259468098
2021-07-27,0.15107684483579167,0.04560018279855195,0.15000000000000002,0.0466770276343436,0.19667702763434364,0.10547666203723974,0.012068144955839523,-0.0032305345073749495,0.024157349098799963,0.1126431992968559
2021-07-28,0.15303748709140538,0.048321551499231744,0.15000000000000002,0.05135903859063712,0.20135903859063714,0.10471593559217364,0.02294060002707679,0.002838895941390496,-0.009112461274216123,0.14212575855630472
2021-07-29,0.15000000000000002,0.08480357361040944,0.2,0.034803573610409436,0.23480357361040943,0.06519642638959057,0.12738674000121017,0.03875392386099985,0.05533188461186439,0.010324912358364084
2021-07-30,0.15000000000000002,0.11840805144236746,0.25,0.018408051442367446,0.26840805144236746,0.03159194855763256,0.066395522168042,0.03848238703526023,0.013771038810493685,0.002970728481348415
2021-08-02,0.07888628766598725,0.07755593195899287,0.1,0.056442219624980104,0.15644221962498012,0.001330355706994385,0.2228697854131153,-0.040106644094923254,-0.046552218903038484,0.08266779587697858
2021-08-03,0.07972776099063454,0.07856623522132351,0.1,0.05829399621195804,0.15829399621195805,0.0011615257693110143,0.00237052867251758,-0.03932851596661379,-0.04985476700528979,0.08569870566397055
2021-08-04,0.10065070667174027,0.13938067473758453,0.15000000000000002,0.0900313814093248,0.24003138140932484,-0.03872996806584425,0.08173738519736676,-0.07492623692004535,-0.07702588309517547,0.11814202421275358
2021-08-05,0.10417947950111738,0.14428251553652657,0.15000000000000002,0.09846199503764394,0.24846199503764396,-0.0401030360354092,0.014388589981354394,-0.09444951993772953,-0.06808891856562257,0.1328475466095797
2021-08-06,0.09207712532220576,0.096732610336726,0.1,0.08880973565893174,0.18880973565893175,-0.00465548501452024,0.06455244897911104,-0.08853005147195414,-0.03770132449466314,0.140197831010178
2021-08-09,0.07092868794904704,0.03571942294006371,0.05,0.056648110889110745,0.10664811088911075,0.03520926500898333,0.082161624769821,-0.04998086464742021,-0.0128051991997209,0.10715826882019112
2021-08-10,0.06680108390714927,0.03180492829812093,0.05,0.048606012205270194,0.0986060122052702,0.03499615560902834,0.008042098683840548,-0.049043918060759265,-0.0013593336606885387,0.09541478489436278
2021-08-11,0.06699888153001335,0.03153459622076978,0.05,0.04853347775078312,0.09853347775078312,0.035464285309243566,0.00221093026493585,-0.05099664459004004,0.0012548671863924,0.09334892147591695
2021-08-12,0.06742080335235578,0.03207272518259121,0.05,0.049493528534946984,0.09949352853494699,0.035348078169764575,0.0009600507841638615,-0.052262410057067325,0.0013415253180795535,0.09487665022969408
2021-08-13,0.07477017658381246,0.0770205584829577,0.1,0.05179073506677018,0.15179073506677018,-0.0022503818991452366,0.06601655489265768,-0.0468398876147161,-0.027470642136721297,0.08106167544887312
2021-08-16,0.08621342204563633,0.12345861383959766,0.15000000000000002,0.05967203588523398,0.209672035885234,-0.03724519179396134,0.06500519010518391,-0.05472093349103513,-0.053919332645873855,0.07037584151879298
2021-08-17,0.028144198862552865,0.10029858364058857,0.1,0.028442782503141428,0.12844278250314142,-0.0721543847780357,0.10216859662445953,0.0008957509217656888,-0.056174966863887225,-0.02825762972377137
2021-08-18,0.014992654817773936,0.052834496510565966,0.05,0.017827151328339896,0.0678271513283399,-0.03784184169279203,0.06568745691475633,0.008503489531697885,-0.03242695474777593,-0.012551009705545877
2021-08-19,0.014570007146089806,0.052889847997883925,0.05,0.017459855143973732,0.06745985514397373,-0.03831984085179412,0.0004779991590020934,0.008669543993651774,-0.03128562977089634,-0.012424391667373073
2021-08-20,0.023529617955970358,0.06387374198828585,0.05,0.03740335994425621,0.08740335994425621,-0.0403441240323155,0.13400612857429905,-0.03240866132113271,-0.03818019254677837,0.04162122596485755
2021-08-23,0.06553024394891745,0.06685159319428136,0.1,0.03238183714319878,0.1323818371431988,-0.0013213492453639057,0.060977225213048415,-0.01758497428082692,-0.0290057575659254,0.05055477958284404
2021-08-24,0.023262293099068063,0.06310309957244012,0.05,0.03636539267150817,0.08636539267150817,-0.03984080647337205,0.06148054277199186,-0.032967817166116915,-0.03681906213108727,0.039309298717320335
2021-08-25,0.0,-0.0,0.0,0.0,0.0,0.0,0.08636539267150818,0.0,0.0,0.0
2021-08-26,0.0,-0.0,0.0,0.0,0.0,0.0,0.0,0.0,0.0,0.0
2021-08-27,0.020271716602044968,0.061123605454987816,0.05,0.03139532205703278,0.08139532205703279,-0.040851888852942844,0.08139532205703279,0.03337081636496343,-0.021873697614783725,-0.03894145219135118
2021-08-30,0.034874294052498214,0.11238287973157352,0.1,0.047257173784071724,0.14725717378407172,-0.07750858567907529,0.06586185172703894,0.037148639194720515,-0.03668443964135951,-0.06793844251613514
2021-08-31,0.06737803964604863,0.10386216848367578,0.15000000000000002,0.02124020812972441,0.17124020812972443,-0.03648412883762714,0.0930549147503757,-0.013970418193015243,0.011586505451027327,-0.03816370074513066
2021-09-01,0.0708535622432703,0.10715540905140361,0.15000000000000002,0.028008971294673897,0.1780089712946739,-0.0363018468081333,0.007211764376251047,-0.013305916376062906,0.021466227154210805,-0.049254770353747986
2021-09-02,0.059322513718717884,0.05954877647893138,0.1,0.018871290197649254,0.11887129019764926,-0.00022626276021349857,0.06570081828251946,-0.01597051987172181,0.028646329436794127,-0.011997021284431822
2021-09-03,0.058019360773292526,0.05852447806426742,0.1,0.01654383883755994,0.11654383883755995,-0.0005051172909748955,0.002327451360089312,-0.012519774322083956,0.025573434192802252,-0.011538307997793613
2021-09-07,0.10922805286426657,0.1122254428789778,0.2,0.021453495743244365,0.22145349574324438,-0.002997390014711233,0.11325617312040706,0.003665436287928897,0.0330108923490045,-0.027684158592799695
2021-09-08,0.11443079133765144,0.15297413669718923,0.25,0.01740492803484064,0.2674049280348406,-0.038543345359537774,0.0821591049668457,0.008922410091567617,-0.03690883208402422,-0.00638354192893008
2021-09-09,0.11502288912018202,0.1533088524295965,0.25,0.0183317415497785,0.2683317415497785,-0.03828596330941446,0.0009268135149378596,0.009926557288789429,-0.03758279686183407,-0.007485870498712001
2021-09-10,0.11037589432187146,0.10503637080125579,0.2,0.015412265123127239,0.21541226512312725,0.005339523520615668,0.07432112900550879,-0.016993366464518923,-0.01413431650109544,0.015109112403767354
2021-09-13,0.13796922015309587,0.17308628099533768,0.25,0.06105550114843353,0.3110555011484335,-0.035117060842241796,0.21513885529521484,-0.060940350972164284,0.06925884298601298,-0.052967309487123304
2021-09-14,0.04008594039126687,0.15328066955005568,0.15000000000000002,0.04336660994132251,0.19336660994132254,-0.11319472915878881,0.13640877677746194,-0.039210683331150895,0.009842008650166933,-0.08104713784264972
2021-09-15,0.09190850960365966,0.16794670120022637,0.2,0.05985521080388602,0.259855210803886,-0.0760381915965667,0.09262905641666411,0.015966810270474724,0.037873293330204345,-0.12572552881097898
2021-09-16,0.1877622292321115,0.19490311189300674,0.3,0.0826653411251182,0.3826653411251182,-0.007140882660895263,0.13110269106432856,0.022958774259406442,0.11175056141961376,-0.1132866876963344
2021-09-17,0.18942984004824093,0.19559102056651972,0.3,0.08502086061476061,0.3850208606147606,-0.006161180518278818,0.0023555194896424086,0.023744805747583312,0.11302825595197583,-0.11828952014472269
2021-09-20,0.17814426940497258,0.1481167918100775,0.25,0.07626106121505007,0.32626106121505005,0.03002747759489507,0.06832849186840545,0.016969080775214317,0.12738129465501818,-0.08443280821491769
2021-09-21,0.18479932120924628,0.15143374630961673,0.25,0.08623306751886296,0.33623306751886295,0.03336557489962953,0.009972006303812897,0.017106142507222602,0.13719509642162755,-0.10439796362773873
2021-09-22,0.1842618764979208,0.15073146076729102,0.25,0.0849933372652118,0.3349933372652118,0.033530415730629766,0.0018588606503530444,0.014070590285192688,0.13812379201668037,-0.10278562949376235
2021-09-23,0.17836220911954126,0.14487749344047313,0.25,0.07323970256001436,0.32323970256001433,0.03348471567906812,0.011753634705197444,0.0005857024546761609,0.1340467778667432,-0.08508662735862373
2021-09-24,0.2107882806490267,0.20626870565046423,0.3,0.11705698629949085,0.41705698629949084,0.004519574998562474,0.10862081350769362,0.05696463373697506,0.11184148321441752,-0.18236484194708
2021-09-27,0.21024080610781135,0.20580985210802277,0.3,0.11605065821583405,0.41605065821583403,0.00443095399978858,0.0010063280836568045,0.056014670768519265,0.11141488555554895,-0.18072241832343394
2021-09-28,0.19791261174399166,0.19660499797565922,0.3,0.09451760971965084,0.39451760971965083,0.0013076137683324177,0.12692482911616154,0.020312437441461204,0.11950255648551641,-0.14373783523197486
2021-09-29,0.19757997657209345,0.19632718978311275,0.3,0.09390716635520617,0.3939071663552062,0.0012527867889806782,0.001651027810532453,0.021873314110592887,0.11710825523874535,-0.14273992971628027
2021-09-30,0.1413447960027968,0.1762553836752024,0.25,0.0676001796779992,0.3176001796779992,-0.034910587672405576,0.07948743194257615,0.026643982008646663,0.052122169016960485,-0.12403438800839045
2021-10-01,0.13972948407203384,0.1747864771738671,0.25,0.06451596124590092,0.3145159612459009,-0.03505699310183325,0.004259533942891304,0.028406955274836214,0.045952476246765045,-0.11918845221610153
2021-10-04,0.1977845781412123,0.15183995881249013,0.25,0.09962453695370241,0.34962453695370244,0.04594461932872215,0.1351085757078015,0.07422280619667537,0.081297070240795,-0.14335373442363683
2021-10-05,0.1986079562883178,0.15224872053445188,0.25,0.10085667682276961,0.3508566768227696,0.046359235753865906,0.0025838440901114375,0.0774766476941269,0.07926951390922865,-0.14582386886495327
2021-10-06,0.19127297985130495,0.10637064108296092,0.2,0.09764362093426585,0.2976436209342659,0.08490233876834402,0.06361670247881544,0.09308211757959443,0.07602980566928831,-0.12381893955391482
2021-10-07,0.13653562073406508,0.09081990124454437,0.15000000000000002,0.07735552197860945,0.22735552197860948,0.045715719489520724,0.08293772917664313,0.11205656291107452,0.010403140822558572,-0.10960686220219526
2021-10-08,0.13626558482203446,0.09232455526882742,0.15000000000000002,0.07859014009086188,0.2285901400908619,0.04394102955320704,0.025128550121738626,0.12697366580648226,-0.024627649455578847,-0.08416910501052453
2021-10-11,0.1352340368816396,0.0913421230255157,0.15000000000000002,0.07657615990715527,0.2265761599071553,0.04389191385612389,0.0020139801837066006,0.12402636907654709,-0.022223184251826372,-0.08347892639309237
2021-10-12,0.12433160541150276,0.12270266483874998,0.2,0.04703427025025273,0.24703427025025274,0.001628940572752792,0.09995928856376742,0.06810799451624991,-0.052849282612123676,-0.02014553362238461
2021-10-13,0.11952328891233059,0.1157356431008175,0.2,0.03525893201314809,0.2352589320131481,0.003787645811513087,0.01328259107107709,0.0472069293024525,-0.055110161863082346,-0.0034597048739094163
2021-10-14,0.11915526319126825,0.11464734781672013,0.2,0.033802611007988384,0.23380261100798838,0.004507915374548109,0.005158618438455142,0.04074422501093965,-0.05746578957380474,0.0031978184392207638
2021-10-15,0.11741623576561708,0.11566788521335446,0.2,0.03308412097897152,0.23308412097897152,0.0017483505522626099,0.007461829324256833,0.047003655640063355,-0.048393128983114944,-0.0038555783137362368
2021-10-18,0.029415225742793864,0.0713904643308928,0.05,0.05080569007368666,0.10080569007368667,-0.041975238588098936,0.21749343145250707,-0.0636511078281549,-0.024594569400226682,0.06417139299267839
2021-10-19,0.02578524268907973,0.06535579508432812,0.05,0.04114103777340785,0.09114103777340785,-0.03957055239524839,0.012326698652065385,-0.06764417735583476,-0.009711550711404431,0.04606738525298435
2021-10-20,0.025586243700408934,0.06515250833343654,0.05,0.040738752033845464,0.09073875203384546,-0.0395662646330276,0.0006755269986267248,-0.06805403924443128,-0.008704691856795522,0.0454575250003096
2021-10-21,0.025736682814709352,0.06596221419452353,0.05,0.04169889700923287,0.09169889700923287,-0.04022553137981417,0.004532034929672594,-0.06269620431300349,-0.014513844131124568,0.04788664258357055
2021-10-22,0.0,-0.0,0.0,0.0,0.0,0.0,0.09169889700923287,0.0,0.0,0.0
2021-10-25,0.07097151480955328,0.03611400406493613,0.05,0.05708551887448941,0.10708551887448942,0.034857510744617154,0.10708551887448943,0.01689204267639932,-0.06291454442865986,0.09144996951840907
2021-10-26,0.06913460142920508,0.03402511074268329,0.05,0.05315971217188836,0.10315971217188837,0.03510949068652179,0.005198867349844858,0.018801633647265024,-0.057403804287615226,0.08327369858078483
2021-10-27,0.07811404726062773,0.07970436121823223,0.1,0.05781840847885995,0.15781840847885997,-0.0015903139576044778,0.10505393781349552,0.08143224733369772,-0.0843421417818832,0.007680836320998932
2021-10-28,0.13493196363607562,0.20883770510712996,0.2,0.14376966874320557,0.3437696687432056,-0.07390574147105433,0.19107181781167823,0.17651311532138983,-0.20961164754609443,-0.04518424336213246
2021-10-29,0.11002985975330823,0.14668019925314793,0.15000000000000002,0.10671005900645615,0.25671005900645616,-0.0366503394998397,0.10230363242976734,0.1171745637199169,-0.1800895792599247,0.022866034039526865
2021-11-01,0.11139106069864187,0.14870579200057174,0.15000000000000002,0.1100968526992136,0.2600968526992136,-0.03731473130192988,0.003386793692757451,0.12205966216421696,-0.1841731820959256,0.024057713837498253
2021-11-02,0.11215133604204233,0.14941487649807883,0.15000000000000002,0.11156621254012117,0.2615662125401212,-0.03726354045603651,0.0037262381177715596,0.11867434474892097,-0.186454008126127,0.029570284745315544
2021-11-03,0.14748855823786416,0.14844327028401336,0.2,0.09593182852187751,0.2959318285218775,-0.0009547120461492094,0.07087494072826256,0.1265351798139493,-0.14246567471359245,0.018794631038090776
2021-11-04,0.1653546043922322,0.19956362060314337,0.25,0.11491822499537556,0.3649182249953756,-0.034209016210911145,0.08828500062545785,0.14869086180943006,-0.13231239952374352,-0.06375141365295312
2021-11-05,0.13703812508399535,0.13766677608418731,0.2,0.07470490116818265,0.2747049011681827,-0.0006286510001919411,0.19021332382719294,0.11300032825256189,-0.05441214274666435,-0.05670223250532171
2021-11-08,0.11374565149306662,0.0765555627012226,0.15000000000000002,0.04030121419428922,0.19030121419428925,0.03719008879184403,0.08440368697389343,0.07966668810366778,-0.022162298523795046,-0.019074655955404814
2021-11-09,0.10552848112242856,0.034363010899711555,0.1,0.03989149202214011,0.13989149202214013,0.071165470222717,0.09464171431343332,0.03674104448720836,-0.016585443367285648,0.06634798821192632
2021-11-10,0.10613192237083209,0.03478969150969357,0.1,0.04092161388052565,0.14092161388052565,0.07134223086113851,0.001030121858385545,0.03707176648861849,-0.01839576711249625,0.06729730804046222
2021-11-11,0.15000000000000002,0.038886984171078345,0.15000000000000002,0.038886984171078345,0.18888698417107835,0.11111301582892168,0.10323621126582569,0.11112521503834763,0.0027489237848384272,0.0027868136900489997
2021-11-12,0.15050487391301984,0.03852364907013902,0.15000000000000002,0.03902852298315884,0.18902852298315886,0.11198122484288084,0.004301651556451085,0.10763396970663017,-0.0015146217390594723,0.007936977503786892
2021-11-15,0.151552216008712,0.03938197815791768,0.15000000000000002,0.04093419416662965,0.19093419416662966,0.11217023785079432,0.0019056711834708013,0.10947821370498431,-0.004656648026135904,0.008667720768768719
2021-11-16,0.15063695653164066,0.0387594857345102,0.15000000000000002,0.039396442266150855,0.18939644226615088,0.11187747079713048,0.001537751900478797,0.10889784567846866,-0.001910869594921958,0.007380611525061923
2021-11-17,0.15000000000000002,0.03753272619941199,0.15000000000000002,0.03753272619941199,0.18753272619941203,0.11246727380058803,0.006355926791691895,0.10449879726438147,0.00673831608742956,0.001361065246424955
2021-11-18,0.10640400275171166,0.029658209775069215,0.1,0.03606221252678087,0.13606221252678088,0.07674579297664244,0.06427851917605444,0.08897462932520764,-0.01217109407848075,-0.007040914176654221
2021-11-19,0.10845596947981823,0.03191824104272763,0.1,0.04037421052254585,0.14037421052254584,0.0765377284370906,0.004311997995764974,0.09575472312818288,-0.015059261480786982,-0.010308646958667674
2021-11-22,0.10848491232237606,0.031975352670715274,0.1,0.04046026499309133,0.14046026499309133,0.07650955965166079,0.00011219546986251938,0.09592605801214582,-0.015185301507436041,-0.010269435459692115
2021-11-23,0.12063701176251515,0.07991101779771562,0.15000000000000002,0.05054802956023077,0.2005480295602308,0.040725993964799534,0.06421643431313875,0.08973305339314686,-0.033764769865702864,-0.028146265421842603
2021-11-24,0.11614764871793323,0.07504645007469049,0.15000000000000002,0.04119409879262371,0.19119409879262372,0.041101198643242735,0.009754246493655895,0.07513935022407146,-0.0343652434547761,-0.014077702699023557
2021-11-26,0.11526763666942307,0.07378657622417718,0.15000000000000002,0.03905421289360024,0.18905421289360025,0.04148106044524588,0.007353952072339494,0.07135972867253154,-0.023904108049271573,-0.02189880195899759
2021-11-29,0.11445475832683279,0.07167216189697112,0.15000000000000002,0.036126920223803885,0.1861269202238039,0.042782596429861666,0.0043151779742188895,0.06501648569091334,-0.02598593600590539,-0.01737833897459294
2021-11-30,0.11882585946591422,0.07390398161072877,0.15000000000000002,0.04272984107664297,0.19272984107664298,0.044921877855185456,0.14893702065829278,0.02750127198863818,0.0442106728435481,-0.05647757839774263
2021-12-01,0.11245727918818192,0.07504386088325982,0.15000000000000002,0.03750114007144173,0.18750114007144175,0.03741341830492211,0.044191364634368555,0.07513158264977943,-0.010813684782609714,-0.026558152781936052
2021-12-02,0.11203266441333544,0.03379219356506405,0.1,0.04582485797839948,0.1458248579783995,0.07824047084827139,0.07669488576324104,0.0583885156479642,0.042988065047227936,-0.036097993240006315
2021-12-03,0.11062104829178872,0.030811530666980634,0.1,0.041432578958769346,0.14143257895876934,0.07980951762480808,0.007899946838824305,0.044185025224922715,0.04824956677601919,-0.03186314487536614
2021-12-06,0.05415691802100544,0.015360724650480564,0.05,0.019517642671486,0.069517642671486,0.038796193370524874,0.08972232424875774,-0.012470754063016311,0.03184184607224641,0.01424032787919528
2021-12-07,0.05393922068497738,0.015267142705545887,0.05,0.01920636339052327,0.06920636339052327,0.03867207797943149,0.00045737261305656834,-0.011817662054932149,0.03206098607038717,0.013740442046250495
2021-12-08,0.08090994826884942,0.1184701815277231,0.15000000000000002,0.04938012979657252,0.19938012979657255,-0.037560233258873664,0.1515477571196407,-0.08586924370733157,-0.00686060109921671,0.05541054458316927
2021-12-09,0.014190026113453047,0.05105335629684209,0.05,0.01524338241029513,0.06524338241029513,-0.03686333018338904,0.14916755643053697,-0.013163263674753052,-0.029406814665606087,0.003160068890526248
2021-12-10,0.1562209910058246,0.12759373759491746,0.15000000000000002,0.13381472860074203,0.2838147286007421,0.028627253410907133,0.23817588930085096,-0.16866297301747377,0.09681173829036258,0.13596947449438979
2021-12-13,0.17278117439680735,0.1838040863655418,0.2,0.15658526076234913,0.35658526076234914,-0.011022911968734436,0.13075222419580101,-0.21834352319042205,0.009839200239071741,0.24157305885755365
2021-12-14,0.17494936973973435,0.18575490933080957,0.2,0.16070427907054388,0.3607042790705439,-0.01080553959107522,0.00548757654214966,-0.224848109219203,0.007786362888139363,0.2494783651042893
2021-12-15,0.2337431666344497,0.2113460958152488,0.25,0.19508926244969846,0.4450892624496985,0.02239707081920088,0.08438498337915457,-0.251229499903349,0.014318722032242983,0.3197195654135034
2021-12-16,0.2308431478832662,0.17187751443708738,0.2,0.20272066232035357,0.4027206623203536,0.05896563344617885,0.08304161397257581,-0.24252944364979862,0.07532824279708937,0.2903043005141727
2021-12-17,0.247917524810723,0.22934123398868322,0.25,0.22725875879940619,0.47725875879940616,0.018576290822039765,0.12339558126324889,-0.2937525744321689,0.002042015620794979,0.38598168634525465
2021-12-20,0.22274169966207544,0.1689551751131943,0.2,0.19169687477526973,0.3916968747752697,0.05378652454888111,0.1401476748379764,-0.21822509898622625,0.08392070184155491,0.272944823498028
2021-12-21,0.22278054632906608,0.16879867608487423,0.2,0.19157922241394026,0.3915792224139403,0.05398187024419186,0.0028887601980362825,-0.21834163898719816,0.07941108300250632,0.27698494525211637
2021-12-22,0.15853557376515603,0.13868529023239018,0.15000000000000002,0.1472208639975462,0.2972208639975462,0.019850283532765883,0.09435835841639408,-0.17560672129546812,0.03117016362496412,0.23488570707220638
2021-12-23,0.19042226292607456,0.13258367633980306,0.2,0.12300593926587758,0.3230059392658776,0.0578385865862715,0.13825816377863082,-0.12126678877822361,0.1272350221954074,0.12051600682400174
2021-12-27,0.17328268035986333,0.0748794959517605,0.15000000000000002,0.0981621763116238,0.24816217631162382,0.09840318440810283,0.09234464205819226,-0.06984804107958988,0.15348634085131507,0.07115214700396641
2021-12-28,0.17321607161947086,0.07487316560615945,0.15000000000000002,0.09808923722563029,0.2480892372256303,0.09834290601331142,0.00028745204094308627,-0.06964821485841254,0.15380811028373945,0.07081138653473887
2021-12-29,0.1716360297550967,0.0738171382252883,0.15000000000000002,0.095453167980385,0.24545316798038502,0.09781889152980838,0.010580917385963673,-0.06490808926529007,0.16572538249481703,0.05572603218104789
2021-12-30,0.1100250137657948,0.04076561066495807,0.1,0.05079062443075285,0.15079062443075286,0.06925940310083673,0.11096791742693328,-0.005616980481432655,0.1222968319948742,-0.024458060815951678
2021-12-31,0.11045680749741915,0.041082339549150665,0.1,0.05153914704656981,0.15153914704656982,0.06937446794826849,0.0007485226158169649,-0.005880870987645205,0.123247018647452,-0.025489551504612233
2022-01-03,0.11034075670908786,0.04100233756983782,0.1,0.05134309427892567,0.15134309427892567,0.06933841913925003,0.00033859470189575094,-0.0060946838890226195,0.12300701270951347,-0.02492758623824092
2022-01-04,0.13608405750751837,0.10065946593777908,0.15000000000000002,0.08674352344529744,0.23674352344529748,0.03542459156973929,0.08540042916637178,-0.03994344967490532,0.15197839781333722,-0.06830872284764979
2022-01-05,0.1355412940295097,0.10018779325960522,0.15000000000000002,0.08572908728911492,0.23572908728911496,0.03535350076990448,0.003207155469403424,-0.04323252864473668,0.15056337977881568,-0.06339135344379244
2022-01-06,0.13086058587345376,0.0982237812933729,0.15000000000000002,0.07908436716682667,0.22908436716682667,0.03263680458008088,0.006644720122288259,-0.041674819750973556,0.1446713438801187,-0.05090693786938774
2022-01-07,0.13078789607148456,0.09843500256224784,0.15000000000000002,0.07922289863373237,0.2292228986337324,0.0323528935092367,0.00039670975374998807,-0.04128755232070712,0.1453050076867435,-0.051076135893746474
2022-01-10,0.13336531596737106,0.10065372724768981,0.15000000000000002,0.08401904321506085,0.23401904321506087,0.03271158871968123,0.006734650613117735,-0.038379793273023245,0.15196118174306944,-0.06171615462908989
2022-01-11,0.06724379891418357,0.036993566673417286,0.05,0.05423736558760085,0.10423736558760086,0.030250232240766284,0.18775110758789298,-0.05173139674255069,0.03737815854912985,0.07360254147112202
2022-01-12,0.06675608548767245,0.03697860832435298,0.05,0.05373469381202542,0.10373469381202542,0.029777477163319473,0.0018877059438154858,-0.05026825646301733,0.03525573224957682,0.07568009272348211
2022-01-13,0.06616329415461887,0.03637408550239099,0.05,0.05253737965700986,0.10253737965700986,0.029789208652227884,0.0019580864200987834,-0.048489882463856604,0.036396890647201655,0.07272536585997132
2022-01-14,0.06986258435269263,0.07841682932126282,0.1,0.04827941367395544,0.14827941367395545,-0.008554244968570188,0.06510904141362765,-0.05958775305807788,0.007346379552178562,0.07790410841160988
2022-01-18,0.014216703685150649,0.05314073541314037,0.05,0.017357439098291013,0.06735743909829102,-0.03892403172798972,0.10258769904522941,-0.0101515243511045,-0.032498586704347444,0.009422206239421096
2022-01-19,0.01479558499431011,0.0535902708373326,0.05,0.018385855831642713,0.06838585583164272,-0.03879468584302249,0.0010284167333516987,-0.010853912362825197,-0.033532842620105134,0.010770812511997805
2022-01-20,0.016472299165553875,0.055088223823351316,0.05,0.021560522988905192,0.0715605229889052,-0.038615924657797444,0.003174667157262479,-0.01271526077109654,-0.03670163672556509,0.015264671470053948
2022-01-21,0.062046228241881024,0.06524413723679888,0.1,0.027290365478679898,0.1272903654786799,-0.003197908994917849,0.0801976003068181,-0.03613868472564308,0.01583996623199252,0.029892445478404098
2022-01-24,0.06108048999032147,0.06521001842675686,0.1,0.026290508417078327,0.12629050841707834,-0.004129528436435393,0.006671748103207505,-0.0332414699709644,0.007229773239457581,0.038400282040813
2022-01-25,0.05831635370285542,0.06320016286788677,0.1,0.021516516570742193,0.1215165165707422,-0.0048838091650313525,0.008975456227312504,-0.02494906110856626,0.013531969810922131,0.026068518792738186
2022-01-26,0.05813903565395426,0.06281988089797337,0.1,0.020958916551927626,0.12095891655192763,-0.00468084524401912,0.0009313349874309068,-0.024417106961862757,0.014092572263846642,0.024367070430073478
2022-01-27,0.0587319243156951,0.02296471208002513,0.05,0.03169663639572023,0.08169663639572022,0.035767212235669976,0.06778092576896376,-0.02619577294708529,0.055091874697758655,0.013802261542316736
2022-01-28,0.07817221563324608,0.07336262435422225,0.1,0.051534839987468335,0.15153483998746833,0.004809591279023827,0.07903971128662594,-0.04313652678166513,0.07008787306266676,-0.04138012011807311
2022-01-31,0.13860361082655737,0.09593294190353499,0.15000000000000002,0.08453655273009233,0.23453655273009236,0.04267066892302238,0.1117593972637341,0.015979976736150037,0.12181884897445491,-0.11581083247967208
2022-02-01,0.1387157695827239,0.09610461366950793,0.15000000000000002,0.08482038325223182,0.23482038325223184,0.04261115591321598,0.0012381195929933725,0.01454854312986918,0.12376529787865458,-0.11614730874817168
2022-02-02,0.139273840948269,0.09792409861979194,0.15000000000000002,0.08719793956806095,0.23719793956806096,0.041349742328477074,0.010973961104127699,0.032901605163169076,0.11087069069620673,-0.11782152284480703
2022-02-03,0.09579119063053515,0.13219414054811887,0.15000000000000002,0.077985331178654,0.22798533117865402,-0.03640294991758373,0.13758145351133555,0.05590282379926356,0.040679597845093035,-0.13737357189160543
2022-02-04,0.09640557266801783,0.09263701982776824,0.1,0.08904259249578608,0.1890425924957861,0.0037685528402495935,0.06164211316073959,0.0550255460338523,0.07288551344945243,-0.1392167180040535
2022-02-07,0.09628798806071981,0.09248955586671022,0.1,0.08877754392743002,0.18877754392743,0.0037984321940095905,0.00026504856835605703,0.054951434294292514,0.07251723330583813,-0.1388639641821594
2022-02-08,0.09609334795411642,0.09228211250154723,0.1,0.08837546045566365,0.18837546045566367,0.0038112354525692005,0.001598898226441485,0.052533882066790875,0.0743124554378508,-0.13828004386234927
2022-02-09,0.09604192681372155,0.09223220620087966,0.1,0.0882741330146012,0.18827413301460122,0.003809720612841891,0.0004313890202578552,0.05188907079599506,0.0748075478066439,-0.13812578044116464
2022-02-10,0.024235481633237417,0.056418727403445695,0.05,0.030654209036683103,0.0806542090366831,-0.03218324577020828,0.11335998678564396,-0.00861009421158881,0.019256182210337067,-0.06409635068812344
2022-02-11,0.0245098625898667,0.05706125252035129,0.05,0.03157111511021799,0.081571115110218,-0.03255138993048459,0.0017818003303349335,-0.007312752826388736,0.021183757561053868,-0.06621683494321137
2022-02-14,0.10992918886001149,0.07121196137917882,0.15000000000000002,0.03114115023919029,0.1811411502391903,0.03871722748083267,0.12873138258868275,-0.0010792490663137058,0.06363588413753643,-0.02870831751372074
2022-02-15,0.16886448933990109,0.0925207236578949,0.2,0.06138521299779597,0.261385212997796,0.07634376568200618,0.08096356213614815,0.04984184142778508,0.07772032954589961,-0.05659346801970321
2022-02-16,0.1938541515591903,0.1466901637639978,0.25,0.09054431532318807,0.3405443153231881,0.047163987795192513,0.09635142940054123,0.08813865235881742,0.05193183893317592,-0.13156245467757088
2022-02-17,0.1926652304803421,0.1448738755082397,0.25,0.08753910598858178,0.3375391059885818,0.04779135497210235,0.004169879427705234,0.0809427824518948,0.053678844072824326,-0.12799569144102618
2022-02-18,0.191897873343026,0.14122428340531573,0.25,0.08312215674834168,0.33312215674834167,0.050673589937710234,0.004416949240240095,0.07013133846474269,0.05354151175120448,-0.12569362002907786
2022-02-22,0.13252896927881966,0.12133827055735917,0.2,0.053867239836178804,0.2538672398361788,0.011190698721460484,0.17925491691216291,0.057429335242020235,0.006585476430057247,-0.09758690783645893
2022-02-23,0.19299186345667138,0.14097036759600007,0.25,0.08396223105267142,0.3339622310526714,0.05202149586067129,0.093016037969674,0.03804776511224816,0.08486333767575203,-0.12897559037001405
2022-02-24,0.19019475459868787,0.1371789534617718,0.25,0.07737370806045965,0.3273737080604596,0.053015801136916035,0.006588522992211765,0.030290160917590837,0.08124669946772459,-0.12058426379606352
2022-02-25,0.19115696292335685,0.1383467405726832,0.25,0.07950370349604002,0.32950370349604,0.05281022235067363,0.0021299954355803695,0.03324861430050433,0.08179160741754525,-0.12347088877007048
2022-02-28,0.2013056227891359,0.18991258251336782,0.3,0.09121820530250369,0.3912182053025037,0.011393040275768089,0.2131067335750989,0.11503448777551098,0.004703259764592433,-0.15391686836740767
2022-03-01,0.20132865154384832,0.19042745368778283,0.3,0.09175610523163111,0.39175610523163107,0.010901197856065518,0.0013419656411894501,0.11778519986684902,0.00349716119649939,-0.15398595463154496
2022-03-02,0.1733281176167759,0.13419109358201015,0.25,0.057519211198786044,0.30751921119878606,0.03913702403476574,0.08432733845836142,0.09894045291125655,0.0036328278347739044,-0.06998435285032767
2022-03-03,0.13020835090786279,0.13028563307540902,0.2,0.060493983983271785,0.2604939839832718,-7.728216754620751e-05,0.06612700977839017,0.0792120974203999,0.011644801805827075,-0.09062505272358837
2022-03-04,0.12886769757390634,0.12813523378052746,0.2,0.05700293135443381,0.2570029313544338,0.0007324637933788757,0.003895689891489626,0.07215394364177784,0.01225175769980456,-0.08660309272171904
2022-03-07,0.13363170087834947,0.1721492647874464,0.25,0.05578096566579586,0.3057809656657959,-0.038517563909096914,0.06074997229752421,0.06644779436233916,-0.012027129096175478,-0.08886797353887294
2022-03-08,0.13473072910679365,0.1738076399074567,0.25,0.05853836901425033,0.30853836901425036,-0.03907691080066303,0.0027574033484544704,0.07142291972237003,-0.012887555404705004,-0.09130463191567595
2022-03-09,0.13059878159622615,0.20412071162835188,0.3,0.03471949322457801,0.334719493224578,-0.07352193003212575,0.11934501060565197,0.012362134885055606,-0.08117675762867452,-0.010619587160003916
2022-03-10,0.12882890294557542,0.20200732399386692,0.3,0.03083622693944233,0.3308362269394423,-0.07317842104829149,0.025795147769254206,0.006021971981600718,-0.04299929945054457,-0.04348740938618171
2022-03-11,0.1277665173081549,0.2,0.3,0.02776651730815488,0.32776651730815487,-0.07223348269184512,0.01609331767104339,-0.008661504633619518,-0.020276730478649023,-0.054361316812196095
2022-03-14,0.12734828423458458,0.2,0.3,0.027348284234584568,0.32734828423458456,-0.07265171576541543,0.0025509118874153607,-0.00934380514144824,-0.022793448191587875,-0.04990759937071759
2022-03-15,0.0887398881300117,0.2,0.25,0.038739888130011696,0.2887398881300117,-0.11126011186998834,0.08297820428912522,-0.02203843636547651,-0.07665352924438813,-0.01752769878017045
2022-03-16,0.04194013839738639,0.15553746499728394,0.15000000000000002,0.04747760339467032,0.19747760339467035,-0.11359732659989755,0.12076205525967508,-0.04967569716012529,-0.07614471803203389,0.016612394991851777
2022-03-17,0.03652145822745722,0.15390688031848165,0.15000000000000002,0.040428338545938844,0.19042833854593888,-0.11738542209102443,0.0142445297517594,-0.022626759295795877,-0.08693761538657578,0.011720640955444884
2022-03-18,0.03302336431929516,0.15122909237095938,0.15000000000000002,0.03425245669025453,0.18425245669025456,-0.11820572805166424,0.00617588185568432,-0.01706120675896645,-0.08200888619891902,0.0036872771128781093
2022-03-21,0.026489886642225836,0.10593992673060967,0.1,0.0324298133728355,0.1324298133728355,-0.07945004008838383,0.07343061716844995,0.01781978019182899,-0.06487747934196011,-0.014592180584717389
2022-03-22,0.02635889214737471,0.10571985743752041,0.1,0.03207874958489511,0.13207874958489513,-0.07936096529014569,0.0003510637879403913,0.017159572312561194,-0.06482509085820154,-0.014251585583922583
2022-03-23,0.057577515274633,0.10572726207934904,0.15000000000000002,0.013304777353982035,0.16330477735398205,-0.048149746804716044,0.08917963842980706,-0.013426713060293846,-0.009305832763605148,0.017181786238047114
2022-03-24,0.06055092988914186,0.10769910607889599,0.15000000000000002,0.018250035968037842,0.16825003596803786,-0.04714817618975413,0.004945258614055807,-0.019165348804248708,-0.012487440863176867,0.023097318236687956
2022-03-25,0.06500846756323131,0.07164050862726323,0.1,0.03664897619049454,0.13664897619049454,-0.00663204106403192,0.07672390079790795,-0.04502540268969393,0.031408269173114206,0.033513256708675485
2022-03-28,0.06482536738473278,0.07155458950188838,0.1,0.03637995688662116,0.13637995688662116,-0.006729222117155598,0.0009478739742156163,-0.04447610215419835,0.03242655117862757,0.032237217327037576
2022-03-29,0.06091239363271448,0.029128627811964146,0.05,0.04004102144467862,0.09004102144467863,0.031783765820750334,0.061487012062094074,-0.03273718089814343,0.0546479455900869,0.03273793784580553
2022-03-30,0.06088763593268086,0.02900474454694674,0.05,0.0398923804796276,0.08989238047962761,0.03188289138573412,0.0011870405015751012,-0.03266290779804258,0.05271869649024857,0.03429553715059165
2022-03-31,0.06073490389791604,0.028800112505997108,0.05,0.039535016403913145,0.08953501640391315,0.03193479139191893,0.000906611308433114,-0.03220471169374811,0.05354256733932656,0.032857770178664765
2022-04-01,0.05143774711824453,0.022953753438235365,0.05,0.024391500556479893,0.07439150055647989,0.028483993680009166,0.01589401410681799,-0.004313241354733587,0.054668314728403666,0.014192945586302434
2022-04-04,0.051625833232063524,0.02305166994572316,0.05,0.02467750317778668,0.07467750317778668,0.028574163286340368,0.00028600262130678645,-0.004877499696190567,0.05490491770901765,0.014250092128151828
2022-04-05,0.050911444976459296,0.022472468196964777,0.05,0.02338391317342407,0.07338391317342408,0.028438976779494522,0.0025153663929846186,-0.0027343349293778756,0.05673758229195065,0.01067982229894367
2022-04-06,0.05013008627415121,0.021823876811683022,0.05,0.02195396308583423,0.07195396308583424,0.02830620946246819,0.001591245497657594,-0.0003902588224536234,0.05697952540705229,0.008492105027996775
2022-04-07,0.11448226207406868,0.04716918757235332,0.1,0.061651449646422,0.161651449646422,0.06731307450171536,0.08986482190713538,-0.043446786222206046,0.05672852238723089,0.08477904032982907
2022-04-08,0.11452236766905212,0.04700978474201162,0.1,0.06153215241106373,0.16153215241106372,0.0675125829270405,0.002054794214235923,-0.04356710300715635,0.05951145107059708,0.08151790315543778
2022-04-11,0.16347709658299625,0.05958901903470219,0.15000000000000002,0.07306611561769843,0.22306611561769846,0.10388807754829404,0.06362450537874646,-0.040431289748988714,0.08770874901475614,0.09105830808935045
2022-04-12,0.10736983150940299,0.07910008599931963,0.15000000000000002,0.03646991750872262,0.18646991750872263,0.028269745510083363,0.16851574481678785,0.0257698255335091,0.06153043246444978,-0.022109494528208963
2022-04-13,0.12051018932507918,0.0921194714945177,0.15000000000000002,0.06262966081959685,0.2126296608195969,0.028390717830561477,0.1399746698916547,0.08555037189027397,0.0408080425932791,-0.06153056797523749
2022-04-14,0.15000000000000002,0.05446210714579005,0.15000000000000002,0.05446210714579005,0.20446210714579008,0.09553789285420998,0.1776450703210524,0.018362003873222663,0.1275492209721798,0.017475096591967665
2022-04-18,0.15000000000000002,0.05419714210373905,0.15000000000000002,0.05419714210373905,0.20419714210373907,0.09580285789626097,0.0016346537929360135,0.016032353557021345,0.1270294430359006,0.01952962971829518
2022-04-19,0.15000000000000002,0.053143557936352205,0.15000000000000002,0.053143557936352205,0.20314355793635222,0.09685644206364781,0.003947611832441094,0.008749335571663686,0.131370484533482,0.019310853703910946
2022-04-20,0.15000000000000002,0.053251972813251836,0.15000000000000002,0.053251972813251836,0.20325197281325186,0.09674802718674817,0.0016764565282574237,0.009690021999379746,0.12901842205644531,0.021047474383930467
2022-04-21,0.15000000000000002,0.09375411071047031,0.2,0.043754110710470306,0.24375411071047032,0.05624588928952972,0.06127828195904962,0.01236065178378187,0.10454323609790994,0.014358444249719098
2022-04-22,0.20504504303556553,0.11179468547727467,0.25,0.06683972851284017,0.31683972851284015,0.09325035755829089,0.09013396027858123,-0.015135129106696529,0.09133137416737476,0.09405268226444921
2022-04-25,0.20498249537953245,0.1455778770437173,0.3,0.05056037242324974,0.3505603724232497,0.05940461833581517,0.06627935608959043,-0.014947486138597331,0.08423543098401348,0.0524982001471384
2022-04-26,0.1715565763516053,0.15060165483263102,0.25,0.07215823118423627,0.32215823118423625,0.020954921518974247,0.09016567602472317,-0.06466972905481577,0.056383705088408544,0.09542125940948448
2022-04-27,0.173789569041251,0.15240138636300932,0.25,0.07619095540426031,0.3261909554042603,0.02138818267824164,0.0158149043588766,-0.07136870712375293,0.07945616988782235,0.07774798920120565
2022-04-28,0.2,0.13895998960629816,0.3,0.03895998960629817,0.33895998960629814,0.06104001039370184,0.30783999068829404,0.03091353733549776,0.07446181856606629,0.011504612917330466
2022-04-29,0.17718044035111388,0.18097642085202753,0.3,0.058156861203141355,0.35815686120314133,-0.0037959805009136482,0.17650782591910769,0.09292926255608251,-0.01937958271359353,-0.06216173833974804
2022-05-02,0.13741524666427443,0.13454241074667772,0.2,0.07195765741095216,0.2719576574109522,0.002872835917596711,0.1138007962078108,0.10362723224003317,-0.04380683671091983,-0.06843890328190347
2022-05-03,0.13676846401775683,0.13353591340094245,0.2,0.07030437741869927,0.2703043774186993,0.003232550616814364,0.0037911783050805937,0.10060774020282737,-0.038659641302125416,-0.07164575075114503
2022-05-04,0.10126073708842703,0.13670950387438213,0.15000000000000002,0.08797024096280917,0.2379702409628092,-0.035448766785955106,0.06766586354410989,0.11012851162314641,-0.06336565331237304,-0.09041655795290804
2022-05-05,0.10139892451749526,0.13722490131468174,0.15000000000000002,0.08862382583217698,0.238623825832177,-0.03582597679718649,0.0008751940245871302,0.11167470394404522,-0.06411262933240666,-0.09008414422007908
2022-05-06,0.10098025667342014,0.13772153751286909,0.15000000000000002,0.0887017941862892,0.23870179418628923,-0.036741280839448935,0.0029954142447412013,0.1131646125386072,-0.06723279463612479,-0.0857079753841356
2022-05-09,0.10112248819688477,0.1377834980883733,0.15000000000000002,0.08890598628525809,0.2389059862852581,-0.03666100989148855,0.0002041920989689014,0.11335049426511996,-0.06760066729598387,-0.08576679729467046
2022-05-10,0.04685676664586598,0.1224988675909709,0.1,0.06935563423683687,0.16935563423683686,-0.07564210094510491,0.06955035204842122,0.0674966027729127,-0.0648413658494519,-0.07572893408814603
2022-05-11,0.06182935872628417,0.17699225100897514,0.15000000000000002,0.08882160973525928,0.2388216097352593,-0.11516289228269097,0.06946597549842241,0.08097675302692534,-0.10161749466309908,-0.08387058151575343
2022-05-12,0.06043740368651942,0.1754103675464327,0.15000000000000002,0.08584777123295209,0.2358477712329521,-0.11497296385991326,0.002973838502307199,0.076231102639298,-0.09766752008668389,-0.08364469097287436
2022-05-13,0.08319349843181532,0.16146127267582755,0.2,0.04465477110764287,0.2446547711076429,-0.0782677742440122,0.19119300012530924,0.034383818027482596,-0.06377826668755182,-0.03580222860789417
2022-05-16,0.11674805685924829,0.1562339969794666,0.25,0.02298205383871487,0.2729820538387149,-0.03948594012021831,0.0774049781110975,0.018701990938399773,-0.005843550706596412,-0.04440061987114843
2022-05-17,0.16878167514710166,0.16866991313992102,0.3,0.03745158828702262,0.3374515882870226,0.00011176200718062204,0.06836523491937202,0.036579627261849726,0.019430112157913276,-0.056345025441304875
2022-05-18,0.18281992503005695,0.21081895186411617,0.35,0.0436388768941731,0.3936388768941731,-0.027999026834059214,0.07188921115876017,0.03245685559234846,-0.03993016396324711,-0.05852961112692372
2022-05-19,0.17400052551779374,0.1618186627576373,0.3,0.035819188275431,0.335819188275431,0.01218186276015647,0.05981911040578432,0.035455988272911784,-0.017790368135199172,-0.05421120841818203
2022-05-20,0.17984371324088083,0.10098243759471086,0.2,0.08082615083559168,0.2808261508355917,0.07886127564616997,0.25686720798362683,0.08143300974269518,0.07151430304143741,-0.08953113972264243
2022-05-23,0.18761022513882952,0.1386008383928349,0.25,0.07621106353166443,0.3262110635316644,0.0490093867459946,0.07488544158204959,0.0885390054660326,0.02726350971247216,-0.11283067541648854
2022-05-24,0.23359476321940292,0.14673994296990853,0.3,0.08033470618931143,0.3803347061893114,0.0868548202494944,0.06341756578474851,0.08664450653366015,0.05357532237606544,-0.10078428965820874
2022-05-25,0.1803130069492678,0.13209899633001485,0.25,0.06241200327928263,0.31241200327928265,0.04821401061925294,0.07511686648442165,0.09629698899004455,-0.0011387629052048709,-0.0898002579425985
2022-05-26,0.1859579909514896,0.13926016290657464,0.25,0.07521815385806421,0.3252181538580642,0.046697828044914944,0.013565325848918165,0.10620426841176411,0.011576220307959812,-0.10787397285446873
2022-05-27,0.174009126784908,0.09627793669356863,0.2,0.07028706347847662,0.27028706347847664,0.07773119009133937,0.07666743252748459,0.0946530765509006,0.04418073352980529,-0.07202738035472395
2022-05-31,0.13176653461541593,0.09328779197500962,0.15000000000000002,0.07505432659042555,0.22505432659042557,0.038478742640406294,0.06897178015036665,0.10698941795285016,0.022873957972178713,-0.09529960384624775
2022-06-01,0.12142571050615919,0.0446102121079665,0.1,0.06603592261412569,0.1660359226141257,0.0768154983981927,0.09010577807103355,0.06432561720962024,0.06950501911427925,-0.06427713151847758
2022-06-02,0.1287366866963365,0.09225722670426607,0.15000000000000002,0.07099391340060256,0.2209939134006026,0.03647945999207044,0.08774755157352186,0.10645100217908643,0.020320677933711763,-0.08621006008900949
2022-06-03,0.18817335891331538,0.11273416968785126,0.2,0.10090752860116661,0.30090752860116665,0.07543918922546411,0.08277755029742823,0.10215509953379015,0.08604740952976361,-0.11452007673994608
2022-06-06,0.18790315778093347,0.11240834175604791,0.2,0.10031149953698137,0.3003114995369814,0.07549481602488556,0.0005960290641852418,0.10192061476670257,0.08530441050144115,-0.11370947334280039
2022-06-07,0.1875206396034899,0.11204090479574558,0.2,0.09956154439923545,0.29956154439923544,0.07547973480774431,0.0007499551377459189,0.1010308554864483,0.08509185890078841,-0.11256191881046963
2022-06-08,0.2296268661535683,0.11590668438637752,0.25,0.09553355053994583,0.34553355053994583,0.11372018176719081,0.06236576271143097,0.10012154098013214,0.09759851217900042,-0.08888059846070492
2022-06-09,0.22461850345008633,0.07163628696729155,0.2,0.09625479041737785,0.29625479041737784,0.15298221648279478,0.0856785236067385,0.06271070349661842,0.15219815740525622,-0.07385551035025892
2022-06-10,0.16631173198502472,0.052340821345120025,0.15000000000000002,0.06865255333014472,0.21865255333014474,0.1139709106399047,0.08349871574930978,0.0715554214897334,0.08546704254562668,-0.048935195955074104
2022-06-13,0.1,0.02403010899297031,0.1,0.02403010899297031,0.12403010899297032,0.07596989100702971,0.09517343673833469,0.03127381168366649,0.03999002669350405,0.0008264886017403824
2022-06-14,0.1,0.023979933571951228,0.1,0.023979933571951228,0.12397993357195124,0.07602006642804877,0.0004794860668250571,0.03076784302862726,0.040633992662213014,0.0005379650250134066
2022-06-15,0.05,0.012517935935620408,0.05,0.012517935935620408,0.06251793593562041,0.037482064064379594,0.06537840099703955,0.007401760301457535,0.02373947743932718,0.0064125700660765065
2022-06-16,0.05,0.012494180365558646,0.05,0.012494180365558646,0.06249418036555865,0.037505819634441356,0.00017208531975233506,0.007256078477899514,0.02396197206386304,0.00626449055491338
2022-06-17,0.10112987388727132,0.06562438533829892,0.15000000000000002,0.016754259225570233,0.16675425922557024,0.0355054885489724,0.11973573113352731,-0.003389621661813945,0.008004572131488988,0.03886858388340777
2022-06-21,0.1,0.024323046574571138,0.1,0.024323046574571138,0.12432304657457115,0.07567695342542886,0.07469022113305213,0.004531915886838491,0.05186116896773005,0.01657605486914487
2022-06-22,0.10857059108967661,0.07142831704079536,0.15000000000000002,0.02999890813047195,0.17999890813047198,0.037142274048881256,0.09024997420105418,0.018384145725192844,-0.025711773269029816,0.0459008053971932
2022-06-23,0.1074029847951455,0.0700293015180694,0.15000000000000002,0.027432286313214888,0.17743228631321492,0.0373736832770761,0.002566621817257064,0.01584637293948056,-0.02220895438543647,0.04424153161472763
2022-06-24,0.0672942990607789,0.06893113471004461,0.1,0.036225433770823504,0.13622543377082352,-0.0016368356492657173,0.06753573766911626,0.025665757832667672,-0.051882897182336685,0.031127646297466165
2022-06-27,0.06774389266986607,0.0693362722760063,0.1,0.037080164945872365,0.13708016494587238,-0.0015923796061402332,0.0008547311750488583,0.026065438698601007,-0.0532316780095982,0.03194337812941789
2022-06-28,0.06864575600586684,0.07037306181762128,0.1,0.039018817823488115,0.13901881782348813,-0.001727305811754445,0.0019386528776157482,0.028502597430544133,-0.0559372680176005,0.032616588022319704
2022-06-29,0.06907542951921268,0.07042607694596364,0.1,0.03950150646517632,0.13950150646517634,-0.0013506474267509713,0.002218455939489052,0.025898946483842864,-0.05722628855763802,0.03537928435404807
2022-06-30,0.07123146718599209,0.07326171992920713,0.1,0.04449318711519921,0.1444931871151992,-0.002030252743215038,0.0049916806500228915,0.034372414843746944,-0.06369440155797626,0.03541274494387443
2022-07-01,0.08750548907233319,0.12965032152490413,0.15000000000000002,0.06715581059723733,0.21715581059723735,-0.04214483245257095,0.07778911040075881,0.0266826844656659,-0.11251646721699957,0.06226828010904653
2022-07-05,0.10330887389856974,0.1482685587764025,0.15000000000000002,0.10157743267497221,0.25157743267497223,-0.044959684877832765,0.16294390774230552,-0.06351089850989966,-0.09641572318580952,0.14480567632920746
2022-07-06,0.10021360091664877,0.14578729785021488,0.15000000000000002,0.09600089876686363,0.24600089876686365,-0.0455736969335661,0.005972012986266609,-0.05363186094689973,-0.09700894180304656,0.1373618935506446
2022-07-07,0.10010157624160607,0.1456870375527296,0.15000000000000002,0.09578861379433565,0.24578861379433567,-0.04558546131112353,0.00045985510813380953,-0.05400321615030847,-0.09630151257450972,0.13706111265818877
2022-07-08,0.0999118854170902,0.1459921019485857,0.15000000000000002,0.09590398736567589,0.24590398736567592,-0.04608021653149549,0.0020520643909307315,-0.051098179920922734,-0.09863747633034786,0.13797630584575707
2022-07-11,0.11329111057722752,0.19655781206491119,0.2,0.10984892264213869,0.3098489226421387,-0.08326670148768367,0.0664793390774013,-0.04729657421951497,-0.14257675751216756,0.13967343619473352
2022-07-12,0.1133768777716059,0.19663180724553736,0.2,0.11000868501714323,0.31000868501714324,-0.08325492947393143,0.0002472135256997472,-0.047165397493472164,-0.14296523582134554,0.13989542173661196
2022-07-13,0.09482575108724131,0.13890863560606567,0.15000000000000002,0.08373438669330699,0.233734386693307,-0.04408288451882436,0.08357405263027129,-0.058115028953124745,-0.07636222430859918,0.11672590681819703
2022-07-14,0.09500577183422022,0.13909127158130774,0.15000000000000002,0.08409704341552797,0.234097043415528,-0.04408549974708753,0.0008153306400434518,-0.05743601807639105,-0.07758129742626962,0.11727381474392325
2022-07-15,0.10111131850534666,0.18306888306769373,0.2,0.08418020157304035,0.28418020157304036,-0.08195756456234705,0.07690402875685984,-0.03527187771821201,-0.11806207779782796,0.09920664920308109
2022-07-18,0.1512336752338399,0.2031893645985031,0.25,0.10442303983234295,0.35442303983234297,-0.051955689364663174,0.0715749665609259,-0.03327368526577705,-0.12042734043574263,0.15956809379550918
2022-07-19,0.1331539630303846,0.17993225144462688,0.25,0.06308621447501145,0.31308621447501145,-0.04677828841424226,0.14552767857749774,0.0062862798302493065,-0.09946188909115378,0.08351047450363125
2022-07-20,0.1322704853884969,0.17891127417310146,0.25,0.06118175956159831,0.3111817595615983,-0.046640788784604564,0.001904454913413134,0.006274139560039053,-0.09681145616549063,0.08045968295926526
2022-07-21,0.1311707926727621,0.17880883559312571,0.25,0.05997962826588779,0.30997962826588776,-0.04763804292036358,0.004139012652109317,0.01067946159463725,-0.09351237801828632,0.0757470451847398
2022-07-22,0.13134345223436353,0.17887265579789846,0.25,0.06021610803226198,0.31021610803226196,-0.047529203563534926,0.00085958820148508,0.011805584861621886,-0.0940303567030906,0.07481238253207348
2022-07-25,0.11760878915347175,0.12740883274553635,0.2,0.0450176218990081,0.2450176218990081,-0.009800043592064583,0.06901927275649113,0.0016829357696797002,-0.05282636746041527,0.08054356246692931
2022-07-26,0.1183290266244527,0.1277327633396267,0.2,0.04606178996407938,0.2460617899640794,-0.009403736715173982,0.003203959992768927,-0.003717464534809589,-0.0512696153385485,0.08319829001888003
2022-07-27,0.11477361605129519,0.1245546252036171,0.2,0.039328241254912286,0.2393282412549123,-0.009781009152321902,0.010861535027616841,-0.009909444012484215,-0.034411404141401356,0.07366387561085128
2022-07-28,0.11517815817109113,0.1266553192583818,0.2,0.041833477429472916,0.24183347742947292,-0.011477161087290662,0.008010769163974564,-0.0016511445283633186,-0.04388332998491006,0.07996595777514537
2022-07-29,0.10788749267648053,0.08174938246162929,0.15000000000000002,0.03963687513810981,0.18963687513810984,0.02613811021485124,0.06475136422680078,-0.005201097821777337,-0.018461380207664243,0.09524814738488785
2022-08-01,0.16058530094824167,0.09489217835284423,0.2,0.05547747930108588,0.2554774793010859,0.06569312259539743,0.07343338178848825,-0.024683689075328977,-0.00707221376939598,0.1346765350585327
2022-08-02,0.1180636530230502,0.08078942660816368,0.15000000000000002,0.04885307963121387,0.1988530796312139,0.03727422641488651,0.0715811038194891,-0.04256972981673133,-0.011621229252419242,0.09236827982449104
2022-08-03,0.11104117726297236,0.033830034724602484,0.1,0.044871211987574836,0.14487121198757485,0.07721114253836987,0.08628575354663355,-0.033123531788917054,0.04845582885449176,0.05303427531931569
2022-08-04,0.11035336808635318,0.033169347950729317,0.1,0.04352271603708249,0.1435227160370825,0.07718402013562387,0.0020540239446743234,-0.03106010425905953,0.049514120845764745,0.04999392300642322
2022-08-05,0.11097272305574252,0.03364940198896897,0.1,0.04462212504471148,0.1446221250447115,0.07732332106677356,0.0010994090076289834,-0.03291816916722752,0.050321244105478745,0.05062696186142817
2022-08-08,0.055736881983283235,0.016102077893774592,0.05,0.021838959877057827,0.07183895987705782,0.03963480408950864,0.07278316516765365,-0.017210645949849706,0.009430123356102403,0.038876110325221376
2022-08-09,0.12632595896672633,0.05270230423131467,0.1,0.07902826319804099,0.179028263198041,0.07362365473541166,0.10718930332098314,-0.07897787690017893,0.04335694963872648,0.11474996305521754
2022-08-10,0.12757681255865022,0.05376138268166707,0.1,0.0813381952403173,0.1813381952403173,0.07381542987698314,0.0061337001418791705,-0.08273043767595069,0.0376212974893222,0.12366285055567902
2022-08-11,0.1270569574608035,0.05336564955222243,0.1,0.08042260701302592,0.18042260701302593,0.07369130790858108,0.002108804601602383,-0.0811708723824105,0.039411122050788706,0.12068582660587857
2022-08-12,0.18696925407658893,0.07627153207993108,0.15000000000000002,0.11324078615652,0.26324078615652,0.11069772199665787,0.08281817914349407,-0.11090776222976673,0.0923306647745219,0.13648393146527135
2022-08-15,0.1811185734831477,0.11192398536359882,0.2,0.0930425588467465,0.2930425588467465,0.06919458811954887,0.0805985680510858,-0.09335572044944301,0.03368751351355667,0.1520844425772398
2022-08-16,0.1816458302090918,0.11213072502539623,0.2,0.093776555234488,0.293776555234488,0.06951510518369558,0.0012976317306013126,-0.09493749062727531,0.03515318551323859,0.15123898956295007
2022-08-17,0.18235041660962895,0.11296252872294535,0.2,0.09531294533257428,0.2953129453325743,0.0693878878866836,0.009622961495683029,-0.0970512498288868,0.049778453702281095,0.13910913246655496
2022-08-18,0.18744735667083398,0.07725147933856143,0.15000000000000002,0.11469883600939539,0.2646988360093954,0.11019587733227254,0.0754766579615479,-0.11234207001250188,0.10178145647621949,0.1299729815394648
2022-08-19,0.11843517774231824,0.042191016470685246,0.1,0.06062619421300348,0.16062619421300348,0.07624416127163298,0.10407264179639192,-0.055305533226954695,0.08265397865715761,0.04391907075489812
2022-08-22,0.11830121741359723,0.04212208653406689,0.1,0.06042330394766411,0.16042330394766413,0.07617913087953034,0.0005898159508782776,-0.05490365224079166,0.08323436718546598,0.04313189241673469
2022-08-23,0.11828900955626996,0.04234877339781915,0.1,0.060637782954089114,0.16063778295408912,0.0759402361584508,0.0026208855783939142,-0.05486702866880988,0.08748741406269436,0.039558906130763107
2022-08-24,0.11800840701315865,0.04229274831951374,0.1,0.06030115533267238,0.1603011553326724,0.07571565869364491,0.001263093652340409,-0.054025221039475935,0.08592963978139259,0.04094860517714862
2022-08-25,0.117102918461863,0.04210908845644195,0.1,0.05921200691830496,0.15921200691830495,0.07499383000542105,0.0018786270553780224,-0.05130875538558902,0.08419444223066133,0.04213282313866451
2022-08-26,0.05996345096341642,0.058224090221454895,0.1,0.0181875411848713,0.1181875411848713,0.0017393607419615206,0.14267950593525444,-0.027407792587518097,-0.002482560302731137,0.02467227066436467
2022-08-29,0.06004739645366566,0.058120718906584254,0.1,0.018168115360249898,0.1181681153602499,0.0019266775470814113,0.00463276271668937,-0.030142189360996968,0.004185608564623081,0.02017654815512965
2022-08-30,0.0599940130759683,0.057563017768153486,0.1,0.017557030844121777,0.11755703084412178,0.0024309953078148136,0.0044045258686738215,-0.029982039227904884,0.00987577059344163,0.012813282711018815
2022-08-31,0.05930963971727972,0.056951075296171584,0.1,0.016260715013451294,0.1162607150134513,0.002358564421108132,0.0013256240693067423,-0.02792891915183914,0.009919732951396018,0.010933492937118724
2022-09-01,0.05920770851311666,0.056892528861002434,0.1,0.016100237374119083,0.11610023737411909,0.0023151796521142195,0.0006129642070449946,-0.027623125539349955,0.010598462802965196,0.010079123780042101
2022-09-02,0.1484420821243615,0.19303296592062638,0.25,0.09147504804498785,0.34147504804498785,-0.04459088379626488,0.22537481067086876,-0.14532624637308444,0.01304714067668117,0.11605175708519791
2022-09-06,0.14843142887258406,0.19310918111539543,0.25,0.09154060998797947,0.34154060998797947,-0.04467775224281135,0.0008239166502542576,-0.14529428661775218,0.011941568371119494,0.11738597497506673
2022-09-07,0.14724378250923095,0.19249646640971593,0.25,0.08974024891894684,0.33974024891894683,-0.04525268390048495,0.0018003610690326202,-0.14173134752769284,0.01117690581089333,0.11631249341825436
2022-09-08,0.13527251950666896,0.14057560520988183,0.2,0.07584812471655077,0.2758481247165508,-0.005303085703212841,0.08317497589463893,-0.1058175585200069,0.04010118334925761,0.08162563228038781
2022-09-09,0.18352580964993537,0.15163654889092587,0.25,0.08516235854086121,0.3351623585408612,0.03188926075900947,0.06280765353777769,-0.10057742894980601,0.058684223799228774,0.09622542287354882
2022-09-12,0.18932897953806888,0.19255825732932633,0.3,0.08188723686739519,0.3818872368673952,-0.003229277791257444,0.07595770073087178,-0.1179869386142066,0.07529858272093683,0.0523761892670421
2022-09-13,0.13756567857831667,0.17921499094729273,0.25,0.06678066952560939,0.3167806695256094,-0.041649312368976066,0.0651065673417858,-0.11269703573494999,0.04965899946483612,0.03798597337704204
2022-09-14,0.14054254706596492,0.1459180746420017,0.2,0.0864606217079666,0.2864606217079666,-0.005375527576036761,0.06967995218235723,-0.12162764119789478,0.07195177642521705,0.06580244750078801
2022-09-15,0.1345015107945074,0.06100788899400939,0.1,0.09550939978851677,0.19550939978851678,0.07349362180049801,0.13276415101310585,-0.10350453238352217,0.13467117006570106,0.0483524969163271
2022-09-16,0.12831839337146198,0.05046782423378526,0.1,0.07878621760524723,0.17878621760524724,0.07785056913767673,0.12369523319948983,-0.08495518011438594,0.14512924659003149,0.006274226111324301
2022-09-19,0.10399655165137824,0.023869663993908448,0.1,0.027866215645286678,0.1278662156452867,0.08012688765746978,0.15687386361107686,-0.00305886247746027,0.07160899198172535,-0.008930792476674415
2022-09-20,0.10432265564254749,0.02440035721728981,0.1,0.02872301285983729,0.12872301285983728,0.07992229842525768,0.0008567972145506128,-0.003942646783818116,0.07320107165186943,-0.009025320143824326
2022-09-21,0.102087271706547,0.02145216781470244,0.1,0.023539439521249428,0.12353943952124943,0.08063510389184456,0.006044342259178671,-0.005233800164704325,0.06435650344410732,-0.0010280149549366322
2022-09-22,0.06271753046474018,0.023602019922718986,0.05,0.03631955038745916,0.08631955038745917,0.03911551054202119,0.08741600233671154,0.03816959336509803,0.03263646640305893,-0.038152591394220524
2022-09-23,0.10050621231849867,0.026483693391695103,0.1,0.026989905710193773,0.12698990571019378,0.07402251892680356,0.09155181182894698,-0.0015186369554960073,0.04395351720329712,0.035497562971788195
2022-09-26,0.10016239030709544,0.026392060534883372,0.1,0.0265544508419788,0.1265544508419788,0.07377032977221207,0.0004354548682149739,-0.00048717092128628195,0.04376729732401956,0.03540888428063056
2022-09-27,0.10009340230513346,0.06476317318421966,0.15000000000000002,0.014856575489353109,0.16485657548935312,0.03533022912091379,0.06787114822812304,0.008979702397845691,-0.0002802069154003422,0.035309817154813294
2022-09-28,0.11662043696333263,0.12069566311262671,0.2,0.03731610007595932,0.23731610007595932,-0.004075226149294073,0.07245952458660622,0.026313553368697895,-0.04986131088999787,0.0357734359691822
2022-09-29,0.10089853247735557,0.06661421315605692,0.15000000000000002,0.01751274563341247,0.1675127456334125,0.03428431932129865,0.06980335444254687,0.023577347814210604,-0.0026955974320666803,0.026265291653960125
2022-09-30,0.12162186706344336,0.12420834815521509,0.2,0.045830215218658446,0.24583021521865844,-0.0025864810917717203,0.1940357014613864,-0.027166663525821796,-0.037698937664508284,0.07262504446564524
2022-10-03,0.12114617462656264,0.12341232156093326,0.2,0.0445584961874959,0.24455849618749592,-0.0022661469343706227,0.0018384754960804224,-0.02488945151780281,-0.038549072361885095,0.07023696468279977
2022-10-04,0.11694452297107502,0.1199730748219654,0.2,0.03691759779304041,0.23691759779304042,-0.0030285518508903625,0.007640898394455487,-0.018866651988517332,-0.03196691692470773,0.059919224465896155
2022-10-05,0.11972598718295438,0.1211610528920038,0.2,0.040887040074958164,0.24088704007495818,-0.0014350657090494157,0.0042218003147927825,-0.027589581673467926,-0.031588379875395194,0.06348315867601137
2022-10-06,0.11170576467132672,0.11396068970785951,0.2,0.025666454379186212,0.22566645437918623,-0.0022549250365327886,0.01522058569577195,-0.025444178292620273,-0.009673115721359862,0.0418820691235785
2022-10-07,0.11023017981205858,0.11278659910720831,0.2,0.023016778919266886,0.2230167789192669,-0.002556419295149723,0.002649675459919323,-0.021195112455772925,-0.009495426980402824,0.038359797321624915
2022-10-10,0.10859439444644503,0.11314222219385764,0.2,0.021736616640302665,0.22173661664030267,-0.004547827747412607,0.0019914084522628843,-0.019646413951678557,-0.006136769387656532,0.039426666581572914
2022-10-11,0.11379502519543841,0.11859154098322074,0.2,0.03238656617865914,0.23238656617865916,-0.004796515787782325,0.01504321104307612,-0.013056521694599093,-0.028328553891716134,0.055774622949662206
2022-10-12,0.12145349251842119,0.12247071128857355,0.2,0.04392420380699473,0.24392420380699475,-0.0010172187701523528,0.15053091755222134,0.05707090910728796,-0.06436047755526357,0.010341224758432667
2022-10-13,0.13213310270203588,0.17054786618692297,0.25,0.05268096888895881,0.3026809688889588,-0.0384147634848871,0.06755154289901222,0.04387874238171577,-0.09639930810610757,0.0177648561790531
2022-10-14,0.13350175045075213,0.1708189820649222,0.25,0.05432073251567428,0.30432073251567426,-0.03731723161417004,0.012250162470669627,0.027963144115784523,-0.10050525135225635,0.03449380207898195
2022-10-17,0.13422523797567015,0.17176288070815918,0.25,0.05598811868382933,0.30598811868382936,-0.03753764273248901,0.0016673861681550453,0.02886746318259249,-0.10267571392701047,0.03642117894188501
2022-10-18,0.17696704447420689,0.17508526067061225,0.3,0.0520523051448191,0.3520523051448191,0.0018817838035946263,0.08338271992432199,-0.0053357565080159545,-0.07556537691460465,0.07525578201183672
2022-10-19,0.22313383015293178,0.18084876702548697,0.35,0.05398259717841873,0.4039825971784187,0.042285063127444844,0.19197240044285835,-0.05389927615807874,-0.015502214300716608,0.09254630107646085
2022-10-20,0.2192716877286745,0.1399872357960301,0.3,0.05925892352470459,0.35925892352470457,0.07928445193264443,0.06715150320875156,-0.0578150631860235,0.029725957304611354,0.09023575008347891
2022-10-21,0.23934115998271813,0.19953005860684345,0.35,0.08887121858956151,0.43887121858956146,0.03981110137587469,0.09942959993459782,-0.09904037369737706,-0.018983106250777256,0.14859017582053025
2022-10-24,0.18862613880064008,0.18785115274721464,0.3,0.07647729154785465,0.37647729154785464,0.000774986053425436,0.07946455374467287,-0.07128937009669387,-0.04458904630522627,0.11355345824164383
2022-10-25,0.18279665881901488,0.18063187639655076,0.3,0.06342853521556562,0.3634285352155656,0.0021647824224641232,0.013048756332289042,-0.07037361371727172,-0.028016362739772892,0.09189562918965224
2022-10-26,0.2369974965958448,0.23612282325755649,0.39999999999999997,0.07312031985340123,0.4731203198534012,0.0008746733382882996,0.1283693597976842,-0.1109924897875343,0.0026716992239875018,0.1056967705486819
2022-10-27,0.19489340465427674,0.19423485154712913,0.3,0.08912825620140583,0.3891282562014058,0.0006585531071475956,0.22554354508217164,-0.09936077591027123,-0.03531943805255891,0.13270455464138736
2022-10-28,0.13954771588168724,0.13956097043763394,0.2,0.07910868631932116,0.2791086863193212,-1.3254555946695668e-05,0.13038444734063315,-0.1186431476450617,0.011264944453032244,0.10741796685986954
2022-10-31,0.1435066323096208,0.14412044223202752,0.2,0.08762707454164831,0.2876270745416483,-0.0006138099224067238,0.11771130923510124,-0.13051989692886237,0.03873274135537415,0.09362858534070839
2022-11-01,0.1449248343950853,0.14544137920954842,0.2,0.09036621360463372,0.2903662136046337,-0.0005165448144631296,0.005288570895342159,-0.13477450318525588,0.034908593606839025,0.10141554402180623
2022-11-02,0.1443154403567782,0.1448728766857959,0.2,0.08918831704257413,0.28918831704257414,-0.0005574363290177034,0.0020074436253769787,-0.13294632107033463,0.0361529142018151,0.09846571585557262
2022-11-03,0.14392013581894092,0.1444272687308299,0.2,0.08834740454977082,0.2883474045497708,-0.0005071329118889606,0.0008409124928033026,-0.13176040745682277,0.03613554626050743,0.09714625993198223
2022-11-04,0.14381059958437414,0.17584107868277432,0.25,0.06965167826714844,0.31965167826714846,-0.03203047909840015,0.08298254639543658,-0.13143179875312244,0.05756577642972874,0.01995745961859414
2022-11-07,0.14517128711003358,0.17712027043572912,0.25,0.07229155754576266,0.32229155754576266,-0.03194898332569551,0.0031235540058441973,-0.13551386133010074,0.056840264338883784,0.024520546968303487
2022-11-08,0.13424330594827996,0.09016137069231658,0.15000000000000002,0.07440467664059655,0.22440467664059657,0.04408193525596338,0.18085499262301113,-0.04192159800613836,0.12048411207694976,-0.060808319838701545
2022-11-09,0.13438034217055445,0.0903079390877772,0.15000000000000002,0.07468828125833164,0.22468828125833168,0.044072403082777246,0.0008141933114068946,-0.041125714965630646,0.1209238172633316,-0.062015311546032695
2022-11-10,0.02217894404061783,0.053581867663876674,0.05,0.025760811704494506,0.0757608117044945,-0.03140292362325885,0.15888784118085428,0.010419036864704892,0.00032656612692512636,-0.06653683212185349
2022-11-11,0.02425714545822009,0.05521757206476388,0.05,0.02947471752298397,0.07947471752298398,-0.030960426606543787,0.003931616569772884,0.015652716194291635,-0.003558984017840056,-0.06921245235682022
2022-11-14,0.08329026866012737,0.07641937726665234,0.1,0.0597096459267797,0.15970964592677972,0.006870891393475027,0.09304272854521686,-7.574790877810413e-05,0.07925813179995701,-0.09979505807160399
2022-11-15,0.06447564114819983,0.026408055685270517,0.05,0.040883696833470345,0.09088369683347035,0.038067585462929314,0.08363326612465502,-0.022286723455796603,0.07922416705581155,-0.02114019998880288
2022-11-16,0.0,-0.0,0.0,0.0,0.0,0.0,0.09088369683347035,0.0,0.0,0.0
2022-11-17,0.0,-0.0,0.0,0.0,0.0,0.0,0.0,0.0,0.0,0.0
2022-11-18,0.020517579332984384,0.059520490448230434,0.05,0.030038069781214812,0.08003806978121482,-0.03900291111524605,0.08003806978121482,-0.04042181333300287,-0.021130924665950283,0.028561471344691284
2022-11-21,0.02150546473629357,0.060201603310218475,0.05,0.03170706804651204,0.08170706804651204,-0.038696138573924906,0.0018227897285208131,-0.0436161567377658,-0.020900237471114913,0.030604809930655417
2022-11-22,0.06707470720302901,0.06840142275003137,0.1,0.035476129953060376,0.13547612995306038,-0.0013267155470023644,0.0677025535539583,-0.05122412160908703,0.01797171293298227,0.03723255531711185
2022-11-23,0.06671994576959951,0.06813731619395137,0.1,0.03485726196355088,0.13485726196355088,-0.001417370424351869,0.0008017638022693625,-0.05015983730879851,0.016905049545602485,0.03750689903625164
2022-11-25,0.06668107723914604,0.06823570668374865,0.1,0.03491678392289468,0.1349167839228947,-0.0015546294446026152,0.0009898405856831188,-0.050043231717438096,0.015626177197453926,0.03908094285379202
2022-11-28,0.06599015689506935,0.06762795159824825,0.1,0.03361810849331759,0.1336181084933176,-0.0016377947031788916,0.0012986754295770874,-0.04797047068520805,0.014248501138351338,0.03863535365639338
2022-11-29,0.019793711574834137,0.05893586734647617,0.05,0.0287295789213103,0.0787295789213103,-0.039142155771642026,0.06902634839202702,-0.03817440649447281,-0.021206728230029594,0.02680760203942849
2022-11-30,0.020006844941776715,0.059167942006216945,0.05,0.029174786947993657,0.07917478694799365,-0.03916109706444023,0.0005093917815766364,-0.03891008222764047,-0.021110452597689677,0.027503826018650826
2022-12-01,0.019971757822888143,0.05912526035195041,0.05,0.02909701817483855,0.07909701817483855,-0.039153502529062266,0.0001639545851305031,-0.03867554215301166,-0.021239731315652773,0.02737578105585122
2022-12-02,0.0630761511216506,0.06565936376198339,0.1,0.028735514883633996,0.128735514883634,-0.0025832126403327865,0.0637983175858973,-0.039228453364951815,0.00407163451424049,0.042906456771709685
2022-12-05,0.06372182417307115,0.06606876564389065,0.1,0.029790589816961803,0.12979058981696182,-0.0023469414708195014,0.002045839812370766,-0.04116547251921345,0.0067859874785267124,0.041420309453145246
2022-12-06,0.05860815894274393,0.06234288846328297,0.1,0.020951047406026893,0.1209510474060269,-0.003734729520539031,0.00883954241093491,-0.025824476828231795,0.00673064593372368,0.030298019456125206
2022-12-07,0.05820932128147038,0.061796383878719684,0.1,0.020005705160190054,0.12000570516019006,-0.0035870625972493015,0.0009453422458368379,-0.02462796384441113,0.006227759707689411,0.029161391928469622
2022-12-08,0.05811028606876584,0.06294093604887155,0.1,0.021051222117637377,0.12105122211763739,-0.004830649980105701,0.0063341700633074574,-0.022922743893310338,-0.0014081143129871763,0.03882280814661462
2022-12-09,0.01971211567557668,0.05971818569709443,0.05,0.029430301372671108,0.07943030137267111,-0.04000607002151775,0.06482457995858795,-0.033457441075144916,-0.025678905951585125,0.029154557091283284
2022-12-12,0.0,-0.0,0.0,0.0,0.0,0.0,0.07943030137267111,0.0,0.0,0.0
2022-12-13,0.06970697768126012,0.030891611030604095,0.05,0.05059858871186421,0.10059858871186422,0.038815366650656026,0.10059858871186422,-0.0309260527685808,0.09267483309181229,-0.028194880275199556
2022-12-14,0.07017737653813286,0.031209920374320174,0.05,0.051387296912453036,0.10138729691245305,0.03896745616381269,0.0009485735060394823,-0.03257704729737502,0.09362976112296052,-0.027955082317023566
2022-12-15,0.07120832205219677,0.031860168907757315,0.05,0.05306849095995408,0.10306849095995407,0.03934815314443945,0.0021603605059853804,-0.03638863352729323,0.09558050672327195,-0.027236332629297054
2022-12-16,0.0701392430803903,0.031027420809053543,0.05,0.05116666388944383,0.10116666388944384,0.03911182227133675,0.0019018270705102452,-0.03371956278235084,0.09308226242716063,-0.026698166458820026
2022-12-19,0.0699868399502701,0.031050826808759216,0.05,0.051037666759029314,0.10103766675902931,0.038936013141510885,0.0010936410489163079,-0.031885605513354606,0.09315248042627765,-0.028074914337455695
2022-12-20,0.07145976751910288,0.032106537129640025,0.05,0.053566304648742895,0.10356630464874289,0.03935323038946285,0.0025286378897135826,-0.03417896324874243,0.09631961138892008,-0.030200339308566193
2022-12-21,0.06661890323340465,0.06868003936729686,0.1,0.03529894260070149,0.1352989426007015,-0.0020611361338922045,0.08838043946408683,0.010513245732420386,0.04552687236947016,-0.04985670970021393
2022-12-22,0.06703838621549194,0.06943256674997227,0.1,0.03647095296546419,0.1364709529654642,-0.0023941805344803377,0.0016098385299011687,0.013427570128154336,0.04487013012176245,-0.051115158646475777
2022-12-23,0.0637450594948369,0.06690951203583481,0.1,0.0306545715306717,0.1306545715306717,-0.003164452540997906,0.0072401565956460145,0.015563232869434626,0.03516530323806978,-0.041235178484510686
2022-12-27,0.0,-0.0,0.0,0.0,0.0,0.0,0.1306545715306717,0.0,0.0,0.0
2022-12-28,0.0,-0.0,0.0,0.0,0.0,0.0,0.0,0.0,0.0,0.0
2022-12-29,0.0166950476460204,0.053948313311017224,0.05,0.02064336095703762,0.07064336095703762,-0.03725326566499682,0.07064336095703762,0.011844939933051656,-0.03364406749203358,-0.01644107544602762
2022-12-30,0.016639293887806987,0.05387994316660074,0.05,0.02051923705440773,0.07051923705440774,-0.03724064927879375,0.00012412390262988996,0.01163982949980222,-0.033608658899090496,-0.016309222764330472
2023-01-03,0.01658672047435543,0.05384247844740948,0.05,0.020429198921764903,0.07042919892176491,-0.03725575797305405,0.0005847211305304565,0.011527435342228415,-0.03435068339592194,-0.015409478027144352
2023-01-04,0.05840567650740976,0.06653970327440759,0.1,0.02494537978181734,0.12494537978181734,-0.008134026766997836,0.07627837094875968,0.0034272821100045847,-0.025217029522229255,0.04619182771321818
2023-01-05,0.0763684121222368,0.08491712224387693,0.1,0.061285534366113725,0.16128553436611373,-0.00854871012164013,0.13634015458429638,0.01809933833448488,-0.0791052363667104,0.0866520283971459
2023-01-06,0.08844724929213066,0.13506155096377181,0.15000000000000002,0.07350880025590245,0.22350880025590247,-0.04661430167164114,0.06488860268133732,0.02253062968149237,-0.11534174787639197,0.08265402320982301
2023-01-09,0.0858823004364873,0.13117842445275263,0.15000000000000002,0.06706072488923993,0.21706072488923994,-0.04529612401626534,0.006448075366662522,0.01503483189191897,-0.10764690130946189,0.07850044146633893
2023-01-10,0.10070107522740807,0.18516008692807764,0.2,0.08586116215548567,0.2858611621554857,-0.08445901170066955,0.07882365852752506,-0.04349647291509097,-0.1086067527671332,0.10548026078423284
2023-01-11,0.0984834165267603,0.18324252472777589,0.2,0.08172594125453617,0.2817259412545362,-0.08475910820101559,0.004135220900949508,-0.04012562169763722,-0.10532462788264367,0.09972757418332762
2023-01-12,0.0955928068106986,0.1789339247588941,0.2,0.07452673156959268,0.2745267315695927,-0.0833411179481955,0.009160079295420441,-0.04306692611335264,-0.09371149431874312,0.08680177427668224
2023-01-13,0.09452559386776731,0.17743426006154028,0.2,0.07195985392930757,0.27195985392930755,-0.08290866619377299,0.0032245983887167606,-0.04405350723600012,-0.08952327436730176,0.08230278018462081
2023-01-17,0.100499715869176,0.18219236402515607,0.2,0.08269207989433204,0.28269207989433204,-0.08169264815598007,0.010732225965024475,-0.058189054650159465,-0.09331009295736853,0.09657709207546814
2023-01-18,0.06629501557451808,0.10005407981727904,0.15000000000000002,0.016349095391797117,0.16634909539179715,-0.033759064242760956,0.21634298450253495,-0.015328780466390773,-0.03355626625716347,0.00016223945183710072
2023-01-19,0.0696162655305565,0.0640232306963208,0.1,0.033639496226877286,0.1336394962268773,0.005593034834235714,0.0866889454215634,0.04206969208896236,-0.019949469295666496,-0.038899327296003004
2023-01-20,0.06935045881662677,0.06348158621145031,0.1,0.03283204502807708,0.13283204502807708,0.005868872605176453,0.001576198110587245,0.04044475863435094,-0.021102589663347052,-0.036948786786533246
2023-01-23,0.11833027886103194,0.10661999930291052,0.2,0.02495027816394245,0.22495027816394247,0.011710279558121425,0.11895080982230273,0.019859997908731535,-0.0014384853593104171,-0.05355235122378539
2023-01-24,0.12005363997986541,0.1088090542585361,0.2,0.0288626942384015,0.2288626942384015,0.01124458572132932,0.003912416074459054,0.02642716277560827,-0.003089134915398197,-0.05707178502419803
2023-01-25,0.1206471021867726,0.15000000000000002,0.25,0.0206471021867726,0.2706471021867726,-0.029352897813227398,0.06371978245845147,-0.007412235744642022,-0.0039331847809900445,-0.05059588603468574
2023-01-26,0.17517706838422253,0.2055240317545599,0.35,0.03070110013878242,0.3807011001387824,-0.030346963370337383,0.11499548844843782,0.0165720952636797,-0.016956701106699695,-0.05857450404596787
2023-01-27,0.18080344970764392,0.1705374864694819,0.3,0.05134093617712578,0.35134093617712575,0.010265963238161993,0.07975096442411761,0.06161245940844569,-0.003290008528038323,-0.08912034059489334
2023-01-30,0.26566737855349126,0.18995445157549248,0.39999999999999997,0.05562183012898371,0.45562183012898366,0.07571292697799878,0.1345530362601632,0.09069612167362194,0.02916723305285545,-0.047002135660473746
2023-01-31,0.25312771024727004,0.14546027685598606,0.35,0.04858798710325604,0.39858798710325605,0.10766743339128401,0.07512186000107415,0.11782814713664168,0.01855268343131641,-0.009383130741810053
2023-02-01,0.3057805642654352,0.1642657345630906,0.39999999999999997,0.07004629882852578,0.4700462988285258,0.1415148297023446,0.07145831172526974,0.1501353129539511,0.042661890735320646,-0.017341692796305604
2023-02-02,0.28609192728087873,0.1345548245935856,0.3,0.1206467518744643,0.4206467518744643,0.15153710268729315,0.18662438430235664,0.09609941606932396,0.1575650577114328,-0.10827578184263614
2023-02-03,0.17495227876170305,0.09539611449585744,0.2,0.07034839325756045,0.27034839325756044,0.07955616426584558,0.15029835861690383,0.06627202613294508,0.06991631735462722,-0.07485683628510906
2023-02-06,0.2,0.08322285861913964,0.25,0.033222858619139636,0.28322285861913965,0.11677714138086037,0.08887695210633217,0.04083099005244535,0.05621045960310653,0.0026271262018670275
2023-02-07,0.25930934728115235,0.10158879668458445,0.3,0.060898143965736826,0.36089814396573683,0.15772055059656792,0.07942670281450856,0.08214923172921927,0.07261715832453408,-0.027928041843457114
2023-02-08,0.2593011796791625,0.10319917330423636,0.3,0.06250035298339887,0.3625003529833989,0.15610200637492616,0.006769568884017682,0.09470689858173888,0.0648906213309702,-0.027903539037487553
2023-02-09,0.2534931493265292,0.1002183698777008,0.3,0.05371151920423001,0.35371151920423,0.15327477944882842,0.01363130941866364,0.10197061204098104,0.04868449759212137,-0.010479447979587633
2023-02-10,0.3,0.11211062745334233,0.35,0.06211062745334232,0.4121106274533423,0.1878893725466577,0.09763835148119099,0.053591195172450645,0.12465332723468445,0.008087359952891848
2023-02-13,0.3,0.11288005097252428,0.35,0.06288005097252428,0.4128800509725242,0.18711994902747575,0.0027735588149368114,0.05597489356490297,0.12164712429105216,0.011018135061617678
2023-02-14,0.25767422569867265,0.11092206903084752,0.3,0.0685962947295202,0.36859629472952016,0.14675215666782518,0.08279099661354727,0.09071307702469972,0.09205313006784283,-0.023022677096018036
2023-02-15,0.20225634196157002,0.09523112447244385,0.25,0.047487466434013866,0.29748746643401386,0.10702521748912619,0.07110882829550633,0.06396570558916662,0.07172766782816493,-0.006769025884710064
2023-02-16,0.2037238385968693,0.09670937925545116,0.25,0.05043321785232044,0.30043321785232047,0.10701445934141815,0.0029457514183065625,0.06543163332928598,0.07469650443706748,-0.011171515790607843
2023-02-17,0.20271725360418866,0.09685212928616481,0.25,0.049569382890353446,0.29956938289035345,0.10586512431802385,0.00446715085492813,0.0708366071687277,0.06971978068976674,-0.008151760812565915
2023-02-21,0.20438315214603345,0.0595820739375551,0.2,0.06396522608358853,0.2639652260835885,0.14480107820847835,0.07349296051913191,0.05719093117988247,0.12155529063278285,-0.013149456438100286
2023-02-22,0.2011590017620958,0.05489648622314068,0.2,0.05605548798523648,0.2560554879852365,0.1462625155389551,0.007909738098352059,0.0497699026190584,0.11491955605036364,-0.0034770052862873827
2023-02-23,0.15000000000000002,0.040751544374110805,0.15000000000000002,0.040751544374110805,0.19075154437411082,0.10924845562588921,0.07024631226958696,0.028871188900865763,0.08596989123377473,0.007413552987691929
2023-02-24,0.10590043523295113,0.035664906261952595,0.1,0.04156534149490372,0.14156534149490374,0.07023552897099854,0.0781514769874661,-0.017701305698853365,0.07383456033463072,0.033160158451227065
2023-02-27,0.10565040777429532,0.03535863215363763,0.1,0.04100903992793295,0.14100903992793296,0.07029177562065769,0.0005563015669707676,-0.016951223322885945,0.07300330367684954,0.03307259278406337
2023-02-28,0.06790870287167286,0.032911100028556545,0.05,0.0508198029002294,0.1008198029002294,0.034997602843116316,0.06671074683197768,-0.05372610861501857,0.07601068309112813,0.022722616994541506
2023-03-01,0.06796843436668024,0.03397502399384977,0.05,0.05194345836053001,0.10194345836053001,0.033993410372830456,0.0029081059077924994,-0.053905303100040686,0.08187913065824566,0.020045941323303666
2023-03-02,0.0,-0.0,0.0,0.0,0.0,0.0,0.10194345836053001,0.0,0.0,0.0
2023-03-03,0.0,-0.0,0.0,0.0,0.0,0.0,0.0,0.0,0.0,0.0
2023-03-06,0.0,-0.0,0.0,0.0,0.0,0.0,0.0,0.0,0.0,0.0
2023-03-07,0.06685791561299642,0.03256939614918757,0.05,0.049427311762184,0.099427311762184,0.034288519463808856,0.09942731176218399,-0.05057374683898928,0.07699975755372535,0.020708430893837376
2023-03-08,0.0,-0.0,0.0,0.0,0.0,0.0,0.09942731176218399,0.0,0.0,0.0
2023-03-09,0.0,-0.0,0.0,0.0,0.0,0.0,0.0,0.0,0.0,0.0
2023-03-10,0.0,-0.0,0.0,0.0,0.0,0.0,0.0,0.0,0.0,0.0
2023-03-13,0.0,-0.0,0.0,0.0,0.0,0.0,0.0,0.0,0.0,0.0
2023-03-14,0.0810563877366401,0.04552036348116791,0.05,0.07657675121780802,0.12657675121780804,0.03553602425547219,0.126576751217808,-0.0931691632099203,0.11715984232194734,0.01940124812155638
2023-03-15,0.08101954332058499,0.045475092593354735,0.05,0.07649463591393972,0.12649463591393972,0.03554445072723025,0.0004125626690529953,-0.09305862996175494,0.11652835861073077,0.019896919169333428
2023-03-16,0.07987222199919075,0.045819122798961255,0.05,0.07569134479815201,0.12569134479815203,0.034053099200229496,0.008442982736717865,-0.08961666599757226,0.12798789604212601,0.009469472354757761
2023-03-17,0.07031938564922822,0.15000000000000002,0.2,0.020319385649228222,0.22031938564922823,-0.07968061435077178,0.2287252528388229,-0.02592821641283604,-0.012525686379151349,-0.022504254155697272
2023-03-20,0.0683196817838007,0.15000000000000002,0.2,0.018319681783800695,0.2183196817838007,-0.08168031821619931,0.010123779841231778,-0.007742990852847092,-0.02343998122228585,-0.023776073276269148
2023-03-21,0.06910988238903426,0.15219564529188231,0.2,0.021305527680916557,0.22130552768091658,-0.08308576290284805,0.008147839799013921,0.006586935875646908,-0.027416289695860553,-0.029913357471242207
2023-03-22,0.07073575491661459,0.12073062087381825,0.15000000000000002,0.04146637579043283,0.19146637579043285,-0.04999486595720367,0.10703607703643947,-0.05360352509747883,0.062191862621454756,-0.008603739652364913
2023-03-23,0.07275905291685876,0.12138349962700604,0.15000000000000002,0.0441425525438648,0.1941425525438648,-0.048624446710147276,0.0026761767534319654,-0.05617175686569326,0.06415049888101812,-0.012105401884883023
2023-03-24,0.07011810863569226,0.119102219417374,0.15000000000000002,0.03922032805306625,0.18922032805306627,-0.048984110781681744,0.0049222244907985505,-0.049791940860969566,0.05730665825212198,-0.010562385046107205
2023-03-27,0.07559001196713079,0.12455906897243414,0.15000000000000002,0.050149080939564925,0.20014908093956496,-0.04896905700530335,0.01775160989108961,-0.039557655354083156,0.0736772069173024,-0.037212380547309215
2023-03-28,0.07563548399136003,0.1251899341180323,0.15000000000000002,0.05082541810939235,0.20082541810939236,-0.04955445012667229,0.003493724815677295,-0.03533157388530836,0.07556980235409695,-0.04157487808877174
2023-03-29,0.07576745701569508,0.12565531403000166,0.15000000000000002,0.05142277104569673,0.20142277104569675,-0.04988785701430658,0.001084165926120699,-0.034601354400583886,0.07696594209000496,-0.04270101664650136
2023-03-30,0.07504524185824624,0.12416926897621092,0.15000000000000002,0.049214510834457145,0.19921451083445718,-0.049124027117964666,0.0040258910988386475,-0.037327800731982476,0.0725078069286327,-0.03780792484275625
2023-03-31,0.07326018543438337,0.12212551505546142,0.15000000000000002,0.04538570048984478,0.1953857004898448,-0.04886532962107806,0.0038288103446123684,-0.03581345075321632,0.06637654516638425,-0.033967105549933777
2023-04-03,0.1466134787052275,0.19165312275551924,0.25,0.08826660146074673,0.3382666014607467,-0.045039644050291705,0.16552563800419115,-0.13984043611568253,0.09579155638711244,0.02916781187944522
2023-04-04,0.14608789878463224,0.1911421904529955,0.25,0.08723008923762772,0.3372300892376277,-0.045054291668363264,0.0010365122231190266,-0.13826369635389668,0.09450615190370681,0.02892041945527965
2023-04-05,0.14367418486899688,0.19063297769117835,0.25,0.0843071625601752,0.33430716256017523,-0.04695879282218145,0.008540206124019093,-0.1310225546069906,0.10293207107355667,0.018966861999978286
2023-04-06,0.15262433190433541,0.1614860651850513,0.2,0.1141103970893867,0.3141103970893867,-0.008861733280715881,0.07980323452921151,-0.15787299571300623,0.131815540286638,0.05264265526851587
2023-04-10,0.15991682926889111,0.16549065054946016,0.2,0.12540747981835126,0.3254074798183513,-0.005573821280569068,0.13520658191276322,-0.1797504878066733,0.09595129151094,0.10052066013744047
2023-04-11,0.10829622977904381,0.07705439947988979,0.15000000000000002,0.03535062925893359,0.1853506292589336,0.031241830299154016,0.2400568505594177,-0.024888689337131405,0.05667836574829905,0.024484832691370324
2023-04-12,0.10937599818416002,0.077781836931298,0.15000000000000002,0.03715783511545802,0.18715783511545803,0.03159416125286202,0.002389141499057737,-0.02812799455248006,0.055805462284499084,0.027540048509394913
2023-04-13,0.11585265061208955,0.049671315380668886,0.1,0.06552396599275842,0.16552396599275843,0.06618133523142067,0.09817761533123087,-0.02595081638097928,0.14901394614200666,-0.021607135455289334
2023-04-14,0.11596843438135235,0.04904176216006506,0.1,0.0650101965414174,0.1650101965414174,0.06692667222128729,0.0009460274091497621,-0.025649780752054593,0.14712528648019518,-0.022255522392002458
2023-04-17,0.11439779943470689,0.04672221721355756,0.1,0.06112001664826444,0.16112001664826445,0.06767558222114933,0.005782180338981935,-0.02848778142079804,0.14016665164067266,-0.014705616883322612
2023-04-18,0.18515230966236806,0.0808818212375935,0.15000000000000002,0.11603413089996154,0.26603413089996153,0.10427048842477457,0.11471785884057883,-0.10545692898710415,0.23517614977976406,0.007469313933016404
2023-04-19,0.18510424216555524,0.08073299671964305,0.15000000000000002,0.11583723888519826,0.2658372388851983,0.10437124544591218,0.0010180234080957493,-0.10531272649666562,0.2364078468697628,0.005791143289166396
2023-04-20,0.16165438345735414,0.04708424498286696,0.15000000000000002,0.05873862844022109,0.20873862844022112,0.11457013847448717,0.1613536671900159,-0.034963150372062386,0.12907900654187643,0.012173728406724467
2023-04-21,0.1614792168862205,0.04707713134604095,0.15000000000000002,0.05855634823226142,0.20855634823226143,0.11440208554017954,0.0010513066546061862,-0.034437650658661424,0.1303825462118462,0.010848847826276653
2023-04-24,0.16201897944263963,0.047498178004052885,0.15000000000000002,0.0595171574466925,0.20951715744669253,0.11452080143858676,0.0022551586626608725,-0.036056938327918835,0.1284410220395015,0.014053511972657157
2023-04-25,0.1620572244464146,0.04727391695559547,0.15000000000000002,0.05933114140201005,0.20933114140201006,0.11478330749081912,0.0023645675035090345,-0.036171673339243725,0.13159411421641648,0.010227636650369933
2023-04-26,0.16238392009629876,0.04777964040797779,0.15000000000000002,0.060163560504276535,0.21016356050427656,0.11460427968832097,0.002430895705550721,-0.037151760288896246,0.12919639931149013,0.014142521912443227
2023-04-27,0.20281982872141488,0.051830308014711675,0.2,0.054650136736126544,0.2546501367361266,0.1509895207067032,0.07067165771089444,-0.008459486164244611,0.11861105121757512,0.03687987282655989
2023-04-28,0.25,0.060368451732549205,0.25,0.060368451732549205,0.31036845173254923,0.1896315482674508,0.0851383901428589,0.0025166157480088483,0.1773794931784886,0.0012092462711501399
2023-05-01,0.25394474104003095,0.06384967174174917,0.25,0.06779441278178015,0.31779441278178017,0.19009506929828182,0.012533897573066395,0.020622180561361933,0.17092683466388559,-0.01183422312009294
2023-05-02,0.25,0.060118353059753896,0.25,0.060118353059753896,0.3101183530597539,0.1898816469402461,0.026677895187982102,0.0013884206485363189,0.1504638853317916,0.028502753198933767
2023-05-03,0.20048362845339465,0.04648559127820015,0.2,0.046969219731594784,0.2469692197315948,0.1539980371751945,0.06411639023494839,-0.0014508853601839025,0.13764786916105123,0.0018089046735492234
2023-05-04,0.20229986592157712,0.049400057148779666,0.2,0.05169992307035677,0.25169992307035677,0.15289980877279746,0.006903896694584067,0.004194154552734183,0.14400601689360482,-0.006899597764731305
2023-05-05,0.25,0.06536375301618308,0.25,0.06536375301618308,0.3153637530161831,0.18463624698381692,0.06826356178898052,0.008835402355974886,0.16446179130660896,0.022794065385965415
2023-05-08,0.25400152184021285,0.10543526572985118,0.3,0.05943678757006401,0.359436787570064,0.14856625611036164,0.06515934638184112,-0.0011903115687915064,0.16630579718955354,-0.010814253951846962
2023-05-09,0.2096590592142621,0.09970290751006758,0.25,0.05936196672432964,0.30936196672432964,0.10995615170419452,0.10950387704957724,0.07098066061482508,0.07812806191537766,-0.028977177642786192
2023-05-10,0.20958458717691514,0.06381321594157216,0.2,0.07339780311848729,0.27339780311848727,0.14577137123534298,0.06418478046885152,0.09848568611561659,0.09295396170909986,-0.02875376153074538
2023-05-11,0.20973996117555319,0.06410223942828161,0.2,0.07384220060383477,0.2738422006038348,0.14563772174727158,0.0004443974853474888,0.09912504913961878,0.09318166914522602,-0.029219883526659496
2023-05-12,0.1581233488832355,0.050976876965345704,0.15000000000000002,0.05910022584858118,0.2091002258485812,0.1071464719178898,0.06474197475525359,0.07826313806068577,0.07466749283535135,-0.024370046649706427
2023-05-15,0.1,0.03467483781321699,0.1,0.03467483781321699,0.13467483781321699,0.06532516218678301,0.07636057318879944,0.048278148305358995,0.052843587404139095,0.0029027777301528666
2023-05-16,0.10047582346190095,0.035229120473845354,0.1,0.03570494393574631,0.1357049439357463,0.0652467029880556,0.0029652912759645603,0.04887671308629614,0.05681064833523991,-0.0014274703857028578
2023-05-17,0.1,0.03447070961926482,0.1,0.03447070961926482,0.13447070961926483,0.06552929038073518,0.004515983523535564,0.04829789008626655,0.05019161496094679,0.004922623810581124
2023-05-18,0.15000000000000002,0.044555757627310705,0.15000000000000002,0.044555757627310705,0.19455575762731073,0.10544424237268932,0.17339400972718172,0.02833444750756282,0.09778743305913179,0.007545392315237525
2023-05-19,0.1506870507902046,0.08457632753268739,0.2,0.03526337832289197,0.235263378322892,0.06611072325751721,0.07436258630416574,-0.0020611523706137464,0.0756394321538179,0.02808955044424425
2023-05-22,0.11180598733139141,0.07563219661482196,0.15000000000000002,0.037438183946213364,0.1874381839462134,0.03617379071656945,0.0709011725861509,-0.025641985030292372,0.07689658984446587,-0.009775976963881838
2023-05-23,0.11141932229274522,0.0749015913922223,0.15000000000000002,0.03632091368496751,0.18632091368496753,0.03651773090052292,0.0011172702612458557,-0.024987229272484996,0.07470477417666689,-0.009270737605750637
2023-05-24,0.1226552041391752,0.08652459515517663,0.15000000000000002,0.05917979929435181,0.20917979929435182,0.036130608983998586,0.17313944720254676,0.08530262440612163,0.02427116105940822,-0.06796561241752558
2023-05-25,0.1232961412364691,0.08735833669823931,0.15000000000000002,0.060654477934708406,0.21065447793470843,0.0359378045382298,0.0014746786403566012,0.08639455021156907,0.02568045988314886,-0.0698884237094073
2023-05-26,0.19324118665208825,0.22674776254582796,0.25,0.16998894919791618,0.4199889491979162,-0.033506575893739704,0.2730470603249119,0.13502129258413692,-0.27972355995626474,0.09522199505334691
2023-05-30,0.22958755480555484,0.222990826907563,0.3,0.1525783817131178,0.4525783817131178,0.006596727897991844,0.10504180926522222,0.06730362299870629,-0.23876266441666447,0.15166885772398264
2023-05-31,0.22944826361767595,0.221951215701238,0.3,0.1513994793189139,0.4513994793189139,0.007497047916437953,0.0014977246468714442,0.06370655600072997,-0.23834479085302773,0.1521470911029839
2023-06-01,0.2190264150775008,0.1715984165322802,0.25,0.14062483160978095,0.39062483160978095,0.047427998545220604,0.12074805292049698,-0.027311949323189484,-0.17976729590931284,0.21479524959684054
2023-06-02,0.21974450173451546,0.17080079216052405,0.25,0.14054529389503945,0.39054529389503945,0.048943709573991384,0.003725794145341495,-0.03278133396908949,-0.17645217123445678,0.21240237648157212
2023-06-05,0.21645156745146338,0.16866631184177128,0.25,0.13511787929323466,0.38511787929323466,0.047785255609692115,0.005604623243471393,-0.022636718157433507,-0.1767179841969566,0.2059989355253138
2023-06-06,0.20414848019485843,0.16058088890596917,0.25,0.11472936910082755,0.36472936910082754,0.04356759128888924,0.020388510192407085,-0.0032379928172498133,-0.15920744776732537,0.18174266671790745
2023-06-07,0.2279836372921924,0.2242785616796475,0.3,0.15226219897183985,0.45226219897183983,0.003705075612544899,0.11867695410153208,0.08457121184956483,-0.23395091187657713,0.1382644731893776
2023-06-08,0.22124801198405908,0.2176570041294959,0.3,0.13890501611355494,0.4389050161135549,0.003591007854563198,0.030558116379063253,0.11037261213073235,-0.21374403595217722,0.09259840025775526
2023-06-09,0.22035821984570614,0.21644722462225366,0.3,0.13680544446795975,0.43680544446795977,0.003910995223452472,0.0031012120606180166,0.11187507275326661,-0.21107465953711835,0.08746660111349433
2023-06-12,0.2166684252898613,0.21389719523649134,0.3,0.13056562052635257,0.43056562052635255,0.0027712300533699746,0.016306636210882332,0.12697529115717932,-0.20000527586958383,0.06471629455229458
2023-06-13,0.08998888633225335,0.1339013664355142,0.15000000000000002,0.07389025276776753,0.22389025276776756,-0.04391248010326084,0.2127380560086612,0.10170409930654255,-0.11087262662164585,-0.009094032375114192
2023-06-14,0.0829436973462361,0.18913056494529196,0.15000000000000002,0.12207426229152804,0.2720742622915281,-0.10618686759905585,0.3186482821019706,0.005101722814341625,-0.24883109203870832,0.11228997202153418
2023-06-15,0.07218495684380198,0.13883209318716586,0.1,0.11101705003096785,0.21101705003096785,-0.06664713634336389,0.06796906950750314,0.015469508684756043,-0.21655487053140593,0.10102677087674156
2023-06-16,0.07490084665525241,0.14441208311480425,0.1,0.11931292977005664,0.21931292977005665,-0.06951123645955182,0.0082958797390888,0.02721082422916454,-0.22470253996575723,0.10602542511524815
2023-06-20,0.07380146410651373,0.1435806457813107,0.1,0.11738210988782441,0.21738210988782442,-0.06977918167479696,0.0028187022499602185,0.02854264778075651,-0.22140439231954118,0.10219928956317553
2023-06-21,0.07647639252060952,0.18682175075801064,0.15000000000000002,0.11329814327862012,0.2632981432786201,-0.11034535823740112,0.059520842446642165,0.008135434196986832,-0.22942917756182857,0.10232981807704497
2023-06-22,0.07630050568080024,0.18654333506962242,0.15000000000000002,0.11284384075042261,0.26284384075042266,-0.11024282938882218,0.002133710448547429,0.010654546077511736,-0.22890151704240072,0.09897545913135541
2023-06-23,0.12667902883733043,0.19544023757697493,0.2,0.12211926641430532,0.3221192664143053,-0.06876120873964447,0.12404743652581475,-0.08763903968497688,-0.14239804682701437,0.1363207127309247
2023-06-26,0.09947942120972375,0.13465059868423163,0.15000000000000002,0.08413001989395537,0.23413001989395538,-0.035171177474507875,0.08798924652034995,-0.05718417859025772,-0.09125408503891352,0.10395179605269486
2023-06-27,0.12641999360549686,0.1943388855254412,0.2,0.12075887913093804,0.32075887913093803,-0.06791889191994432,0.08662885923698267,-0.08829983757774545,-0.14096014323874512,0.1330166565763235
2023-06-28,0.12986193231683546,0.19411435254524306,0.2,0.12397628486207848,0.3239762848620785,-0.0642524202284076,0.17778366821599406,-0.20980144849844723,-0.02978434845205912,0.13234305763572912
2023-06-29,0.13035642691300767,0.1945429767076718,0.2,0.12489940362067942,0.32489940362067943,-0.0641865497946641,0.0009231187586009361,-0.21031883339739843,-0.030750447341624573,0.13362893012301527
2023-06-30,0.13267754964198772,0.19614677771713096,0.2,0.12882432735911867,0.3288243273591187,-0.06346922807514324,0.004317749053238196,-0.217871439556537,-0.030161209369426123,0.13844033315139284
2023-07-03,0.1313153265587998,0.19547059917117549,0.2,0.12678592572997527,0.3267859257299753,-0.0641552726123757,0.002038401629143401,-0.21476840880573894,-0.02917757087066039,0.13641179751352644
2023-07-05,0.13045281623506025,0.19462513566875014,0.2,0.12507795190381038,0.3250779519038104,-0.0641723194336899,0.0020272285012931882,-0.2117019958218279,-0.029656452883352856,0.1338754070062504
2023-07-06,0.07967825939780501,0.18447075439613428,0.15000000000000002,0.11414901379393927,0.2641490137939393,-0.10479249499832927,0.12078552345783677,-0.11959344728811369,-0.11944133090530132,0.10341226318840277
2023-07-07,0.07824987007604176,0.18248749968058026,0.15000000000000002,0.11073736975662199,0.260737369756622,-0.1042376296045385,0.0035458200876366808,-0.11979471136359282,-0.11495489886453245,0.09746249904174073
2023-07-10,0.07807098851938142,0.1824860579126402,0.15000000000000002,0.1105570464320216,0.2605570464320216,-0.10441506939325879,0.00018032332460039824,-0.11969266800915289,-0.11452029754899137,0.09745817373792054
2023-07-11,0.08526468478171567,0.18984168336081475,0.15000000000000002,0.1251063681425304,0.2751063681425304,-0.10457699857909909,0.014549321710508809,-0.1294429639906638,-0.1263510903544832,0.11952505008244423
2023-07-12,0.08504592670663545,0.18911984685409122,0.15000000000000002,0.12416577356072664,0.2741657735607267,-0.10407392014745577,0.001312253699816697,-0.1300004526676832,-0.12513732745222317,0.11735954056227356
2023-07-13,0.0689295041617361,0.13311293660978973,0.1,0.10204244077152583,0.20204244077152583,-0.0641834324480536,0.07212333278920083,-0.09933381226214727,-0.10745470022306104,0.09933880982936916
2023-07-14,0.0327511640045675,0.06494311686440364,0.05,0.04769428086897114,0.09769428086897114,-0.03219195285983614,0.1043481599025547,-0.054264577828435974,-0.043988914185266514,0.04482935059321091
2023-07-17,0.032976101723177775,0.06512838734815281,0.05,0.04810448907133058,0.09810448907133058,-0.03215228562497503,0.00041020820235945256,-0.05434227549935622,-0.04458602967017711,0.04538516204445843
2023-07-18,0.032788998332362894,0.06496916439987052,0.05,0.047758162732233406,0.09775816273223341,-0.03218016606750763,0.00034632633909717665,-0.05412256014162729,-0.044244434855461395,0.04490749319961154
2023-07-19,0.03162404407969461,0.06393166887523279,0.05,0.0455557129549274,0.0955557129549274,-0.032307624795538184,0.0022024497773060116,-0.05260651964049191,-0.04226561259859192,0.041795006625698364
2023-07-20,0.03206644849861473,0.06439162225578485,0.05,0.046458070754399575,0.09645807075439958,-0.032325173757170124,0.0009543742892112531,-0.052528494905883294,-0.0436708505899609,0.043174866767354526
2023-07-21,0.029743487520108827,0.06198205148100576,0.05,0.04172553900111459,0.09172553900111459,-0.03223856396089693,0.004732531753284986,-0.04837181341785446,-0.04085864914247202,0.03594615444301728
2023-07-24,0.030434164302205965,0.06341730335713053,0.05,0.043851467659336486,0.0938514676593365,-0.03298313905492456,0.0021940656741671165,-0.04826960789393664,-0.04303288501268125,0.04025191007139157
2023-07-25,0.030428344089163152,0.06576147774831599,0.05,0.046189821837479134,0.09618982183747914,-0.03533313365915283,0.013799403059628804,-0.031078034571707415,-0.06020699769578205,0.04728443324494795
2023-07-26,0.02984107318332374,0.06409819232948111,0.05,0.04393926551280485,0.09393926551280485,-0.03425711914615737,0.0042963275012942136,-0.03414669133663731,-0.05537652821333392,0.042294576988443335
2023-07-27,0.0,-0.0,0.0,0.0,0.0,0.0,0.09393926551280485,0.0,0.0,0.0
2023-07-28,0.0,-0.0,0.0,0.0,0.0,0.0,0.0,0.0,0.0,0.0
2023-07-31,0.011573056444943608,0.05,0.05,0.011573056444943608,0.06157305644494361,-0.038426943555056395,0.06157305644494361,-0.011116799149011916,-0.014539372262365971,-0.009062997923452939
2023-08-01,0.01308031487515406,0.05,0.05,0.01308031487515406,0.06308031487515406,-0.03691968512484595,0.0026134518709407576,-0.015162429542791693,-0.01288008210127051,-0.011198432981399975
2023-08-02,0.014448948765621762,0.05,0.05,0.014448948765621762,0.06444894876562177,-0.03555105123437824,0.0038142063031479457,-0.022335846874395496,-0.013480925060090177,-0.007530074362379608
2023-08-03,0.018581838120054154,0.05,0.05,0.018581838120054154,0.06858183812005415,-0.03141816187994585,0.007889364093648356,-0.03675011227974404,-0.01710003982686276,-0.001895362253555665
2023-08-04,0.018093989519488624,0.05,0.05,0.018093989519488624,0.06809398951948863,-0.03190601048051138,0.0028828510167044274,-0.034205942835432684,-0.01458815984526917,-0.005487865877764007
2023-08-07,0.05962670421114595,0.05227148008123089,0.1,0.01189818429237684,0.11189818429237684,0.007355224129915059,0.06225288262987226,-0.0211210708952258,0.006814440243692673,-0.007759041738212052
2023-08-08,0.05200720322337814,0.1620935073558935,0.15000000000000002,0.06410071057927161,0.21410071057927163,-0.11008630413251537,0.2208262003795071,0.03628052206768041,-0.13961590427407292,-0.016405705396061503
2023-08-09,0.09764767123340973,0.1675148478094336,0.2,0.0651625190428433,0.2651625190428433,-0.06986717657602387,0.07593718180805055,0.05254454342830074,-0.10230284425735464,-0.04064016944287453
2023-08-10,0.14371601082875762,0.17060391337963507,0.25,0.06431992420839266,0.31431992420839266,-0.026887902550877408,0.09009892561951077,0.03177243219023315,-0.13114803248627288,0.03003930794867195
2023-08-11,0.12972423031689564,0.12207818871828752,0.2,0.05180241903518316,0.2518024190351832,0.0076460415986081345,0.12627773741134388,-0.05944509015101099,-0.029727600799675943,0.06623456615486253
2023-08-14,0.12668396650850555,0.1206512850517536,0.2,0.04733525156025915,0.24733525156025915,0.006032681456751954,0.005044549850636045,-0.04945822516227265,-0.03059367436324401,0.0619538551552608
2023-08-15,0.13076156866031632,0.1221784011130964,0.2,0.05293996977341269,0.2529399697734127,0.008583167547219904,0.006101280903797994,-0.06243587565367157,-0.02984883032727733,0.06653520333928918
2023-08-16,0.17450369833693286,0.13068825105001441,0.25,0.05519194938694727,0.30519194938694727,0.04381544728691843,0.09921905093087796,-0.07351109501079853,0.06613132645949185,0.025933426690551434
2023-08-17,0.1311618761895594,0.16869702408582632,0.25,0.049858900275385705,0.2998589002753857,-0.03753514789626692,0.305050849662333,0.05609107225747893,-0.08989147692176422,-0.0035941516469139775
2023-08-18,0.13170811116265588,0.17126344798087265,0.25,0.052971559143528496,0.30297155914352847,-0.03955533681821674,0.005508759966085443,0.06152930439504112,-0.09512433348796764,0.0022610395475767438
2023-08-21,0.13140890136099997,0.17183180107158158,0.25,0.05324070243258154,0.30324070243258155,-0.04042289971058158,0.0027356511997282604,0.06549540321474467,-0.09368561116953154,-0.0005410929134683912
2023-08-22,0.09671403902766679,0.1806699074869298,0.2,0.07738394651459655,0.2773839465145966,-0.083955868459263,0.0928736437164272,0.09200972246078934,-0.06559001171791329,-0.07455210536508705
2023-08-23,0.08770516379347898,0.1688415916195534,0.2,0.05654675541303234,0.25654675541303235,-0.0811364278260744,0.05594186291016201,0.042431153161113275,0.01409362169754681,-0.11311549138043693
2023-08-24,0.10016954429955258,0.1350288932607837,0.15000000000000002,0.08519843756033627,0.2351984375603363,-0.034859348961231114,0.07865168214730392,0.08069649721165556,0.024390182570695515,-0.15050863289865773
2023-08-25,0.14491429868913946,0.1491910756642733,0.2,0.09410537435341276,0.2941053743534128,-0.004276776975133824,0.06941742801390272,0.08355761287675977,0.06401561411606012,-0.1347428960674184
2023-08-28,0.1506399014545263,0.1586666923931707,0.2,0.10930659384769698,0.309306593847697,-0.00802679093864439,0.01520121949428421,0.10055825097605381,0.07544182620345825,-0.15191970436357888
2023-08-29,0.1495847707007386,0.16057915867264816,0.2,0.11016392937338676,0.31016392937338677,-0.010994387971909526,0.006747528402504598,0.1119655468683454,0.06977192914959905,-0.14875431210221585
2023-08-30,0.14724643604586762,0.1546816080310629,0.2,0.10192804407693051,0.3019280440769305,-0.007435171985195277,0.011722669564084506,0.08904271854214725,0.07500210555104143,-0.14173930813760285
2023-08-31,0.1414192224501311,0.1115357199356804,0.15000000000000002,0.10295494238581152,0.2529549423858115,0.029883502514450728,0.0692128732714147,0.07924539688555621,0.10536176292148497,-0.12425766735039336
2023-09-01,0.11493267280207374,0.04324639517395186,0.1,0.058179067976025595,0.1581790679760256,0.07168627762812188,0.12625950170789152,-0.02284801834678776,0.1297391855218556,-0.021950000059433455
2023-09-05,0.11219438953562565,0.03914325717174856,0.1,0.0513376467073742,0.1513376467073742,0.07305113236387709,0.016885365506833658,-0.03658316860687692,0.11609900541806145,0.0013307660971842302
2023-09-06,0.11837874396530385,0.048774656995712186,0.1,0.06715340096101602,0.16715340096101602,0.06960408696959165,0.14109171072301593,0.021522257459911792,0.12480171352722477,-0.05513623189591152
2023-09-07,0.12770487573231293,0.1266256170131233,0.2,0.05433049274543622,0.25433049274543623,0.0010792587191896137,0.13970324012246102,0.033864360019206355,0.04601249102016357,-0.08311462719693875
2023-09-08,0.14030202597759667,0.13899135481996888,0.2,0.07929338079756551,0.2792933807975655,0.0013106711576277852,0.12496288805212928,0.034946594352375224,0.08202747010753136,-0.12090607793278994
2023-09-11,0.17449971319813123,0.17018294617416457,0.3,0.04468265937229576,0.34468265937229575,0.004316767023966637,0.18861690475273502,-0.07349913959439361,0.05303870312568934,0.007510135396804351
2023-09-12,0.18257523545264995,0.17638633998383957,0.3,0.05896157543648946,0.35896157543648943,0.006188895468810393,0.014278916064193691,-0.09772570635794978,0.06326774696763546,0.015891272983883143
2023-09-13,0.12748454638350626,0.12247127844843213,0.2,0.04995582483193837,0.24995582483193837,0.005013267935074117,0.22788253524307098,-0.08245363915051873,0.0232073854036334,0.04420644994166298
2023-09-14,0.1790260665711901,0.13660026603919015,0.25,0.06562633261038021,0.3156263326103802,0.04242580053199996,0.0912415546448181,-0.08707819971357025,0.10395091847547178,0.0058498796420986005
2023-09-15,0.1779320579710132,0.13815784142195464,0.25,0.06608989939296782,0.31608989939296783,0.03977421654905855,0.015362236367953568,-0.07058007497761991,0.11447352426586391,-0.013216098935419635
2023-09-18,0.17897678022736443,0.1394461325203919,0.25,0.0684229127477563,0.3184229127477563,0.03953064770697253,0.010787157447109678,-0.0863954578851554,0.11833839756117565,-0.0005348827969378408
2023-09-19,0.18371276803903658,0.143314441885077,0.25,0.07702720992411359,0.3270272099241136,0.040398326153959566,0.01459683886826747,-0.10113830411710971,0.10988446782024822,0.02005885783498282
2023-09-20,0.17616435750068157,0.10520157367011995,0.2,0.0813659311708015,0.2813659311708015,0.07096278383056161,0.07035485787802735,-0.07849307250204465,0.10850549448830413,0.05709922652205572
2023-09-21,0.17952441539395766,0.06911243735619023,0.15000000000000002,0.09863685275014787,0.2486368527501479,0.11041197803776744,0.06727092157934639,-0.08857324618187296,0.14416582193389232,0.06317149013467836
2023-09-22,0.17137270493916884,0.06671493185962497,0.15000000000000002,0.08808763679879379,0.2380876367987938,0.10465777307954388,0.01054921595135408,-0.06411811481750648,0.13729326703150757,0.06285152854736735
2023-09-25,0.1721417479792599,0.06744221606999519,0.15000000000000002,0.08958396404925509,0.2395839640492551,0.10469953190926473,0.0037065339275206173,-0.06642524393777968,0.13397795701591858,0.068348691194067
2023-09-26,0.1740072019851107,0.06856590389525417,0.15000000000000002,0.09257310588036484,0.24257310588036485,0.10544129808985651,0.003984678607193287,-0.07202160595533202,0.13248465185179328,0.07321305983396925
2023-09-27,0.17992479121633712,0.11122627580830721,0.2,0.09115106702464432,0.2911510670246443,0.06869851540802993,0.09731489900914683,-0.08977437364901131,0.05937924505449223,0.1242995823704294
2023-09-28,0.17989625230978526,0.11133215961894821,0.2,0.09122841192873343,0.29122841192873344,0.06856409269083705,0.0035679385490290233,-0.08968875692935571,0.05422897130673797,0.12976750755010663
2023-09-29,0.1638509999104853,0.1272877402507892,0.25,0.041138740161274466,0.29113874016127445,0.036563259659696104,0.10008967176745898,-0.04155299973145584,0.02221150834692756,0.05965171240544
2023-10-02,0.16499158881778833,0.12791293704536935,0.25,0.04290452586315764,0.2929045258631576,0.03707865177241895,0.002692140081660707,-0.044974766453364894,0.02547663030033434,0.05826218083577371
2023-10-03,0.16842629743843746,0.1305893097048659,0.25,0.049015607143303316,0.29901560714330333,0.037836987733571525,0.00611108128014567,-0.05527889231531226,0.028716947527658254,0.06305098158693943
2023-10-04,0.16572565235509923,0.1291907335828441,0.25,0.04491638593794331,0.29491638593794334,0.03653491877225511,0.006669382624323754,-0.04717695706529762,0.032572189656103874,0.055000011092428434
2023-10-05,0.16774659153548582,0.09039917189438262,0.2,0.0581457634298684,0.2581457634298684,0.07734741964110317,0.09059905179502656,-0.05323977460645736,0.1072520160453716,0.013945499637776252
2023-10-06,0.16582983333851242,0.08918343423224588,0.2,0.05501326757075826,0.25501326757075826,0.07664639910626651,0.007781341738102575,-0.04748950001553716,0.11422528486386024,0.003325017832877376
2023-10-09,0.17156941355357574,0.08678758020494215,0.2,0.05835699375851788,0.2583569937585179,0.0847818333486336,0.1437906785681597,0.0059933664731517886,0.10436937414167467,-0.0647082406607272
2023-10-10,0.17079648242270842,0.08577534403218494,0.2,0.05657182645489335,0.25657182645489335,0.08502113839052348,0.0017851673036245342,0.004174898280414707,0.1031511338161401,-0.06238944726812523
2023-10-11,0.1715386147846634,0.08610022929593705,0.2,0.057638844080600445,0.25763884408060045,0.08543838548872634,0.003850283145983564,-0.0002976274639074966,0.10830068788781115,-0.06431821689008269
2023-10-12,0.16329742240613668,0.04791170564508447,0.15000000000000002,0.061209128051221126,0.21120912805122116,0.1153857167610522,0.0964490952306758,-0.03989226721840996,0.12423042940565396,0.01950468752959946
2023-10-13,0.21358680617108627,0.05984334477913023,0.2,0.0734301509502165,0.2734301509502165,0.15374346139195605,0.08044900417959139,-0.03205498282711541,0.1795300343373907,-0.008705435686143403
2023-10-16,0.21296922862387796,0.05888758750286387,0.2,0.0718568161267418,0.27185681612674184,0.15408164112101408,0.004877308308836266,-0.03701094305515776,0.1766627625085916,-0.001896742816476055
2023-10-17,0.2143595937081136,0.05985778248596589,0.2,0.07421737619407949,0.2742173761940795,0.15450181122214773,0.006759789314294606,-0.043078781124340784,0.17196066145463226,0.007612686003265399
2023-10-18,0.21897474826000995,0.06310470531390017,0.2,0.08207945357391011,0.2820794535739101,0.15587004294610982,0.008911054313317804,-0.05692424478002983,0.1703871960544015,0.01892691988729899
2023-10-19,0.18193765869581316,0.06592651225428485,0.15000000000000002,0.09786417095009797,0.247864170950098,0.11601114644152832,0.12869617773147413,0.04590836657405362,0.15187117018880095,-0.09581297608743938
2023-10-20,0.16815983820286662,0.08855670782584874,0.2,0.05671654602871531,0.2567165460287153,0.07960313037701786,0.09114762492138268,0.01578521667808829,0.09988490679945788,-0.05447951460859975
2023-10-23,0.17450047779454594,0.09794574717292043,0.2,0.07244622496746633,0.27244622496746634,0.07655473062162552,0.015729678938751032,0.0356525627834718,0.10818467873528945,-0.07350143338363777
2023-10-24,0.1715881103038071,0.059775887027235707,0.15000000000000002,0.08136399733104277,0.2313639973310428,0.1118122232765714,0.06474250734505414,0.0584421819570579,0.12088547912464923,-0.06476433091142121
2023-10-25,0.15000000000000002,0.07558396442618617,0.2,0.02558396442618617,0.22558396442618617,0.07441603557381384,0.1201364029371166,0.03053617803281812,0.024681160197350428,0.021534555048389973
2023-10-26,0.15000000000000002,0.04019759969724365,0.15000000000000002,0.04019759969724365,0.19019759969724367,0.10980240030275636,0.1655590201575982,0.02911810070300705,0.05011338114064401,0.0413613172480799
2023-10-27,0.10379513592744202,0.07254738543346514,0.15000000000000002,0.026342521360907145,0.17634252136090717,0.031247750493976864,0.13896590955943086,-0.0026707210778375134,-0.008714686704488502,0.06764215630039543
2023-10-30,0.06754728612627599,0.11205591168521738,0.15000000000000002,0.02960319781149335,0.17960319781149336,-0.04450862555894139,0.15594571917240052,0.0065520965027527946,0.02961563855289931,-0.05264185837882794
2023-10-31,0.0721290758162233,0.07685572740119252,0.1,0.048984803217415815,0.1489848032174158,-0.004726651584969224,0.07266450067842573,0.0016277535939978973,0.07893942860957966,-0.06638722744866989
2023-11-01,0.10630636297987936,0.14773481530687488,0.15000000000000002,0.10404117828675424,0.25404117828675427,-0.04142845232699553,0.10505637506933843,0.028300558362337094,0.11490388755828757,-0.16891908893963808
2023-11-02,0.13046691302952848,0.19980472146745717,0.2,0.13027163449698564,0.33027163449698566,-0.06933780843792868,0.09231921299142226,0.058643412015870214,0.09077075238650126,-0.24140073908858545
2023-11-03,0.1299379858218278,0.19881650612683785,0.2,0.12875449194866562,0.32875449194866563,-0.06887852030501004,0.0026262956701718805,0.054015036311234436,0.09243448206927905,-0.23981395746548337
2023-11-06,0.12001795664853522,0.15328328694953408,0.15000000000000002,0.12330124359806927,0.2733012435980693,-0.03326533030099883,0.0671074295316799,0.07149630808285976,0.0883535527657424,-0.21005386994560565
2023-11-07,0.12068518742060488,0.15405804928846362,0.15000000000000002,0.1247432367090685,0.27474323670906853,-0.03337286186785875,0.0023881684967115603,0.07007704500429128,0.09209710286109961,-0.21205556226181466
2023-11-08,0.12265036039679199,0.15638693843227292,0.15000000000000002,0.1290372988290649,0.2790372988290649,-0.03373657803548091,0.004294062119996375,0.07088767940139952,0.09827313589541918,-0.21795108119037596
2023-11-09,0.09228329228877347,0.08734029924166076,0.1,0.07962359153043422,0.17962359153043422,0.004942993047112702,0.09941370729863065,0.03170654063622917,0.08031435708875312,-0.12684987686632038
2023-11-10,0.09153839680019216,0.08698699100606067,0.1,0.07852538780625282,0.17852538780625282,0.004551405794131484,0.00133303440165017,0.03205878665243233,0.0789021863657497,-0.12461519040057646
2023-11-13,0.1172923332630494,0.1499266545309823,0.15000000000000002,0.11721898779403168,0.2672189877940317,-0.03263432126793289,0.10232985938720776,0.0913321663263405,0.05844779726660636,-0.2018769997891482
2023-11-14,0.1165812283769965,0.1493603838533037,0.15000000000000002,0.11594161223030017,0.2659416122303002,-0.03277915547630718,0.00405171276566391,0.0954936721292391,0.05258747943067192,-0.1997436851309895
2023-11-15,0.11465847919202317,0.14732572268366073,0.15000000000000002,0.11198420187568389,0.26198420187568394,-0.032667243491637576,0.00641801960640196,0.08569877474263174,0.05627839330835046,-0.1939754375760695
2023-11-16,0.12971580731259497,0.09806874657141339,0.15000000000000002,0.07778455388400835,0.22778455388400837,0.03164706074118158,0.17239497597397707,0.030634854432437436,0.11357138528180272,-0.08914742193778488
2023-11-17,0.16131073729839224,0.17068021569002106,0.2,0.1319909529884133,0.3319909529884133,-0.00936947839162882,0.10420639910440493,0.07935975253364522,0.13268089453641793,-0.18393221189517672
2023-11-20,0.1616057499688759,0.1709371089536718,0.2,0.13254285892254772,0.33254285892254776,-0.00933135898479593,0.0013209995568845383,0.07820611209952004,0.1346052147614954,-0.18481724990662768
2023-11-21,0.15931732632312604,0.16770114826078913,0.2,0.12701847458391513,0.32701847458391514,-0.008383821937663086,0.005524384338632563,0.07439095624437546,0.1287124885379919,-0.1779519789693781
2023-11-22,0.159657855085784,0.16822828538317125,0.2,0.12788614046895522,0.32788614046895526,-0.008570430297387223,0.0047847518403724,0.08184799654452027,0.1228368596049934,-0.17897356525735197
2023-11-24,0.13254570578728686,0.10343907238729448,0.15000000000000002,0.08598477817458133,0.23598477817458136,0.02910663339999238,0.09784884464912103,0.028559134024769346,0.13175808313711407,-0.09763711736186056
2023-11-27,0.0739068130704183,0.08174382460246951,0.1,0.055650637672887804,0.1556506376728878,-0.007837011532051227,0.09030594322353513,0.04351683810753175,0.051714635699876804,-0.07172043921125487
2023-11-28,0.07448528299525745,0.08253427040343177,0.1,0.05701955339868921,0.15701955339868923,-0.008048987408174318,0.0018355595458776075,0.04658814124053279,0.05101466996976249,-0.07345584898577234
2023-11-29,0.08103783490700045,0.09014219561843645,0.1,0.07118003052543691,0.1711800305254369,-0.00910436071143601,0.0141604771267477,0.05843169204542442,0.06199489480988495,-0.09311350472100136
2023-11-30,0.08488938778166999,0.1305861834097304,0.15000000000000002,0.06547557119140039,0.21547557119140043,-0.04569679562806041,0.0634075650833756,0.034698184215590025,0.057060366013601184,-0.10466816334500996
2023-12-01,0.10496836194610736,0.0769498672954747,0.15000000000000002,0.03191822924158206,0.18191822924158207,0.028018494650632643,0.159353556423915,-0.014905085838322039,0.06668563569546279,0.014163966190961351
2023-12-04,0.10136867001999134,0.07386746265181662,0.15000000000000002,0.025236132671807954,0.175236132671808,0.027501207368174692,0.009144496561372163,-0.0041060100599739704,0.05374482177709146,0.017857566178358437
2023-12-05,0.10060503299321918,0.07297210490584077,0.15000000000000002,0.023577137899059956,0.17357713789905999,0.027632928087378408,0.002298569034444465,-0.0018150989796575472,0.050099387146619184,0.018816927570903138
2023-12-06,0.1893432437997985,0.08412850814554335,0.15000000000000002,0.12347175194534182,0.27347175194534185,0.10521473565425514,0.20283107001067802,-0.1180297313993954,0.04569470320002496,0.2066908212366051
2023-12-07,0.18949423657123637,0.08454792066838172,0.15000000000000002,0.12404215723961806,0.2740421572396181,0.10494631590285464,0.00354993180645842,-0.11848270971370903,0.05142223053681334,0.20222153146833183
2023-12-08,0.16071279747747194,0.088493967090079,0.2,0.04920676456755091,0.24920676456755092,0.07221883038739293,0.13506842973225336,-0.032138392432415744,0.06677178612709263,0.04871011514314436
2023-12-11,0.1610158293790804,0.08876986727337677,0.2,0.04978569665245715,0.24978569665245715,0.07224596210570364,0.0060185529681189825,-0.03304748813724118,0.07575891800180504,0.04055068381832526
2023-12-12,0.1784446570126101,0.1029461506414549,0.2,0.08139080765406498,0.281390807654065,0.0754985063711552,0.18067055897198542,0.00387313246209918,0.1549653194622655,-0.08533397103783023
2023-12-13,0.27569704492558894,0.20058616995271544,0.3,0.17628321487830437,0.4762832148783044,0.0751108749728735,0.1948924072242394,0.09155850863043088,0.21020000122771543,-0.2270911347767668
2023-12-14,0.2752842146851308,0.2002869413498992,0.3,0.17557115603502998,0.47557115603503,0.07499727333523165,0.0007731609396265937,0.0916501617749592,0.2092106622747383,-0.22585264405539246
2023-12-15,0.24978125988011182,0.24574019178089213,0.3,0.19552145166100388,0.49552145166100386,0.0040410680992197245,0.14683841641088394,0.05131798059759416,0.23590259474508207,-0.29934377964033543
2023-12-18,0.2217184738639911,0.17888178759537973,0.25,0.1506002614593708,0.4006002614593708,0.04283668626861135,0.11439627617969068,-0.02846986092602931,0.23664536278613918,-0.1866855606659439
2023-12-19,0.19294300861067473,0.11754808344681578,0.2,0.1104910920574905,0.3104910920574905,0.07539492516385897,0.13800611427714354,-0.10031527823892414,0.2026442503404473,-0.02851374759310002
2023-12-20,0.1932589817527398,0.11783681186836066,0.2,0.11109579362110043,0.31109579362110046,0.07542216988437915,0.0006047015636099478,-0.10043412948235703,0.20351043560508197,-0.029342815775862313
2023-12-21,0.19413201898088675,0.1197298091169102,0.2,0.11386182809779692,0.31386182809779695,0.07440220986397654,0.005652806299077162,-0.09610397174878602,0.2091894273507306,-0.03629208519387418
2023-12-22,0.1941553453351489,0.12014235362417573,0.2,0.1142976989593246,0.3142976989593246,0.07401299171097316,0.0016640149771000676,-0.09426175557542742,0.2104270608725272,-0.03820428043001918
2023-12-26,0.19481551366317837,0.12070759997899656,0.2,0.11552311364217491,0.3155231136421749,0.0741079136841818,0.0015037894648030608,-0.09384419340249829,0.21212279993698968,-0.04060234758703674
2023-12-27,0.19563954472420086,0.12143484033731226,0.2,0.11707438506151309,0.3170743850615131,0.07420470438688859,0.0015512714193381821,-0.09455353440022386,0.21430452101193678,-0.042365099772378616
2023-12-28,0.19515260821250574,0.12096338555646338,0.2,0.11611599376896908,0.3161159937689691,0.07418922265604236,0.0009583912925440023,-0.09367340423655746,0.21289015666939015,-0.041784420400959664
2023-12-29,0.21269811837964356,0.17087714334555248,0.25,0.13357526172519604,0.38357526172519607,0.04182097503409105,0.126269015858495,-0.005717509015888033,0.21263143003665746,-0.1823768461230426
2024-01-02,0.18773034541717243,0.17911515009162693,0.2,0.16684549550879935,0.36684549550879936,0.008615195325545513,0.10005767630634421,0.044177675006446614,0.19316777526843412,-0.2631910362515173
2024-01-03,0.11080313779763734,0.14034165354675698,0.15000000000000002,0.1011447913443943,0.2511447913443943,-0.029538515749119622,0.21768353271106664,0.047151917826438974,0.07387304281383193,-0.18240941339291203
2024-01-04,0.10084428300415736,0.09457784913401969,0.1,0.09542213213817705,0.19542213213817705,0.006266433870137672,0.08513893084063798,0.09127632527807,0.04245722212398905,-0.15253284901247208
2024-01-05,0.1313284844236501,0.1592358781979134,0.15000000000000002,0.14056436262156352,0.29056436262156354,-0.02790739377426331,0.09514223048338648,0.13440302501514756,0.04330460957859267,-0.24398545327095034
2024-01-08,0.13140752882971768,0.15952939276857075,0.15000000000000002,0.14093692159828844,0.29093692159828843,-0.028121863938853048,0.0003725589767249234,0.13501909572730983,0.04356908257840241,-0.24422258648915307
2024-01-09,0.16622515439343089,0.15919176887063344,0.2,0.1254169232640643,0.32541692326406435,0.007033385522797447,0.0732902143420467,0.1466744197390437,0.03090088687285661,-0.19867546318029264
2024-01-10,0.1675471228533824,0.16117160615104106,0.2,0.12871872900442344,0.32871872900442345,0.0063755167023413495,0.003418973258869409,0.15278968285803196,0.030725135595091175,-0.2026413685601472
2024-01-11,0.1673864397100137,0.16085916342227097,0.2,0.12824560313228467,0.3282456031322847,0.006527276287742752,0.0006752966341004758,0.1530929390009745,0.029484551265838363,-0.20215931913004112
2024-01-12,0.1,0.028025077979995226,0.1,0.028025077979995226,0.12802507797999524,0.07197492202000479,0.22489574527054657,0.01757785249676166,0.04400183060086264,0.022495550842361375
2024-01-16,0.1,0.028022490457750585,0.1,0.028022490457750585,0.1280224904577506,0.07197750954224942,0.0014527867098418036,0.015997633056334715,0.04617712938225838,0.02189270893465865
2024-01-17,0.09071980970863655,0.0926956997537092,0.1,0.08341550946234574,0.18341550946234575,-0.001975890045072641,0.20077291121587318,0.1280870992611276,-0.014946503545047698,-0.10721292558086196
2024-01-18,0.09104010229588004,0.09376693842797201,0.1,0.08480704072385205,0.18480704072385207,-0.0027268361320919726,0.0013915312615062972,0.13130081528391602,-0.01571486659840674,-0.10740544028923338
2024-01-19,0.162084606579873,0.08979845584230486,0.2,0.05188306242217784,0.25188306242217784,0.07228615073756813,0.1722525830164175,0.060402460454799675,0.05899290707211491,-0.03625381973961894
2024-01-22,0.14052551925703788,0.1418564359227509,0.2,0.08238195517978877,0.2823819551797888,-0.0013309166657130417,0.13941396676269477,0.04702984944717392,0.0785394583210788,-0.12157655777111359
2024-01-23,0.14420248515420153,0.1458166383020329,0.2,0.09001912345623442,0.29001912345623443,-0.0016141531478313723,0.00763716827644564,0.051354783379900376,0.0860951315261983,-0.13260745546260455
2024-01-24,0.1758967801372718,0.17585355666585903,0.2,0.1517503368031308,0.35175033680313084,4.322347141280658e-05,0.061731213346896394,0.07855490889886178,0.14900576109871522,-0.2276903404118154
2024-01-25,0.17977562714675338,0.18025678105349846,0.2,0.1600324082002518,0.36003240820025184,-0.0004811539067450521,0.008282071397121001,0.08976148649167157,0.15100885666882374,-0.23932688144026013
2024-01-26,0.12413161560595896,0.1663376146038949,0.15000000000000002,0.14046923020985386,0.2904692302098539,-0.04220599899793592,0.08527593406930906,0.11333062061003821,0.08568222320164648,-0.22239484681787688
2024-01-29,0.11484008367057404,0.19973425459343647,0.2,0.11457433826401049,0.3145743382640105,-0.08489417092286244,0.18535448963720155,0.12752001714707545,0.021682746633233926,-0.1945202510117221
2024-01-30,0.12066446163147347,0.20714084428747656,0.2,0.12780530591895,0.32780530591895,-0.08647638265600308,0.013230967654939507,0.1408588856964922,0.030563647165937385,-0.2119933848944204
2024-01-31,0.0686388589217902,0.187319605331746,0.15000000000000002,0.10595846425353618,0.2559584642535362,-0.1186807464099558,0.0720817037530494,0.11195881599523794,-0.00035229313145336213,-0.20556428363391724
2024-02-01,0.06657268980383639,0.1800124732512305,0.15000000000000002,0.09658516305506687,0.2465851630550669,-0.1134397834473941,0.009830258551444437,0.08935198372422874,0.0006854360294626938,-0.19971806941150916
2024-02-02,0.09724220528932973,0.16695285020691242,0.2,0.0641950554962421,0.2641950554962421,-0.06971064491758266,0.09393528347041596,0.03285535072388765,0.018003199896849474,-0.14172661586798918
2024-02-05,0.14459889177746413,0.18329786691500366,0.25,0.07789675869246776,0.32789675869246776,-0.038698975137539525,0.21312160951293094,0.09989360074501089,-0.04819671904261166,-0.08559995628978073
2024-02-06,0.12594407058444929,0.08690768467555016,0.15000000000000002,0.06285175525999945,0.21285175525999947,0.03903638590889915,0.22405039200321447,-0.05278502882946875,-0.02504718292387914,0.11072305402665047
2024-02-07,0.11626289687049174,0.07736010201297185,0.15000000000000002,0.04362299888346359,0.19362299888346363,0.03890279485751989,0.01922875637653587,-0.04283483809354744,-0.005953852517927776,0.08208030603891554
2024-02-08,0.11777162923046477,0.07809939150355769,0.15000000000000002,0.04587102073402245,0.19587102073402246,0.03967223772690709,0.0022480218505588683,-0.04598499115185028,-0.00732989653954402,0.08429817451067306
2024-02-09,0.1192757256940162,0.07784308038225662,0.15000000000000002,0.047118806076272814,0.19711880607627283,0.04143264531175958,0.0017604075848524966,-0.048769479862824844,-0.00905769721922374,0.08352924114676985
2024-02-12,0.11945351827465896,0.07799597543112499,0.15000000000000002,0.04744949370578395,0.19744949370578396,0.041457542843533965,0.0007220267849488773,-0.04988986633790975,-0.008470688486067125,0.08398792629337497
2024-02-13,0.11357136395302814,0.08275463146671933,0.15000000000000002,0.046325995419747454,0.1963259954197475,0.030816732486308816,0.19377548912553139,0.05741833140665958,0.04084556299349838,-0.040714091859084395
2024-02-14,0.11286305692427086,0.082721223842441,0.15000000000000002,0.04558428076671185,0.19558428076671186,0.03014183308182985,0.0013566241046108572,0.05834069558402247,0.039822975943300545,-0.03858917077281255
2024-02-15,0.11318495869688924,0.08354082679301737,0.15000000000000002,0.0467257854899066,0.19672578548990663,0.029644131903871877,0.0011415047231947504,0.06014022450408365,0.04048225587496845,-0.03955487609066772
2024-02-16,0.12890196168494988,0.06209115160359051,0.1,0.09099311328854039,0.1909931132885404,0.06681081008135936,0.0942673277986338,0.09905016897777374,0.08722328583299778,-0.08670588505484965
2024-02-20,0.12920257898809923,0.062378220327881206,0.1,0.09158079931598044,0.19158079931598043,0.06682435866021803,0.0005876860274400403,0.0992083719200477,0.08792628906359591,-0.08760773696429769
2024-02-21,0.1278314945605706,0.060183937542982395,0.1,0.08801543210355299,0.18801543210355298,0.06764755701758819,0.003565367212427447,0.0971160690820739,0.08343574354687328,-0.08349448368171178
2024-02-22,0.08293430850277625,0.051069381960228435,0.05,0.08400369046300468,0.1340036904630047,0.031864926542547814,0.06613481066606125,0.06689624062215958,0.08631190525852572,-0.09880292550832874
2024-02-23,0.08300821858392184,0.051016382145358016,0.05,0.08402460072927985,0.13402460072927985,0.03199183643856382,0.00012690989601600242,0.06684261333031152,0.08620653310576253,-0.0990246557517655
2024-02-26,0.08182480198731093,0.04978748226580316,0.05,0.08161228425311409,0.1316122842531141,0.03203731972150778,0.0024123164761657608,0.06481043500296371,0.08455201179444577,-0.0954744059619328
2024-02-27,0.08072789537341377,0.04767099243706959,0.05,0.07839888781048335,0.12839888781048336,0.03305690293634417,0.004161638172466446,0.057038602922009456,0.08597437438919932,-0.09218368612024128
2024-02-28,0.07956333723949127,0.046729960355942624,0.05,0.07629329759543389,0.1262932975954339,0.03283337688354865,0.0021055902150494583,0.05702084957535794,0.08316903149246992,-0.08869001171847381
2024-02-29,0.05,0.01436487549662667,0.05,0.01436487549662667,0.06436487549662667,0.03563512450337334,0.0656463191929149,0.004789038777772966,0.03272874207094552,0.005576845641161525
2024-03-01,0.07648226931217873,0.10786453428216637,0.05,0.13434680359434512,0.18434680359434513,-0.03138226496998764,0.22809578058789315,0.14745879386965413,0.02613480897684499,-0.2294468079365362
2024-03-04,0.16231683185184048,0.1847418644792635,0.15000000000000002,0.19705869633110396,0.347058696331104,-0.02242503262742304,0.16364218404784125,0.2294862214275691,0.02473937201022136,-0.33695049555552137
2024-03-05,0.15498290048983498,0.17821197603360348,0.15000000000000002,0.18319487652343844,0.3331948765234385,-0.02322907554376849,0.013863819807665517,0.2284814317763194,0.00615449632449101,-0.31494870146950493
2024-03-06,0.15825863694991,0.18271229136689196,0.15000000000000002,0.19097092831680196,0.340970928316802,-0.024453654416981954,0.007776051793363503,0.22850517815924004,0.019631695941435812,-0.32477591084972995
2024-03-07,0.1706599197071892,0.23888518755801347,0.2,0.20954510726520262,0.40954510726520266,-0.06822526785082422,0.08166197624269123,0.2666555626740403,-0.03068688069880785,-0.33129287842275973
2024-03-08,0.20460750613902284,0.2358452809473032,0.25,0.19045278708632604,0.44045278708632607,-0.03123777480828034,0.07164907366175552,0.2537007126175912,0.0038351302243183946,-0.31382251841706854
2024-03-11,0.11121670386876117,0.1510996039720371,0.15000000000000002,0.11231630784079824,0.2623163078407983,-0.039882900103275894,0.18264153091457588,0.15329881191611122,-0.006757577503572126,-0.1768925341027114
2024-03-12,0.11625924604113062,0.1561367441588976,0.15000000000000002,0.12239599020002823,0.27239599020002825,-0.03987749811776699,0.014584734028278055,0.16323019019961016,0.005180042277082662,-0.19877773812339186
2024-03-13,0.12918648538917707,0.1702400007133155,0.25,0.049426486102492534,0.29942648610249256,-0.04105351532413841,0.2237583212509113,0.06072000213994641,-0.07618322573006345,-0.011376230437467744
2024-03-14,0.10675068901812493,0.07941143004768493,0.15000000000000002,0.03616211906580985,0.18616211906580987,0.027339258970439997,0.18443295131298895,-0.0185185862714046,-0.0017334807829701565,0.08823429014305478
2024-03-15,0.11555376035150484,0.12702643755927356,0.2,0.04258019791077839,0.2425801979107784,-0.011472677207768714,0.061188063821791296,-0.022148824475348897,-0.024512456579165613,0.08107931267782065
2024-03-18,0.15521406493950013,0.13443948276347228,0.25,0.03965354770297238,0.28965354770297236,0.020774582176027824,0.13223374561375079,0.022029784690946956,0.08128866359946987,-0.0156421948185003
2024-03-19,0.15000000000000002,0.13037867453122928,0.25,0.030378674531229295,0.2803786745312293,0.019621325468770715,0.036188129918791,0.0072178634926434,0.04354827498047262,0.040369885120571866
2024-03-20,0.17443706140177526,0.1087282477740192,0.2,0.08316530917579443,0.2831653091757944,0.06570881362775605,0.10759854363966075,-0.07331118420532573,0.07693486521380197,0.09924987810825561
2024-03-21,0.2944838115525037,0.18305928969306628,0.25,0.22754310124556995,0.47754310124557,0.11142452185943741,0.21676514650772674,-0.283451434657511,0.04335383355687514,0.3558240355223237
2024-03-22,0.21201062951030603,0.13679849960605672,0.2,0.1488091291163627,0.34880912911636275,0.07521212990424929,0.1311926391518583,-0.18603188853091798,0.047041834090851754,0.21335366472731837
2024-03-25,0.20650394097642635,0.132755988338411,0.2,0.13925992931483738,0.3392599293148374,0.0737479526380153,0.014718024689874869,-0.169511822929279,0.054795071423376036,0.19347289359185704
2024-03-26,0.20869144194986355,0.13408377140300792,0.2,0.14277521335287147,0.3427752133528715,0.07460767054685562,0.00711142979355903,-0.17607432584959057,0.04940085279008863,0.20285046141893515
2024-03-27,0.20925227298703702,0.13450791986808353,0.2,0.14376019285512054,0.34376019285512055,0.07474435311895349,0.00282059048673536,-0.17775681896111103,0.0466474363133592,0.20687632329089134
2024-03-28,0.20026072289536886,0.08945831706793261,0.15000000000000002,0.13971903996330146,0.2897190399633015,0.11080240582743625,0.0745669615901858,-0.15078216868610653,0.07743614936090928,0.19093880184288853
2024-04-01,0.20039195003400123,0.08944582278649209,0.15000000000000002,0.13983777282049328,0.2898377728204933,0.11094612724750916,0.0013405422995070929,-0.15117585010200357,0.07923138068006062,0.18910608767941564
2024-04-02,0.19544358721456134,0.12926775395932466,0.2,0.12471134117388596,0.324711341173886,0.06617583325523671,0.11676652236979332,-0.10756779975746328,-0.028762961886220705,0.23780326187797393
2024-04-03,0.19509723822048125,0.1286007945236481,0.2,0.12369803274412931,0.32369803274412934,0.06649644369683319,0.0016416210392960137,-0.10851026867177231,-0.026781445989671415,0.2358023835709442
2024-04-04,0.1995858767622449,0.08828791098978789,0.15000000000000002,0.1378737877520328,0.2878737877520328,0.11129796577245701,0.12045062064449297,-0.14875763028673467,0.08669220186363231,0.17817153110573136
2024-04-05,0.19345547636731603,0.08664054213480504,0.15000000000000002,0.13009601850212105,0.28009601850212107,0.106814934232511,0.011495613023580268,-0.13036642910194807,0.07617332963818094,0.18374829676623416
2024-04-08,0.1971511354905089,0.12781252506257637,0.2,0.12496366055308522,0.32496366055308523,0.06933861042793252,0.06447341429593431,-0.14145340647152663,0.04676467127072573,0.18667290391700336
2024-04-09,0.1965706991905351,0.1276207682234221,0.2,0.12419146741395719,0.3241914674139572,0.06894993096711292,0.0022584571473493464,-0.1397120975716052,0.04899406728305768,0.1838682373872087
2024-04-10,0.23599160036267142,0.16887618352567224,0.2,0.20486778388834367,0.40486778388834366,0.06711541683699918,0.21333902799642496,-0.2501225061854293,-0.00785229490258497,0.35662855057701676
2024-04-11,0.19838756247753683,0.12195133315817128,0.2,0.1203388956357081,0.3203388956357081,0.07643622931936553,0.26923787992189285,-0.14516268743261043,0.12706348750388588,0.08879051197062798
2024-04-12,0.20184644288845155,0.16794980723944136,0.25,0.11979625012789291,0.3697962501278929,0.03389663564901017,0.0941738651206119,-0.15553932866535464,0.05998872156124527,0.14386070015707886
2024-04-15,0.19543705484848092,0.1660272166391105,0.25,0.11146427148759137,0.36146427148759136,0.029409838209370404,0.00948494695132197,-0.13631116454544268,0.05249149729372195,0.14559015262360953
2024-04-16,0.1968853608019901,0.16749833738528525,0.25,0.11438369818727534,0.36438369818727534,0.02938702341670482,0.015305456680875778,-0.14065608240597025,0.075483904504034,0.12701110765182178
2024-04-17,0.1997733567752438,0.169480872439228,0.25,0.11925422921447176,0.36925422921447176,0.0302924843360158,0.0048705310271964265,-0.14932007032573136,0.07939472941375819,0.12904788790392577
2024-04-18,0.19909855738121238,0.16884488224130684,0.25,0.11794343962251919,0.3679434396225192,0.030253675139905498,0.004603809098329036,-0.14729567214363704,0.08433425867332288,0.12220038805059764
2024-04-19,0.21769176196276846,0.22738280835008481,0.3,0.14507457031285323,0.44507457031285325,-0.009691046387316354,0.09648096239698571,-0.2030752858883053,0.05530951111334538,0.17683891393690898
2024-04-22,0.2251396512176355,0.23454145414078426,0.3,0.15968110535841967,0.45968110535841966,-0.009401802923148746,0.022773931666682724,-0.2254189536529064,0.04305841618167098,0.21056594624068165
2024-04-23,0.21764960174338696,0.19157643944938718,0.25,0.15922604119277411,0.4092260411927741,0.02607316229399978,0.06895980658273788,-0.20294880523016082,0.07081552980730944,0.20391378854085204
2024-04-24,0.2137751480972846,0.1885328984710647,0.25,0.15230804656834923,0.40230804656834923,0.02524224962621989,0.022816966759913643,-0.19132544429185366,0.037836448669108805,0.22776224674408518
2024-04-25,0.22678229319026416,0.2809730213999153,0.35,0.15775531459017944,0.5077553145901794,-0.05419072820965112,0.1430667544029347,-0.1727326633893057,-0.057614216181486766,0.24291906419974582
2024-04-26,0.2276409886246484,0.27944733620804363,0.35,0.15708832483269197,0.507088324832692,-0.05180634758339521,0.013660115349948022,-0.19222235177799654,-0.04070061409594859,0.23834200862413077
2024-04-29,0.2666474499872764,0.2800630570874554,0.39999999999999997,0.14671050707473174,0.5467105070747317,-0.013415607100178945,0.08862077970691178,-0.1999423499618292,0.03464444473959466,0.20554472652277136
2024-04-30,0.2515949869958773,0.22525493798807336,0.35,0.12684992498395065,0.4768499249839506,0.026340049007803942,0.109080378496433,-0.15478496098763186,0.09347413934807251,0.13229067461614755
2024-05-01,0.2820062316972249,0.17682456481924907,0.35,0.10883079651647393,0.4588307965164739,0.10518166687797581,0.14528528465474252,-0.0960186950916746,0.13437337362897123,0.09610032082877595
2024-05-02,0.23405819134921274,0.16828297371084358,0.3,0.10234116506005633,0.40234116506005635,0.06577521763836916,0.08300853272236319,-0.10217457404763822,0.07512612736080006,0.12972279377173074
2024-05-03,0.2680911084308926,0.20009820257071564,0.3,0.16818931100160825,0.4681893110016082,0.06799290586017696,0.17548875328735541,-0.20427332529267778,0.060665216342094805,0.23962939137005212
2024-05-06,0.26663065135048303,0.19826818655250072,0.3,0.16489883790298376,0.46489883790298375,0.06836246479798233,0.022545718510490684,-0.19989195405144913,0.026292300169650736,0.26851225948785146
2024-05-07,0.2663292657020062,0.19818488956775832,0.3,0.16451415526976448,0.4645141552697645,0.06814437613424787,0.0014596923686007093,-0.19898779710601852,0.02790481477272287,0.26664985393055207
2024-05-08,0.1797870064144048,0.14083869208313995,0.25,0.07062569849754471,0.32062569849754474,0.03894831433126481,0.1709179143208532,-0.0893610192432143,0.06844900109567302,0.054067075153746834
2024-05-09,0.18228327864768384,0.1423702580784906,0.25,0.07465353672617443,0.3246535367261744,0.03991302056919324,0.009079268846239741,-0.09684983594305151,0.08062084500814,0.0464899292273318
2024-05-10,0.1809907115004992,0.14189329079367918,0.25,0.07288400229417837,0.32288400229417835,0.03909742070681998,0.0021967055617104735,-0.09297213450149751,0.0812616017027116,0.044418270678325975
2024-05-13,0.18282534599191969,0.14210840131657732,0.25,0.074933747308497,0.324933747308497,0.040716944675342356,0.005502972884632465,-0.09847603797575902,0.08708677507687675,0.039238428872855224
2024-05-14,0.19022762226368778,0.14594935370127302,0.25,0.08617697596496075,0.33617697596496077,0.04427826856241479,0.018923943271375653,-0.1206828667910633,0.11013070415333158,0.02771735695048738
2024-05-15,0.17909911684679256,0.06106781842833817,0.15000000000000002,0.0901669352751307,0.24016693527513072,0.11803129841845439,0.1365117416542912,-0.08729735054037763,0.17088325560002335,0.012320199684991172
2024-05-16,0.14416908489805041,0.0628454080683244,0.1,0.1070144929663748,0.2070144929663748,0.08132367682972602,0.13569903049631077,0.02131262758718106,0.16722359661779213,-0.13250725469415126
2024-05-17,0.14261626083763299,0.06134798434005689,0.1,0.10396424517768987,0.20396424517768988,0.0812682764975761,0.0036992678484441786,0.022286157676819907,0.16175779534335075,-0.12784878251289894
2024-05-20,0.05365828517671335,0.019433086756134907,0.05,0.023091371932848253,0.07309137193284826,0.034225198420578445,0.1325708209711628,0.024833079266301697,0.03346618100210302,-0.010974855530140042
2024-05-21,0.0,-0.0,0.0,0.0,0.0,0.0,0.07309137193284826,0.0,0.0,0.0
2024-05-22,0.08483864743597727,0.04893781182146632,0.05,0.08377645925744359,0.13377645925744358,0.03590083561451094,0.1337764592574436,-0.10451594230793182,0.01588045827479355,0.13093297718960542
2024-05-23,0.08335397172077942,0.04828418546176364,0.05,0.08163815718254305,0.13163815718254307,0.03506978625901578,0.004415124718686302,-0.10006191516233826,0.010504345230006852,0.13434821115528406
2024-05-24,0.08416491316244049,0.04906315777963683,0.05,0.0832280709420773,0.1332280709420773,0.03510175538280365,0.002607970811365673,-0.10249473948732143,0.008977259652259718,0.13821221368665076
2024-05-28,0.12669282657017597,0.08590554271075737,0.15000000000000002,0.06259836928093333,0.21259836928093334,0.04078728385941861,0.1462918751357832,-0.08007847971052792,0.04747051986421856,0.060246108268053544
2024-05-29,0.1250653631988029,0.08384459061215022,0.15000000000000002,0.058909953810953104,0.20890995381095312,0.041220772586652715,0.0036884154699802357,-0.07519608959640872,0.04386935485401743,0.057664416982433166
2024-05-30,0.13082732234433658,0.05682322832385368,0.1,0.08765055066819027,0.18765055066819028,0.07400409402048289,0.07874059685723717,-0.09248196703300975,0.06228948498284109,0.10818019998871997
2024-05-31,0.17337782637373703,0.06200668754714139,0.15000000000000002,0.0853845139208784,0.23538451392087842,0.11137113882659563,0.09196957008339587,-0.070133479121211,0.12184478498696708,0.06417527765445709
2024-06-03,0.1761615833386689,0.06422081530051021,0.15000000000000002,0.0903823986391791,0.24038239863917912,0.1119407680381587,0.006321853304269258,-0.07848475001600663,0.11985883210801423,0.07280361379351638
2024-06-04,0.12108601825849051,0.043727831955066125,0.1,0.06481385021355662,0.16481385021355663,0.07735818630342439,0.12668186602170786,0.013411921618656574,0.1177715742465418,-0.06325805477547151
2024-06-05,0.12108881499586528,0.04370575249807352,0.1,0.0647945674939388,0.1647945674939388,0.07738306249779175,6.131480495061986e-05,0.01346657953453144,0.11765067795968913,-0.06326644498759584
2024-06-06,0.1796527561945046,0.06066619955742596,0.15000000000000002,0.09031895575193052,0.24031895575193055,0.11898655663707863,0.07552438825799172,0.05854869694525902,0.12344990172701885,-0.0889582685835137
2024-06-07,0.11576636632483833,0.03673309371550575,0.1,0.05249946004034409,0.1524994600403441,0.07903327260933257,0.0904214061311021,0.06245156257453251,0.04774771857198475,-0.047299098974514994
2024-06-10,0.11426306419153344,0.03530092310901709,0.1,0.04956398730055053,0.14956398730055054,0.07896214108251635,0.0029354727397935525,0.060091289064425284,0.045811480262626,-0.042789192574600315
2024-06-11,0.11179487045247499,0.033436427710818346,0.1,0.045231298163293326,0.14523129816329333,0.07835844274165665,0.004848680669636349,0.060865276362994006,0.03944400676946103,-0.03538461135742495
2024-06-12,0.11019157065957315,0.031316480770206434,0.1,0.04150805142977958,0.14150805142977957,0.0788750898893667,0.0037232467335137492,0.05924504316005195,0.03470439915056736,-0.03057471197871943
2024-06-13,0.11585164826970816,0.07813630524074201,0.15000000000000002,0.04398795351045017,0.1939879535104502,0.037715343028966154,0.09599930950019511,0.06711830572156413,-0.04755494480912448,0.0172906100006619
2024-06-14,0.11524152444153477,0.07763298753390353,0.15000000000000002,0.04287451197543829,0.1928745119754383,0.037608536907631246,0.0018015245538667013,0.06815043024984636,-0.04572457332460429,0.014748532351864217
2024-06-17,0.221330593769563,0.16317653517211428,0.3,0.08450712894167726,0.38450712894167727,0.05815405859744871,0.19163261696623898,0.1339167873624227,-0.06399178130868896,0.05561281815392011
2024-06-18,0.24974228109439464,0.22618241377345,0.35,0.1259246948678446,0.4759246948678446,0.02355986732094462,0.12849277802878073,0.22854724132034998,-0.07556841194906884,-0.07365843133411498
2024-06-20,0.21787180480023383,0.2246184226307016,0.3,0.14249022743093534,0.44249022743093536,-0.00674661783046776,0.06969351484858763,0.22385526789210464,-0.08257251967529311,-0.12104289472540826
2024-06-21,0.19057835535989115,0.20925299128671332,0.3,0.09983134664660441,0.3998313466466044,-0.018674635926822183,0.14364765771184018,0.1777589738601399,-0.08405568506655697,-0.03767938101311637
2024-06-24,0.15182604376529513,0.21134417070217384,0.25,0.11317021446746892,0.3631702144674689,-0.059518126936878725,0.3069644377363687,-0.006449763383226078,-0.14902836791265925,0.18403251210652144
2024-06-25,0.1518086337211592,0.20731640278552813,0.25,0.10912503650668728,0.35912503650668726,-0.055507769064368946,0.026479689334085104,-0.04010153044318126,-0.11532437072029625,0.1719492083565843
2024-06-26,0.1514620301320117,0.206912551829513,0.25,0.10837458196152465,0.35837458196152466,-0.05545052169750131,0.0008132234741544345,-0.04019568383666897,-0.11419040655936606,0.17073765548853892
2024-06-27,0.10884843750265549,0.19472551386248632,0.2,0.1035739513651418,0.3035739513651418,-0.08587707635983084,0.07034244940222664,-0.03904217773983472,-0.13750313476813175,0.13417654158745895
2024-06-28,0.1055930537964376,0.19080079189097177,0.2,0.09639384568740933,0.29639384568740934,-0.08520773809453415,0.007180105677732465,-0.037160832025122756,-0.12961832936419004,0.1224023756729152
2024-07-01,0.13388317527951515,0.21739759331214212,0.2,0.15128076859165723,0.35128076859165724,-0.08351441803262698,0.15488692290424788,-0.12119437150628978,-0.13045515433225563,0.2021927799364263
2024-07-02,0.2537658701425982,0.33739281525262144,0.3,0.29115868539521966,0.5911586853952197,-0.0836269451100232,0.23987791680356246,-0.29330103514843975,-0.167996575279355,0.4121784457578643
2024-07-03,0.24722910441449053,0.3284627177156008,0.3,0.2756918221300913,0.5756918221300913,-0.08123361330111033,0.015466863265128375,-0.29174163896835786,-0.14994567427511363,0.3853881531468024
2024-07-05,0.2456746062214022,0.326846306619623,0.3,0.27252091284102514,0.5725209128410251,-0.08117170039822078,0.004240825246243106,-0.2933465129041233,-0.1436773057600833,0.3805389198588689
2024-07-08,0.1743949668801752,0.17055078730775486,0.2,0.14494575418793004,0.34494575418793005,0.0038441795724203365,0.2275751586530951,-0.17505140604526867,-0.04813349459525692,0.21165236192326456
2024-07-09,0.1727971751854891,0.16847211676128715,0.2,0.14126929194677623,0.34126929194677624,0.004325058424201958,0.004064055706115465,-0.17563279624271116,-0.04275872931375614,0.20541635028386143
2024-07-10,0.1432413320350598,0.06688654201804217,0.1,0.11012787405310195,0.21012787405310196,0.07635479001701762,0.14938353502931634,-0.12972399610517937,0.02736317570346304,0.17329645035066346
2024-07-11,0.15098322245465734,0.09846409813102872,0.15000000000000002,0.09944732058568605,0.24944732058568608,0.05251912432362861,0.09900538596400454,-0.15294966736397198,0.06162475318955338,0.08376754120353276
2024-07-12,0.15248121467765638,0.10057285999407985,0.15000000000000002,0.10305407467173622,0.25305407467173624,0.051908354683576546,0.004726235560966543,-0.15744364403296915,0.059945530977178835,0.09177304900506068
2024-07-15,0.15172099088361277,0.10006384948414691,0.15000000000000002,0.10178484036775969,0.2517848403677597,0.05165714139946585,0.0028021318573982525,-0.1551629726508383,0.06224487730731141,0.08794667114512934
2024-07-16,0.15275618464345145,0.10200768362378812,0.15000000000000002,0.10476386826723956,0.25476386826723957,0.05074850101966334,0.0037818906798546513,-0.15826855393035436,0.061040583136749246,0.09498246773461509
2024-07-17,0.1915018321967601,0.1081980979009605,0.2,0.09969993009772057,0.29969993009772056,0.08330373429579957,0.06744476672386376,-0.1245054965902802,0.06768406728966386,0.10691022641321765
2024-07-18,0.14393239907971428,0.11341252062988702,0.15000000000000002,0.1073449197096013,0.2573449197096013,0.030519878449827273,0.18218394414333167,-0.13179719723914285,0.030875635492487473,0.15936192639717356
2024-07-19,0.024263970391366133,0.07012408991446076,0.05,0.0443880603058269,0.0943880603058269,-0.04586011952309463,0.173800703461451,-0.056526145087583544,-0.01626576608651486,0.060372269743382286
2024-07-22,0.0,-0.0,0.0,0.0,0.0,0.0,0.09438806030582692,0.0,0.0,0.0
2024-07-23,0.0,-0.0,0.0,0.0,0.0,0.0,0.0,0.0,0.0,0.0
2024-07-24,0.0,-0.0,0.0,0.0,0.0,0.0,0.0,0.0,0.0,0.0
2024-07-25,0.0,-0.0,0.0,0.0,0.0,0.0,0.0,0.0,0.0,0.0
2024-07-26,0.0,-0.0,0.0,0.0,0.0,0.0,0.0,0.0,0.0,0.0
2024-07-29,0.0,-0.0,0.0,0.0,0.0,0.0,0.0,0.0,0.0,0.0
2024-07-30,0.0,-0.0,0.0,0.0,0.0,0.0,0.0,0.0,0.0,0.0
2024-07-31,0.0,-0.0,0.0,0.0,0.0,0.0,0.0,0.0,0.0,0.0
2024-08-01,0.07910933424258876,0.07531705237950119,0.1,0.05442638662208995,0.15442638662208996,0.0037922818630875647,0.15442638662208996,0.07595115713850357,-0.05316001546139127,-0.034167987266374995
2024-08-02,0.1259054286557344,0.10178620181317548,0.15000000000000002,0.07769163046890988,0.2276916304689099,0.02411922684255892,0.09604390202440327,0.116499638333668,-0.0777162859672032,0.03885896710585845
2024-08-05,0.17398662793385664,0.14252647244885921,0.2,0.11651310038271584,0.31651310038271585,0.03146015548499739,0.11132317210393822,0.26671660136028424,-0.07195988380156981,0.010862815986293418
2024-08-06,0.19584206436859317,0.1811336824712885,0.25,0.1269757468398816,0.3769757468398816,0.014708381897304668,0.20794349925432087,0.19549532216455168,-0.13752619310577943,0.047905725249313774
2024-08-07,0.19586362290050657,0.18068386266771916,0.25,0.12654748556822573,0.3765474855682257,0.01517976023278739,0.0016529323073767414,0.1923735317960027,-0.13759086870151968,0.049678056207154805
2024-08-08,0.19573272056950397,0.18055607600265222,0.25,0.12628879657215614,0.37628879657215614,0.015176644566851735,0.0002586889960695775,0.19228694549590214,-0.13719816170851182,0.0493812825120545
2024-08-09,0.19655766521919496,0.1809848346392379,0.25,0.12754249985843283,0.3775424998584328,0.015572830579957054,0.0012537032862766605,0.19301932750120837,-0.1396729956575848,0.04993517641650527
2024-08-12,0.1953488585280307,0.1784856109084396,0.25,0.12383446943647027,0.37383446943647025,0.016863247619591102,0.0037080304219625493,0.18976693559267588,-0.13604657558409206,0.045689897132642876
2024-08-13,0.19355502596898283,0.17748199091923297,0.25,0.1210370168882158,0.3710370168882158,0.01607303504974985,0.006562557538623743,0.19541459307822978,-0.13066507790694848,0.037031379679469144
2024-08-14,0.19350438129746858,0.17870355900767954,0.25,0.12220794030514809,0.3722079403051481,0.01480082228978903,0.00127221275996082,0.19825557138452854,-0.13051314389240568,0.03785510563851006
2024-08-15,0.14607259451885748,0.14114709869851122,0.2,0.08721969321736868,0.2872196932173687,0.004925495820346286,0.10222139998279232,0.06744110077867094,-0.13821778355657244,0.056000195316862636
2024-08-16,0.10271152189929487,0.1370632903751529,0.15000000000000002,0.08977481227444778,0.2397748122744478,-0.03435176847585803,0.09751585290952638,-0.010296951328684613,-0.1478376143692,0.1111898711254587
2024-08-19,0.11553812153739476,0.22342189677763688,0.25,0.08896001831503163,0.33896001831503164,-0.10788377524024213,0.12832063052025958,-0.05155570616994974,-0.14505865844223456,0.07026569033291058
2024-08-20,0.17279444846264636,0.20181393241545625,0.25,0.12460838087810258,0.37460838087810255,-0.02901948395280988,0.1753870762198226,-0.13293275743083197,-0.08545058795710711,0.1554417972463687
2024-08-21,0.17161294154591356,0.20091650533086444,0.25,0.12252944687677796,0.37252944687677797,-0.029303563784950883,0.002078934001324629,-0.13023590665806767,-0.08460291797967295,0.15274951599259326
2024-08-22,0.1710767325628469,0.2001048908569152,0.25,0.12118162341976207,0.3711816234197621,-0.029028158294068313,0.0013478234570158745,-0.13001360214080968,-0.08321659554773098,0.1503146725707456
2024-08-23,0.17273631264281467,0.20141865972445072,0.25,0.12415497236726533,0.37415497236726536,-0.028682347081636046,0.002973348947503257,-0.133774674338747,-0.08443426358969693,0.15425597917335207
2024-08-26,0.1664864104153539,0.12450938426899104,0.25,0.0409957946843449,0.2909957946843449,0.04197702614636285,0.2651507670516102,0.029542633426155818,0.04398551938081727,-0.04945923124606163
2024-08-27,0.1551740692661389,0.11385889348957967,0.25,0.019032962755718537,0.26903296275571853,0.041315175776559195,0.02196283192862637,0.02510300533533478,0.016473675133404232,-0.015522207798416598
2024-08-28,0.16024934313875314,0.12025911521623855,0.25,0.03050845835499165,0.28050845835499166,0.039990227922514554,0.011475495599273113,0.03997179535709025,0.020805550291625383,-0.03074802941625931
2024-08-29,0.18990640279990847,0.1146740352856407,0.2,0.10458043808554915,0.30458043808554913,0.07523236751426776,0.1240719797305575,0.1526585599557253,0.041363545901196806,-0.11971920839972539
2024-08-30,0.17273001240103236,0.13022055648884737,0.25,0.05295056888987967,0.3029505688898797,0.04250945591218498,0.10162986919566949,0.08366906244121053,0.006992607025331506,-0.06819003720309698
2024-09-03,0.20124044967801435,0.19548277953273077,0.3,0.09672322921074507,0.39672322921074504,0.005757670145283573,0.09843439833775308,0.13644833859819225,-0.057538835790291176,-0.0961825132437518
2024-09-04,0.12723724690901733,0.08585448857450684,0.15000000000000002,0.06309173548352416,0.21309173548352417,0.041382758334510494,0.22593525657436625,0.06828072638956333,-0.08171174072705198,0.03928273933395717
2024-09-05,0.1597842294384323,0.19119513942045538,0.25,0.10097936885888761,0.3509793688588876,-0.03141090998202307,0.14439420562346927,0.09406253729956761,-0.17935268831529683,0.029522880961798427
2024-09-06,0.16319518069019162,0.19413397131197954,0.25,0.10732915200217114,0.35732915200217114,-0.030938790621787938,0.01645034113351415,0.07891170031422165,-0.18958554207057482,0.05349021362171695
2024-09-09,0.15496140587214502,0.14964624575164157,0.2,0.10460765162378659,0.3046076516237866,0.005315160120503468,0.11522002053657618,0.001700743395920301,-0.16488421761643507,0.14723799385900438
2024-09-10,0.15867356577926878,0.15349336325401666,0.2,0.11216692903328544,0.31216692903328547,0.005180202525252128,0.008231035427614244,0.0006931063687472226,-0.17602069733780634,0.15978698339330277
2024-09-11,0.10413309177905027,0.1101300845316717,0.2,0.014263176310721954,0.21426317631072198,-0.00599699275262144,0.32596803443150923,0.021203586242880323,0.009186667352134768,-0.012399275337150774
2024-09-12,0.11548963612841318,0.08203369553471068,0.15000000000000002,0.04752333166312385,0.19752333166312386,0.03345594059370248,0.09739587951432212,-0.03296396556187958,0.09610108660413205,-0.013504942823359904
2024-09-13,0.17497824529667977,0.10839023298956592,0.2,0.08336847828624566,0.2833684782862457,0.06658801230711384,0.10782112366437487,0.035469417577659916,0.13970128139103782,-0.07493473589003923
2024-09-16,0.21578497898885257,0.1100845618710172,0.25,0.07586954085986974,0.32586954085986974,0.10570041711783539,0.06771091509450376,0.050787384079851686,0.1294663015331999,-0.04735493696655764
2024-09-17,0.20879114645046712,0.06150812135185127,0.2,0.07029926780231838,0.2702992678023184,0.14728302509861588,0.06075318433139856,0.04728369561158312,0.1372406684439707,-0.026373439351401313
2024-09-18,0.17765595972861278,0.18697648966714622,0.3,0.06463244939575898,0.36463244939575895,-0.00932052993853344,0.2433964449628507,0.0453954698207934,0.06553399918064523,-0.08296787918583831
2024-09-19,0.17600467619685986,0.18421796385844286,0.3,0.06022264005530267,0.3602226400553027,-0.008213287661582996,0.00517986182502779,0.03596481366782605,0.06668907790750245,-0.07801402859057951
2024-09-20,0.1766571744833515,0.1874749526075246,0.3,0.06413212709087601,0.364132127090876,-0.010817778124173082,0.008837898310963346,0.05312839682815619,0.059296460994417446,-0.0799715234500544
2024-09-23,0.1912162285468379,0.1965440537767948,0.3,0.08776028232363264,0.38776028232363263,-0.005327825229956864,0.1914891714492724,-0.0923402896870767,0.13963216133038425,-0.03130839595343698
2024-09-24,0.18854087886172483,0.19432200561583682,0.3,0.08286288447756161,0.3828628844775616,-0.005781126754111993,0.006356918953149642,-0.0945295713476946,0.13296601684751042,-0.02109306523747982
2024-09-25,0.1791037821229044,0.14494662897128618,0.25,0.07405041109419055,0.3240504110941905,0.034157153151618214,0.06481581076345125,-0.08731134636871316,0.12583488084373826,0.009005006070120291
2024-09-26,0.12384849219346968,0.1278952245122503,0.2,0.051743716705719964,0.25174371670572,-0.004046732318780628,0.13841045113680264,-0.047070508924541524,-0.02447496765586747,0.08368567353675088
2024-09-27,0.15164332700946148,0.14998444537002453,0.2,0.10162777237948602,0.301627772379486,0.0016588816394369314,0.178546937717886,-0.15492998102838443,0.08478701798363518,0.06516631812643846
2024-09-30,0.15092222158085078,0.14956759040855333,0.2,0.10048981198940407,0.30048981198940405,0.0013546311722974595,0.0018780887169600885,-0.1527666647425523,0.08242626060890425,0.06627651061675567
2024-10-01,0.10317317698923606,0.1399439026639163,0.15000000000000002,0.09311707965315234,0.24311707965315238,-0.03677072567468024,0.08198109762806902,-0.15951953096770816,0.11258594232147431,0.007245765670274554
2024-10-02,0.09738589016687536,0.09486785829051045,0.1,0.0922537484573858,0.1922537484573858,0.002518031876364922,0.07535410199423861,-0.127439146852975,0.13460357487153135,-0.014718523647651097
2024-10-03,0.09769430086224906,0.09526088406431105,0.1,0.09295518492656013,0.19295518492656014,0.002433416797938015,0.0022208189760799316,-0.12516007309261656,0.13578265219293315,-0.017922829494130633
2024-10-04,0.14669808366715414,0.11122993551749046,0.15000000000000002,0.10792801918464459,0.2579280191846446,0.03546814814966369,0.11306179759879609,-0.05302662808154915,0.18368980655247136,-0.08706762291991325
2024-10-07,0.0657850101039559,0.06806260011872924,0.1,0.033847610222685134,0.13384761022268515,-0.0022775900147733417,0.12408040896195947,-0.0003725467487675285,0.05418780035618771,-0.046982483563100155
2024-10-08,0.0965410295424915,0.10984862426896336,0.15000000000000002,0.056389653811454846,0.20638965381145485,-0.013307594726471868,0.1211708930668794,-0.13962308862747447,0.028227009702123326,0.0013188631047667508
2024-10-09,0.09667143227056998,0.10980090833744963,0.15000000000000002,0.056472340608019596,0.2064723406080196,-0.013129476066879635,0.0028908951018509974,-0.13672963927431186,0.029402725012348842,-0.0032846575373980946
2024-10-10,0.10269731605164419,0.11319448283466485,0.15000000000000002,0.06589179888630903,0.21589179888630905,-0.010497166783020675,0.011609229969888172,-0.15809194815493255,0.032103033795679484,0.007480414708315085
2024-10-11,0.09922614088188954,0.11206139619666225,0.15000000000000002,0.06128753707855177,0.2112875370785518,-0.012835255314772703,0.029290119528350103,-0.11473079085908658,0.03618418858998671,-0.03294763178658203
2024-10-14,0.10318017568434808,0.11381562249780806,0.15000000000000002,0.06699579818215613,0.21699579818215614,-0.010635446813459988,0.007405915836201853,-0.12913937736535844,0.041446867493424175,-0.03040114968768578
2024-10-15,0.16486056204927968,0.10235505866491937,0.15000000000000002,0.11721562071419905,0.2672156207141991,0.06250550338436031,0.1704872556571668,-0.19458168614783902,0.058386012544149504,0.09867916345060862
2024-10-16,0.16503370476050336,0.102384653011506,0.15000000000000002,0.11741835777200935,0.2674183577720094,0.06264905174899736,0.0020625893329390306,-0.19510111428151006,0.061264573996602456,0.09588938503791553
2024-10-17,0.16011073195773595,0.09834156218752227,0.15000000000000002,0.10845229414525823,0.2584522941452583,0.06176916977021369,0.013584327182202927,-0.18033219587320784,0.06819196932978014,0.07683271723278665
2024-10-18,0.0887656517478486,0.06537156544354791,0.1,0.05413721719139651,0.1541372171913965,0.02339408630430069,0.15916809498843656,-0.03401742819168351,0.046114696330643724,-0.08227952705186228
2024-10-21,0.09030605384396467,0.06678243985393877,0.1,0.05708849369790343,0.15708849369790343,0.0235236139900259,0.00605134570763983,-0.029367324389984142,0.05034731956181629,-0.09155083714190984
2024-10-22,0.15071125377625266,0.15770854836644832,0.15000000000000002,0.15841980214270096,0.308419802142701,-0.006997294590195678,0.34593007958061506,-0.19577503857401665,-0.10635872275474131,0.17312564509934497
2024-10-23,0.2192036746707292,0.22040898740016324,0.25,0.18961266207089242,0.43961266207089245,-0.001205312729434041,0.17169614246687773,-0.3120072250654757,-0.0456037989467119,0.2112269622004897
2024-10-24,0.22008888675674437,0.21934147059124698,0.25,0.1894303573479913,0.4394303573479913,0.0007474161654974082,0.010341252107223612,-0.3272456461419594,-0.03302101412827366,0.2080244117737408
2024-10-25,0.19830032111496942,0.19893096532516574,0.25,0.14723128644013514,0.39723128644013517,-0.0006306442101963322,0.04219907090785616,-0.2806232812202922,-0.01427768212461605,0.14679289597549722
2024-10-28,0.17325560379168886,0.1665498671487084,0.2,0.13980547094039725,0.33980547094039726,0.006705736642980464,0.11107045983325729,-0.1778788682207994,-0.041887943154267165,0.19964960144612517
2024-10-29,0.16804621305213688,0.16397530650847209,0.2,0.13202151956060892,0.33202151956060894,0.004070906543664779,0.00878843385310028,-0.16074397229217546,-0.04339466686423511,0.19192591952541624
2024-10-30,0.13030354340472594,0.10764997651461203,0.15000000000000002,0.08795351991933797,0.237953519919338,0.022653566890113927,0.14522902867309895,-0.09091063021417785,0.076741543547742,0.09620838599609406
2024-10-31,0.12739985541602006,0.10516924309458953,0.15000000000000002,0.08256909851060959,0.2325690985106096,0.022230612321430542,0.024317853106392645,-0.0821995662480602,0.1051416910942384,0.06036603818953018
2024-11-01,0.13366475372485073,0.10215982890336478,0.15000000000000002,0.08582458262821552,0.23582458262821554,0.031504924821485966,0.17526776519192666,-0.07932283573081751,-0.02167142544373473,0.15647948671009432
2024-11-04,0.181070288478355,0.10855260540736396,0.2,0.08962289388571892,0.28962289388571894,0.07251768307099102,0.05984281676073805,-0.07025607747596553,-0.022954787959099353,0.17565781622209187
2024-11-05,0.18124638931059242,0.10869911618196207,0.2,0.08994550549255446,0.2899455054925545,0.07254727312863032,0.0003226116068355475,-0.07058368635383808,-0.02315548157793909,0.1760973485458862
2024-11-06,0.1814997756885134,0.10786421352528724,0.2,0.08936398921380065,0.2893639892138007,0.07363556216322614,0.003894604224657438,-0.0755533182726935,-0.018946008792846667,0.17359264057586174
2024-11-07,0.1884926587794479,0.11016077629003276,0.2,0.09865343506948065,0.29865343506948067,0.07833188248941508,0.01484004077470738,-0.10485785992403802,-0.010620116414305606,0.1804823288700983
2024-11-08,0.1909434384354795,0.11249420117147438,0.2,0.10343763960695387,0.3034376396069539,0.07844923726400511,0.004784204537473233,-0.10970071235993106,-0.01312960294650745,0.18748260351442314
2024-11-11,0.1901944752288782,0.11137068167563041,0.2,0.10156515690450858,0.3015651569045086,0.07882379355324777,0.0018724827024452911,-0.10857960850970996,-0.012003817176924569,0.1841120450268912
2024-11-12,0.2384619948959506,0.12075873765676089,0.25,0.10922073255271145,0.3592207325527115,0.11770325723918973,0.06112053631405809,-0.10714643568116207,-0.00823954900668962,0.21227621297028265
2024-11-13,0.17287178038017445,0.09432057659493656,0.2,0.06719235697511097,0.267192356975111,0.07855120378523789,0.2496341965175707,0.026032939276121658,-0.06861534114052327,0.106928790508688
2024-11-14,0.12369764037074082,0.08433650681784449,0.15000000000000002,0.05803414718858531,0.20803414718858532,0.03936113355289634,0.06151547594886131,0.02709125854792592,-0.07109292111222247,0.07591826190560755
2024-11-15,0.11979752202226294,0.07791899976480912,0.15000000000000002,0.04771652178707205,0.19771652178707208,0.04187852225745383,0.010317625401513257,0.019542630317687902,-0.05939256606678882,0.06421436897673943
2024-11-18,0.11911012415946617,0.07703559142342162,0.15000000000000002,0.04614571558288777,0.1961457155828878,0.042074532736044556,0.004045309141204951,0.023254384723218897,-0.057330372478398485,0.05785238954704592
2024-11-19,0.041016839995158955,0.07850550494227584,0.05,0.0695223449374348,0.1195223449374348,-0.03748866494711689,0.1256397803186609,0.03105885172595242,-0.12305051998547686,0.05445766310087509
2024-11-20,0.0409780223097235,0.07861019439995637,0.05,0.06958821670967986,0.11958821670967987,-0.03763217209023287,0.0027971464036743096,0.0353533789898315,-0.1229340669291705,0.05047720421003761
2024-11-21,0.07344258727067593,0.07659881960235292,0.1,0.05004140687302883,0.15004140687302883,-0.0031562323316769916,0.07603932840756394,0.04509215684620085,-0.07032776181202777,0.034704301960857886
2024-11-22,0.05399897162266787,0.019433911938349188,0.05,0.023432883561017054,0.07343288356101706,0.03456505968431868,0.11894699704335217,0.006790940086040576,0.05151079572900699,-0.011996914868003592
2024-11-25,0.054363604965747075,0.02002257421894768,0.05,0.024386179184694757,0.07438617918469476,0.034341030746799395,0.0010140334592226826,0.008648033681153522,0.05141968897568952,-0.013090814897241225
2024-11-26,0.12276496539771378,0.09323123664350602,0.15000000000000002,0.06599620204121978,0.2159962020412198,0.02953372875420777,0.14161002285652502,0.05264653623927386,0.07704717369124417,-0.06829489619314134
2024-11-27,0.12050835410770264,0.08979706669660983,0.15000000000000002,0.060305420804312455,0.21030542080431247,0.030711287411092816,0.0056907812369073295,0.04763433291667818,0.07175686717315127,-0.061525062323107914
2024-11-29,0.12063635641606497,0.09008990561036978,0.15000000000000002,0.060726262026434746,0.21072626202643477,0.03054645080569519,0.0006227322402599864,0.04733149638947163,0.0729382204416377,-0.06190906924819489
2024-12-02,0.1362769517449267,0.15037921021601525,0.2,0.08665616196094195,0.28665616196094196,-0.014102258471088536,0.0759298999345072,0.07400864026624963,0.07712899038179608,-0.10883085523478012
2024-12-03,0.09235853528903715,0.1409574913026287,0.15000000000000002,0.08331602659166581,0.23331602659166584,-0.048598956013591516,0.06839989159049395,0.07835352396574505,0.04451894994214095,-0.12707560586711142
2024-12-04,0.032022268078359784,0.11168166098179276,0.1,0.043703929060152545,0.14370392906015256,-0.07965939290343298,0.08961209753151327,0.02427630326830815,0.01076867967707014,-0.09606680423507935
2024-12-05,0.1354073605874628,0.15574053520981396,0.2,0.09114789579727674,0.29114789579727673,-0.02033317462235114,0.14744396673712423,0.1277321859003526,0.03948941972908923,-0.1062220817623884
2024-12-06,0.19640671063875922,0.21931049212539322,0.3,0.11571720276415243,0.4157172027641524,-0.022903781486634023,0.12456930696687568,0.1323746173105365,0.07555685906564316,-0.1392201319162776
2024-12-09,0.1738188739673266,0.16274930923693492,0.25,0.08656818320426149,0.3365681832042615,0.01106956473039163,0.07914901955989093,0.12602169941609542,0.062226228294709376,-0.07145662190197968
2024-12-10,0.29617774712860606,0.20882133090856062,0.35,0.15499907803716667,0.5049990780371667,0.08735641622004547,0.16843089483290521,0.15318066804998456,0.1732833246756973,-0.13853324138581824
2024-12-11,0.29129206437465593,0.2014996424832393,0.35,0.1427917068578952,0.4927917068578952,0.08979242189141665,0.017901943369951573,0.12267374448800047,0.1818251829617174,-0.12387619312396772
2024-12-12,0.28886085833276065,0.1990613759732609,0.35,0.1379222343060216,0.48792223430602155,0.08979948235949978,0.004869472551873602,0.11617670927074077,0.18100741864904202,-0.11658257499828201
2024-12-13,0.289060771732966,0.1979042816959812,0.35,0.13696505342894724,0.48696505342894725,0.09115649003698484,0.0014981125440636928,0.11249376913903371,0.18121907594890993,-0.1171823151988981
2024-12-16,0.354390358103251,0.3093769920329326,0.39999999999999997,0.2637673501361836,0.6637673501361836,0.04501336607031843,0.17680229670723632,0.29501356241807236,0.18311741368072532,-0.313171074309753
2024-12-17,0.4159165520010744,0.34362521631294274,0.44999999999999996,0.30954176831401714,0.7595417683140171,0.07229133568813176,0.09577441817783358,0.3827344130213389,0.19814123591748917,-0.34774965600322333
2024-12-18,0.3450603036376149,0.30822388244099375,0.39999999999999997,0.2532841860786087,0.6532841860786087,0.03683642119662114,0.10729972202458989,0.38429762270511114,0.0903740246178702,-0.28518091091284475
2024-12-19,0.29110238757650464,0.27856659174070675,0.35,0.21966897931721138,0.5696689793172114,0.012535795835797864,0.0836152067613973,0.30568516852301547,0.0800146066991048,-0.2733071627295139
2024-12-20,0.2343388492587374,0.24785159946961904,0.3,0.1821904487283564,0.48219044872835637,-0.013512750210881663,0.08747853058885496,0.2507451608717005,0.04280963753715659,-0.2530165477762122
2024-12-23,0.1738460574980456,0.22537467275363052,0.25,0.1492207302516761,0.3992207302516761,-0.05152861525558493,0.08296971847668033,0.19193232569233684,0.03419169256855466,-0.22153817249413676
2024-12-24,0.11558512996480684,0.16560325782905355,0.15000000000000002,0.13118838779386038,0.2811883877938604,-0.05001812786424671,0.12019857644822786,0.19518167667795508,0.0016280968092055735,-0.1967553898944205
2024-12-26,0.11451894352068823,0.12059957004383108,0.1,0.13511851356451932,0.23511851356451932,-0.006080626523142854,0.05705606541220934,0.1936913265479853,0.018107383583507948,-0.19355683056206469
2024-12-27,0.05,0.016495221823456505,0.05,0.016495221823456505,0.0664952218234565,0.0335047781765435,0.17949208333752115,0.025175660878053563,0.008006817197628465,0.016303187394687484
2024-12-30,0.05,0.016135119436184408,0.05,0.016135119436184408,0.06613511943618441,0.0338648805638156,0.001166761183291096,0.024379188560011922,0.006512994159825319,0.017513175588715985
2024-12-31,0.0,-0.0,0.0,0.0,0.0,0.0,0.06613511943618441,0.0,0.0,0.0
2025-01-02,0.0,-0.0,0.0,0.0,0.0,0.0,0.0,0.0,0.0,0.0
2025-01-03,0.0,-0.0,0.0,0.0,0.0,0.0,0.0,0.0,0.0,0.0
2025-01-06,0.0,-0.0,0.0,0.0,0.0,0.0,0.0,0.0,0.0,0.0
2025-01-07,0.05511016600219616,0.020144881271185314,0.05,0.025255047273381473,0.07525504727338148,0.034965284731010855,0.07525504727338148,0.022970116278590576,0.03746452753496536,-0.015330498006588481
2025-01-08,0.05725102705211826,0.05945598591114813,0.1,0.016707012963266387,0.1167070129632664,-0.0022049588590298723,0.0664834489641975,0.028367957733444388,-0.006505280526269806,-0.015247800630084966
2025-01-10,0.059746052095767124,0.06319175703015313,0.1,0.02293780912592025,0.12293780912592026,-0.003445704934385998,0.006230796162653862,0.03957527109045937,-0.006670074654689063,-0.022568081632612313
2025-01-13,0.06363072033446955,0.06916559272835159,0.1,0.03279631306282112,0.13279631306282114,-0.005534872393882031,0.014305220373360248,0.05228137749184156,0.005215400693213166,-0.04089216100340863
2025-01-14,0.06400985349161095,0.06933376393773998,0.1,0.033343617429350936,0.13334361742935094,-0.00532391044612902,0.002767483856266094,0.04895110825723714,0.009050183555982791,-0.04202956047483287
2025-01-15,0.06119553759358849,0.0659132369456745,0.1,0.027108774539262984,0.127108774539263,-0.004717699352086003,0.006234842890087949,0.04257970036061948,0.0051600104764039974,-0.033586612780765475
2025-01-16,0.06283386162318359,0.06492070385084178,0.1,0.027754565474025363,0.12775456547402536,-0.0020868422276581946,0.00752489186433423,0.03226104896626171,0.012501062586263632,-0.038501584869550756
2025-01-17,0.06380006846160026,0.0659599810968925,0.1,0.029760049558492756,0.12976004955849277,-0.0021599126352922337,0.0020054840844673932,0.034626048264925643,0.013253895025751842,-0.041400205384800784
2025-01-21,0.06399950700406372,0.06622385298590955,0.1,0.030223359989973265,0.13022335998997328,-0.00222434598184584,0.0009983996221768175,0.03622029771802128,0.012451261239707374,-0.041998521012191134
2025-01-22,0.06045724728134347,0.06162265920270179,0.1,0.02207990648404525,0.12207990648404526,-0.0011654119213583194,0.008143453505928013,0.026846708697926568,0.008021268910178785,-0.031371741844030396
2025-01-23,0.05874177902987128,0.06022234181656804,0.1,0.018964120846439322,0.11896412084643933,-0.0014805627866967628,0.0031157856376059258,0.02505267412683738,0.005614351322866749,-0.026225337089613842
2025-01-24,0.060291855178211604,0.024298612709467884,0.05,0.034590467887679485,0.08459046788767949,0.03599324246874372,0.06589506124735793,0.024649602817660723,0.04824623531074293,-0.03087556553463481
2025-01-27,0.06635771566558155,0.06914207267669653,0.1,0.03549978834227807,0.13549978834227808,-0.0027843570111149955,0.06853052118478858,0.03561178381463167,0.021814434215457937,-0.049073146996744615
2025-01-28,0.08454739531963591,0.11850235905068521,0.15000000000000002,0.0530497543703211,0.20304975437032113,-0.03395496373104928,0.1820929221716817,0.055507077152055585,-0.0312731177408455,-0.07236906821806223
2025-01-29,0.06757180661654295,0.06547376836156875,0.1,0.0330455749781117,0.1330455749781117,0.0020980382549742015,0.07743830520636408,0.03527011636347422,0.011151188721232025,-0.05271541984962885
2025-01-30,0.07517685952979529,0.07003976602150505,0.1,0.04521662555130032,0.14521662555130033,0.005137093508290249,0.11217105057318863,0.04279279092939284,0.017326507135122272,-0.07553057858938586
2025-01-31,0.07494189018314294,0.06953467208228853,0.1,0.04447656226543146,0.14447656226543146,0.00540721810085442,0.0007400632858688642,0.04162629600580357,0.01697772024106199,-0.07482567054942882
2025-02-03,0.07248231525431059,0.06602182789303117,0.1,0.038504143147341754,0.13850414314734177,0.0064604873612794204,0.0059724191180897035,0.034352062352830254,0.013713421326263252,-0.06744694576293177
2025-02-04,0.016525428251573993,0.0504264687803276,0.05,0.016951897031901593,0.0669518970319016,-0.03390104052875361,0.07944744066043581,0.0012794063409828048,-0.011842791817493481,-0.03773349293722849
2025-02-05,0.01753266987721289,0.051078114566152376,0.05,0.018610784443365266,0.06861078444336527,-0.03354544468893948,0.0016588874114636723,0.003234343698457127,-0.013469818784428864,-0.0391281908472098
2025-02-06,0.05651795323528906,0.014303093744527626,0.05,0.020821046979816682,0.07082104697981668,0.04221485949076143,0.13943183142318194,-0.01955385970586717,0.01846515801740888,0.024444123216174
2025-02-07,0.056623288722475414,0.014452997905511009,0.05,0.02107628662798642,0.07107628662798643,0.042170290816964405,0.00041403611358647834,-0.01986986616742623,0.018226963319283765,0.02513203039724926
2025-02-10,0.05603655784873539,0.014262055174846293,0.05,0.02029861302358168,0.07029861302358167,0.041774502673889095,0.0012603197163150873,-0.018109673546206163,0.016930165959424093,0.025855999565114786
2025-02-11,0.05562879390466822,0.0139344628901337,0.05,0.01956325679480192,0.06956325679480192,0.04169433101453452,0.0007924429298869261,-0.016886381714004653,0.01586175905362557,0.025941629616775527
2025-02-12,0.05497471174260137,0.013599792172866764,0.05,0.018574503915468134,0.06857450391546814,0.04137491956973461,0.001142046909923062,-0.014924135227804112,0.014627805855940843,0.026171570662659446
2025-02-13,0.09880978502919917,0.1202147244210287,0.15000000000000002,0.06902450945022787,0.2190245094502279,-0.021404939391829546,0.15045000553475976,-0.1464293550875975,0.015167527816832782,0.04547664544625334
2025-02-14,0.10130242927005775,0.12055991167000644,0.15000000000000002,0.07186234094006418,0.22186234094006418,-0.019257482399948695,0.004678486783565357,-0.15390728781017324,0.01896407250435954,0.042715662505659766
2025-02-18,0.11542133923900585,0.17764249515321898,0.2,0.09306383439222482,0.29306383439222483,-0.06222115591421312,0.083844208455067,-0.18251915450336892,-0.013744863213648623,0.08292748545965689
2025-02-19,0.09731895415301955,0.17004636739950224,0.2,0.06736532155252178,0.2673653215525218,-0.07272741324648269,0.12569851283970304,-0.14168100624446223,-0.0002758562145964414,0.06013910219850668
2025-02-20,0.09818319710854254,0.17044034454014317,0.2,0.06862354164868568,0.2686235416486857,-0.07225714743160061,0.0012582200961638993,-0.1429883217709364,-0.0015612695546912015,0.06132103362042943
2025-02-21,0.0741401744258329,0.06734395898234304,0.1,0.041484133408175944,0.14148413340817595,0.006796215443489866,0.13863869550080962,-0.0724205232774987,0.017248930890449807,0.0347829460565793
2025-02-24,0.07289416261313846,0.06641214818046594,0.1,0.039306310793604395,0.1393063107936044,0.006482014432672519,0.0040596057819550935,-0.06868248783941537,0.020071605641525127,0.029164838899872682
2025-02-25,0.0730774743582196,0.06661021291609384,0.1,0.03968768727431343,0.13968768727431344,0.006467261442125751,0.00039472364833911637,-0.06923242307465877,0.020051584890080007,0.02977905385820151
2025-02-26,0.08252031717960492,0.1188657692292463,0.15000000000000002,0.051386086408851214,0.20138608640885125,-0.036345452049641375,0.07506612239459112,-0.08749875810009144,-0.010062193438723326,0.05659730768773888
2025-02-27,0.08184555178745453,0.11798351225378594,0.15000000000000002,0.049829064041240455,0.19982906404124048,-0.03613796046633141,0.0022055391892744306,-0.08847153333258695,-0.007065122029776628,0.05395053676135779
2025-02-28,0.08253434030893864,0.11845669241715581,0.15000000000000002,0.05099103272609444,0.20099103272609448,-0.035922352108217176,0.0031608219212704786,-0.093536178751664,-0.004066842175151887,0.05537007725146742
2025-03-03,0.08045204894738225,0.11788688243946616,0.15000000000000002,0.04833893138684841,0.19833893138684844,-0.037434833492083895,0.00415992892940596,-0.085027563281755,-0.006328583560391779,0.05366064731839845
2025-03-04,0.13366928010924473,0.2062804595548169,0.2,0.13994973966406155,0.33994973966406156,-0.07261117944557216,0.14161080827721315,-0.11574898493348068,-0.13525885539425342,0.16884137866445054
2025-03-05,0.2254598859687113,0.29777249325538624,0.3,0.2232323792240975,0.5232323792240975,-0.07231260728667491,0.19787771369470059,-0.26301341371387743,-0.11336624419225647,0.29331747976615863
2025-03-06,0.18011213871146958,0.2930130009214454,0.25,0.22312513963291497,0.47312513963291497,-0.1129008622099758,0.05941174507669913,-0.26761158751560504,-0.12272482861880374,0.27903900276433613
2025-03-07,0.12096414133813699,0.20248974548214776,0.2,0.12345388682028474,0.32345388682028475,-0.08152560414401078,0.15508491871394162,-0.21289242401441094,0.008120498851967082,0.14934873759447617
2025-03-10,0.11884804063233899,0.2008879026601751,0.2,0.11973594329251404,0.31973594329251404,-0.08203986202783607,0.009716892625078735,-0.20654412189701696,0.017118922497929137,0.13554478548259602
2025-03-11,0.11386938132544029,0.15155951505050974,0.15000000000000002,0.11542889637595001,0.26542889637595,-0.037690133725069436,0.07000408500480361,-0.19160814397632087,0.04066447963028851,0.11401406552124066
2025-03-12,0.11288232228255461,0.1510485048228477,0.15000000000000002,0.11393082710540231,0.26393082710540233,-0.03816618254029311,0.003130970076097658,-0.18864696684766383,0.03668209773897753,0.11646341672956562
2025-03-13,0.1514034353128455,0.06991510641760776,0.1,0.12131854173045324,0.22131854173045323,0.08148832889523776,0.18034548856446916,-0.1542103059385365,0.06332512207066471,0.14642019718215854
2025-03-14,0.10010795920036984,0.09481413829646478,0.1,0.09492209749683461,0.19492209749683462,0.0052938209039050665,0.2790353830377701,0.07863453060511764,-0.15032387760110952,0.055807884284276674
2025-03-17,0.09864327949628209,0.0940429541624716,0.1,0.09268623365875367,0.19268623365875368,0.004600325333810492,0.00936806389415178,0.0893328306892239,-0.14592983848884625,0.042796031798190866
2025-03-18,0.05627178588496697,0.014144540827889119,0.05,0.02041632671285609,0.0704163267128561,0.04212724505707786,0.15017851649851127,0.019386065809647735,0.023047556674019618,-0.01881535765490091
2025-03-19,0.05599399287080558,0.01397333331164275,0.05,0.019967326182448328,0.06996732618244833,0.04202065955916282,0.00044900053040776,0.01932250535740135,0.022597494577526907,-0.017981978612416728
2025-03-20,0.05589561978553641,0.013961340171211485,0.05,0.019856959956747893,0.0698569599567479,0.04193427961432493,0.00023354453152506834,0.0195072728161383,0.02237674769749616,-0.017686859356609224
2025-03-21,0.0565775007031937,0.01467475593743717,0.05,0.021252256640630872,0.07125225664063087,0.04190274476575653,0.0013952966838829788,0.02048797937108063,0.02353628844123088,-0.019732502109581104
2025-03-24,0.05671841740205689,0.014865911664217548,0.05,0.021584329066274437,0.07158432906627443,0.041852505737839336,0.0006106413279517858,0.021479299904884095,0.023118435087768546,-0.020155252206170662
2025-03-25,0.05674173129579228,0.014865437930520392,0.05,0.02160716922631267,0.07160716922631268,0.04187629336527189,3.78288385947086e-05,0.021456816887049385,0.02313949690451179,-0.02022519388737683
2025-03-26,0.05738011233654095,0.015231752653246024,0.05,0.022611864989786973,0.07261186498978697,0.042148359683294924,0.0012791107903739798,0.021045194346699873,0.024650063613038203,-0.022140337009622844
2025-03-27,0.057982371659323635,0.015540447876924993,0.05,0.02352281953624863,0.07352281953624863,0.04244192378239864,0.0010509853630029748,0.02218132624254876,0.024440017388226223,-0.023947114977970904
2025-03-28,0.05803834337816211,0.015542440215653392,0.05,0.023580783593815498,0.07358078359381551,0.04249590316250872,0.0002908834169209453,0.021831947203517648,0.024795373443442528,-0.02411503013448632
2025-03-31,0.05812823079963175,0.015537546827129937,0.05,0.023665777626761683,0.07366577762676169,0.04259068397250181,0.0003063951737617863,0.021499845492294247,0.025112794989095563,-0.024384692398895243
2025-04-01,0.0880435668806965,0.05751858263724209,0.05,0.0955621495179386,0.1455621495179386,0.030524984243454407,0.1718963718911769,0.051888521275689076,0.12066722663603718,-0.1141307006420895
2025-04-02,0.08702301475807328,0.05643128736656709,0.05,0.09345430212464037,0.1434543021246404,0.030591727391506188,0.0021078473932982164,0.0495601453530817,0.11973371674661956,-0.11106904427421983
2025-04-03,0.0862625689788433,0.05648003427617321,0.05,0.0927426032550165,0.1427426032550165,0.029782534702670088,0.0020118779488258118,0.05151041397188463,0.117929688856635,-0.10878770693652988
2025-04-04,0.1471301401750764,0.11627333638734579,0.15000000000000002,0.1134034765624222,0.26340347656242225,0.030856803787730626,0.3395302461848455,0.19882000916203735,-0.09297708404822404,-0.04841333647700518
2025-04-07,0.16754840331961024,0.17326940389687662,0.2,0.14081780721648682,0.3408178072164868,-0.005721000577266384,0.11860117953968113,0.18545307231061778,-0.20264520995883067,0.03435513938001203
2025-04-08,0.22440755059127798,0.19716363958710856,0.25,0.1715711901783865,0.4215711901783865,0.027243911004169428,0.0807533829618997,0.24299755332450407,-0.22322265177383394,0.04849336543682159
2025-04-09,0.2234692281930862,0.1977822772562516,0.25,0.1712515054493378,0.42125150544933776,0.025686950936834572,0.006709699067697528,0.25258257483247726,-0.22040768457925855,0.04076425693627758
2025-04-10,0.21310386043323154,0.19263998996699844,0.25,0.15574385040022998,0.40574385040023,0.020463870466233096,0.17321395474047052,0.2779199699009953,-0.1280895268311686,-0.061222054468526
2025-04-11,0.20810865013890814,0.18599261269765632,0.25,0.14410126283656444,0.39410126283656444,0.022116037441251804,0.014685918441804233,0.2579778380929689,-0.13265452314837664,-0.04167142726834771
2025-04-14,0.2629300558389009,0.20987295042521054,0.3,0.17280300626411138,0.47280300626411137,0.05305710541369035,0.08145878458177007,0.32961885127563156,-0.1512543019796896,-0.03753586553701302
2025-04-15,0.2688748913491153,0.21640847932830481,0.3,0.18528337067742007,0.48528337067742006,0.05246641202081048,0.01637024113139504,0.3492254379849144,-0.14541948690256004,-0.06120518714478577
2025-04-16,0.26897659435282933,0.216220392815216,0.3,0.1851969871680453,0.48519698716804527,0.052756201537613345,0.002755895812806438,0.3486611784456479,-0.14172032745855467,-0.06520945559993328
2025-04-17,0.2724528417473745,0.22007825735305564,0.3,0.19253109910043006,0.49253109910043,0.05237458439431884,0.01073143625783509,0.3602347720591669,-0.1366243409703792,-0.08073418427174417
2025-04-21,0.3128637773825811,0.30181603776360855,0.35,0.2646798151461896,0.6146798151461896,0.011047739618972475,0.13549310311804053,0.4554481132908257,-0.2778737284844205,-0.060717603663322614
2025-04-22,0.09920873896240041,0.10851346664294285,0.1,0.10772220560534328,0.20772220560534327,-0.009304727680542434,0.4069576095408463,0.17554039992882856,-0.14169375502879103,-0.00593246185841022
2025-04-23,0.10003426678411556,0.10929308533814212,0.1,0.10932735212225768,0.20932735212225767,-0.00925881855402656,0.005560121089187884,0.17674516646288488,-0.1501028003523467,0.001134089551541471
2025-04-24,0.09090943444330823,0.09743192894066938,0.1,0.0883413633839776,0.1883413633839776,-0.006522494497361137,0.03513313421849651,0.1422957868220081,-0.10150758510960003,-0.021220718220324668
2025-04-25,0.10391717786348076,0.1518490202851708,0.15000000000000002,0.10576619814865157,0.2557661981486516,-0.04793184242169005,0.07246421171191272,0.1555470608555124,-0.09394851968874188,-0.06780301390170038
2025-04-28,0.15118223889203167,0.12401164735139612,0.15000000000000002,0.12519388624342778,0.2751938862434278,0.02717059154063555,0.1578936572834071,0.22203494205418836,-0.036249565905795596,-0.11729715077029942
2025-04-29,0.15153529277709527,0.12467299498915461,0.15000000000000002,0.12620828776624987,0.2762082877662499,0.02686229778794065,0.0027748688870513384,0.22401898496746384,-0.039949428607330244,-0.11465644972395553
2025-04-30,0.16260094581686718,0.17585374113826482,0.2,0.13845468695513202,0.33845468695513203,-0.013252795321397629,0.06224639918888214,0.22756122341479446,-0.07208350045552024,-0.11571933699508133
2025-05-01,0.1897277297181883,0.1252315123336531,0.2,0.11495924205184138,0.3149592420518414,0.06449621738453518,0.22235414145223567,0.08087034433702527,0.14482419266393404,-0.11918318915456483
2025-05-02,0.189698663224663,0.12514696622710733,0.2,0.11484562945177029,0.3148456294517703,0.06455169699755564,0.0007078542923025684,0.07972534347904071,0.14571555520228127,-0.1190959896739889
2025-05-05,0.23307305473418666,0.17331909274166907,0.3,0.10639214747585572,0.4063921474758557,0.05975396199251761,0.1469424054299094,0.13745872866003295,0.08249854956497421,-0.09921916420255998
2025-05-06,0.23824726377832356,0.17825743583537948,0.3,0.11650469961370305,0.41650469961370307,0.05998982794294406,0.010112552137847328,0.1426290216739639,0.09214328583217457,-0.11474179133497064
2025-05-07,0.24311163350395587,0.18276452074430044,0.3,0.1258761542482563,0.4258761542482563,0.06034711275965543,0.009371454634553252,0.14625468445260612,0.10203887778029519,-0.12933490051186758
2025-05-08,0.24309061439841995,0.18278775037368955,0.3,0.1258783647721095,0.4258783647721095,0.06030286402473038,0.0006277120961213217,0.1471995683825679,0.10116368273850078,-0.1292718431952598
2025-05-09,0.23391116127813177,0.17369734376740337,0.3,0.10760850504553512,0.40760850504553514,0.06021381751072839,0.01826985972657437,0.13468590923170343,0.08640612207050666,-0.10173348383439526
2025-05-12,0.17420110185870413,0.1477082794870277,0.25,0.07190938134573178,0.32190938134573177,0.026492822371676415,0.08569912369980334,0.08087764813876963,0.06224719032231344,-0.0726033055761123
2025-05-13,0.181515231924328,0.15439684530200354,0.25,0.08591207722633154,0.33591207722633154,0.02711838662232445,0.014002695880599752,0.0900105123073339,0.07318002359867676,-0.09454569577298398
2025-05-14,0.1838806641694431,0.15640129897804395,0.25,0.09028196314748703,0.34028196314748704,0.02747936519139915,0.005923639216745064,0.08767988236394952,0.0815240145701823,-0.10164199250832927
2025-05-15,0.16901632761901006,0.14246444798255778,0.25,0.06148077560156781,0.31148077560156784,0.026551879636452266,0.02880118754591923,0.0799583621718055,0.0474349817758678,-0.0570489828570301
2025-05-16,0.16466996755445618,0.10182293465675117,0.2,0.06649290221120734,0.26649290221120736,0.062847032897705,0.06370484673874727,0.0811945437390082,0.07427426023124532,-0.04400990266336849
2025-05-19,0.13746632466587597,0.15261057056271837,0.2,0.09007689522859433,0.29007689522859437,-0.015144245896842407,0.17310016650488388,0.1578317116881551,-0.007397468950119047,-0.10500150504750884
2025-05-20,0.1377703942714973,0.1527706724316722,0.2,0.09054106670316947,0.2905410667031695,-0.015000278160174886,0.004426944877130728,0.15831201729501654,-0.0014533088462856535,-0.1118578739682062
2025-05-21,0.1399206685191578,0.15517582740252428,0.2,0.09509649592168208,0.2950964959216821,-0.015255158883366468,0.0045554292185126175,0.16552748220757282,-0.0016636803243896218,-0.11809832523308379
2025-05-22,0.1413621401181705,0.11690562930336487,0.15000000000000002,0.10826776942153535,0.2582677694215354,0.024456510814805613,0.06428039371611302,0.17200246409978376,0.02871442381031085,-0.12408642035451144
2025-05-23,0.1417107242291195,0.11723526344948583,0.15000000000000002,0.10894598767860532,0.2589459876786053,0.02447546077963367,0.0006782182570699673,0.1722809211120538,0.02942486923640367,-0.1251321726873585
2025-05-27,0.14149142026814382,0.11717853946338985,0.15000000000000002,0.10866995973153365,0.25866995973153367,0.024312880804753974,0.0015158338129675382,0.17414062991089763,0.02739498847927191,-0.12447426080443144
2025-05-28,0.15732628248993305,0.16899888762774737,0.2,0.12632517011768044,0.3263251701176805,-0.011672605137814325,0.0715869081685889,0.1854992210776334,0.02149744180560873,-0.17197884746979916
2025-05-29,0.1529124992307867,0.16500131323388023,0.2,0.1179138124646669,0.3179138124646669,-0.012088814003093494,0.01000136147993723,0.18788422681801897,0.007119712883621655,-0.15873749769236012
2025-05-30,0.17922046968809216,0.23118016427398458,0.25,0.16040063396207674,0.4104006339620767,-0.051959694585892426,0.13059941206678366,0.24354049282195372,-0.12897308434235547,-0.108688324721921
2025-06-02,0.11462068926370997,0.19827939610716075,0.2,0.11290008537087068,0.31290008537087066,-0.08365870684345078,0.09750054859120605,0.1448381883214822,-0.12134550364792965,-0.07251656414320021
2025-06-03,0.12002948357464968,0.12265962368368051,0.2,0.04268910725833019,0.2426891072583302,-0.002630140109030836,0.19264570811746018,0.03432677604366202,0.03365209500737951,-0.06008845072394903
2025-06-04,0.12262501718813049,0.12506150861805732,0.2,0.04768652580618778,0.24768652580618777,-0.002436491429926812,0.004997418547857594,0.03513656272414978,0.04004796313002211,-0.06787505156439146
2025-06-05,0.1241579320037553,0.12661006126211766,0.2,0.050767993265872946,0.25076799326587296,-0.002452129258362353,0.0030814674596851676,0.03908506848240679,0.04074511530394616,-0.0724737960112659
2025-06-06,0.12571772510019674,0.12882040457529592,0.2,0.05453812967549265,0.25453812967549266,-0.003102679475099169,0.005843692679491039,0.048826432826748575,0.03763478089913916,-0.07715317530059024
2025-06-09,0.10704886277283697,0.10955970900825353,0.2,0.016608571781090473,0.2166085717810905,-0.00251084623541656,0.17114670145658312,-0.019405890271894585,-0.0017406980466162852,0.028679127024760553
2025-06-10,0.1457349213280232,0.18273834784755694,0.25,0.0784732691755801,0.3284732691755801,-0.03700342651953373,0.11186469739448965,-0.06591317498983089,-0.0712915889942387,0.09821504354267074
2025-06-11,0.11648825399774422,0.11397098905947108,0.2,0.030459243057215275,0.2304592430572153,0.0025172649382731414,0.09801402611836484,-0.006918417621010021,-0.0425463443722226,0.041912967178413196
2025-06-12,0.11435058932661389,0.11217783074107454,0.2,0.026528420067688428,0.22652842006768845,0.0021727585855393517,0.0040505039673068895,-0.0003259021409490019,-0.042725865838892665,0.036533492223223614
2025-06-13,0.11253211042445779,0.07255469132692564,0.15000000000000002,0.03508680175138343,0.18508680175138345,0.03997741909753215,0.0771177247495065,-0.022709480033197928,-0.014886851240175424,0.06766407398077694
2025-06-16,0.07349645110518119,0.0669237453658906,0.1,0.040420196471071784,0.1404201964710718,0.006572705739290575,0.06659528664175844,-0.05476110532918785,-0.0157282479863557,0.05077123609767182
2025-06-17,0.0733955397275312,0.06677827078260551,0.1,0.040173810510136715,0.14017381051013672,0.006617268944925685,0.0007514589604794356,-0.05551871482850439,-0.014667904354089212,0.05033481234781654
2025-06-18,0.07551254893644205,0.10017969249661694,0.15000000000000002,0.025692241433058975,0.175692241433059,-0.024667143560174895,0.10608744904046954,0.0005390774898508012,-0.04528979742100618,-0.03124784938831994
2025-06-20,0.07425954888855396,0.1,0.15000000000000002,0.024259548888553948,0.17425954888855397,-0.025740451111446055,0.015121835727163116,-0.0010609824579825792,-0.06476252973701074,-0.006955134470668523
2025-06-23,0.10220292675175402,0.1674792926594524,0.2,0.0696822194112064,0.2696822194112064,-0.06527636590769836,0.10005942683643149,-0.05654383254933759,-0.10006494770592447,0.05243787797835715
2025-06-24,0.09702204206106334,0.16289519439898067,0.2,0.05991723646004399,0.259917236460044,-0.06587315233791732,0.013301068491145348,-0.035697050167291126,-0.10536907601589887,0.03868558319694197
2025-06-25,0.09609335798008593,0.16160000231875335,0.2,0.05769336029883926,0.25769336029883927,-0.0655066443386674,0.004173894676404017,-0.03862207794009005,-0.09965799600016775,0.03480000695625996
2025-06-26,0.09296495018297596,0.15863069564934745,0.2,0.0515956458323234,0.2515956458323234,-0.0656657454663715,0.0066632350963331255,-0.028388573604034212,-0.10050627694489365,0.025892086948042327
2025-06-27,0.08637582524393225,0.15282626469762867,0.2,0.03920208994156088,0.2392020899415609,-0.0664504394536964,0.012759628808979982,-0.008072089409576873,-0.10105538632221986,0.008478794092885922
2025-06-30,0.04563096342177102,0.15261757760402922,0.15000000000000002,0.048248541025800215,0.19824854102580025,-0.1069866141822582,0.07008037341921454,0.007852732812087593,-0.13654891694794274,-0.000343973317370308
2025-07-01,0.03562433548194673,0.10760174312649555,0.1,0.04322607860844228,0.14322607860844228,-0.07197740764454882,0.0833599113416661,0.022805229379486633,-0.07897535630940669,-0.027897650136433506
2025-07-02,0.0962423076567946,0.15838557932338068,0.2,0.05462788698017525,0.25462788698017524,-0.06214327166658608,0.18427042259227436,-0.11835160847586898,-0.020375314494514792,0.02515673797014198
2025-07-03,0.06677620293789224,0.06089900232168078,0.1,0.027675205259573024,0.12767520525957304,0.00587720061621147,0.18230309223974828,0.0065891809701125875,0.026107825994929744,-0.05032860881367674
2025-07-07,0.06916910569051637,0.03237442630932499,0.05,0.05154353199984136,0.10154353199984137,0.03679467938119139,0.11181351992946123,-0.05750731707154913,0.0649797948680703,0.03214348405990466
2025-07-08,0.06964748750820043,0.033157398580288926,0.05,0.05280488608848935,0.10280488608848935,0.036490088927911515,0.0013353852558774023,-0.058942462524601294,0.06743975843180623,0.032032437309060545
2025-07-09,0.0980863213919258,0.09293780061219081,0.1,0.09102412200411661,0.19102412200411661,0.0051485207797349955,0.12226847435139185,-0.14425896417577738,0.01636590077815935,0.11244750105841306
2025-07-10,0.13215929882290706,0.12309951710418404,0.2,0.05525881592709109,0.2552588159270911,0.009059781718723011,0.16929733679417727,-0.04617985039299348,-0.05029804607572766,0.06929855131255212
2025-07-11,0.13185291258331755,0.1577945976310411,0.25,0.03964751021435862,0.28964751021435864,-0.02594168504772352,0.11137429542429793,0.0233837928931232,-0.08871277259021668,-0.00684596515973597
2025-07-14,0.14174709133702884,0.1697331635869861,0.25,0.0614802549240149,0.3114802549240149,-0.027986072249957222,0.03377540669346282,0.059199490760958186,-0.07079877961450687,-0.05444249439657964
2025-07-15,0.14121410876412127,0.16978842481261489,0.25,0.06100253357673613,0.31100253357673613,-0.028574316048493625,0.008938533107663123,0.05936527443784461,-0.08332421357819697,-0.0403181127141668
2025-07-16,0.13705649188655888,0.12889892824161048,0.2,0.06595542012816934,0.26595542012816936,0.008157563644948396,0.1458158746833573,-0.06445635712735434,-0.046713118532322254,0.0866967847248314
2025-07-17,0.16424385233420483,0.15649443023045492,0.3,0.02073828256465969,0.3207382825646597,0.007749422103749931,0.18669370269282903,0.0014343099880907671,0.018048980703273872,-0.04273155700261443
2025-07-18,0.16406644009385302,0.1570368259663715,0.3,0.021103266060224477,0.3211032660602245,0.0070296141274815115,0.0011593442096679459,0.0037208015459398655,0.017389676353174583,-0.04219932028155898
2025-07-21,0.1634586337715221,0.15808632483608748,0.3,0.021544958607609542,0.3215449586076095,0.005372308935434576,0.004998858045493684,0.011881627435257988,0.01237734707300446,-0.04037590131456618
2025-07-22,0.20827155004986958,0.15872322304680148,0.25,0.11699477309667103,0.36699477309667106,0.0495483270030681,0.28028816698894427,-0.17481465014960867,0.0356705397600029,0.1404991293804015
2025-07-23,0.21032567349434517,0.15995790230540263,0.25,0.12028357579974779,0.3702835757997478,0.050367771188942534,0.0041891080105362025,-0.1809770204830355,0.03432008179881374,0.14555362511739414
2025-07-24,0.21151541163618132,0.1255402039772303,0.3,0.03705561561341163,0.33705561561341163,0.085975207658951,0.23322796018633618,-0.034546234908543916,0.013652525755201657,0.0629680861764893
2025-07-25,0.2,0.08563915883485317,0.25,0.03563915883485315,0.28563915883485314,0.11436084116514687,0.10445740406150089,0.05419329377643858,0.039020652903176675,0.013703529824944197
2025-07-28,0.15097824923575215,0.07341212216554831,0.2,0.02439037140130043,0.22439037140130044,0.07756612707020381,0.08139464972962501,-0.0029347477072563513,0.029248790934848664,0.040987575561796274
2025-07-29,0.1502650033940284,0.07273847554587053,0.2,0.0230034789398989,0.2230034789398989,0.07752652784815785,0.0020255910969015347,-0.0007950101820851062,0.03020683888809867,0.03800858774951292
2025-07-30,0.15000000000000002,0.0717409936132327,0.2,0.0217409936132327,0.2217409936132327,0.0782590063867673,0.012113101521152714,0.011375616354680332,0.035107146825148115,0.018740217659869662
2025-07-31,0.15000000000000002,0.0326838178641144,0.15000000000000002,0.0326838178641144,0.18268381786411442,0.11731618213588561,0.060942824250881704,0.017381062296571832,0.04532089484721554,0.03534949644855584
2025-08-01,0.15225414656154715,0.04324349094171477,0.15000000000000002,0.0454976375032619,0.19549763750326193,0.10901065561983238,0.1363801506048514,0.04385497137327689,0.08587550145186743,-0.00676243968464138
2025-08-04,0.15345539146108128,0.041487781600450496,0.15000000000000002,0.044943173061531755,0.19494317306153178,0.11196760986063078,0.00295695424079841,0.04233411556316228,0.08212922923818922,-0.010366174383243786
2025-08-05,0.15000000000000002,0.07821329718097919,0.2,0.028213297180979195,0.2282132971809792,0.0717867028190208,0.06826226269746931,0.02150301437214249,0.06083829694541998,0.002298580225375109
2025-08-06,0.15000000000000002,0.036563912363229104,0.15000000000000002,0.036563912363229104,0.1865639123632291,0.1134360876367709,0.05835061518224991,0.030663056138305243,0.06263272799870902,0.016395952952673064
2025-08-07,0.15000000000000002,0.037000713568307385,0.15000000000000002,0.037000713568307385,0.18700071356830741,0.11299928643169266,0.007585876219862422,0.037005219609404644,0.06832458066502067,0.005672340430496846
2025-08-08,0.15000000000000002,0.027735016489064093,0.15000000000000002,0.027735016489064093,0.17773501648906412,0.12226498351093594,0.11148492382788826,0.009819973297643178,0.0716534207879881,0.0017316553815609932
2025-08-11,0.2049558839044031,0.047797495271867066,0.2,0.052753379176270154,0.25275337917627017,0.15715838863253606,0.07617279960824673,0.023425177707304665,0.11996730810829653,-0.014867651713209265
2025-08-12,0.20816473187883533,0.05123656240780578,0.2,0.05940129428664109,0.2594012942866411,0.15692816947102955,0.006647915110370935,0.027452812945118248,0.1262568742782991,-0.024494195636505924
2025-08-13,0.20939580710346364,0.054427866376009125,0.2,0.06382367347947276,0.2638236734794728,0.1549679407274545,0.004422379192831671,0.03050319828836951,0.13278040083965786,-0.028187421310390908
2025-08-14,0.15175357643145515,0.033477985342009964,0.15000000000000002,0.035231561773465106,0.18523156177346511,0.11827559108944519,0.07859211170600765,0.005925955096217253,0.09450800092981264,-0.005260729294365427
2025-08-15,0.17506656513212693,0.08488476876653914,0.2,0.059951333898666026,0.25995133389866604,0.09018179636558778,0.08909747548022266,-0.07519969539638069,0.08412813028786272,0.020526176011754663
2025-08-18,0.07539181633263707,0.06252881536015395,0.1,0.03792063169279102,0.13792063169279103,0.012863000972483123,0.1239841499124919,-0.07617544899791122,0.015105852110312382,0.022480593970149468
2025-08-19,0.07614971573737359,0.06255892722816325,0.1,0.03870864296553683,0.13870864296553684,0.013590788509210321,0.003132321833120598,-0.07844914721212073,0.018712653554902477,0.018964128129587282
2025-08-20,0.15926249055543196,0.10847774697102741,0.15000000000000002,0.11774023752645937,0.26774023752645937,0.050784743584404546,0.14366831168739097,-0.07545819965200538,0.17543324091308224,-0.10232927201429048
2025-08-21,0.15973353508347854,0.1088329106149421,0.15000000000000002,0.11856644569842063,0.26856644569842064,0.05090062446853644,0.011740847905474975,-0.05908624005173483,0.17649873184482628,-0.12011436519870079
2025-08-22,0.16357628376644667,0.10979335119083244,0.15000000000000002,0.12336963495727912,0.2733696349572792,0.053782932575614235,0.004803189258858476,-0.06770849951055145,0.1793800535724973,-0.12302035178878856
2025-08-25,0.1671031691601942,0.11149486955526156,0.15000000000000002,0.12859803871545572,0.27859803871545574,0.05560829960493262,0.005228403758176604,-0.07466279245056932,0.18448460866578464,-0.12664671503001318
2025-08-26,0.16693162306904819,0.11158906747066608,0.15000000000000002,0.12852069053971427,0.2785206905397143,0.05534255559838212,0.0009260769177701633,-0.0731576548103019,0.18476720241199823,-0.12763721439684267
2025-08-27,0.1198226772713281,0.10747518098307851,0.1,0.1272978582544066,0.2272978582544066,0.012347496288249583,0.05864687895265457,-0.07069474741612124,0.17242554294923554,-0.13877328439786307
2025-08-28,0.11709325234491866,0.10461078964876179,0.1,0.12170404199368046,0.22170404199368046,0.012482462696156871,0.009953068957378682,-0.0772336264611,0.16383236894628536,-0.12404613057365596
2025-08-29,0.1258399875651522,0.18597160218486913,0.2,0.11181158975002128,0.3118115897500213,-0.06013161461971696,0.1387058761876206,-0.06025369620585842,0.10791480655460733,-0.1672662664895981
2025-09-02,0.12635654820515688,0.18676145622612492,0.2,0.11311800443128178,0.3131180044312818,-0.06040490802096803,0.008220230037914177,-0.07217410116085306,0.11028436867837471,-0.1568955434546176
2025-09-03,0.12944152499517458,0.18989213153243095,0.2,0.11933365652760552,0.31933365652760554,-0.06045060653725636,0.010523409527641296,-0.06571246501387673,0.11967639459729282,-0.17261210997164705
2025-09-04,0.1679859355458317,0.1619647665816082,0.2,0.1299507021274399,0.32995070212743993,0.0060211689642235,0.15342999104278038,-0.0014930468494577104,0.18589429974482458,-0.20246475978803738
2025-09-05,0.1757098879352837,0.17038869954041486,0.2,0.14609858747569854,0.34609858747569855,0.00532118839486885,0.12085074931760936,0.0308330479809883,0.18033305064025623,-0.2271296638058511
2025-09-08,0.2350325559103511,0.23705521835468973,0.3,0.17208777426504085,0.47208777426504084,-0.002022662444338616,0.14654455211000117,-0.0031580280892423134,0.2611656550640692,-0.251939639641811
2025-09-09,0.17523010429103714,0.2116745202558639,0.25,0.136904624546901,0.386904624546901,-0.03644441596482677,0.3778450152702047,-0.22569031287311137,0.11856304722336335,0.0664605135442283
2025-09-10,0.16431784530652993,0.23937005451146454,0.3,0.10368789981799445,0.40368789981799447,-0.0750522092049346,0.16285863026488537,-0.07349067761562156,0.1181101635343936,-0.11946285830396822
2025-09-11,0.22839985695449183,0.22677513254739468,0.2,0.25517498950188655,0.45517498950188656,0.0016247244070971834,0.5098691042428,-0.2298825867907981,-0.1553169840726774,0.380325397642184
2025-09-12,0.2044167812489044,0.16348516474475577,0.15000000000000002,0.21790194599366014,0.36790194599366016,0.040931616504148643,0.09672398584758699,-0.1437569461649948,-0.16949339758171833,0.34045549423426724
2025-09-15,0.21250979399622189,0.1734627645349479,0.15000000000000002,0.23597255853116977,0.3859725585311698,0.03904702946127399,0.018070612537509648,-0.15249547779746997,-0.1850339041911957,0.3703882936048437
2025-09-16,0.2102859890709243,0.170715561487377,0.15000000000000002,0.2310015505583013,0.3810015505583013,0.03957042758354734,0.0049710079728685075,-0.1468547393591617,-0.1840032278536112,0.36214668446213094
2025-09-17,0.20280002478819908,0.16552385076992043,0.15000000000000002,0.21832387555811952,0.3683238755581195,0.03727617401827865,0.01267767500018175,-0.13160093355349003,-0.17679914081110723,0.34657155230976133
2025-09-18,0.20363143945960113,0.2824108575240902,0.2,0.28604229698369127,0.4860422969836913,-0.07877941806448903,0.2177184214255718,-0.19134967024956062,-0.2695446481292428,0.39723257257227046
2025-09-19,0.17264001065541423,0.2879590475566841,0.15000000000000002,0.3105990582120983,0.46059905821209834,-0.1153190369012699,0.08181166424856967,-0.18046731571931673,-0.33745271624692597,0.4138771426700524
2025-09-22,0.22902867075296485,0.37515427233604637,0.2,0.40418294308901126,0.6041829430890113,-0.14612560158308155,0.14358388487691287,-0.2727915129604279,-0.4142944992984666,0.5254628170081391
2025-09-23,0.07810113153946593,0.1879634364611115,0.15000000000000002,0.1160645680005774,0.26606456800057743,-0.10986230492164556,0.33811837508843384,-0.17845287830245574,-0.05585051631594205,0.11389030938333439
2025-09-24,0.07621769764782185,0.1875035784785854,0.15000000000000002,0.11372127612640724,0.2637212761264073,-0.11128588083076356,0.0023432918741701537,-0.1744062459373929,-0.05424684700607264,0.11251073543575617
2025-09-25,0.07139695465995739,0.18423738589814687,0.15000000000000002,0.10563434055810425,0.2556343405581043,-0.11284043123818949,0.008086935568302984,-0.16592913230756384,-0.04826173167230835,0.10271215769444057
2025-09-26,0.029792811218160704,0.10897162466246835,0.1,0.03876443588062904,0.13876443588062903,-0.07917881344430765,0.11686990467747521,-0.08064132036581856,-0.008737113288663553,0.026914873987405014
2025-09-29,0.030652779748373264,0.10924787173067901,0.1,0.03990065147905227,0.13990065147905228,-0.07859509198230574,0.0011362155984232306,-0.08111004800237383,-0.01084829124274597,0.027743615192037017
2025-09-30,0.014567681315203777,0.055136113478320606,0.05,0.01970379479352438,0.06970379479352438,-0.04056843216311683,0.07200364635415928,-0.04370304394561133,0.002710184502947084,0.012698155932014722
2025-10-01,0.013131400446111847,0.05406873679103555,0.05,0.01720013723714739,0.06720013723714739,-0.040937336344923705,0.004085428016618578,-0.039394201338335544,0.005082840193309464,0.007123370179797157
2025-10-02,0.0,-0.0,0.0,0.0,0.0,0.0,0.06720013723714739,0.0,0.0,0.0
2025-10-03,0.0,-0.0,0.0,0.0,0.0,0.0,0.0,0.0,0.0,0.0
2025-10-06,0.0,-0.0,0.0,0.0,0.0,0.0,0.0,0.0,0.0,0.0
2025-10-07,0.0,-0.0,0.0,0.0,0.0,0.0,0.0,0.0,0.0,0.0
2025-10-08,0.0,-0.0,0.0,0.0,0.0,0.0,0.0,0.0,0.0,0.0
2025-10-09,0.0,-0.0,0.0,0.0,0.0,0.0,0.0,0.0,0.0,0.0
2025-10-10,0.0,-0.0,0.0,0.0,0.0,0.0,0.0,0.0,0.0,0.0
2025-10-13,0.0,-0.0,0.0,0.0,0.0,0.0,0.0,0.0,0.0,0.0
2025-10-14,0.013646138573375884,0.053496807238028826,0.05,0.017142945811404707,0.0671429458114047,-0.03985066866465294,0.0671429458114047,-0.025514911799891328,0.010490421714086474,-0.015423503920236325
2025-10-15,0.0,-0.0,0.0,0.0,0.0,0.0,0.0671429458114047,0.0,0.0,0.0
2025-10-16,0.0,-0.0,0.0,0.0,0.0,0.0,0.0,0.0,0.0,0.0
2025-10-17,0.013716724416340526,0.0592216592113024,0.05,0.02293838362764293,0.07293838362764293,-0.04550493479496188,0.07293838362764293,0.02766497763390721,-0.005516985129405812,-0.035633188119615765
2025-10-20,0.015097462161992226,0.1,0.1,0.015097462161992226,0.11509746216199224,-0.08490253783800777,0.07388617546158162,-0.0012672887950664971,-0.028317577328235685,-0.015707520362674497
2025-10-21,0.016722411062870007,0.1,0.1,0.016722411062870007,0.11672241106287001,-0.08327758893712998,0.005789617532457148,-0.0026757185188747493,-0.02207057438086664,-0.02542094028886864
2025-10-22,0.016238597988018143,0.1,0.1,0.016238597988018143,0.11623859798801815,-0.08376140201198186,0.0028867971943804206,-0.0002477678971198917,-0.02567505056015947,-0.022792975506775066
2025-10-23,0.01781923381337376,0.1017464595738527,0.1,0.019565693387226454,0.11956569338722646,-0.08392722576047894,0.003756239356876725,0.005239378721558075,-0.02527910252077674,-0.028178598919344548
2025-10-24,0.017960570354329887,0.10231476033438403,0.1,0.020275330688713913,0.12027533068871392,-0.08435418998005413,0.002796252244951577,0.006944281003152079,-0.022149180105580563,-0.03173253095740909
2025-10-27,0.017734600311247236,0.10255801612615234,0.1,0.020292616437399574,0.12029261643739958,-0.08482341581490511,0.0017792803186130685,0.00767404837845702,-0.019506188250689453,-0.033697612683052255
2025-10-28,0.03739205471852235,0.15000000000000002,0.15000000000000002,0.03739205471852235,0.18739205471852238,-0.11260794528147766,0.07342414478929409,-0.039292271854452186,-0.017693176866889506,-0.05519071543422536
2025-10-29,0.04905089119148658,0.2,0.2,0.04905089119148658,0.2490508911914866,-0.15094910880851342,0.06165883647296423,-0.07308683572713803,-0.018423912342617536,-0.05564192550470417
2025-10-30,0.008083139092953925,0.05,0.05,0.008083139092953925,0.05808313909295393,-0.04191686090704608,0.19096775209853267,-0.00702115066700679,-0.0021651455037427015,-0.015063121108112282
2025-10-31,0.04628279875769542,0.11011946454831696,0.1,0.056402263306012376,0.15640226330601237,-0.06383666579062154,0.2083612049518,-0.1154963573456298,-0.023352038927456464,0.030358393644950868
2025-11-03,0.04832539116841576,0.1113980276062,0.1,0.05972341877461576,0.15972341877461577,-0.06307263643778424,0.003847006736075983,-0.12241291147899971,-0.022563262026247564,0.0341940828186
2025-11-04,0.046135604348970335,0.10993734432577751,0.1,0.05607294867474784,0.15607294867474786,-0.06380173997680717,0.003650470099867919,-0.11655489572189716,-0.021851917325013855,0.02981203297733251
2025-11-05,0.018469295652388987,0.06056608804810859,0.05,0.029035383700497575,0.07903538370049758,-0.042096792395719604,0.08393280319643583,-0.02509934346586802,-0.030308543491298932,0.03169826414432576
2025-11-06,0.08540825980827953,0.10791006350738327,0.15000000000000002,0.04331832331566279,0.19331832331566282,-0.022501803699103748,0.12689473041931737,-0.08686584851759187,-0.019358930907246698,0.023730190522149808
2025-11-07,0.08210094143277104,0.10505443644751476,0.15000000000000002,0.037155377880285806,0.18715537788028583,-0.02295349501474371,0.006162945435376987,-0.07781390212418607,-0.01848892217412707,0.01516330934254427
2025-11-10,0.07959510168000425,0.10306681368428126,0.15000000000000002,0.03266191536428552,0.18266191536428555,-0.02347171200427701,0.004493462516000291,-0.07139700263799,-0.01738830240202276,0.009200441052843785
2025-11-11,0.11470108738627936,0.07566875251667707,0.15000000000000002,0.04036983990295642,0.19036983990295644,0.039032334869602295,0.1553059262973309,0.004535018798287707,-0.04410326215883807,0.07247123875174348
2025-11-12,0.11605010840508154,0.07820145039122248,0.15000000000000002,0.04425155879630401,0.19425155879630404,0.037848658013859046,0.00630015185608114,0.015760761866024292,-0.04815032521524458,0.06884358930764316
2025-11-13,0.0646999693628002,0.06604659054499167,0.1,0.030746559907791862,0.13074655990779188,-0.0013466211821914695,0.07348914140744198,-0.014976213778394736,-0.029123694310005853,0.048139771634975
2025-11-14,0.06900886654353063,0.05470534141851138,0.1,0.023714207962041996,0.123714207962042,0.014303525125019232,0.14447662535090405,-0.029695799377458414,0.014116024255534147,-0.027330800253133433
2025-11-17,0.02926356231435956,0.054769744451498105,0.05,0.03403330676585766,0.08403330676585766,-0.025506182137138546,0.06031909880381567,-0.051493979529669845,0.014309233354494307,-0.036296707413408826
2025-11-18,0.029996498307229946,0.06766562617188879,0.05,0.04766212447911873,0.09766212447911873,-0.03766912786465884,0.1816954312449764,0.0354510836791682,-0.08998949492168984,0.017545794836498162
2025-11-19,0.029925006450128067,0.06703445173010843,0.05,0.046959458180236495,0.09695945818023649,-0.03710944527998036,0.0022135975355213975,0.03129116349886838,-0.0897750193503842,0.0198121916914569
2025-11-20,0.1343646053500732,0.09319558003700942,0.15000000000000002,0.0775601853870826,0.22756018538708261,0.04116902531306377,0.1306007272068461,0.09469824882712177,-0.10309381605021956,0.0348884912839065
2025-11-21,0.1342494504998698,0.09323897686245176,0.15000000000000002,0.07748842736232156,0.22748842736232158,0.041010473637418034,0.007295574292917594,0.08399271490121397,-0.1027483514996094,0.04572421568614132
2025-11-24,0.13513475236117078,0.09550774100026715,0.15000000000000002,0.08064249336143794,0.23064249336143797,0.03962701136090363,0.006416534453549094,0.09569270999630922,-0.10540425708351238,0.04083051300449227
2025-11-25,0.13237271120519417,0.09214055037991536,0.15000000000000002,0.07451326158510953,0.22451326158510954,0.04023216082527881,0.009928708266821944,0.1013919247320495,-0.0971181336155825,0.025029726407696597
2025-11-26,0.18249968371218311,0.11705862241708281,0.2,0.09955830612926589,0.2995583061292659,0.06544106129510027,0.07504504454415635,0.16533223049254553,-0.09749905113654923,0.0358436367587029
2025-11-28,0.18284286773552488,0.11767728993079667,0.2,0.10052015766632152,0.30052015766632156,0.0651655778047282,0.0009618515370556323,0.16551685582540515,-0.09852860320657458,0.03751501396698481
2025-12-01,0.18324807829304568,0.156224958234997,0.25,0.08947303652804264,0.3394730365280426,0.027023120058048675,0.1833608788016972,0.16867487470499096,-0.06943161726359533,-0.03031261761554164
2025-12-02,0.17200962769311529,0.1375789255715177,0.25,0.059588553264632985,0.30958855326463297,0.03443070212159757,0.03635066433975216,0.10303750510003937,-0.06602888307934582,0.009699271614513755
2025-12-03,0.17243793837920723,0.13799746848954378,0.25,0.06043540686875098,0.310435406868751,0.034440469889663435,0.0008468536041179985,0.10311908537843262,-0.06731381513762161,0.010873320090198707
2025-12-04,0.12568670849435593,0.08037571253057663,0.15000000000000002,0.05606242102493255,0.20606242102493258,0.04531099596377929,0.11087052607411586,0.08185763196934527,-0.07706012548306775,0.009269505622384617
2025-12-05,0.13079876052002068,0.1254009581258112,0.2,0.056199718645831856,0.25619971864583185,0.0053978023942094795,0.19030253959749022,0.07620287437743356,-0.03173652573247779,-0.06065975582758422
2025-12-08,0.11951453710977777,0.15000000000000002,0.25,0.01951453710977777,0.2695145371097778,-0.030485462890222234,0.09443581871071849,-0.0033820879022094545,-0.039980393592264934,-0.015181129834858911
2025-12-09,0.18200681210729486,0.17419770472839563,0.3,0.05620451683569047,0.35620451683569043,0.007809107378899231,0.1234643286773286,-0.09602043632188455,0.004355967891316008,0.06823714629387086
2025-12-10,0.17743347833291762,0.1704056080691634,0.3,0.04783908640208098,0.34783908640208094,0.007027870263754191,0.010109070602724791,-0.08230043499875275,0.006971428144988964,0.05424539606250122
2025-12-11,0.183883040737309,0.17472832413369888,0.3,0.05861136487100783,0.3586113648710078,0.009154716603610134,0.011305263881776807,-0.10164912221192694,0.006171950025714024,0.06801302237538251
2025-12-12,0.1869424847071244,0.17695287964662723,0.3,0.0638953643537516,0.3638953643537516,0.009989605060497165,0.006263866988057924,-0.11082745412137313,0.00470214876774278,0.07615649017213885
2025-12-15,0.21665219999930563,0.1739461592821962,0.25,0.14059835928150183,0.39059835928150183,0.042706040717109414,0.1298377607729121,-0.1676188248005238,-0.03233777519739306,0.2218384778465886
2025-12-16,0.24141264524209377,0.22348379026183968,0.3,0.16489643550393335,0.46489643550393334,0.01792885498025408,0.07522281426314467,-0.233817164913375,-0.040420770812906154,0.2204513707855189
2025-12-17,0.23874573591678652,0.22119456905652046,0.3,0.15994030497330697,0.45994030497330696,0.01755116686026606,0.004956130530626402,-0.22875542319804892,-0.037481784552310604,0.21358370716956138
2025-12-18,0.17177916807937516,0.2034432474159371,0.25,0.1252224154953122,0.3752224154953122,-0.03166407933656193,0.22104944972470522,-0.21533750423812545,0.05449734037006569,0.10583240187774552
2025-12-19,0.17041462171666938,0.2018998255480303,0.25,0.12231444726469964,0.37231444726469964,-0.0314852038313609,0.0033707907462085136,-0.21124386515000812,0.0551915741434596,0.10050790250063121
2025-12-22,0.14246452702615342,0.1514804833152939,0.2,0.09394501034144731,0.2939450103414473,-0.00901595628914047,0.08309404650749236,-0.12739358107846027,0.062278488519819666,0.092162961426062
2025-12-23,0.14153394763502672,0.15119771825298295,0.2,0.09273166588800964,0.29273166588800964,-0.009663770617956216,0.0028347549441433174,-0.12460184290508014,0.058998077596828305,0.09459507716212048
2025-12-24,0.14094894566328164,0.15094906340086262,0.2,0.09189800906414423,0.29189800906414426,-0.010000117737580982,0.0010601725840638405,-0.12284683698984487,0.05933785123712595,0.09350933896546187
2025-12-26,0.1462264683606016,0.1548763459789151,0.2,0.10110281433951669,0.3011028143395167,-0.008649877618313494,0.01558635378351119,-0.1386794050818048,0.049765528474917844,0.11486350946182743
2025-12-29,0.1477817736750627,0.15630391486999462,0.2,0.10408568854505731,0.30408568854505735,-0.008522141194931929,0.009314372252282259,-0.14334532102518807,0.0402682814048054,0.12864346320517847
2025-12-30,0.1488024275123372,0.15693985664257032,0.2,0.10574228415490751,0.3057422841549075,-0.008137429130233118,0.001656595609850188,-0.14640728253701157,0.040854123626309066,0.12996544630140186
2025-12-31,0.10587152047356004,0.14450731120392143,0.15000000000000002,0.10037883167748149,0.25037883167748154,-0.0386357907303614,0.10535291906145333,-0.09618684885500162,-0.07142771256567851,0.13352193361176432
