date,gross_pnl,transaction_cost,net_pnl
2020-07-01,0.0009199646954309037,3.2533623630430935e-05,0.0008874310718004728
2020-07-02,-0.0010595461427990488,4.157364523691276e-06,-0.00106370350732274
2020-07-06,-0.000295330452733747,4.147316396934341e-06,-0.0002994777691306813
2020-07-07,0.00027366458277909415,2.130257111764987e-06,0.0002715343256673292
2020-07-08,-0.0005304484221835062,1.8755499935374632e-06,-0.0005323239721770437
2020-07-09,0.00016801786070615765,2.7340791665083674e-06,0.00016528378153964928
2020-07-10,0.00029932841487764577,6.478087397291646e-05,0.0002345475409047293
2020-07-13,0.0011038696437463045,5.809232159547347e-07,0.0011032887205303498
2020-07-14,0.0,4.880245661778925e-05,-4.880245661778925e-05
2020-07-15,0.0,0.0,0.0
2020-07-16,0.0,0.0,0.0
2020-07-17,0.0,0.0,0.0
2020-07-20,0.0,0.0,0.0
2020-07-21,0.0,0.0,0.0
2020-07-22,0.0,0.0,0.0
2020-07-23,0.0008962848255668744,8.076956335667432e-05,0.0008155152622102001
2020-07-24,-0.008277723097476417,3.238805962505565e-05,-0.008310111157101473
2020-07-27,0.0007308106472509275,7.367627749973068e-05,0.0006571343697511968
2020-07-28,-0.001422674861296763,3.2330820992554346e-05,-0.0014550056822893174
2020-07-29,0.00048195073390805583,3.846588964225448e-05,0.0004434848442658013
2020-07-30,0.0011998667784332221,2.9715015917353845e-07,0.0011995696282740486
2020-07-31,0.006230179612421791,6.280025954853156e-05,0.006167379352873259
2020-08-03,-0.001176382210633972,3.1190403153495015e-05,-0.0012075726137874669
2020-08-04,0.0006889015043803754,6.483808864005655e-05,0.0006240634157403188
2020-08-05,-0.0006205666469472172,3.912271657413157e-07,-0.0006209578741129584
2020-08-06,-0.0010088766163742786,3.0236601351717965e-07,-0.0010091789823877958
2020-08-07,0.001400027892591874,5.18629262994434e-07,0.0013995092633288795
2020-08-10,0.0005530709164210433,1.5170090277190993e-06,0.0005515539073933242
2020-08-11,-0.0009712918587881855,1.9773456498270187e-07,-0.0009714895933531682
2020-08-12,-0.002299146745647714,2.960696059150201e-05,-0.002328753706239216
2020-08-13,-0.005820794468646354,3.7957937885162175e-05,-0.005858752406531516
2020-08-14,-0.0008813813828129665,3.3319516377413853e-06,-0.0008847133344507079
2020-08-17,-0.0016172260420950647,4.3105858149744185e-05,-0.001660331900244809
2020-08-18,0.002720365070630892,8.505759591728845e-07,0.002719514494671719
2020-08-19,0.0016777378182195977,3.671751745482305e-05,0.0016410203007647746
2020-08-20,0.000637626302071032,0.00010076272514240987,0.0005368635769286221
2020-08-21,-0.0044338191045455114,3.402765959421091e-05,-0.004467846764139722
2020-08-24,-0.0002531392282691957,3.5385782918734205e-05,-0.0002885250111879299
2020-08-25,0.0010741198981188379,2.532974959601055e-06,0.0010715869231592368
2020-08-26,-0.009984634922417997,3.906319481776309e-05,-0.01002369811723576
2020-08-27,0.002765484451970954,0.00015629558012099915,0.0026091888718499548
2020-08-28,0.001104548500925097,4.138650224254641e-05,0.0010631619986825507
2020-08-31,0.00037753760819429327,3.813105587370095e-05,0.0003394065523205923
2020-09-01,0.0016434307607549707,3.7728587998926935e-05,0.0016057021727560437
2020-09-02,-0.0008909218402487128,6.461294397434412e-05,-0.0009555347842230569
2020-09-03,0.0016419886237925565,1.1708042946002533e-06,0.0016408178194979562
2020-09-04,0.0007856678330043639,2.028053940661648e-06,0.0007836397790637023
2020-09-08,0.0012079143580164102,3.966453270462195e-05,0.0011682498253117882
2020-09-09,-0.002083003778918273,3.456380042846322e-07,-0.0020833494169225576
2020-09-10,0.0002838519421136498,1.2288082254870525e-06,0.00028262313388816273
2020-09-11,0.00010179116295400386,3.41949209443224e-05,6.759624200968145e-05
2020-09-14,-0.005870210122761554,7.898295293408553e-05,-0.00594919307569564
2020-09-15,-0.002934716432167466,1.554181450121699e-06,-0.0029362706136175877
2020-09-16,0.003311764090304438,3.165268724047561e-05,0.0032801114030639625
2020-09-17,-0.000101541222886897,3.630336900223379e-05,-0.00013784459188913078
2020-09-18,0.0018654875276461391,3.153828338330572e-05,0.0018339492442628333
2020-09-21,-0.0013451591531175523,5.56488867780174e-07,-0.0013457156419853324
2020-09-22,-0.0014762220213903072,1.206848354339353e-06,-0.0014774288697446466
2020-09-23,0.0037413085293901286,1.1505861463973868e-06,0.003740157943243731
2020-09-24,-0.0009701907079891366,1.4634001109392363e-06,-0.0009716541081000758
2020-09-25,-0.0029573476245902887,3.324268881621387e-07,-0.0029576800514784507
2020-09-28,-0.0019516388230486404,5.828762523466848e-06,-0.0019574675855721074
2020-09-29,-4.077506696390328e-05,3.604479000746291e-05,-7.68198569713662e-05
2020-09-30,-0.00040906559253432403,1.745798988127918e-07,-0.00040924017243313684
2020-10-01,-0.0013279320567790363,3.627648477998767e-05,-0.001364208541559024
2020-10-02,0.002732370433228291,4.6548586044174325e-05,0.002685821847184117
2020-10-05,-0.0008009316935076371,3.601454994921773e-05,-0.0008369462434568548
2020-10-06,-0.00014000764495365457,2.1696598441252196e-06,-0.0001421773047977798
2020-10-07,-0.0012646967894734175,3.5865406760551724e-05,-0.001300562196233969
2020-10-08,0.00019181055861210213,2.568997723836737e-06,0.0001892415608882654
2020-10-09,-0.0002727557653520781,2.1281369598167616e-06,-0.00027488390231189487
2020-10-12,-0.0008111441077564793,7.450040707291723e-05,-0.0008856445148293964
2020-10-13,0.0006493729916689911,3.5070260047337524e-06,0.0006458659656642573
2020-10-14,0.0003059360799209982,3.2675810073912106e-05,0.0002732602698470861
2020-10-15,-0.0002901858062289475,1.024767888883766e-06,-0.00029121057411783126
2020-10-16,-0.00012001515120812406,8.053177851376662e-06,-0.0001280683290595007
2020-10-19,0.0010116061666496396,7.038528481318082e-05,0.0009412208818364588
2020-10-20,-5.633832287297136e-05,6.02773403673758e-07,-5.694109627664512e-05
2020-10-21,-5.367850387174626e-05,2.264478977338208e-07,-5.390495176948008e-05
2020-10-22,-8.680872056881796e-05,1.9471288813251256e-07,-8.700343345695047e-05
2020-10-23,-0.0003217154910591414,7.778123783635848e-07,-0.00032249330343750497
2020-10-26,0.0011589353557936207,5.218685757700423e-07,0.0011584134872178508
2020-10-27,-0.0006694155720797554,3.4604504149260743e-06,-0.0006728760224946816
2020-10-28,0.00016808459652827067,4.578794591537543e-05,0.00012229665061289525
2020-10-29,-9.11236701701155e-05,4.34956802036421e-07,-9.155862697215192e-05
2020-10-30,-0.0008658436220936024,3.790497785506014e-07,-0.000866222671872153
2020-11-02,0.00010168570693103927,4.462340708517178e-05,5.706229984586749e-05
2020-11-03,-0.0008020542159312507,1.1137258920162572e-06,-0.000803167941823267
2020-11-04,0.0012855705734112727,5.850165719131547e-07,0.0012849855568393596
2020-11-05,6.406765569590307e-05,6.753228280275908e-05,-3.464627106856006e-06
2020-11-06,0.0009793246136887207,0.00014699845328163084,0.0008323261604070898
2020-11-09,-0.0037856931618646867,1.0157966727348082e-06,-0.0037867089585374215
2020-11-10,-0.005920581379168886,2.890540720443369e-06,-0.005923471919889329
2020-11-11,0.00450517758458485,3.429949818313509e-05,0.004470878086401715
2020-11-12,-0.0026508514117283407,4.0308033678989455e-06,-0.0026548822150962398
2020-11-13,0.0011008740167742436,2.0364408136969627e-06,0.0010988375759605467
2020-11-16,-8.645546343322077e-05,3.0510373921510334e-07,-8.676056717243586e-05
2020-11-17,0.0012452956883480177,9.038429377014135e-06,0.0012362572589710037
2020-11-18,-0.0009419727559682882,7.928902144003387e-07,-0.0009427656461826886
2020-11-19,0.0007991383596962001,0.00011148543205551594,0.0006876529276406842
2020-11-20,-0.0009751668188140539,6.193874200406575e-07,-0.0009757862062340946
2020-11-23,0.0021996379495411063,1.2241719797287848e-06,0.0021984137775613775
2020-11-24,0.0005308678765755422,3.843685053516133e-05,0.0004924310260403808
2020-11-25,-0.00012295616403777164,5.108109598318162e-05,-0.00017403726002095327
2020-11-27,0.0008726430273054357,4.713405395629707e-07,0.0008721716867658727
2020-11-30,0.0017256474813601413,3.467100312392575e-06,0.0017221803810477487
2020-12-01,0.00032529042405842574,9.024159863617673e-05,0.00023504882542224901
2020-12-02,-0.0008615762044425487,4.72354614338274e-05,-0.0009088116658763761
2020-12-03,0.0005412967643361857,3.984179143558837e-05,0.0005014549729005974
2020-12-04,0.0008042551429616417,3.0628919566651414e-05,0.0007736262233949902
2020-12-07,1.2116071157272908e-05,6.0883869198501226e-05,-4.876779804122832e-05
2020-12-08,0.0010031025936287907,1.2601469476842611e-06,0.0010018424466811066
2020-12-09,0.0006695170698886863,6.354492354471221e-07,0.0006688816206532392
2020-12-10,-0.0011359909666027236,9.198702519213756e-05,-0.0012279779917948612
2020-12-11,0.0005700690093537455,1.2533311125947238e-06,0.0005688156782411508
2020-12-14,0.0009955354855168174,5.5751411934614724e-05,0.0009397840735822027
2020-12-15,-0.001124205754675985,9.527641392451786e-05,-0.001219482168600503
2020-12-16,-0.000144264232227473,6.553539023904277e-05,-0.00020979962246651577
2020-12-17,-0.0008515685026776609,1.301752333727718e-06,-0.0008528702550113887
2020-12-18,-0.00012584566318756668,1.8775131948560725e-06,-0.00012772317638242274
2020-12-21,-0.00029267296200989054,8.103170322661503e-05,-0.00037370466523650557
2020-12-22,-0.0009896931288938295,5.537995533336894e-07,-0.000990246928447163
2020-12-23,-0.00019811582072373952,0.00011161178907104329,-0.0003097276097947828
2020-12-24,-0.00015193086337459457,6.445159742974091e-07,-0.000152575379348892
2020-12-28,-0.0015867911675836242,3.142659610957971e-05,-0.0016182177636932039
2020-12-29,0.0005968269111203683,2.9401447527404746e-07,0.0005965328966450943
2020-12-30,0.00040814620357700526,1.0296434929220905e-06,0.0004071165600840832
2020-12-31,0.00038348058885931906,2.4167317175303313e-07,0.000383238915687566
2021-01-04,0.0010101497270856759,1.7494896861166417e-06,0.0010084002373995592
2021-01-05,-0.0005281159155898898,1.839600591402643e-07,-0.00052829987564903
2021-01-06,0.0013052297527828287,5.768146154091805e-07,0.0013046529381674195
2021-01-07,-0.0012204981921950283,4.85789297173577e-07,-0.0012209839814922019
2021-01-08,0.00022625272233131713,3.282289117581013e-05,0.000193429831155507
2021-01-11,0.0010248158813087147,3.890678136746136e-05,0.0009859090999412533
2021-01-12,-0.002121291544903464,3.88949893423057e-05,-0.0021601865342457697
2021-01-13,-0.003464566870965959,3.7395499177989364e-06,-0.003468306420883758
2021-01-14,-0.003089371568524802,4.2325811211578534e-05,-0.0031316973797363805
2021-01-15,0.00010227610393209299,3.218405677420057e-05,7.009204715789242e-05
2021-01-19,-0.002005044179524958,3.197008071244631e-05,-0.0020370142602374043
2021-01-20,0.0006010249982093944,7.94947049986788e-07,0.0006002300511594076
2021-01-21,0.0009774100356445526,6.201325534074626e-05,0.0009153967803038063
2021-01-22,0.0009365111669331934,5.013856401997493e-06,0.0009314973105311959
2021-01-25,-0.0005459533751168211,3.9369514414696436e-05,-0.0005853228895315176
2021-01-26,0.0004494450280935845,3.866886574108297e-05,0.0004107761623525015
2021-01-27,-0.004485013534199314,3.865388651489894e-07,-0.004485400073064463
2021-01-28,0.0003640994992917956,5.202316684673817e-05,0.0003120763324450575
2021-01-29,0.001534215537424868,1.2822299891100449e-06,0.001532933307435758
2021-02-01,0.00030250782337837073,4.494038486576917e-05,0.00025756743851260155
2021-02-02,0.0015527366792726764,4.456707924801076e-05,0.0015081696000246655
2021-02-03,-0.0007895836866896647,4.32333154670103e-05,-0.000832817002156675
2021-02-04,0.0006918120007662731,6.856786054969064e-05,0.0006232441402165825
2021-02-05,-0.0009981876076618505,7.027283369701121e-07,-0.0009988903359988207
2021-02-08,0.001521100078811654,7.54609432473828e-06,0.0015135539844869158
2021-02-09,0.00021412192243043028,4.513803638753813e-05,0.00016898388604289215
2021-02-10,0.0016900169794819013,9.666367968199858e-07,0.0016890503426850814
2021-02-11,-0.0011214205181501672,8.267318479381413e-05,-0.0012040937029439813
2021-02-12,0.0012073576800386736,7.103099189827028e-05,0.0011363266881404034
2021-02-16,-0.004573916254987962,7.024514924528044e-05,-0.004644161404233242
2021-02-17,0.00034907578000953614,3.43627587708009e-05,0.00031471302123873526
2021-02-18,7.618539775716981e-05,3.6648947009865796e-06,7.252050305618323e-05
2021-02-19,-0.0017049412161729526,4.687565113495346e-07,-0.001705409972684302
2021-02-22,0.0037563318793426273,8.948142658157096e-07,0.0037554370650768115
2021-02-23,0.0018201311458439337,3.2505628157475655e-05,0.001787625517686458
2021-02-24,-0.0014113209398750757,3.5545589647169544e-05,-0.0014468665295222453
2021-02-25,0.0025422609766819503,4.407834247854408e-05,0.002498182634203406
2021-02-26,-0.0013566164523180358,1.7589292880113172e-06,-0.001358375381606047
2021-03-01,0.002216808551133401,3.138151229365765e-06,0.0022136703999040353
2021-03-02,-0.000784449556873148,4.637963389857937e-05,-0.0008308291907717274
2021-03-03,-0.0008248210255399376,5.123607841482799e-07,-0.0008253333863240858
2021-03-04,-0.0004117708585178145,9.665596535382647e-07,-0.0004127374181713528
2021-03-05,0.00027015308983169186,7.339562247026667e-07,0.0002694191336069892
2021-03-08,-0.005972249602984184,7.227239910838057e-05,-0.006044522002092565
2021-03-09,0.002890159528394441,7.713519294810414e-06,0.0028824460090996302
2021-03-10,-0.00046159198872962044,1.7624829524747512e-06,-0.0004633544716820952
2021-03-11,0.005242983032124228,1.018883810996598e-06,0.0052419641483132315
2021-03-12,-0.0003415731625389014,4.912699786188389e-05,-0.00039070016040078533
2021-03-15,0.001944221457752563,4.32268037545938e-05,0.001900994653997969
2021-03-16,0.0006330849692852546,3.0328732116752203e-07,0.0006327816819640871
2021-03-17,0.0005506460151842438,3.0851137480621645e-08,0.0005506151640467632
2021-03-18,0.0,3.9278528006582134e-05,-3.9278528006582134e-05
2021-03-19,0.0,0.0,0.0
2021-03-22,0.0,0.0,0.0
2021-03-23,0.00018450138156511734,4.322411586857112e-05,0.00014127726569654624
2021-03-24,0.0003871708092411071,4.940187750185673e-07,0.00038667679046608855
2021-03-25,-0.0006361331677419671,3.4120195871163464e-05,-0.0006702533636131306
2021-03-26,-0.003983472067502332,7.959557764250477e-07,-0.0039842680232787565
2021-03-29,0.00043743342627713554,6.658979316267069e-06,0.00043077444696086847
2021-03-30,0.0009103553705637782,5.073631766839351e-05,0.0008596190528953846
2021-03-31,0.0002191046219408193,3.6805591729957125e-05,0.00018229903021086216
2021-04-01,-0.0006095610822052548,4.15416515172834e-05,-0.0006511027337225382
2021-04-05,-0.000300409220417469,4.475381309340327e-05,-0.0003451630335108723
2021-04-06,-0.0006708386770481393,7.417164213550092e-06,-0.0006782558412616894
2021-04-07,0.0008387827403626,4.971559269647506e-07,0.0008382855844356353
2021-04-08,-0.00035333023093585833,3.441335696452039e-05,-0.00038774358790037873
2021-04-09,0.0004736310898268343,6.435437348696725e-06,0.0004671956524781376
2021-04-12,-0.0024998387077404902,4.269943631138919e-06,-0.002504108651371629
2021-04-13,8.707035800619247e-06,4.3495934980530494e-05,-3.478889917991125e-05
2021-04-14,-0.001472311625572137,3.965696241969107e-05,-0.0015119685879918282
2021-04-15,0.0019486812409625636,1.7058816680727875e-06,0.0019469753592944907
2021-04-16,7.552569910198407e-05,9.267025251062954e-05,-1.7144553408645472e-05
2021-04-19,0.0009610821445436683,5.490192047860167e-07,0.0009605331253388822
2021-04-20,0.0003533062808599103,9.11396843980154e-05,0.00026216659646189494
2021-04-21,0.0024906175838282766,4.8169820370643554e-05,0.002442447763457633
2021-04-22,-0.00017059671668512646,5.136372102154307e-05,-0.00022196043770666954
2021-04-23,-0.00018621782911773006,2.808230392178394e-07,-0.0001864986521569479
2021-04-26,0.0005340136297711807,1.1278045106216332e-05,0.0005227355846649643
2021-04-27,9.553387921046148e-05,8.433797198789654e-05,1.1195907222564939e-05
2021-04-28,-0.0009500932380487196,1.3127759398641955e-06,-0.0009514060139885837
2021-04-29,-0.0013538933920815791,4.019627772176085e-05,-0.00139408966980334
2021-04-30,0.0019588067746435034,3.926763271675744e-06,0.0019548800113718275
2021-05-03,0.0012515272667580606,3.6076704780267566e-06,0.001247919596280034
2021-05-04,0.0021907628138262145,4.619293834232531e-05,0.002144569875483889
2021-05-05,0.0005526455012984798,4.4503605397816266e-05,0.0005081418959006635
2021-05-06,0.00015695329732262294,6.628997900212934e-05,9.06633183204936e-05
2021-05-07,-0.0005257261344242546,3.6393845841064936e-05,-0.0005621199802653196
2021-05-10,0.002185555663319706,3.817991978875973e-07,0.0021851738641218183
2021-05-11,-0.00012280891734644107,3.875035845449541e-06,-0.00012668395319189062
2021-05-12,0.0018811468834253183,1.6419300604136183e-07,0.0018809826904192769
2021-05-13,0.0011443893200639892,3.410027902124556e-05,0.0011102890410427436
2021-05-14,-0.0005124568627562366,4.183767298099166e-06,-0.0005166406300543357
2021-05-17,-0.00033595137626317266,1.0357753035899137e-06,-0.0003369871515667626
2021-05-18,-0.00029678516551327814,3.6116938815489756e-05,-0.0003329021043287679
2021-05-19,-0.00113881026111431,5.903197322048321e-07,-0.0011394005808465148
2021-05-20,-0.0006980384722074376,3.041318231387713e-05,-0.0007284516545213148
2021-05-21,0.00045190535039962257,4.397067251427172e-06,0.00044750828314819537
2021-05-24,-0.0014333879943841889,4.648465810659681e-05,-0.0014798726524907857
2021-05-25,-0.00021401071973248275,8.444392752105233e-06,-0.00022245511248458798
2021-05-26,-0.000835201918464174,4.168322743430337e-06,-0.0008393702412076043
2021-05-27,0.0008105988743704708,6.494883094828189e-07,0.000809949386060988
2021-05-28,-0.005875637999489861,3.538216039424419e-07,-0.005875991821093804
2021-06-01,-0.0010751685119963902,3.6016183233197e-05,-0.0011111846952295873
2021-06-02,-0.0022906007255741215,2.3342807860304587e-06,-0.002292935006360152
2021-06-03,0.0006282683788120485,4.831280013644285e-05,0.0005799555786756056
2021-06-04,0.00031536313880570633,7.532501222982727e-07,0.00031460988868340804
2021-06-07,0.0007953073881210899,6.274950288257244e-07,0.0007946798930922642
2021-06-08,4.2791234998190196e-05,2.7544332897927443e-06,4.003680170839745e-05
2021-06-09,0.0007941900700715271,1.069074667499675e-06,0.0007931209954040275
2021-06-10,0.0006237475888719553,4.545353330302831e-05,0.000578294055568927
2021-06-11,-0.0004221410260477383,4.088433422687457e-05,-0.00046302536027461287
2021-06-14,-0.0010138526643270198,9.090447512802558e-07,-0.0010147617090783
2021-06-15,0.0004455709605570825,1.4069704674693498e-06,0.00044416399008961313
2021-06-16,0.0003089628516591196,7.551122624836031e-07,0.000308207739396636
2021-06-17,0.00046333149372355205,4.3118267927306036e-05,0.000420213225796246
2021-06-18,-0.0007496810961530145,4.0836795518276877e-05,-0.0007905178916712913
2021-06-21,0.0011924728292735812,4.2394108856032974e-05,0.0011500787204175482
2021-06-22,-0.00020323996228822458,3.275676609345964e-05,-0.0002359967283816842
2021-06-23,-0.00018183035766433685,5.942378396817101e-06,-0.00018777273606115395
2021-06-24,-0.0006009085770273088,2.6618094912128775e-06,-0.0006035703865185216
2021-06-25,0.00018422784963835582,3.0887190313293135e-07,0.00018391897773522287
2021-06-28,-0.0004679209463719107,3.1449250339303036e-07,-0.0004682354388753037
2021-06-29,0.00036444430018163905,3.365536524189311e-05,0.00033078893493974595
2021-06-30,0.000729357179298817,3.465378276884785e-06,0.0007258918010219323
2021-07-01,0.0011316922136807468,4.29156643748737e-05,0.0010887765493058732
2021-07-02,0.0013458358675517647,3.1862411564863564e-05,0.0013139734559869012
2021-07-06,0.0,4.568865612911752e-05,-4.568865612911752e-05
2021-07-07,0.0001947757606301154,4.002662446361847e-05,0.00015474913616649695
2021-07-08,0.00027696531711429983,5.074579452732326e-05,0.00022621952258697656
2021-07-09,-0.0007872373007828422,1.734086207735939e-06,-0.0007889713869905781
2021-07-12,-0.00013101549552109985,1.175384719323021e-06,-0.00013219088024042286
2021-07-13,0.0001236667215738677,1.0387900461609193e-06,0.00012262793152770677
2021-07-14,0.00027878256263163105,7.094162378630115e-05,0.00020784093884532992
2021-07-15,0.0006651400250788913,1.9301130159354168e-07,0.0006649470137772977
2021-07-16,-0.00043430165158705086,9.11079480789614e-07,-0.00043521273106784047
2021-07-19,0.00078579875839573,9.101886418018401e-05,0.000694779894215546
2021-07-20,-0.0003156096246049713,3.8285600322525384e-05,-0.0003538952249274967
2021-07-21,0.0043353661590418684,5.2803763649751374e-05,0.004282562395392117
2021-07-22,-0.0002464856656464481,7.652789398464772e-05,-0.00032301355963109584
2021-07-23,0.002077358391964255,3.334416818309928e-05,0.0020440142237811557
2021-07-26,0.0008825600883877465,7.540134442472188e-05,0.0008071587439630245
2021-07-27,-0.0016253884798613902,6.034072477919762e-06,-0.00163142255233931
2021-07-28,0.0009359007160694267,1.1470300013538396e-05,0.0009244304160558883
2021-07-29,-0.000857432119716836,6.369337000060508e-05,-0.0009211254897174411
2021-07-30,-0.0012730500623813772,3.3197761084020995e-05,-0.001306247823465398
2021-08-02,0.0008681746051711313,0.00011143489270655766,0.0007567397124645736
2021-08-03,0.0005106799517567181,1.18526433625879e-06,0.0005094946874204593
2021-08-04,0.001425783979640247,4.086869259868338e-05,0.0013849152870415637
2021-08-05,0.0013391885888120688,7.1942949906771975e-06,0.0013319942938213917
2021-08-06,-0.00026484000364362107,3.227622448955552e-05,-0.00029711622813317657
2021-08-09,-0.00026791182945961424,4.10808123849105e-05,-0.00030899264184452475
2021-08-10,-0.0007118747788286562,4.021049341920274e-06,-0.0007158958281705765
2021-08-11,-0.000502346382578419,1.1054651324679251e-06,-0.000503451847710887
2021-08-12,0.00045593678245387653,4.800253920819308e-07,0.0004554567570617946
2021-08-13,0.00016759630757047587,3.300827744632884e-05,0.00013458803012414704
2021-08-16,-0.0006052929026736148,3.250259505259195e-05,-0.0006377954977262067
2021-08-17,0.0012931695367196941,5.1084298312229764e-05,0.0012420852384074643
2021-08-18,0.00024311206995023294,3.284372845737817e-05,0.00021026834149285477
2021-08-19,-0.0009110813749813498,2.389995795010467e-07,-0.0009113203745608508
2021-08-20,-0.0007171117291774233,6.700306428714953e-05,-0.0007841147934645728
2021-08-23,0.0008103851272182254,3.0488612606524207e-05,0.0007798965146117012
2021-08-24,-0.0006983541887476471,3.074027138599593e-05,-0.000729094460133643
2021-08-25,0.0,4.3182696335754094e-05,-4.3182696335754094e-05
2021-08-26,0.0,0.0,0.0
2021-08-27,0.00033238115919097103,4.0697661028516396e-05,0.00029168349816245464
2021-08-30,0.00032623110177179093,3.293092586351947e-05,0.0002933001759082715
2021-08-31,-5.705228439538903e-05,4.652745737518785e-05,-0.00010357974177057688
2021-09-01,2.9802803673286527e-05,3.6058821881255233e-06,2.6196921485161005e-05
2021-09-02,0.0007138936858705985,3.285040914125973e-05,0.0006810432767293388
2021-09-03,-0.0004280430429701903,1.163725680044656e-06,-0.00042920676865023494
2021-09-07,-0.00022112091841391994,5.662808656020353e-05,-0.0002777490049741235
2021-09-08,0.0008779672505851589,4.107955248342285e-05,0.0008368876981017361
2021-09-09,0.00029674835907072584,4.634067574689298e-07,0.0002962849523132569
2021-09-10,0.0013395041323275537,3.716056450275439e-05,0.0013023435678247992
2021-09-13,-0.002773714771045511,0.00010756942764760743,-0.0028812841986931184
2021-09-14,-0.0002954511663795821,6.820438838873097e-05,-0.00036365555476831305
2021-09-15,-0.0010082762498812435,4.631452820833205e-05,-0.0010545907780895756
2021-09-16,0.00039099439070618293,6.555134553216428e-05,0.0003254430451740186
2021-09-17,-0.002160831829936162,1.1777597448212042e-06,-0.002162009589680983
2021-09-20,0.0009438676584620939,3.4164245934202724e-05,0.0009097034125278912
2021-09-21,0.0002607048375082518,4.986003151906448e-06,0.0002557188343563454
2021-09-22,0.00047189441238203465,9.294303251765222e-07,0.00047096498205685813
2021-09-23,-0.00030323452384106335,5.876817352598722e-06,-0.00030911134119366207
2021-09-24,0.0005374503970968782,5.431040675384681e-05,0.00048313999034303143
2021-09-27,0.00049878874357541,5.031640418284023e-07,0.0004982855795335816
2021-09-28,-0.0001934617896661244,6.346241455808077e-05,-0.00025692420422420516
2021-09-29,0.0015125853809214952,8.255139052662265e-07,0.0015117598670162289
2021-09-30,-0.00046418533457764585,3.974371597128808e-05,-0.0005039290505489339
2021-10-01,4.3970943779283675e-05,2.129766971445652e-06,4.1841176807838025e-05
2021-10-04,0.0006469682795870438,6.755428785390075e-05,0.0005794139917331431
2021-10-05,-0.000939856606776206,1.2919220450557188e-06,-0.0009411485288212617
2021-10-06,-0.00037047006899721297,3.180835123940772e-05,-0.0004022784202366207
2021-10-07,-1.1813845664246803e-05,4.146886458832157e-05,-5.328271025256837e-05
2021-10-08,3.5925547441532826e-05,1.2564275060869313e-05,2.336127238066351e-05
2021-10-11,-0.0004039468665726359,1.0069900918533004e-06,-0.0004049538566644892
2021-10-12,-0.0015453413109064165,4.997964428188371e-05,-0.0015953209551883
2021-10-13,0.00014332457615250248,6.641295535538545e-06,0.00013668328061696393
2021-10-14,0.0012356113604044285,2.579309219227571e-06,0.0012330320511852008
2021-10-15,-3.9993660106319284e-05,3.7309146621284167e-06,-4.3724574768447704e-05
2021-10-18,-0.0006972908669384734,0.00010874671572625354,-0.0008060375826647269
2021-10-19,-0.00019465459539015043,6.1633493260326924e-06,-0.00020081794471618313
2021-10-20,0.00031749179706140243,3.377634993133624e-07,0.0003171540335620891
2021-10-21,0.0001520754016538552,2.266017464836297e-06,0.00014980938418901888
2021-10-22,0.0,4.5849448504616436e-05,-4.5849448504616436e-05
2021-10-25,-0.00032245692112342454,5.3542759437244716e-05,-0.00037599968056066925
2021-10-26,-0.0011955728766712159,2.599433674922429e-06,-0.0011981723103461383
2021-10-27,-5.057560576317174e-05,5.252696890674776e-05,-0.0001031025746699195
2021-10-28,-0.00021639484000768037,9.553590890583911e-05,-0.0003119307489135195
2021-10-29,-0.0012596983373421675,5.115181621488367e-05,-0.001310850153557051
2021-11-01,0.00020401836193881376,1.6933968463787255e-06,0.00020232496509243504
2021-11-02,-0.0010107423397260962,1.86311905888578e-06,-0.001012605458784982
2021-11-03,0.0004676973429315365,3.543747036413128e-05,0.0004322598725674052
2021-11-04,-0.008182765665520198,4.414250031272893e-05,-0.008226908165832927
2021-11-05,-0.001055425475962804,9.510666191359648e-05,-0.0011505321378764003
2021-11-08,-0.004482658657859474,4.2201843486946716e-05,-0.0045248605013464204
2021-11-09,-4.7260455444179256e-05,4.7320857156716666e-05,-9.458131260089593e-05
2021-11-10,-0.0010690640779215128,5.150609291927725e-07,-0.0010695791388507056
2021-11-11,-0.00015102860048117256,5.1618105632912844e-05,-0.0002026467061140854
2021-11-12,-6.430603871919582e-05,2.1508257782255424e-06,-6.645686449742136e-05
2021-11-15,0.00025577691102993746,9.528355917354007e-07,0.00025482407543820203
2021-11-16,0.0013038834027766998,7.688759502393985e-07,0.0013031145268264605
2021-11-17,0.0003855734274125907,3.1779633958459473e-06,0.00038239546401674473
2021-11-18,-0.0009392451246478683,3.213925958802722e-05,-0.0009713843842358955
2021-11-19,-0.00041438571688886855,2.155998997882487e-06,-0.000416541715886751
2021-11-22,0.0006448266905875967,5.609773493125969e-08,0.0006447705928526654
2021-11-23,-0.0018577565861290948,3.210821715656938e-05,-0.0018898648032856641
2021-11-24,0.0008782098477857637,4.877123246827948e-06,0.0008733327245389358
2021-11-26,0.0001379757489926261,3.676976036169747e-06,0.00013429877295645634
2021-11-29,0.0005565365162603827,2.157588987109445e-06,0.0005543789272732733
2021-11-30,-0.0036324266929951923,7.446851032914639e-05,-0.0037068952033243387
2021-12-01,-0.0003870088156009675,2.2095682317184277e-05,-0.0004091044979181518
2021-12-02,-0.00029650027285375467,3.834744288162052e-05,-0.0003348477157353752
2021-12-03,-0.0017612542839289184,3.949973419412152e-06,-0.0017652042573483306
2021-12-06,0.0004004588403699979,4.486116212437887e-05,0.00035559767824561904
2021-12-07,0.0008985941081973336,2.2868630652828416e-07,0.0008983654218908053
2021-12-08,0.0010881833257943595,7.577387855982035e-05,0.0010124094472345393
2021-12-09,0.0003181263389177982,7.458377821526849e-05,0.0002435425607025297
2021-12-10,-0.0048966410695623795,0.00011908794465042548,-0.0050157290142128046
2021-12-13,-0.00332029528272397,6.537611209790051e-05,-0.0033856713948218708
2021-12-14,0.002638098390898714,2.74378827107483e-06,0.0026353546026276395
2021-12-15,0.0036660716255660316,4.219249168957728e-05,0.003623879133876454
2021-12-16,-0.009443517073013762,4.152080698628791e-05,-0.00948503788000005
2021-12-17,0.0002299125949057516,6.169779063162445e-05,0.00016821480427412714
2021-12-20,-0.0007857813238690884,7.00738374189882e-05,-0.0008558551612880766
2021-12-21,0.004130306515349666,1.4443800990181413e-06,0.004128862135250648
2021-12-22,-0.00048096118641859954,4.717917920819704e-05,-0.0005281403656267966
2021-12-23,0.00021496814045723146,6.91290818893154e-05,0.00014583905856791607
2021-12-27,0.0036425034766532395,4.617232102909613e-05,0.0035963311556241433
2021-12-28,-0.0015514700936403417,1.4372602047154313e-07,-0.0015516138196608133
2021-12-29,-0.00242014181212675,5.290458692981837e-06,-0.002425432270819732
2021-12-30,-0.0009333115431862725,5.5483958713466644e-05,-0.0009887955018997392
2021-12-31,-0.0007468452145295794,3.7426130790848243e-07,-0.0007472194758374879
2022-01-03,0.0022538755135828423,1.6929735094787548e-07,0.0022537062162318942
2022-01-04,-0.0011397528159932133,4.270021458318589e-05,-0.0011824530305763992
2022-01-05,-0.004359626152164628,1.603577734701712e-06,-0.00436122972989933
2022-01-06,4.931233935395432e-05,3.3223600611441294e-06,4.598997929281019e-05
2022-01-07,-0.00016615020669611807,1.9835487687499404e-07,-0.00016634856157299305
2022-01-10,-0.0006395593780702721,3.3673253065588677e-06,-0.0006429267033768309
2022-01-11,0.0016139907924846931,9.38755537939465e-05,0.0015201152386907467
2022-01-12,-5.152100191944778e-05,9.438529719077429e-07,-5.246485489135552e-05
2022-01-13,-0.0010424349329261583,9.790432100493917e-07,-0.0010434139761362077
2022-01-14,0.0005914577154706817,3.255452070681383e-05,0.0005589031947638679
2022-01-18,0.0010363409447291885,5.129384952261471e-05,0.0009850470952065737
2022-01-19,0.0009484631277728655,5.142083666758493e-07,0.0009479489194061896
2022-01-20,0.001239241787167141,1.5873335786312395e-06,0.0012376544535885098
2022-01-21,-0.0009536811556154203,4.0098800153409054e-05,-0.0009937799557688295
2022-01-24,0.0007477118506964235,3.3358740516037525e-06,0.0007443759766448198
2022-01-25,7.352794812757305e-05,4.4877281136562515e-06,6.90402200139168e-05
2022-01-26,-0.0008095138124313455,4.656674937154534e-07,-0.0008099794799250609
2022-01-27,-0.0016371205553716375,3.389046288448188e-05,-0.0016710110182561193
2022-01-28,-0.0006703042832134347,3.951985564331297e-05,-0.0007098241388567477
2022-01-31,0.0008369486299992838,5.587969863186705e-05,0.0007810689313674167
2022-02-01,0.000546991717009434,6.190597964966862e-07,0.0005463726572129372
2022-02-02,0.005391929944464654,5.486980552063849e-06,0.00538644296391259
2022-02-03,0.004775291239580093,6.879072675566778e-05,0.004706500512824425
2022-02-04,-0.0009937794667323617,3.082105658036979e-05,-0.0010246005233127315
2022-02-07,-0.00047707896540726306,1.325242841780285e-07,-0.0004772114896914411
2022-02-08,-7.803909966262626e-06,7.994491132207425e-07,-8.603359079483369e-06
2022-02-09,0.0007377939959132157,2.156945101289276e-07,0.0007375783014030868
2022-02-10,0.000622806851149029,5.6679993392821985e-05,0.000566126857756207
2022-02-11,0.0017551270072619666,8.909001651674668e-07,0.0017542361070967993
2022-02-14,-6.228961449696315e-05,6.436569129434138e-05,-0.00012665530579130454
2022-02-15,0.002127260233157898,4.048178106807408e-05,0.002086778452089824
2022-02-16,0.0010173183849220822,4.817571470027062e-05,0.0009691426702218115
2022-02-17,0.005206613407124047,2.0849397138526167e-06,0.005204528467410194
2022-02-18,0.004609953525067236,2.2084746201200474e-06,0.004607745050447116
2022-02-22,-4.409980848269537e-05,8.962745845608146e-05,-0.00013372726693877684
2022-02-23,0.0005511459533958057,4.6508018984837e-05,0.0005046379344109687
2022-02-24,-0.0011438883206618484,3.2942614961058825e-06,-0.0011471825821579543
2022-02-25,0.0008110405476677362,1.0649977177901848e-06,0.000809975549949946
2022-02-28,-0.001016765192497261,0.00010655336678754945,-0.0011233185592848104
2022-03-01,0.00240120698247048,6.709828205947251e-07,0.002400535999649885
2022-03-02,0.002154424809114013,4.216366922918071e-05,0.0021122611398848323
2022-03-03,0.00025091663921418474,3.306350488919509e-05,0.00021785313432498966
2022-03-04,0.0006772088316251668,1.947844945744813e-06,0.000675260986679422
2022-03-07,0.0013287151328834083,3.0374986148762108e-05,0.0012983401467346462
2022-03-08,-0.0009131497866952851,1.3787016742272352e-06,-0.0009145284883695123
2022-03-09,-0.0041237893315554525,5.967250530282599e-05,-0.004183461836858278
2022-03-10,-0.001711170961473695,1.2897573884627103e-05,-0.0017240685353583222
2022-03-11,-0.0003567039673875028,8.046658835521695e-06,-0.00036475062622302445
2022-03-14,-0.001609109105159647,1.2754559437076804e-06,-0.0016103845611033546
2022-03-15,-0.007294567739480425,4.148910214456261e-05,-0.007336056841624987
2022-03-16,-0.001023260846816252,6.038102762983754e-05,-0.0010836418744460895
2022-03-17,-0.0008910069464043585,7.122264875879701e-06,-0.0008981292112802382
2022-03-18,-0.0014215881968211482,3.08794092784216e-06,-0.0014246761377489903
2022-03-21,1.3115436875029234e-05,3.6715308584224976e-05,-2.359987170919574e-05
2022-03-22,-0.0009990513568911988,1.7553189397019566e-07,-0.000999226888785169
2022-03-23,0.001262743643521806,4.458981921490353e-05,0.0012181538243069023
2022-03-24,0.0006772706961613473,2.4726293070279038e-06,0.0006747980668543194
2022-03-25,-0.0004565805357516015,3.8361950398953975e-05,-0.0004949424861505555
2022-03-28,-0.00016047636264739272,4.7393698710780813e-07,-0.00016095029963450052
2022-03-29,0.0007933033817539729,3.0743506031047035e-05,0.0007625598757229259
2022-03-30,-0.0013586829854938254,5.935202507875506e-07,-0.0013592765057446128
2022-03-31,-0.004088923213153782,4.53305654216557e-07,-0.004089376518807999
2022-04-01,-0.0004616162744986206,7.947007053408994e-06,-0.00046956328155202956
2022-04-04,0.000642581810665716,1.4300131065339323e-07,0.0006424388093550626
2022-04-05,-0.0012362549698846522,1.2576831964923094e-06,-0.0012375126530811446
2022-04-06,-0.000981003712550388,7.956227488287971e-07,-0.000981799335299217
2022-04-07,-0.00016419638823841372,4.493241095356769e-05,-0.0002091287991919814
2022-04-08,-0.0014584504968391913,1.0273971071179615e-06,-0.0014594778939463094
2022-04-11,-0.0015750757131824827,3.181225268937323e-05,-0.001606887965871856
2022-04-12,0.00018578793934905953,8.425787240839393e-05,0.0001015300669406656
2022-04-13,0.0009865169775300406,6.998733494582735e-05,0.0009165296425842133
2022-04-14,-0.004319811576770676,8.88225351605262e-05,-0.004408634111931202
2022-04-18,0.0014595645364085688,8.173268964680068e-07,0.0014587472095121008
2022-04-19,0.0022334331635947137,1.973805916220547e-06,0.002231459357678493
2022-04-20,-0.0018827535598067847,8.382282641287119e-07,-0.0018835917880709134
2022-04-21,-0.004217526734256423,3.063914097952481e-05,-0.004248165875235948
2022-04-22,-0.003094271628838052,4.506698013929062e-05,-0.0031393386089773427
2022-04-25,0.002066126068005878,3.313967804479521e-05,0.0020329863899610826
2022-04-26,-0.0025371841963308557,4.5082838012361584e-05,-0.002582267034343217
2022-04-27,0.0003770221137329538,7.9074521794383e-06,0.0003691146615535155
2022-04-28,0.0052693550300394595,0.00015391999534414703,0.005115435034695312
2022-04-29,0.0006588195736028482,8.825391295955385e-05,0.0005705656606432944
2022-05-02,-0.00014684526804076048,5.6900398103905406e-05,-0.00020374566614466587
2022-05-03,0.0006843190873047206,1.8955891525402968e-06,0.0006824234981521803
2022-05-04,-0.0012657993907407958,3.383293177205494e-05,-0.0012996323225128508
2022-05-05,0.002117636670030785,4.375970122935651e-07,0.0021171990730184916
2022-05-06,0.0009933391082035262,1.4977071223706007e-06,0.0009918414010811555
2022-05-09,0.0027137175373234687,1.020960494844507e-07,0.0027136154412739843
2022-05-10,-0.0022096259656175007,3.4775176024210614e-05,-0.0022444011416417114
2022-05-11,0.0031976767548930127,3.4732987749211205e-05,0.0031629437671438013
2022-05-12,-0.0017609277393279411,1.4869192511535994e-06,-0.0017624146585790948
2022-05-13,-0.0013370151414833853,9.559650006265463e-05,-0.00143261164154604
2022-05-16,0.000593448706928306,3.8702489055548753e-05,0.0005547462178727573
2022-05-17,-0.0022976686420580934,3.4182617459686014e-05,-0.0023318512595177795
2022-05-18,0.00201742904450085,3.5944605579380085e-05,0.00198148443892147
2022-05-19,-0.0005201952194793213,2.990955520289216e-05,-0.0005501047746822135
2022-05-20,0.0019480549165554913,0.00012843360399181341,0.0018196213125636778
2022-05-23,0.0019054608014583477,3.744272079102479e-05,0.001868018080667323
2022-05-24,0.002595910594802082,3.1708782892374256e-05,0.0025642018119097078
2022-05-25,-0.00017012288583401257,3.7558433242210826e-05,-0.0002076813190762234
2022-05-26,-0.00018977731446582634,6.782662924459083e-06,-0.00019655997739028542
2022-05-27,0.002072180283203818,3.8333716263742294e-05,0.002033846566940076
2022-05-31,-0.002274846881130602,3.448589007518332e-05,-0.0023093327712057853
2022-06-01,6.088816194567642e-05,4.5052889035516776e-05,1.5835272910159647e-05
2022-06-02,-0.0017600285030952218,4.3873775786760934e-05,-0.0018039022788819826
2022-06-03,-0.0011757136294322115,4.1388775148714114e-05,-0.0012171024045809257
2022-06-06,0.0012431785840984325,2.980145320926209e-07,0.0012428805695663399
2022-06-07,-0.0007276785687220047,3.7497756887295947e-07,-0.0007280535462908777
2022-06-08,-0.004748509898306775,3.118288135571548e-05,-0.00477969277966249
2022-06-09,-0.0036206419003269965,4.283926180336925e-05,-0.0036634811621303657
2022-06-10,-0.002218443124826113,4.1749357874654894e-05,-0.002260192482700768
2022-06-13,-0.0031674442797323082,4.758671836916734e-05,-0.0032150309981014754
2022-06-14,0.005110063646245207,2.3974303341252854e-07,0.005109823903211795
2022-06-15,0.0006873471793921777,3.2689200498519776e-05,0.0006546579788936579
2022-06-16,-0.0012247520008980728,8.604265987616754e-08,-0.001224838043557949
2022-06-17,0.00019202323704312153,5.986786556676366e-05,0.00013215537147635788
2022-06-21,0.0009740497244944592,3.7345110566526064e-05,0.0009367046139279331
2022-06-22,-0.0011156879909276294,4.5124987100527094e-05,-0.0011608129780281565
2022-06-23,-0.0011902769721802737,1.283310908628532e-06,-0.0011915602830889023
2022-06-24,-0.00010697109679080787,3.376786883455813e-05,-0.000140738965625366
2022-06-27,0.0005450421405536475,4.2736558752442915e-07,0.0005446147749661231
2022-06-28,0.00046627148005564496,9.693264388078741e-07,0.0004653021536168371
2022-06-29,-0.0013494977997209564,1.109227969744526e-06,-0.0013506070276907008
2022-06-30,0.0007794222404744373,2.495840325011446e-06,0.0007769264001494259
2022-07-01,-0.002838682251187003,3.889455520037941e-05,-0.0028775768063873824
2022-07-05,-0.0002925733248245005,8.147195387115277e-05,-0.00037404527869565324
2022-07-06,0.00019089250402901407,2.9860064931333044e-06,0.00018790649753588077
2022-07-07,0.0017787289330139957,2.2992755406690477e-07,0.0017784990054599287
2022-07-08,-9.71071206150671e-06,1.0260321954653658e-06,-1.0736744256972075e-05
2022-07-11,-0.0005043005195144912,3.323966953870066e-05,-0.0005375401890531918
2022-07-12,0.0019959692501937804,1.2360676284987362e-07,0.0019958456434309305
2022-07-13,0.0005799175842706219,4.178702631513564e-05,0.0005381305579554862
2022-07-14,0.00013297917499318726,4.076653200217259e-07,0.00013257150967316554
2022-07-15,-0.0007848235093853993,3.845201437842992e-05,-0.0008232755237638292
2022-07-18,0.0035867747510138887,3.578748328046295e-05,0.003550987267733426
2022-07-19,-0.0002998041635875181,7.276383928874887e-05,-0.0003725680028762669
2022-07-20,0.0014570683333937017,9.522274567065671e-07,0.0014561161059369952
2022-07-21,-0.001549201117197967,2.0695063260546587e-06,-0.0015512706235240217
2022-07-22,-0.0016269734938368348,4.2979410074254003e-07,-0.0016274032879375773
2022-07-25,-0.0013570262642246228,3.450963637824556e-05,-0.0013915359006028683
2022-07-26,-0.0010767163453226044,1.6019799963844635e-06,-0.001078318325318989
2022-07-27,0.0015490290132750522,5.430767513808421e-06,0.0015435982457612438
2022-07-28,0.00389381065093887,4.005384581987282e-06,0.0038898052663568824
2022-07-29,0.0013465155045704357,3.237568211340039e-05,0.0013141398224570354
2022-08-01,0.0023914948181310665,3.6716690894244124e-05,0.0023547781272368223
2022-08-02,0.00040575772868086974,3.579055190974455e-05,0.0003699671767711252
2022-08-03,0.001739125123896454,4.314287677331678e-05,0.0016959822471231372
2022-08-04,0.001163871095476043,1.0270119723371618e-06,0.0011628440835037058
2022-08-05,0.0002217175555997457,5.497045038144917e-07,0.0002211678510959312
2022-08-08,-0.0007432017804684261,3.639158258382683e-05,-0.000779593363052253
2022-08-09,-0.0033769220660833125,5.3594651660491575e-05,-0.0034305167177438043
2022-08-10,0.0035226374064563203,3.0668500709395854e-06,0.0035195705563853806
2022-08-11,0.00013531580229979062,1.0544023008011916e-06,0.00013426139999898944
2022-08-12,0.0032254552679900185,4.1409089571747036e-05,0.0031840461784182713
2022-08-15,0.001083758979630413,4.02992840255429e-05,0.0010434596956048702
2022-08-16,-0.0007196917814458362,6.488158653006563e-07,-0.0007203405973111368
2022-08-17,-0.00012851781227007594,4.811480747841515e-06,-0.00013332929301791745
2022-08-18,0.001951454004567209,3.773832898077395e-05,0.0019137156755864352
2022-08-19,-0.001839720668579573,5.203632089819596e-05,-0.001891756989477769
2022-08-22,-0.0031707361234739376,2.9490797543913883e-07,-0.003171031031449377
2022-08-23,-0.0005491916960050599,1.310442789196957e-06,-0.0005505021387942568
2022-08-24,0.0013357401397031121,6.315468261702045e-07,0.001335108592876942
2022-08-25,-0.00048269768199295265,9.393135276890112e-07,-0.00048363699552064163
2022-08-26,-3.855102606636782e-05,7.133975296762722e-05,-0.00010989077903399503
2022-08-29,0.0001919852550548971,2.3163813583446847e-06,0.00018966887369655243
2022-08-30,-0.0002481442745294323,2.202262934336911e-06,-0.0002503465374637692
2022-08-31,-9.595110187837237e-05,6.628120346533711e-07,-9.661391391302575e-05
2022-09-01,-0.00013527877150822963,3.064821035224973e-07,-0.00013558525361175212
2022-09-02,-0.001150034063684335,0.00011268740533543438,-0.0012627214690197695
2022-09-06,-0.00034586358893485576,4.119583251271288e-07,-0.0003462755472599829
2022-09-07,-7.136037348703743e-05,9.001805345163101e-07,-7.226055402155375e-05
2022-09-08,0.00036082199891540655,4.1587487947319465e-05,0.00031923451096808707
2022-09-09,0.0011499213846024206,3.140382676888884e-05,0.0011185175578335318
2022-09-12,0.0008730747717595973,3.797885036543589e-05,0.0008350959213941614
2022-09-13,-0.0013594165117437437,3.25532836708929e-05,-0.0013919697954146366
2022-09-14,0.002858981137227231,3.483997609117862e-05,0.0028241411611360525
2022-09-15,-0.00085132516417415,6.638207550655293e-05,-0.0009177072396807029
2022-09-16,-0.0016446429082951472,6.184761659974491e-05,-0.001706490524894892
2022-09-19,0.0007403513003971323,7.843693180553843e-05,0.0006619143685915939
2022-09-20,-0.0013431503170316884,4.2839860727530643e-07,-0.0013435787156389637
2022-09-21,-0.0007677961541951467,3.0221711295893357e-06,-0.0007708183253247361
2022-09-22,-0.0004810707245923052,4.370800116835577e-05,-0.000524778725760661
2022-09-23,-0.0018752358374433617,4.577590591447349e-05,-0.0019210117433578352
2022-09-26,-0.001946792162514048,2.1772743410748696e-07,-0.0019470098899481555
2022-09-27,5.604720615675033e-05,3.393557411406152e-05,2.2111632042688808e-05
2022-09-28,0.0008255569239476964,3.622976229330311e-05,0.0007893271616543934
2022-09-29,-0.0033834845007848766,3.4901677221273434e-05,-0.00341838617800615
2022-09-30,-0.00010714330047679565,9.70178507306932e-05,-0.00020416115120748887
2022-10-03,0.0006570063392643688,9.192377480402112e-07,0.0006560871015163286
2022-10-04,-0.0017158544427666805,3.820449197227744e-06,-0.0017196748919639081
2022-10-05,-6.781385483768279e-05,2.110900157396391e-06,-6.992475499507918e-05
2022-10-06,0.00033016004541957204,7.610292847885975e-06,0.00032254975257168606
2022-10-07,-0.0048708195073014215,1.3248377299596614e-06,-0.004872144345031381
2022-10-10,0.002270969457692208,9.957042261314423e-07,0.0022699737534660766
2022-10-11,0.0013222016431238414,7.52160552153806e-06,0.0013146800376023034
2022-10-12,0.00042842048035217004,7.526545877611067e-05,0.00035315502157605937
2022-10-13,-0.002111603329948558,3.377577144950611e-05,-0.002145379101398064
2022-10-14,0.0006158207534979849,6.125081235334813e-06,0.0006096956722626501
2022-10-17,-0.001951038520074566,8.336930840775226e-07,-0.0019518722131586436
2022-10-18,-0.0007498852414675668,4.1691359962160994e-05,-0.0007915766014297279
2022-10-19,0.0003407100667494748,9.598620022142917e-05,0.00024472386652804563
2022-10-20,-0.0004893508198623325,3.357575160437578e-05,-0.0005229265714667082
2022-10-21,0.000401383191253351,4.971479996729891e-05,0.0003516683912860521
2022-10-24,-8.213134753354333e-05,3.973227687233644e-05,-0.00012186362440587977
2022-10-25,0.001236493386226162,6.524378166144521e-06,0.0012299690080600173
2022-10-26,-0.0016219645801616297,6.418467989884211e-05,-0.001686149260060472
2022-10-27,-0.004338090493718457,0.00011277177254108583,-0.004450862266259543
2022-10-28,0.0025001962095822557,6.519222367031657e-05,0.002435003985911939
2022-10-31,-0.0014586075480350486,5.885565461755062e-05,-0.0015174632026525993
2022-11-01,-0.00016717330672426687,2.6442854476710797e-06,-0.00016981759217193795
2022-11-02,-0.0011643485414870804,1.0037218126884893e-06,-0.0011653522632997688
2022-11-03,-0.003914733717401971,4.204562464016513e-07,-0.003915154173648373
2022-11-04,4.49564379813935e-05,4.1491273197718286e-05,3.4651647836752116e-06
2022-11-07,0.0018093120212086804,1.5617770029220987e-06,0.0018077502442057584
2022-11-08,0.000551772615986705,9.042749631150557e-05,0.0004613451196751994
2022-11-09,0.0015625030677857649,4.070966557034473e-07,0.0015620959711300615
2022-11-10,-0.005284673638248118,7.944392059042714e-05,-0.005364117558838545
2022-11-11,-0.0023786963464433293,1.965808284886442e-06,-0.002380662154728216
2022-11-14,-0.0011205844462696503,4.652136427260843e-05,-0.0011671058105422588
2022-11-15,0.0019569827801736123,4.181663306232751e-05,0.0019151661471112848
2022-11-16,0.0,4.5441848416735176e-05,-4.5441848416735176e-05
2022-11-17,0.0,0.0,0.0
2022-11-18,-0.0012028170241655816,4.001903489060741e-05,-0.001242836059056189
2022-11-21,0.00015540791710524736,9.113948642604066e-07,0.00015449652224098695
2022-11-22,0.0006404052057714165,3.385127677697915e-05,0.0006065539289944374
2022-11-23,0.0007262708482731155,4.008819011346813e-07,0.0007258699663719808
2022-11-25,0.0006511172291383048,4.949202928415595e-07,0.0006506223088454632
2022-11-28,0.00047834166136746315,6.493377147885437e-07,0.0004776923236526746
2022-11-29,-0.0002310801637669715,3.451317419601351e-05,-0.000265593337962985
2022-11-30,-0.0011311891132007893,2.546958907883182e-07,-0.0011314438090915776
2022-12-01,-0.0002615724133002984,8.197729256525155e-08,-0.00026165439059286366
2022-12-02,-0.0005161144497562208,3.1899158792948646e-05,-0.0005480136085491695
2022-12-05,-0.0034227274626668015,1.022919906185383e-06,-0.003423750382572987
2022-12-06,0.0006437573969314788,4.419771205467455e-06,0.0006393376257260114
2022-12-07,-0.0005978382941993507,4.72671122918419e-07,-0.0005983109653222691
2022-12-08,-0.0010529225120488861,3.1670850316537287e-06,-0.0010560895970805398
2022-12-09,0.0004696180718222131,3.2412289979293975e-05,0.0004372057818429191
2022-12-12,0.0,3.9715150686335556e-05,-3.9715150686335556e-05
2022-12-13,0.0007472819666151998,5.029929435593211e-05,0.0006969826722592676
2022-12-14,-0.0006009607393281783,4.742867530197412e-07,-0.0006014350260811981
2022-12-15,-0.00152335300706118,1.0801802529926902e-06,-0.0015244331873141728
2022-12-16,-0.0007695846071118037,9.509135352551227e-07,-0.0007705355206470588
2022-12-19,-0.0005847919341994553,5.46820524458154e-07,-0.0005853387547239135
2022-12-20,-0.0002678223869338004,1.2643189448567912e-06,-0.0002690867058786572
2022-12-21,0.0005715732286461672,4.4190219732043415e-05,0.0005273830089141239
2022-12-22,-0.0009946497182893293,8.049192649505843e-07,-0.0009954546375542798
2022-12-23,-0.00022482221882220578,3.6200782978230075e-06,-0.00022844229712002878
2022-12-27,0.0,6.532728576533585e-05,-6.532728576533585e-05
2022-12-28,0.0,0.0,0.0
2022-12-29,-0.0010112918645009718,3.532168047851881e-05,-0.0010466135449794906
2022-12-30,0.00023916302411674248,6.206195131494498e-08,0.00023910096216542753
2023-01-03,-7.766093907945446e-05,2.9236056526522824e-07,-7.795329964471969e-05
2023-01-04,0.003669636000971631,3.813918547437984e-05,0.0036314968154972514
2023-01-05,-0.0006963150249880579,6.817007729214819e-05,-0.0007644851022802061
2023-01-06,-0.002492946568900706,3.244430134066866e-05,-0.0025253908702413744
2023-01-09,0.002089773080626319,3.224037683331261e-06,0.0020865490429429878
2023-01-10,-0.00034190621668682495,3.941182926376253e-05,-0.0003813180459505875
2023-01-11,-0.002030501729379285,2.067610450474754e-06,-0.0020325693398297595
2023-01-12,-0.00047032312835664387,4.580039647710221e-06,-0.00047490316800435407
2023-01-13,0.0017351394796062535,1.6122991943583803e-06,0.0017335271804118952
2023-01-17,0.003535644627545962,5.366112982512237e-06,0.0035302785145634496
2023-01-18,-0.0011163802620002903,0.00010817149225126748,-0.0012245517542515579
2023-01-19,0.0012865807968077542,4.33444727107817e-05,0.0012432363240969726
2023-01-20,-0.001597919664046925,7.880990552936226e-07,-0.0015987077631022186
2023-01-23,-0.002147084095189928,5.9475404911151363e-05,-0.0022065595001010793
2023-01-24,0.00042837623029779186,1.9562080372295267e-06,0.0004264200222605623
2023-01-25,-0.0009970762956313386,3.1859891229225735e-05,-0.0010289361868605644
2023-01-26,-0.002646950129532161,5.7497744224218915e-05,-0.0027044478737563798
2023-01-27,0.0004886126634450265,3.9875482212058803e-05,0.0004487371812329677
2023-01-30,-0.002524357791648996,6.72765181300816e-05,-0.0025916343097790776
2023-01-31,0.003391786574262878,3.756093000053708e-05,0.003354225644262341
2023-02-01,0.008034002533450608,3.5729155862634874e-05,0.007998273377587973
2023-02-02,0.003486572547797952,9.331219215117833e-05,0.0033932603556467737
2023-02-03,-0.003265765964620422,7.514917930845191e-05,-0.003340915143928874
2023-02-06,-0.0004679356106601881,4.443847605316609e-05,-0.0005123740867133542
2023-02-07,0.001015841946040772,3.971335140725428e-05,0.0009761285946335177
2023-02-08,-0.0039031775709436754,3.384784442008841e-06,-0.003906562355385684
2023-02-09,-0.0005265534567012525,6.81565470933182e-06,-0.0005333691114105843
2023-02-10,-0.0010168279940445438,4.881917574059549e-05,-0.0010656471697851394
2023-02-13,0.0024784669329701355,1.3867794074684058e-06,0.002477080153562667
2023-02-14,0.0014611123412612227,4.139549830677364e-05,0.001419716842954449
2023-02-15,-0.0006730180363818896,3.5554414147753166e-05,-0.0007085724505296428
2023-02-16,-0.003521616009283361,1.4728757091532812e-06,-0.0035230888849925143
2023-02-17,-0.00116698027115617,2.233575427464065e-06,-0.001169213846583634
2023-02-21,-0.0029931096532046404,3.674648025956596e-05,-0.0030298561334642063
2023-02-22,-0.0007005846292518665,3.954869049176029e-06,-0.0007045394983010426
2023-02-23,0.0033481942436793467,3.512315613479348e-05,0.003313071087544553
2023-02-24,-0.001271804210599159,3.907573849373305e-05,-0.0013108799490928922
2023-02-27,0.0007146310337785372,2.781507834853838e-07,0.0007143528829950519
2023-02-28,-0.00012164835033240933,3.335537341598884e-05,-0.00015500372374839817
2023-03-01,6.67003851004265e-07,1.4540529538962497e-06,-7.870491028919846e-07
2023-03-02,0.0,5.097172918026501e-05,-5.097172918026501e-05
2023-03-03,0.0,0.0,0.0
2023-03-06,0.0,0.0,0.0
2023-03-07,0.0007276317730010985,4.9713655881091995e-05,0.0006779181171200065
2023-03-08,0.0,4.9713655881091995e-05,-4.9713655881091995e-05
2023-03-09,0.0,0.0,0.0
2023-03-10,0.0,0.0,0.0
2023-03-13,0.0,0.0,0.0
2023-03-14,0.0018043377860142542,6.3288375608904e-05,0.00174104941040535
2023-03-15,9.011929251169685e-05,2.0628133452649764e-07,8.991301117717036e-05
2023-03-16,0.0018959432750557071,4.221491368358933e-06,0.0018917217836873482
2023-03-17,-0.0011058636069078119,0.00011436262641941145,-0.0012202262333272232
2023-03-20,0.0014760638286148858,5.061889920615889e-06,0.0014710019386942699
2023-03-21,0.0011986589273974403,4.073919899506961e-06,0.0011945850074979334
2023-03-22,0.0018529845326318156,5.351803851821973e-05,0.001799466494113596
2023-03-23,-0.00014810404578736273,1.3380883767159827e-06,-0.0001494421341640787
2023-03-24,-0.001991151227913034,2.461112245399275e-06,-0.001993612340158433
2023-03-27,0.0003876591021739616,8.875804945544805e-06,0.0003787832972284168
2023-03-28,0.0001468200638602831,1.7468624078386476e-06,0.00014507320145244445
2023-03-29,-0.0007513814340041423,5.420829630603495e-07,-0.0007519235169672026
2023-03-30,-0.00023438261687032928,2.012945549419324e-06,-0.0002363955624197486
2023-03-31,-0.0008035652201077076,1.914405172306184e-06,-0.0008054796252800138
2023-04-03,-0.00033936725213848,8.276281900209557e-05,-0.0004221300711405756
2023-04-04,-0.001171382469692727,5.182561115595133e-07,-0.0011719007258042867
2023-04-05,-0.0015613623153480603,4.270103062009547e-06,-0.0015656324184100698
2023-04-06,0.0006433557635846341,3.990161726460576e-05,0.0006034541463200284
2023-04-10,0.0042743605741760275,6.760329095638161e-05,0.004206757283219646
2023-04-11,-0.0009372315172822783,0.00012002842527970885,-0.001057259942561987
2023-04-12,-0.00021692712350170453,1.1945707495288686e-06,-0.0002181216942512334
2023-04-13,0.00024056229369985574,4.908880766561544e-05,0.0001914734860342403
2023-04-14,0.0009545869659180145,4.7301370457488106e-07,0.0009541139522134396
2023-04-17,0.0009429506693562095,2.8910901694909674e-06,0.0009400595791867185
2023-04-18,0.001306771657445232,5.735892942028942e-05,0.0012494127280249425
2023-04-19,0.0008912802996562543,5.090117040478746e-07,0.0008907712879522064
2023-04-20,-0.001553602700682533,8.067683359500795e-05,-0.0016342795342775408
2023-04-21,6.914382186720518e-05,5.256533273030932e-07,6.861816853990209e-05
2023-04-24,-0.0009396199048933102,1.1275793313304363e-06,-0.0009407474842246407
2023-04-25,-0.0028016478216168076,1.1822837517545174e-06,-0.002802830105368562
2023-04-26,0.00017930421140860837,1.2154478527753604e-06,0.000178088763555833
2023-04-27,0.001168831197832855,3.533582885544722e-05,0.0011334953689774079
2023-04-28,0.0036238804562921012,4.2569195071429454e-05,0.0035813112612206716
2023-05-01,-0.0004725184284972819,6.266948786533198e-06,-0.0004787853772838151
2023-05-02,-0.0020851950532387994,1.3338947593991052e-05,-0.0020985340008327904
2023-05-03,-0.005379628162544689,3.20581951174742e-05,-0.005411686357662163
2023-05-04,0.002533463664654207,3.4519483472920337e-06,0.002530011716306915
2023-05-05,0.005103462174870497,3.413178089449026e-05,0.005069330393976007
2023-05-08,0.0019359366756114033,3.2579673190920564e-05,0.0019033570024204827
2023-05-09,0.0011281152284210805,5.4751938524788625e-05,0.0010733632898962918
2023-05-10,0.0009512936425642941,3.2092390234425764e-05,0.0009192012523298683
2023-05-11,-0.0014102048928832142,2.2219874267374439e-07,-0.001410427091625888
2023-05-12,-0.0009117964808907772,3.237098737762679e-05,-0.000944167468268404
2023-05-15,0.0016698496848581122,3.818028659439972e-05,0.0016316693982637125
2023-05-16,0.0003103672193692144,1.4826456379822802e-06,0.0003088845737312321
2023-05-17,0.002370818966360976,2.2579917617677823e-06,0.0023685609745992082
2023-05-18,0.0017948882480258597,8.669700486359087e-05,0.001708191243162269
2023-05-19,0.0017173393469516215,3.718129315208287e-05,0.0016801580537995386
2023-05-22,0.0007950789109844142,3.545058629307545e-05,0.0007596283246913387
2023-05-23,-0.0002017750247867612,5.586351306229279e-07,-0.00020233365991738413
2023-05-24,-0.000709660737355897,8.656972360127339e-05,-0.0007962304609571704
2023-05-25,-0.00780344688576734,7.373393201783006e-07,-0.0078041842250875185
2023-05-26,0.0009128767073243347,0.00013652353016245595,0.0007763531771618787
2023-05-30,0.0008546553240077936,5.252090463261111e-05,0.0008021344193751825
2023-05-31,0.007110196620169162,7.488623234357221e-07,0.007109447757845726
2023-06-01,-0.0017157818293132496,6.037402646024849e-05,-0.001776155855773498
2023-06-02,0.0015195479221018107,1.8628970726707476e-06,0.00151768502502914
2023-06-05,-0.0033630599248445285,2.8023116217356964e-06,-0.0033658622364662644
2023-06-06,0.0019528713848468752,1.0194255096203543e-05,0.0019426771297506717
2023-06-07,0.0033334211598150688,5.933847705076604e-05,0.0032740826827643028
2023-06-08,-0.0016806850860936946,1.5279058189531627e-05,-0.001695964144283226
2023-06-09,-0.003247654965397035,1.5506060303090083e-06,-0.003249205571427344
2023-06-12,-0.0005779259211014384,8.153318105441166e-06,-0.0005860792392068795
2023-06-13,0.0016230479739183,0.0001063690280043306,0.0015166789459139694
2023-06-14,-0.003697314763861232,0.0001593241410509853,-0.003856638904912217
2023-06-15,0.0007777247302031103,3.398453475375157e-05,0.0007437401954493586
2023-06-16,-6.026590788018346e-07,4.1479398695444e-06,-4.750598948346235e-06
2023-06-20,-0.0006206939333800265,1.4093511249801092e-06,-0.0006221032845050066
2023-06-21,0.0026276130482713873,2.976042122332108e-05,0.002597852627048066
2023-06-22,-0.0002969265646271791,1.0668552242737144e-06,-0.0002979934198514528
2023-06-23,0.002429007342022123,6.202371826290737e-05,0.0023669836237592153
2023-06-26,0.0010444446940079078,4.3994623260174976e-05,0.001000450070747733
2023-06-27,-0.0016838009139466068,4.3314429618491335e-05,-0.0017271153435650982
2023-06-28,0.0011778955691646264,8.889183410799703e-05,0.0010890037350566293
2023-06-29,-0.0002077298828686557,4.6155937930046803e-07,-0.00020819144224795618
2023-06-30,-0.000343117751085361,2.158874526619098e-06,-0.0003452766256119801
2023-07-03,0.00034198981124554194,1.0192008145717006e-06,0.00034097061043097027
2023-07-05,0.0014755990966624864,1.0136142506465942e-06,0.0014745854824118397
2023-07-06,0.001542315860127882,6.0392761728918386e-05,0.0014819230983989635
2023-07-07,-3.2972682072432966e-05,1.7729100438183405e-06,-3.474559211625131e-05
2023-07-10,-0.0023418894597737588,9.016166230019912e-08,-0.002341979621436059
2023-07-11,-0.00024738159574911147,7.274660855254405e-06,-0.00025465625660436587
2023-07-12,-8.31809861262936e-05,6.561268499083485e-07,-8.383711297620195e-05
2023-07-13,-0.0018730569140853856,3.6061666394600416e-05,-0.0019091185804799861
2023-07-14,0.0005939233135307325,5.217407995127735e-05,0.0005417492335794552
2023-07-17,-0.000589112170806574,2.051041011797263e-07,-0.0005893172749077537
2023-07-18,0.0001015224755835873,1.7316316954858833e-07,0.00010134931241403871
2023-07-19,9.709666588814579e-06,1.1012248886530059e-06,8.608441700161574e-06
2023-07-20,0.000956926698356829,4.771871446056266e-07,0.0009564495112122234
2023-07-21,-0.001179019867189991,2.366265876642493e-06,-0.0011813861330666334
2023-07-24,0.00019230869401788573,1.0970328370835584e-06,0.00019121166118080216
2023-07-25,-0.0004417131193490369,6.899701529814402e-06,-0.0004486128208788513
2023-07-26,0.0025834332561053483,2.148163750647107e-06,0.002581285092354701
2023-07-27,0.0,4.696963275640243e-05,-4.696963275640243e-05
2023-07-28,0.0,0.0,0.0
2023-07-31,0.0014799370768996793,3.0786528222471805e-05,0.0014491505486772076
2023-08-01,-5.785365171055905e-05,1.3067259354703789e-06,-5.916037764602943e-05
2023-08-02,0.0017365366944318138,1.9071031515739728e-06,0.00173462959128024
2023-08-03,-0.0007524975926054383,3.944682046824178e-06,-0.0007564422746522625
2023-08-04,-0.0005125214847041183,1.4414255083522137e-06,-0.0005139629102124705
2023-08-07,-0.0009214790354713036,3.112644131493613e-05,-0.0009526054767862398
2023-08-08,0.0007338996673432518,0.00011041310018975355,0.0006234865671534982
2023-08-09,0.0026282008352224,3.7968590904025275e-05,0.002590232244318375
2023-08-10,-0.00024361663193499955,4.5049462809755385e-05,-0.00028866609474475493
2023-08-11,-0.0005801566262858171,6.313886870567194e-05,-0.0006432954949914891
2023-08-14,8.448522069269033e-05,2.5222749253180223e-06,8.196294576737231e-05
2023-08-15,0.0003377200646897089,3.0506404518989967e-06,0.0003346694242378099
2023-08-16,0.0010573156703266935,4.960952546543898e-05,0.0010077061448612546
2023-08-17,-0.0022050491587664394,0.00015252542483116648,-0.002357574583597606
2023-08-18,3.729569536515273e-05,2.7543799830427216e-06,3.454131538211001e-05
2023-08-21,-0.0014823926051197116,1.3678255998641302e-06,-0.0014837604307195757
2023-08-22,0.0007739297077483417,4.64368218582136e-05,0.0007274928858901281
2023-08-23,-0.0011770218801353581,2.7970931455081006e-05,-0.0012049928115904392
2023-08-24,-0.0007601853814017426,3.932584107365196e-05,-0.0007995112224753946
2023-08-25,0.00175843050191875,3.4708714006951356e-05,0.0017237217879117986
2023-08-28,-2.696734158494314e-05,7.600609747142105e-06,-3.456795133208524e-05
2023-08-29,-4.419189735661009e-05,3.373764201252299e-06,-4.756566155786239e-05
2023-08-30,-2.1728742217075282e-05,5.861334782042254e-06,-2.7590076999117536e-05
2023-08-31,0.0028521330445422837,3.4606436635707354e-05,0.0028175266079065765
2023-09-01,-0.0025877668079532755,6.312975085394576e-05,-0.0026508965588072212
2023-09-05,-6.352687391560503e-05,8.442682753416828e-06,-7.196955666902186e-05
2023-09-06,-0.0004331575078379683,7.054585536150796e-05,-0.0005037033631994762
2023-09-07,-0.002224971387366094,6.985162006123052e-05,-0.0022948230074273245
2023-09-08,-0.0005891116337444748,6.248144402606464e-05,-0.0006515930777705394
2023-09-11,0.00041818716854612626,9.43084523763675e-05,0.00032387871616975874
2023-09-12,0.007460440156464556,7.139458032096846e-06,0.007453300698432459
2023-09-13,0.001224007289791875,0.00011394126762153549,0.0011100660221703396
2023-09-14,0.00042927667408260807,4.562077732240905e-05,0.00038365589676019903
2023-09-15,-0.0013255648039932728,7.681118183976784e-06,-0.0013332459221772495
2023-09-18,-0.0004012848284518707,5.393578723554839e-06,-0.00040667840717542554
2023-09-19,0.002848456260558032,7.298419434133735e-06,0.002841157841123898
2023-09-20,-0.00017703797032043523,3.5177428939013674e-05,-0.0002122153992594489
2023-09-21,-0.0044664718340916044,3.3635460789673195e-05,-0.004500107294881278
2023-09-22,0.0002905844221437135,5.2746079756770395e-06,0.00028530981416803646
2023-09-25,0.00010848003832733326,1.8532669637603087e-06,0.00010662677136357294
2023-09-26,-0.0016783818726088385,1.9923393035966436e-06,-0.0016803742119124352
2023-09-27,-3.218979050550723e-06,4.865744950457342e-05,-5.1876428555124143e-05
2023-09-28,0.0010425920869121766,1.7839692745145117e-06,0.001040808117637662
2023-09-29,0.0008030856367643821,5.004483588372949e-05,0.0007530408008806527
2023-10-02,0.0021430821194420384,1.3460700408303535e-06,0.002141736049401208
2023-10-03,-0.0011334206840942888,3.055540640072835e-06,-0.0011364762247343617
2023-10-04,0.00046783445515829916,3.334691312161877e-06,0.0004644997638461373
2023-10-05,0.0016472085519810124,4.529952589751328e-05,0.0016019090260834992
2023-10-06,0.0003084495048930203,3.890670869051288e-06,0.00030455883402396905
2023-10-09,0.00010756797693720637,7.189533928407985e-05,3.5672637653126515e-05
2023-10-10,-0.0006369034682732295,8.925836518122671e-07,-0.0006377960519250418
2023-10-11,0.001003153498339897,1.925141572991782e-06,0.0010012283567669051
2023-10-12,-1.4722035743257172e-05,4.82245476153379e-05,-6.294658335859508e-05
2023-10-13,-0.0020340758700454617,4.02245020897957e-05,-0.0020743003721352573
2023-10-16,0.0013438693439716948,2.438654154418133e-06,0.0013414306898172767
2023-10-17,-0.0021869106089194602,3.3798946571473033e-06,-0.0021902905035766076
2023-10-18,-0.0029263460852461958,4.455527156658902e-06,-0.002930801612402855
2023-10-19,-0.0005439150579204198,6.434808886573706e-05,-0.0006082631467861569
2023-10-20,-0.003029513523587953,4.557381246069134e-05,-0.0030750873360486444
2023-10-23,0.00015884454660231568,7.864839469375516e-06,0.00015097970713294015
2023-10-24,0.0005383443482031554,3.2371253672527075e-05,0.0005059730945306283
2023-10-25,-0.0021189003201521344,6.00682014685583e-05,-0.0021789685216206927
2023-10-26,-0.001272749418604356,8.27795100787991e-05,-0.001355528928683155
2023-10-27,0.004345989133663053,6.948295477971544e-05,0.004276506178883337
2023-10-30,-0.0013727306244762437,7.797285958620027e-05,-0.001450703484062444
2023-10-31,0.00023387278422036593,3.6332250339212864e-05,0.00019754053388115305
2023-11-01,-0.0006755172500364476,5.252818753466922e-05,-0.0007280454375711169
2023-11-02,-0.0021894039077062495,4.615960649571113e-05,-0.002235563514201961
2023-11-03,-0.002496993230302124,1.3131478350859403e-06,-0.00249830637813721
2023-11-06,0.000998200318910074,3.3553714765839956e-05,0.0009646466041442341
2023-11-07,-0.0016139217816499192,1.1940842483557803e-06,-0.001615115865898275
2023-11-08,0.0024004262126810626,2.1470310599981877e-06,0.0023982791816210647
2023-11-09,-0.00014149611594514011,4.9706853649315327e-05,-0.00019120296959445544
2023-11-10,-0.0017228912858759558,6.665172008250851e-07,-0.0017235578030767808
2023-11-13,0.001729264798508009,5.116492969360388e-05,0.0016780998688144051
2023-11-14,-0.0013554190960117943,2.025856382831955e-06,-0.0013574449523946262
2023-11-15,-0.0002567222116799041,3.2090098032009804e-06,-0.0002599312214831051
2023-11-16,0.001473994791931639,8.619748798698853e-05,0.0013877973039446503
2023-11-17,-0.0010432051731593603,5.2103199552202466e-05,-0.0010953083727115627
2023-11-20,-0.0005638505756376658,6.604997784422692e-07,-0.000564511075416108
2023-11-21,0.001535349724003541,2.7621921693162815e-06,0.0015325875318342246
2023-11-22,0.0011713241677935885,2.3923759201862003e-06,0.0011689317918734024
2023-11-24,-0.0003161647617874298,4.892442232456052e-05,-0.00036508918411199033
2023-11-27,-0.0001430125883229707,4.515297161176757e-05,-0.00018816555993473826
2023-11-28,0.00017255379047119212,9.177797729388038e-07,0.0001716360106982533
2023-11-29,-0.0013063949015095892,7.0802385633738505e-06,-0.0013134751400729631
2023-11-30,-0.004884286365073466,3.17037825416878e-05,-0.004915990147615154
2023-12-01,0.001164993135863876,7.96767782119575e-05,0.0010853163576519185
2023-12-04,-0.00012754851703197437,4.572248280686081e-06,-0.00013212076531266044
2023-12-05,0.001347538234363221,1.1492845172222324e-06,0.0013463889498459987
2023-12-06,-0.001850547520644609,0.00010141553500533901,-0.001951963055649948
2023-12-07,0.0024506785840104077,1.7749659032292101e-06,0.0024489036181071784
2023-12-08,0.0018196121030468614,6.753421486612668e-05,0.0017520778881807348
2023-12-11,0.0022256902538830207,3.0092764840594913e-06,0.002222680977398961
2023-12-12,0.0008791133652115083,9.033527948599271e-05,0.0007887780857255156
2023-12-13,-0.0003203811884342954,9.744620361211969e-05,-0.0004178273920464151
2023-12-14,-0.006153049504054034,3.8658046981329686e-07,-0.006153436084523847
2023-12-15,0.0014558379162791291,7.341920820544196e-05,0.0013824187080736872
2023-12-18,0.0029752298313472226,5.719813808984534e-05,0.0029180316932573775
2023-12-19,-0.00012789735508649376,6.900305713857178e-05,-0.00019690041222506554
2023-12-20,-0.0014667766267244752,3.0235078180497393e-07,-0.0014670789775062803
2023-12-21,0.0012845010964608705,2.8264031495385813e-06,0.001281674693311332
2023-12-22,-0.000300270208927688,8.320074885500339e-07,-0.00030110221641623804
2023-12-26,-0.0003739063829832673,7.518947324015304e-07,-0.0003746582777156688
2023-12-27,-9.769008121827209e-05,7.756357096690911e-07,-9.846571692794118e-05
2023-12-28,0.00019125108614575741,4.791956462720012e-07,0.0001907718904994854
2023-12-29,0.0004855621610446687,6.313450792924751e-05,0.0004224276531154212
2024-01-02,0.0023893736645003057,5.002883815317211e-05,0.0023393448263471337
2024-01-03,0.0012987741593666522,0.00010884176635553332,0.0011899323930111188
2024-01-04,-0.000953437579513484,4.256946542031899e-05,-0.000996007044933803
2024-01-05,-0.0022299484792214766,4.757111524169324e-05,-0.0022775195944631696
2024-01-08,-0.003922664765271384,1.8627948836246172e-07,-0.003922851044759746
2024-01-09,-0.001500577503846516,3.664510717102335e-05,-0.0015372226110175395
2024-01-10,-0.0007267436559981206,1.7094866294347045e-06,-0.0007284531426275553
2024-01-11,-0.0004063007400784695,3.3764831705023794e-07,-0.0004066383883955197
2024-01-12,0.000452554643017764,0.00011244787263527329,0.0003401067703824907
2024-01-16,-0.0003107088653183303,7.263933549209018e-07,-0.0003114352586732512
2024-01-17,-0.0010790452375147744,0.00010038645560793659,-0.001179431693122711
2024-01-18,0.0015458274619937372,6.957656307531486e-07,0.001545131696362984
2024-01-19,0.0006081089187971507,8.612629150820875e-05,0.000521982627288942
2024-01-22,0.002057422566601949,6.970698338134738e-05,0.0019877155832206017
2024-01-23,0.0007841323900924659,3.8185841382228205e-06,0.000780313805954243
2024-01-24,-0.0023307527409185476,3.0865606673448196e-05,-0.0023616183475919958
2024-01-25,-0.0014466262146806623,4.141035698560501e-06,-0.0014507672503792227
2024-01-26,-0.0053598967399165415,4.263796703465453e-05,-0.005402534706951196
2024-01-29,-1.7525333495129738e-05,9.267724481860078e-05,-0.00011020257831373052
2024-01-30,-7.217008609396262e-05,6.615483827469754e-06,-7.878556992143237e-05
2024-01-31,0.0036432176139049683,3.60408518765247e-05,0.0036071767620284435
2024-02-01,-0.0021215298307919236,4.915129275722219e-06,-0.002126444960067646
2024-02-02,-0.001354671072355838,4.696764173520798e-05,-0.0014016387140910458
2024-02-05,0.002243614013114961,0.00010656080475646547,0.0021370532083584957
2024-02-06,0.0004144755369885612,0.00011202519600160724,0.00030245034098695396
2024-02-07,-0.00023909936810654578,9.614378188267937e-06,-0.0002487137462948137
2024-02-08,0.0014447916109281797,1.1240109252794341e-06,0.0014436676000029003
2024-02-09,0.0014999192321039725,8.802037924262483e-07,0.0014990390283115462
2024-02-12,0.0007075294740460519,3.6101339247443866e-07,0.0007071684606535774
2024-02-13,-0.0011897337761444188,9.68877445627657e-05,-0.0012866215207071846
2024-02-14,0.0012979216309115108,6.783120523054286e-07,0.0012972433188592053
2024-02-15,0.0019532034202100804,5.707523615973752e-07,0.001952632667848483
2024-02-16,-0.00031429114211615285,4.71336638993169e-05,-0.00036142480601546975
2024-02-20,0.00041324924753660577,2.9384301372002016e-07,0.00041295540452288574
2024-02-21,-5.387531125948414e-05,1.7826836062137235e-06,-5.565799486569786e-05
2024-02-22,0.0013171835481211294,3.306740533303063e-05,0.0012841161427880987
2024-02-23,-0.00019053498882060929,6.345494800800121e-08,-0.00019059844376861728
2024-02-26,0.0013146532495761708,1.2061582380828804e-06,0.0013134470913380878
2024-02-27,-0.00013492246500766664,2.080819086233223e-06,-0.00013700328409389987
2024-02-28,4.3421246511268676e-05,1.0527951075247291e-06,4.2368451403743945e-05
2024-02-29,0.0013447207863265605,3.282315959645745e-05,0.001311897626730103
2024-03-01,-0.0020329156733340974,0.00011404789029394657,-0.002146963563628044
2024-03-04,-0.00034787430836914096,8.182109202392063e-05,-0.0004296954003930616
2024-03-05,0.0009552964790845182,6.9319099038327584e-06,0.0009483645691806854
2024-03-06,-0.0011265167553100573,3.888025896681752e-06,-0.001130404781206739
2024-03-07,-0.003854550231368813,4.083098812134561e-05,-0.0038953812194901585
2024-03-08,0.006148656303820291,3.582453683087776e-05,0.006112831766989413
2024-03-11,0.0019935608308369354,9.132076545728794e-05,0.0019022400653796474
2024-03-12,-0.0012317917803285096,7.292367014139028e-06,-0.0012390841473426486
2024-03-13,0.0019974710432662524,0.00011187916062545565,0.0018855918826407967
2024-03-14,0.00024995044931086394,9.221647565649448e-05,0.00015773397365436944
2024-03-15,-0.0010329135098939195,3.059403191089565e-05,-0.0010635075418048152
2024-03-18,0.003123021773407726,6.61168728068754e-05,0.0030569049006008505
2024-03-19,0.0011378278174489726,1.80940649593955e-05,0.001119733752489577
2024-03-20,0.0011748332679071506,5.3799271819830375e-05,0.0011210339960873203
2024-03-21,0.0013188158024341186,0.00010838257325386337,0.0012104332291802552
2024-03-22,-0.0011212619770549902,6.559631957592916e-05,-0.0011868582966309193
2024-03-25,0.001092549708258512,7.359012344937434e-06,0.0010851906959135744
2024-03-26,0.00010779703155687583,3.555714896779515e-06,0.00010424131666009632
2024-03-27,-0.00035959351143678134,1.41029524336768e-06,-0.00036100380668014904
2024-03-28,0.0004001116630123272,3.72834807950929e-05,0.0003628281822172343
2024-04-01,0.0004184897706531823,6.702711497535465e-07,0.00041781949950342874
2024-04-02,-0.00026100674780570477,5.838326118489666e-05,-0.0003193900089906014
2024-04-03,0.004650266598467686,8.208105196480069e-07,0.004649445787948038
2024-04-04,-0.0063224411783720175,6.022531032224648e-05,-0.006382666488694264
2024-04-05,0.0019087574409108082,5.747806511790134e-06,0.0019030096343990181
2024-04-08,-0.00013373254030219045,3.223670714796716e-05,-0.0001659692474501576
2024-04-09,0.0007576225362425191,1.1292285736746733e-06,0.0007564933076688445
2024-04-10,-3.0257508390749317e-05,0.00010666951399821249,-0.0001369270223889618
2024-04-11,0.0010182735533376087,0.00013461893996094643,0.0008836546133766623
2024-04-12,-0.004163130524721799,4.708693256030595e-05,-0.004210217457282105
2024-04-15,-0.0015099663067491094,4.742473475660985e-06,-0.0015147087802247705
2024-04-16,0.002300765227866107,7.652728340437888e-06,0.002293112499525669
2024-04-17,-0.0016170582414192047,2.435265513598213e-06,-0.0016194935069328029
2024-04-18,0.0003382583109871961,2.301904549164518e-06,0.00033595640643803155
2024-04-19,-0.004709271458378097,4.8240481198492855e-05,-0.00475751193957659
2024-04-22,0.002630869873837989,1.1386965833341362e-05,0.002619482908004648
2024-04-23,0.0010647913177977417,3.447990329136894e-05,0.0010303114145063727
2024-04-24,-0.0024695769394204705,1.1408483379956821e-05,-0.0024809854228004273
2024-04-25,0.0025369991667461367,7.153337720146735e-05,0.0024654657895446692
2024-04-26,-0.002720715283258704,6.830057674974011e-06,-0.002727545340933678
2024-04-29,-0.0007571647274834437,4.431038985345589e-05,-0.0008014751173368996
2024-04-30,-0.0010112098698677803,5.45401892482165e-05,-0.001065750059115997
2024-05-01,-0.001774007815582052,7.264264232737126e-05,-0.0018466504579094233
2024-05-02,0.005639271194720101,4.15042663611816e-05,0.005597766928358919
2024-05-03,0.0010076217533926063,8.77443766436777e-05,0.0009198773767489286
2024-05-06,0.0016535381698498945,1.1272859255245342e-05,0.0016422653105946491
2024-05-07,-0.0013847538784715783,7.298461843003546e-07,-0.0013854837246558788
2024-05-08,7.311915608848067e-05,8.545895716042661e-05,-1.2339801071945938e-05
2024-05-09,-0.0009347437126553713,4.539634423119871e-06,-0.0009392833470784911
2024-05-10,0.0003770875231467409,1.0983527808552368e-06,0.00037598917036588565
2024-05-13,0.0009704940919570324,2.7514864423162325e-06,0.0009677426055147161
2024-05-14,0.0019862268064865184,9.461971635687826e-06,0.0019767648348508306
2024-05-15,0.0032764668037115518,6.82558708271456e-05,0.003208210932884406
2024-05-16,0.0008196597486326854,6.784951524815539e-05,0.00075181023338453
2024-05-17,-6.202363240936938e-05,1.8496339242220894e-06,-6.387326633359147e-05
2024-05-20,0.00014046055449616976,6.62854104855814e-05,7.417514401058835e-05
2024-05-21,0.0,3.654568596642413e-05,-3.654568596642413e-05
2024-05-22,-0.00035299830575889974,6.68882296287218e-05,-0.00041988653538762156
2024-05-23,2.3682216229761602e-05,2.207562359343151e-06,2.147465387041845e-05
2024-05-24,0.0002859913156776508,1.3039854056828365e-06,0.0002846873302719679
2024-05-28,3.589545308580415e-05,7.31459375678916e-05,-3.725048448208745e-05
2024-05-29,0.0001176948574456303,1.844207734990118e-06,0.00011585064971064018
2024-05-30,-0.003064739118764098,3.9370298428618586e-05,-0.0031041094171927164
2024-05-31,-0.0010335145868631053,4.598478504169794e-05,-0.0010794993719048032
2024-06-03,0.00022940209040421344,3.160926652134629e-06,0.0002262411637520788
2024-06-04,0.0006081740323963391,6.334093301085393e-05,0.0005448330993854852
2024-06-05,0.001506275079764516,3.065740247530993e-08,0.0015062444223620406
2024-06-06,0.000768858092195879,3.776219412899586e-05,0.0007310958980668832
2024-06-07,-0.000528155080916771,4.521070306555105e-05,-0.000573365783982322
2024-06-10,0.0004396906792915165,1.4677363698967763e-06,0.00043822294292161974
2024-06-11,0.0002612181673957892,2.4243403348181748e-06,0.00025879382706097103
2024-06-12,0.0005129910855657772,1.8616233667568747e-06,0.0005111294621990203
2024-06-13,0.00018705557743331223,4.7999654750097556e-05,0.00013905592268321468
2024-06-14,0.0009239568246974112,9.007622769333507e-07,0.0009230560624204779
2024-06-17,0.0017264399578371754,9.58163084831195e-05,0.0016306236493540559
2024-06-18,0.0005773799037957943,6.424638901439037e-05,0.000513133514781404
2024-06-20,0.0018762903728724266,3.4846757424293815e-05,0.0018414436154481327
2024-06-21,0.0024105361720504607,7.182382885592009e-05,0.0023387123431945407
2024-06-24,-0.0014799862193398395,0.00015348221886818438,-0.0016334684382080238
2024-06-25,0.00029551595792472467,1.3239844667042553e-05,0.00028227611325768213
2024-06-26,-0.0012128785945094596,4.066117370772173e-07,-0.0012132852062465367
2024-06-27,-0.0024525804165015626,3.517122470111332e-05,-0.002487751641202676
2024-06-28,-0.001352196671440104,3.5900528388662326e-06,-0.0013557867242789702
2024-07-01,-0.00043066366593250155,7.744346145212395e-05,-0.0005081071273846255
2024-07-02,-0.0006510358785008611,0.00011993895840178124,-0.0007709748369026424
2024-07-03,0.0018030363389291396,7.733431632564187e-06,0.0017953029072965755
2024-07-05,-0.0032758942321768655,2.120412623121553e-06,-0.003278014644799987
2024-07-08,0.0016837966567442655,0.00011378757932654755,0.0015700090774177179
2024-07-09,0.0031314881778961973,2.032027853057733e-06,0.0031294561500431394
2024-07-10,0.0018778135094595686,7.469176751465817e-05,0.0018031217419449104
2024-07-11,-0.0025127195045962377,4.9502692982002275e-05,-0.00256222219757824
2024-07-12,0.0012486630314208925,2.3631177804832713e-06,0.0012462999136404092
2024-07-15,0.00018087336128271345,1.4010659286991263e-06,0.00017947229535401432
2024-07-16,0.0013794468406452787,1.8909453399273257e-06,0.0013775558953053515
2024-07-17,0.002080186459573202,3.372238336193188e-05,0.00204646407621127
2024-07-18,0.002098532170600578,9.109197207166584e-05,0.002007440198528912
2024-07-19,0.0007231885850209266,8.69003517307255e-05,0.0006362882332902011
2024-07-22,0.0,4.719403015291346e-05,-4.719403015291346e-05
2024-07-23,0.0,0.0,0.0
2024-07-24,0.0,0.0,0.0
2024-07-25,0.0,0.0,0.0
2024-07-26,0.0,0.0,0.0
2024-07-29,0.0,0.0,0.0
2024-07-30,0.0,0.0,0.0
2024-07-31,0.0,0.0,0.0
2024-08-01,0.003702207986544212,7.721319331104498e-05,0.003624994793233167
2024-08-02,0.0003435671018219161,4.802195101220164e-05,0.00029554515080971447
2024-08-05,-0.0015542324411752981,5.566158605196911e-05,-0.0016098940272272673
2024-08-06,-0.0003234537227906638,0.00010397174962716043,-0.00042742547241782426
2024-08-07,-0.00010278341837447597,8.264661536883707e-07,-0.00010360988452816434
2024-08-08,-0.00038610354270543934,1.2934449803478876e-07,-0.0003862328872034741
2024-08-09,-0.0036210369858298945,6.268516431383302e-07,-0.003621663837473033
2024-08-12,-0.0010500831754359965,1.8540152109812746e-06,-0.0010519371906469778
2024-08-13,0.0010583321000724472,3.2812787693118714e-06,0.0010550508213031354
2024-08-14,-0.0015450922482083053,6.3610637998041e-07,-0.0015457283545882857
2024-08-15,0.0001970635391359391,5.111069999139616e-05,0.00014595283914454294
2024-08-16,-0.0001617356318606537,4.8757926454763194e-05,-0.0002104935583154169
2024-08-19,-0.00278656662335662,6.416031526012979e-05,-0.00285072693861675
2024-08-20,0.0005126803354336067,8.76935381099113e-05,0.00042498679732369543
2024-08-21,-0.0005384103726215942,1.0394670006623144e-06,-0.0005394498396222565
2024-08-22,0.0010597929447658206,6.739117285079373e-07,0.0010591190330373128
2024-08-23,-0.0015902374934820144,1.4866744737516286e-06,-0.001591724167955766
2024-08-26,0.0012080605486255208,0.00013257538352580512,0.0010754851650997157
2024-08-27,-4.2510201108313174e-05,1.0981415964313184e-05,-5.349161707262636e-05
2024-08-28,0.0013579603179358685,5.737747799636557e-06,0.001352222570136232
2024-08-29,0.0019446083972753036,6.203598986527876e-05,0.0018825724074100249
2024-08-30,-0.000856271342111099,5.081493459783475e-05,-0.0009070862767089337
2024-09-03,0.006750339981214758,4.921719916887654e-05,0.0067011227820458815
2024-09-04,-0.0011242469751432602,0.00011296762828718312,-0.0012372146034304434
2024-09-05,0.0017817119532744078,7.219710281173464e-05,0.0017095148504626732
2024-09-06,0.006297359078385764,8.225170566757075e-06,0.006289133907819006
2024-09-09,-0.0009643956881483723,5.761001026828809e-05,-0.0010220056984166603
2024-09-10,0.0012924496924211675,4.115517713807122e-06,0.0012883341747073603
2024-09-11,0.0025083093924767566,0.00016298401721575462,0.002345325375261002
2024-09-12,-0.0004768984839872673,4.869793975716106e-05,-0.0005255964237444284
2024-09-13,0.0005364338669488575,5.391056183218743e-05,0.0004825233051166701
2024-09-16,-0.006638725796839538,3.3855457547251884e-05,-0.00667258125438679
2024-09-17,-0.0002096702749360396,3.0376592165699283e-05,-0.00024004686710173888
2024-09-18,0.0013833934070005141,0.00012169822248142536,0.0012616951845190888
2024-09-19,0.001779471672945954,2.589930912513895e-06,0.0017768817420334402
2024-09-20,-0.00013438339292394635,4.418949155481673e-06,-0.00013880234207942803
2024-09-23,0.0006536852850727272,9.57445857246362e-05,0.000557940699348091
2024-09-24,0.002463975106918822,3.1784594765748212e-06,0.0024607966474422473
2024-09-25,0.00043413009354342964,3.240790538172562e-05,0.000401722188161704
2024-09-26,0.0004938679766944379,6.920522556840132e-05,0.0004246627511260366
2024-09-27,-0.0010559112460609204,8.9273468858943e-05,-0.0011451847149198634
2024-09-30,0.0005328337942713968,9.390443584800443e-07,0.0005318947499129168
2024-10-01,3.153524438606078e-05,4.099054881403451e-05,-9.455304427973725e-06
2024-10-02,0.0005923461538225259,3.767705099711931e-05,0.0005546691028254065
2024-10-03,0.0015678817181892406,1.1104094880399659e-06,0.0015667713087012007
2024-10-04,0.0006138299558783686,5.653089879939804e-05,0.0005572990570789706
2024-10-07,-0.00017353298575804085,6.204020448097974e-05,-0.0002355731902390206
2024-10-08,-0.0017758376568663735,6.0585446533439704e-05,-0.0018364231033998132
2024-10-09,-0.00018820015265368293,1.4454475509254988e-06,-0.00018964560020460843
2024-10-10,-0.000167459713997915,5.804614984944086e-06,-0.0001732643289828591
2024-10-11,-0.0005132203452083396,1.4645059764175052e-05,-0.0005278654049725146
2024-10-14,0.0013499704296331774,3.702957918100927e-06,0.0013462674717150765
2024-10-15,-0.0018637046374173128,8.52436278285834e-05,-0.0019489482652458963
2024-10-16,0.0014434692428164416,1.0312946664695153e-06,0.0014424379481499721
2024-10-17,0.000343080798932608,6.792163591101463e-06,0.0003362886353415065
2024-10-18,-0.0005190598520040349,7.958404749421828e-05,-0.0005986438994982532
2024-10-21,-0.0008741731561002916,3.025672853819915e-06,-0.0008771988289541114
2024-10-22,0.0007104129594477133,0.00017296503979030755,0.0005374479196574058
2024-10-23,0.0005766157296236221,8.584807123343886e-05,0.0004907676583901832
2024-10-24,-0.0018766643952337985,5.1706260536118064e-06,-0.0018818350212874103
2024-10-25,-0.0004817700477280926,2.109953545392808e-05,-0.0005028695831820207
2024-10-28,0.0015953352979813063,5.5535229916628646e-05,0.0015398000680646776
2024-10-29,0.002781649812470837,4.39421692655014e-06,0.002777255595544287
2024-10-30,-0.005847920766711656,7.261451433654947e-05,-0.005920535281048206
2024-10-31,0.0007058321519510985,1.2158926553196323e-05,0.0006936732253979022
2024-11-01,-0.002227485815275043,8.763388259596333e-05,-0.0023151196978710067
2024-11-04,-0.0008438418608836952,2.9921408380369025e-05,-0.0008737632692640642
2024-11-05,0.00046986785747326167,1.6130580341777375e-07,0.0004697065516698439
2024-11-06,-0.00011684949930979949,1.947302112328719e-06,-0.00011879680142212821
2024-11-07,0.0021105434662421233,7.42002038735369e-06,0.0021031234458547695
2024-11-08,-0.0002868416917522967,2.3921022687366164e-06,-0.0002892337940210333
2024-11-11,-0.0012556557272664238,9.362413512226456e-07,-0.0012565919686176464
2024-11-12,-0.0024507794822134837,3.0560268157029045e-05,-0.0024813397503705126
2024-11-13,0.0001784422283697492,0.00012481709825878535,5.362513011096385e-05
2024-11-14,0.001765052693842313,3.075773797443065e-05,0.0017342949558678824
2024-11-15,-2.168734340212092e-05,5.158812700756629e-06,-2.6846156102877546e-05
2024-11-18,0.002442644889942637,2.0226545706024753e-06,0.0024406222353720343
2024-11-19,-0.0022168977687049836,6.281989015933045e-05,-0.002279717658864314
2024-11-20,0.00035264403549382017,1.3985732018371548e-06,0.000351245462291983
2024-11-21,0.00023273027005316546,3.801966420378197e-05,0.00019471060584938348
2024-11-22,0.00041652501037054156,5.9473498521676086e-05,0.0003570515118488655
2024-11-25,0.0006410762485684755,5.070167296113413e-07,0.0006405692318388641
2024-11-26,-0.0006966493221383062,7.080501142826251e-05,-0.0007674543335665687
2024-11-27,-0.0008946141676056876,2.845390618453665e-06,-0.0008974595582241413
2024-11-29,0.0008982285858138553,3.1136612012999316e-07,0.0008979172196937253
2024-12-02,6.85618863943277e-05,3.79649499672536e-05,3.05969364270741e-05
2024-12-03,-0.00016989077549052232,3.419994579524697e-05,-0.0002040907212857693
2024-12-04,-0.0017176729005511772,4.4806048765756635e-05,-0.001762478949316934
2024-12-05,-0.0037813432625128087,7.372198336856211e-05,-0.003855065245881371
2024-12-06,-0.0011434470917196125,6.228465348343784e-05,-0.0012057317452030503
2024-12-09,-0.0006967105896125842,3.957450977994546e-05,-0.0007362850993925297
2024-12-10,-0.004444895046272995,8.421544741645261e-05,-0.004529110493689447
2024-12-11,0.0019691198984794493,8.950971684975787e-06,0.0019601689267944736
2024-12-12,0.000552247117202331,2.4347362759368012e-06,0.0005498123809263943
2024-12-13,-0.002075356646849316,7.490562720318464e-07,-0.0020761057031213476
2024-12-16,-0.006556677139533265,8.840114835361816e-05,-0.006645078287886883
2024-12-17,-0.0008372421491031399,4.788720908891679e-05,-0.0008851293581920567
2024-12-18,0.00027229586807368334,5.3649861012294944e-05,0.0002186460070613884
2024-12-19,-0.001371299337945359,4.180760338069865e-05,-0.0014131069413260578
2024-12-20,0.0010524292897483444,4.373926529442748e-05,0.0010086900244539168
2024-12-23,-0.0007646515190254603,4.1484859238340165e-05,-0.0008061363782638004
2024-12-24,-0.0018308953242142639,6.009928822411393e-05,-0.0018909946124383778
2024-12-26,-0.0009760528146997727,2.852803270610467e-05,-0.0010045808474058774
2024-12-27,-0.00021317210820842708,8.974604166876057e-05,-0.00030291814987718765
2024-12-30,0.0001230051652709235,5.83380591645548e-07,0.00012242178467927796
2024-12-31,0.0,3.306755971809221e-05,-3.306755971809221e-05
2025-01-02,0.0,0.0,0.0
2025-01-03,0.0,0.0,0.0
2025-01-06,0.0,0.0,0.0
2025-01-07,-0.0006062522965746987,3.762752363669074e-05,-0.0006438798202113895
2025-01-08,0.0007391341523083825,3.324172448209875e-05,0.0007058924278262838
2025-01-10,-0.0007042567419491675,3.115398081326931e-06,-0.0007073721400304944
2025-01-13,8.527192118313485e-05,7.152610186680124e-06,7.811931099645472e-05
2025-01-14,-0.00010601572162332531,1.3837419281330469e-06,-0.00010739946355145836
2025-01-15,-0.0019108102109115482,3.1174214450439743e-06,-0.0019139276323565922
2025-01-16,0.0006963677508080609,3.762445932167115e-06,0.0006926053048758938
2025-01-17,-0.00020568935832458686,1.0027420422336966e-06,-0.00020669210036682056
2025-01-21,-0.0005292573563465768,4.991998110884087e-07,-0.0005297565561576652
2025-01-22,1.9493459885081335e-05,4.0717267529640065e-06,1.5421733132117328e-05
2025-01-23,-0.0009201475790894314,1.5578928188029628e-06,-0.0009217054719082344
2025-01-24,1.7493869161145613e-05,3.294753062367896e-05,-1.545366146253335e-05
2025-01-27,0.0030741060167639306,3.4265260592394294e-05,0.0030398407561715362
2025-01-28,-0.0003016993166016101,9.104646108584085e-05,-0.00039274577768745096
2025-01-29,0.0006984845987889436,3.871915260318204e-05,0.0006597654461857616
2025-01-30,0.00014730972051713978,5.6085525286594315e-05,9.122419523054545e-05
2025-01-31,0.0014177616945468252,3.700316429344321e-07,0.001417391662903891
2025-02-03,0.0010501501372404977,2.9862095590448516e-06,0.001047163927681453
2025-02-04,-0.0020305495177941274,3.9723720330217904e-05,-0.0020702732381243454
2025-02-05,0.0033530697611232475,8.294437057318361e-07,0.0033522403174175157
2025-02-06,0.0002685441950952119,6.971591571159096e-05,0.00019882827938362096
2025-02-07,-0.0006376031969772127,2.0701805679323918e-07,-0.000637810215034006
2025-02-10,0.00015583488977038436,6.301598581575437e-07,0.0001552047299122268
2025-02-11,-7.227045383838522e-05,3.9622146494346304e-07,-7.266667530332868e-05
2025-02-12,-0.0003031513073273761,5.71023454961531e-07,-0.00030372233078233764
2025-02-13,-0.0027495272586788824,7.522500276737988e-05,-0.0028247522614462625
2025-02-14,0.0006670206165161849,2.3392433917826783e-06,0.0006646813731244022
2025-02-18,-0.0073523545186004,4.19221042275335e-05,-0.007394276622827933
2025-02-19,-0.0012688237843768851,6.284925641985152e-05,-0.0013316730407967367
2025-02-20,-0.0014750920905911636,6.291100480819497e-07,-0.0014757212006392456
2025-02-21,0.00017735542698757228,6.931934775040481e-05,0.00010803607923716747
2025-02-24,-0.0004221679852931592,2.029802890977547e-06,-0.0004241977881841368
2025-02-25,-0.0005489630397007414,1.973618241695582e-07,-0.0005491604015249109
2025-02-26,0.0005988575632877247,3.7533061197295564e-05,0.0005613245020904291
2025-02-27,-0.0002625620030107939,1.1027695946372153e-06,-0.0002636647726054311
2025-02-28,0.00038535590285018197,1.5804109606352392e-06,0.0003837754918895467
2025-03-03,-0.001004434197213538,2.0799644647029804e-06,-0.0010065141616782411
2025-03-04,0.0006900534611236586,7.080540413860657e-05,0.0006192480569850521
2025-03-05,-1.5889362145619316e-05,9.89388568473503e-05,-0.00011482821899296961
2025-03-06,0.002533861796376882,2.9705872538349563e-05,0.0025041559238385327
2025-03-07,0.0024719145508038548,7.754245935697081e-05,0.002394372091446884
2025-03-10,0.002384466075219074,4.858446312539368e-06,0.0023796076289065347
2025-03-11,0.001215168508596846,3.500204250240181e-05,0.0011801664660944441
2025-03-12,-0.0018229779731274384,1.565485038048829e-06,-0.0018245434581654872
2025-03-13,-0.0008010264454949824,9.017274428223459e-05,-0.000891199189777217
2025-03-14,-0.001364076375348057,0.00013951769151888504,-0.0015035940668669421
2025-03-17,0.0012252007213299537,4.68403194707589e-06,0.0012205166893828779
2025-03-18,-0.00040658928810028046,7.508925824925564e-05,-0.00048167854634953607
2025-03-19,0.0005878976315546855,2.2450026520388e-07,0.0005876731312894816
2025-03-20,-0.000358608567840018,1.1677226576253417e-07,-0.00035872534010578057
2025-03-21,-0.0002460254533052448,6.976483419414894e-07,-0.0002467231016471863
2025-03-24,0.00043017074602588035,3.053206639758929e-07,0.0004298654253619045
2025-03-25,1.2113623071137803e-05,1.89144192973543e-08,1.2094708651840449e-05
2025-03-26,0.000792196736125052,6.395553951869899e-07,0.000791557180729865
2025-03-27,-0.0002751016674297431,5.254926815014875e-07,-0.0002756271601112446
2025-03-28,-0.0003051692792041657,1.4544170846047264e-07,-0.00030531472091262614
2025-03-31,0.0006411437651322706,1.5319758688089317e-07,0.0006409905675453897
2025-04-01,0.0007195837181682558,8.594818594558845e-05,0.0006336355322226673
2025-04-02,0.0012327352662533167,1.0539236966491082e-06,0.0012316813425566676
2025-04-03,-0.0013981231880613918,1.005938974412906e-06,-0.0013991291270358047
2025-04-04,-0.0022888913884123257,0.00016976512309242275,-0.0024586565115047483
2025-04-07,-5.5842470103513556e-05,5.930058976984057e-05,-0.00011514305987335412
2025-04-08,-0.0038863538043715944,4.037669148094985e-05,-0.003926730495852545
2025-04-09,0.0036103359632703516,3.354849533848764e-06,0.003606981113736503
2025-04-10,-0.0013551772096985662,8.660697737023526e-05,-0.0014417841870688014
2025-04-11,0.001580531559259211,7.342959220902117e-06,0.0015731886000383089
2025-04-14,0.0019343943871719272,4.0729392290885034e-05,0.0018936649948810421
2025-04-15,-0.0002971873904017466,8.18512056569752e-06,-0.0003053725109674441
2025-04-16,-0.00015757694600056942,1.3779479064032191e-06,-0.00015895489390697264
2025-04-17,0.0032223435161337446,5.365718128917546e-06,0.003216977798004827
2025-04-21,0.0022505270020742305,6.774655155902027e-05,0.0021827804505152103
2025-04-22,-0.0009244166421271669,0.00020347880477042317,-0.0011278954468975902
2025-04-23,0.00020321648625342827,2.780060544593942e-06,0.00020043642570883433
2025-04-24,0.000544535900371149,1.7566567109248255e-05,0.0005269693332619008
2025-04-25,-0.0011154988790293557,3.623210585595636e-05,-0.001151730984885312
2025-04-28,0.000903120568704194,7.894682864170355e-05,0.0008241737400624904
2025-04-29,-0.0007494096789410912,1.3874344435256692e-06,-0.0007507971133846169
2025-04-30,-0.0012690498222639702,3.112319959444107e-05,-0.0013001730218584113
2025-05-01,-0.000134976491556935,0.00011117707072611784,-0.00024615356228305284
2025-05-02,0.003123522574263544,3.539271461512842e-07,0.0031231686471173926
2025-05-05,-0.0022509021274132106,7.34712027149547e-05,-0.002324373330128165
2025-05-06,-0.0007510736633799925,5.056276068923664e-06,-0.0007561299394489163
2025-05-07,0.0011890651330385973,4.6857273172766255e-06,0.0011843794057213206
2025-05-08,0.0015754567980419323,3.138560480606609e-07,0.0015751429419938717
2025-05-09,0.0037429824101649486,9.134929863287185e-06,0.0037338474803016615
2025-05-12,0.0019255440523541405,4.284956184990167e-05,0.0018826944905042389
2025-05-13,0.0022114115403383695,7.001347940299876e-06,0.0022044101923980697
2025-05-14,-0.0009516938717319806,2.961819608372532e-06,-0.0009546556913403531
2025-05-15,0.0006405466651717037,1.4400593772959614e-05,0.0006261460713987441
2025-05-16,0.00019993562992528548,3.1852423369373636e-05,0.00016808320655591183
2025-05-19,-0.0010846866109758828,8.655008325244194e-05,-0.0011712366942283248
2025-05-20,-0.0003769135829906528,2.213472438565364e-06,-0.00037912705542921817
2025-05-21,-0.00072859973260104,2.277714609256309e-06,-0.0007308774472102962
2025-05-22,-0.0005044331503720208,3.214019685805651e-05,-0.0005365733472300773
2025-05-23,-0.001845306128949814,3.3910912853498366e-07,-0.001845645238078349
2025-05-27,0.0013775095169109935,7.579169064837691e-07,0.0013767516000045097
2025-05-28,-0.0007437714694164858,3.579345408429445e-05,-0.0007795649235007802
2025-05-29,-0.00040576646502375817,5.000680739968615e-06,-0.0004107671457637268
2025-05-30,-0.002664874806848211,6.529970603339183e-05,-0.0027301745128816028
2025-06-02,0.0002480511971735829,4.875027429560303e-05,0.0001993009228779799
2025-06-03,-0.0010266858848647837,9.632285405873009e-05,-0.0011230087389235137
2025-06-04,-0.00017425192485495526,2.4987092739287974e-06,-0.00017675063412888405
2025-06-05,-0.0009268480712839918,1.5407337298425839e-06,-0.0009283888050138344
2025-06-06,0.001098873382549968,2.9218463397455196e-06,0.0010959515362102224
2025-06-09,-0.0017981468818280436,8.557335072829156e-05,-0.001883720232556335
2025-06-10,-0.0006906826020044971,5.5932348697244824e-05,-0.000746614950701742
2025-06-11,-0.00043450612912065544,4.900701305918242e-05,-0.00048351314217983787
2025-06-12,-0.005844683974113829,2.0252519836534447e-06,-0.005846709226097483
2025-06-13,-0.0010045815049348236,3.855886237475325e-05,-0.0010431403673095768
2025-06-16,1.991127627092883e-06,3.3297643320879224e-05,-3.130651569378634e-05
2025-06-17,0.00014367947125236842,3.757294802397178e-07,0.0001433037417721287
2025-06-18,-0.0006523819297595555,5.3043724520234776e-05,-0.0007054256542797903
2025-06-20,-0.0004206634782063744,7.560917863581558e-06,-0.00042822439606995596
2025-06-23,-0.0012314419229367095,5.0029713418215743e-05,-0.0012814716363549253
2025-06-24,-0.002754198118550553,6.650534245572674e-06,-0.0027608486527961255
2025-06-25,-0.0022523941164710594,2.0869473382020087e-06,-0.0022544810638092613
2025-06-26,-0.00010049657399623893,3.331617548166563e-06,-0.0001038281915444055
2025-06-27,0.00044244788512455893,6.379814404489991e-06,0.0004360680707200689
2025-06-30,0.0004420141454122418,3.504018670960727e-05,0.0004069739587026345
2025-07-01,0.0019728992932394555,4.167995567083305e-05,0.0019312193375686224
2025-07-02,0.002818474089258408,9.213521129613719e-05,0.0027263388779622706
2025-07-03,0.001222539310319765,9.115154611987414e-05,0.0011313877641998908
2025-07-07,-7.175056447759957e-05,5.5906759964730614e-05,-0.0001276573244423302
2025-07-08,-0.0005731650320940628,6.676926279387012e-07,-0.0005738327247220015
2025-07-09,0.0014191021413846431,6.113423717569593e-05,0.0013579679042089472
2025-07-10,-0.0018696102933632277,8.464866839708863e-05,-0.0019542589617603163
2025-07-11,-0.0015948113968582418,5.568714771214897e-05,-0.0016504985445703908
2025-07-14,0.0013269968854469907,1.688770334673141e-05,0.0013101091821002592
2025-07-15,-0.003345924141416572,4.469266553831562e-06,-0.0033503934079704037
2025-07-16,4.365480525634967e-05,7.290793734167865e-05,-2.925313208532898e-05
2025-07-17,0.0005365514293415507,9.334685134641452e-05,0.00044320457799513623
2025-07-18,-0.0006905784481543046,5.796721048339729e-07,-0.0006911581202591386
2025-07-21,0.0021431951448935864,2.499429022746842e-06,0.0021406957158708394
2025-07-22,-0.0015130794947671078,0.00014014408349447214,-0.00165322357826158
2025-07-23,0.0006597342461202673,2.0945540052681013e-06,0.0006576396921149992
2025-07-24,0.001893732545760782,0.0001166139800931681,0.001777118565667614
2025-07-25,0.00010640818809774477,5.222870203075045e-05,5.4179486066994316e-05
2025-07-28,0.00029672139348924987,4.069732486481251e-05,0.0002560240686244374
2025-07-29,0.001268063806444018,1.0127955484507674e-06,0.0012670510108955672
2025-07-30,0.00030668529985875773,6.0565507605763575e-06,0.0003006287490981814
2025-07-31,-0.00029502234762567383,3.0471412125440854e-05,-0.00032549375975111466
2025-08-01,0.0005332890207321953,6.81900753024257e-05,0.0004650989454297696
2025-08-04,0.0006020620205428907,1.478477120399205e-06,0.0006005835434224915
2025-08-05,0.0006923067832806406,3.413113134873465e-05,0.0006581756519319059
2025-08-06,0.00069585730142516,2.9175307591124955e-05,0.0006666819938340351
2025-08-07,0.0004997585964648076,3.792938109931211e-06,0.0004959656583548764
2025-08-08,0.0007636400794425785,5.574246191394413e-05,0.0007078976175286343
2025-08-11,-0.002215933458472819,3.808639980412337e-05,-0.0022540198582769425
2025-08-12,0.004217675961853121,3.3239575551854678e-06,0.0042143520042979355
2025-08-13,0.0012788274199377067,2.2111895964158356e-06,0.001276616230341291
2025-08-14,-0.00042076488668148747,3.9296055853003826e-05,-0.0004600609425344913
2025-08-15,0.0006454431385332388,4.454873774011133e-05,0.0006008944007931275
2025-08-18,0.001557362131579927,6.199207495624595e-05,0.001495370056623681
2025-08-19,-0.004030525224178878,1.566160916560299e-06,-0.004032091385095438
2025-08-20,0.0034467128893344357,7.183415584369548e-05,0.0033748787334907404
2025-08-21,-0.0005190612231419632,5.870423952737487e-06,-0.0005249316470947006
2025-08-22,-0.0015462793333812573,2.401594629429238e-06,-0.0015486809280106865
2025-08-25,-8.383701036044283e-05,2.6142018790883024e-06,-8.645121223953113e-05
2025-08-26,-7.638107372188899e-05,4.630384588850817e-07,-7.684411218077407e-05
2025-08-27,-0.0008606680118253346,2.932343947632729e-05,-0.000889991451301662
2025-08-28,0.0007056825698209746,4.976534478689341e-06,0.0007007060353422852
2025-08-29,-0.0005576723890561182,6.93529380938103e-05,-0.0006270253271499285
2025-09-02,0.00038163498852464745,4.110115018957089e-06,0.00037752487350569037
2025-09-03,-0.0010405017706605181,5.261704763820648e-06,-0.0010457634754243387
2025-09-04,0.0023867273858013964,7.671499552139019e-05,0.0023100123902800064
2025-09-05,-0.003666267180617421,6.0425374658804684e-05,-0.003726692555276226
2025-09-08,-0.000565917521987749,7.327227605500058e-05,-0.0006391897980427496
2025-09-09,0.003375613650147789,0.00018892250763510236,0.0031866911425126867
2025-09-10,0.0001632722825903335,8.142931513244268e-05,8.184296745789081e-05
2025-09-11,0.001962594828189647,0.0002549345521214,0.001707660276068247
2025-09-12,0.003165999095434362,4.836199292379349e-05,0.0031176371025105685
2025-09-15,-0.001114603412271604,9.035306268754824e-06,-0.0011236387185403589
2025-09-16,-0.0019513276130530182,2.485503986434254e-06,-0.0019538131170394523
2025-09-17,-0.0009022738660877773,6.338837500090875e-06,-0.0009086127035878682
2025-09-18,-0.0005418559901246185,0.0001088592107127859,-0.0006507152008374044
2025-09-19,-0.001059789964083205,4.090583212428484e-05,-0.0011006957962074898
2025-09-22,-0.0008215899012514499,7.179194243845644e-05,-0.0008933818436899064
2025-09-23,-0.0008585290692912803,0.00016905918754421691,-0.0010275882568354972
2025-09-24,-0.003252310653255447,1.1716459370850769e-06,-0.003253482299192532
2025-09-25,-0.0033847729914436224,4.043467784151492e-06,-0.003388816459227774
2025-09-26,-0.0006019416376668967,5.8434952338737604e-05,-0.0006603765900056343
2025-09-29,0.001350375717250202,5.681077992116153e-07,0.0013498076094509903
2025-09-30,0.000974877756003026,3.600182317707964e-05,0.0009388759328259463
2025-10-01,0.0013134069499256863,2.0427140083092894e-06,0.001311364235917377
2025-10-02,0.0,3.36000686185737e-05,-3.36000686185737e-05
2025-10-03,0.0,0.0,0.0
2025-10-06,0.0,0.0,0.0
2025-10-07,0.0,0.0,0.0
2025-10-08,0.0,0.0,0.0
2025-10-09,0.0,0.0,0.0
2025-10-10,0.0,0.0,0.0
2025-10-13,0.0,0.0,0.0
2025-10-14,0.0018388259695385947,3.357147290570235e-05,0.0018052544966328924
2025-10-15,0.0,3.357147290570235e-05,-3.357147290570235e-05
2025-10-16,0.0,0.0,0.0
2025-10-17,0.0006258218380261829,3.6469191813821465e-05,0.0005893526462123614
2025-10-20,-0.0024469741103892374,3.694308773079081e-05,-0.002483917198120028
2025-10-21,-0.0018117044402730473,2.894808766228574e-06,-0.0018145992490392758
2025-10-22,0.0011853165244981663,1.4433985971902103e-06,0.001183873125900976
2025-10-23,0.0007613656476127522,1.8781196784383625e-06,0.0007594875279343139
2025-10-24,-5.05378100985364e-06,1.3981261224757887e-06,-6.451907132329428e-06
2025-10-27,-0.0003733337137394923,8.896401593065342e-07,-0.00037422335389879885
2025-10-28,0.0014208037307198614,3.6712072394647043e-05,0.0013840916583252143
2025-10-29,0.0022929436575870547,3.0829418236482115e-05,0.0022621142393505727
2025-10-30,0.0013673582563882556,9.548387604926634e-05,0.0012718743803389893
2025-10-31,-0.001068416635724142,0.0001041806024759,-0.001172597238200042
2025-11-03,-0.0008055534990832448,1.9235033680379918e-06,-0.0008074770024512828
2025-11-04,0.0032261133706281684,1.8252350499339596e-06,0.0032242881355782345
2025-11-05,0.00015218576537964936,4.1966401598217915e-05,0.00011021936378143143
2025-11-06,0.0012918207329793525,6.344736520965869e-05,0.0012283733677696939
2025-11-07,0.0006422139842890079,3.0814727176884935e-06,0.0006391325115713194
2025-11-10,0.0004521438024340988,2.246731258000146e-06,0.00044989707117609864
2025-11-11,0.0011235185789875968,7.765296314866544e-05,0.0010458656158389313
2025-11-12,-0.0006671277519857291,3.1500759280405704e-06,-0.0006702778279137697
2025-11-13,-0.003031754058470343,3.674457070372099e-05,-0.0030684986291740638
2025-11-14,0.0008087945281260792,7.223831267545203e-05,0.0007365562154506271
2025-11-17,0.0019330393616562858,3.0159549401907835e-05,0.001902879812254378
2025-11-18,0.0011039268853461702,9.08477156224882e-05,0.001013079169723682
2025-11-19,-0.0012749109853812473,1.1067987677606987e-06,-0.001276017784149008
2025-11-20,-0.000536648519321161,6.530036360342305e-05,-0.0006019488829245841
2025-11-21,0.0014182752886168083,3.647787146458797e-06,0.0014146275014703495
2025-11-24,-0.0016483600674956464,3.208267226774547e-06,-0.001651568334722421
2025-11-25,0.0014745071297904036,4.9643541334109726e-06,0.0014695427756569925
2025-11-26,0.00034255561726382515,3.7522522272078176e-05,0.00030503309499174696
2025-11-28,0.002753003875719987,4.809257685278162e-07,0.002752522949951459
2025-12-01,0.0022758364334252287,9.168043940084861e-05,0.0021841559940243803
2025-12-02,-0.00023054693938804645,1.8175332169876082e-05,-0.0002487222715579225
2025-12-03,-0.0013925378844891624,4.2342680205899925e-07,-0.0013929613112912214
2025-12-04,0.0006451979837985319,5.5435263037057935e-05,0.000589762720761474
2025-12-05,-0.0037666264931680076,9.515126979874511e-05,-0.0038617777629667525
2025-12-08,0.0005964817810400267,4.721790935535925e-05,0.0005492638716846674
2025-12-09,-0.0015280937648137487,6.17321643386643e-05,-0.001589825929152413
2025-12-10,-0.0019060444740320022,5.054535301362396e-06,-0.0019110990093333647
2025-12-11,-0.0009391577092589431,5.652631940888404e-06,-0.0009448103411998314
2025-12-12,0.0027108394072566607,3.1319334940289624e-06,0.0027077074737626317
2025-12-15,0.0008670285718107773,6.491888038645604e-05,0.0008021096914243212
2025-12-16,0.0009398927524658428,3.7611407131572334e-05,0.0009022813453342704
2025-12-17,-0.0025539371482344196,2.4780652653132007e-06,-0.002556415213499733
2025-12-18,-8.171633918988773e-05,0.00011052472486235261,-0.00019224106405224035
2025-12-19,0.0021483304921705343,1.6853953731042569e-06,0.00214664509679743
2025-12-22,-0.0011987363708061834,4.154702325374618e-05,-0.0012402833940599297
2025-12-23,0.0011265565532663647,1.4173774720716588e-06,0.001125139175794293
2025-12-24,-0.00012211845850761265,5.300862920319203e-07,-0.00012264854479964457
2025-12-26,-0.00038518985508150346,7.793176891755595e-06,-0.00039298303197325907
2025-12-29,0.0003702186335219425,4.657186126141129e-06,0.0003655614473958014
2025-12-30,4.733475592736824e-05,8.28297804925094e-07,4.6506458122443144e-05
2025-12-31,0.00021913170127168624,5.2676459530726664e-05,0.00016645524174095958
