date,AAPL,MSFT,NVDA,AVGO,AMD,ADBE,CRM,CSCO,INTC,ORCL,QCOM,TXN,SPY,XLK,QQQ
2020-07-01,0.0,0.0,0.0,0.0,0.0,0.0,0.0,0.0,0.0,0.0,-0.05,0.0,0.0008949989493296179,0.0040946029463278955,0.010077645365204353
2020-07-02,0.0,0.0,0.0,0.0,0.0,0.0,0.0,0.0,0.0,0.0,-0.05,0.0,0.0002517209114776877,0.008040120261192451,0.0063517116705382876
2020-07-06,0.0,0.0,0.0,0.0,0.0,0.0,0.0,0.0,0.0,0.0,-0.05,0.0,-0.0009038909744848618,0.012041997514803197,0.003214568016242902
2020-07-07,0.0,0.0,0.0,0.0,0.0,0.0,0.0,0.0,0.0,0.0,-0.05,0.0,-1.6915878605002805e-05,0.013334250882682759,0.0011332822564723486
2020-07-08,0.0,0.0,0.0,0.0,0.0,0.0,0.0,0.0,0.0,0.0,-0.05,0.0,0.001746088036476409,0.011563778931552512,0.0013509063773356168
2020-07-09,0.0,0.0,0.0,0.0,0.0,0.0,0.0,0.0,0.0,0.0,-0.05,0.0,0.002936320670287146,0.013033028434028216,-0.0014577698193946765
2020-07-10,0.0,0.0,0.0,-0.05,0.0,0.0,0.0,0.0,0.0,0.0,0.0,0.0,0.009402736528043649,0.021166536466807252,-0.016419593874692044
2020-07-13,0.0,0.0,0.0,-0.05,0.0,0.0,0.0,0.0,0.0,0.0,0.0,0.0,0.009129836495106689,0.021698755500534017,-0.01677632123993779
2020-07-14,0.0,0.0,0.0,0.0,0.0,0.0,0.0,0.0,0.0,0.0,0.0,0.0,-0.0,-0.0,-0.0
2020-07-15,0.0,0.0,0.0,0.0,0.0,0.0,0.0,0.0,0.0,0.0,0.0,0.0,-0.0,-0.0,-0.0
2020-07-16,0.0,0.0,0.0,0.0,0.0,0.0,0.0,0.0,0.0,0.0,0.0,0.0,-0.0,-0.0,-0.0
2020-07-17,0.0,0.0,0.0,0.0,0.0,0.0,0.0,0.0,0.0,0.0,0.0,0.0,-0.0,-0.0,-0.0
2020-07-20,0.0,0.0,0.0,0.0,0.0,0.0,0.0,0.0,0.0,0.0,0.0,0.0,-0.0,-0.0,-0.0
2020-07-21,0.0,0.0,0.0,0.0,0.0,0.0,0.0,0.0,0.0,0.0,0.0,0.0,-0.0,-0.0,-0.0
2020-07-22,0.0,0.0,0.0,0.0,0.0,0.0,0.0,0.0,0.0,0.0,0.0,0.0,-0.0,-0.0,-0.0
2020-07-23,0.0,0.0,0.0,0.05,-0.05,0.0,0.0,0.0,0.0,0.0,0.0,0.0,-0.019286232227619958,-0.011670703865966187,0.030582190619762483
2020-07-24,0.05,0.0,0.0,0.05,-0.05,0.0,0.0,0.0,0.0,0.0,0.0,0.0,-0.017425894973779082,-0.021942968328803953,0.027938673086329822
2020-07-27,0.05,0.0,0.0,0.05,0.0,0.0,0.0,0.0,0.05,0.0,0.0,0.0,-0.007855345152635789,-0.04098712316427235,0.009200822743480183
2020-07-28,0.05,0.0,0.0,0.05,0.0,0.0,0.0,0.0,0.0,0.0,0.0,0.0,-0.005786017881889649,-0.028886897461677837,0.008708733731712156
2020-07-29,0.05,-0.05,0.0,0.05,0.0,0.0,0.0,0.0,0.0,0.0,0.0,0.0,-0.012982951685306558,-0.01528360337672636,0.014840285127852735
2020-07-30,0.05,-0.05,0.0,0.05,0.0,0.0,0.0,0.0,0.0,0.0,0.0,0.0,-0.012675387069584616,-0.015490897539734943,0.014760843588236183
2020-07-31,0.05,0.0,0.0,0.05,0.0,0.0,0.0,0.0,0.0,0.0,-0.05,0.0,-0.004782642813078604,-0.009780246742586172,0.002763719544827851
2020-08-03,0.0,0.0,0.0,0.05,0.0,0.0,0.0,0.0,0.0,0.0,-0.05,0.0,-0.0047607605111586425,-0.006197334013591854,0.011539730820903597
2020-08-04,-0.05,0.0,0.0,0.05,0.0,0.0,0.0,0.05,0.0,0.0,-0.05,0.0,-0.019048100055072695,0.004403367547817101,0.016327866995693684
2020-08-05,-0.05,0.0,0.0,0.05,0.0,0.0,0.0,0.05,0.0,0.0,-0.05,0.0,-0.018614601665187032,0.004529495996674045,0.01610503950295366
2020-08-06,-0.05,0.0,0.0,0.05,0.0,0.0,0.0,0.05,0.0,0.0,-0.05,0.0,-0.018716503130740886,0.004362644010998021,0.01644101807875814
2020-08-07,-0.05,0.0,0.0,0.05,0.0,0.0,0.0,0.05,0.0,0.0,-0.05,0.0,-0.018963105614920116,0.004750500095678281,0.016038218121628763
2020-08-10,-0.05,0.0,0.0,0.05,0.0,0.0,0.0,0.05,0.0,0.0,-0.05,0.0,-0.019221243416261007,0.0065421947016783746,0.01505403247353155
2020-08-11,-0.05,0.0,0.0,0.05,0.0,0.0,0.0,0.05,0.0,0.0,-0.05,0.0,-0.019045809599848296,0.006655828593928222,0.015160433894834395
2020-08-12,-0.05,0.0,0.0,0.05,0.0,0.0,0.0,0.05,0.0,0.05,-0.05,0.0,-0.025221783386190248,0.003667777372991043,0.015210330070559278
2020-08-13,-0.05,0.0,0.0,0.05,0.0,0.0,0.05,0.05,0.0,0.05,-0.05,0.0,-0.021198205308537922,-0.014964804673137367,0.018470045717102892
2020-08-14,-0.05,0.0,0.0,0.05,0.0,0.0,0.05,0.05,0.0,0.05,-0.05,0.0,-0.024544212034699232,-0.012266982755376903,0.017849971085541896
2020-08-17,-0.05,0.0,-0.05,0.05,0.0,0.0,0.05,0.05,0.0,0.05,-0.05,0.0,-0.03614856518182686,-0.004353713639350665,0.03454406512187641
2020-08-18,-0.05,0.0,-0.05,0.05,0.0,0.0,0.05,0.05,0.0,0.05,-0.05,0.0,-0.03601007556673657,-0.0052593911099298556,0.0352010499545527
2020-08-19,-0.05,0.0,-0.05,0.05,0.0,0.0,0.0,0.05,0.0,0.05,-0.05,0.0,-0.04155273911793142,0.012140144930658247,0.03470821463668955
2020-08-20,-0.05,0.05,-0.05,0.05,0.0,0.0,0.0,0.05,0.0,0.0,0.0,0.0,-0.024596740204413818,-0.021502740798818983,0.03563478027851443
2020-08-21,-0.05,0.05,-0.05,0.05,0.0,0.0,-0.05,0.05,0.0,0.0,0.0,0.0,-0.027256696541966906,-0.010962252922610162,0.04048965525317435
2020-08-24,-0.05,0.05,-0.05,0.05,0.0,0.0,0.0,0.05,0.0,0.0,0.0,0.0,-0.02306394201558286,-0.014902834184844043,0.027851425204323876
2020-08-25,-0.05,0.05,-0.05,0.05,0.0,0.0,0.0,0.05,0.0,0.0,0.0,0.0,-0.024361639157778427,-0.01588691684039361,0.030635595325780852
2020-08-26,-0.05,0.05,-0.05,0.05,0.0,0.0,-0.05,0.05,0.0,0.0,0.0,0.0,-0.03233542170956047,-0.003730016784437193,0.038631302353568577
2020-08-27,0.0,0.05,0.0,0.05,0.0,-0.05,0.0,0.0,0.0,0.0,0.0,0.0,-0.008115844491998698,-0.028337865213167338,0.02486756775786225
2020-08-28,0.0,0.05,0.0,0.05,0.0,0.0,0.0,0.0,0.0,0.0,0.0,0.0,0.001735760171081055,-0.03141566266198363,0.005023965384665477
2020-08-31,0.0,0.0,0.0,0.05,0.0,0.0,0.0,0.0,0.0,0.0,0.0,0.0,-0.005127903513713114,-0.016150206067629874,0.009156956852919446
2020-09-01,0.0,0.05,0.0,0.05,0.0,0.0,0.0,0.0,0.0,0.0,0.0,0.0,0.0012513436525959489,-0.032502823126821526,0.006431645080566284
2020-09-02,0.0,0.05,-0.05,0.0,0.0,0.0,0.0,0.0,0.0,0.0,0.0,0.0,-9.995246051499457e-05,-0.008642221939991297,0.010445635729313365
2020-09-03,0.0,0.05,-0.05,0.0,0.0,0.0,0.0,0.0,0.0,0.0,0.0,0.0,0.0012873975319276643,-0.009085320545220248,0.009934475737784469
2020-09-04,0.0,0.05,-0.05,0.0,0.0,0.0,0.0,0.0,0.0,0.0,0.0,0.0,-5.9028009713350815e-05,-0.006474594665197222,0.009835519278125215
2020-09-08,0.0,0.05,-0.05,-0.05,0.0,0.0,0.0,0.0,0.0,0.0,0.0,0.0,0.0038495427243642705,0.010317792589880656,0.0012074118580368259
2020-09-09,0.0,0.05,-0.05,-0.05,0.0,0.0,0.0,0.0,0.0,0.0,0.0,0.0,0.0034400571169120437,0.010246400151671872,0.0009970138951285717
2020-09-10,0.0,0.05,-0.05,-0.05,0.0,0.0,0.0,0.0,0.0,0.0,0.0,0.0,0.003069848524554753,0.011460026423801862,0.00012323230864174674
2020-09-11,0.0,0.05,-0.05,-0.05,0.0,0.0,0.0,0.0,0.0,-0.05,0.0,0.0,0.009843959964372602,0.0177965607312836,-0.0051559638327034665
2020-09-14,0.0,0.0,-0.05,-0.05,0.0,-0.05,0.0,0.0,0.0,-0.05,0.0,0.0,-0.007088736300338042,0.029586595981246695,0.024087210520793854
2020-09-15,0.0,0.0,-0.05,-0.05,0.0,-0.05,0.0,0.0,0.0,-0.05,0.0,0.0,-0.005517350231873445,0.03020704998124487,0.023170687689013227
2020-09-16,0.0,0.0,-0.05,-0.05,0.0,-0.05,0.0,0.0,0.0,0.0,0.0,0.0,-0.010237247316753543,0.02466776624995169,0.026216881353791174
2020-09-17,0.0,0.0,-0.05,0.0,0.0,-0.05,0.0,0.0,0.0,0.0,0.0,0.0,-0.012881108223422252,0.010791335346070218,0.03230332754770858
2020-09-18,0.0,0.0,-0.05,0.0,0.0,-0.05,0.0,0.0,0.0,0.0,0.0,-0.05,-0.005894397146995493,0.01590900061934917,0.03133113713080284
2020-09-21,0.0,0.0,-0.05,0.0,0.0,-0.05,0.0,0.0,0.0,0.0,0.0,-0.05,-0.005301525470429388,0.016040689794942223,0.030942720247401655
2020-09-22,0.0,0.0,-0.05,0.0,0.0,-0.05,0.0,0.0,0.0,0.0,0.0,-0.05,-0.00686467810409163,0.016555672497633372,0.03127828161972697
2020-09-23,0.0,0.0,-0.05,0.0,0.0,-0.05,0.0,0.0,0.0,0.0,0.0,-0.05,-0.007226377249151388,0.01747334628353798,0.03025648225789656
2020-09-24,0.0,0.0,-0.05,0.0,0.0,-0.05,0.0,0.0,0.0,0.0,0.0,-0.05,-0.005271416679550542,0.01685652643881482,0.02990146245034209
2020-09-25,0.0,0.0,-0.05,0.0,0.0,-0.05,0.0,0.0,0.0,0.0,0.0,-0.05,-0.005435228684921913,0.01710736732231217,0.02965126156288653
2020-09-28,0.0,0.0,-0.05,0.0,0.0,-0.05,0.0,0.0,0.0,0.0,0.0,-0.05,-0.004199197864150834,0.011673046500577065,0.034638434967314044
2020-09-29,0.0,0.0,0.0,0.0,0.0,-0.05,0.0,0.0,0.0,0.0,0.0,-0.05,-0.0020995134746233796,-0.004029419048202396,0.03035100489069514
2020-09-30,0.0,0.0,0.0,0.0,0.0,-0.05,0.0,0.0,0.0,0.0,0.0,-0.05,-0.0023058955694980187,-0.003908910393749826,0.030328735842396766
2020-10-01,0.0,0.0,-0.05,0.0,0.0,-0.05,0.0,0.0,0.0,0.0,0.0,-0.05,-0.004763281315053887,0.012610283366739701,0.033905125896326715
2020-10-02,0.0,0.0,-0.05,0.0,0.0,0.0,0.0,0.0,0.0,0.0,0.0,-0.05,0.008608146464153404,0.015351274437359081,0.006920372657804738
2020-10-05,0.0,0.0,0.0,0.0,0.0,0.0,0.0,0.0,0.0,0.0,0.0,-0.05,0.010994646212199956,-0.0019367202886723688,0.004565767233447292
2020-10-06,0.0,0.0,0.0,0.0,0.0,0.0,0.0,0.0,0.0,0.0,0.0,-0.05,0.012110128844948862,-0.0038263273934738724,0.005899997184147321
2020-10-07,0.0,0.0,-0.05,0.0,0.0,0.0,0.0,0.0,0.0,0.0,0.0,-0.05,0.010528044230772748,0.015619574735379688,0.005197170406073558
2020-10-08,0.0,0.0,-0.05,0.0,0.0,0.0,0.0,0.0,0.0,0.0,0.0,-0.05,0.00801778663486754,0.014921026218825604,0.007126359741287738
2020-10-09,0.0,0.0,-0.05,0.0,0.0,0.0,0.0,0.0,0.0,0.0,0.0,-0.05,0.008960489227696952,0.016281745302823437,0.00517350749848146
2020-10-12,0.0,0.0,0.0,0.0,0.05,0.0,0.0,0.0,0.0,0.0,0.0,-0.05,0.018841680597364113,-0.005490080700955675,-0.012174289273906704
2020-10-13,0.0,0.0,0.0,0.0,0.05,0.0,0.0,0.0,0.0,0.0,0.0,-0.05,0.018596311956783414,-0.008488636337852618,-0.008404161541916842
2020-10-14,0.0,-0.05,0.0,0.0,0.05,0.0,0.0,0.0,0.0,0.0,0.0,-0.05,0.017584109739743326,0.005248942431976171,-0.007802322380961497
2020-10-15,0.0,-0.05,0.0,0.0,0.05,0.0,0.0,0.0,0.0,0.0,0.0,-0.05,0.0187815288530077,0.0049862451952901515,-0.008391741808778634
2020-10-16,0.0,-0.05,0.0,0.0,0.05,0.0,0.0,0.0,0.0,0.0,0.0,-0.05,0.021017229881267897,0.011292089848508706,-0.015956551830053206
2020-10-19,0.0,-0.05,0.0,0.0,0.0,0.0,0.0,0.0,0.0,0.0,0.0,0.0,-0.0009929027046438903,0.012483739752054496,0.001612235306850871
2020-10-20,0.0,-0.05,0.0,0.0,0.0,0.0,0.0,0.0,0.0,0.0,0.0,0.0,-0.0007912192847726292,0.012986243426149128,0.0011108755934692482
2020-10-21,0.0,-0.05,0.0,0.0,0.0,0.0,0.0,0.0,0.0,0.0,0.0,0.0,-0.0009096319087097696,0.012876045122620711,0.0013351604614713329
2020-10-22,0.0,-0.05,0.0,0.0,0.0,0.0,0.0,0.0,0.0,0.0,0.0,0.0,-0.0010140890738948726,0.012789503989895474,0.0015335879398260172
2020-10-23,0.0,-0.05,0.0,0.0,0.0,0.0,0.0,0.0,0.0,0.0,0.0,0.0,-0.0002870654240924305,0.012166086584792284,0.0017387716416475546
2020-10-26,0.0,-0.05,0.0,0.0,0.0,0.0,0.0,0.0,0.0,0.0,0.0,0.0,-0.0004994642919431613,0.01182502590481503,0.0022290492453596543
2020-10-27,0.0,-0.05,0.0,0.0,0.0,0.0,0.0,0.0,0.0,0.0,0.0,0.0,-0.0015225816047606227,0.015243430182772473,-0.00025032999371758904
2020-10-28,0.0,-0.05,0.0,0.0,0.0,0.05,0.0,0.0,0.0,0.0,0.0,0.0,0.014297181898714387,-0.0010141298036438293,-0.009748898334577127
2020-10-29,0.0,-0.05,0.0,0.0,0.0,0.05,0.0,0.0,0.0,0.0,0.0,0.0,0.01446349677900123,-0.0014275513323137989,-0.009458721139461097
2020-10-30,0.0,-0.05,0.0,0.0,0.0,0.05,0.0,0.0,0.0,0.0,0.0,0.0,0.014930921363933522,-0.0013931997258155764,-0.009715044505131784
2020-11-02,0.0,-0.05,0.0,0.0,0.0,0.05,0.0,-0.05,0.0,0.0,0.0,0.0,0.030580960458906653,0.008299196745339164,-0.023619423109347476
2020-11-03,0.0,-0.05,0.0,0.0,0.0,0.05,0.0,-0.05,0.0,0.0,0.0,0.0,0.029195606132639322,0.008904211399689832,-0.02338234030593296
2020-11-04,0.0,-0.05,0.0,0.0,0.0,0.05,0.0,-0.05,0.0,0.0,0.0,0.0,0.02992409436860111,0.00874872490205749,-0.02366839871616514
2020-11-05,0.0,-0.05,0.0,0.0,0.0,0.05,0.05,-0.05,0.0,0.05,0.0,0.0,0.03806731197617434,-0.015592582693936688,-0.026248439118115904
2020-11-06,0.0,0.0,0.05,0.0,0.0,0.05,0.05,0.0,0.05,0.05,-0.05,0.0,0.022300272150037173,-0.040094054009110466,-0.022520043696165178
2020-11-09,0.0,0.0,0.05,0.0,0.0,0.05,0.05,0.0,0.05,0.05,-0.05,0.0,0.02212832944144704,-0.04096533471098791,-0.02153167376116314
2020-11-10,0.0,0.0,0.05,0.0,0.0,0.05,0.05,0.0,0.05,0.05,-0.05,0.0,0.02403225604586587,-0.03970402250299756,-0.024147516389640696
2020-11-11,0.0,0.0,0.05,0.05,0.0,0.05,0.05,0.0,0.05,0.05,-0.05,0.0,0.021980345550429638,-0.05283827849318176,-0.020734686508990956
2020-11-12,0.0,0.0,0.05,0.05,0.0,0.05,0.05,0.0,0.05,0.05,-0.05,0.0,0.022270971339194347,-0.0567239929447752,-0.016849420013551216
2020-11-13,0.0,0.0,0.05,0.05,0.0,0.05,0.05,0.0,0.05,0.05,-0.05,0.0,0.020458741988844703,-0.05512919495687153,-0.017515274302691827
2020-11-16,0.0,0.0,0.05,0.05,0.0,0.05,0.05,0.0,0.05,0.05,-0.05,0.0,0.020771050679841946,-0.055337187400152976,-0.017605180646843348
2020-11-17,0.0,0.0,0.05,0.05,0.0,0.05,0.05,0.0,0.05,0.05,-0.05,0.0,0.024920552458874746,-0.06366782886179197,-0.012008465133486867
2020-11-18,0.0,0.0,0.05,0.05,0.0,0.05,0.05,0.0,0.05,0.05,-0.05,0.0,0.025035172585425532,-0.06294761732952624,-0.012759413903471028
2020-11-19,0.0,0.0,0.05,0.05,0.0,0.0,0.0,0.0,0.05,0.0,-0.05,0.0,0.0031891442384314106,-0.022045302716525328,-0.0025368927524342154
2020-11-20,0.0,0.0,0.05,0.05,0.0,0.0,0.0,0.0,0.05,0.0,-0.05,0.0,0.00377375706643122,-0.022473429721977967,-0.0027629277590630824
2020-11-23,0.0,0.0,0.05,0.05,0.0,0.0,0.0,0.0,0.05,0.0,-0.05,0.0,0.003849286610424367,-0.023683118683243767,-0.00159980230486446
2020-11-24,0.0,0.0,0.05,0.05,0.0,0.0,0.0,0.0,0.05,0.0,0.0,0.0,0.006853823818323258,-0.04370591354952962,0.0022465666912734523
2020-11-25,0.0,0.0,0.0,0.05,0.0,0.0,0.0,0.0,0.05,0.0,0.0,0.0,-0.013307657885764199,-0.012700094917433456,0.0032414583214530686
2020-11-27,0.0,0.0,0.0,0.05,0.0,0.0,0.0,0.0,0.05,0.0,0.0,0.0,-0.01358612691915715,-0.01224027910562521,0.003037062087528325
2020-11-30,0.0,0.0,0.0,0.05,0.0,0.0,0.0,0.0,0.05,0.0,0.0,0.0,-0.010314117130411068,-0.015007479196857253,0.003932052832335349
2020-12-01,0.0,0.05,0.0,0.0,0.0,0.0,0.0,0.0,0.0,0.0,0.0,0.0,0.0018916986172156716,-0.00790100937909868,-0.0072388588746327455
2020-12-02,0.0,0.05,0.0,0.0,-0.05,0.0,0.0,0.0,0.0,0.0,0.0,0.0,-0.016166699795365346,0.018210180186064025,-0.007540193764543826
2020-12-03,-0.05,0.05,0.0,0.0,-0.05,0.0,0.0,0.0,0.0,0.0,0.0,0.0,-0.02381756099185705,0.03598303135926095,-0.0032803232630557334
2020-12-04,-0.05,0.05,0.0,0.0,-0.05,0.0,0.0,0.0,0.0,0.0,0.0,0.05,-0.025856810701246704,0.028383275607284302,-0.004899156934992251
2020-12-07,0.0,0.05,0.0,0.0,-0.05,0.0,0.0,0.0,0.0,0.0,0.0,0.0,-0.016255948414607847,0.018947887484994336,-0.007630644923065886
2020-12-08,0.0,0.05,0.0,0.0,-0.05,0.0,0.0,0.0,0.0,0.0,0.0,0.0,-0.015170886827131122,0.017779235882758166,-0.007364064217410259
2020-12-09,0.0,0.05,0.0,0.0,-0.05,0.0,0.0,0.0,0.0,0.0,0.0,0.0,-0.015088857675536034,0.01708629540324015,-0.006868135377629118
2020-12-10,-0.05,0.05,0.0,0.0,0.0,0.0,0.0,0.0,0.0,0.0,0.0,0.05,-0.00782722516295397,-0.003047417889063587,-0.00028943079823982713
2020-12-11,-0.05,0.05,0.0,0.0,0.0,0.0,0.0,0.0,0.0,0.0,0.0,0.05,-0.007479827065697858,-0.004320743836006126,0.0005965073827509698
2020-12-14,-0.05,0.05,0.0,0.0,0.0,0.0,0.0,0.0,0.0,0.0,0.05,0.05,-0.0007312031141045025,-0.04205491250440764,0.01761653863198554
2020-12-15,0.0,0.05,0.0,0.0,-0.05,0.0,0.0,0.0,0.0,-0.05,0.05,0.05,-0.00623249655565771,-0.021080256962092467,0.0035396597668182223
2020-12-16,-0.05,0.0,0.0,0.0,-0.05,0.0,0.0,0.0,0.0,-0.05,0.05,0.05,-0.0037432470402200386,-0.008008334361984304,0.019049268129357925
2020-12-17,-0.05,0.0,0.0,0.0,-0.05,0.0,0.0,0.0,0.0,-0.05,0.05,0.05,-0.003690709089653342,-0.009081869981618446,0.020526699226612523
2020-12-18,-0.05,0.0,0.0,0.0,-0.05,0.0,0.0,0.0,0.0,-0.05,0.05,0.05,-0.005052685460144224,-0.00794623628983917,0.019269282899170535
2020-12-21,0.0,0.0,0.0,0.0,0.0,0.0,0.0,0.0,0.0,-0.05,0.05,0.05,0.014023050267604089,-0.03979213863296469,0.008127514516814297
2020-12-22,0.0,0.0,0.0,0.0,0.0,0.0,0.0,0.0,0.0,-0.05,0.05,0.05,0.013632294182094534,-0.039559811891463764,0.007642998237157401
2020-12-23,-0.05,0.0,0.0,0.0,0.0,0.0,0.0,0.0,0.0,0.0,0.0,0.05,-0.00717193476449403,0.007264100345363487,0.0020475612784866637
2020-12-24,-0.05,0.0,0.0,0.0,0.0,0.0,0.0,0.0,0.0,0.0,0.0,0.05,-0.006874437518699496,0.006622870563207019,0.0023978661991304797
2020-12-28,-0.05,0.0,0.0,0.0,0.0,0.0,0.0,0.0,0.0,0.0,0.0,0.0,-0.006485295767580755,0.018474830326975916,0.0017857754948586984
2020-12-29,-0.05,0.0,0.0,0.0,0.0,0.0,0.0,0.0,0.0,0.0,0.0,0.0,-0.006334785758751954,0.018346229047867823,0.002094693157469899
2020-12-30,-0.05,0.0,0.0,0.0,0.0,0.0,0.0,0.0,0.0,0.0,0.0,0.0,-0.006743896824402153,0.019387784890140137,0.001486073079548231
2020-12-31,-0.05,0.0,0.0,0.0,0.0,0.0,0.0,0.0,0.0,0.0,0.0,0.0,-0.006930465553801689,0.01956759266795852,0.0013691032432600833
2021-01-04,-0.05,0.0,0.0,0.0,0.0,0.0,0.0,0.0,0.0,0.0,0.0,0.0,-0.007840238313049289,0.02101847162985287,0.00023077559216875157
2021-01-05,-0.05,0.0,0.0,0.0,0.0,0.0,0.0,0.0,0.0,0.0,0.0,0.0,-0.007493284947572375,0.02099777496201904,0.0002305055071989675
2021-01-06,-0.05,0.0,0.0,0.0,0.0,0.0,0.0,0.0,0.0,0.0,0.0,0.0,-0.007118732458408214,0.02052045069401203,0.0005322579808461577
2021-01-07,-0.05,0.0,0.0,0.0,0.0,0.0,0.0,0.0,0.0,0.0,0.0,0.0,-0.007436104220612701,0.020995478335551918,0.00035307879024337697
2021-01-08,-0.05,0.0,0.0,0.0,0.0,0.0,0.0,0.0,-0.05,0.0,0.0,0.0,0.004191200731984953,0.02222507288139049,-0.0024358040629406403
2021-01-11,-0.05,0.0,0.0,-0.05,0.0,0.0,0.0,0.0,-0.05,0.0,0.0,0.0,0.0004298830857561251,0.04160416154313256,-0.007108960489892452
2021-01-12,0.0,0.0,0.0,-0.05,0.0,0.0,0.0,0.0,-0.05,0.0,0.0,0.0,0.0077866523100485795,0.02263266661205257,-0.008570675019131415
2021-01-13,0.0,0.0,0.0,-0.05,0.0,0.0,0.0,0.0,-0.05,0.0,0.0,0.0,0.00891463575710122,0.019059966865313163,-0.005792258377325591
2021-01-14,0.0,0.0,0.0,-0.05,0.0,0.05,0.0,0.0,-0.05,0.0,0.0,0.0,0.020648818473312406,0.01595592049716684,-0.025605651716125145
2021-01-15,0.0,0.0,0.0,-0.05,0.0,0.05,0.0,0.0,0.0,0.0,0.0,0.0,0.009805862283355038,0.014122179028273903,-0.023914235826574315
2021-01-19,0.0,0.0,0.0,-0.05,0.0,0.05,0.0,0.0,-0.05,0.0,0.0,0.0,0.022890327789434756,0.013299221850780764,-0.023881497085254572
2021-01-20,0.0,0.0,0.0,-0.05,0.0,0.05,0.0,0.0,-0.05,0.0,0.0,0.0,0.02260150983594781,0.012975894283518847,-0.02290374850602986
2021-01-21,0.0,0.0,0.0,-0.05,0.05,0.05,0.0,0.0,0.0,0.0,0.0,0.0,0.024384926726307845,-0.008611969378640411,-0.023558978635003065
2021-01-22,0.0,0.0,0.0,-0.05,0.05,0.05,0.0,0.0,0.0,0.0,0.0,0.0,0.026504181575221913,-0.013242677435254535,-0.02028122873653627
2021-01-25,-0.05,0.0,0.0,-0.05,0.05,0.05,0.0,0.0,0.0,0.0,0.0,0.0,0.018820026663190766,0.007209269161559469,-0.019678301415988544
2021-01-26,-0.05,0.0,0.0,0.0,0.05,0.05,0.0,0.0,0.0,0.0,0.0,0.0,0.02539253658199353,-0.011352548322385166,-0.017474897336569994
2021-01-27,-0.05,0.0,0.0,0.0,0.05,0.05,0.0,0.0,0.0,0.0,0.0,0.0,0.026026016422255237,-0.01129036421561057,-0.01755231111983167
2021-01-28,-0.05,-0.05,0.0,0.0,0.05,0.05,0.0,0.0,0.0,0.0,0.0,0.0,0.010182576924402893,0.017268567226593545,-0.027196273873251547
2021-01-29,-0.05,-0.05,0.0,0.0,0.05,0.05,0.0,0.0,0.0,0.0,0.0,0.0,0.010041795354559065,0.018066359601710633,-0.02882215990651072
2021-02-01,0.0,-0.05,0.0,0.0,0.05,0.05,0.0,0.0,0.0,0.0,0.0,0.0,0.020331391490768902,-0.007088634394545232,-0.024385980307438083
2021-02-02,0.0,-0.05,0.0,0.0,0.0,0.05,0.0,0.0,0.0,0.0,0.0,0.0,0.006738864352561481,0.014174735087611825,-0.020107718431781055
2021-02-03,0.0,-0.05,0.0,0.0,0.0,0.0,0.0,0.0,0.0,0.0,0.0,0.0,-0.006498721129771308,0.014187847896765077,0.0031082142107534995
2021-02-04,0.0,-0.05,0.0,0.0,0.0,0.0,-0.05,0.0,0.0,0.0,0.0,0.05,-0.019961696274285668,0.028492937195601,-0.006259442445277472
2021-02-05,0.0,-0.05,0.0,0.0,0.0,0.0,-0.05,0.0,0.0,0.0,0.0,0.05,-0.020544035541848363,0.028047400550554387,-0.005881861683946556
2021-02-08,0.0,-0.05,0.0,0.0,0.0,0.0,-0.05,0.0,0.0,0.0,0.0,0.05,-0.022218229485685123,0.022071227506177668,0.0015599599773165234
2021-02-09,0.0,-0.05,0.0,0.0,0.0,0.0,-0.05,-0.05,0.0,0.0,0.0,0.05,-0.004495502937763733,0.029697731554243646,-0.013366882201772377
2021-02-10,0.0,-0.05,0.0,0.0,0.0,0.0,-0.05,-0.05,0.0,0.0,0.0,0.05,-0.0035820827510091215,0.029085482338951522,-0.013774486393365613
2021-02-11,0.0,-0.05,-0.05,0.0,0.0,0.0,-0.05,0.0,0.0,0.0,0.0,0.05,-0.037144044003399525,0.0394266135373533,0.007668790743470503
2021-02-12,0.05,-0.05,-0.05,0.0,0.0,0.0,-0.05,0.0,0.0,0.0,0.0,0.0,-0.015449511628397382,0.020681505633781107,0.009291134261436736
2021-02-16,0.05,0.0,-0.05,0.0,0.0,0.0,-0.05,0.05,0.0,0.0,0.0,0.0,-0.023781463295420704,-0.0007651162346260457,0.02000285921656714
2021-02-17,0.05,0.0,-0.05,0.0,0.0,0.0,-0.05,0.05,0.0,0.05,0.0,0.0,-0.0248466928476945,-0.011666697106317347,0.026761566334203825
2021-02-18,0.05,0.0,-0.05,0.0,0.0,0.0,-0.05,0.05,0.0,0.05,0.0,0.0,-0.022285832192285894,-0.009784816196639623,0.023874518497316997
2021-02-19,0.05,0.0,-0.05,0.0,0.0,0.0,-0.05,0.05,0.0,0.05,0.0,0.0,-0.021919682404120303,-0.010161699383736622,0.02368003844988052
2021-02-22,0.05,0.0,-0.05,0.0,0.0,0.0,-0.05,0.05,0.0,0.05,0.0,0.0,-0.022230778202393792,-0.009824349099681209,0.022538856000578002
2021-02-23,0.05,0.0,-0.05,0.0,0.0,0.0,-0.05,0.05,0.0,0.0,0.0,0.0,-0.021859155657008182,-0.0004923365719252133,0.01723123475876831
2021-02-24,0.05,0.0,-0.05,0.0,0.0,0.0,0.0,0.05,0.0,0.0,0.0,0.0,-0.01407204827359093,-0.012589672741945992,0.016024499017867254
2021-02-25,0.05,0.0,-0.05,0.0,0.0,0.0,0.0,0.0,0.0,0.0,0.0,0.0,-0.0045241555998402575,0.0012014756318269003,0.001206855108302656
2021-02-26,0.05,0.0,-0.05,0.0,0.0,0.0,0.0,0.0,0.0,0.0,0.0,0.0,-0.0031900872009769585,0.0022900081707023304,0.002302112746586561
2021-03-01,0.05,0.0,-0.05,0.0,0.0,0.0,0.0,0.0,0.0,0.0,0.0,0.0,-0.006902100875250465,0.004468606659301513,0.0026878030424454017
2021-03-02,0.05,0.0,0.0,0.0,0.0,0.0,0.0,0.0,0.0,0.0,0.0,0.0,0.007643560471258414,-0.02358758386506479,0.0028452189687289426
2021-03-03,0.05,0.0,0.0,0.0,0.0,0.0,0.0,0.0,0.0,0.0,0.0,0.0,0.007754052329433506,-0.024066409417781865,0.003280623126133335
2021-03-04,0.05,0.0,0.0,0.0,0.0,0.0,0.0,0.0,0.0,0.0,0.0,0.0,0.007289623975323874,-0.024490827583359232,0.0043248959135228655
2021-03-05,0.05,0.0,0.0,0.0,0.0,0.0,0.0,0.0,0.0,0.0,0.0,0.0,0.0065244145435988336,-0.024441510268890368,0.004978281616734294
2021-03-08,0.05,0.0,0.0,0.05,0.0,0.0,0.0,0.0,0.0,-0.05,0.0,0.0,0.020979078123352056,-0.02065405947434508,-0.021324402225728324
2021-03-09,0.05,0.0,0.0,0.05,0.0,0.0,0.0,0.0,0.0,-0.05,0.0,0.0,0.027679355825673005,-0.019163125110283653,-0.028560228748966777
2021-03-10,0.05,0.0,0.0,0.05,0.0,0.0,0.0,0.0,0.0,-0.05,0.0,0.0,0.02643367021633454,-0.019704768170717632,-0.02682259151378972
2021-03-11,0.05,0.0,0.0,0.05,0.0,0.0,0.0,0.0,0.0,-0.05,0.0,0.0,0.02569943523121511,-0.01881624876233069,-0.02723760474227654
2021-03-12,0.05,0.0,0.0,0.05,0.0,0.0,0.0,0.0,0.0,0.0,0.0,0.0,0.014381451197398108,-0.034697828853339524,-0.0061831731433345995
2021-03-15,0.0,0.0,0.0,0.05,0.0,0.0,0.0,0.0,0.0,0.0,0.0,0.0,0.006932167466678092,-0.010274705268895396,-0.010764373337358043
2021-03-16,0.0,0.0,0.0,0.05,0.0,0.0,0.0,0.0,0.0,0.0,0.0,0.0,0.007134941386526865,-0.01056186859433479,-0.01088101073440492
2021-03-17,0.0,0.0,0.0,0.05,0.0,0.0,0.0,0.0,0.0,0.0,0.0,0.0,0.0071313193720943125,-0.010524257120235561,-0.010901479520834383
2021-03-18,0.0,0.0,0.0,0.0,0.0,0.0,0.0,0.0,0.0,0.0,0.0,0.0,-0.0,-0.0,-0.0
2021-03-19,0.0,0.0,0.0,0.0,0.0,0.0,0.0,0.0,0.0,0.0,0.0,0.0,-0.0,-0.0,-0.0
2021-03-22,0.0,0.0,0.0,0.0,0.0,0.0,0.0,0.0,0.0,0.0,0.0,0.0,-0.0,-0.0,-0.0
2021-03-23,0.0,0.0,0.0,0.0,0.0,0.0,0.0,-0.05,0.0,0.0,0.0,0.0,0.011387923250271164,0.011704749137952053,-0.013355559348919006
2021-03-24,0.0,0.0,0.0,0.0,0.0,0.0,0.0,-0.05,0.0,0.0,0.0,0.0,0.011592095724917371,0.011223322305445491,-0.01305312110603464
2021-03-25,0.0,0.0,0.0,0.0,0.0,0.0,0.0,-0.05,0.0,0.0,0.0,-0.05,0.018087769425157184,0.021086298747473586,-0.01117137950597562
2021-03-26,0.0,0.0,0.0,0.0,0.0,0.0,0.0,-0.05,0.0,0.0,0.0,-0.05,0.018574243308589304,0.021591935016166713,-0.011771180906700467
2021-03-29,0.0,0.0,0.0,0.0,0.0,0.0,0.0,-0.05,0.0,0.0,0.0,-0.05,0.01964425889976014,0.027781154073251907,-0.017829904890978576
2021-03-30,0.0,0.0,0.0,0.0,0.0,0.0,0.0,-0.05,0.0,-0.05,0.0,-0.05,0.035753487543084043,0.04094728875667279,-0.04002717690102079
2021-03-31,0.0,0.0,0.0,0.05,0.0,0.0,0.0,-0.05,0.0,-0.05,0.0,-0.05,0.03955165415094737,0.026938802862179343,-0.04583170785857825
2021-04-01,0.0,0.0,0.0,0.05,0.0,0.0,0.0,-0.05,0.05,-0.05,0.0,-0.05,0.030554351653900236,0.010064717641140484,-0.038619792542097436
2021-04-05,0.0,0.0,0.0,0.05,0.0,0.0,0.0,0.0,0.05,-0.05,0.0,-0.05,0.018574851219416388,-0.0025792378022107144,-0.02373562223312593
2021-04-06,0.0,0.0,0.0,0.05,0.0,0.0,0.0,0.0,0.05,-0.05,0.0,-0.05,0.026642759311029503,-0.00845157879982016,-0.022841542895248305
2021-04-07,0.0,0.0,0.0,0.05,0.0,0.0,0.0,0.0,0.05,-0.05,0.0,-0.05,0.026670404332249983,-0.00894988054598305,-0.022373177808702176
2021-04-08,0.0,0.0,0.0,0.05,0.0,0.0,0.0,0.0,0.05,-0.05,0.0,0.0,0.02156877260862986,-0.02267218147833633,-0.02237039653563478
2021-04-09,0.0,0.0,0.0,0.05,0.0,0.0,0.0,0.0,0.05,-0.05,0.0,0.0,0.019633443604297127,-0.016631577351129967,-0.027265338101489133
2021-04-12,0.0,0.0,0.0,0.05,0.0,0.0,0.0,0.0,0.05,-0.05,0.0,0.0,0.02101884535166529,-0.0207331674561768,-0.02421244269162629
2021-04-13,0.0,0.0,0.0,0.05,0.05,0.0,0.0,0.0,0.05,-0.05,0.0,0.0,0.03277637867563679,-0.036223288847638736,-0.03395665793725383
2021-04-14,0.0,0.0,0.0,0.0,0.05,0.0,0.0,0.0,0.05,-0.05,0.0,0.0,0.02515848863656035,-0.027611222556197954,-0.020872689428388925
2021-04-15,0.0,0.0,0.0,0.0,0.05,0.0,0.0,0.0,0.05,-0.05,0.0,0.0,0.02593404227198227,-0.026327014571780244,-0.02222469114469487
2021-04-16,0.0,0.0,-0.05,0.0,0.0,0.0,0.0,0.0,0.05,-0.05,0.0,0.0,-0.0033185763990726015,-0.0026038254912137317,0.010140006124942862
2021-04-19,0.0,0.0,-0.05,0.0,0.0,0.0,0.0,0.0,0.05,-0.05,0.0,0.0,-0.0035701157382868574,-0.002126037054250459,0.009771295491548357
2021-04-20,-0.05,0.0,-0.05,0.0,0.0,0.0,0.0,0.0,0.0,-0.05,0.0,0.05,-0.012605569888181525,0.018555753602256603,0.007209171501919354
2021-04-21,-0.05,0.0,0.0,0.0,0.0,0.0,0.0,0.0,0.0,-0.05,0.0,0.05,0.0036653064848109016,0.009181305207560848,-0.013485144471679571
2021-04-22,-0.05,0.0,0.0,0.0,0.0,0.0,0.0,0.0,0.0,0.0,0.0,0.05,-0.014248813740107858,-0.0035772055004430828,0.008569666638483875
2021-04-23,-0.05,0.0,0.0,0.0,0.0,0.0,0.0,0.0,0.0,0.0,0.0,0.05,-0.013970292958352868,-0.00352161553223904,0.008342131310007229
2021-04-26,-0.05,0.0,0.0,0.0,0.0,0.0,0.0,0.0,0.0,0.0,0.0,0.05,-0.006634381960036913,-0.012711830039405861,0.014372096016957115
2021-04-27,-0.05,0.0,0.0,0.0,-0.05,0.0,0.0,0.0,0.0,0.0,-0.05,0.05,-0.02785276884661797,0.011231722648544808,0.03788610041821845
2021-04-28,-0.05,0.0,0.0,0.0,-0.05,0.0,0.0,0.0,0.0,0.0,-0.05,0.05,-0.026245083743156962,0.011406373683244854,0.037042884676651115
2021-04-29,-0.05,0.05,0.0,0.0,-0.05,0.0,0.0,0.0,0.0,0.0,-0.05,0.05,-0.01523078577964405,-0.006272842952869319,0.03874192552054572
2021-04-30,-0.05,0.05,0.0,0.0,-0.05,0.0,0.0,0.0,0.0,0.0,-0.05,0.05,-0.013000505406215068,-0.009687151329002129,0.040950863314335416
2021-05-03,-0.05,0.05,0.0,0.0,-0.05,0.0,0.0,0.0,0.0,0.0,-0.05,0.05,-0.012997655753210576,-0.005948401024070283,0.03747712231621824
2021-05-04,-0.05,0.05,0.0,0.0,0.0,0.0,0.0,0.0,0.0,0.0,-0.05,0.05,0.00167498023484145,-0.01953233317657759,0.02334781377212697
2021-05-05,-0.05,0.05,0.0,0.0,-0.05,0.0,0.0,0.0,0.0,0.0,-0.05,0.05,-0.009970837189721029,-0.0024305265739756367,0.03360740054059507
2021-05-06,-0.05,0.05,0.0,0.0,-0.05,0.0,0.0,0.0,0.0,0.0,0.0,0.0,-0.008313879283412198,0.011559774846846307,0.01667470186346718
2021-05-07,-0.05,0.0,0.0,0.0,-0.05,0.0,0.0,0.0,0.0,0.0,0.0,0.0,-0.016155038120809716,0.023466931612800807,0.01971407794224503
2021-05-10,-0.05,0.0,0.0,0.0,-0.05,0.0,0.0,0.0,0.0,0.0,0.0,0.0,-0.01594408150175817,0.023148792641797627,0.019948580747965496
2021-05-11,-0.05,0.0,0.0,0.0,-0.05,0.0,0.0,0.0,0.0,0.0,0.0,0.0,-0.017756776609122428,0.026482760658047888,0.017345172180680934
2021-05-12,-0.05,0.0,0.0,0.0,-0.05,0.0,0.0,0.0,0.0,0.0,0.0,0.0,-0.017914793952573824,0.026598299722736356,0.017290342576738074
2021-05-13,-0.05,0.05,0.0,0.0,-0.05,0.0,0.0,0.0,0.0,0.0,0.0,0.0,-0.013532675293785629,0.014119465586543993,0.015950737329227506
2021-05-14,-0.05,0.05,0.0,0.0,-0.05,0.0,0.0,0.0,0.0,0.0,0.0,0.0,-0.013443312297216636,0.009800342593003383,0.019909785935316233
2021-05-17,-0.05,0.05,0.0,0.0,-0.05,0.0,0.0,0.0,0.0,0.0,0.0,0.0,-0.014476999562555982,0.010431971176462605,0.019503551176934975
2021-05-18,0.0,0.05,0.0,0.0,-0.05,0.0,0.0,0.0,0.0,0.0,0.0,0.0,-0.009221903201679942,-0.0003397085906345805,0.013296449673928698
2021-05-19,0.0,0.05,0.0,0.0,-0.05,0.0,0.0,0.0,0.0,0.0,0.0,0.0,-0.00997148599124318,-0.0002104017463040453,0.013598199504444589
2021-05-20,0.0,0.05,0.0,0.0,-0.05,0.0,-0.05,0.0,0.0,0.0,0.0,0.0,-0.010175744638716707,0.005312398383969999,0.018697505354451277
2021-05-21,0.0,0.05,0.0,0.0,-0.05,0.0,-0.05,0.0,0.0,0.0,0.0,0.0,-0.010471185081355415,0.0009919804557059016,0.022875781486402815
2021-05-24,0.0,0.05,-0.05,0.0,-0.05,0.0,-0.05,0.0,0.0,0.0,0.0,0.0,-0.025091189539631062,0.0016549470106833365,0.050562126686343335
2021-05-25,0.0,0.05,-0.05,0.0,-0.05,0.0,-0.05,0.0,0.0,0.0,0.0,0.0,-0.03292180495306624,0.008298348080067061,0.048147357664951776
2021-05-26,0.0,0.05,-0.05,0.0,-0.05,0.0,-0.05,0.0,0.0,0.0,0.0,0.0,-0.026872012455308694,0.006438537190078142,0.04857439976406598
2021-05-27,0.0,0.05,-0.05,0.0,-0.05,0.0,-0.05,0.0,0.0,0.0,0.0,0.0,-0.026705315501787494,0.005744614367953529,0.049012756607385806
2021-05-28,0.0,0.05,-0.05,0.0,-0.05,0.0,-0.05,0.0,0.0,0.0,0.0,0.0,-0.026701911663715563,0.005475044586929502,0.04944742619617473
2021-06-01,0.0,0.05,-0.05,0.0,-0.05,0.0,0.0,0.0,0.0,0.0,0.0,0.0,-0.019967206363080164,-0.009510924939086913,0.049759117835916924
2021-06-02,0.0,0.05,-0.05,0.0,-0.05,0.0,0.0,0.0,0.0,0.0,0.0,0.0,-0.0167136715473742,-0.010629114859789311,0.04946228100026437
2021-06-03,0.0,0.05,0.0,0.0,-0.05,0.0,0.0,0.0,0.0,0.0,0.0,0.0,-0.00981875920446567,-0.004322193824280143,0.01603851410579638
2021-06-04,0.0,0.05,0.0,0.0,-0.05,0.0,0.0,0.0,0.0,0.0,0.0,0.0,-0.009391655576747832,-0.00400434405373494,0.015276967259462874
2021-06-07,0.0,0.05,0.0,0.0,-0.05,0.0,0.0,0.0,0.0,0.0,0.0,0.0,-0.008959261345522423,-0.00466140721169226,0.015442499927931593
2021-06-08,0.0,0.05,0.0,0.0,-0.05,0.0,0.0,0.0,0.0,0.0,0.0,0.0,-0.007724341318677677,-0.003184090812296418,0.012645869774586692
2021-06-09,0.0,0.05,0.0,0.0,-0.05,0.0,0.0,0.0,0.0,0.0,0.0,0.0,-0.008978202205101024,-0.002884503778776389,0.013230571189642666
2021-06-10,0.0,0.05,0.0,0.0,0.0,0.0,0.0,0.0,0.0,0.0,0.0,0.0,0.005789757427843595,-0.015150325919566035,-0.0006427136426796826
2021-06-11,0.0,0.05,0.0,0.0,0.0,-0.05,0.0,0.0,0.0,0.0,0.0,0.0,-0.005708878908995199,-0.005270562715700285,0.009747555270364914
2021-06-14,0.0,0.05,0.0,0.0,0.0,-0.05,0.0,0.0,0.0,0.0,0.0,0.0,-0.006124035850747395,-0.004457004370328921,0.009158181054927963
2021-06-15,0.0,0.05,0.0,0.0,0.0,-0.05,0.0,0.0,0.0,0.0,0.0,0.0,-0.007598295084192609,-0.004094938523478104,0.010135796909570631
2021-06-16,0.0,0.05,0.0,0.0,0.0,-0.05,0.0,0.0,0.0,0.0,0.0,0.0,-0.008030958119962841,-0.004424199701096249,0.01088409722114946
2021-06-17,0.0,0.05,0.0,0.0,0.0,-0.05,0.0,0.0,0.0,0.05,0.0,0.0,-0.02984671469517052,-0.007367521288472113,0.022361554913177973
2021-06-18,0.0,0.05,0.0,0.0,0.0,0.0,0.0,0.0,0.0,0.05,0.0,0.0,-0.01944109383259371,-0.015927070811643407,0.00965313426237233
2021-06-21,0.0,0.05,0.0,0.0,0.0,-0.05,0.0,0.0,0.0,0.05,0.0,0.0,-0.03227805899961566,-0.007004413416652714,0.02268172941242564
2021-06-22,0.0,0.0,0.0,0.0,0.0,-0.05,0.0,0.0,0.0,0.05,0.0,0.0,-0.034034721872128755,0.005197740813308684,0.024236444496870423
2021-06-23,0.0,0.0,0.0,0.0,0.0,-0.05,0.0,0.0,0.0,0.05,0.0,0.0,-0.03457136356459474,-0.0004106531149708284,0.02997616566975913
2021-06-24,0.0,0.0,0.0,0.0,0.0,-0.05,0.0,0.0,0.0,0.05,0.0,0.0,-0.03405224914363035,-0.002916078033417529,0.032275245312773794
2021-06-25,0.0,0.0,0.0,0.0,0.0,-0.05,0.0,0.0,0.0,0.05,0.0,0.0,-0.03373433884246723,-0.002794539208055379,0.0320969506330332
2021-06-28,0.0,0.0,0.0,0.0,0.0,-0.05,0.0,0.0,0.0,0.05,0.0,0.0,-0.033367117730643645,-0.002972174253882332,0.03201282178389768
2021-06-29,0.0,0.0,0.0,0.0,0.0,-0.05,0.0,0.0,-0.05,0.05,0.0,0.0,-0.027544983940487135,0.006992809145646995,0.030489208489797297
2021-06-30,0.0,0.0,0.0,0.0,0.0,-0.05,0.0,0.0,-0.05,0.05,0.0,0.0,-0.0261349749959538,0.004075837984981241,0.03309298493836778
2021-07-01,0.0,0.0,0.0,0.0,0.0,0.0,0.0,0.0,-0.05,0.05,0.0,0.0,-0.012441864042879652,-0.0013066181656185413,0.016337223292294305
2021-07-02,0.0,0.0,0.0,0.0,0.0,0.0,0.0,0.0,0.0,0.05,0.0,0.0,-0.018980941298013677,-0.007275755854069349,0.015120615106152008
2021-07-06,0.0,0.0,0.0,0.0,0.0,0.0,0.0,0.0,0.0,0.0,0.0,0.0,-0.0,-0.0,-0.0
2021-07-07,0.0,0.0,0.0,0.0,0.0,0.0,0.0,0.05,0.0,0.0,0.0,0.0,-0.01730284962307991,-0.004588082412637724,0.00816231689151929
2021-07-08,0.0,0.0,0.0,0.0,0.0,0.0,0.0,0.05,0.0,-0.05,0.0,0.0,0.0001480583412661017,0.009129947314517049,-0.012160334471626462
2021-07-09,0.0,0.0,0.0,0.0,0.0,0.0,0.0,0.05,0.0,-0.05,0.0,0.0,0.0007112875500520574,0.01033399845707342,-0.013861226535756013
2021-07-12,0.0,0.0,0.0,0.0,0.0,0.0,0.0,0.05,0.0,-0.05,0.0,0.0,0.0016290660360467751,0.01085060702981867,-0.014777608915662087
2021-07-13,0.0,0.0,0.0,0.0,0.0,0.0,0.0,0.05,0.0,-0.05,0.0,0.0,0.001761515390578991,0.009653530231526833,-0.014029554976164302
2021-07-14,0.0,0.0,0.0,0.0,0.0,0.0,0.0,0.05,-0.05,-0.05,0.0,0.05,0.005986578135487663,-0.012215642450183134,0.001759457169819333
2021-07-15,0.0,0.0,0.0,0.0,0.0,0.0,0.0,0.05,-0.05,-0.05,0.0,0.05,0.00602180223235218,-0.012392059358749916,0.0019338387675751183
2021-07-16,0.0,0.0,0.0,0.0,0.0,0.0,0.0,0.05,-0.05,-0.05,0.0,0.05,0.0063159696641196285,-0.011393370546012742,0.0014045360505005127
2021-07-19,0.0,0.0,0.0,0.0,0.05,0.0,0.0,0.0,-0.05,-0.05,0.0,0.05,0.037689357559326266,-0.00042201839616750475,-0.03828845226481562
2021-07-20,0.0,0.0,0.0,0.0,0.05,0.0,0.0,0.0,0.0,-0.05,0.0,0.05,0.030187436870116026,0.005887874861710669,-0.05104783896277798
2021-07-21,0.0,0.0,0.05,0.0,0.05,0.0,0.0,0.0,0.0,-0.05,0.0,0.05,0.045764771939891424,0.01120274346490529,-0.08576316258931072
2021-07-22,0.0,0.0,0.05,0.0,0.0,0.0,0.0,0.0,0.0,-0.05,0.0,0.0,0.030510811523307167,0.01912817366551988,-0.055886765237214114
2021-07-23,0.0,0.0,0.05,0.0,0.0,0.0,0.0,0.0,0.0,-0.05,0.0,0.05,0.02408081017945257,0.00929019455591173,-0.05546640932447832
2021-07-26,0.0,0.0,0.05,0.0,0.0,0.0,0.0,0.0,0.05,0.0,0.0,0.05,-0.0012259291545004825,-0.0026953831666609567,-0.041956037531560325
2021-07-27,0.0,0.0,0.05,0.0,0.0,0.0,0.0,0.0,0.05,0.0,0.0,0.05,0.0010768448357916498,-0.008052449699599987,-0.037547733098951964
2021-07-28,0.0,0.0,0.05,0.0,0.0,0.0,0.0,0.0,0.05,0.0,0.0,0.05,-0.0009462986471301654,0.0030374870914053743,-0.047375252852101576
2021-07-29,0.0,0.0,0.05,0.0,-0.05,0.0,0.0,0.0,0.05,0.0,0.0,0.05,-0.012917974620333283,-0.01844396153728813,-0.0034416374527880276
2021-07-30,0.0,0.0,0.05,0.0,-0.05,0.0,0.0,0.0,0.05,0.0,-0.05,0.05,-0.012827462345086745,-0.004590346270164562,-0.0009902428271161383
2021-08-02,0.0,0.0,0.05,0.0,0.0,0.0,0.0,0.0,0.0,0.0,-0.05,0.0,0.013368881364974418,0.015517406301012827,-0.02755593195899286
2021-08-03,0.0,0.0,0.05,0.0,0.0,0.0,0.0,0.0,0.0,0.0,-0.05,0.0,0.013109505322204597,0.01661825566842993,-0.028566235221323514
2021-08-04,0.0,0.0,0.05,0.0,0.0,0.0,0.0,-0.05,0.0,0.0,-0.05,0.0,0.024975412306681787,0.025675294365058488,-0.039380674737584526
2021-08-05,0.0,0.0,0.05,0.0,0.0,0.0,0.0,-0.05,0.0,0.0,-0.05,0.0,0.03148317331257651,0.02269630618854086,-0.04428251553652657
2021-08-06,0.0,0.0,0.05,0.0,0.0,0.0,0.0,-0.05,0.0,0.0,0.0,0.0,0.029510017157318047,0.012567108164887712,-0.046732610336725995
2021-08-09,0.0,0.0,0.05,0.0,0.0,0.0,0.0,0.0,0.0,0.0,0.0,0.0,0.016660288215806736,0.0042683997332403,-0.03571942294006371
2021-08-10,0.0,0.0,0.05,0.0,0.0,0.0,0.0,0.0,0.0,0.0,0.0,0.0,0.016347972686919756,0.0004531112202295129,-0.03180492829812093
2021-08-11,0.0,0.0,0.05,0.0,0.0,0.0,0.0,0.0,0.0,0.0,0.0,0.0,0.016998881530013346,-0.0004182890621308,-0.03111630715863898
2021-08-12,0.0,0.0,0.05,0.0,0.0,0.0,0.0,0.0,0.0,0.0,0.0,0.0,0.017420803352355775,-0.0004471751060265178,-0.031625550076564694
2021-08-13,0.0,-0.05,0.05,0.0,0.0,0.0,0.0,0.0,0.0,0.0,0.0,0.0,0.015613295871572034,0.009156880712240432,-0.027020558482957705
2021-08-16,0.0,-0.05,0.05,0.0,0.0,0.0,0.0,0.0,0.0,0.0,-0.05,0.0,0.018240311163678375,0.01797311088195795,-0.02345861383959766
2021-08-17,0.0,-0.05,0.0,0.0,0.0,0.0,0.0,0.0,0.0,0.0,-0.05,0.0,-0.00029858364058856293,0.018724988954629075,0.00941920990792379
2021-08-18,0.0,-0.05,0.0,0.0,0.0,0.0,0.0,0.0,0.0,0.0,0.0,0.0,-0.0028344965105659616,0.01080898491592531,0.004183669901848625
2021-08-19,0.0,-0.05,0.0,0.0,0.0,0.0,0.0,0.0,0.0,0.0,0.0,0.0,-0.002889847997883925,0.010428543256965447,0.004141463889124358
2021-08-20,0.0,0.0,0.0,0.0,0.0,0.0,0.0,-0.05,0.0,0.0,0.0,0.0,0.010802887107044235,0.012726730848926122,-0.013873741988285851
2021-08-23,0.0,0.0,0.0,0.0,0.0,0.0,0.0,-0.05,0.05,0.0,0.0,0.0,0.0058616580936089735,0.009668585855308467,-0.016851593194281346
2021-08-24,0.0,0.0,0.0,0.0,0.0,0.0,0.0,-0.05,0.0,0.0,0.0,0.0,0.010989272388705638,0.012273020710362424,-0.013103099572440111
2021-08-25,0.0,0.0,0.0,0.0,0.0,0.0,0.0,0.0,0.0,0.0,0.0,0.0,-0.0,-0.0,-0.0
2021-08-26,0.0,0.0,0.0,0.0,0.0,0.0,0.0,0.0,0.0,0.0,0.0,0.0,-0.0,-0.0,-0.0
2021-08-27,0.0,0.0,0.0,0.0,0.0,0.0,-0.05,0.0,0.0,0.0,0.0,0.0,-0.011123605454987811,0.007291232538261242,0.012980484063783727
2021-08-30,0.0,0.0,0.0,-0.05,0.0,0.0,-0.05,0.0,0.0,0.0,0.0,0.0,-0.012382879731573506,0.012228146547119838,0.02264614750537838
2021-08-31,0.0,0.0,0.0,-0.05,0.0,0.05,-0.05,0.0,0.0,0.0,0.0,0.0,0.004656806064338414,-0.0038621684836757757,0.01272123358171022
2021-09-01,0.0,0.0,0.0,-0.05,0.0,0.05,-0.05,0.0,0.0,0.0,0.0,0.0,0.004435305458687635,-0.007155409051403602,0.016418256784582662
2021-09-02,0.0,0.0,0.0,0.0,0.0,0.05,-0.05,0.0,0.0,0.0,0.0,0.0,0.00532350662390727,-0.009548776478931376,0.003999007094810607
2021-09-03,0.0,0.0,0.0,0.0,0.0,0.05,-0.05,0.0,0.0,0.0,0.0,0.0,0.004173258107361319,-0.008524478064267418,0.003846102665931204
2021-09-07,0.0,0.0,0.0,-0.05,0.0,0.05,-0.05,0.0,0.0,0.0,0.05,0.0,-0.001221812095976299,-0.011003630783001499,0.009228052864266565
2021-09-08,-0.05,0.0,0.0,-0.05,0.0,0.05,-0.05,0.0,0.0,0.0,0.05,0.0,-0.0029741366971892057,0.012302944028008075,0.00212784730964336
2021-09-09,-0.05,0.0,0.0,-0.05,0.0,0.05,-0.05,0.0,0.0,0.0,0.05,0.0,-0.0033088524295964766,0.01252759895394469,0.0024952901662373336
2021-09-10,-0.05,0.0,0.0,-0.05,0.0,0.05,0.0,0.0,0.0,0.0,0.05,0.0,0.005664455488172974,0.00471143883369848,-0.005036370801255785
2021-09-13,0.0,0.0,0.0,-0.05,0.0,0.05,0.0,0.0,-0.05,0.0,0.05,-0.05,0.020313450324054762,-0.02308628099533766,0.0176557698290411
2021-09-14,0.0,0.0,0.0,-0.05,0.0,0.0,0.0,0.0,-0.05,0.0,0.0,-0.05,0.013070227777050298,-0.0032806695500556446,0.02701571261421657
2021-09-15,0.0,0.0,0.0,-0.05,0.0,0.0,0.0,0.0,-0.05,0.05,0.0,-0.05,-0.005322270090158241,-0.012624431110068115,0.04190850960365966
2021-09-16,0.05,0.0,0.0,-0.05,0.0,0.0,0.0,0.0,-0.05,0.05,0.05,-0.05,-0.007652924753135481,-0.03725018713987125,0.03776222923211147
2021-09-17,0.05,0.0,0.0,-0.05,0.0,0.0,0.0,0.0,-0.05,0.05,0.05,-0.05,-0.007914935249194437,-0.037676085317325275,0.0394298400482409
2021-09-20,0.05,0.0,0.0,0.0,0.0,0.0,0.0,0.0,-0.05,0.05,0.05,-0.05,-0.0056563602584047724,-0.04246043155167273,0.028144269404972565
2021-09-21,0.05,0.0,0.0,0.0,0.0,0.0,0.0,0.0,-0.05,0.05,0.05,-0.05,-0.005702047502407534,-0.04573169880720918,0.034799321209246246
2021-09-22,0.05,0.0,0.0,0.0,0.0,0.0,0.0,0.0,-0.05,0.05,0.05,-0.05,-0.004690196761730896,-0.04604126400556013,0.034261876497920785
2021-09-23,0.05,0.0,0.0,0.0,0.0,0.0,0.0,0.0,-0.05,0.05,0.05,-0.05,-0.0001952341515587203,-0.0446822592889144,0.02836220911954124
2021-09-24,0.05,0.0,-0.05,0.0,0.0,0.0,0.0,0.0,-0.05,0.05,0.05,-0.05,-0.018988211245658353,-0.03728049440480584,0.060788280649026666
2021-09-27,0.05,0.0,-0.05,0.0,0.0,0.0,0.0,0.0,-0.05,0.05,0.05,-0.05,-0.018671556922839755,-0.03713829518518298,0.060240806107811316
2021-09-28,0.05,0.05,-0.05,0.0,0.0,0.0,0.0,0.0,-0.05,0.0,0.05,-0.05,-0.006770812480487068,-0.03983418549517214,0.047912611743991626
2021-09-29,0.05,0.05,-0.05,0.0,0.0,0.0,0.0,0.0,-0.05,0.0,0.05,-0.05,-0.007291104703530962,-0.039036085079581784,0.047579976572093424
2021-09-30,0.0,0.05,-0.05,0.0,0.0,0.0,0.0,0.0,-0.05,0.0,0.05,-0.05,-0.008881327336215555,-0.017374056338986827,0.041344796002796814
2021-10-01,0.0,0.05,-0.05,0.0,0.0,0.0,0.0,0.0,-0.05,0.0,0.05,-0.05,-0.009468985091612071,-0.015317492082255014,0.03972948407203384
2021-10-04,0.0,0.05,-0.05,0.0,0.0,0.0,0.0,0.05,0.0,0.0,0.05,-0.05,-0.024740935398891793,-0.027099023413598333,0.04778457814121228
2021-10-05,0.0,0.05,-0.05,0.0,0.0,0.0,0.0,0.05,0.0,0.0,0.05,-0.05,-0.025825549231375637,-0.02642317130307622,0.04860795628831776
2021-10-06,0.0,0.05,-0.05,0.0,0.0,0.0,0.0,0.05,0.0,0.0,0.05,0.0,-0.03102737252653148,-0.025343268556429436,0.04127297985130494
2021-10-07,0.0,0.0,-0.05,0.0,0.0,0.0,0.0,0.05,0.0,0.0,0.05,0.0,-0.03735218763702484,-0.003467713607519524,0.036535620734065084
2021-10-08,0.0,0.0,-0.05,0.0,0.0,0.0,0.0,0.05,0.0,0.0,0.05,0.0,-0.04232455526882742,0.008209216485192948,0.02805636833684151
2021-10-11,0.0,0.0,-0.05,0.0,0.0,0.0,0.0,0.05,0.0,0.0,0.05,0.0,-0.041342123025515695,0.007407728083942125,0.027826308797697458
2021-10-12,0.0,0.0,-0.05,0.0,0.0,0.0,0.0,0.05,0.0,-0.05,0.05,0.0,-0.02270266483874997,0.01761642753737456,0.006715177874128203
2021-10-13,0.0,0.0,-0.05,0.0,0.0,0.0,0.0,0.05,0.0,-0.05,0.05,0.0,-0.0157356431008175,0.018370053954360782,0.0011532349579698054
2021-10-14,0.0,0.0,-0.05,0.0,0.0,0.0,0.0,0.05,0.0,-0.05,0.05,0.0,-0.013581408336979883,0.019155263191268247,-0.0010659394797402546
2021-10-15,0.0,0.0,-0.05,0.0,0.0,0.0,0.0,0.05,0.0,-0.05,0.05,0.0,-0.01566788521335445,0.01613104299437165,0.0012851927712454123
2021-10-18,0.0,0.0,0.0,0.0,0.0,0.0,0.0,0.0,0.0,-0.05,0.0,0.0,0.0212170359427183,0.008198189800075561,-0.021390464330892797
2021-10-19,0.0,0.0,0.0,0.0,0.0,0.0,0.0,0.0,0.0,-0.05,0.0,0.0,0.022548059118611588,0.0032371835704681435,-0.015355795084328118
2021-10-20,0.0,0.0,0.0,0.0,0.0,0.0,0.0,0.0,0.0,-0.05,0.0,0.0,0.022684679748143758,0.002901563952265174,-0.015152508333436532
2021-10-21,0.0,0.0,0.0,0.0,0.0,0.0,0.0,0.0,0.0,-0.05,0.0,0.0,0.020898734771001164,0.004837948043708189,-0.015962214194523518
2021-10-22,0.0,0.0,0.0,0.0,0.0,0.0,0.0,0.0,0.0,0.0,0.0,0.0,-0.0,-0.0,-0.0
2021-10-25,0.0,0.0,0.0,0.0,0.0,0.0,0.0,0.0,0.05,0.0,0.0,0.0,-0.005630680892133107,0.020971514809553286,-0.030483323172803025
2021-10-26,0.0,0.0,0.0,0.0,0.0,0.0,0.0,0.0,0.05,0.0,0.0,0.0,-0.006267211215755008,0.019134601429205075,-0.027757899526928278
2021-10-27,0.0,0.0,0.0,0.0,-0.05,0.0,0.0,0.0,0.05,0.0,0.0,0.0,-0.027144082444565905,0.028114047260627738,-0.0025602787736663107
2021-10-28,0.0,-0.05,-0.05,0.0,-0.05,0.0,0.0,0.0,0.05,0.0,0.0,0.0,-0.05883770510712994,0.06987054918203148,0.015061414454044155
2021-10-29,0.0,-0.05,-0.05,0.0,0.0,0.0,0.0,0.0,0.05,0.0,0.0,0.0,-0.039058187906638966,0.060029859753308226,-0.007622011346508955
2021-11-01,0.0,-0.05,-0.05,0.0,0.0,0.0,0.0,0.0,0.05,0.0,0.0,0.0,-0.040686554054738984,0.061391060698641864,-0.008019237945832751
2021-11-02,0.0,-0.05,-0.05,0.0,0.0,0.0,0.0,0.0,0.05,0.0,0.0,0.0,-0.03955811491630699,0.06215133604204233,-0.009856761581771848
2021-11-03,0.05,-0.05,-0.05,0.0,0.0,0.0,0.0,0.0,0.05,0.0,0.0,0.0,-0.04217839327131643,0.047488558237864145,-0.006264877012696925
2021-11-04,0.05,-0.05,-0.05,0.0,-0.05,0.0,0.0,0.0,0.05,0.0,0.0,0.0,-0.04956362060314335,0.04410413317458117,0.02125047121765104
2021-11-05,0.05,0.0,0.0,0.0,-0.05,0.0,0.0,0.0,0.05,0.0,-0.05,0.0,-0.037666776084187295,0.018137380915554783,0.01890074416844057
2021-11-08,0.05,0.0,0.0,0.0,-0.05,0.0,0.0,0.0,0.05,0.0,0.0,0.0,-0.026555562701222595,0.007387432841265015,0.0063582186518016046
2021-11-09,0.05,0.0,0.0,0.0,0.0,0.0,0.0,0.0,0.05,0.0,0.0,0.0,-0.012247014829069452,0.005528481122428549,-0.022115996070642106
2021-11-10,0.05,0.0,0.0,0.0,0.0,0.0,0.0,0.0,0.05,0.0,0.0,0.0,-0.012357255496206164,0.006131922370832083,-0.022432436013487406
2021-11-11,0.05,0.0,0.0,0.0,0.0,0.0,0.0,0.0,0.05,0.05,0.0,0.0,-0.03704173834611588,-0.0009163079282794757,-0.0009289378966829999
2021-11-12,0.05,0.0,0.0,0.0,0.0,0.0,0.0,0.0,0.05,0.05,0.0,0.0,-0.035877989902210056,0.0005048739130198241,-0.002645659167928964
2021-11-15,0.05,0.0,0.0,0.0,0.0,0.0,0.0,0.0,0.05,0.05,0.0,0.0,-0.03649273790166144,0.0015522160087119681,-0.0028892402562562397
2021-11-16,0.05,0.0,0.0,0.0,0.0,0.0,0.0,0.0,0.05,0.05,0.0,0.0,-0.03629928189282289,0.0006369565316406527,-0.0024602038416873077
2021-11-17,0.05,0.0,0.0,0.0,0.0,0.0,0.0,0.0,0.05,0.05,0.0,0.0,-0.03483293242146049,-0.00224610536247652,-0.000453688415474985
2021-11-18,0.0,0.0,0.0,0.0,0.0,0.0,0.0,0.0,0.05,0.05,0.0,0.0,-0.029658209775069215,0.004057031359493583,0.0023469713922180738
2021-11-19,0.0,0.0,0.0,0.0,0.0,0.0,0.0,0.0,0.05,0.05,0.0,0.0,-0.03191824104272763,0.005019753826928994,0.0034362156528892247
2021-11-22,0.0,0.0,0.0,0.0,0.0,0.0,0.0,0.0,0.05,0.05,0.0,0.0,-0.031975352670715274,0.005061767169145347,0.003423145153230705
2021-11-23,-0.05,0.0,0.0,0.0,0.0,0.0,0.0,0.0,0.05,0.05,0.0,0.0,-0.02991101779771562,0.011254923288567621,0.009382088473947534
2021-11-24,-0.05,0.0,0.0,0.0,0.0,0.0,0.0,0.0,0.05,0.05,0.0,0.0,-0.025046450074690488,0.011455081151592035,0.004692567566341186
2021-11-26,-0.05,0.0,0.0,0.0,0.0,0.0,0.0,0.0,0.05,0.05,0.0,0.0,-0.02378657622417718,0.007968036016423858,0.007299600652999196
2021-11-29,-0.05,0.0,0.0,0.0,0.0,0.0,0.0,0.0,0.05,0.05,0.0,0.0,-0.02167216189697111,0.008661978668635129,0.005792779658197647
2021-11-30,-0.05,0.05,0.0,0.0,0.0,0.0,0.0,0.0,0.0,0.05,0.0,0.0,-0.009167090662879393,-0.014736890947849366,0.01882585946591421
2021-12-01,-0.05,0.05,0.0,0.0,0.0,0.0,0.0,0.0,0.0,0.05,0.0,0.0,-0.02504386088325981,0.003604561594203238,0.008852717593978683
2021-12-02,0.0,0.05,0.0,0.0,0.0,0.0,0.0,0.0,0.0,0.05,0.0,0.0,-0.0194628385493214,-0.014329355015742645,0.012032664413335437
2021-12-03,0.0,0.05,0.0,0.0,0.0,0.0,0.0,0.0,0.0,0.05,0.0,0.0,-0.014728341741640906,-0.01608318892533973,0.010621048291788712
2021-12-06,0.0,0.05,0.0,0.0,0.0,0.0,0.0,0.0,0.0,0.0,0.0,0.0,0.004156918021005437,-0.010613948690748803,-0.00474677595973176
2021-12-07,0.0,0.05,0.0,0.0,0.0,0.0,0.0,0.0,0.0,0.0,0.0,0.0,0.003939220684977383,-0.010686995356795723,-0.004580147348750165
2021-12-08,0.0,0.05,0.0,-0.05,0.0,0.0,0.0,-0.05,0.0,0.0,0.0,0.0,0.02862308123577719,0.002286867033072237,-0.01847018152772309
2021-12-09,0.0,0.0,0.0,-0.05,0.0,0.0,0.0,0.0,0.0,0.0,0.0,0.0,0.004387754558251017,0.00980227155520203,-0.0010533562968420827
2021-12-10,0.0,0.0,0.05,-0.05,0.05,0.0,0.0,0.0,0.0,0.0,0.0,0.0,0.05622099100582459,-0.032270579430120856,-0.045323158164796595
2021-12-13,0.0,0.0,0.05,-0.05,0.05,0.0,0.0,-0.05,0.0,0.0,0.0,0.0,0.07278117439680735,-0.0032797334130239136,-0.08052435295251788
2021-12-14,0.0,0.0,0.05,-0.05,0.05,0.0,0.0,-0.05,0.0,0.0,0.0,0.0,0.07494936973973433,-0.0025954542960464544,-0.0831594550347631
2021-12-15,0.0,0.0,0.05,-0.05,0.05,0.05,0.0,-0.05,0.0,0.0,0.0,0.0,0.08374316663444967,-0.0047729073440809944,-0.1065731884711678
2021-12-16,0.0,0.0,0.05,0.0,0.05,0.05,0.0,-0.05,0.0,0.0,0.0,0.0,0.0808431478832662,-0.025109414265696458,-0.09676810017139091
2021-12-17,0.0,0.0,0.05,0.0,0.05,0.05,0.0,-0.05,0.0,-0.05,0.0,0.0,0.09791752481072297,-0.0006806718735983264,-0.1286605621150849
2021-12-20,0.0,0.0,0.05,0.0,0.05,0.05,0.0,-0.05,0.0,0.0,0.0,0.0,0.07274169966207542,-0.027973567280518304,-0.090981607832676
2021-12-21,0.0,0.0,0.05,0.0,0.05,0.05,0.0,-0.05,0.0,0.0,0.0,0.0,0.07278054632906605,-0.02647036100083544,-0.09232831508403878
2021-12-22,0.0,0.0,0.05,0.0,0.05,0.0,0.0,-0.05,0.0,0.0,0.0,0.0,0.05853557376515604,-0.010390054541654706,-0.07829523569073546
2021-12-23,0.0,0.0,0.05,0.0,0.05,0.0,0.0,-0.05,0.0,0.05,0.0,0.0,0.04042226292607454,-0.042411674065135796,-0.040172002274667246
2021-12-27,0.0,0.0,0.05,0.0,0.05,0.0,0.0,0.0,0.0,0.05,0.0,0.0,0.023282680359863292,-0.05116211361710503,-0.023717382334655472
2021-12-28,0.0,0.0,0.05,0.0,0.05,0.0,0.0,0.0,0.0,0.05,0.0,0.0,0.023216071619470844,-0.05126937009457982,-0.023603795511579623
2021-12-29,0.0,0.0,0.05,0.0,0.05,0.0,0.0,0.0,0.0,0.05,0.0,0.0,0.02163602975509669,-0.05524179416493901,-0.018575344060349296
2021-12-30,0.0,0.0,0.0,0.0,0.05,0.0,0.0,0.0,0.0,0.05,0.0,0.0,0.0018723268271442182,-0.04076561066495807,0.00815268693865056
2021-12-31,0.0,0.0,0.0,0.0,0.05,0.0,0.0,0.0,0.0,0.05,0.0,0.0,0.0019602903292150684,-0.041082339549150665,0.008496517168204078
2022-01-03,0.0,0.0,0.0,0.0,0.05,0.0,0.0,0.0,0.0,0.05,0.0,0.0,0.002031561296340873,-0.04100233756983782,0.008309195412746974
2022-01-04,0.0,0.0,0.0,0.0,0.05,0.0,0.0,0.0,-0.05,0.05,0.0,0.0,0.01331448322496844,-0.05065946593777908,0.02276957428254993
2022-01-05,0.0,0.0,0.0,0.0,0.05,0.0,0.0,0.0,-0.05,0.05,0.0,0.0,0.014410842881578893,-0.05018779325960522,0.021130451147930815
2022-01-06,0.0,0.0,0.0,0.0,0.05,0.0,0.0,0.0,-0.05,0.05,0.0,0.0,0.013891606583657852,-0.0482237812933729,0.016968979289795915
2022-01-07,0.0,0.0,0.0,0.0,0.05,0.0,0.0,0.0,-0.05,0.05,0.0,0.0,0.013762517440235707,-0.048435002562247836,0.017025378631248825
2022-01-10,0.0,0.0,0.0,0.0,0.05,0.0,0.0,0.0,-0.05,0.05,0.0,0.0,0.012793264424341082,-0.05065372724768981,0.020572051543029962
2022-01-11,0.0,0.0,0.0,0.0,0.05,0.0,0.0,0.0,0.0,0.0,0.0,0.0,0.017243798914183563,-0.012459386183043281,-0.024534180490374008
2022-01-12,0.0,0.0,0.0,0.0,0.05,0.0,0.0,0.0,0.0,0.0,0.0,0.0,0.016756085487672445,-0.011751910749858941,-0.025226697574494035
2022-01-13,0.0,0.0,0.0,0.0,0.05,0.0,0.0,0.0,0.0,0.0,0.0,0.0,0.016163294154618868,-0.012132296882400551,-0.024241788619990438
2022-01-14,0.0,0.0,0.0,0.0,0.05,0.0,0.0,0.0,0.0,0.0,0.0,-0.05,0.019862584352692628,-0.0024487931840595206,-0.025968036137203294
2022-01-18,0.0,0.0,0.0,0.0,0.0,0.0,0.0,0.0,0.0,0.0,0.0,-0.05,0.0033838414503681667,0.010832862234782482,-0.003140735413140365
2022-01-19,0.0,0.0,0.0,0.0,0.0,0.0,0.0,0.0,0.0,0.0,0.0,-0.05,0.003617970787608399,0.011177614206701712,-0.0035902708373326017
2022-01-20,0.0,0.0,0.0,0.0,0.0,0.0,0.0,0.0,0.0,0.0,0.0,-0.05,0.00423842025703218,0.012233878908521695,-0.005088223823351316
2022-01-21,0.0,0.0,0.0,0.0,0.0,0.0,0.0,0.0,0.0,0.0,0.05,-0.05,0.012046228241881025,-0.005279988743997507,-0.009964148492801366
2022-01-24,0.0,0.0,0.0,0.0,0.0,0.0,0.0,0.0,0.0,0.0,0.05,-0.05,0.011080489990321468,-0.002409924413152527,-0.012800094013604334
2022-01-25,0.0,0.0,0.0,0.0,0.0,0.0,0.0,0.0,0.0,0.0,0.05,-0.05,0.00831635370285542,-0.00451065660364071,-0.008689506264246062
2022-01-26,0.0,0.0,0.0,0.0,0.0,0.0,0.0,0.0,0.0,0.0,0.05,-0.05,0.008139035653954253,-0.004697524087948881,-0.008122356810024493
2022-01-27,0.0,0.0,0.0,0.0,0.0,0.0,0.0,0.0,0.0,0.0,0.05,0.0,0.008731924315695097,-0.018363958232586217,-0.004600753847438912
2022-01-28,0.0,0.0,0.0,0.0,0.0,0.0,-0.05,0.0,0.0,0.0,0.05,0.0,0.014378842260555044,-0.023362624354222254,0.013793373372691037
2022-01-31,0.0,0.0,0.0,0.0,0.0,0.0,-0.05,0.0,0.0,0.05,0.05,0.0,-0.005326658912050012,-0.04060628299148497,0.03860361082655736
2022-02-01,0.0,0.0,0.0,0.0,0.0,0.0,-0.05,0.0,0.0,0.05,0.05,0.0,-0.00484951437662306,-0.04125509929288486,0.038715769582723894
2022-02-02,0.0,0.0,0.0,0.0,0.0,0.0,-0.05,0.0,0.0,0.05,0.05,0.0,-0.01096720172105636,-0.036956896898735575,0.03927384094826901
2022-02-03,0.0,0.0,0.0,0.0,0.0,0.0,-0.05,0.0,0.0,0.05,0.0,-0.05,-0.01863427459975452,-0.013559865948364346,0.04579119063053514
2022-02-04,0.0,0.0,0.0,0.0,0.0,0.0,-0.05,0.0,0.0,0.05,0.0,0.0,-0.018341848677950766,-0.02429517114981748,0.046405572668017835
2022-02-07,0.0,0.0,0.0,0.0,0.0,0.0,-0.05,0.0,0.0,0.05,0.0,0.0,-0.018317144764764173,-0.024172411101946043,0.046287988060719806
2022-02-08,0.0,0.0,0.0,0.0,0.0,0.0,-0.05,0.0,0.0,0.05,0.0,0.0,-0.017511294022263625,-0.0247708184792836,0.046093347954116425
2022-02-09,0.0,0.0,0.0,0.0,0.0,0.0,-0.05,0.0,0.0,0.05,0.0,0.0,-0.017296356931998352,-0.024935849268881302,0.046041926813721545
2022-02-10,0.0,0.0,0.0,0.0,0.0,0.0,-0.05,0.0,0.0,0.0,0.0,0.0,0.0028700314038629365,-0.006418727403445689,0.02136545022937448
2022-02-11,0.0,0.0,0.0,0.0,0.0,0.0,-0.05,0.0,0.0,0.0,0.0,0.0,0.002437584275462912,-0.007061252520351289,0.02207227831440379
2022-02-14,0.0,0.0,0.0,0.0,0.0,0.0,-0.05,0.0,0.0,0.0,0.05,0.05,0.0003597496887712353,-0.021211961379178808,0.009569439171240247
2022-02-15,0.0,0.0,0.0,0.0,0.0,0.0,-0.05,0.05,0.0,0.0,0.05,0.05,-0.016613947142595027,-0.02590677651529987,0.01886448933990107
2022-02-16,0.0,0.0,-0.05,0.0,0.0,0.0,-0.05,0.05,0.0,0.0,0.05,0.05,-0.02937955078627247,-0.017310612977725306,0.04385415155919029
2022-02-17,0.0,0.0,-0.05,0.0,0.0,0.0,-0.05,0.05,0.0,0.0,0.05,0.05,-0.026980927483964936,-0.017892948024274775,0.04266523048034206
2022-02-18,0.0,0.0,-0.05,0.0,0.0,0.0,-0.05,0.05,0.0,0.0,0.05,0.05,-0.023377112821580896,-0.017847170583734827,0.04189787334302596
2022-02-22,0.0,0.0,-0.05,0.0,0.0,0.0,-0.05,0.0,0.05,0.0,0.05,0.0,-0.01914311174734008,-0.002195158810019082,0.032528969278819646
2022-02-23,0.05,0.0,-0.05,0.0,0.0,0.0,-0.05,0.0,0.05,0.0,0.05,0.0,-0.012682588370749386,-0.028287779225250678,0.04299186345667135
2022-02-24,0.05,0.0,-0.05,0.0,0.0,0.0,-0.05,0.0,0.05,0.0,0.05,0.0,-0.010096720305863612,-0.027082233155908197,0.04019475459868784
2022-02-25,0.05,0.0,-0.05,0.0,0.0,0.0,-0.05,0.0,0.05,0.0,0.05,0.0,-0.011082871433501444,-0.02726386913918175,0.04115696292335683
2022-02-28,0.05,-0.05,-0.05,0.0,-0.05,0.0,0.0,0.0,0.05,0.0,0.05,0.0,-0.03834482925850366,-0.0015677532548641444,0.05130562278913589
2022-03-01,0.05,-0.05,-0.05,0.0,-0.05,0.0,0.0,0.0,0.05,0.0,0.05,0.0,-0.03926173328894967,-0.00116572039883313,0.051328651543848317
2022-03-02,0.05,-0.05,-0.05,0.0,0.0,0.0,0.0,0.0,0.05,0.0,0.05,0.0,-0.03298015097041885,-0.0012109426115913015,0.02332811761677589
2022-03-03,0.05,-0.05,-0.05,0.0,0.0,0.0,0.0,0.0,0.0,0.0,0.05,0.0,-0.026404032473466635,-0.0038816006019423586,0.030208350907862787
2022-03-04,0.05,-0.05,-0.05,0.0,0.0,0.0,0.0,0.0,0.0,0.0,0.05,0.0,-0.02405131454725928,-0.004083919233268187,0.028867697573906344
2022-03-07,0.05,-0.05,-0.05,0.0,0.0,0.0,0.0,0.0,0.0,0.0,0.05,-0.05,-0.022149264787446388,0.0040090430320584925,0.02962265784629098
2022-03-08,0.05,-0.05,-0.05,0.0,0.0,0.0,0.0,0.0,0.0,0.0,0.05,-0.05,-0.023807639907456678,0.004295851801568335,0.030434877305225316
2022-03-09,0.05,-0.05,-0.05,0.0,0.0,0.0,0.0,0.0,0.0,-0.05,0.05,-0.05,-0.004120711628351869,0.02705891920955817,0.0035398623866679723
2022-03-10,0.05,-0.05,-0.05,0.0,0.0,0.0,0.0,0.0,0.0,-0.05,0.05,-0.05,-0.002007323993866906,0.01433309981684819,0.014495803128727237
2022-03-11,0.05,-0.05,-0.05,0.0,0.0,0.0,0.0,0.0,0.0,-0.05,0.05,-0.05,0.002887168211206506,0.006758910159549675,0.0181204389373987
2022-03-14,0.05,-0.05,-0.05,0.0,0.0,0.0,0.0,0.0,0.0,-0.05,0.05,-0.05,0.0031146017138160803,0.007597816063862625,0.016635866456905863
2022-03-15,0.0,-0.05,-0.05,0.0,0.0,0.0,0.0,0.0,0.0,-0.05,0.05,-0.05,0.007346145455158837,0.025551176414796043,0.005842566260056817
2022-03-16,0.0,-0.05,0.0,0.0,0.0,0.0,0.0,0.0,0.0,-0.05,0.0,-0.05,0.016558565720041763,0.02538157267734463,-0.005537464997283926
2022-03-17,0.0,-0.05,0.0,0.0,0.0,0.0,0.0,0.0,0.0,-0.05,0.0,-0.05,0.007542253098598626,0.028979205128858595,-0.003906880318481628
2022-03-18,0.0,-0.05,0.0,0.0,0.0,0.0,0.0,0.0,0.0,-0.05,0.0,-0.05,0.005687068919655484,0.027336295399639676,-0.0012290923709593698
2022-03-21,0.0,-0.05,0.0,0.0,0.0,0.0,0.0,0.0,0.0,0.0,0.0,-0.05,-0.005939926730609663,0.02162582644732004,0.004864060194905796
2022-03-22,0.0,-0.05,0.0,0.0,0.0,0.0,0.0,0.0,0.0,0.0,0.0,-0.05,-0.005719857437520398,0.021608363619400515,0.004750528527974194
2022-03-23,0.0,-0.05,0.0,0.0,0.05,0.0,0.0,0.0,0.0,0.0,0.0,-0.05,0.004475571020097949,0.003101944254535049,-0.005727262079349038
2022-03-24,0.0,-0.05,0.0,0.0,0.05,0.0,0.0,0.0,0.0,0.0,0.0,-0.05,0.006388449601416235,0.0041624802877256225,-0.007699106078895985
2022-03-25,0.0,0.0,0.0,0.0,0.05,0.0,0.0,0.0,0.0,0.0,0.0,-0.05,0.01500846756323131,-0.010469423057704735,-0.011171085569558495
2022-03-28,0.0,0.0,0.0,0.0,0.05,0.0,0.0,0.0,0.0,0.0,0.0,-0.05,0.014825367384732783,-0.010808850392875855,-0.010745739109012525
2022-03-29,0.0,0.0,0.0,0.0,0.05,0.0,0.0,0.0,0.0,0.0,0.0,0.0,0.010912393632714477,-0.0182159818633623,-0.010912645948601845
2022-03-30,0.0,0.0,0.0,0.0,0.05,0.0,0.0,0.0,0.0,0.0,0.0,0.0,0.01088763593268086,-0.017572898830082857,-0.011431845716863884
2022-03-31,0.0,0.0,0.0,0.0,0.05,0.0,0.0,0.0,0.0,0.0,0.0,0.0,0.010734903897916037,-0.017847522446442186,-0.010952590059554922
2022-04-01,0.0,0.0,0.0,0.0,0.05,0.0,0.0,0.0,0.0,0.0,0.0,0.0,0.001437747118244529,-0.018222771576134555,-0.004730981862100811
2022-04-04,0.0,0.0,0.0,0.0,0.05,0.0,0.0,0.0,0.0,0.0,0.0,0.0,0.0016258332320635224,-0.018301639236339217,-0.004750030709383943
2022-04-05,0.0,0.0,0.0,0.0,0.05,0.0,0.0,0.0,0.0,0.0,0.0,0.0,0.0009114449764592919,-0.01891252743065022,-0.0035599407663145567
2022-04-06,0.0,0.0,0.0,0.0,0.05,0.0,0.0,0.0,0.0,0.0,0.0,0.0,0.0001300862741512078,-0.018993175135684097,-0.002830701675998925
2022-04-07,0.0,0.0,0.0,0.0,0.05,0.0,0.05,0.0,0.0,0.0,0.0,0.0,0.014482262074068683,-0.018909507462410297,-0.028259680109943022
2022-04-08,0.0,0.0,0.0,0.0,0.05,0.0,0.05,0.0,0.0,0.0,0.0,0.0,0.014522367669052115,-0.01983715035686569,-0.027172634385145927
2022-04-11,0.0,0.0,0.0,0.05,0.05,0.0,0.05,0.0,0.0,0.0,0.0,0.0,0.013477096582996237,-0.02923624967158538,-0.030352769363116816
2022-04-12,0.0,0.0,0.0,0.05,0.05,-0.05,0.0,0.0,0.0,0.0,0.0,0.0,-0.008589941844503034,-0.020510144154816595,0.007369831509402987
2022-04-13,0.0,0.0,0.0,0.0,0.05,-0.05,0.0,0.05,0.0,0.0,0.0,0.0,-0.028516790630091323,-0.013602680864426368,0.020510189325079163
2022-04-14,0.0,0.0,0.05,0.0,0.05,0.0,0.0,0.05,0.0,0.0,0.0,0.0,-0.006120667957740888,-0.042516406990726605,-0.005825032197322555
2022-04-18,0.0,0.0,0.05,0.0,0.05,0.0,0.0,0.05,0.0,0.0,0.0,0.0,-0.005344117852340449,-0.042343147678633536,-0.006509876572765061
2022-04-19,0.0,0.0,0.05,0.0,0.05,0.0,0.0,0.05,0.0,0.0,0.0,0.0,-0.002916445190554562,-0.04379016151116066,-0.0064369512346369815
2022-04-20,0.0,0.0,0.05,0.0,0.05,0.0,0.0,0.05,0.0,0.0,0.0,0.0,-0.003230007333126582,-0.04300614068548177,-0.0070158247946434885
2022-04-21,0.0,0.0,0.05,0.0,0.05,0.0,0.0,0.05,-0.05,0.0,0.0,0.0,-0.004120217261260623,-0.03484774536596998,-0.0047861480832396995
2022-04-22,0.0,0.0,0.05,0.0,0.05,0.0,0.05,0.05,-0.05,0.0,0.0,0.0,0.00504504303556551,-0.03044379138912492,-0.031350894088149735
2022-04-25,0.0,0.0,0.05,0.0,0.05,-0.05,0.05,0.05,-0.05,0.0,0.0,0.0,0.004982495379532444,-0.028078476994671163,-0.017499400049046133
2022-04-26,0.0,0.0,0.05,0.0,0.05,-0.05,0.05,0.0,-0.05,0.0,0.0,0.0,0.021556576351605256,-0.018794568362802848,-0.03180708646982816
2022-04-27,0.0,0.0,0.05,0.0,0.05,-0.05,0.05,0.0,-0.05,0.0,0.0,0.0,0.02378956904125098,-0.02648538996260745,-0.025915996400401885
2022-04-28,0.0,-0.05,0.05,0.05,0.05,-0.05,0.0,0.05,0.0,0.0,0.0,0.0,-0.01030451244516592,-0.02482060618868876,-0.0038348709724434884
2022-04-29,0.0,-0.05,0.0,0.05,0.05,-0.05,0.0,0.05,0.0,0.0,-0.05,0.0,-0.030976420852027505,0.006459860904531177,0.02072057944658268
2022-05-02,0.0,0.0,0.0,0.05,0.0,-0.05,0.0,0.05,0.0,0.0,-0.05,0.0,-0.03454241074667772,0.014602278903639944,0.02281296776063449
2022-05-03,0.0,0.0,0.0,0.05,0.0,-0.05,0.0,0.05,0.0,0.0,-0.05,0.0,-0.03353591340094245,0.012886547100708473,0.023881916917048343
2022-05-04,0.0,0.0,0.0,0.0,0.0,-0.05,0.0,0.05,0.0,0.0,-0.05,0.0,-0.036709503874382134,0.02112188443745768,0.03013885265096935
2022-05-05,0.0,0.0,0.0,0.0,0.0,-0.05,0.0,0.05,0.0,0.0,-0.05,0.0,-0.03722490131468174,0.021370876444135555,0.030028048073359695
2022-05-06,0.0,0.0,0.0,0.0,0.0,-0.05,0.0,0.05,0.0,0.0,-0.05,0.0,-0.037721537512869066,0.02241093154537493,0.0285693251280452
2022-05-09,0.0,0.0,0.0,0.0,0.0,-0.05,0.0,0.05,0.0,0.0,-0.05,0.0,-0.03778349808837332,0.022533555765327954,0.028588932431556822
2022-05-10,0.0,0.0,0.0,0.0,0.0,-0.05,0.0,0.0,0.0,0.0,-0.05,0.0,-0.022498867590970896,0.021613788616483966,0.02524297802938201
2022-05-11,0.0,0.0,0.0,-0.05,0.0,-0.05,0.0,0.0,0.0,0.0,-0.05,0.0,-0.026992251008975114,0.033872498221033026,0.027956860505251143
2022-05-12,0.0,0.0,0.0,-0.05,0.0,-0.05,0.0,0.0,0.0,0.0,-0.05,0.0,-0.025410367546432666,0.03255584002889463,0.027881563657624786
2022-05-13,0.05,0.0,0.0,-0.05,0.0,0.0,0.0,0.0,0.0,0.0,-0.05,-0.05,-0.011461272675827531,0.021259422229183943,0.011934076202631391
2022-05-16,0.05,0.05,0.0,-0.05,0.0,0.0,0.0,0.0,0.0,0.0,-0.05,-0.05,-0.006233996979466591,0.0019478502355321373,0.014800206623716144
2022-05-17,0.05,0.05,0.0,-0.05,0.0,0.0,0.0,0.0,0.0,0.05,-0.05,-0.05,-0.012193209087283243,-0.0064767040526377585,0.018781675147101624
2022-05-18,0.05,0.05,0.0,-0.05,-0.05,0.0,0.0,0.0,0.0,0.05,-0.05,-0.05,-0.010818951864116154,0.013310054654415704,0.01950987037564124
2022-05-19,0.05,0.05,0.0,-0.05,-0.05,0.0,0.0,0.0,0.0,0.05,-0.05,0.0,-0.011818662757637263,0.005930122711733057,0.018070402806060676
2022-05-20,0.0,0.05,0.0,0.0,0.0,0.0,0.0,0.05,0.0,0.05,-0.05,0.0,-0.027144336580898397,-0.02383810101381247,0.02984371324088081
2022-05-23,0.0,0.05,0.0,0.0,-0.05,0.0,0.0,0.05,0.0,0.05,-0.05,0.0,-0.029513001822010866,-0.009087836570824053,0.037610225138829514
2022-05-24,0.0,0.05,0.0,0.05,-0.05,0.0,0.0,0.05,0.0,0.05,-0.05,0.0,-0.028881502177886716,-0.017858440792021812,0.03359476321940291
2022-05-25,0.0,0.0,0.0,0.05,-0.05,0.0,0.0,0.05,0.0,0.05,-0.05,0.0,-0.032098996330014846,0.0003795876350682903,0.029933419314199496
2022-05-26,0.0,0.0,0.0,0.05,-0.05,0.0,0.0,0.05,0.0,0.05,-0.05,0.0,-0.03540142280392137,-0.0038587401026532707,0.03595799095148958
2022-05-27,0.0,0.0,0.0,0.05,0.0,0.0,0.0,0.05,0.0,0.05,-0.05,0.0,-0.03155102551696687,-0.014726911176601763,0.02400912678490798
2022-05-31,0.0,0.0,0.0,0.0,0.0,0.0,0.0,0.05,0.0,0.05,-0.05,0.0,-0.03566313931761672,-0.007624652657392905,0.03176653461541592
2022-06-01,0.0,0.0,0.0,0.0,0.0,0.0,0.0,0.05,0.0,0.05,0.0,0.0,-0.021441872403206746,-0.023168339704759754,0.02142571050615919
2022-06-02,0.0,0.0,0.0,0.0,0.0,0.0,-0.05,0.05,0.0,0.05,0.0,0.0,-0.03548366739302881,-0.006773559311237255,0.028736686696336496
2022-06-03,0.0,0.05,0.0,0.0,0.0,0.0,-0.05,0.05,0.0,0.05,0.0,0.0,-0.03405169984459672,-0.028682469843254538,0.03817335891331536
2022-06-06,0.0,0.05,0.0,0.0,0.0,0.0,-0.05,0.05,0.0,0.05,0.0,0.0,-0.03397353825556752,-0.028434803500480384,0.037903157780933464
2022-06-07,0.0,0.05,0.0,0.0,0.0,0.0,-0.05,0.05,0.0,0.05,0.0,0.0,-0.0336769518288161,-0.028363952966929472,0.03752063960348988
2022-06-08,0.0,0.05,0.0,0.0,0.0,0.0,-0.05,0.05,0.05,0.05,0.0,0.0,-0.03337384699337738,-0.03253283739300014,0.029626866153568306
2022-06-09,0.0,0.05,0.0,0.0,0.0,0.0,0.0,0.05,0.05,0.05,0.0,0.0,-0.020903567832206142,-0.050732719135085404,0.024618503450086305
2022-06-10,0.0,0.0,0.0,0.0,0.0,0.0,0.0,0.05,0.05,0.05,0.0,0.0,-0.02385180716324447,-0.028489014181875556,0.0163117319850247
2022-06-13,0.0,0.0,0.0,0.0,0.0,0.0,0.0,0.0,0.05,0.05,0.0,0.0,-0.010424603894555497,-0.013330008897834684,-0.00027549620058012745
2022-06-14,0.0,0.0,0.0,0.0,0.0,0.0,0.0,0.0,0.05,0.05,0.0,0.0,-0.010255947676209087,-0.013544664220737673,-0.00017932167500446885
2022-06-15,0.0,0.0,0.0,0.0,0.0,0.0,0.0,0.0,0.05,0.0,0.0,0.0,-0.0024672534338191785,-0.007913159146442394,-0.0021375233553588354
2022-06-16,0.0,0.0,0.0,0.0,0.0,0.0,0.0,0.0,0.05,0.0,0.0,0.0,-0.002418692825966505,-0.00798732402128768,-0.00208816351830446
2022-06-17,0.0,0.0,0.0,0.05,0.0,0.0,0.0,0.0,0.05,-0.05,0.0,0.0,0.001129873887271315,-0.0026681907104963293,-0.01295619462780259
2022-06-21,0.0,0.0,0.0,0.05,0.0,0.0,0.0,0.0,0.05,0.0,0.0,0.0,-0.0015106386289461637,-0.017287056322576683,-0.0055253516230482904
2022-06-22,0.0,-0.05,0.0,0.05,0.0,0.0,0.0,0.0,0.05,0.0,0.0,0.0,-0.0061280485750642814,0.008570591089676605,-0.015300268465731065
2022-06-23,0.0,-0.05,0.0,0.05,0.0,0.0,0.0,0.0,0.05,0.0,0.0,0.0,-0.005282124313160186,0.007402984795145491,-0.014747177204909211
2022-06-24,0.0,-0.05,0.0,0.0,0.0,0.0,0.0,0.0,0.05,0.0,0.0,0.0,-0.008555252610889224,0.017294299060778895,-0.010375882099155388
2022-06-27,0.0,-0.05,0.0,0.0,0.0,0.0,0.0,0.0,0.05,0.0,0.0,0.0,-0.008688479566200336,0.017743892669866066,-0.010647792709805964
2022-06-28,0.0,-0.05,0.0,0.0,0.0,0.0,0.0,0.0,0.05,0.0,0.0,0.0,-0.009500865810181378,0.018645756005866834,-0.010872196007439902
2022-06-29,0.0,-0.05,0.0,0.0,0.0,0.0,0.0,0.0,0.05,0.0,0.0,0.0,-0.008632982161280955,0.019075429519212674,-0.01179309478468269
2022-06-30,0.0,-0.05,0.0,0.0,0.0,0.0,0.0,0.0,0.05,0.0,0.0,0.0,-0.011457471614582314,0.021231467185992087,-0.01180424831462481
2022-07-01,0.0,-0.05,0.0,0.0,0.0,0.0,0.0,0.0,0.05,-0.05,0.0,0.0,-0.008894228155221966,0.03750548907233319,-0.020756093369682177
2022-07-05,0.0,-0.05,0.05,0.0,0.0,0.0,0.0,0.0,0.0,-0.05,0.0,0.0,0.021170299503299888,0.03213857439526984,-0.04826855877640249
2022-07-06,0.0,-0.05,0.05,0.0,0.0,0.0,0.0,0.0,0.0,-0.05,0.0,0.0,0.01787728698229991,0.032336313934348854,-0.04578729785021487
2022-07-07,0.0,-0.05,0.05,0.0,0.0,0.0,0.0,0.0,0.0,-0.05,0.0,0.0,0.01800107205010282,0.03210050419150324,-0.045687037552729584
2022-07-08,0.0,-0.05,0.05,0.0,0.0,0.0,0.0,0.0,0.0,-0.05,0.0,0.0,0.01703272664030758,0.03287915877678262,-0.04599210194858569
2022-07-11,-0.05,-0.05,0.05,0.0,0.0,0.0,0.0,0.0,0.0,-0.05,0.0,0.0,0.015765524739838322,0.04752558583738919,-0.04655781206491117
2022-07-12,-0.05,-0.05,0.05,0.0,0.0,0.0,0.0,0.0,0.0,-0.05,0.0,0.0,0.01572179916449072,0.04765507860711518,-0.046631807245537324
2022-07-13,-0.05,0.0,0.05,0.0,0.0,0.0,0.0,0.0,0.0,-0.05,0.0,0.0,0.01937167631770825,0.025454074769533062,-0.038908635606065674
2022-07-14,-0.05,0.0,0.05,0.0,0.0,0.0,0.0,0.0,0.0,-0.05,0.0,0.0,0.019145339358797017,0.025860432475423207,-0.03909127158130775
2022-07-15,-0.05,0.0,0.05,0.0,0.0,0.0,0.0,0.0,0.0,-0.05,-0.05,0.0,0.011757292572737338,0.03935402593260932,-0.0330688830676937
2022-07-18,-0.05,0.0,0.05,0.0,0.05,0.0,0.0,0.0,0.0,-0.05,-0.05,0.0,0.011091228421925683,0.04014244681191421,-0.05318936459850306
2022-07-19,-0.05,0.0,0.0,0.0,0.05,0.05,0.0,0.0,0.0,-0.05,-0.05,0.0,-0.002095426610083102,0.03315396303038459,-0.02783682483454375
2022-07-20,-0.05,0.0,0.0,0.0,0.05,0.05,0.0,0.0,0.0,-0.05,-0.05,0.0,-0.002091379853346351,0.032270485388496875,-0.026819894319755084
2022-07-21,-0.05,0.0,0.0,0.0,0.05,0.05,0.0,0.0,0.0,-0.05,-0.05,0.0,-0.00355982053154575,0.031170792672762106,-0.025249015061579935
2022-07-22,-0.05,0.0,0.0,0.0,0.05,0.05,0.0,0.0,0.0,-0.05,-0.05,0.0,-0.003935194953873962,0.03134345223436353,-0.02493746084402449
2022-07-25,0.0,0.0,0.0,0.0,0.05,0.05,0.0,0.0,0.0,-0.05,-0.05,0.0,-0.0005609785898932334,0.017608789153471756,-0.026847854155643103
2022-07-26,0.0,0.0,0.0,0.0,0.05,0.05,0.0,0.0,0.0,-0.05,-0.05,0.0,0.0012391548449365297,0.017089871779516166,-0.027732763339626678
2022-07-27,0.0,0.0,0.0,0.0,0.05,0.05,0.0,0.0,0.0,-0.05,-0.05,0.0,0.0033031480041614053,0.011470468047133786,-0.024554625203617092
2022-07-28,0.0,0.0,0.0,0.0,0.05,0.05,0.0,0.0,0.0,-0.05,-0.05,0.0,0.0005503815094544395,0.014627776661636687,-0.02665531925838179
2022-07-29,0.0,0.0,0.0,0.0,0.05,0.05,0.0,0.0,0.0,-0.05,0.0,0.0,0.0017336992739257792,0.006153793402554748,-0.03174938246162928
2022-08-01,0.0,0.0,0.0,0.0,0.05,0.05,0.0,0.0,0.0,-0.05,0.05,0.0,0.008227896358442992,0.00235740458979866,-0.04489217835284423
2022-08-02,0.0,0.0,0.0,0.0,0.0,0.05,0.0,0.0,0.0,-0.05,0.05,0.0,0.014189909938910443,0.003873743084139747,-0.03078942660816368
2022-08-03,0.0,0.0,0.0,0.0,0.0,0.05,0.0,0.0,0.0,0.0,0.05,0.0,0.011041177262972351,-0.016151942951497255,-0.01767809177310523
2022-08-04,0.0,0.0,0.0,0.0,0.0,0.05,0.0,0.0,0.0,0.0,0.05,0.0,0.010353368086353176,-0.016504706948588247,-0.016664641002141073
2022-08-05,0.0,0.0,0.0,0.0,0.0,0.05,0.0,0.0,0.0,0.0,0.05,0.0,0.010972723055742508,-0.01677374803515958,-0.01687565395380939
2022-08-08,0.0,0.0,0.0,0.0,0.0,0.0,0.0,0.0,0.0,0.0,0.05,0.0,0.005736881983283235,-0.003143374452034134,-0.012958703441740459
2022-08-09,0.0,0.0,0.05,0.0,0.0,0.0,0.0,0.0,0.0,0.0,0.05,0.0,0.026325958966726314,-0.014452316546242159,-0.03824998768507251
2022-08-10,0.0,0.0,0.05,0.0,0.0,0.0,0.0,0.0,0.0,0.0,0.05,0.0,0.02757681255865023,-0.012540432496440733,-0.04122095018522634
2022-08-11,0.0,0.0,0.05,0.0,0.0,0.0,0.0,0.0,0.0,0.0,0.05,0.0,0.0270569574608035,-0.013137040683596236,-0.04022860886862619
2022-08-12,0.0,0.0,0.05,0.0,0.0,0.0,0.05,0.0,0.0,0.0,0.05,0.0,0.03696925407658891,-0.030776888258173967,-0.045494643821757115
2022-08-15,0.0,0.0,0.05,0.0,0.0,0.0,0.05,0.0,0.0,0.0,0.05,-0.05,0.03111857348314767,-0.011229171171185558,-0.050694814192413264
2022-08-16,0.0,0.0,0.05,0.0,0.0,0.0,0.05,0.0,0.0,0.0,0.05,-0.05,0.03164583020909177,-0.011717728504412862,-0.050412996520983355
2022-08-17,0.0,0.0,0.05,0.0,0.0,0.0,0.05,0.0,0.0,0.0,0.05,-0.05,0.03235041660962893,-0.016592817900760365,-0.04636971082218499
2022-08-18,0.0,0.0,0.05,0.0,0.0,0.0,0.05,0.0,0.0,0.0,0.05,0.0,0.03744735667083396,-0.03392715215873983,-0.0433243271798216
2022-08-19,0.0,0.0,0.0,0.0,0.0,0.0,0.05,0.0,0.0,0.0,0.05,0.0,0.01843517774231823,-0.027551326219052538,-0.014639690251632706
2022-08-22,0.0,0.0,0.0,0.0,0.0,0.0,0.05,0.0,0.0,0.0,0.05,0.0,0.01830121741359722,-0.027744789061821994,-0.014377297472244897
2022-08-23,0.0,0.0,0.0,0.0,0.0,0.0,0.05,0.0,0.0,0.0,0.05,0.0,0.01828900955626996,-0.029162471354231452,-0.013186302043587702
2022-08-24,0.0,0.0,0.0,0.0,0.0,0.0,0.05,0.0,0.0,0.0,0.05,0.0,0.018008407013158645,-0.028643213260464196,-0.01364953505904954
2022-08-25,0.0,0.0,0.0,0.0,0.0,0.0,0.05,0.0,0.0,0.0,0.05,0.0,0.017102918461863004,-0.02806481407688711,-0.014044274379554838
2022-08-26,0.0,0.0,0.0,-0.05,0.0,0.0,0.0,0.0,0.0,0.0,0.05,0.0,0.009135930862506032,0.000827520100910379,-0.00822409022145489
2022-08-29,0.0,0.0,0.0,-0.05,0.0,0.0,0.0,0.0,0.0,0.0,0.05,0.0,0.010047396453665655,-0.0013952028548743604,-0.006725516051709884
2022-08-30,0.0,0.0,0.0,-0.05,0.0,0.0,0.0,0.0,0.0,0.0,0.05,0.0,0.009994013075968295,-0.00329192353114721,-0.004271094237006272
2022-08-31,0.0,0.0,0.0,-0.05,0.0,0.0,0.0,0.0,0.0,0.0,0.05,0.0,0.009309639717279713,-0.0033065776504653394,-0.0036444976457062415
2022-09-01,0.0,0.0,0.0,-0.05,0.0,0.0,0.0,0.0,0.0,0.0,0.05,0.0,0.009207708513116652,-0.003532820934321732,-0.0033597079266807005
2022-09-02,0.0,0.0,0.05,-0.05,0.0,0.0,0.0,-0.05,0.0,-0.05,0.05,0.0,0.048442082124361484,-0.004349046892227057,-0.0386839190283993
2022-09-06,0.0,0.0,0.05,-0.05,0.0,0.0,0.0,-0.05,0.0,-0.05,0.05,0.0,0.04843142887258406,-0.003980522790373165,-0.03912865832502224
2022-09-07,0.0,0.0,0.05,-0.05,0.0,0.0,0.0,-0.05,0.0,-0.05,0.05,0.0,0.04724378250923095,-0.003725635270297777,-0.03877083113941812
2022-09-08,0.0,0.0,0.05,-0.05,0.0,0.0,0.0,0.0,0.0,-0.05,0.05,0.0,0.035272519506668966,-0.013367061116419204,-0.027208544093462603
2022-09-09,0.05,0.0,0.05,-0.05,0.0,0.0,0.0,0.0,0.0,-0.05,0.05,0.0,0.03352580964993534,-0.019561407933076258,-0.03207514095784961
2022-09-12,0.05,0.0,0.05,-0.05,0.0,-0.05,0.0,0.0,0.0,-0.05,0.05,0.0,0.03932897953806887,-0.02509952757364561,-0.0174587297556807
2022-09-13,0.0,0.0,0.05,-0.05,0.0,-0.05,0.0,0.0,0.0,-0.05,0.05,0.0,0.037565678578316664,-0.01655299982161204,-0.012661991125680682
2022-09-14,0.0,0.0,0.05,-0.05,0.0,0.0,0.0,0.0,0.0,-0.05,0.05,0.0,0.040542547065964926,-0.023983925475072353,-0.021934149166929335
2022-09-15,0.0,0.0,0.05,0.0,0.0,0.0,0.0,0.0,0.0,0.0,0.05,0.0,0.03450151079450739,-0.04489039002190036,-0.016117498972109033
2022-09-16,0.0,0.0,0.0,0.0,0.0,0.05,0.0,0.0,0.0,0.0,0.05,0.0,0.028318393371461976,-0.04837641553001049,-0.002091408703774767
2022-09-19,0.0,0.0,0.0,0.0,0.0,0.0,0.0,0.0,0.0,0.05,0.05,0.0,0.00101962082582009,-0.023869663993908448,0.0029769308255581384
2022-09-20,0.0,0.0,0.0,0.0,0.0,0.0,0.0,0.0,0.0,0.05,0.05,0.0,0.0013142155946060385,-0.02440035721728981,0.003008440047941442
2022-09-21,0.0,0.0,0.0,0.0,0.0,0.0,0.0,0.0,0.0,0.05,0.05,0.0,0.0017446000549014417,-0.02145216781470244,0.00034267165164554407
2022-09-22,0.0,0.0,0.0,0.0,0.0,0.0,0.0,0.0,0.0,0.05,0.0,0.0,-0.01272319778836601,-0.010878822134352976,0.012717530464740175
2022-09-23,0.0,0.0,0.0,0.0,0.05,0.0,0.0,0.0,0.0,0.05,0.0,0.0,0.0005062123184986691,-0.01465117240109904,-0.011832520990596064
2022-09-26,0.0,0.0,0.0,0.0,0.05,0.0,0.0,0.0,0.0,0.05,0.0,0.0,0.00016239030709542732,-0.014589099108006518,-0.011802961426876854
2022-09-27,0.0,-0.05,0.0,0.0,0.05,0.0,0.0,0.0,0.0,0.05,0.0,0.0,-0.0029932341326152304,9.34023051334474e-05,-0.011769939051604431
2022-09-28,-0.05,-0.05,0.0,0.0,0.05,0.0,0.0,0.0,0.0,0.05,0.0,0.0,-0.008771184456232631,0.016620436963332624,-0.011924478656394066
2022-09-29,0.0,-0.05,0.0,0.0,0.05,0.0,0.0,0.0,0.0,0.05,0.0,0.0,-0.007859115938070201,0.0008985324773555601,-0.008755097217986708
2022-09-30,0.05,-0.05,0.0,0.0,0.05,0.0,-0.05,0.0,0.0,0.0,0.0,0.0,0.009055554508607266,0.012566312554836095,-0.02420834815521508
2022-10-03,0.05,-0.05,0.0,0.0,0.05,0.0,-0.05,0.0,0.0,0.0,0.0,0.0,0.008296483839267604,0.012849690787295032,-0.023412321560933258
2022-10-04,0.05,-0.05,0.0,0.0,0.05,0.0,-0.05,0.0,0.0,0.0,0.0,0.0,0.006288883996172444,0.010655638974902577,-0.019973074821965385
2022-10-05,0.05,-0.05,0.0,0.0,0.05,0.0,-0.05,0.0,0.0,0.0,0.0,0.0,0.009196527224489309,0.010529459958465064,-0.02116105289200379
2022-10-06,0.05,-0.05,0.0,0.0,0.05,0.0,-0.05,0.0,0.0,0.0,0.0,0.0,0.008481392764206758,0.003224371907119954,-0.0139606897078595
2022-10-07,0.05,-0.05,0.0,0.0,0.05,0.0,-0.05,0.0,0.0,0.0,0.0,0.0,0.007065037485257642,0.0031651423268009415,-0.012786599107208306
2022-10-10,0.05,-0.05,0.0,0.0,0.05,0.0,-0.05,0.0,0.0,0.0,0.0,0.0,0.0065488046505595195,0.0020455897958855107,-0.013142222193857637
2022-10-11,0.05,-0.05,0.0,0.0,0.05,0.0,-0.05,0.0,0.0,0.0,0.0,0.0,0.004352173898199698,0.009442851297238711,-0.018591540983220734
2022-10-12,0.05,0.0,-0.05,0.0,0.05,0.0,-0.05,0.0,0.0,0.0,0.0,0.0,-0.019023636369095986,0.02145349251842119,-0.0034470749194775554
2022-10-13,0.05,0.0,-0.05,0.0,0.05,0.0,-0.05,0.0,-0.05,0.0,0.0,0.0,-0.014626247460571923,0.03213310270203586,-0.005921618726351034
2022-10-14,0.05,0.0,-0.05,0.0,0.05,0.0,-0.05,0.0,-0.05,0.0,0.0,0.0,-0.009321048038594841,0.03350175045075212,-0.011497934026327317
2022-10-17,0.05,0.0,-0.05,0.0,0.05,0.0,-0.05,0.0,-0.05,0.0,0.0,0.0,-0.00962248772753083,0.034225237975670154,-0.012140392980628339
2022-10-18,0.05,0.0,-0.05,0.0,0.05,0.0,-0.05,0.0,-0.05,0.0,0.0,0.05,0.0017785855026719848,0.02518845897153488,-0.025085260670612237
2022-10-19,0.05,-0.05,-0.05,0.0,0.05,0.0,0.0,0.0,-0.05,0.0,0.05,0.05,0.017966425386026247,0.005167404766905536,-0.03084876702548695
2022-10-20,0.05,0.0,-0.05,0.0,0.05,0.0,0.0,0.0,-0.05,0.0,0.05,0.05,0.019271687728674502,-0.00990865243487045,-0.030078583361159636
2022-10-21,0.05,0.0,-0.05,0.0,0.05,0.0,0.0,0.0,-0.05,-0.05,0.05,0.05,0.03301345789912569,0.006327702083592419,-0.04953005860684342
2022-10-24,0.05,0.0,-0.05,0.0,0.05,0.0,0.0,0.0,-0.05,-0.05,0.05,0.0,0.023763123365564624,0.014863015435075424,-0.03785115274721461
2022-10-25,0.05,0.0,-0.05,0.0,0.05,0.0,0.0,0.0,-0.05,-0.05,0.05,0.0,0.023457871239090572,0.009338787579924297,-0.030631876396550746
2022-10-26,0.05,0.0,-0.05,0.05,0.05,0.0,0.0,-0.05,-0.05,-0.05,0.05,0.0,0.03699749659584477,-0.0008905664079958339,-0.035232256849560634
2022-10-27,0.05,0.05,-0.05,0.0,0.05,0.0,0.0,-0.05,0.0,-0.05,0.0,0.0,0.03312025863675708,0.011773146017519637,-0.04423485154712912
2022-10-28,0.05,0.05,0.0,0.0,0.0,0.0,0.0,-0.05,0.0,-0.05,0.0,0.0,0.039547715881687234,-0.0037549814843440815,-0.03580598895328985
2022-10-31,0.0,0.05,0.0,0.0,0.0,0.0,0.0,-0.05,0.0,-0.05,0.05,0.0,0.04350663230962079,-0.012910913785124717,-0.031209528446902796
2022-11-01,0.0,0.05,0.0,0.0,0.0,0.0,0.0,-0.05,0.0,-0.05,0.05,0.0,0.044924834395085295,-0.011636197868946343,-0.03380518134060208
2022-11-02,0.0,0.05,0.0,0.0,0.0,0.0,0.0,-0.05,0.0,-0.05,0.05,0.0,0.04431544035677821,-0.012050971400605034,-0.032821905285190876
2022-11-03,0.0,0.05,0.0,0.0,0.0,0.0,0.0,-0.05,0.0,-0.05,0.05,0.0,0.04392013581894093,-0.012045182086835811,-0.03238208664399408
2022-11-04,0.0,0.05,0.0,0.0,-0.05,0.0,0.0,-0.05,0.0,-0.05,0.05,0.0,0.043810599584374145,-0.01918859214324291,-0.0066524865395313805
2022-11-07,0.0,0.05,0.0,0.0,-0.05,0.0,0.0,-0.05,0.0,-0.05,0.05,0.0,0.04517128711003358,-0.018946754779627928,-0.008173515656101162
2022-11-08,0.0,0.05,0.0,0.0,-0.05,0.0,0.0,0.0,0.0,0.0,0.05,0.0,0.013973866002046118,-0.04016137069231659,0.02026943994623385
2022-11-09,0.0,0.05,0.0,0.0,-0.05,0.0,0.0,0.0,0.0,0.0,0.05,0.0,0.013708571655210215,-0.040307939087777196,0.02067177051534423
2022-11-10,0.0,0.0,0.0,0.0,-0.05,0.0,0.0,0.0,0.0,0.0,0.0,0.0,-0.0034730122882349643,-0.00010885537564170878,0.02217894404061783
2022-11-11,0.0,0.0,0.0,0.0,-0.05,0.0,0.0,0.0,0.0,0.0,0.0,0.0,-0.0052175720647638785,0.0011863280059466854,0.023070817452273407
2022-11-14,0.0,0.0,0.0,0.0,-0.05,0.0,0.0,0.0,0.0,0.0,0.05,0.0,2.524930292603471e-05,-0.026419377266652336,0.03326501935720133
2022-11-15,0.0,0.0,0.0,0.0,0.0,0.0,0.0,0.0,0.0,0.0,0.05,0.0,0.007428907818598868,-0.026408055685270517,0.007046733329600961
2022-11-16,0.0,0.0,0.0,0.0,0.0,0.0,0.0,0.0,0.0,0.0,0.0,0.0,-0.0,-0.0,-0.0
2022-11-17,0.0,0.0,0.0,0.0,0.0,0.0,0.0,0.0,0.0,0.0,0.0,0.0,-0.0,-0.0,-0.0
2022-11-18,0.0,0.0,0.0,0.0,0.0,0.0,0.0,-0.05,0.0,0.0,0.0,0.0,0.013473937777667623,0.007043641555316761,-0.009520490448230428
2022-11-21,0.0,0.0,0.0,0.0,0.0,0.0,0.0,-0.05,0.0,0.0,0.0,0.0,0.014538718912588601,0.00696674582370497,-0.010201603310218472
2022-11-22,0.0,0.0,0.0,0.0,0.0,0.0,0.05,-0.05,0.0,0.0,0.0,0.0,0.01707470720302901,-0.005990570977660757,-0.012410851772370616
2022-11-23,0.0,0.0,0.0,0.0,0.0,0.0,0.05,-0.05,0.0,0.0,0.0,0.0,0.016719945769599506,-0.005635016515200828,-0.012502299678750547
2022-11-25,0.0,0.0,0.0,0.0,0.0,0.0,0.05,-0.05,0.0,0.0,0.0,0.0,0.016681077239146032,-0.0052087257324846415,-0.013026980951264006
2022-11-28,0.0,0.0,0.0,0.0,0.0,0.0,0.05,-0.05,0.0,0.0,0.0,0.0,0.01599015689506935,-0.004749500379450446,-0.012878451218797795
2022-11-29,0.0,0.0,0.0,0.0,0.0,0.0,0.0,-0.05,0.0,0.0,0.0,0.0,0.012724802164824271,0.0070689094100098646,-0.008935867346476164
2022-11-30,0.0,0.0,0.0,0.0,0.0,0.0,0.0,-0.05,0.0,0.0,0.0,0.0,0.01297002740921349,0.007036817532563225,-0.009167942006216942
2022-12-01,0.0,0.0,0.0,0.0,0.0,0.0,0.0,-0.05,0.0,0.0,0.0,0.0,0.01289184738433722,0.007079910438550924,-0.009125260351950408
2022-12-02,0.0,0.0,0.0,0.0,0.0,0.0,0.05,-0.05,0.0,0.0,0.0,0.0,0.013076151121650606,-0.00135721150474683,-0.014302152257236562
2022-12-05,0.0,0.0,0.0,0.0,0.0,0.0,0.05,-0.05,0.0,0.0,0.0,0.0,0.01372182417307115,-0.002261995826175571,-0.013806769817715081
2022-12-06,0.0,0.0,0.0,0.0,0.0,0.0,0.05,-0.05,0.0,0.0,0.0,0.0,0.008608158942743931,-0.00224354864457456,-0.010099339818708402
2022-12-07,0.0,0.0,0.0,0.0,0.0,0.0,0.05,-0.05,0.0,0.0,0.0,0.0,0.008209321281470377,-0.002075919902563137,-0.009720463976156541
2022-12-08,0.0,0.0,0.0,0.0,0.0,0.0,0.05,-0.05,0.0,0.0,0.0,0.0,0.007640914631103446,0.0004693714376623921,-0.012940936048871539
2022-12-09,0.0,0.0,0.0,0.0,0.0,0.0,0.0,-0.05,0.0,0.0,0.0,0.0,0.011152480358381638,0.008559635317195042,-0.009718185697094428
2022-12-12,0.0,0.0,0.0,0.0,0.0,0.0,0.0,0.0,0.0,0.0,0.0,0.0,-0.0,-0.0,-0.0
2022-12-13,0.0,0.0,0.0,0.0,0.0,0.0,0.0,0.0,0.0,0.0,0.05,0.0,0.0103086842561936,-0.030891611030604095,0.009398293425066519
2022-12-14,0.0,0.0,0.0,0.0,0.0,0.0,0.0,0.0,0.0,0.0,0.05,0.0,0.010859015765791673,-0.031209920374320174,0.009318360772341189
2022-12-15,0.0,0.0,0.0,0.0,0.0,0.0,0.0,0.0,0.0,0.0,0.05,0.0,0.012129544509097742,-0.031860168907757315,0.009078777543099019
2022-12-16,0.0,0.0,0.0,0.0,0.0,0.0,0.0,0.0,0.0,0.0,0.05,0.0,0.011239854260783612,-0.031027420809053543,0.008899388819606675
2022-12-19,0.0,0.0,0.0,0.0,0.0,0.0,0.0,0.0,0.0,0.0,0.05,0.0,0.010628535171118201,-0.031050826808759216,0.009358304779151899
2022-12-20,0.0,0.0,0.0,0.0,0.0,0.0,0.0,0.0,0.0,0.0,0.05,0.0,0.01139298774958081,-0.032106537129640025,0.010066779769522064
2022-12-21,0.0,0.0,0.0,0.0,0.0,-0.05,0.0,0.0,0.0,0.0,0.05,0.0,-0.0035044152441401286,-0.01517562412315672,0.016618903233404644
2022-12-22,0.0,0.0,0.0,0.0,0.0,-0.05,0.0,0.0,0.0,0.0,0.05,0.0,-0.004475856709384779,-0.014956710040587483,0.017038386215491926
2022-12-23,0.0,0.0,0.0,0.0,0.0,-0.05,0.0,0.0,0.0,0.0,0.05,0.0,-0.005187744289811542,-0.011721767746023262,0.013745059494836896
2022-12-27,0.0,0.0,0.0,0.0,0.0,0.0,0.0,0.0,0.0,0.0,0.0,0.0,-0.0,-0.0,-0.0
2022-12-28,0.0,0.0,0.0,0.0,0.0,0.0,0.0,0.0,0.0,0.0,0.0,0.0,-0.0,-0.0,-0.0
2022-12-29,0.0,-0.05,0.0,0.0,0.0,0.0,0.0,0.0,0.0,0.0,0.0,0.0,-0.003948313311017218,0.011214689164011193,0.005480358482009207
2022-12-30,0.0,-0.05,0.0,0.0,0.0,0.0,0.0,0.0,0.0,0.0,0.0,0.0,-0.00387994316660074,0.011202886299696832,0.005436407588110157
2023-01-03,0.0,-0.05,0.0,0.0,0.0,0.0,0.0,0.0,0.0,0.0,0.0,0.0,-0.0038424784474094713,0.011450227798640647,0.005136492675714784
2023-01-04,0.0,-0.05,0.05,0.0,0.0,0.0,0.0,0.0,0.0,0.0,0.0,0.0,-0.0011424273700015282,0.008405676507409752,-0.015397275904406059
2023-01-05,0.0,0.0,0.05,0.0,0.0,0.0,0.0,0.0,0.0,0.0,-0.05,0.0,-0.0060331127781616265,0.026368412122236798,-0.028884009465715302
2023-01-06,0.0,0.0,0.05,0.0,0.0,0.0,0.0,0.0,-0.05,0.0,-0.05,0.0,-0.00751020989383079,0.038447249292130656,-0.027551341069941004
2023-01-09,0.0,0.0,0.05,0.0,0.0,0.0,0.0,0.0,-0.05,0.0,-0.05,0.0,-0.0050116106306396565,0.0358823004364873,-0.026166813822112975
2023-01-10,0.0,0.0,0.05,0.0,0.0,0.0,0.0,0.0,-0.05,-0.05,-0.05,0.0,0.014498824305030324,0.036202250922377735,-0.035160086928077615
2023-01-11,0.0,0.0,0.05,0.0,0.0,0.0,0.0,0.0,-0.05,-0.05,-0.05,0.0,0.01337520723254574,0.03510820929421456,-0.03324252472777587
2023-01-12,0.0,0.0,0.05,0.0,0.0,0.0,0.0,0.0,-0.05,-0.05,-0.05,0.0,0.014355642037784213,0.031237164772914376,-0.028933924758894083
2023-01-13,0.0,0.0,0.05,0.0,0.0,0.0,0.0,0.0,-0.05,-0.05,-0.05,0.0,0.01468450241200004,0.029841091455767254,-0.02743426006154027
2023-01-17,0.0,0.0,0.05,0.0,0.0,0.0,0.0,0.0,-0.05,-0.05,-0.05,0.0,0.019396351550053155,0.03110336431912284,-0.032192364025156045
2023-01-18,0.0,0.0,0.0,0.0,0.0,0.0,0.0,0.05,0.0,-0.05,-0.05,0.0,0.005109593488796925,0.011185422085721158,-5.4079817279033575e-05
2023-01-19,0.0,0.0,0.0,0.0,0.0,0.0,0.0,0.05,0.0,0.0,-0.05,0.0,-0.014023230696320785,0.006649823098555498,0.012966442432001
2023-01-20,0.0,0.0,0.0,0.0,0.0,0.0,0.0,0.05,0.0,0.0,-0.05,0.0,-0.013481586211450312,0.0070341965544490175,0.012316262262177748
2023-01-23,0.0,0.0,0.0,0.0,0.0,0.0,-0.05,0.05,0.0,0.0,-0.05,0.05,-0.0066199993029105115,0.00047949511977013904,0.017850783741261797
2023-01-24,0.0,0.0,0.0,0.0,0.0,0.0,-0.05,0.05,0.0,0.0,-0.05,0.05,-0.00880905425853609,0.0010297116384660656,0.019023928341399345
2023-01-25,0.0,0.0,0.0,0.0,0.0,0.0,-0.05,0.05,0.0,-0.05,-0.05,0.05,0.0024707452482140074,0.0013110615936633482,0.016865295344895247
2023-01-26,-0.05,0.05,0.0,0.0,0.0,0.0,-0.05,0.05,0.0,-0.05,-0.05,0.05,-0.0055240317545599,0.005652233702233231,0.01952483468198929
2023-01-27,-0.05,0.05,0.0,0.0,0.0,0.0,-0.05,0.05,0.0,0.0,-0.05,0.05,-0.020537486469481895,0.0010966695093461076,0.02970678019829778
2023-01-30,-0.05,0.05,0.0,0.0,0.05,0.0,-0.05,0.05,0.05,0.0,-0.05,0.05,-0.03023204055787398,-0.009722411017618483,0.01566737855349125
2023-01-31,-0.05,0.05,0.0,0.0,0.05,0.0,0.0,0.05,0.05,0.0,-0.05,0.05,-0.039276049045547226,-0.006184227810438803,0.0031277102472700175
2023-02-01,-0.05,0.05,0.0,0.05,0.05,0.0,0.0,0.05,0.05,0.0,-0.05,0.05,-0.0500451043179837,-0.01422063024510688,0.005780564265435201
2023-02-02,-0.05,0.05,0.0,0.05,0.0,0.0,0.0,0.05,0.05,0.0,0.0,0.05,-0.03203313868977465,-0.05252168590381094,0.03609192728087871
2023-02-03,-0.05,0.0,0.0,0.05,0.0,0.0,0.0,0.05,0.0,0.0,0.0,0.05,-0.02209067537764836,-0.023305439118209075,0.02495227876170302
2023-02-06,-0.05,0.0,0.0,0.05,0.0,0.05,0.0,0.05,0.0,0.0,0.0,0.05,-0.013610330017481784,-0.018736819867702176,-0.0008757087339556759
2023-02-07,-0.05,0.0,0.0,0.05,0.0,0.05,0.0,0.05,0.0,0.05,0.0,0.05,-0.02738307724307309,-0.024205719441511363,0.009309347281152371
2023-02-08,-0.05,0.0,0.0,0.05,0.0,0.05,0.0,0.05,0.0,0.05,0.0,0.05,-0.03156896619391296,-0.0216302071103234,0.009301179679162518
2023-02-09,-0.05,0.0,0.0,0.05,0.0,0.05,0.0,0.05,0.0,0.05,0.0,0.05,-0.03399020401366035,-0.016228165864040456,0.003493149326529211
2023-02-10,-0.05,0.0,0.0,0.05,0.05,0.05,0.0,0.05,0.0,0.05,0.0,0.05,-0.017863731724150216,-0.04155110907822815,-0.002695786650963949
2023-02-13,-0.05,0.0,0.0,0.05,0.05,0.05,0.0,0.05,0.0,0.05,0.0,0.05,-0.018658297854967656,-0.04054904143035072,-0.0036727116872058924
2023-02-14,-0.05,0.0,0.0,0.05,0.05,0.0,0.0,0.05,0.0,0.05,0.0,0.05,-0.030237692341566574,-0.03068437668928094,0.0076742256986726785
2023-02-15,-0.05,0.0,0.0,0.05,0.05,0.0,0.0,0.0,0.0,0.05,0.0,0.05,-0.021321901863055538,-0.02390922260938831,0.0022563419615700213
2023-02-16,-0.05,0.0,0.0,0.05,0.05,0.0,0.0,0.0,0.0,0.05,0.0,0.05,-0.021810544443095325,-0.024898834812355827,0.0037238385968692807
2023-02-17,-0.05,0.0,0.0,0.05,0.05,0.0,0.0,0.0,0.0,0.05,0.0,0.05,-0.023612202389575898,-0.023239926896588912,0.0027172536041886386
2023-02-21,0.0,0.0,0.0,0.05,0.05,0.0,0.0,0.0,0.0,0.05,0.0,0.05,-0.01906364372662749,-0.04051843021092762,0.004383152146033429
2023-02-22,0.0,0.0,0.0,0.05,0.05,0.0,0.0,0.0,0.0,0.05,0.0,0.05,-0.016589967539686133,-0.03830651868345455,0.0011590017620957942
2023-02-23,0.0,0.0,0.0,0.0,0.05,0.0,0.0,0.0,0.0,0.05,0.0,0.05,-0.009623729633621922,-0.02865663041125824,-0.0024711843292306427
2023-02-24,0.0,0.0,0.0,0.0,0.05,0.0,0.0,0.0,0.0,0.0,0.0,0.05,0.005900435232951121,-0.024611520111543574,-0.011053386150409022
2023-02-27,0.0,0.0,0.0,0.0,0.05,0.0,0.0,0.0,0.0,0.0,0.0,0.05,0.005650407774295315,-0.024334434558949847,-0.011024197594687788
2023-02-28,0.0,0.0,0.0,0.0,0.05,0.0,0.0,0.0,0.0,0.0,0.0,0.0,0.017908702871672857,-0.025336894363709374,-0.007574205664847168
2023-03-01,0.0,0.0,0.0,0.0,0.05,0.0,0.0,0.0,0.0,0.0,0.0,0.0,0.01796843436668023,-0.027293043552748555,-0.006681980441101222
2023-03-02,0.0,0.0,0.0,0.0,0.0,0.0,0.0,0.0,0.0,0.0,0.0,0.0,-0.0,-0.0,-0.0
2023-03-03,0.0,0.0,0.0,0.0,0.0,0.0,0.0,0.0,0.0,0.0,0.0,0.0,-0.0,-0.0,-0.0
2023-03-06,0.0,0.0,0.0,0.0,0.0,0.0,0.0,0.0,0.0,0.0,0.0,0.0,-0.0,-0.0,-0.0
2023-03-07,0.0,0.0,0.0,0.0,0.05,0.0,0.0,0.0,0.0,0.0,0.0,0.0,0.016857915612996426,-0.02566658585124178,-0.006902810297945792
2023-03-08,0.0,0.0,0.0,0.0,0.0,0.0,0.0,0.0,0.0,0.0,0.0,0.0,-0.0,-0.0,-0.0
2023-03-09,0.0,0.0,0.0,0.0,0.0,0.0,0.0,0.0,0.0,0.0,0.0,0.0,-0.0,-0.0,-0.0
2023-03-10,0.0,0.0,0.0,0.0,0.0,0.0,0.0,0.0,0.0,0.0,0.0,0.0,-0.0,-0.0,-0.0
2023-03-13,0.0,0.0,0.0,0.0,0.0,0.0,0.0,0.0,0.0,0.0,0.0,0.0,-0.0,-0.0,-0.0
2023-03-14,0.0,0.0,0.05,0.0,0.0,0.0,0.0,0.0,0.0,0.0,0.0,0.0,0.0310563877366401,-0.03905328077398245,-0.006467082707185459
2023-03-15,0.0,0.0,0.05,0.0,0.0,0.0,0.0,0.0,0.0,0.0,0.0,0.0,0.031019543320584982,-0.03884278620357692,-0.006632306389777809
2023-03-16,0.0,0.0,0.05,0.0,0.0,0.0,0.0,0.0,0.0,0.0,0.0,0.0,0.029872221999190752,-0.042662632014042,-0.0031564907849192534
2023-03-17,0.0,-0.05,0.05,0.0,-0.05,0.0,0.0,-0.05,0.0,0.0,0.0,0.0,0.00864273880427868,0.0041752287930504495,0.007501418051899091
2023-03-20,0.0,-0.05,0.05,0.0,-0.05,0.0,0.0,-0.05,0.0,0.0,0.0,0.0,0.002580996950949031,0.007813327074095284,0.007925357758756383
2023-03-21,0.0,-0.05,0.05,0.0,-0.05,0.0,0.0,-0.05,0.0,0.0,0.0,0.0,-0.0021956452918823026,0.009138763231953518,0.009971119157080736
2023-03-22,0.0,-0.05,0.05,0.0,0.0,0.0,0.0,-0.05,0.0,0.0,0.0,0.0,0.01786784169915961,-0.020730620873818252,0.002867913217454971
2023-03-23,0.0,-0.05,0.05,0.0,0.0,0.0,0.0,-0.05,0.0,0.0,0.0,0.0,0.018723918955231088,-0.021383499627006038,0.004035133961627674
2023-03-24,0.0,-0.05,0.05,0.0,0.0,0.0,0.0,-0.05,0.0,0.0,0.0,0.0,0.016597313620323188,-0.019102219417373993,0.0035207950153690686
2023-03-27,0.0,-0.05,0.05,0.0,0.0,0.0,0.0,-0.05,0.0,0.0,0.0,0.0,0.01318588511802772,-0.024559068972434133,0.01240412684910307
2023-03-28,0.0,-0.05,0.05,0.0,0.0,0.0,0.0,-0.05,0.0,0.0,0.0,0.0,0.011777191295102785,-0.025189934118032317,0.013858292696257248
2023-03-29,0.0,-0.05,0.05,0.0,0.0,0.0,0.0,-0.05,0.0,0.0,0.0,0.0,0.011533784800194628,-0.025655314030001652,0.014233672215500454
2023-03-30,0.0,-0.05,0.05,0.0,0.0,0.0,0.0,-0.05,0.0,0.0,0.0,0.0,0.012442600243994158,-0.024169268976210904,0.012602641614252084
2023-03-31,0.0,-0.05,0.05,0.0,0.0,0.0,0.0,-0.05,0.0,0.0,0.0,0.0,0.011937816917738773,-0.022125515055461415,0.011322368516644591
2023-04-03,0.0,-0.05,0.05,0.0,0.05,0.0,0.0,-0.05,-0.05,0.0,0.0,0.0,0.046613478705227515,-0.031930518795704146,-0.009722603959815073
2023-04-04,0.0,-0.05,0.05,0.0,0.05,0.0,0.0,-0.05,-0.05,0.0,0.0,0.0,0.04608789878463222,-0.031502050634568936,-0.00964013981842655
2023-04-05,0.0,-0.05,0.05,0.0,0.05,0.0,0.0,-0.05,-0.05,0.0,0.0,0.0,0.04367418486899687,-0.034310690357852225,-0.006322287333326095
2023-04-06,0.0,0.0,0.05,0.0,0.05,0.0,0.0,-0.05,-0.05,0.0,0.0,0.0,0.05262433190433541,-0.04393851342887933,-0.017547551756171956
2023-04-10,0.0,0.0,0.05,0.0,0.05,0.0,0.0,0.0,-0.05,-0.05,0.0,0.0,0.059916829268891095,-0.031983763836980005,-0.03350688671248016
2023-04-11,0.0,0.0,0.05,0.0,0.0,0.0,0.05,0.0,-0.05,0.0,0.0,0.0,0.008296229779043802,-0.01889278858276635,-0.008161610897123441
2023-04-12,0.0,0.0,0.05,0.0,0.0,0.0,0.05,0.0,-0.05,0.0,0.0,0.0,0.00937599818416002,-0.018601820761499695,-0.009180016169798305
2023-04-13,0.0,0.0,0.05,0.0,0.0,0.0,0.05,0.0,0.0,0.0,0.0,0.0,0.008650272126993094,-0.049671315380668886,0.0072023784850964445
2023-04-14,0.0,0.0,0.05,0.0,0.0,0.0,0.05,0.0,0.0,0.0,0.0,0.0,0.008549926917351531,-0.04904176216006506,0.007418507464000819
2023-04-17,0.0,0.0,0.05,0.0,0.0,0.0,0.05,0.0,0.0,0.0,0.0,0.0,0.009495927140266014,-0.04672221721355756,0.004901872294440871
2023-04-18,0.0,0.0,0.05,0.0,0.05,0.0,0.05,0.0,0.0,0.0,0.0,0.0,0.03515230966236805,-0.07839204992658802,-0.002489771311005468
2023-04-19,0.0,0.0,0.05,0.0,0.05,0.0,0.05,0.0,0.0,0.0,0.0,0.0,0.03510424216555521,-0.07880261562325426,-0.0019303810963887985
2023-04-20,0.0,0.0,0.0,0.0,0.05,0.0,0.05,0.05,0.0,0.0,0.0,0.0,0.01165438345735413,-0.043026335513958805,-0.0040579094689081555
2023-04-21,0.0,0.0,0.0,0.0,0.05,0.0,0.05,0.05,0.0,0.0,0.0,0.0,0.011479216886220474,-0.043460848737282065,-0.0036162826087588846
2023-04-24,0.0,0.0,0.0,0.0,0.05,0.0,0.05,0.05,0.0,0.0,0.0,0.0,0.012018979442639612,-0.042813674013167165,-0.004684503990885719
2023-04-25,0.0,0.0,0.0,0.0,0.05,0.0,0.05,0.05,0.0,0.0,0.0,0.0,0.012057224446414576,-0.04386470473880549,-0.0034092122167899775
2023-04-26,0.0,0.0,0.0,0.0,0.05,0.0,0.05,0.05,0.0,0.0,0.0,0.0,0.01238392009629875,-0.04306546643716338,-0.004714173970814409
2023-04-27,0.0,0.0,0.0,0.0,0.05,0.0,0.05,0.05,0.0,0.0,0.0,0.05,0.0028198287214148705,-0.03953701707252504,-0.012293290942186631
2023-04-28,0.0,0.0,0.0,0.0,0.05,0.0,0.05,0.05,0.0,0.0,0.05,0.05,-0.0008388719160029494,-0.05912649772616287,-0.00040308209038337995
2023-05-01,0.0,0.0,0.0,0.0,0.05,0.0,0.05,0.05,0.0,0.0,0.05,0.05,-0.006874060187120645,-0.05697561155462853,0.00394474104003098
2023-05-02,0.0,0.0,0.0,0.0,0.05,0.0,0.05,0.05,0.0,0.0,0.05,0.05,-0.0004628068828454396,-0.05015462844393054,-0.009500917732977922
2023-05-03,0.0,0.0,0.0,0.0,0.05,0.0,0.05,0.05,0.0,0.0,0.0,0.05,0.00048362845339463417,-0.04588262305368374,-0.0006029682245164078
2023-05-04,0.0,0.0,0.0,0.0,0.05,0.0,0.05,0.05,0.0,0.0,0.0,0.05,-0.0013980515175780611,-0.048002005631201605,0.0022998659215771014
2023-05-05,0.0,0.0,0.0,0.0,0.05,0.05,0.05,0.05,0.0,0.0,0.0,0.05,-0.0029451341186582953,-0.05482059710220299,-0.007598021795321805
2023-05-08,-0.05,0.0,0.0,0.0,0.05,0.05,0.05,0.05,0.0,0.0,0.0,0.05,0.00039677052293050213,-0.055435265729851184,0.003604751317282321
2023-05-09,-0.05,0.0,0.0,0.0,0.0,0.05,0.05,0.05,0.0,0.0,0.0,0.05,-0.02366022020494169,-0.026042687305125885,0.009659059214262064
2023-05-10,0.0,0.0,0.0,0.0,0.0,0.05,0.05,0.05,0.0,0.0,0.0,0.05,-0.032828562038538865,-0.030984653903033288,0.009584587176915127
2023-05-11,0.0,0.0,0.0,0.0,0.0,0.05,0.05,0.05,0.0,0.0,0.0,0.05,-0.033041683046539594,-0.03106055638174201,0.009739961175553166
2023-05-12,0.0,0.0,0.0,0.0,0.0,0.05,0.05,0.05,0.0,0.0,0.0,0.0,-0.026087712686895255,-0.02488916427845045,0.008123348883235475
2023-05-15,0.0,0.0,0.0,0.0,0.0,0.05,0.05,0.0,0.0,0.0,0.0,0.0,-0.016092716101786333,-0.017614529134713033,-0.0009675925767176222
2023-05-16,0.0,0.0,0.0,0.0,0.0,0.05,0.05,0.0,0.0,0.0,0.0,0.0,-0.016292237695432046,-0.018936882778413305,0.0004758234619009526
2023-05-17,0.0,0.0,0.0,0.0,0.0,0.05,0.05,0.0,0.0,0.0,0.0,0.0,-0.016099296695422184,-0.016730538320315597,-0.0016408746035270413
2023-05-18,0.05,0.0,0.0,0.0,0.0,0.05,0.0,0.0,0.05,0.0,0.0,0.0,-0.009444815835854273,-0.0325958110197106,-0.0025151307717458417
2023-05-19,0.05,0.0,0.0,0.0,0.0,0.05,0.0,0.0,0.05,-0.05,0.0,0.0,0.0006870507902045821,-0.025213144051272632,-0.00936318348141475
2023-05-22,0.05,0.0,0.0,0.0,0.0,0.0,0.0,0.0,0.05,-0.05,0.0,0.0,0.00854732834343079,-0.02563219661482196,0.003258658987960613
2023-05-23,0.05,0.0,0.0,0.0,0.0,0.0,0.0,0.0,0.05,-0.05,0.0,0.0,0.008329076424161665,-0.024901591392222297,0.0030902458685835455
2023-05-24,0.05,0.0,0.0,0.0,-0.05,0.0,0.0,0.0,0.05,0.0,0.0,0.0,-0.028434208135373874,-0.00809038701980274,0.022655204139175194
2023-05-25,0.05,0.0,0.0,0.0,-0.05,0.0,0.0,0.0,0.05,0.0,0.0,0.0,-0.028798183403856356,-0.008560153294382953,0.0232961412364691
2023-05-26,0.05,0.0,-0.05,0.0,-0.05,0.0,0.0,0.0,0.05,-0.05,0.0,0.0,-0.04500709752804564,0.09324118665208825,-0.031740665017782305
2023-05-30,0.05,0.05,-0.05,0.0,-0.05,0.0,0.0,0.0,0.05,-0.05,0.0,0.0,-0.022434540999568764,0.07958755480555482,-0.050556285907994214
2023-05-31,0.05,0.05,-0.05,0.0,-0.05,0.0,0.0,0.0,0.05,-0.05,0.0,0.0,-0.021235518666909987,0.07944826361767592,-0.050715697034327975
2023-06-01,0.05,0.05,-0.05,0.0,0.0,0.0,0.0,0.0,0.05,-0.05,0.0,0.0,0.009103983107729828,0.05992243196977095,-0.07159841653228018
2023-06-02,0.05,0.05,-0.05,0.0,0.0,0.0,0.0,0.0,0.05,-0.05,0.0,0.0,0.01092711132302983,0.05881739041148559,-0.07080079216052404
2023-06-05,0.05,0.05,-0.05,0.0,0.0,0.0,0.0,0.0,0.05,-0.05,0.0,0.0,0.007545572719144502,0.058905994732318875,-0.06866631184177126
2023-06-06,0.05,0.05,-0.05,0.0,0.0,0.0,0.0,0.0,0.05,-0.05,0.0,0.0,0.001079330939083271,0.053069149255775126,-0.06058088890596915
2023-06-07,0.05,0.05,-0.05,0.0,-0.05,0.0,0.0,0.0,0.05,-0.05,0.0,0.0,-0.028190403949854944,0.07798363729219238,-0.04608815772979253
2023-06-08,0.05,0.05,-0.05,0.0,-0.05,0.0,0.0,0.0,0.05,-0.05,0.0,0.0,-0.03679087071024412,0.07124801198405907,-0.030866133419251755
2023-06-09,0.05,0.05,-0.05,0.0,-0.05,0.0,0.0,0.0,0.05,-0.05,0.0,0.0,-0.037291690917755534,0.07035821984570612,-0.02915553370449811
2023-06-12,0.05,0.05,-0.05,0.0,-0.05,0.0,0.0,0.0,0.05,-0.05,0.0,0.0,-0.04232509705239311,0.06666842528986128,-0.021572098184098193
2023-06-13,0.05,0.0,0.0,0.0,-0.05,0.0,0.0,0.0,0.0,-0.05,0.0,0.0,-0.03390136643551418,0.03695754220721528,0.003031344125038064
2023-06-14,0.0,0.0,-0.05,0.0,0.0,0.0,0.0,0.0,0.0,-0.05,-0.05,0.0,-0.0017005742714472083,0.0829436973462361,-0.037429990673844726
2023-06-15,0.0,0.0,-0.05,0.0,0.0,0.0,0.0,0.0,0.0,0.0,-0.05,0.0,-0.005156502894918681,0.07218495684380198,-0.03367559029224718
2023-06-16,0.0,0.0,-0.05,0.0,0.0,0.0,0.0,0.0,0.0,0.0,-0.05,0.0,-0.009070274743054847,0.07490084665525241,-0.035341808371749384
2023-06-20,0.0,0.0,-0.05,0.0,0.0,0.0,0.0,0.0,0.0,0.0,-0.05,0.0,-0.009514215926918836,0.07380146410651373,-0.034066429854391844
2023-06-21,0.0,0.0,-0.05,0.0,0.0,0.0,0.0,-0.05,0.0,0.0,-0.05,0.0,-0.0027118113989956106,0.07647639252060952,-0.03410993935901499
2023-06-22,0.0,0.0,-0.05,0.0,0.0,0.0,0.0,-0.05,0.0,0.0,-0.05,0.0,-0.0035515153591705786,0.07630050568080024,-0.03299181971045181
2023-06-23,0.0,0.0,-0.05,0.0,0.05,0.0,0.0,-0.05,0.0,0.0,-0.05,0.0,0.02921301322832563,0.04746601560900479,-0.0454402375769749
2023-06-26,0.0,0.0,-0.05,0.0,0.05,0.0,0.0,-0.05,0.0,0.0,0.0,0.0,0.01906139286341924,0.03041802834630451,-0.03465059868423162
2023-06-27,0.0,0.0,-0.05,0.0,0.05,0.0,0.0,-0.05,0.0,0.0,-0.05,0.0,0.029433279192581818,0.04698671441291504,-0.04433888552544117
2023-06-28,0.0,0.0,0.0,0.0,0.05,0.0,0.0,-0.05,0.0,0.0,-0.05,-0.05,0.06993381616614908,0.009928116150686374,-0.04411435254524304
2023-06-29,0.0,0.0,0.0,0.0,0.05,0.0,0.0,-0.05,0.0,0.0,-0.05,-0.05,0.07010627779913281,0.010250149113874858,-0.04454297670767176
2023-06-30,0.0,0.0,0.0,0.0,0.05,0.0,0.0,-0.05,0.0,0.0,-0.05,-0.05,0.07262381318551234,0.010053736456475374,-0.046146777717130945
2023-07-03,0.0,0.0,0.0,0.0,0.05,0.0,0.0,-0.05,0.0,0.0,-0.05,-0.05,0.07158946960191298,0.009725856956886797,-0.04547059917117548
2023-07-05,0.0,0.0,0.0,0.0,0.05,0.0,0.0,-0.05,0.0,0.0,-0.05,-0.05,0.0705673319406093,0.009885484294450951,-0.04462513566875013
2023-07-06,0.0,0.0,0.0,0.0,0.0,0.0,0.0,-0.05,0.0,0.0,-0.05,-0.05,0.03986448242937123,0.03981377696843377,-0.03447075439613426
2023-07-07,0.0,0.0,0.0,0.0,0.0,0.0,0.0,-0.05,0.0,0.0,-0.05,-0.05,0.03993157045453094,0.038318299621510815,-0.03248749968058024
2023-07-10,0.0,0.0,0.0,0.0,0.0,0.0,0.0,-0.05,0.0,0.0,-0.05,-0.05,0.03989755600305096,0.03817343251633046,-0.03248605791264018
2023-07-11,0.0,0.0,0.0,0.0,0.0,0.0,0.0,-0.05,0.0,0.0,-0.05,-0.05,0.0431476546635546,0.042117030118161064,-0.03984168336081474
2023-07-12,0.0,0.0,0.0,0.0,0.0,0.0,0.0,-0.05,0.0,0.0,-0.05,-0.05,0.043333484222561065,0.04171244248407439,-0.039119846854091186
2023-07-13,0.0,0.0,0.0,0.0,0.0,0.0,0.0,0.0,0.0,0.0,-0.05,-0.05,0.03311127075404909,0.035818233407687014,-0.03311293660978972
2023-07-14,0.0,0.0,0.0,0.0,0.0,0.0,0.0,0.0,0.0,0.0,0.0,-0.05,0.018088192609478658,0.014662971395088837,-0.014943116864403637
2023-07-17,0.0,0.0,0.0,0.0,0.0,0.0,0.0,0.0,0.0,0.0,0.0,-0.05,0.01811409183311874,0.014862009890059036,-0.015128387348152809
2023-07-18,0.0,0.0,0.0,0.0,0.0,0.0,0.0,0.0,0.0,0.0,0.0,-0.05,0.01804085338054243,0.014748144951820464,-0.014969164399870514
2023-07-19,0.0,0.0,0.0,0.0,0.0,0.0,0.0,0.0,0.0,0.0,0.0,-0.05,0.017535506546830636,0.014088537532863973,-0.013931668875232787
2023-07-20,0.0,0.0,0.0,0.0,0.0,0.0,0.0,0.0,0.0,0.0,0.0,-0.05,0.017509498301961097,0.014556950196653632,-0.014391622255784843
2023-07-21,0.0,0.0,0.0,0.0,0.0,0.0,0.0,0.0,0.0,0.0,0.0,-0.05,0.016123937805951487,0.013619549714157339,-0.011982051481005758
2023-07-24,0.0,0.0,0.0,0.0,0.0,0.0,0.0,0.0,0.0,0.0,0.0,-0.05,0.01608986929797888,0.014344295004227084,-0.013417303357130523
2023-07-25,0.0,0.0,0.0,0.0,0.0,0.0,0.0,0.0,0.0,0.0,0.0,-0.05,0.010359344857235804,0.02006899923192735,-0.015761477748315985
2023-07-26,0.0,0.0,0.0,0.0,0.0,0.0,0.0,0.0,0.0,0.0,0.0,-0.05,0.011382230445545769,0.018458842737777974,-0.014098192329481112
2023-07-27,0.0,0.0,0.0,0.0,0.0,0.0,0.0,0.0,0.0,0.0,0.0,0.0,-0.0,-0.0,-0.0
2023-07-28,0.0,0.0,0.0,0.0,0.0,0.0,0.0,0.0,0.0,0.0,0.0,0.0,-0.0,-0.0,-0.0
2023-07-31,0.0,0.0,0.0,0.0,0.0,0.0,0.0,0.0,-0.05,0.0,0.0,0.0,0.0037055997163373054,0.004846457420788657,0.0030209993078176463
2023-08-01,0.0,0.0,0.0,0.0,0.0,0.0,0.0,0.0,-0.05,0.0,0.0,0.0,0.0050541431809305645,0.0042933607004235035,0.0037328109937999916
2023-08-02,0.0,0.0,0.0,0.0,0.0,0.0,0.0,0.0,-0.05,0.0,0.0,0.0,0.0074452822914651655,0.004493641686696726,0.0025100247874598695
2023-08-03,0.0,0.0,0.0,0.0,0.0,0.0,0.0,0.0,-0.05,0.0,0.0,0.0,0.012250037426581347,0.00570001327562092,0.0006317874178518884
2023-08-04,0.0,0.0,0.0,0.0,0.0,0.0,0.0,0.0,-0.05,0.0,0.0,0.0,0.01140198094514423,0.004862719948423057,0.0018292886259213357
2023-08-07,0.05,0.0,0.0,0.0,0.0,0.0,0.0,0.0,-0.05,0.0,0.0,0.0,0.0070403569650752664,-0.002271480081230891,0.002586347246070684
2023-08-08,0.0,0.0,-0.05,0.0,0.0,0.0,0.0,-0.05,-0.05,0.0,0.0,0.0,-0.01209350735589347,0.046538634758024305,0.005468568465353834
2023-08-09,0.05,0.0,-0.05,0.0,0.0,0.0,0.0,-0.05,-0.05,0.0,0.0,0.0,-0.01751484780943358,0.03410094808578488,0.013546723147624843
2023-08-10,0.05,0.0,-0.05,0.0,0.0,0.0,0.05,-0.05,-0.05,0.0,0.0,0.0,-0.010590810730077716,0.043716010828757625,-0.010013102649557317
2023-08-11,0.05,0.0,0.0,0.0,0.0,0.0,0.05,-0.05,-0.05,0.0,0.0,0.0,0.019815030050336996,0.009909200266558648,-0.02207818871828751
2023-08-14,0.05,0.0,0.0,0.0,0.0,0.0,0.05,-0.05,-0.05,0.0,0.0,0.0,0.016486075054090884,0.01019789145441467,-0.0206512850517536
2023-08-15,0.05,0.0,0.0,0.0,0.0,0.0,0.05,-0.05,-0.05,0.0,0.0,0.0,0.020811958551223857,0.009949610109092443,-0.022178401113096394
2023-08-16,0.05,0.0,0.0,0.05,0.0,0.0,0.05,-0.05,-0.05,0.0,0.0,0.0,0.02450369833693284,-0.02204377548649728,-0.008644475563517145
2023-08-17,0.0,-0.05,-0.05,0.05,0.0,0.0,0.05,-0.05,0.0,0.0,0.0,0.0,-0.01869702408582631,0.02996382564058807,0.0011980505489713258
2023-08-18,0.0,-0.05,-0.05,0.05,0.0,0.0,0.05,-0.05,0.0,0.0,0.0,0.0,-0.020509768131680373,0.03170811116265588,-0.0007536798491922479
2023-08-21,0.0,-0.05,-0.05,0.05,0.0,0.0,0.05,-0.05,0.0,0.0,0.0,0.0,-0.021831801071581558,0.031228537056510516,0.00018036430448946372
2023-08-22,0.0,-0.05,-0.05,0.05,0.0,0.0,0.0,-0.05,0.0,0.0,0.0,0.0,-0.030669907486929777,0.021863337239304427,0.02485070178836235
2023-08-23,0.0,-0.05,-0.05,0.05,0.0,0.0,0.0,-0.05,0.0,0.0,0.0,0.0,-0.014143717720371093,-0.00469787389918227,0.03770516379347898
2023-08-24,0.0,-0.05,-0.05,0.05,0.0,0.0,0.0,0.0,0.0,0.0,0.0,0.0,-0.026898832403885187,-0.008130060856898505,0.05016954429955258
2023-08-25,0.0,-0.05,-0.05,0.05,0.0,0.05,0.0,0.0,0.0,0.0,0.0,0.0,-0.02785253762558659,-0.021338538038686707,0.04491429868913947
2023-08-28,0.0,-0.05,-0.05,0.05,0.0,0.05,0.0,0.0,0.0,0.0,0.0,0.0,-0.033519416992017936,-0.02514727540115275,0.05063990145452629
2023-08-29,0.0,-0.05,-0.05,0.05,0.0,0.05,0.0,0.0,0.0,0.0,0.0,0.0,-0.03732184895611513,-0.023257309716533017,0.04958477070073862
2023-08-30,0.0,-0.05,-0.05,0.05,0.0,0.05,0.0,0.0,0.0,0.0,0.0,0.0,-0.02968090618071575,-0.025000701850347144,0.04724643604586762
2023-08-31,0.0,0.0,-0.05,0.05,0.0,0.05,0.0,0.0,0.0,0.0,0.0,0.0,-0.0264151322951854,-0.03512058764049499,0.04141922245013112
2023-09-01,0.0,0.0,0.0,0.05,0.0,0.05,0.0,0.0,0.0,0.0,0.0,0.0,0.00761600611559592,-0.04324639517395186,0.0073166666864778185
2023-09-05,0.0,0.0,0.0,0.05,0.0,0.05,0.0,0.0,0.0,0.0,0.0,0.0,0.012194389535625641,-0.03869966847268715,-0.00044358869906141007
2023-09-06,0.0,0.0,0.0,0.0,0.0,0.05,0.0,0.0,0.0,0.0,0.0,0.05,-0.007174085819970598,-0.04160057117574159,0.01837874396530384
2023-09-07,0.0,-0.05,0.0,0.0,0.0,0.05,0.0,0.0,-0.05,0.0,0.0,0.05,-0.011288120006402117,-0.01533749700672119,0.02770487573231292
2023-09-08,0.0,-0.05,0.0,0.0,0.0,0.0,0.0,0.0,-0.05,0.0,0.05,0.05,-0.011648864784125074,-0.02734249003584379,0.04030202597759665
2023-09-11,0.0,-0.05,0.05,0.0,0.0,0.0,0.0,0.0,-0.05,-0.05,0.05,0.05,0.024499713198131202,-0.017679567708563115,-0.0025033784656014503
2023-09-12,0.0,-0.05,0.05,0.0,0.0,0.0,0.0,0.0,-0.05,-0.05,0.05,0.05,0.032575235452649925,-0.021089248989211818,-0.005297090994627714
2023-09-13,0.0,-0.05,0.05,0.0,0.0,0.05,0.0,0.0,-0.05,0.0,0.0,0.0,0.027484546383506243,-0.007735795134544468,-0.01473548331388766
2023-09-14,0.0,-0.05,0.05,0.0,0.0,0.05,0.0,0.0,-0.05,0.05,0.0,0.0,0.029026066571190084,-0.034650306158490594,-0.0019499598806995335
2023-09-15,0.0,-0.05,0.05,0.0,0.0,0.05,0.0,0.0,-0.05,0.05,0.0,0.0,0.023526691659206636,-0.038157841421954636,0.004405366311806545
2023-09-18,0.0,-0.05,0.05,0.0,0.0,0.05,0.0,0.0,-0.05,0.05,0.0,0.0,0.028798485961718467,-0.039446132520391884,0.00017829426564594693
2023-09-19,0.0,-0.05,0.05,0.0,0.0,0.05,0.0,0.0,-0.05,0.05,0.0,0.0,0.03371276803903657,-0.036628155940082736,-0.006686285944994272
2023-09-20,0.0,-0.05,0.05,0.0,0.0,0.05,0.0,0.0,0.0,0.05,0.0,0.0,0.02616435750068155,-0.03616849816276804,-0.019033075507351907
2023-09-21,0.0,0.0,0.05,0.0,0.0,0.05,0.0,0.0,0.0,0.05,0.0,0.0,0.02952441539395765,-0.04805527397796411,-0.02105716337822612
2023-09-22,0.0,0.0,0.05,0.0,0.0,0.05,0.0,0.0,0.0,0.05,0.0,0.0,0.02137270493916883,-0.045764422343835855,-0.020950509515789115
2023-09-25,0.0,0.0,0.05,0.0,0.0,0.05,0.0,0.0,0.0,0.05,0.0,0.0,0.022141747979259895,-0.04465931900530619,-0.022782897064689
2023-09-26,0.0,0.0,0.05,0.0,0.0,0.05,0.0,0.0,0.0,0.05,0.0,0.0,0.024007201985110672,-0.04416155061726443,-0.02440435327798975
2023-09-27,0.0,0.0,0.05,0.0,0.0,0.05,0.0,0.0,0.0,0.05,0.0,-0.05,0.0299247912163371,-0.01979308168483074,-0.041433194123476465
2023-09-28,0.0,0.0,0.05,0.0,0.0,0.05,0.0,0.0,0.0,0.05,0.0,-0.05,0.029896252309785237,-0.018076323768912658,-0.04325583585003554
2023-09-29,0.0,0.0,0.05,0.0,-0.05,0.05,0.0,0.0,0.0,0.05,0.0,-0.05,0.01385099991048528,-0.00740383611564252,-0.019883904135146666
2023-10-02,0.0,0.0,0.05,0.0,-0.05,0.05,0.0,0.0,0.0,0.05,0.0,-0.05,0.014991588817788297,-0.008492210100111447,-0.019420726945257902
2023-10-03,0.0,0.0,0.05,0.0,-0.05,0.05,0.0,0.0,0.0,0.05,0.0,-0.05,0.01842629743843742,-0.009572315842552751,-0.021016993862313146
2023-10-04,0.0,0.0,0.05,0.0,-0.05,0.05,0.0,0.0,0.0,0.05,0.0,-0.05,0.015725652355099207,-0.010857396552034625,-0.018333337030809478
2023-10-05,0.0,0.0,0.05,0.0,-0.05,0.05,0.0,0.0,0.0,0.05,0.0,0.0,0.017746591535485787,-0.035750672015123865,-0.00464849987925875
2023-10-06,0.0,0.0,0.05,0.0,-0.05,0.05,0.0,0.0,0.0,0.05,0.0,0.0,0.015829833338512386,-0.03807509495462008,-0.001108339277625792
2023-10-09,0.0,0.0,0.05,0.0,-0.05,0.0,0.0,0.05,0.0,0.05,0.0,0.0,-0.0019977888243839295,-0.034789791380558224,0.02156941355357573
2023-10-10,0.0,0.0,0.05,0.0,-0.05,0.0,0.0,0.05,0.0,0.05,0.0,0.0,-0.0013916327601382356,-0.0343837112720467,0.02079648242270841
2023-10-11,0.0,0.0,0.05,0.0,-0.05,0.0,0.0,0.05,0.0,0.05,0.0,0.0,9.92091546358322e-05,-0.03610022929593705,0.02143940563002756
2023-10-12,0.0,0.0,0.05,0.0,0.0,0.0,0.0,0.05,0.0,0.05,0.0,0.0,0.013297422406136654,-0.041410143135217986,-0.0065015625098664865
2023-10-13,0.0,0.0,0.05,0.0,0.0,0.0,0.0,0.05,0.0,0.05,0.0,0.05,0.010684994275705136,-0.05984334477913023,0.0029018118953811345
2023-10-16,0.0,0.0,0.05,0.0,0.0,0.0,0.0,0.05,0.0,0.05,0.0,0.05,0.01233698101838592,-0.05888758750286387,0.0006322476054920183
2023-10-17,0.0,0.0,0.05,0.0,0.0,0.0,0.0,0.05,0.0,0.05,0.0,0.05,0.014359593708113596,-0.05732022048487742,-0.0025375620010884663
2023-10-18,0.0,0.0,0.05,0.0,0.0,0.0,0.0,0.05,0.0,0.05,0.0,0.05,0.018974748260009944,-0.05679573201813383,-0.0063089732957663305
2023-10-19,0.0,0.0,0.0,0.0,0.0,0.0,0.0,0.05,0.0,0.05,0.0,0.05,-0.015302788858017875,-0.05062372339626698,0.03193765869581313
2023-10-20,0.0,0.0,0.0,0.0,0.0,0.0,-0.05,0.05,0.0,0.05,0.0,0.05,-0.005261738892696098,-0.033294968933152626,0.018159838202866582
2023-10-23,0.0,0.0,0.0,0.0,0.0,0.0,-0.05,0.05,0.0,0.05,0.0,0.05,-0.0118841875944906,-0.03606155957842982,0.024500477794545922
2023-10-24,0.0,0.0,0.0,0.0,0.0,0.0,0.0,0.05,0.0,0.05,0.0,0.05,-0.0194807273190193,-0.040295159708216406,0.02158811030380707
2023-10-25,-0.05,0.0,0.0,0.0,0.0,0.0,0.0,0.05,0.0,0.05,0.0,0.05,-0.010178726010939373,-0.008227053399116809,-0.007178185016129991
2023-10-26,0.0,0.0,0.0,0.0,0.0,0.0,0.0,0.05,0.05,0.05,0.0,0.0,-0.009706033567669017,-0.01670446038021467,-0.013787105749359967
2023-10-27,0.0,-0.05,0.0,0.0,0.0,0.0,0.0,0.0,0.05,0.05,0.0,0.0,0.0008902403592791711,0.002904895568162834,-0.022547385433465142
2023-10-30,0.0,-0.05,0.0,0.0,0.0,0.0,0.0,0.0,0.0,0.05,-0.05,0.0,-0.002184032167584265,-0.009871879517633103,0.01754728612627598
2023-10-31,0.0,0.0,0.0,0.0,0.0,0.0,0.0,0.0,0.0,0.05,-0.05,0.0,-0.0005425845313326324,-0.026313142869859887,0.022129075816223295
2023-11-01,0.0,0.0,0.0,0.0,0.0,0.0,0.0,0.0,-0.05,0.05,-0.05,0.0,-0.009433519454112365,-0.03830129585276252,0.05630636297987936
2023-11-02,0.0,0.0,0.0,0.0,-0.05,0.0,0.0,0.0,-0.05,0.05,-0.05,0.0,-0.019547804005290072,-0.030256917462167087,0.08046691302952848
2023-11-03,0.0,0.0,0.0,0.0,-0.05,0.0,0.0,0.0,-0.05,0.05,-0.05,0.0,-0.018005012103744812,-0.03081149402309302,0.07993798582182779
2023-11-06,0.0,0.0,0.0,0.0,-0.05,0.0,0.0,0.0,-0.05,0.05,0.0,0.0,-0.023832102694286587,-0.029451184255247467,0.07001795664853522
2023-11-07,0.0,0.0,0.0,0.0,-0.05,0.0,0.0,0.0,-0.05,0.05,0.0,0.0,-0.023359015001430426,-0.030699034287033203,0.07068518742060488
2023-11-08,0.0,0.0,0.0,0.0,-0.05,0.0,0.0,0.0,-0.05,0.05,0.0,0.0,-0.023629226467133172,-0.03275771196513973,0.07265036039679199
2023-11-09,0.0,0.0,0.0,0.0,-0.05,0.0,0.0,0.0,0.0,0.05,0.0,0.0,-0.010568846878743057,-0.026771452362917704,0.042283292288773464
2023-11-10,0.0,0.0,0.0,0.0,-0.05,0.0,0.0,0.0,0.0,0.05,0.0,0.0,-0.010686262217477442,-0.02630072878858323,0.041538396800192154
2023-11-13,0.0,0.0,0.0,-0.05,-0.05,0.0,0.0,0.0,0.0,0.05,0.0,0.0,-0.030444055442113503,-0.019482599088868787,0.0672923332630494
2023-11-14,0.0,0.0,0.0,-0.05,-0.05,0.0,0.0,0.0,0.0,0.05,0.0,0.0,-0.0318312240430797,-0.017529159810223974,0.0665812283769965
2023-11-15,0.0,0.0,0.0,-0.05,-0.05,0.0,0.0,0.0,0.0,0.05,0.0,0.0,-0.028566258247543913,-0.01875946443611682,0.06465847919202317
2023-11-16,0.0,0.0,0.0,-0.05,0.0,0.05,0.0,0.0,0.0,0.05,0.0,0.0,-0.010211618144145812,-0.03785712842726757,0.02971580731259496
2023-11-17,0.0,0.0,0.0,-0.05,0.0,0.05,0.0,0.0,-0.05,0.05,0.0,0.0,-0.026453250844548408,-0.044226964845472644,0.06131073729839224
2023-11-20,0.0,0.0,0.0,-0.05,0.0,0.05,0.0,0.0,-0.05,0.05,0.0,0.0,-0.026068704033173348,-0.04486840492049847,0.06160574996887589
2023-11-21,0.0,0.0,0.0,-0.05,0.0,0.05,0.0,0.0,-0.05,0.05,0.0,0.0,-0.02479698541479182,-0.042904162845997296,0.05931732632312603
2023-11-22,0.0,0.0,0.0,-0.05,0.0,0.05,0.0,0.0,-0.05,0.05,0.0,0.0,-0.027282665514840092,-0.04094561986833113,0.059657855085783994
2023-11-24,0.0,0.0,0.0,0.0,0.0,0.05,0.0,0.0,-0.05,0.05,0.0,0.0,-0.009519711341589783,-0.043919361045704694,0.032545705787286855
2023-11-27,0.0,0.0,0.0,0.0,0.0,0.05,0.0,0.0,-0.05,0.0,0.0,0.0,-0.014505612702510582,-0.017238211899958934,0.023906813070418288
2023-11-28,0.0,0.0,0.0,0.0,0.0,0.05,0.0,0.0,-0.05,0.0,0.0,0.0,-0.01552938041351093,-0.01700488998992083,0.024485282995257446
2023-11-29,0.0,0.0,0.0,0.0,0.0,0.05,0.0,0.0,-0.05,0.0,0.0,0.0,-0.01947723068180814,-0.020664964936628318,0.03103783490700045
2023-11-30,0.0,0.0,0.0,0.0,0.0,0.05,-0.05,0.0,-0.05,0.0,0.0,0.0,-0.011566061405196674,-0.019020122004533728,0.03488938778166999
2023-12-01,0.0,0.0,0.05,0.0,0.0,0.05,0.0,0.0,-0.05,0.0,0.0,0.0,0.004968361946107346,-0.02222854523182093,-0.004721322063653784
2023-12-04,0.0,0.0,0.05,0.0,0.0,0.05,0.0,0.0,-0.05,0.0,0.0,0.0,0.0013686700199913235,-0.01791494059236382,-0.0059525220594528125
2023-12-05,0.0,0.0,0.05,0.0,0.0,0.05,0.0,0.0,-0.05,0.0,0.0,0.0,0.0006050329932191824,-0.016699795715539728,-0.006272309190301046
2023-12-06,0.0,0.0,0.05,0.05,0.0,0.05,0.0,0.0,0.0,0.0,0.0,0.0,0.03934324379979847,-0.015231567733341653,-0.0688969404122017
2023-12-07,0.0,0.0,0.05,0.05,0.0,0.05,0.0,0.0,0.0,0.0,0.0,0.0,0.039494236571236345,-0.017140743512271114,-0.06740717715611061
2023-12-08,0.0,0.0,0.05,0.05,-0.05,0.05,0.0,0.0,0.0,0.0,0.0,0.0,0.010712797477471914,-0.02225726204236421,-0.016236705047714788
2023-12-11,0.0,0.0,0.05,0.05,-0.05,0.05,0.0,0.0,0.0,0.0,0.0,0.0,0.011015829379080393,-0.025252972667268343,-0.013516894606108418
2023-12-12,0.0,0.05,0.05,0.0,-0.05,0.05,0.0,0.0,0.0,0.0,0.0,0.0,-0.00129104415403306,-0.05165510648742183,0.028444657012610078
2023-12-13,0.0,0.05,0.05,-0.05,-0.05,0.05,0.0,0.0,0.0,0.05,0.0,0.0,-0.030519502876810295,-0.07006666707590514,0.07569704492558893
2023-12-14,0.0,0.05,0.05,-0.05,-0.05,0.05,0.0,0.0,0.0,0.05,0.0,0.0,-0.0305500539249864,-0.06973688742491277,0.07528421468513082
2023-12-15,0.0,0.05,0.05,-0.05,-0.05,0.0,0.0,0.0,0.0,0.05,0.0,-0.05,-0.017105993532531387,-0.0786341982483607,0.0997812598801118
2023-12-18,0.0,0.05,0.05,0.0,-0.05,0.0,0.0,0.0,0.0,0.05,0.0,-0.05,0.009489953642009769,-0.07888178759537973,0.062228520221981304
2023-12-19,0.0,0.05,0.05,0.0,0.0,0.0,0.0,0.0,0.0,0.05,0.0,-0.05,0.03343842607964138,-0.06754808344681577,0.00950458253103334
2023-12-20,0.0,0.05,0.05,0.0,0.0,0.0,0.0,0.0,0.0,0.05,0.0,-0.05,0.033478043160785675,-0.06783681186836066,0.009780938591954105
2023-12-21,0.0,0.05,0.05,0.0,0.0,0.0,0.0,0.0,0.0,0.05,0.0,-0.05,0.03203465724959534,-0.0697298091169102,0.012097361731291395
2023-12-22,0.0,0.05,0.05,0.0,0.0,0.0,0.0,0.0,0.0,0.05,0.0,-0.05,0.03142058519180914,-0.07014235362417573,0.012734760143339727
2023-12-26,0.0,0.05,0.05,0.0,0.0,0.0,0.0,0.0,0.0,0.05,0.0,-0.05,0.031281397800832764,-0.07070759997899656,0.013534115862345581
2023-12-27,0.0,0.05,0.05,0.0,0.0,0.0,0.0,0.0,0.0,0.05,0.0,-0.05,0.03151784480007462,-0.07143484033731226,0.014121699924126206
2023-12-28,0.0,0.05,0.05,0.0,0.0,0.0,0.0,0.0,0.0,0.05,0.0,-0.05,0.031224468078852485,-0.07096338555646338,0.01392814013365322
2023-12-29,0.0,0.05,0.05,0.0,-0.05,0.0,0.0,0.0,0.0,0.05,0.0,-0.05,0.0019058363386293443,-0.07087714334555249,0.0607922820410142
2024-01-02,0.0,0.05,0.0,0.0,-0.05,0.0,0.0,0.0,0.0,0.05,0.0,-0.05,-0.014725891668815537,-0.06438925842281137,0.08773034541717242
2024-01-03,0.05,0.0,0.0,0.0,-0.05,0.0,0.0,0.0,0.0,0.0,0.0,-0.05,-0.015717305942146324,-0.024624347604610644,0.060803137797637345
2024-01-04,0.05,0.0,0.0,0.0,-0.05,0.0,0.0,0.0,0.0,0.0,0.0,0.0,-0.03042544175935667,-0.014152407374663016,0.05084428300415736
2024-01-05,0.05,0.0,-0.05,0.0,-0.05,0.0,0.0,0.0,0.0,0.0,0.0,0.0,-0.04480100833838252,-0.014434869859530889,0.08132848442365011
2024-01-08,0.05,0.0,-0.05,0.0,-0.05,0.0,0.0,0.0,0.0,0.0,0.0,0.0,-0.04500636524243661,-0.014523027526134137,0.08140752882971769
2024-01-09,0.05,0.0,-0.05,0.0,-0.05,0.0,0.0,0.0,0.0,0.0,0.05,0.0,-0.0488914732463479,-0.010300295624285536,0.06622515439343088
2024-01-10,0.05,0.0,-0.05,0.0,-0.05,0.0,0.0,0.0,0.0,0.0,0.05,0.0,-0.05092989428601065,-0.010241711865030392,0.0675471228533824
2024-01-11,0.05,0.0,-0.05,0.0,-0.05,0.0,0.0,0.0,0.0,0.0,0.05,0.0,-0.0510309796669915,-0.009828183755279454,0.0673864397100137
2024-01-12,0.05,0.0,0.0,0.0,0.0,0.0,0.0,0.0,0.0,0.0,0.05,0.0,-0.00585928416558722,-0.014667276866954215,-0.007498516947453792
2024-01-16,0.05,0.0,0.0,0.0,0.0,0.0,0.0,0.0,0.0,0.0,0.05,0.0,-0.0053325443521115715,-0.015392376460752795,-0.007297569644886217
2024-01-17,0.0,0.0,0.0,0.0,-0.05,0.0,0.0,0.0,0.0,0.0,0.05,0.0,-0.042695699753709196,0.004982167848349233,0.03573764186028732
2024-01-18,0.0,0.0,0.0,0.0,-0.05,0.0,0.0,0.0,0.0,0.0,0.05,0.0,-0.04376693842797201,0.00523828886613558,0.03580181342974446
2024-01-19,0.05,0.0,0.0,0.0,-0.05,0.0,0.0,0.0,0.05,0.0,0.05,0.0,-0.020134153484933224,-0.019664302357371637,0.01208460657987298
2024-01-22,0.05,0.0,0.0,0.0,-0.05,0.0,0.0,-0.05,0.05,0.0,0.0,0.0,-0.01567661648239131,-0.0261798194403596,0.040525519257037866
2024-01-23,0.05,0.0,0.0,0.0,-0.05,0.0,0.0,-0.05,0.05,0.0,0.0,0.0,-0.01711826112663346,-0.028698377175399435,0.04420248515420152
2024-01-24,0.05,0.0,0.0,0.0,-0.05,0.0,0.0,-0.05,0.05,0.0,0.0,0.0,-0.026184969632953928,-0.049668587032905075,0.0758967801372718
2024-01-25,0.05,0.0,0.0,0.0,-0.05,0.0,0.0,-0.05,0.05,0.0,0.0,0.0,-0.029920495497223854,-0.050336285556274576,0.07977562714675338
2024-01-26,0.0,0.0,0.0,0.0,-0.05,0.0,0.0,-0.05,0.05,0.0,0.0,0.0,-0.037776873536679405,-0.02856074106721549,0.07413161560595896
2024-01-29,0.0,0.0,0.0,0.0,-0.05,0.0,0.0,-0.05,0.0,-0.05,0.05,0.0,-0.04250667238235848,-0.007227582211077976,0.06484008367057403
2024-01-30,0.0,0.0,0.0,0.0,-0.05,0.0,0.0,-0.05,0.0,-0.05,0.05,0.0,-0.04695296189883073,-0.010187882388645795,0.07066446163147347
2024-01-31,0.0,0.0,0.0,0.0,-0.05,0.0,0.0,-0.05,0.0,-0.05,0.0,0.0,-0.03731960533174598,0.00011743104381778738,0.06852142787797241
2024-02-01,0.0,0.0,0.0,0.0,-0.05,0.0,0.0,-0.05,0.0,-0.05,0.0,0.0,-0.029783994574742914,-0.0002284786764875646,0.06657268980383639
2024-02-02,0.0,0.0,0.0,0.0,-0.05,0.0,0.0,-0.05,0.0,-0.05,0.05,0.0,-0.010951783574629215,-0.0060010666322831575,0.04724220528932972
2024-02-05,0.0,-0.05,0.0,0.0,-0.05,0.0,0.0,0.0,0.0,-0.05,0.05,0.05,-0.03329786691500363,0.016065573014203888,0.02853331876326024
2024-02-06,0.0,0.0,0.0,0.0,0.0,0.0,0.0,0.0,0.0,-0.05,0.05,0.05,0.017595009609822916,0.00834906097462638,-0.03690768467555016
2024-02-07,0.0,0.0,0.0,0.0,0.0,0.0,0.0,0.0,0.0,-0.05,0.05,0.05,0.014278279364515813,0.0019846175059759254,-0.027360102012971847
2024-02-08,0.0,0.0,0.0,0.0,0.0,0.0,0.0,0.0,0.0,-0.05,0.05,0.05,0.015328330383950093,0.0024432988465146735,-0.028099391503557686
2024-02-09,0.0,0.0,0.0,0.0,0.0,0.0,0.0,0.0,0.0,-0.05,0.05,0.05,0.01625649328760828,0.0030192324064079136,-0.027843080382256618
2024-02-12,0.0,0.0,0.0,0.0,0.0,0.0,0.0,0.0,0.0,-0.05,0.05,0.05,0.016629955445969916,0.002823562828689042,-0.02799597543112499
2024-02-13,0.0,0.0,0.0,0.0,0.0,0.0,0.05,0.0,0.0,-0.05,0.0,0.05,-0.01913944380221986,-0.01361518766449946,0.013571363953028132
2024-02-14,0.0,0.0,0.0,0.0,0.0,0.0,0.05,0.0,0.0,-0.05,0.0,0.05,-0.01944689852800749,-0.013274325314433514,0.01286305692427085
2024-02-15,0.0,0.0,0.0,0.0,0.0,0.0,0.05,0.0,0.0,-0.05,0.0,0.05,-0.020046741501361216,-0.013494085291656148,0.013184958696889239
2024-02-16,0.0,0.0,0.0,0.0,0.0,0.0,0.05,0.0,0.0,0.0,0.0,0.05,-0.03301672299259125,-0.02907442861099926,0.028901961684949882
2024-02-20,0.0,0.0,0.0,0.0,0.0,0.0,0.05,0.0,0.0,0.0,0.0,0.05,-0.033069457306682565,-0.029308763021198638,0.02920257898809923
2024-02-21,0.0,0.0,0.0,0.0,0.0,0.0,0.05,0.0,0.0,0.0,0.0,0.05,-0.03237202302735797,-0.027811914515624425,0.02783149456057059
2024-02-22,0.0,0.0,0.0,0.0,0.0,0.0,0.05,0.0,0.0,0.0,0.0,0.0,-0.022298746874053196,-0.02877063508617524,0.03293430850277625
2024-02-23,0.0,0.0,0.0,0.0,0.0,0.0,0.05,0.0,0.0,0.0,0.0,0.0,-0.022280871110103843,-0.028735511035254176,0.03300821858392183
2024-02-26,0.0,0.0,0.0,0.0,0.0,0.0,0.05,0.0,0.0,0.0,0.0,0.0,-0.021603478334321236,-0.028184003931481922,0.031824801987310934
2024-02-27,0.0,0.0,0.0,0.0,0.0,0.0,0.05,0.0,0.0,0.0,0.0,0.0,-0.01901286764066982,-0.028658124796399773,0.030727895373413756
2024-02-28,0.0,0.0,0.0,0.0,0.0,0.0,0.05,0.0,0.0,0.0,0.0,0.0,-0.019006949858452648,-0.027723010497489972,0.02956333723949127
2024-02-29,0.0,0.0,0.0,0.0,0.0,0.0,0.05,0.0,0.0,0.0,0.0,0.0,-0.0015963462592576553,-0.010909580690315172,-0.0018589485470538417
2024-03-01,0.0,0.0,0.0,0.0,-0.05,0.0,0.0,0.0,0.0,0.0,0.0,0.0,-0.04915293128988471,-0.008711602992281664,0.07648226931217873
2024-03-04,0.0,0.0,0.0,-0.05,-0.05,0.0,0.0,0.05,0.0,0.0,0.0,0.0,-0.07649540714252304,-0.008246457336740454,0.11231683185184047
2024-03-05,0.0,0.0,0.0,-0.05,-0.05,0.0,0.0,0.05,0.0,0.0,0.0,0.0,-0.07616047725877313,-0.0020514987748303367,0.10498290048983497
2024-03-06,0.0,0.0,0.0,-0.05,-0.05,0.0,0.0,0.05,0.0,0.0,0.0,0.0,-0.07616839271974668,-0.006543898647145271,0.10825863694990999
2024-03-07,0.0,0.0,0.0,-0.05,-0.05,0.0,0.0,0.05,0.0,0.0,-0.05,0.0,-0.08888518755801343,0.01022896023293595,0.11043095947425324
2024-03-08,0.0,0.0,0.0,-0.05,-0.05,0.0,0.05,0.05,0.0,0.0,-0.05,0.0,-0.08456690420586373,-0.0012783767414394649,0.10460750613902285
2024-03-11,0.0,0.0,0.0,0.0,-0.05,0.0,0.05,0.0,0.0,0.0,-0.05,0.0,-0.05109960397203707,0.002252525834524042,0.05896417803423714
2024-03-12,0.0,0.0,0.0,0.0,-0.05,0.0,0.05,0.0,0.0,0.0,-0.05,0.0,-0.05441006339987005,-0.0017266807590275539,0.06625924604113062
2024-03-13,0.0,0.0,0.0,0.05,-0.05,0.0,0.05,0.0,0.0,-0.05,-0.05,0.0,-0.02024000071331547,0.025394408576687816,0.003792076812489248
2024-03-14,0.0,0.0,0.0,0.05,0.0,0.0,0.05,0.0,0.0,0.0,-0.05,0.0,0.0061728620904682,0.0005778269276567188,-0.029411430047684928
2024-03-15,0.0,-0.05,0.0,0.05,0.0,0.0,0.05,0.0,0.0,0.0,-0.05,0.0,0.0073829414917829655,0.008170818859721872,-0.02702643755927355
2024-03-18,0.0,-0.05,0.0,0.05,0.0,0.05,0.05,0.0,0.0,0.0,-0.05,0.0,-0.007343261563648985,-0.027096221199823294,0.0052140649395001
2024-03-19,0.0,-0.05,0.0,0.05,0.0,0.05,0.05,0.0,0.0,0.0,-0.05,0.0,-0.0024059544975478,-0.014516091660157538,-0.013456628373523957
2024-03-20,0.0,-0.05,0.0,0.05,0.0,0.05,0.05,0.0,0.0,0.0,0.0,0.0,0.02443706140177524,-0.025644955071267322,-0.03308329270275187
2024-03-21,0.0,-0.05,0.0,0.05,0.05,0.05,0.05,0.0,0.0,0.0,0.0,0.0,0.09448381155250367,-0.014451277852291711,-0.11860801184077457
2024-03-22,0.0,-0.05,0.0,0.0,0.05,0.05,0.05,0.0,0.0,0.0,0.0,0.0,0.062010629510305997,-0.01568061136361725,-0.07111788824243946
2024-03-25,0.0,-0.05,0.0,0.0,0.05,0.05,0.05,0.0,0.0,0.0,0.0,0.0,0.05650394097642633,-0.018265023807792012,-0.06449096453061902
2024-03-26,0.0,-0.05,0.0,0.0,0.05,0.05,0.05,0.0,0.0,0.0,0.0,0.0,0.058691441949863525,-0.016466950930029544,-0.06761682047297839
2024-03-27,0.0,-0.05,0.0,0.0,0.05,0.05,0.05,0.0,0.0,0.0,0.0,0.0,0.05925227298703701,-0.0155491454377864,-0.06895877443029712
2024-03-28,0.0,0.0,0.0,0.0,0.05,0.05,0.05,0.0,0.0,0.0,0.0,0.0,0.05026072289536884,-0.025812049786969764,-0.06364626728096284
2024-04-01,0.0,0.0,0.0,0.0,0.05,0.05,0.05,0.0,0.0,0.0,0.0,0.0,0.050391950034001196,-0.026410460226686874,-0.06303536255980521
2024-04-02,0.0,0.0,0.0,0.0,0.05,0.05,0.05,0.0,-0.05,0.0,0.0,0.0,0.03585593325248776,0.009587653962073568,-0.07926775395932464
2024-04-03,0.0,0.0,0.0,0.0,0.05,0.05,0.05,0.0,-0.05,0.0,0.0,0.0,0.03617008955725744,0.008927148663223805,-0.07860079452364807
2024-04-04,0.0,0.0,0.0,0.0,0.05,0.05,0.05,0.0,0.0,0.0,0.0,0.0,0.049585876762244886,-0.02889740062121077,-0.05939051036857712
2024-04-05,0.0,0.0,0.0,0.0,0.05,0.05,0.05,0.0,0.0,0.0,0.0,0.0,0.04345547636731602,-0.025391109879393643,-0.06124943225541139
2024-04-08,0.0,-0.05,0.0,0.0,0.05,0.05,0.05,0.0,0.0,0.0,0.0,0.0,0.04715113549050887,-0.015588223756908576,-0.062224301305667785
2024-04-09,0.0,-0.05,0.0,0.0,0.05,0.05,0.05,0.0,0.0,0.0,0.0,0.0,0.04657069919053507,-0.016331355761019226,-0.061289412462402895
2024-04-10,0.0,-0.05,0.05,0.0,0.05,0.0,0.05,0.0,0.0,0.0,0.0,0.0,0.08337416872847643,0.00261743163419499,-0.11887618352567225
2024-04-11,0.0,-0.05,0.05,0.0,0.0,0.0,0.05,0.0,0.05,0.0,0.0,0.0,0.04838756247753681,-0.04235449583462863,-0.02959683732354266
2024-04-12,-0.05,-0.05,0.05,0.0,0.0,0.0,0.05,0.0,0.05,0.0,0.0,0.0,0.05184644288845154,-0.019996240520415088,-0.047953566719026286
2024-04-15,-0.05,-0.05,0.05,0.0,0.0,0.0,0.05,0.0,0.05,0.0,0.0,0.0,0.045437054848480894,-0.017497165764573983,-0.048530050874536504
2024-04-16,-0.05,-0.05,0.05,0.0,0.0,0.0,0.05,0.0,0.05,0.0,0.0,0.0,0.04688536080199008,-0.025161301501344668,-0.042337035883940596
2024-04-17,-0.05,-0.05,0.05,0.0,0.0,0.0,0.05,0.0,0.05,0.0,0.0,0.0,0.049773356775243784,-0.026464909804586066,-0.04301596263464192
2024-04-18,-0.05,-0.05,0.05,0.0,0.0,0.0,0.05,0.0,0.05,0.0,0.0,0.0,0.04909855738121235,-0.028111419557774294,-0.04073346268353255
2024-04-19,-0.05,-0.05,0.05,0.0,0.0,0.0,0.05,-0.05,0.05,0.0,0.0,0.0,0.06769176196276844,-0.01843650370444846,-0.05894630464563633
2024-04-22,-0.05,-0.05,0.05,0.0,0.0,0.0,0.05,-0.05,0.05,0.0,0.0,0.0,0.07513965121763547,-0.014352805393890326,-0.07018864874689389
2024-04-23,-0.05,0.0,0.05,0.0,0.0,0.0,0.05,-0.05,0.05,0.0,0.0,0.0,0.06764960174338694,-0.02360517660243648,-0.06797126284695068
2024-04-24,-0.05,0.0,0.05,0.0,0.0,0.0,0.05,-0.05,0.05,0.0,0.0,0.0,0.06377514809728456,-0.012612149556369603,-0.07592074891469507
2024-04-25,-0.05,0.0,0.05,0.0,0.0,-0.05,0.05,-0.05,0.05,0.0,0.0,-0.05,0.0575775544631019,0.019204738727162256,-0.08097302139991527
2024-04-26,-0.05,0.0,0.05,0.0,0.0,-0.05,0.05,-0.05,0.05,0.0,0.0,-0.05,0.06407411725933218,0.013566871365316199,-0.07944733620804359
2024-04-29,-0.05,0.0,0.05,0.0,0.0,-0.05,0.05,-0.05,0.05,0.0,0.05,-0.05,0.0666474499872764,-0.011548148246531553,-0.06851490884092379
2024-04-30,0.0,0.0,0.05,0.0,0.0,-0.05,0.05,-0.05,0.05,0.0,0.05,-0.05,0.051594986995877286,-0.031158046449357504,-0.04409689153871585
2024-05-01,0.0,0.05,0.05,0.0,0.0,-0.05,0.05,0.0,0.05,0.0,0.05,-0.05,0.032006231697224864,-0.04479112454299041,-0.03203344027625865
2024-05-02,0.0,0.0,0.05,0.0,0.0,-0.05,0.05,0.0,0.05,0.0,0.05,-0.05,0.03405819134921274,-0.02504204245360002,-0.04324093125724358
2024-05-03,0.0,0.0,0.05,0.05,0.0,-0.05,0.05,0.0,0.05,0.0,0.0,-0.05,0.0680911084308926,-0.02022173878069827,-0.07987646379001738
2024-05-06,0.0,0.0,0.05,0.05,0.0,-0.05,0.05,0.0,0.05,0.0,0.0,-0.05,0.06663065135048304,-0.008764100056550246,-0.08950408649595049
2024-05-07,0.0,0.0,0.05,0.05,0.0,-0.05,0.05,0.0,0.05,0.0,0.0,-0.05,0.06632926570200617,-0.009301604924240956,-0.08888328464351736
2024-05-08,0.0,0.0,0.0,0.05,0.0,-0.05,0.05,0.0,0.05,0.0,0.0,-0.05,0.029787006414404765,-0.022816333698557675,-0.018022358384582278
2024-05-09,0.0,0.0,0.0,0.05,0.0,-0.05,0.05,0.0,0.05,0.0,0.0,-0.05,0.032283278647683836,-0.026873615002713333,-0.015496643075777266
2024-05-10,0.0,0.0,0.0,0.05,0.0,-0.05,0.05,0.0,0.05,0.0,0.0,-0.05,0.03099071150049917,-0.027087200567570534,-0.014806090226108659
2024-05-13,0.0,0.0,0.0,0.05,0.0,-0.05,0.05,0.0,0.05,0.0,0.0,-0.05,0.03282534599191967,-0.029028925025625582,-0.013079476290951741
2024-05-14,0.0,0.0,0.0,0.05,0.0,-0.05,0.05,0.0,0.05,0.0,0.0,-0.05,0.040227622263687764,-0.03671023471777719,-0.009239118983495793
2024-05-15,0.0,0.0,0.0,0.05,0.0,0.0,0.05,0.0,0.05,0.0,0.0,0.0,0.02909911684679254,-0.05696108520000778,-0.004106733228330391
2024-05-16,0.0,0.0,0.0,0.0,0.0,0.0,0.05,0.0,0.05,0.0,0.0,0.0,-0.00710420919572702,-0.055741198872597375,0.044169084898050416
2024-05-17,0.0,0.0,0.0,0.0,0.0,0.0,0.05,0.0,0.05,0.0,0.0,0.0,-0.007428719225606636,-0.05391926511445025,0.04261626083763298
2024-05-20,0.0,0.0,0.0,0.0,0.0,0.0,0.05,0.0,0.0,0.0,0.0,0.0,-0.008277693088767232,-0.011155393667367673,0.003658285176713347
2024-05-21,0.0,0.0,0.0,0.0,0.0,0.0,0.0,0.0,0.0,0.0,0.0,0.0,-0.0,-0.0,-0.0
2024-05-22,0.0,0.0,0.0,0.05,0.0,0.0,0.0,0.0,0.0,0.0,0.0,0.0,0.034838647435977275,-0.005293486091597849,-0.043644325729868476
2024-05-23,0.0,0.0,0.0,0.05,0.0,0.0,0.0,0.0,0.0,0.0,0.0,0.0,0.03335397172077942,-0.0035014484100022837,-0.044782737051761355
2024-05-24,0.0,0.0,0.0,0.05,0.0,0.0,0.0,0.0,0.0,0.0,0.0,0.0,0.034164913162440476,-0.0029924198840865727,-0.04607073789555026
2024-05-28,0.0,0.0,0.0,0.05,0.0,0.0,0.0,0.0,0.0,0.05,-0.05,0.0,0.026692826570175972,-0.015823506621406188,-0.02008203608935118
2024-05-29,0.0,0.0,0.0,0.05,0.0,0.0,0.0,0.0,0.0,0.05,-0.05,0.0,0.025065363198802905,-0.014623118284672477,-0.019221472327477722
2024-05-30,0.0,0.0,0.0,0.05,0.0,0.0,0.0,0.0,0.0,0.05,0.0,0.0,0.03082732234433658,-0.020763161660947032,-0.036060066662906655
2024-05-31,0.0,0.05,0.0,0.05,0.0,0.0,0.0,0.0,0.0,0.05,0.0,0.0,0.023377826373737,-0.040614928328989025,-0.021391759218152364
2024-06-03,0.0,0.05,0.0,0.05,0.0,0.0,0.0,0.0,0.0,0.05,0.0,0.0,0.02616158333866888,-0.039952944036004745,-0.024267871264505463
2024-06-04,0.0,0.05,0.0,0.0,0.0,0.0,0.0,0.0,0.0,0.05,0.0,0.0,-0.004470640539552192,-0.03925719141551393,0.021086018258490505
2024-06-05,0.0,0.05,0.0,0.0,0.0,0.0,0.0,0.0,0.0,0.05,0.0,0.0,-0.004488859844843813,-0.03921689265322971,0.02108881499586528
2024-06-06,0.0,0.05,0.0,0.0,0.0,0.0,0.0,0.05,0.0,0.05,0.0,0.0,-0.01951623231508634,-0.041149967242339616,0.029652756194504568
2024-06-07,0.0,0.05,0.0,0.0,0.0,0.0,0.0,0.05,0.0,0.0,0.0,0.0,-0.02081718752484417,-0.015915906190661584,0.01576636632483833
2024-06-10,0.0,0.05,0.0,0.0,0.0,0.0,0.0,0.05,0.0,0.0,0.0,0.0,-0.02003042968814176,-0.015270493420875332,0.014263064191533437
2024-06-11,0.0,0.05,0.0,0.0,0.0,0.0,0.0,0.05,0.0,0.0,0.0,0.0,-0.020288425454331335,-0.013148002256487011,0.011794870452474984
2024-06-12,0.0,0.05,0.0,0.0,0.0,0.0,0.0,0.05,0.0,0.0,0.0,0.0,-0.019748347720017316,-0.011568133050189121,0.010191570659573143
2024-06-13,0.0,0.05,0.0,0.0,0.0,0.0,0.0,0.05,0.0,-0.05,0.0,0.0,-0.022372768573854708,0.015851648269708158,-0.0057635366668873
2024-06-14,0.0,0.05,0.0,0.0,0.0,0.0,0.0,0.05,0.0,-0.05,0.0,0.0,-0.02271681008328212,0.015241524441534765,-0.0049161774506214055
2024-06-17,0.0,0.05,0.0,0.0,0.0,-0.05,0.0,0.05,0.0,-0.05,0.05,0.05,-0.04463892912080757,0.021330593769562988,-0.018537606051306704
2024-06-18,0.0,0.05,0.0,-0.05,0.0,-0.05,0.0,0.05,0.0,-0.05,0.05,0.05,-0.07618241377344999,0.025189470649689613,0.024552810444704993
2024-06-20,0.0,0.05,0.0,-0.05,0.0,-0.05,0.0,0.05,0.0,-0.05,0.0,0.05,-0.07461842263070155,0.027524173225097703,0.040347631575136086
2024-06-21,0.0,0.05,0.0,-0.05,0.0,-0.05,0.0,0.0,0.0,-0.05,0.05,0.05,-0.0592529912867133,0.028018561688852323,0.01255979367103879
2024-06-24,0.0,0.0,0.0,0.0,0.0,-0.05,0.0,0.0,-0.05,-0.05,0.05,0.05,0.002149921127742026,0.04967612263755308,-0.061344170702173816
2024-06-25,0.0,0.0,0.0,0.0,0.0,-0.05,0.0,0.0,-0.05,-0.05,0.05,0.05,0.013367176814393754,0.03844145690676542,-0.0573164027855281
2024-06-26,0.0,0.0,0.0,0.0,0.0,-0.05,0.0,0.0,-0.05,-0.05,0.05,0.05,0.013398561278889658,0.03806346885312202,-0.05691255182951297
2024-06-27,0.0,0.0,0.0,0.0,0.0,-0.05,0.0,0.0,-0.05,-0.05,0.0,0.05,0.013014059246611573,0.04583437825604392,-0.04472551386248631
2024-06-28,0.0,0.0,0.0,0.0,0.0,-0.05,0.0,0.0,-0.05,-0.05,0.0,0.05,0.012386944008374251,0.04320610978806335,-0.04080079189097174
2024-07-01,0.0,0.0,0.0,0.0,0.0,0.0,0.0,-0.05,-0.05,-0.05,0.0,0.05,0.04039812383542993,0.04348505144408521,-0.0673975933121421
2024-07-02,0.0,-0.05,0.05,0.0,0.0,0.0,0.0,-0.05,-0.05,-0.05,0.0,0.05,0.09776701171614659,0.055998858426451664,-0.13739281525262143
2024-07-03,0.0,-0.05,0.05,0.0,0.0,0.0,0.0,-0.05,-0.05,-0.05,0.0,0.05,0.09724721298945262,0.04998189142503788,-0.1284627177156008
2024-07-05,0.0,-0.05,0.05,0.0,0.0,0.0,0.0,-0.05,-0.05,-0.05,0.0,0.05,0.0977821709680411,0.0478924352533611,-0.12684630661962296
2024-07-08,0.0,-0.05,0.05,0.0,0.0,0.0,0.0,0.0,0.0,-0.05,0.0,0.05,0.058350468681756223,0.016044498198418973,-0.07055078730775485
2024-07-09,0.0,-0.05,0.05,0.0,0.0,0.0,0.0,0.0,0.0,-0.05,0.0,0.05,0.05854426541423705,0.014252909771252046,-0.06847211676128714
2024-07-10,0.0,0.0,0.05,0.0,0.0,0.0,0.0,0.0,0.0,0.0,0.0,0.05,0.043241332035059796,-0.009121058567821014,-0.05776548345022115
2024-07-11,0.0,0.0,0.05,0.0,-0.05,0.0,0.0,0.0,0.0,0.0,0.0,0.05,0.05098322245465733,-0.020541584396517792,-0.02792251373451092
2024-07-12,0.0,0.0,0.05,0.0,-0.05,0.0,0.0,0.0,0.0,0.0,0.0,0.05,0.05248121467765638,-0.01998184365905961,-0.03059101633502023
2024-07-15,0.0,0.0,0.05,0.0,-0.05,0.0,0.0,0.0,0.0,0.0,0.0,0.05,0.05172099088361277,-0.02074829243577047,-0.029315557048376448
2024-07-16,0.0,0.0,0.05,0.0,-0.05,0.0,0.0,0.0,0.0,0.0,0.0,0.05,0.05275618464345145,-0.020346861045583083,-0.03166082257820503
2024-07-17,0.0,0.05,0.05,0.0,-0.05,0.0,0.0,0.0,0.0,0.0,0.0,0.05,0.04150183219676007,-0.022561355763221286,-0.035636742137739215
2024-07-18,0.0,0.0,0.05,0.0,0.0,0.0,0.0,-0.05,0.0,0.0,0.0,0.05,0.04393239907971428,-0.010291878497495825,-0.05312064213239119
2024-07-19,0.0,0.0,0.0,0.0,0.0,0.0,0.0,-0.05,0.0,0.0,0.0,0.0,0.018842048362527848,0.005421922028838286,-0.020124089914460762
2024-07-22,0.0,0.0,0.0,0.0,0.0,0.0,0.0,0.0,0.0,0.0,0.0,0.0,-0.0,-0.0,-0.0
2024-07-23,0.0,0.0,0.0,0.0,0.0,0.0,0.0,0.0,0.0,0.0,0.0,0.0,-0.0,-0.0,-0.0
2024-07-24,0.0,0.0,0.0,0.0,0.0,0.0,0.0,0.0,0.0,0.0,0.0,0.0,-0.0,-0.0,-0.0
2024-07-25,0.0,0.0,0.0,0.0,0.0,0.0,0.0,0.0,0.0,0.0,0.0,0.0,-0.0,-0.0,-0.0
2024-07-26,0.0,0.0,0.0,0.0,0.0,0.0,0.0,0.0,0.0,0.0,0.0,0.0,-0.0,-0.0,-0.0
2024-07-29,0.0,0.0,0.0,0.0,0.0,0.0,0.0,0.0,0.0,0.0,0.0,0.0,-0.0,-0.0,-0.0
2024-07-30,0.0,0.0,0.0,0.0,0.0,0.0,0.0,0.0,0.0,0.0,0.0,0.0,-0.0,-0.0,-0.0
2024-07-31,0.0,0.0,0.0,0.0,0.0,0.0,0.0,0.0,0.0,0.0,0.0,0.0,-0.0,-0.0,-0.0
2024-08-01,0.0,0.05,0.0,-0.05,0.0,0.0,0.0,0.0,0.0,0.0,0.0,0.0,-0.02531705237950119,0.01772000515379709,0.011389329088791665
2024-08-02,0.0,0.05,0.0,-0.05,0.05,0.0,0.0,0.0,0.0,0.0,0.0,0.0,-0.038833212777889335,0.0259054286557344,-0.012952989035286149
2024-08-05,0.0,0.05,0.0,-0.05,0.05,0.0,0.0,0.0,0.05,0.0,0.0,0.0,-0.08890553378676141,0.023986627933856607,-0.003620938662097806
2024-08-06,0.0,0.05,0.0,-0.05,0.0,0.0,-0.05,0.05,0.05,0.0,0.0,0.0,-0.06516510738818389,0.045842064368593144,-0.01596857508310459
2024-08-07,0.0,0.05,0.0,-0.05,0.0,0.0,-0.05,0.05,0.05,0.0,0.0,0.0,-0.06412451059866757,0.04586362290050656,-0.0165593520690516
2024-08-08,0.0,0.05,0.0,-0.05,0.0,0.0,-0.05,0.05,0.05,0.0,0.0,0.0,-0.06409564849863404,0.04573272056950394,-0.016460427504018167
2024-08-09,0.0,0.05,0.0,-0.05,0.0,0.0,-0.05,0.05,0.05,0.0,0.0,0.0,-0.06433977583373612,0.04655766521919493,-0.016645058805501756
2024-08-12,0.0,0.05,0.0,-0.05,0.0,0.0,-0.05,0.05,0.05,0.0,0.0,0.0,-0.06325564519755862,0.04534885852803068,-0.01522996571088096
2024-08-13,0.0,0.05,0.0,-0.05,0.0,0.0,-0.05,0.05,0.05,0.0,0.0,0.0,-0.06513819769274326,0.04355502596898282,-0.012343793226489715
2024-08-14,0.0,0.05,0.0,-0.05,0.0,0.0,-0.05,0.05,0.05,0.0,0.0,0.0,-0.06608519046150951,0.04350438129746856,-0.012618368546170019
2024-08-15,0.0,0.05,0.0,-0.05,0.0,0.0,-0.05,0.05,0.0,0.0,0.0,0.0,-0.022480366926223648,0.04607259451885748,-0.018666731772287545
2024-08-16,0.0,0.05,0.0,-0.05,0.0,0.0,-0.05,0.0,0.0,0.0,0.0,0.0,0.0034323171095615376,0.049279204789733334,-0.0370632903751529
2024-08-19,0.0,0.05,0.0,-0.05,-0.05,0.0,-0.05,-0.05,0.0,0.0,0.0,0.0,0.017185235389983247,0.04835288614741152,-0.02342189677763686
2024-08-20,0.05,0.05,0.0,0.0,-0.05,0.0,-0.05,-0.05,0.0,0.0,0.0,0.0,0.044310919143610655,0.0284835293190357,-0.05181393241545623
2024-08-21,0.05,0.05,0.0,0.0,-0.05,0.0,-0.05,-0.05,0.0,0.0,0.0,0.0,0.043411968886022556,0.028200972659890983,-0.05091650533086442
2024-08-22,0.05,0.05,0.0,0.0,-0.05,0.0,-0.05,-0.05,0.0,0.0,0.0,0.0,0.043337867380269894,0.027738865182576993,-0.0501048908569152
2024-08-23,0.05,0.05,0.0,0.0,-0.05,0.0,-0.05,-0.05,0.0,0.0,0.0,0.0,0.04459155811291567,0.028144754529898976,-0.05141865972445069
2024-08-26,0.05,0.05,0.0,0.0,-0.05,0.0,0.0,-0.05,0.0,0.05,0.0,0.0,-0.009847544475385273,-0.014661839793605757,0.016486410415353876
2024-08-27,0.05,0.05,0.0,0.0,-0.05,0.0,0.0,-0.05,0.0,0.05,0.0,0.0,-0.008367668445111593,-0.005491225044468077,0.005174069266138866
2024-08-28,0.05,0.05,0.0,0.0,-0.05,0.0,0.0,-0.05,0.0,0.05,0.0,0.0,-0.013323931785696751,-0.006935183430541794,0.010249343138753104
2024-08-29,0.05,0.05,0.0,0.0,-0.05,0.0,0.0,0.0,0.0,0.05,0.0,0.0,-0.05088618665190843,-0.013787848633732268,0.03990640279990846
2024-08-30,0.05,0.05,0.0,0.0,-0.05,0.0,0.0,0.0,0.0,0.05,0.0,-0.05,-0.02788968748040351,-0.002330869008443835,0.022730012401032326
2024-09-03,0.05,0.05,0.0,0.0,-0.05,0.0,0.0,0.0,0.0,0.05,-0.05,-0.05,-0.04548277953273075,0.019179611930097058,0.032060837747917265
2024-09-04,0.05,0.05,0.0,0.0,0.0,0.0,0.0,0.0,0.0,0.0,-0.05,0.0,-0.022760242129854443,0.027237246909017326,-0.01309424644465239
2024-09-05,0.05,0.05,0.0,-0.05,0.0,0.0,0.0,0.0,0.0,0.0,-0.05,-0.05,-0.03135417909985587,0.05978422943843228,-0.009840960320599475
2024-09-06,0.05,0.05,0.0,-0.05,0.0,0.0,0.0,0.0,0.0,0.0,-0.05,-0.05,-0.026303900104740548,0.0631951806901916,-0.017830071207238982
2024-09-09,0.05,0.05,0.0,0.0,0.0,0.0,0.0,0.0,0.0,0.0,-0.05,-0.05,-0.000566914465306767,0.05496140587214503,-0.04907933128633479
2024-09-10,0.05,0.05,0.0,0.0,0.0,0.0,0.0,0.0,0.0,0.0,-0.05,-0.05,-0.0002310354562490742,0.058673565779268785,-0.053262327797767586
2024-09-11,0.05,0.0,0.05,0.0,0.0,0.0,0.0,0.0,0.0,-0.05,-0.05,0.0,-0.007067862080960108,-0.0030622224507115894,0.004133091779050258
2024-09-12,0.05,0.0,0.05,0.0,0.0,0.0,0.0,0.0,0.0,-0.05,0.0,0.0,0.010987988520626527,-0.032033695534710686,0.0045016476077866345
2024-09-13,0.05,0.0,0.05,0.0,0.0,0.0,0.0,0.0,0.0,-0.05,0.0,0.05,-0.011823139192553305,-0.04656709379701261,0.024978245296679743
2024-09-16,0.05,0.0,0.05,0.0,0.0,0.05,0.0,0.0,0.0,-0.05,0.0,0.05,-0.016929128026617227,-0.04315543384439997,0.015784978988852547
2024-09-17,0.05,0.0,0.05,0.0,0.0,0.05,0.0,0.0,0.0,0.0,0.0,0.05,-0.015761231870527706,-0.04574688948132356,0.008791146450467104
2024-09-18,0.05,-0.05,0.05,0.0,0.0,0.0,0.0,0.0,0.0,-0.05,-0.05,0.05,-0.0151318232735978,-0.021844666393548408,0.027655959728612768
2024-09-19,0.05,-0.05,0.05,0.0,0.0,0.0,0.0,0.0,0.0,-0.05,-0.05,0.05,-0.011988271222608683,-0.02222969263583415,0.02600467619685984
2024-09-20,0.05,-0.05,0.05,0.0,0.0,0.0,0.0,0.0,0.0,-0.05,-0.05,0.05,-0.017709465609385397,-0.01976548699813915,0.02665717448335147
2024-09-23,0.05,-0.05,0.05,0.0,0.0,0.0,0.0,-0.05,0.0,-0.05,0.0,0.05,0.0307800965623589,-0.046544053776794755,0.010436131984478993
2024-09-24,0.05,-0.05,0.05,0.0,0.0,0.0,0.0,-0.05,0.0,-0.05,0.0,0.05,0.0315098571158982,-0.0443220056158368,0.007031021745826607
2024-09-25,0.05,0.0,0.05,0.0,0.0,0.0,0.0,-0.05,0.0,-0.05,0.0,0.05,0.029103782122904383,-0.041944960281246085,-0.003001668690040097
2024-09-26,0.05,0.0,0.0,0.0,0.0,0.0,0.0,-0.05,0.0,-0.05,0.0,0.05,0.015690169641513842,0.008158322551955824,-0.027895224512250294
2024-09-27,0.05,0.0,0.05,0.0,0.0,0.0,0.0,-0.05,0.0,-0.05,0.0,0.0,0.051643327009461476,-0.028262339327878392,-0.021722106042146153
2024-09-30,0.05,0.0,0.05,0.0,0.0,0.0,0.0,-0.05,0.0,-0.05,0.0,0.0,0.05092222158085077,-0.027475420202968084,-0.022092170205585224
2024-10-01,0.0,0.0,0.05,0.0,0.0,0.0,0.0,-0.05,0.0,-0.05,0.0,0.0,0.05317317698923606,-0.03752864744049144,-0.0024152552234248514
2024-10-02,0.0,0.0,0.05,0.0,0.0,0.0,0.0,-0.05,0.0,0.0,0.0,0.0,0.042479715617658335,-0.044867858290510446,0.004906174549217032
2024-10-03,0.0,0.0,0.05,0.0,0.0,0.0,0.0,-0.05,0.0,0.0,0.0,0.0,0.04172002436420552,-0.04526088406431105,0.0059742764980435445
2024-10-04,0.0,0.0,0.05,0.0,0.0,0.0,0.0,-0.05,0.0,0.0,0.0,0.05,0.017675542693849716,-0.06122993551749045,0.02902254097330442
2024-10-07,0.0,0.0,0.0,0.0,0.0,0.0,0.0,-0.05,0.0,0.0,0.0,0.05,0.00012418224958917617,-0.018062600118729236,0.01566082785436672
2024-10-08,0.0,0.0,0.0,0.0,0.0,0.0,0.0,-0.05,-0.05,0.0,0.0,0.05,0.046541029542491494,-0.009409003234041109,-0.00043962103492225027
2024-10-09,0.0,0.0,0.0,0.0,0.0,0.0,0.0,-0.05,-0.05,0.0,0.0,0.05,0.04557654642477062,-0.009800908337449614,0.0010948858457993649
2024-10-10,0.0,0.0,0.0,0.0,0.0,0.0,0.0,-0.05,-0.05,0.0,0.0,0.05,0.05269731605164418,-0.010701011265226493,-0.0024934715694383616
2024-10-11,0.0,0.0,0.0,0.0,0.0,0.0,0.0,-0.05,-0.05,0.0,0.0,0.05,0.03824359695302886,-0.012061396196662237,0.010982543928860675
2024-10-14,0.0,0.0,0.0,0.0,0.0,0.0,0.0,-0.05,-0.05,0.0,0.0,0.05,0.043046459121786146,-0.013815622497808058,0.010133716562561927
2024-10-15,0.0,0.0,0.0,0.05,0.0,0.0,0.0,0.0,-0.05,0.0,0.0,0.05,0.06486056204927967,-0.019462004181383167,-0.03289305448353621
2024-10-16,0.0,0.0,0.0,0.05,0.0,0.0,0.0,0.0,-0.05,0.0,0.0,0.05,0.06503370476050335,-0.020421524665534152,-0.03196312834597184
2024-10-17,0.0,0.0,0.0,0.05,0.0,0.0,0.0,0.0,-0.05,0.0,0.0,0.05,0.06011073195773595,-0.02273065644326005,-0.025610905744262218
2024-10-18,0.0,0.0,0.0,0.0,0.0,0.0,0.0,0.0,-0.05,0.0,0.0,0.05,0.01133914273056117,-0.015371565443547909,0.02742650901728743
2024-10-21,0.0,0.0,0.0,0.0,0.0,0.0,0.0,0.0,-0.05,0.0,0.0,0.05,0.009789108129994714,-0.016782439853938763,0.03051694571396995
2024-10-22,0.0,0.0,-0.05,0.05,0.0,0.0,0.0,0.0,-0.05,0.0,0.0,0.0,0.06525834619133888,0.03545290758491377,-0.05770854836644833
2024-10-23,0.0,-0.05,-0.05,0.05,0.05,0.0,0.0,0.0,-0.05,0.0,0.0,0.0,0.10400240835515856,0.015201266315570632,-0.07040898740016323
2024-10-24,0.0,-0.05,-0.05,0.05,0.05,0.0,0.0,0.0,-0.05,0.0,0.0,0.0,0.1090818820473198,0.011007004709424551,-0.06934147059124694
2024-10-25,0.0,-0.05,-0.05,0.05,0.05,0.0,0.0,0.0,-0.05,0.0,0.0,0.0,0.09354109374009739,0.004759227374872017,-0.048930965325165734
2024-10-28,0.0,-0.05,-0.05,0.05,0.05,0.0,0.0,0.0,0.0,0.0,0.0,0.0,0.0592929560735998,0.013962647718089055,-0.06654986714870839
2024-10-29,0.0,-0.05,-0.05,0.05,0.05,0.0,0.0,0.0,0.0,0.0,0.0,0.0,0.053581324097391816,0.014464888954745039,-0.06397530650847208
2024-10-30,0.0,-0.05,0.0,0.05,0.05,0.0,0.0,0.0,0.0,0.0,0.0,0.0,0.03030354340472595,-0.025580514515914,-0.03206946199869802
2024-10-31,0.0,-0.05,0.0,0.05,0.05,0.0,0.0,0.0,0.0,0.0,0.0,0.0,0.027399855416020066,-0.035047230364746135,-0.020122012729843392
2024-11-01,0.0,0.0,-0.05,0.05,0.05,0.0,0.0,0.0,0.0,0.0,0.0,0.0,0.026440945243605837,0.00722380848124491,-0.05215982890336478
2024-11-04,0.05,0.0,-0.05,0.05,0.05,0.0,0.0,0.0,0.0,0.0,0.0,0.0,0.02341869249198851,0.007651595986366451,-0.058552605407363956
2024-11-05,0.05,0.0,-0.05,0.05,0.05,0.0,0.0,0.0,0.0,0.0,0.0,0.0,0.02352789545127936,0.00771849385931303,-0.05869911618196207
2024-11-06,0.05,0.0,-0.05,0.05,0.05,0.0,0.0,0.0,0.0,0.0,0.0,0.0,0.025184439424231167,0.006315336264282222,-0.05786421352528725
2024-11-07,0.05,0.0,-0.05,0.05,0.05,0.0,0.0,0.0,0.0,0.0,0.0,0.0,0.03495261997467934,0.0035400388047685354,-0.06016077629003277
2024-11-08,0.05,0.0,-0.05,0.05,0.05,0.0,0.0,0.0,0.0,0.0,0.0,0.0,0.03656690411997702,0.004376534315502483,-0.062494201171474376
2024-11-11,0.05,0.0,-0.05,0.05,0.05,0.0,0.0,0.0,0.0,0.0,0.0,0.0,0.03619320283656999,0.00400127239230819,-0.06137068167563041
2024-11-12,0.05,0.05,-0.05,0.05,0.05,0.0,0.0,0.0,0.0,0.0,0.0,0.0,0.035715478560387356,0.0027465163355632066,-0.07075873765676088
2024-11-13,0.05,0.05,-0.05,0.0,0.0,0.0,0.0,0.0,0.0,0.0,0.05,0.0,-0.008677646425373886,0.022871780380174424,-0.035642930169562666
2024-11-14,0.05,0.0,-0.05,0.0,0.0,0.0,0.0,0.0,0.0,0.0,0.05,0.0,-0.009030419515975307,0.023697640370740822,-0.02530608730186918
2024-11-15,0.05,0.0,-0.05,0.0,0.0,0.0,0.0,0.0,0.0,0.0,0.05,0.0,-0.006514210105895967,0.01979752202226294,-0.021404789658913147
2024-11-18,0.05,0.0,-0.05,0.0,0.0,0.0,0.0,0.0,0.0,0.0,0.05,0.0,-0.0077514615744063,0.01911012415946616,-0.019284129849015307
2024-11-19,0.0,0.0,-0.05,0.0,0.0,0.0,0.0,0.0,0.0,0.0,0.0,0.0,-0.010352950575317474,0.041016839995158955,-0.018152554366958364
2024-11-20,0.0,0.0,-0.05,0.0,0.0,0.0,0.0,0.0,0.0,0.0,0.0,0.0,-0.011784459663277166,0.0409780223097235,-0.016825734736679202
2024-11-21,0.0,0.0,-0.05,0.0,0.0,0.0,0.0,0.0,0.0,0.0,0.05,0.0,-0.015030718948733616,0.02344258727067592,-0.011568100653619295
2024-11-22,0.0,0.0,0.0,0.0,0.0,0.0,0.0,0.0,0.0,0.0,0.05,0.0,-0.002263646695346859,-0.01717026524300233,0.003998971622667864
2024-11-25,0.0,0.0,0.0,0.0,0.0,0.0,0.0,0.0,0.0,0.0,0.05,0.0,-0.0028826778937178408,-0.01713989632522984,0.004363604965747075
2024-11-26,0.0,0.0,0.0,0.0,0.0,-0.05,0.0,0.0,0.0,0.05,0.05,0.0,-0.017548845413091287,-0.02568239123041472,0.02276496539771378
2024-11-27,0.0,0.0,0.0,0.0,0.0,-0.05,0.0,0.0,0.0,0.05,0.05,0.0,-0.01587811097222606,-0.02391895572438376,0.020508354107702638
2024-11-29,0.0,0.0,0.0,0.0,0.0,-0.05,0.0,0.0,0.0,0.05,0.05,0.0,-0.01577716546315721,-0.024312740147212568,0.020636356416064965
2024-12-02,-0.05,0.0,0.0,0.0,0.0,-0.05,0.0,0.0,0.0,0.05,0.05,0.0,-0.024669546755416546,-0.025709663460598692,0.036276951744926705
2024-12-03,-0.05,0.0,0.0,0.0,0.0,-0.05,0.0,0.0,0.0,0.05,0.0,0.0,-0.026117841321915018,-0.01483964998071365,0.042358535289037144
2024-12-04,-0.05,0.0,0.0,0.0,0.0,-0.05,0.0,0.0,0.0,0.0,0.0,0.0,-0.00809210108943605,-0.003589559892356713,0.032022268078359784
2024-12-05,-0.05,0.0,0.0,0.0,0.0,-0.05,0.0,0.0,0.05,0.0,0.0,0.05,-0.04257739530011753,-0.01316313990969641,0.0354073605874628
2024-12-06,-0.05,-0.05,0.0,0.0,0.0,-0.05,0.0,0.0,0.05,0.0,0.05,0.05,-0.0441248724368455,-0.025185619688547718,0.0464067106387592
2024-12-09,-0.05,-0.05,0.0,0.0,0.0,0.0,0.0,0.0,0.05,0.0,0.05,0.05,-0.042007233138698474,-0.02074207609823646,0.02381887396732656
2024-12-10,-0.05,-0.05,0.05,0.0,0.0,0.0,0.0,0.05,0.05,0.0,0.05,0.05,-0.05106022268332819,-0.05776110822523243,0.046177747128606075
2024-12-11,-0.05,-0.05,0.05,0.0,0.0,0.0,0.0,0.05,0.05,0.0,0.05,0.05,-0.04089124816266682,-0.06060839432057247,0.04129206437465591
2024-12-12,-0.05,-0.05,0.05,0.0,0.0,0.0,0.0,0.05,0.05,0.0,0.05,0.05,-0.03872556975691359,-0.060335806216347335,0.03886085833276067
2024-12-13,-0.05,-0.05,0.05,0.0,0.0,0.0,0.0,0.05,0.05,0.0,0.05,0.05,-0.03749792304634457,-0.06040635864963664,0.039060771732966036
2024-12-16,-0.05,-0.05,0.05,-0.05,0.0,0.0,0.0,0.05,0.05,0.0,0.05,0.05,-0.09833785413935746,-0.06103913789357511,0.104390358103251
2024-12-17,-0.05,-0.05,0.05,-0.05,0.0,0.05,0.0,0.05,0.05,0.0,0.05,0.05,-0.12757813767377965,-0.06604707863916305,0.11591655200107444
2024-12-18,-0.05,-0.05,0.0,-0.05,0.0,0.05,0.0,0.05,0.05,0.0,0.05,0.05,-0.12809920756837037,-0.0301246748726234,0.09506030363761492
2024-12-19,-0.05,-0.05,0.0,-0.05,0.0,0.05,0.0,0.05,0.05,0.0,0.05,0.0,-0.10189505617433849,-0.026671535566368268,0.09110238757650463
2024-12-20,-0.05,-0.05,0.0,-0.05,0.0,0.05,0.0,0.05,0.0,0.0,0.05,0.0,-0.08358172029056683,-0.014269879179052196,0.08433884925873739
2024-12-23,-0.05,-0.05,0.0,-0.05,0.0,0.05,0.0,0.0,0.0,0.0,0.05,0.0,-0.06397744189744561,-0.011397230856184886,0.07384605749804558
2024-12-24,-0.05,0.0,0.0,-0.05,0.0,0.05,0.0,0.0,0.0,0.0,0.0,0.0,-0.0650605588926517,-0.0005426989364018578,0.06558512996480684
2024-12-26,0.0,0.0,0.0,-0.05,0.0,0.05,0.0,0.0,0.0,0.0,0.0,0.0,-0.0645637755159951,-0.006035794527835983,0.06451894352068822
2024-12-27,0.0,0.0,0.0,0.0,0.0,0.05,0.0,0.0,0.0,0.0,0.0,0.0,-0.008391886959351188,-0.0026689390658761547,-0.0054343957982291614
2024-12-30,0.0,0.0,0.0,0.0,0.0,0.05,0.0,0.0,0.0,0.0,0.0,0.0,-0.00812639618667064,-0.0021709980532751065,-0.005837725196238661
2024-12-31,0.0,0.0,0.0,0.0,0.0,0.0,0.0,0.0,0.0,0.0,0.0,0.0,-0.0,-0.0,-0.0
2025-01-02,0.0,0.0,0.0,0.0,0.0,0.0,0.0,0.0,0.0,0.0,0.0,0.0,-0.0,-0.0,-0.0
2025-01-03,0.0,0.0,0.0,0.0,0.0,0.0,0.0,0.0,0.0,0.0,0.0,0.0,-0.0,-0.0,-0.0
2025-01-06,0.0,0.0,0.0,0.0,0.0,0.0,0.0,0.0,0.0,0.0,0.0,0.0,-0.0,-0.0,-0.0
2025-01-07,0.0,0.0,0.0,0.0,0.0,0.0,0.05,0.0,0.0,0.0,0.0,0.0,-0.007656705426196859,-0.012488175844988453,0.00511016600219616
2025-01-08,0.0,0.0,0.0,0.0,0.0,0.0,0.05,0.0,0.0,0.0,-0.05,0.0,-0.00945598591114813,0.0021684268420899353,0.005082600210028322
2025-01-10,0.0,0.0,0.0,0.0,0.0,0.0,0.05,0.0,0.0,0.0,-0.05,0.0,-0.013191757030153123,0.0022233582182296877,0.007522693877537437
2025-01-13,0.0,0.0,0.0,0.0,0.0,0.0,0.05,0.0,0.0,0.0,-0.05,0.0,-0.017427125830613854,-0.001738466897737722,0.013630720334469545
2025-01-14,0.0,0.0,0.0,0.0,0.0,0.0,0.05,0.0,0.0,0.0,-0.05,0.0,-0.016317036085745713,-0.0030167278519942636,0.014009853491610956
2025-01-15,0.0,0.0,0.0,0.0,0.0,0.0,0.05,0.0,0.0,0.0,-0.05,0.0,-0.014193233453539827,-0.0017200034921346658,0.011195537593588491
2025-01-16,0.0,0.0,0.0,0.0,0.0,0.0,0.05,0.0,0.0,0.0,-0.05,0.0,-0.010753682988753902,-0.004167020862087877,0.012833861623183585
2025-01-17,0.0,0.0,0.0,0.0,0.0,0.0,0.05,0.0,0.0,0.0,-0.05,0.0,-0.011542016088308548,-0.004417965008583947,0.013800068461600262
2025-01-21,0.0,0.0,0.0,0.0,0.0,0.0,0.05,0.0,0.0,0.0,-0.05,0.0,-0.01207343257267376,-0.004150420413235791,0.013999507004063712
2025-01-22,0.0,0.0,0.0,0.0,0.0,0.0,0.05,0.0,0.0,0.0,-0.05,0.0,-0.008948902899308856,-0.002673756303392928,0.010457247281343465
2025-01-23,0.0,0.0,0.0,0.0,0.0,0.0,0.05,0.0,0.0,0.0,-0.05,0.0,-0.00835089137561246,-0.001871450440955583,0.00874177902987128
2025-01-24,0.0,0.0,0.0,0.0,0.0,0.0,0.05,0.0,0.0,0.0,0.0,0.0,-0.008216534272553574,-0.01608207843691431,0.010291855178211603
2025-01-27,0.0,-0.05,0.0,0.0,0.0,0.0,0.05,0.0,0.0,0.0,0.0,0.0,-0.011870594604877223,-0.007271478071819312,0.01635771566558154
2025-01-28,0.0,-0.05,0.0,0.0,-0.05,0.0,0.0,0.05,0.0,0.0,0.0,0.0,-0.018502359050685195,0.010424372580281832,0.024123022739354075
2025-01-29,0.0,-0.05,0.0,0.0,0.0,0.0,0.0,0.05,0.0,0.0,0.0,0.0,-0.011756705454491407,-0.0037170629070773413,0.01757180661654295
2025-01-30,0.0,0.0,0.0,0.0,-0.05,0.0,0.0,0.05,0.0,0.0,0.0,0.0,-0.014264263643130947,-0.005775502378374091,0.025176859529795287
2025-01-31,0.0,0.0,0.0,0.0,-0.05,0.0,0.0,0.05,0.0,0.0,0.0,0.0,-0.013875432001934524,-0.005659240080353997,0.02494189018314294
2025-02-03,0.0,0.0,0.0,0.0,-0.05,0.0,0.0,0.05,0.0,0.0,0.0,0.0,-0.011450687450943417,-0.0045711404420877505,0.02248231525431059
2025-02-04,0.0,0.0,0.0,0.0,-0.05,0.0,0.0,0.0,0.0,0.0,0.0,0.0,-0.0004264687803276016,0.003947597272497827,0.012577830979076164
2025-02-05,0.0,0.0,0.0,0.0,-0.05,0.0,0.0,0.0,0.0,0.0,0.0,0.0,-0.0010781145661523757,0.004489939594809621,0.013042730282403268
2025-02-06,0.0,0.05,0.0,0.0,0.0,0.0,0.0,0.0,0.0,0.0,0.0,0.0,0.006517953235289056,-0.006155052672469626,-0.008148041072058
2025-02-07,0.0,0.05,0.0,0.0,0.0,0.0,0.0,0.0,0.0,0.0,0.0,0.0,0.00662328872247541,-0.006075654439761255,-0.008377343465749754
2025-02-10,0.0,0.05,0.0,0.0,0.0,0.0,0.0,0.0,0.0,0.0,0.0,0.0,0.006036557848735388,-0.005643388653141364,-0.008618666521704928
2025-02-11,0.0,0.05,0.0,0.0,0.0,0.0,0.0,0.0,0.0,0.0,0.0,0.0,0.005628793904668218,-0.00528725301787519,-0.00864720987225851
2025-02-12,0.0,0.05,0.0,0.0,0.0,0.0,0.0,0.0,0.0,0.0,0.0,0.0,0.004974711742601371,-0.004875935285313614,-0.00872385688755315
2025-02-13,0.0,0.05,0.0,0.0,0.0,-0.05,0.0,0.0,-0.05,0.0,0.0,0.0,0.048809785029199165,-0.005055842605610927,-0.015158881815417781
2025-02-14,0.0,0.05,0.0,0.0,0.0,-0.05,0.0,0.0,-0.05,0.0,0.0,0.0,0.051302429270057744,-0.00632135750145318,-0.014238554168553255
2025-02-18,0.0,0.05,0.0,0.0,0.0,-0.05,0.0,-0.05,-0.05,0.0,0.0,0.0,0.060839718167789644,0.0045816210712162075,-0.027642495153218965
2025-02-19,0.0,0.05,0.0,0.0,0.0,-0.05,0.0,-0.05,0.0,0.0,0.0,-0.05,0.047227002081487404,9.195207153214714e-05,-0.02004636739950223
2025-02-20,0.0,0.05,0.0,0.0,0.0,-0.05,0.0,-0.05,0.0,0.0,0.0,-0.05,0.04766277392364547,0.0005204231848970672,-0.02044034454014314
2025-02-21,0.0,0.05,0.0,0.0,0.0,-0.05,0.0,0.0,0.0,0.0,0.0,0.0,0.024140174425832904,-0.005749643630149936,-0.0115943153521931
2025-02-24,0.0,0.05,0.0,0.0,0.0,-0.05,0.0,0.0,0.0,0.0,0.0,0.0,0.022894162613138456,-0.006690535213841709,-0.009721612966624228
2025-02-25,0.0,0.05,0.0,0.0,0.0,-0.05,0.0,0.0,0.0,0.0,0.0,0.0,0.02307747435821959,-0.006683861630026669,-0.00992635128606717
2025-02-26,0.0,0.05,0.0,0.0,0.0,-0.05,0.0,-0.05,0.0,0.0,0.0,0.0,0.02916625270003048,0.003354064479574442,-0.018865769229246293
2025-02-27,0.0,0.05,0.0,0.0,0.0,-0.05,0.0,-0.05,0.0,0.0,0.0,0.0,0.029490511110862316,0.0023550406765922094,-0.01798351225378593
2025-02-28,0.0,0.05,0.0,0.0,0.0,-0.05,0.0,-0.05,0.0,0.0,0.0,0.0,0.03117872625055467,0.0013556140583839624,-0.018456692417155807
2025-03-03,0.0,0.05,0.0,0.0,0.0,-0.05,0.0,-0.05,0.0,0.0,0.0,0.0,0.02834252109391833,0.002109527853463926,-0.01788688243946615
2025-03-04,0.0,0.05,0.0,0.0,0.0,-0.05,0.0,-0.05,0.0,-0.05,0.0,0.0,0.03858299497782689,0.04508628513141781,-0.05628045955481685
2025-03-05,0.0,0.05,0.0,0.05,-0.05,-0.05,0.0,-0.05,0.0,-0.05,0.0,0.0,0.0876711379046258,0.03778874806408549,-0.0977724932553862
2025-03-06,0.0,0.0,0.0,0.05,-0.05,-0.05,0.0,-0.05,0.0,-0.05,0.0,0.0,0.08920386250520168,0.04090827620626791,-0.09301300092144538
2025-03-07,0.0,0.0,0.0,0.05,-0.05,-0.05,0.0,-0.05,0.0,0.0,0.0,0.0,0.07096414133813699,-0.002706832950655694,-0.04978291253149206
2025-03-10,0.0,0.0,0.0,0.05,-0.05,-0.05,0.0,-0.05,0.0,0.0,0.0,0.0,0.06884804063233899,-0.005706307499309712,-0.04518159516086534
2025-03-11,0.0,0.0,0.0,0.05,-0.05,-0.05,0.0,0.0,0.0,0.0,0.0,0.0,0.06386938132544029,-0.013554826543429504,-0.03800468850708022
2025-03-12,0.0,0.0,0.0,0.05,-0.05,-0.05,0.0,0.0,0.0,0.0,0.0,0.0,0.06288232228255461,-0.012227365912992508,-0.0388211389098552
2025-03-13,0.0,0.0,0.0,0.05,0.0,0.0,0.0,0.05,0.0,0.0,0.0,0.0,0.0514034353128455,-0.0211083740235549,-0.04880673239405285
2025-03-14,0.0,0.0,-0.05,0.0,0.0,0.0,0.0,0.05,0.0,0.0,0.0,0.0,-0.02621151020170588,0.05010795920036984,-0.01860262809475889
2025-03-17,0.0,0.0,-0.05,0.0,0.0,0.0,0.0,0.05,0.0,0.0,0.0,0.0,-0.029777610229741302,0.04864327949628208,-0.014265343932730289
2025-03-18,0.0,0.0,0.0,0.0,0.0,0.0,0.0,0.05,0.0,0.0,0.0,0.0,-0.006462021936549245,-0.007682518891339873,0.00627178588496697
2025-03-19,0.0,0.0,0.0,0.0,0.0,0.0,0.0,0.05,0.0,0.0,0.0,0.0,-0.0064408351191337825,-0.007532498192508969,0.005993992870805576
2025-03-20,0.0,0.0,0.0,0.0,0.0,0.0,0.0,0.05,0.0,0.0,0.0,0.0,-0.0065024242720461,-0.007458915899165386,0.005895619785536408
2025-03-21,0.0,0.0,0.0,0.0,0.0,0.0,0.0,0.05,0.0,0.0,0.0,0.0,-0.006829326457026877,-0.007845429480410294,0.006577500703193701
2025-03-24,0.0,0.0,0.0,0.0,0.0,0.0,0.0,0.05,0.0,0.0,0.0,0.0,-0.007159766634961365,-0.007706145029256182,0.006718417402056887
2025-03-25,0.0,0.0,0.0,0.0,0.0,0.0,0.0,0.05,0.0,0.0,0.0,0.0,-0.0071522722956831285,-0.007713165634837264,0.006741731295792277
2025-03-26,0.0,0.0,0.0,0.0,0.0,0.0,0.0,0.05,0.0,0.0,0.0,0.0,-0.007015064782233291,-0.008216687871012734,0.007380112336540948
2025-03-27,0.0,0.0,0.0,0.0,0.0,0.0,0.0,0.05,0.0,0.0,0.0,0.0,-0.00739377541418292,-0.008146672462742074,0.007982371659323634
2025-03-28,0.0,0.0,0.0,0.0,0.0,0.0,0.0,0.05,0.0,0.0,0.0,0.0,-0.007277315734505883,-0.00826512448114751,0.008038343378162107
2025-03-31,0.0,0.0,0.0,0.0,0.0,0.0,0.0,0.05,0.0,0.0,0.0,0.0,-0.007166615164098083,-0.008370931663031855,0.008128230799631748
2025-04-01,0.0,0.0,0.0,0.0,0.0,0.0,0.0,0.0,0.0,0.05,0.0,0.0,-0.017296173758563026,-0.04022240887867906,0.038043566880696496
2025-04-02,0.0,0.0,0.0,0.0,0.0,0.0,0.0,0.0,0.0,0.05,0.0,0.0,-0.016520048451027235,-0.039911238915539854,0.03702301475807328
2025-04-03,0.0,0.0,0.0,0.0,0.0,0.0,0.0,0.0,0.0,0.05,0.0,0.0,-0.01717013799062821,-0.039309896285545,0.03626256897884329
2025-04-04,0.0,0.0,-0.05,0.0,0.0,0.0,0.0,0.05,0.0,0.0,0.05,0.0,-0.06627333638734578,0.030992361349408012,0.016137778825668393
2025-04-07,0.0,0.0,-0.05,0.0,0.0,0.0,0.0,0.05,0.0,-0.05,0.05,0.0,-0.06181769077020593,0.06754840331961022,-0.011451713126670676
2025-04-08,0.05,0.0,-0.05,0.0,0.0,0.0,0.0,0.05,0.0,-0.05,0.05,0.0,-0.08099918444150135,0.07440755059127797,-0.016164455145607198
2025-04-09,0.05,0.0,-0.05,0.0,0.0,0.0,0.0,0.05,0.0,-0.05,0.05,0.0,-0.08419419161082575,0.07346922819308618,-0.013588085645425862
2025-04-10,0.05,-0.05,-0.05,0.0,0.0,0.0,0.0,0.05,0.0,0.0,0.05,0.0,-0.09263998996699843,0.04269650894372286,0.020407351489508667
2025-04-11,0.05,-0.05,-0.05,0.0,0.0,0.0,0.0,0.05,0.0,0.0,0.05,0.0,-0.08599261269765632,0.044218174382792214,0.013890475756115904
2025-04-14,0.05,-0.05,-0.05,0.0,0.0,0.0,0.0,0.05,0.0,0.0,0.05,0.05,-0.10987295042521052,0.05041810065989653,0.012511955179004339
2025-04-15,0.05,-0.05,-0.05,0.0,0.0,0.0,0.0,0.05,0.0,0.0,0.05,0.05,-0.1164084793283048,0.04847316230085335,0.020401729048261923
2025-04-16,0.05,-0.05,-0.05,0.0,0.0,0.0,0.0,0.05,0.0,0.0,0.05,0.05,-0.11622039281521598,0.04724010915285156,0.02173648519997776
2025-04-17,0.05,-0.05,-0.05,0.0,0.0,0.0,0.0,0.05,0.0,0.0,0.05,0.05,-0.12007825735305562,0.045541446990126404,0.026911394757248058
2025-04-21,0.05,-0.05,-0.05,-0.05,0.0,0.0,0.0,0.05,0.0,0.0,0.05,0.05,-0.15181603776360855,0.09262457616147349,0.020239201221107537
2025-04-22,0.0,0.0,0.0,-0.05,0.0,0.0,0.0,0.0,0.0,0.0,0.0,0.05,-0.05851346664294285,0.04723125167626368,0.0019774872861367397
2025-04-23,0.0,0.0,0.0,-0.05,0.0,0.0,0.0,0.0,0.0,0.0,0.0,0.05,-0.05891505548762829,0.05003426678411556,-0.00037802985051382364
2025-04-24,0.0,0.0,0.0,-0.05,0.0,0.0,0.0,0.0,0.0,0.0,0.0,0.05,-0.047431928940669374,0.033835861703200014,0.007073572740108223
2025-04-25,0.0,-0.05,0.0,-0.05,0.0,0.0,0.0,0.0,0.0,0.0,0.0,0.05,-0.0518490202851708,0.03131617322958063,0.022601004633900128
2025-04-28,0.0,0.0,0.0,-0.05,0.0,0.0,0.0,0.0,0.05,0.0,0.0,0.05,-0.07401164735139612,0.012083188635265198,0.03909905025676647
2025-04-29,0.0,0.0,0.0,-0.05,0.0,0.0,0.0,0.0,0.05,0.0,0.0,0.05,-0.07467299498915461,0.013316476202443415,0.03821881657465184
2025-04-30,0.0,0.0,0.0,-0.05,0.0,0.0,-0.05,0.0,0.05,0.0,0.0,0.05,-0.07585374113826482,0.024027833485173414,0.038573112331693776
2025-05-01,0.0,0.0,0.05,0.0,0.0,0.0,-0.05,0.0,0.05,0.0,0.0,0.05,-0.02695678144567509,-0.04827473088797801,0.039727729718188276
2025-05-02,0.0,0.0,0.05,0.0,0.0,0.0,-0.05,0.0,0.05,0.0,0.0,0.05,-0.02657511449301357,-0.04857185173409376,0.03969866322466297
2025-05-05,0.05,0.0,0.05,0.0,0.0,0.0,-0.05,0.0,0.05,-0.05,0.0,0.05,-0.04581957622001098,-0.027499516521658073,0.03307305473418666
2025-05-06,0.05,0.0,0.05,0.0,0.0,0.0,-0.05,0.0,0.05,-0.05,0.0,0.05,-0.04754300722465464,-0.030714428610724855,0.03824726377832355
2025-05-07,0.05,0.0,0.05,0.0,0.0,0.0,-0.05,0.0,0.05,-0.05,0.0,0.05,-0.04875156148420204,-0.0340129592600984,0.04311163350395586
2025-05-08,0.05,0.0,0.05,0.0,0.0,0.0,-0.05,0.0,0.05,-0.05,0.0,0.05,-0.0490665227941893,-0.03372122757950026,0.043090614398419935
2025-05-09,0.05,0.0,0.05,0.0,0.0,0.0,-0.05,0.0,0.05,-0.05,0.0,0.05,-0.04489530307723448,-0.02880204069016889,0.033911161278131756
2025-05-12,0.05,0.0,0.05,0.0,0.0,0.0,-0.05,0.0,0.05,-0.05,0.0,0.0,-0.02695921604625654,-0.020749063440771147,0.0242011018587041
2025-05-13,0.05,0.0,0.05,0.0,0.0,0.0,-0.05,0.0,0.05,-0.05,0.0,0.0,-0.03000350410244463,-0.024393341199558917,0.031515231924327994
2025-05-14,0.05,0.0,0.05,0.0,0.0,0.0,-0.05,0.0,0.05,-0.05,0.0,0.0,-0.029226627454649844,-0.0271746715233941,0.03388066416944309
2025-05-15,0.05,0.0,0.05,0.0,0.0,0.0,-0.05,0.0,0.05,-0.05,0.0,0.0,-0.026652787390601836,-0.015811660591955934,0.019016327619010034
2025-05-16,0.05,0.0,0.05,0.0,0.0,0.0,-0.05,0.0,0.05,0.0,0.0,0.0,-0.027064847913002732,-0.02475808674374844,0.014669967554456164
2025-05-19,0.05,0.0,0.0,0.0,0.0,-0.05,-0.05,0.0,0.05,0.0,0.0,0.0,-0.05261057056271837,0.0024658229833730157,0.035000501682502946
2025-05-20,0.05,0.0,0.0,0.0,0.0,-0.05,-0.05,0.0,0.05,0.0,0.0,0.0,-0.052770672431672175,0.0004844362820952178,0.03728595798940207
2025-05-21,0.05,0.0,0.0,0.0,0.0,-0.05,-0.05,0.0,0.05,0.0,0.0,0.0,-0.055175827402524275,0.0005545601081298739,0.03936610841102793
2025-05-22,0.05,0.0,0.0,0.0,0.0,-0.05,0.0,0.0,0.05,0.0,0.0,0.0,-0.05733415469992792,-0.00957147460343695,0.04136214011817048
2025-05-23,0.05,0.0,0.0,0.0,0.0,-0.05,0.0,0.0,0.05,0.0,0.0,0.0,-0.05742697370401793,-0.00980828974546789,0.04171072422911949
2025-05-27,0.05,0.0,0.0,0.0,0.0,-0.05,0.0,0.0,0.05,0.0,0.0,0.0,-0.05804687663696587,-0.00913166282642397,0.041491420268143814
2025-05-28,0.05,0.0,0.0,0.0,0.0,-0.05,0.0,0.0,0.05,-0.05,0.0,0.0,-0.06183307369254446,-0.00716581393520291,0.05732628248993305
2025-05-29,0.05,0.0,0.0,0.0,0.0,-0.05,0.0,0.0,0.05,-0.05,0.0,0.0,-0.06262807560600632,-0.002373237627873885,0.052912499230786704
2025-05-30,0.05,0.0,0.0,-0.05,0.0,-0.05,0.0,0.0,0.05,-0.05,0.0,0.0,-0.08118016427398457,0.042991028114118486,0.03622944157397367
2025-06-02,0.05,0.0,0.0,-0.05,0.0,-0.05,0.0,0.0,0.0,-0.05,0.0,0.0,-0.048279396107160734,0.04044850121597655,0.024172188047733405
2025-06-03,0.05,0.0,0.0,0.0,0.0,-0.05,0.05,0.0,0.0,-0.05,0.0,0.0,-0.011442258681220674,-0.011217365002459836,0.020029483574649676
2025-06-04,0.05,0.0,0.0,0.0,0.0,-0.05,0.05,0.0,0.0,-0.05,0.0,0.0,-0.011712187574716593,-0.013349321043340703,0.022625017188130484
2025-06-05,0.05,0.0,0.0,0.0,0.0,-0.05,0.05,0.0,0.0,-0.05,0.0,0.0,-0.013028356160802263,-0.013581705101315386,0.024157932003755298
2025-06-06,0.05,0.0,0.0,0.0,0.0,-0.05,0.05,0.0,0.0,-0.05,0.0,0.0,-0.016275477608916192,-0.01254492696637972,0.025717725100196744
2025-06-09,0.05,0.0,0.0,0.0,0.0,0.0,0.05,-0.05,0.0,-0.05,0.0,0.0,0.006468630090631529,0.0005802326822054284,-0.009559709008253517
2025-06-10,0.05,0.0,0.0,0.0,0.0,0.0,0.05,-0.05,0.0,-0.05,0.0,-0.05,0.02197105832994363,0.023763862998079564,-0.032738347847556915
2025-06-11,0.05,0.0,0.0,0.0,0.0,0.0,0.05,0.0,0.0,-0.05,0.0,-0.05,0.0023061392070033403,0.014182114790740868,-0.013970989059471067
2025-06-12,0.05,0.0,0.0,0.0,0.0,0.0,0.05,0.0,0.0,-0.05,0.0,-0.05,0.00010863404698300064,0.014241955279630888,-0.012177830741074537
2025-06-13,0.05,0.0,0.0,0.0,0.0,0.0,0.05,0.0,0.0,0.0,0.0,-0.05,0.0075698266777326426,0.004962283746725141,-0.022554691326925645
2025-06-16,0.0,0.0,0.0,0.0,0.0,0.0,0.05,0.0,0.0,0.0,0.0,-0.05,0.018253701776395948,0.005242749328785233,-0.016923745365890606
2025-06-17,0.0,0.0,0.0,0.0,0.0,0.0,0.05,0.0,0.0,0.0,0.0,-0.05,0.018506238276168128,0.004889301451363071,-0.016778270782605513
2025-06-18,0.0,0.0,0.0,0.0,-0.05,0.0,0.05,0.0,0.0,0.0,0.0,-0.05,-0.00017969249661693373,0.015096599140335395,0.010415949796106647
2025-06-20,0.0,0.0,0.0,0.0,-0.05,0.0,0.05,0.0,0.0,0.0,0.0,-0.05,0.0003536608193275264,0.021587509912336912,0.0023183781568895077
2025-06-23,0.0,0.0,0.0,0.0,-0.05,0.0,0.05,-0.05,0.0,0.0,0.0,-0.05,0.01884794418311253,0.03335498256864149,-0.017479292659452385
2025-06-24,0.0,0.0,0.0,0.0,-0.05,0.0,0.05,-0.05,0.0,0.0,0.0,-0.05,0.011899016722430376,0.03512302533863296,-0.012895194398980656
2025-06-25,0.0,0.0,0.0,0.0,-0.05,0.0,0.05,-0.05,0.0,0.0,0.0,-0.05,0.012874025980030018,0.03321933200005592,-0.01160000231875332
2025-06-26,0.0,0.0,0.0,0.0,-0.05,0.0,0.05,-0.05,0.0,0.0,0.0,-0.05,0.009462857868011404,0.03350209231496455,-0.008630695649347443
2025-06-27,0.0,0.0,0.0,0.0,-0.05,0.0,0.05,-0.05,0.0,0.0,0.0,-0.05,0.0026906964698589575,0.033685128774073286,-0.002826264697628641
2025-06-30,0.0,0.0,0.0,0.0,-0.05,0.0,0.0,-0.05,0.0,0.0,0.0,-0.05,-0.0026175776040291976,0.04551630564931425,0.00011465777245676934
2025-07-01,0.0,0.0,0.0,0.0,-0.05,0.0,0.0,-0.05,0.0,0.0,0.0,0.0,-0.007601743126495544,0.02632511876980223,0.009299216712144502
2025-07-02,0.0,0.0,0.0,0.05,-0.05,0.0,0.0,-0.05,-0.05,0.0,0.0,0.0,0.03945053615862299,0.006791771498171597,-0.00838557932338066
2025-07-03,0.0,0.0,0.0,0.05,-0.05,0.0,0.0,0.0,0.0,0.0,0.0,0.0,-0.002196393656704196,-0.008702608664976581,0.016776202937892247
2025-07-07,0.0,0.0,0.0,0.05,0.0,0.0,0.0,0.0,0.0,0.0,0.0,0.0,0.019169105690516376,-0.0216599316226901,-0.010714494686634886
2025-07-08,0.0,0.0,0.0,0.05,0.0,0.0,0.0,0.0,0.0,0.0,0.0,0.0,0.01964748750820043,-0.022479919477268743,-0.010677479103020181
2025-07-09,0.0,0.0,0.0,0.05,0.0,0.0,0.0,0.0,-0.05,0.0,0.0,0.0,0.0480863213919258,-0.0054553002593864496,-0.03748250035280435
2025-07-10,0.0,0.0,-0.05,0.05,0.0,0.05,0.0,0.0,-0.05,0.0,0.0,0.0,0.015393283464331161,0.016766015358575886,-0.02309951710418404
2025-07-11,0.0,0.0,-0.05,0.05,-0.05,0.05,0.0,0.0,-0.05,0.0,0.0,0.0,-0.007794597631041067,0.029570924196738894,0.0022819883865786567
2025-07-14,0.0,0.0,-0.05,0.05,-0.05,0.05,0.0,0.0,-0.05,0.0,0.0,0.0,-0.019733163586986062,0.023599593204835623,0.018147498132193213
2025-07-15,0.0,0.0,-0.05,0.05,-0.05,0.05,0.0,0.0,-0.05,0.0,0.0,0.0,-0.01978842481261487,0.02777473785939899,0.013439370904722265
2025-07-16,0.0,0.0,-0.05,0.05,0.0,0.05,0.0,0.0,-0.05,0.0,0.0,0.0,0.02148545237578478,0.015571039510774085,-0.02889892824161047
2025-07-17,-0.05,0.0,-0.05,0.05,0.0,0.05,0.0,0.0,-0.05,0.0,0.05,0.0,-0.00047810332936358904,-0.006016326901091291,0.014243852334204811
2025-07-18,-0.05,0.0,-0.05,0.05,0.0,0.05,0.0,0.0,-0.05,0.0,0.05,0.0,-0.0012402671819799552,-0.005796558784391528,0.014066440093852994
2025-07-21,-0.05,0.0,-0.05,0.05,0.0,0.05,0.0,0.0,-0.05,0.0,0.05,0.0,-0.003960542478419329,-0.0041257823576681535,0.01345863377152206
2025-07-22,-0.05,0.05,0.0,0.05,0.0,0.05,0.0,0.0,-0.05,0.0,0.0,0.0,0.05827155004986956,-0.011890179920000967,-0.0468330431268005
2025-07-23,-0.05,0.05,0.0,0.05,0.0,0.05,0.0,0.0,-0.05,0.0,0.0,0.0,0.06032567349434516,-0.011440027266271247,-0.04851787503913138
2025-07-24,-0.05,0.05,0.0,0.0,0.0,0.05,0.0,0.05,-0.05,0.0,0.0,0.05,0.011515411636181305,-0.004550841918400553,-0.020989362058829765
2025-07-25,-0.05,0.05,0.0,0.0,0.0,0.05,0.0,0.05,0.0,0.0,0.0,0.05,-0.01806443125881286,-0.013006884301058891,-0.004567843274981399
2025-07-28,-0.05,0.05,0.0,0.0,0.0,0.0,0.0,0.05,0.0,0.0,0.0,0.05,0.000978249235752117,-0.009749596978282888,-0.013662525187265425
2025-07-29,-0.05,0.05,0.0,0.0,0.0,0.0,0.0,0.05,0.0,0.0,0.0,0.05,0.00026500339402836873,-0.01006894629603289,-0.01266952924983764
2025-07-30,-0.05,0.05,0.0,0.0,0.0,0.0,0.0,0.05,0.0,0.0,0.0,0.05,-0.0037918721182267773,-0.011702382275049371,-0.006246739219956554
2025-07-31,0.0,0.05,0.0,0.0,0.0,0.0,0.0,0.05,0.0,0.0,0.0,0.05,-0.00579368743219061,-0.015106964949071848,-0.011783165482851946
2025-08-01,0.0,0.0,0.0,0.0,0.0,0.0,0.0,0.05,0.0,0.0,0.05,0.05,-0.014618323791092295,-0.028625167150622476,0.0022541465615471268
2025-08-04,0.0,0.0,0.0,0.0,0.0,0.0,0.0,0.05,0.0,0.0,0.05,0.05,-0.014111371854387426,-0.02737640974606307,0.003455391461081262
2025-08-05,0.0,-0.05,0.0,0.0,0.0,0.0,0.0,0.05,0.0,0.0,0.05,0.05,-0.00716767145738083,-0.020279432315139994,-0.0007661934084583696
2025-08-06,0.0,0.0,0.0,0.0,0.0,0.0,0.0,0.05,0.0,0.0,0.05,0.05,-0.010221018712768414,-0.020877575999569672,-0.005465317650891021
2025-08-07,0.0,0.0,0.0,0.0,0.0,0.0,0.0,0.05,0.0,0.0,0.05,0.05,-0.01233507320313488,-0.022774860221673555,-0.0018907801434989487
2025-08-08,0.0,0.05,0.0,0.0,0.0,0.0,0.0,0.0,0.0,0.0,0.05,0.05,-0.003273324432547726,-0.023884473595996034,-0.0005772184605203311
2025-08-11,0.0,0.05,0.0,0.0,0.0,0.0,0.05,0.0,0.0,0.0,0.05,0.05,-0.007808392569101555,-0.03998910270276551,0.004955883904403088
2025-08-12,0.0,0.05,0.0,0.0,0.0,0.0,0.05,0.0,0.0,0.0,0.05,0.05,-0.00915093764837275,-0.04208562475943303,0.008164731878835308
2025-08-13,0.0,0.05,0.0,0.0,0.0,0.0,0.05,0.0,0.0,0.0,0.05,0.05,-0.010167732762789837,-0.04426013361321929,0.009395807103463636
2025-08-14,0.0,0.05,0.0,0.0,0.0,0.0,0.05,0.0,0.0,0.0,0.0,0.05,-0.001975318365405751,-0.03150266697660421,0.0017535764314551422
2025-08-15,0.0,0.05,0.0,0.0,0.0,0.0,0.05,0.0,-0.05,0.0,0.0,0.05,0.0250665651321269,-0.02804271009595424,-0.006842058670584888
2025-08-18,0.0,0.05,0.0,0.0,0.0,0.0,0.0,0.0,-0.05,0.0,0.0,0.0,0.025391816332637072,-0.005035284036770794,-0.0074935313233831565
2025-08-19,0.0,0.05,0.0,0.0,0.0,0.0,0.0,0.0,-0.05,0.0,0.0,0.0,0.026149715737373576,-0.006237551184967493,-0.006321376043195761
2025-08-20,0.0,0.05,0.0,0.0,0.0,0.0,0.0,0.0,-0.05,0.05,0.0,0.0,0.02515273321733513,-0.058477746971027415,0.034109757338096826
2025-08-21,0.0,0.05,0.0,0.0,0.0,0.0,0.0,0.0,-0.05,0.05,0.0,0.0,0.019695413350578277,-0.0588329106149421,0.040038121732900264
2025-08-22,0.0,0.05,0.0,0.0,0.0,0.0,0.0,0.0,-0.05,0.05,0.0,0.0,0.022569499836850485,-0.05979335119083244,0.04100678392959619
2025-08-25,0.0,0.05,0.0,0.0,0.0,0.0,0.0,0.0,-0.05,0.05,0.0,0.0,0.024887597483523108,-0.06149486955526155,0.04221557167667106
2025-08-26,0.0,0.05,0.0,0.0,0.0,0.0,0.0,0.0,-0.05,0.05,0.0,0.0,0.0243858849367673,-0.06158906747066607,0.042545738132280894
2025-08-27,0.0,0.0,0.0,0.0,0.0,0.0,0.0,0.0,-0.05,0.05,0.0,0.0,0.023564915805373746,-0.057475180983078515,0.04625776146595435
2025-08-28,0.0,0.0,0.0,0.0,0.0,0.0,0.0,0.0,-0.05,0.05,0.0,0.0,0.025744542153700003,-0.05461078964876179,0.041348710191218656
2025-08-29,0.0,0.0,0.0,-0.05,0.0,0.0,-0.05,0.0,-0.05,0.05,0.0,0.0,0.020084565401952807,-0.03597160218486911,0.05575542216319937
2025-09-02,0.0,0.0,0.0,-0.05,0.0,0.0,-0.05,0.0,-0.05,0.05,0.0,0.0,0.024058033720284352,-0.0367614562261249,0.05229851448487253
2025-09-03,0.0,0.0,0.0,-0.05,0.0,0.0,-0.05,0.0,-0.05,0.05,0.0,0.0,0.02190415500462558,-0.03989213153243094,0.057537369990549016
2025-09-04,0.0,0.0,0.05,-0.05,0.0,0.0,-0.05,0.0,0.0,0.05,0.0,0.0,0.0004976822831525701,-0.0619647665816082,0.06748825326267913
2025-09-05,0.0,0.0,0.05,-0.05,0.0,0.0,0.0,0.0,0.0,0.05,-0.05,0.0,-0.010277682660329433,-0.06011101688008541,0.0757098879352837
2025-09-08,0.0,0.0,0.05,-0.05,0.05,0.0,-0.05,0.0,0.0,0.05,-0.05,0.0,0.0010526760297474378,-0.08705521835468973,0.08397987988060367
2025-09-09,0.0,0.0,0.05,0.0,0.05,-0.05,-0.05,0.0,0.0,0.0,-0.05,0.0,0.07523010429103712,-0.039521015741121115,-0.022153504514742767
2025-09-10,0.0,0.0,0.05,-0.05,0.05,-0.05,-0.05,0.0,0.0,0.0,-0.05,0.0,0.024496892538540517,-0.03937005451146453,0.03982095276798941
2025-09-11,0.0,0.0,0.05,0.0,0.05,-0.05,0.0,0.0,0.0,-0.05,0.0,0.0,0.07662752893026603,0.05177232802422581,-0.12677513254739467
2025-09-12,0.0,0.0,0.05,0.0,0.05,0.0,0.0,0.0,0.0,-0.05,0.0,0.0,0.04791898205499827,0.056497799193906115,-0.11348516474475576
2025-09-15,0.0,0.0,0.05,0.0,0.05,0.0,0.0,0.0,0.0,-0.05,0.0,0.0,0.050831825932489985,0.061677968063731894,-0.12346276453494791
2025-09-16,0.0,0.0,0.05,0.0,0.05,0.0,0.0,0.0,0.0,-0.05,0.0,0.0,0.04895157978638724,0.06133440928453707,-0.12071556148737697
2025-09-17,0.0,0.0,0.05,0.0,0.05,0.0,0.0,0.0,0.0,-0.05,0.0,0.0,0.04386697785116334,0.058933046937035743,-0.11552385076992044
2025-09-18,0.0,0.0,0.0,0.0,0.05,-0.05,0.0,0.0,0.0,-0.05,-0.05,0.0,0.06378322341652021,0.08984821604308092,-0.13241085752409015
2025-09-19,0.0,0.0,0.0,0.0,0.0,-0.05,0.0,0.0,0.0,-0.05,-0.05,0.0,0.06015577190643891,0.11248423874897533,-0.13795904755668412
2025-09-22,0.0,0.0,0.0,0.0,0.0,-0.05,0.0,0.0,-0.05,-0.05,-0.05,0.0,0.09093050432014263,0.13809816643282222,-0.17515427233604638
2025-09-23,0.0,0.0,0.0,0.0,0.0,-0.05,0.0,0.0,-0.05,0.0,-0.05,0.0,0.05948429276748524,0.018616838771980684,-0.037963436461111465
2025-09-24,0.0,0.0,0.0,0.0,0.0,-0.05,0.0,0.0,-0.05,0.0,-0.05,0.0,0.0581354153124643,0.01808228233535755,-0.03750357847858539
2025-09-25,0.0,0.0,0.0,0.0,0.0,-0.05,0.0,0.0,-0.05,0.0,-0.05,0.0,0.05530971076918795,0.01608724389076945,-0.03423738589814686
2025-09-26,0.0,0.0,0.0,0.0,0.0,-0.05,0.0,0.0,0.0,0.0,-0.05,0.0,0.02688044012193952,0.002912371096221184,-0.008971624662468338
2025-09-29,0.0,0.0,0.0,0.0,0.0,-0.05,0.0,0.0,0.0,0.0,-0.05,0.0,0.027036682667457942,0.0036160970809153235,-0.009247871730679006
2025-09-30,0.0,0.0,0.0,0.0,0.0,-0.05,0.0,0.0,0.0,0.0,0.0,0.0,0.014567681315203777,-0.0009033948343156947,-0.0042327186440049075
2025-10-01,0.0,0.0,0.0,0.0,0.0,-0.05,0.0,0.0,0.0,0.0,0.0,0.0,0.013131400446111847,-0.0016942800644364879,-0.0023744567265990522
2025-10-02,0.0,0.0,0.0,0.0,0.0,0.0,0.0,0.0,0.0,0.0,0.0,0.0,-0.0,-0.0,-0.0
2025-10-03,0.0,0.0,0.0,0.0,0.0,0.0,0.0,0.0,0.0,0.0,0.0,0.0,-0.0,-0.0,-0.0
2025-10-06,0.0,0.0,0.0,0.0,0.0,0.0,0.0,0.0,0.0,0.0,0.0,0.0,-0.0,-0.0,-0.0
2025-10-07,0.0,0.0,0.0,0.0,0.0,0.0,0.0,0.0,0.0,0.0,0.0,0.0,-0.0,-0.0,-0.0
2025-10-08,0.0,0.0,0.0,0.0,0.0,0.0,0.0,0.0,0.0,0.0,0.0,0.0,-0.0,-0.0,-0.0
2025-10-09,0.0,0.0,0.0,0.0,0.0,0.0,0.0,0.0,0.0,0.0,0.0,0.0,-0.0,-0.0,-0.0
2025-10-10,0.0,0.0,0.0,0.0,0.0,0.0,0.0,0.0,0.0,0.0,0.0,0.0,-0.0,-0.0,-0.0
2025-10-13,0.0,0.0,0.0,0.0,0.0,0.0,0.0,0.0,0.0,0.0,0.0,0.0,-0.0,-0.0,-0.0
2025-10-14,0.0,0.0,0.0,0.0,0.0,0.0,-0.05,0.0,0.0,0.0,0.0,0.0,0.008504970599963775,-0.0034968072380288243,0.005141167973412108
2025-10-15,0.0,0.0,0.0,0.0,0.0,0.0,0.0,0.0,0.0,0.0,0.0,0.0,-0.0,-0.0,-0.0
2025-10-16,0.0,0.0,0.0,0.0,0.0,0.0,0.0,0.0,0.0,0.0,0.0,0.0,-0.0,-0.0,-0.0
2025-10-17,0.0,0.0,0.0,0.0,0.0,0.0,-0.05,0.0,0.0,0.0,0.0,0.0,-0.009221659211302403,0.0018389950431352707,0.011877729373205255
2025-10-20,0.0,0.0,0.0,0.0,0.0,0.0,-0.05,-0.05,0.0,0.0,0.0,0.0,0.00042242959835549904,0.009439192442745228,0.0052358401208914985
2025-10-21,0.0,0.0,0.0,0.0,0.0,0.0,-0.05,-0.05,0.0,0.0,0.0,0.0,0.0008919061729582498,0.007356858126955546,0.008473646762956213
2025-10-22,0.0,0.0,0.0,0.0,0.0,0.0,-0.05,-0.05,0.0,0.0,0.0,0.0,8.25892990399639e-05,0.008558350186719823,0.007597658502258356
2025-10-23,0.0,0.0,0.0,0.0,0.0,0.0,-0.05,-0.05,0.0,0.0,0.0,0.0,-0.0017464595738526916,0.00842636750692558,0.009392866306448183
2025-10-24,0.0,0.0,0.0,0.0,0.0,0.0,-0.05,-0.05,0.0,0.0,0.0,0.0,-0.0023147603343840265,0.00738306003519352,0.010577510319136365
2025-10-27,0.0,0.0,0.0,0.0,0.0,0.0,-0.05,-0.05,0.0,0.0,0.0,0.0,-0.00255801612615234,0.006502062750229818,0.011232537561017417
2025-10-28,0.0,0.0,0.0,0.0,0.0,0.0,-0.05,-0.05,0.0,0.0,-0.05,0.0,0.013097423951484062,0.005897725622296502,0.018396905144741786
2025-10-29,0.0,-0.05,0.0,0.0,0.0,0.0,-0.05,-0.05,0.0,0.0,-0.05,0.0,0.02436227857571268,0.0061413041142058455,0.018547308501568056
2025-10-30,0.0,-0.05,0.0,0.0,0.0,0.0,0.0,0.0,0.0,0.0,0.0,0.0,0.0023403835556689303,0.0007217151679142338,0.005021040369370761
2025-10-31,0.0,0.0,0.0,0.0,0.0,0.0,0.0,-0.05,0.0,0.0,-0.05,0.0,0.0384987857818766,0.0077840129758188215,-0.010119464548316956
2025-11-03,0.0,0.0,0.0,0.0,0.0,0.0,0.0,-0.05,0.0,0.0,-0.05,0.0,0.04080430382633324,0.007521087342082521,-0.0113980276062
2025-11-04,0.0,0.0,0.0,0.0,0.0,0.0,0.0,-0.05,0.0,0.0,-0.05,0.0,0.03885163190729905,0.007283972441671284,-0.009937344325777503
2025-11-05,0.0,0.0,0.0,0.0,0.0,0.0,0.0,-0.05,0.0,0.0,0.0,0.0,0.008366447821956008,0.010102847830432977,-0.010566088048108588
2025-11-06,0.0,0.05,0.0,0.0,0.0,0.0,0.0,-0.05,0.0,0.0,-0.05,0.0,0.02895528283919729,0.006452976969082232,-0.00791006350738327
2025-11-07,0.0,0.05,0.0,0.0,0.0,0.0,0.0,-0.05,0.0,0.0,-0.05,0.0,0.025937967374728692,0.006162974058042356,-0.005054436447514757
2025-11-10,0.0,0.05,0.0,0.0,0.0,0.0,0.0,-0.05,0.0,0.0,-0.05,0.0,0.02379900087933,0.005796100800674254,-0.0030668136842812617
2025-11-11,0.0,0.05,0.0,0.0,0.0,0.05,0.0,-0.05,0.0,0.0,0.0,0.0,-0.001511672932762569,0.014701087386279357,-0.024157079583914495
2025-11-12,0.0,0.05,0.0,0.0,0.0,0.05,0.0,-0.05,0.0,0.0,0.0,0.0,-0.0052535872886747634,0.016050108405081528,-0.02294786310254772
2025-11-13,0.0,0.05,0.0,0.0,0.0,0.0,0.0,-0.05,0.0,0.0,0.0,0.0,0.004992071259464912,0.009707898103335284,-0.016046590544991666
2025-11-14,0.0,0.05,0.0,0.0,0.0,0.0,0.0,0.0,0.0,0.0,-0.05,0.0,0.009898599792486138,-0.004705341418511383,0.009110266751044477
2025-11-17,0.0,0.0,0.0,0.0,0.0,0.0,0.0,0.0,0.0,0.0,-0.05,0.0,0.01716465984322328,-0.004769744451498102,0.012098902471136276
2025-11-18,0.0,0.0,-0.05,0.0,0.0,0.0,0.0,0.0,0.0,0.0,0.0,0.0,-0.011817027893056067,0.029996498307229946,-0.005848598278832721
2025-11-19,0.0,0.0,-0.05,0.0,0.0,0.0,0.0,0.0,0.0,0.0,0.0,0.0,-0.010430387832956127,0.029925006450128067,-0.006604063897152299
2025-11-20,0.0,0.05,-0.05,0.0,0.0,0.05,0.0,0.0,0.0,0.0,0.0,0.0,-0.031566082942373924,0.034364605350073185,-0.0116294970946355
2025-11-21,0.0,0.05,-0.05,0.0,0.0,0.05,0.0,0.0,0.0,0.0,0.0,0.0,-0.02799757163373799,0.0342494504998698,-0.015241405228713775
2025-11-24,0.0,0.05,-0.05,0.0,0.0,0.05,0.0,0.0,0.0,0.0,0.0,0.0,-0.03189756999876974,0.03513475236117079,-0.013610171001497424
2025-11-25,0.0,0.05,-0.05,0.0,0.0,0.05,0.0,0.0,0.0,0.0,0.0,0.0,-0.0337973082440165,0.032372711205194166,-0.008343242135898866
2025-11-26,0.0,0.05,-0.05,0.0,0.0,0.05,0.0,0.0,0.0,0.0,0.05,0.0,-0.05511074349751518,0.03249968371218308,-0.011947878919567632
2025-11-28,0.0,0.05,-0.05,0.0,0.0,0.05,0.0,0.0,0.0,0.0,0.05,0.0,-0.055172285275135055,0.03284286773552486,-0.012505004655661605
2025-12-01,0.0,0.05,0.0,-0.05,0.0,0.05,0.0,0.0,0.0,0.0,0.05,-0.05,-0.056224958234996986,0.023143872421198444,0.010104205871847212
2025-12-02,0.0,0.05,0.0,-0.05,0.0,0.05,0.0,0.0,0.0,0.0,0.05,-0.05,-0.034345835033346456,0.022009627693115274,-0.0032330905381712516
2025-12-03,0.0,0.05,0.0,-0.05,0.0,0.05,0.0,0.0,0.0,0.0,0.05,-0.05,-0.03437302845947754,0.022437938379207205,-0.0036244400300662356
2025-12-04,0.0,0.05,0.0,-0.05,0.0,0.05,0.0,0.0,0.0,0.0,0.0,0.0,-0.02728587732311509,0.025686708494355916,-0.003089835207461539
2025-12-05,0.05,0.05,0.0,-0.05,0.0,0.0,-0.05,0.0,0.0,0.0,0.0,0.0,-0.02540095812581119,0.010578841910825929,0.02021991860919474
2025-12-08,0.05,0.05,0.0,-0.05,0.0,-0.05,-0.05,0.0,0.0,0.0,0.0,0.0,0.0011273626340698182,0.013326797864088313,0.005060376611619637
2025-12-09,0.05,0.05,0.0,-0.05,0.0,-0.05,-0.05,0.0,0.05,0.0,0.0,0.0,0.03200681210729485,-0.0014519892971053359,-0.022745715431290284
2025-12-10,0.05,0.05,0.0,-0.05,0.0,-0.05,-0.05,0.0,0.05,0.0,0.0,0.0,0.027433478332917587,-0.002323809381662988,-0.018081798687500407
2025-12-11,0.05,0.05,0.0,-0.05,0.0,-0.05,-0.05,0.0,0.05,0.0,0.0,0.0,0.03388304073730898,-0.002057316675238008,-0.02267100745846084
2025-12-12,0.05,0.05,0.0,-0.05,0.0,-0.05,-0.05,0.0,0.05,0.0,0.0,0.0,0.03694248470712438,-0.0015673829225809266,-0.025385496724046285
2025-12-15,0.05,0.05,0.0,0.0,0.0,-0.05,-0.05,0.0,0.05,0.0,0.0,0.0,0.0558729416001746,0.01077925839913102,-0.07394615928219621
2025-12-16,0.05,0.05,0.0,0.0,0.0,-0.05,-0.05,0.0,0.05,0.0,-0.05,0.0,0.07793905497112501,0.013473590270968719,-0.07348379026183964
2025-12-17,0.05,0.05,0.0,0.0,0.0,-0.05,-0.05,0.0,0.05,0.0,-0.05,0.0,0.07625180773268297,0.012493928184103536,-0.07119456905652045
2025-12-18,0.05,0.0,0.0,0.0,0.05,-0.05,-0.05,0.0,0.0,0.0,-0.05,0.0,0.07177916807937515,-0.01816578012335523,-0.03527746729258184
2025-12-19,0.05,0.0,0.0,0.0,0.05,-0.05,-0.05,0.0,0.0,0.0,-0.05,0.0,0.07041462171666937,-0.0183971913811532,-0.03350263416687707
2025-12-22,0.05,0.0,0.0,0.0,0.05,-0.05,-0.05,0.0,0.0,0.0,0.0,0.0,0.04246452702615342,-0.02075949617327322,-0.03072098714202067
2025-12-23,0.05,0.0,0.0,0.0,0.05,-0.05,-0.05,0.0,0.0,0.0,0.0,0.0,0.04153394763502671,-0.019666025865609435,-0.031531692387373494
2025-12-24,0.05,0.0,0.0,0.0,0.05,-0.05,-0.05,0.0,0.0,0.0,0.0,0.0,0.040948945663281625,-0.01977928374570865,-0.031169779655153957
2025-12-26,0.05,0.0,0.0,0.0,0.05,-0.05,-0.05,0.0,0.0,0.0,0.0,0.0,0.0462264683606016,-0.016588509491639283,-0.03828783648727581
2025-12-29,0.05,0.0,0.0,0.0,0.05,-0.05,-0.05,0.0,0.0,0.0,0.0,0.0,0.04778177367506269,-0.013422760468268468,-0.04288115440172616
2025-12-30,0.05,0.0,0.0,0.0,0.05,-0.05,-0.05,0.0,0.0,0.0,0.0,0.0,0.048802427512337196,-0.01361804120876969,-0.04332181543380062
2025-12-31,0.05,0.0,0.0,0.0,0.0,-0.05,-0.05,0.0,0.0,0.0,0.0,0.0,0.03206228295166721,0.023809237521892835,-0.044507311203921436
