date,AAPL,MSFT,NVDA,AVGO,AMD,ADBE,CRM,CSCO,INTC,ORCL,QCOM,TXN,XLK
2020-07-01,-0.0,0.0,0.0,-0.0,-0.0,-0.0005142197256626527,0.0,-0.0,-0.0,0.0,-0.0,-0.0,4.0335730965751014e-05
2020-07-02,0.0,0.0,0.0,0.0,-0.0,-0.00035570406939362435,0.0,-0.0,0.0,0.0,0.0,0.0,0.000143766925920391
2020-07-06,0.0,0.0,0.0,0.0,0.0,-0.0010764870766284984,0.0,0.0008582502953489934,0.0,0.0,0.0,0.0,2.46851511306156e-06
2020-07-07,-0.0,-0.0,0.0,-0.0,-0.0,0.0003581145083217057,-0.0,-0.0008582502953489901,-0.0,-0.0,-0.0,-0.0,-2.9711979454045875e-06
2020-07-08,0.0,0.0,0.0,0.0,0.0,-0.0009172950868048041,-0.0009832414860299918,0.00019685064796697997,0.0,0.0,0.0,0.0,0.00042472138696857814
2020-07-09,0.0,0.0,0.0,0.0,0.0,-0.000344033060478974,-0.00011470754619551426,0.0009620878388100465,-0.0,0.0,-0.0,0.0,9.543702743728845e-05
2020-07-10,0.0,0.0001518728240728237,-0.0,-0.0,-0.0,-0.0005781907715902033,0.00046544553116266874,-4.2844904078391745e-05,0.0,-0.0,-0.0,0.0,-1.3978000751790519e-05
2020-07-13,-0.0,0.001568793420148168,-0.0,-0.0,-0.0,0.0026121030531068012,0.00272263938402419,-0.0007884384127790911,-0.0,-0.0,-0.0,-0.0,-0.001072030260020541
2020-07-14,0.0,-0.0003081228758264485,0.0,0.0,0.0,-0.0,0.0,0.0003579579232795537,0.0,0.0,0.0,0.0,1.4823807909747275e-05
2020-07-15,0.0,7.444944817953819e-05,-0.0,-0.0,0.0,-0.0,-0.0,0.00015109012144582238,0.0,-0.0,0.0,0.0,8.076017706139398e-06
2020-07-16,-0.0,-0.0,-0.0,-0.0,-0.0,-0.0,-0.0,-0.0006726072353894549,0.0,-0.0,-0.0,0.0,0.000298591573022629
2020-07-17,-0.0,-0.0,0.0,0.0,0.0,0.0,0.0,0.001048347060513762,0.0,-0.0,0.0,0.0,-0.00011531248280262776
2020-07-20,0.0,0.0,0.0,0.0,0.0,0.0,0.0,0.0,0.0,0.0,0.0,0.0,-0.0
2020-07-21,-0.0,-0.0,-0.0,-0.0,-0.0,-0.0,-0.0,0.0,-0.0,0.0,-0.0,-0.0,0.0
2020-07-22,0.0,0.0,0.0,-0.0,0.0,0.0,0.0,-0.0,0.0,0.0,0.0,-0.0,-0.0
2020-07-23,-0.0,-0.0,-0.0,-0.0,0.0018294723716146086,-0.0,-0.0,0.0,-0.0,-0.0,-0.0,-0.0,-0.0007436218990119337
2020-07-24,-0.00012401602389362993,-0.0,0.0,-0.0,-0.007636738793608141,-0.0,-0.0,-0.0,-0.0,-0.0,-0.0,0.0,-6.791151780792427e-05
2020-07-27,0.0011711886677590701,0.0,0.0,0.0,-0.0,0.0,0.0,0.0,-0.0010184058135681141,-0.0,0.0,0.0,-0.0007909146715233486
2020-07-28,-0.0008282010556920317,-0.0,-0.0,-0.0,-0.0,-0.0,-0.0,-0.0,-0.0,0.0,-0.0,-0.0,0.00027779446613534424
2020-07-29,0.0009493493899153858,0.0,0.0,0.0,0.0,0.0,0.0,0.0,-0.0,0.0,0.0,0.0,-0.0003492610252489403
2020-07-30,0.0006013773275094653,-0.0,0.0,0.0,0.0,0.0,-0.0,-0.0,-0.0,-0.0,0.0,-0.0,-0.00013605500217451545
2020-07-31,0.0,0.0,0.0,0.0,-0.0,0.0,0.0,0.0,-0.0,0.0,0.0007424948472522502,-0.0,0.0007216078127691538
2020-08-03,-0.0012442701128721266,0.0,0.0,0.0,0.0,0.0,0.0,0.0,0.0,0.0,-0.0018496532858458888,0.0,0.0013311046094804208
2020-08-04,-0.0003327970566574607,-0.0,0.0,0.001102227449133589,0.0,-0.00011733291039628979,-0.0,0.0,0.0,0.0,-0.0006166759951651015,0.0,1.3873670874396835e-05
2020-08-05,-0.00018090609215179167,-0.0,0.0,0.00017479080922790896,0.0,0.0002889246463061934,0.0,-0.0,-0.0,-0.0,-0.00019789537392476766,0.0,1.957726982420397e-05
2020-08-06,-0.0017147216516986354,0.0,0.0,-5.768939458865706e-05,0.0,0.0015981746245052328,0.0,0.0,-0.0,-0.0,0.0001483480521818653,0.0,7.407211183439475e-05
2020-08-07,0.0012399808861302214,-0.0,-0.0,-0.0004930660176833865,-0.0,-0.0015915011360404633,-0.0,-0.0,-0.0,-4.5244777315918036e-05,0.0012813614465430946,-0.0,0.000136746266124439
2020-08-10,-0.0007215100179959297,-0.0,-0.0,0.00021889241897085802,-0.0,-0.0007033693482530156,-0.0,0.0,0.0,-0.0002632301622984096,0.0008806900253890082,0.0,2.154186562915266e-05
2020-08-11,0.0015095528624966689,-0.0,-0.0,-0.0005112189332384578,-0.0,-0.0009174778210030347,-0.0,-0.0,-0.0,-0.0006135046295907181,-0.0011478732666575606,0.0,0.00014055727781395677
2020-08-12,-0.0016346982847140472,0.0,0.0,0.0014613231637459207,0.0,0.0011504158442908448,0.0,0.0,0.0,-9.221692027529745e-05,-0.003099558695810572,0.0,-0.0001886277362159646
2020-08-13,-0.0008771385366215325,-0.0,0.0,-0.0006364517509440602,-0.0,0.0005204541172966208,0.0006498956773542865,-0.0,-0.0,-0.00013864506526689788,0.0010384317398471304,-0.0,-1.4571170708735876e-05
2020-08-14,4.4581211430439426e-05,0.0,0.0,-0.0002434427546657786,-0.0,-0.00026960248917072766,-0.00043232384627014454,-0.00025815593607840916,0.0,0.00016632800405654642,-0.00014527855257072156,0.0,3.743446428346142e-05
2020-08-17,0.0001307104855248181,0.0,0.0,0.00037986021583103353,0.0,0.00044262839387057144,0.0008406143665105483,-0.0004846946573945906,0.0,-0.00019410321077024582,0.000690520889923133,0.0,-0.0003524698312345882
2020-08-18,-0.00041491309909793216,0.0,0.00030998869504810585,-0.00025494774188207964,-0.0,0.0013037707715511553,0.001814297608301296,-0.00013084341949962602,-0.0,0.0010900862279472198,6.69015754779464e-05,0.0,-9.218999638691711e-05
2020-08-19,-6.269728845054673e-05,-0.0,0.000501044183767044,8.664591360383163e-05,-0.0,-0.00016207119385353748,0.0,-0.00013118671807174092,-0.0,0.0009158094055252751,0.0004438097906068749,-0.0,-1.8095771505444081e-06
2020-08-20,-0.0010973483300428571,0.0,-1.0296752440683622e-05,-5.774725582640509e-05,0.0,0.0017513938433583777,0.0,0.0005226942350462048,0.0,-0.0,-0.0,0.0,-0.000151613772502303
2020-08-21,-0.0025124286074218946,-0.0,-0.0021856890797938874,0.0001806179394458565,0.0,-0.0,-0.0,-7.095554643966762e-05,0.0,-0.0,0.0,0.0,0.00018482822623164998
2020-08-24,-0.0005944660447819902,0.00015701543216762052,-0.00014466378245856607,0.0005993867146020754,-0.0,0.0,0.0,-8.290893762771868e-05,-0.0,0.0,0.0,0.0,-0.0001084754067854893
2020-08-25,-0.0,0.0006462801526695953,-0.00011680298987738533,0.00031933734358599824,0.0,0.0,0.0,-0.000261469576126602,0.0,0.0,0.0,0.0,-0.00021268555458141974
2020-08-26,0.0,0.001069461730128587,-9.011482281024023e-05,0.0005223409100365617,-0.0,0.0,0.0,0.00034437851375432554,0.0,0.0,0.0,0.0,-0.0008483696201747037
2020-08-27,-0.0,0.0012128439565503414,-0.0,-7.80778285085128e-05,-0.0,-0.0,0.0,0.0,-0.0,-0.0,-0.0,-0.0,-4.2419048997067425e-05
2020-08-28,-0.0,0.0005115414879285551,0.0,0.0008304770134361906,0.0,0.0,-0.0,-0.0,0.0,0.0,0.0,0.0,-0.00044893133485844654
2020-08-31,0.0,-0.0007437862707948251,0.0,0.0003367210725788691,0.0,-0.0,-0.0002850582433725271,0.0,0.0,-0.0,0.0,-0.0,-5.824600240659159e-05
2020-09-01,0.0,0.00038427750989519414,-0.0016419632858078919,0.001753423670949373,0.0,0.0,-0.001552751607327973,-0.0,-0.0,0.0,0.0,0.0,0.0002244589650264334
2020-09-02,-0.0,0.0009544436938368211,-0.0018658417697839443,0.0,-0.0,0.0,0.0008173103801446329,0.0,0.0,0.0,0.0,0.0,0.0003151540621346126
2020-09-03,-0.0,-0.003197436230013671,0.00486825275490257,0.003153293377313736,-0.0,-0.0,0.0021565092396218823,-0.0,-0.0,-0.0,-0.0,-0.0,-0.0034829124514608664
2020-09-04,0.0,-0.000706766489224742,0.001533000958429169,-0.001518912949779808,-0.0,-0.0,0.001984058956894412,-0.0,-0.0,-0.0,-0.0,-0.0,-0.0008434977771222931
2020-09-08,-0.0,-0.0027806929728858842,-0.0,0.0017395130542909834,-0.0,-0.0,0.0027084871824027894,-0.0,-0.0,-0.0,-0.0,-0.0,-0.0012025632131969707
2020-09-09,0.0,0.0020850949702628544,0.0,-0.0013356269333214994,0.0,0.0,-0.0018631401009427577,0.0,0.0,0.0,0.0,0.0,0.0008015810610314223
2020-09-10,-0.0,-0.0014209183536713422,0.0016114153968387287,0.00041137575001492913,-0.0,-0.0,0.0005278735580584314,-0.0,-0.0,0.0,-0.0,-0.0,-0.0013456567738308173
2020-09-11,-0.0,-0.00032730942481724195,0.0006016108533634739,-0.00036552521952085484,-0.0,-0.0,0.0009574543936482242,0.0,0.0,0.00028863895428706427,0.0,-0.0,-0.0005340558411078186
2020-09-14,0.0,0.0003370469972712049,-0.0028275978816340768,-0.00034630973738672736,0.0,0.0,-0.0007228451127908576,0.0,0.0,-0.0021126274867700715,0.0,0.0,0.0014459871599583265
2020-09-15,0.0,0.0008136542089535574,-0.0004591489255437645,0.0,0.0,0.0,-0.0010114327866036475,0.0,0.0,-0.001229297799380576,0.0,0.0,0.0004944664667513458
2020-09-16,-0.0,-0.0009013607071042018,0.0018684418992746953,0.0,-0.0,-0.0,0.0002150198423999883,-0.0,0.0,-0.0,-0.0,-0.0,-0.000619678719257394
2020-09-17,-0.0,-0.0005245660429267712,0.0002041799618546532,-0.0,-0.0,-0.0,-0.0,-0.0,-0.0,-0.0,0.0,0.0,-7.096990279296971e-05
2020-09-18,-0.0,-0.000624853160674022,0.0011124978515736942,-0.0,-0.0,-0.0,-0.0,-0.0,-0.0,-0.0,-0.0,-0.0,-0.0001499781374234361
2020-09-21,0.0,0.0,-0.0013276638611919465,-0.0,0.0,0.0,0.0,-0.0,-0.0,0.0,0.0,-0.0,0.00022844531673730286
2020-09-22,0.0,0.0,-0.00047903367806085244,0.0,-0.0,0.0,0.0,0.0,0.0,-0.0,0.0,0.0,0.0005916665934408298
2020-09-23,-0.0,-0.0,0.002076101390948761,-0.0,-0.0,-0.0,-0.0,-0.0,-0.0,-0.0,-0.0,-0.0,-0.0011730979994803575
2020-09-24,0.0,0.0,-0.0009163883957148703,0.0,0.0,0.0002899609431175626,0.0,-0.0,0.0,0.0,0.0,0.0,0.00037833157914843546
2020-09-25,0.0,0.0,-0.0020848123908980792,0.0,0.0,-0.0012782373254538327,0.0,0.0,0.0,0.0,0.0,0.0,0.0015949832199307046
2020-09-28,0.0,0.0,-0.0006223846463795238,0.0,0.0,-0.0009016138300302724,0.0,0.0,0.0,-0.0,0.0,0.0,0.0012800348138724985
2020-09-29,-0.0,-0.0,0.0,-0.0,0.0,-8.385831958336235e-05,0.0,-0.0,-0.0,-0.0,-0.0,-0.0,-0.00010169537799787484
2020-09-30,0.0,0.0,0.0,0.0,0.0,-0.00011227244041264923,0.0,0.0,0.0,0.0,0.0,0.0,0.0002518048635754047
2020-10-01,0.0,0.0,-0.0003094502417619931,0.0,0.0,-0.0009172530302964239,0.0,-0.0,0.0,-0.0,0.0,0.0,0.00070564551352722
2020-10-02,-0.0,-0.0,0.002070450523211187,-0.0,-0.0,0.0020973948770980698,-0.0,-0.0,-0.0,-0.0,-0.0,-0.0,-0.0017228999557794523
2020-10-05,0.0,0.0,0.0,0.0,0.0,-0.0007747757202339077,0.0,0.0,0.0,0.0,0.0,0.0,0.0006648348163473676
2020-10-06,-0.0,-0.0,0.0,-0.0,-0.0,-0.0,-0.0,0.0,-0.0,-0.0,-0.0,-0.0,0.0
2020-10-07,0.0,0.0,-0.000821303280560555,0.0,0.0,0.0,0.0,0.0,0.0,0.0,0.0,0.0,0.0006571741418054248
2020-10-08,-0.0,0.0,0.00045049805256250466,0.0,-0.0,-0.0,0.0,0.0,0.0,0.0,-0.0,-0.00044435691533732625,0.00027150986172587844
2020-10-09,0.0,0.0,-0.0,0.0,-0.0,0.0,0.0,0.0,-0.0,0.0,0.0,-0.0009533017807753352,0.0002557415711573069
2020-10-12,0.0,0.0,0.0,0.0,0.0007109266073994098,0.0,0.0,0.0,0.0,0.0,0.0,-0.001304805739618194,-0.00034597980586948524
2020-10-13,-0.0,0.0,0.0,-0.0,0.0005838363204071813,0.0,-0.0,-0.0,-0.0,-0.0,0.0,0.0001325189049432285,7.689119199677489e-05
2020-10-14,0.0,0.00045073774999615404,-0.0,-0.0,-0.0006313140687816745,-0.0,-0.0,0.0,-0.0,-0.0,0.0,0.0005597923473163423,-8.473015026274369e-05
2020-10-15,-0.0,0.0002724060129392511,-0.0,-0.0,-0.0006454015749452044,-0.0,-0.0,0.0,0.0,-0.0,-0.0,7.205556074763688e-05,-7.185288929808742e-05
2020-10-16,-0.0,-0.0,-0.0,-0.0,2.4052916879970913e-05,0.0,0.0,0.0,0.0,-0.0,0.0,-0.00018647582709826978,-4.767518705824692e-05
2020-10-19,-0.0,0.0012538686011858132,-0.0,-0.0,-0.0,-0.0,-0.0,-0.0,0.0,-0.0,-0.0,0.0007766379652854771,-0.0008145829803851867
2020-10-20,0.0,-0.00010026351670430224,0.0,0.0,-0.0,-0.0,0.0,-0.0,-0.0,0.0,-0.0,-2.321031906131692e-05,0.00015369131413213555
2020-10-21,-0.0,-3.492839820700327e-05,-0.0,-0.0,-0.0,0.0,-0.0,-0.0,0.0,-0.0,0.0,0.0015828369146800017,-6.72896810644576e-05
2020-10-22,-0.0,-2.0945332987987522e-05,-0.0,0.0,0.0,-0.0,-0.0,-0.0,0.0,0.0,-0.0,0.0,-0.00012864033579491018
2020-10-23,-0.0,-0.0003108193345667093,0.0008506304133208101,-0.0,0.0,0.0,0.0,0.0,-0.0,0.0,0.0,0.0,9.511471705665052e-06
2020-10-26,0.0,0.0014427122715658727,-0.0016798242982634882,-0.0,0.0,-0.0,-0.0,-0.0,-0.0,-0.0,-0.0,-0.0,0.00018823934261574807
2020-10-27,0.0,-0.0007488387908651209,0.0009628001159299306,-0.0,-0.0,0.0,0.0,-0.0,-0.0,-0.0,-0.0,0.0,-4.5552558516983835e-05
2020-10-28,-0.0,0.0025418402882039738,-0.0029587380884979406,-0.0,-0.0,-0.0,-0.0,-0.0,-0.0,-0.0,-0.0,-0.0,0.0004399337550215529
2020-10-29,0.0,-0.0005007405621912151,0.0015478215401820627,0.0,0.0,0.0,-0.0,-0.0,-0.0,0.0,0.0,0.0,-0.00016053247783412374
2020-10-30,-0.0,0.000552573221405428,-0.0019174428728850395,-0.0,-0.0,-0.0,-0.0,0.0,0.0,0.0,-0.0,-0.0,0.00022253272675417312
2020-11-02,-0.0,3.4584981616075573e-05,0.0001861458067336759,0.0,-0.0,-0.0,0.0,0.0,0.0,0.0,0.0,0.0,-2.7504996485522867e-05
2020-11-03,0.0,-0.0010030672045697533,0.0017140182824057688,0.0,0.0,0.0,0.0,0.0,0.0,0.0,0.0,0.0,-0.00019372194329151808
2020-11-04,0.0,0.0,0.002890180254077193,0.0,0.0,0.0035297520460067996,0.0,0.00015017076134871067,0.0,-0.0,0.0,0.0,-0.0020893777596560346
2020-11-05,0.0,0.0,0.001308462479937855,0.0,0.0,0.0,0.0,-0.0008943327861667827,-0.0,0.0001502431532599834,0.0,0.0,-0.0011670116531672097
2020-11-06,-0.0,0.0,0.0013997153853472855,-0.0,0.0,-0.0,-0.0,0.0,-0.0,0.00012339156623675663,0.00013773164827952472,0.0,-7.64411241230636e-05
2020-11-09,-0.0,-0.0,-0.0033043563049642588,-0.0,-0.0,-0.002432735927910934,-0.00016749144515101962,0.0,0.0,3.519887508971663e-05,0.0008344536905564009,-0.0,0.0005957431032250585
2020-11-10,-0.0,-0.0,-0.0032614799914393077,-0.0,-0.0,-0.002073655496611461,-0.0022925860523169777,0.0,-0.0,-0.00014976665236860224,0.000884290168276776,-0.0,0.0015575699960875256
2020-11-11,0.0,0.0,0.0024749209548124134,0.0017307728960007233,0.0,0.0017125892660983873,0.0012992919833485974,0.0,0.0,0.0004654464102112222,-0.0026343827027539325,0.0,-0.002472865972836791
2020-11-12,-0.0,-0.0,0.00014418748771164247,-0.0007666477327581614,0.0,-0.0005557225093423002,-0.0009452227480661675,-0.0,-0.0,-0.0006599303895040603,0.0012963689128068336,-0.0,0.0009422014091317128
2020-11-13,0.0,0.0,-0.0005971196510180213,0.0004437302216737428,-0.0,0.0007253968763547947,1.803860280524348e-05,0.0,0.0,0.00040578910096806544,-0.00012145614467221766,0.0,-0.0008898255781011892
2020-11-16,0.0,0.0,0.0008140115823990359,0.0009691279251869483,0.0,-0.0009018937624922642,7.609132425682223e-05,0.0,0.0,0.0002104158812893681,-0.0016399383603406155,0.0,-0.0010118377537332102
2020-11-17,-0.0,-0.0,-0.00034524499118860643,-2.758041072809193e-05,-0.0,0.0007535937679331098,0.0012410232776891123,-0.0,-0.0,-2.6253610474536496e-05,0.0001108089503592339,-0.0,0.0005877315157088251
2020-11-18,-0.0,-0.0,2.4207664991878173e-05,2.627361341617986e-06,-0.0,-0.0009143900647905561,0.00019285863429307164,-0.0,-0.0,-0.0007674138473399745,0.0005713575137575065,-0.0,0.0011306696557523482
2020-11-19,0.0,0.0,4.2800255693223705e-05,0.00048500282237852536,0.0,0.0007495712161152248,0.0,-0.0,0.0006175640926071857,0.0001774624755570745,-0.00016294399647356957,0.0,-0.0007070709641887826
2020-11-20,-0.0,-0.0,-0.0013288628950758287,-0.0001302660768623647,-0.0,-0.00037554113249410647,-0.0,-0.0,-0.00025272001939338876,-0.0006687571831216365,0.0005109732438547726,-0.0,0.0008995980265440728
2020-11-23,-0.0,-0.0,0.0,0.00047642280152885793,0.0,-0.0002501277508492058,-0.0,0.0,0.0007326538962082454,0.0,0.0007624781189016072,0.0,9.068900051583909e-06
2020-11-24,0.0005763752585533707,0.0,-0.0,0.0006711854696528762,-0.0,0.00022635989750305406,0.0,0.0,0.0010207725321750006,0.0,0.0,0.0,-0.00136068842459566
2020-11-25,0.0003719740339319031,0.0,0.0,-0.00017878597957665803,0.0,0.0,-0.0,-0.0,4.252604976746136e-05,-0.0,-0.0,-0.0,-0.00014797447025489117
2020-11-27,0.00024073642928729456,0.0,0.0,0.0005243245889561046,0.0,0.0,0.0,0.0,0.0004232829512274231,0.0,-0.0,0.0,-0.00036629553102740547
2020-11-30,0.0010440032993835875,-0.0,0.0,0.0008323795865088851,0.0,0.0,-0.0,0.0,0.0,-0.0,0.0,0.0,-0.00036442385567249017
2020-12-01,0.0015180882343037126,0.0,-0.0,0.0,1.6190836128309394e-05,0.0,-0.0,0.0,0.0,0.0,0.0,0.0,-5.876494176960125e-05
2020-12-02,0.0,-0.0001946339173979001,0.0,-0.0,-0.0005955964614311971,0.0,-0.0,0.0,0.0,0.0,-0.0,-0.0,-6.35115876511767e-07
2020-12-03,-0.0,-0.00026302986568194666,-0.0,-0.0,0.0007686257246249908,0.0,0.0,0.0,0.0,0.0,-0.0,-0.0,-8.567211704135335e-07
2020-12-04,-0.0,2.7998134189354376e-05,0.0,0.0,-0.0009283872834904369,0.0,0.0,0.0,0.0,0.0,0.0,0.0,1.6302144302201262e-05
2020-12-07,0.0,-1.6330339582941815e-05,0.0,0.0,-1.5948115599554144e-05,0.0,0.0,-0.0,-0.0,-0.0,0.0,-0.0,4.3138015562159555e-06
2020-12-08,0.0,0.0003997232536914997,-0.0,0.0,0.0006150139040825783,0.0,0.0,0.0,0.0,-0.0,0.0,0.0,3.334469069879936e-06
2020-12-09,-0.0,-0.0009841134870757348,-0.0,-0.0,-0.0,-0.0,-0.0,0.0,-0.0,0.0,-0.0,-0.0,0.0005292695294807535
2020-12-10,0.0,-0.0003030886340863938,0.0,0.000747962535503208,0.0,-0.0,0.0,-0.0,0.0,-0.0,-0.0,-0.0,-5.773322472047501e-06
2020-12-11,-0.0,0.0006465709052227631,0.0,-0.0,-0.0,-0.0,-0.0,0.0,-0.0,0.0,-0.0,-0.0,5.6769067525379255e-05
2020-12-14,-0.0,0.0002199039711807429,0.0,0.0,0.0,0.0,-0.0,-0.0,0.0,0.0,0.000691754847732824,-0.0,-0.00021597651070725155
2020-12-15,0.0,-1.634253977614997e-05,0.0,0.0,-0.0012194455385873002,-0.0,-0.0,0.0,0.0,0.0,0.0007025399815697695,0.0007007866654963717,-0.0008952228734571202
2020-12-16,-0.0,0.001188307238820254,-0.0,0.0,0.0001391968729091663,0.0,0.0,0.0,0.0,-0.0007381392078442023,0.00046293520905745764,-8.01232837096271e-05,-0.00028772424026955295
2020-12-17,0.0,3.1912469740726265e-05,0.0,0.0,5.162889157351546e-06,0.0,0.0,0.0,-0.0,-0.0006567069638452769,-7.017076033934657e-05,0.00017548738804855466,-0.0003297193310467711
2020-12-18,-0.0,-0.00018949361737169069,-0.0,0.0,0.0004772810675299477,0.0,0.0,0.0,-0.0,-0.001126961517724621,-0.0007105692917304737,0.00042233082528560033,0.0001530373531014214
2020-12-21,0.0,0.000906684258030386,0.0,0.0006578432705497139,0.001422247620532823,-0.0,-0.0,-0.0,-0.0,0.00044774114234162696,-0.00021072697903637942,-0.0005023013147743249,2.6995154305539613e-05
2020-12-22,0.0,0.0,-0.0,-0.0004895744350649272,-0.0,0.0,0.0,-0.0,-0.0,-0.0005168602686240668,-0.00015692173622656547,2.769656941108321e-05,-0.00019053356620648057
2020-12-23,0.0003500242570325348,-0.0,-0.0,0.0008898855838310349,-0.0,-0.0,-0.0,-0.0,0.0,0.0,0.00021138797254931197,-0.0004760468726969171,-2.2600080665205227e-06
2020-12-24,-0.0003841345482929266,0.0,-0.0,0.0,0.0,0.0,-0.0,0.0,0.0,-0.0,0.000618773746636783,0.0002045753272342599,-0.00015365540961273966
2020-12-28,-0.0017570482067911794,0.0,-0.0,0.0,-0.0,-0.0,-0.0,0.0,0.0,-0.0,-0.0003540971869507115,-5.261366583715859e-05,-0.0002636974308821549
2020-12-29,0.0006702118317897678,-0.0,0.0,-0.0,-0.0,0.0,-0.0,-0.0,0.0,-0.0,0.00025318219036892263,-8.988069985821812e-05,0.0001054674615415852
2020-12-30,0.0004281644988434221,-0.0,0.0,0.0,0.0,-0.0,-0.0,-0.0,-0.0,-0.0,0.0004892144643523973,0.0004693130664313456,1.155413665583067e-05
2020-12-31,0.00038662405017763843,0.0,-0.0,0.0,-0.0,0.0,0.0,0.0,0.0,0.0,0.0007906479874811907,0.00043753912594260533,-3.027122210747144e-05
2021-01-04,0.001251496085738316,-0.0,0.0,-0.0,0.0,-0.0,-0.0,-0.0,-0.0,-0.0,-0.00127649533509439,-0.0005852679050822766,0.00036031871612731114
2021-01-05,-0.0006143998666000241,0.0,0.0,0.0,0.0,0.0,0.0,0.0,0.0,-0.0,0.0013060258015497985,0.0003654470710747057,-0.00013809647610622813
2021-01-06,0.001712057322775174,-0.0,-0.0,-0.0,-0.0,-0.0,-0.0,0.0,0.0,-0.0,-0.00040840751408202327,0.00024723061084749214,0.00037454810845059116
2021-01-07,0.0,0.0,0.0,0.0,0.0,0.0,0.0,0.0,-0.0010553204222831566,0.0,0.0014696877423921505,0.0,-0.00048584840013694266
2021-01-08,0.0,0.0,-0.0,-0.00025308536313881503,-0.0,0.0,0.0,0.0,0.0005200355044837139,0.0,0.00030095499711237133,0.0,4.252668097607273e-05
2021-01-11,-0.0,-0.0,0.0,-1.3461970016250624e-05,0.0,-0.0,-0.0,0.0,0.00010659951707143561,-0.0,-0.00016946459068124163,0.0,-5.269016960163776e-05
2021-01-12,-0.0,-0.0,-0.0,-0.0004055208510400115,-0.0,-0.0,-0.0,0.0,-0.0016225894151345958,-0.0,-0.000534523380199225,0.0,-2.8209476210450278e-05
2021-01-13,0.0,0.0,0.0,-0.00020208777232885944,-0.0,0.0,0.0,-0.0,-0.0033681848183140153,-0.0,0.0009523486674856705,-0.0,3.410768364477834e-05
2021-01-14,-0.0,-0.0,-0.0,-9.520860196773041e-05,-0.0,-0.0,-0.0,-0.0,-0.0019796045061024714,-0.0,0.0010777430485365556,0.0,-5.291141135002729e-05
2021-01-15,-0.0,-0.0,-0.0,0.0006927231258642062,-0.0,-0.0,-0.0,0.0,-0.0,0.0,-0.0,-0.0,-0.0002638509788935207
2021-01-19,0.0,0.0,0.0,-0.0014827849915605433,0.0006979737342026261,-0.0,0.0,-0.0,0.0,-0.0,0.0,0.0,-4.31931141947241e-05
2021-01-20,0.0,0.0,0.0,-0.0002833422335777818,-0.0003928190799601535,0.0,0.0,0.0,0.0,0.0,0.0,-0.0,-5.537298854212881e-05
2021-01-21,0.0,0.0,0.0,-0.0005319313656193031,0.0015421679520581423,0.0,-0.0,-0.0,0.0,-0.0,0.0,0.0,-2.9153711264925518e-05
2021-01-22,0.0,0.0,-0.0,0.00019316644904662398,0.0006836043984200047,4.4469858722021304e-05,0.0,-0.0,-0.0,-0.0,-0.0,-0.0,0.0001268930196768974
2021-01-25,-0.0013653814832344819,0.0,-0.0,2.473623693991963e-05,0.0007168965097020458,0.0001057216954126518,0.0,0.0,-0.0,0.0,0.0,0.0,-1.013115940358769e-05
2021-01-26,-8.389263713079568e-05,0.0,-0.0,-0.0,0.0003071392839440576,0.000299036396553739,0.0,0.0,-0.0,0.0,-0.0,-0.0,-1.769398454632499e-05
2021-01-27,0.0003856691164080546,-0.00012252010515493555,-0.0,-0.0,-0.0031991296105891606,-0.0017389713549916777,-0.0,0.0,-0.0,0.0,-0.0,-0.0,2.9120548573940135e-05
2021-01-28,0.0017805929560927509,-0.0012780722556072002,0.0,0.0,-0.0007484830176277763,0.0006125369638113167,0.0,-0.0,0.0,-0.0,0.0,0.0,-3.103040020966245e-05
2021-01-29,0.0019069399043714131,0.0014802839497099686,-0.0,-0.0,-0.0010857437476094543,-0.0007464116805325779,-0.0,-0.0,-0.0,-0.0,0.0,-0.0,0.00020558031914639496
2021-02-01,-0.0008192592155605162,-0.00163072912987002,0.0,0.0,0.0011656615634590565,0.0,-0.0006387470683409826,0.0009113388544789739,0.0,0.0,0.0,0.0,0.0010693919907301672
2021-02-02,0.0,2.921779864426505e-05,0.0,0.0,0.0006798201258549568,0.0,-0.0012407155428907925,0.00047133967368652365,0.0,0.0,0.0,0.0,0.0001562804136350698
2021-02-03,-0.0,-0.0007233136853896712,-0.0,-0.0,-0.0005488032465604308,-0.0,-0.00013219060192244374,-6.550219277410374e-05,-0.0,-0.0,-0.0,-0.0,-2.7351283372041333e-05
2021-02-04,0.0,0.0002041197861777909,0.0,0.0,-2.8452740766664136e-05,0.0,-0.0006683686662470822,0.0015911899637100519,0.0,0.0,-0.0,0.0,7.474577713202559e-05
2021-02-05,-0.0,-3.92391750999552e-05,-0.0,-0.0,3.4141346495536484e-05,0.0,-0.0001908279205227902,0.0008706818143600297,-0.0,0.0,-0.0,-0.0,-8.845934581006696e-06
2021-02-08,0.0,0.0,0.0,0.0,0.0019905622488570877,0.0,-8.371353248807455e-06,0.0,0.0,-0.0,0.0,0.0,-0.00010308837113258772
2021-02-09,-0.0,0.0,0.0006114632681883558,0.0,-0.00030705217672531487,0.0,0.00046885527412505676,-0.0,-0.0,0.0,-0.0,-0.0,-2.3856258176265228e-05
2021-02-10,-0.0,-0.0,-0.0017261209423934652,-0.0,0.000785785025574103,-0.0,-4.224578600795231e-06,-0.0,0.0,-0.0,-0.0,0.0,-2.788651867401051e-05
2021-02-11,-0.0,0.0,-0.0016209982033560785,0.0,0.00016755866716266861,0.0,-0.0009457140245415918,0.0,0.0,-0.0,0.0,0.0,0.00019876980411588196
2021-02-12,8.872460738500969e-05,0.0,0.0009582578483266774,0.0,0.0005954047721515783,0.0,0.00018064428611079208,-0.0,0.0,0.0,0.0,0.0,-7.073862450250553e-05
2021-02-16,-0.0008117544992377843,-0.0,-0.001218223771916379,0.0,-0.0012471628600812374,0.0,-0.001681277507275941,-0.000831575670988933,0.0,-0.0,-0.0,0.0,7.779642775475334e-05
2021-02-17,-0.0008900738771378003,0.0,0.0014032092092134377,-0.0,-0.0008379468443673881,-0.0,0.00018740576095682408,-0.00028029396387858045,-0.0,-4.024792940499243e-05,-0.0,-0.0,0.0003084082169883213
2021-02-18,-0.0004337006658800731,-0.0,0.00025895467332850454,0.0,-0.0007279779171793809,-0.0,0.0001314008074272476,9.720275228980523e-05,-0.0,-1.6108247562007392e-05,-0.0,-0.0,0.0001600406129321847
2021-02-19,6.163803847086088e-05,-0.0,-0.00032767168741288077,0.0,0.0005274428890090135,-0.0,9.117250333009525e-05,-0.0007172476828237731,0.0,-0.0007630018192463649,0.0,0.0,4.8394641237752266e-05
2021-02-22,-0.0015126021585260456,-0.0,0.001949379896449891,-0.0,-0.0024068664878469457,-0.0,0.0011507964242731985,-0.0,-0.0,0.002644349267228118,-0.0,-0.0,0.0005472599936735494
2021-02-23,-5.558644263452147e-05,-0.0,0.0007500732815071261,-0.0,-0.00037035029119009225,0.0,0.0011142113216427612,0.0,0.0,0.0,-0.0,-0.0,4.407285507095046e-05
2021-02-24,-0.0002030176747242567,0.0,-0.0012465294174503758,0.0,0.0,0.0,0.0,0.0,0.0,0.0,0.0,0.0,-3.259048111529137e-05
2021-02-25,-0.0017700963525457978,-0.0,0.004287594773314078,-0.0,-0.0,-0.0,-0.0,-0.0,-0.0,0.0,-0.0,-0.0,2.4617305390278937e-05
2021-02-26,0.00011145515450991706,0.0,0.0,0.0,0.0,0.0,-0.0,-0.0,0.0,-0.0,0.0,0.0,-0.00016884475449515586
2021-03-01,0.0026225645488513654,0.0,0.0,0.0,0.0,0.0,0.0,0.0,0.0,0.0,0.0,0.0,-0.0010024915940715614
2021-03-02,-0.0010557507411805508,-0.0,-0.0,-0.0,-0.0,-0.0,-0.0,-0.0,-0.0,0.0,-0.0,-0.0,0.0005157489032313676
2021-03-03,-0.0012380274840326057,-0.0,-0.0,-0.0,-0.0,-0.0,-0.0,-0.0,-0.0,0.0,-0.0,-0.0,0.000822275519395775
2021-03-04,-0.0007969118691532579,-0.0,-0.0,-0.0,-0.0,-0.0,-0.0,-0.0,-0.0,-0.0,-0.0,-0.0,0.0007078522499082545
2021-03-05,0.0005340559984502144,0.0,0.0,0.0007328966549855497,0.0,0.0,0.0,0.0,0.0,0.0,0.0,0.0,-0.0011673664174097743
2021-03-08,-0.0021283388037643554,-0.0,-0.0,-0.0033166081911939283,-0.0,-0.0,-0.0,0.0,-0.0,-0.0015409648498281405,-0.0,-0.0,0.0013686058544238476
2021-03-09,0.0019901972342732054,0.0,0.0,0.0025848386904820287,0.0,0.0020900785779012455,0.0,0.0,0.0,-0.0003314929269334791,0.0,0.0,-0.002902571952924331
2021-03-10,-0.0004583858043758957,-0.0,-0.0,-0.0006820428274555525,-0.0,-0.00024766368444396875,0.0,0.0,-0.0,0.00035921679789606246,-0.0,-0.0,0.0003522727268996406
2021-03-11,0.0008184029947553459,0.0,0.0,0.001806587325182885,0.0,0.0015822145109498254,0.0,0.0,0.0,0.0033769011734884544,0.0,0.0,-0.0018608676664513399
2021-03-12,-0.0003827336684770784,-0.0,-0.0,-0.00027849684095636746,-0.0,-0.0,-0.0,0.0,-0.0,-0.0,-0.0,-0.0,0.00046718628770388103
2021-03-15,0.0,-0.0,0.0,0.0021262721709398333,0.0,0.0,0.0,0.0,0.0,0.0,0.0,0.0,-0.00035632042171147176
2021-03-16,0.0,0.0,0.0,0.0007808789307179693,0.0,0.0,0.0,0.0,0.0,-0.0,0.0,0.0,-0.00025815605242617224
2021-03-17,-0.0,-0.0,0.0,0.0005625104817783683,-0.0,0.0,-0.0,-0.0,0.0,-0.0,0.0,0.0,2.8291762214205344e-05
2021-03-18,-0.0,-0.0,-0.0,-0.0,-0.0,-0.0,-0.0,-0.0,-0.0,0.0,-0.0,0.0014108538304049838,-0.0008745360460056258
2021-03-19,-0.0,-0.0,0.0,0.0,0.0,0.0,0.0,0.0,0.0,-0.0,0.0,-0.0004624112423611408,-9.267366357050246e-05
2021-03-22,0.0,0.0,0.0,0.0,0.0,0.0,0.0,0.0,0.0,0.0,0.0,-0.001157094998224779,0.0005337962565965336
2021-03-23,-0.0,0.0,-0.0,-0.0,-0.0,0.0,-0.0,0.00028910458374405184,-0.0,0.0,-0.0,0.00036781262611019366,-0.000253966855703354
2021-03-24,-0.0,-0.0,-0.0,-0.0,-0.0,0.0009531828297628016,-0.0,0.0003612297469815364,-0.0,-0.0,-0.0,-3.354954274835243e-05,-0.0008336616012939116
2021-03-25,0.0,-0.0,-0.0,0.0,-0.0,5.76177349078367e-05,-0.0,-0.0008586472994389764,-0.0,0.0,0.0,0.00011472066366284972,-4.21708917388934e-05
2021-03-26,0.0,0.0,0.0,0.0,0.0,-0.0019674740691505515,0.0,-0.0019987139175697646,0.0,0.0,0.0,-0.0026486324954931376,0.0017271250928663896
2021-03-29,0.0,-0.0,0.0,-0.0,-0.0,-2.450954322796072e-05,0.0,-0.0,-0.0,-0.0006224440265784366,-0.0,0.000539563973146765,-0.00032193873345880136
2021-03-30,-0.0,-0.0,-0.0,-0.0,-0.0,0.00041293373194521113,-0.0,-0.0,-0.0,0.0004093755223300488,-0.0,6.4495333031601e-05,-0.000586297721178932
2021-03-31,0.0,0.0,0.0,0.0008153949921192792,0.0,-0.0010533642132247282,0.0,-0.0,0.0,0.0002700404517312819,0.0,-0.0008135031289617106,0.00041647942196370175
2021-04-01,0.0,0.0,0.0,0.0013080640845283366,0.0,0.0,0.0,0.0,0.0,-0.0011551436429014393,0.0,-0.0008056859801440271,-4.629995778385122e-05
2021-04-05,0.0,0.0,0.0,0.0012992861144626756,0.0,0.0,0.0,0.0,0.0015181576648839652,-0.0016100589567686692,0.0,-0.0012520256217139186,-0.0006160062607762292
2021-04-06,0.0,-0.0,-0.0,-0.00047411266946834714,0.0,-0.0,0.0,-0.0,-0.0007418758357350881,-8.084076134527389e-05,-0.0,0.0005976777337020237,0.00010349725706896669
2021-04-07,0.0,0.0,0.0,-0.0001459129904544067,0.0,0.0,-0.0,-0.0,0.0005234855495351316,0.00014155722296535535,0.0,0.0003869189757808563,-0.0001532185431503734
2021-04-08,0.0,0.0,0.0,0.0003120038225024051,0.0,0.0,0.0,0.0,0.0006001572430677903,-0.0008101951625963122,0.0,0.0,-0.0009234665303038756
2021-04-09,0.0,0.0,0.0,-4.0182575289814365e-05,-0.0,0.0,0.0,0.0,0.0008942666875436738,-0.00019886013221093106,0.0,0.0,-0.0006120740773942535
2021-04-12,-0.0,0.0,0.0,-0.00014657923706375798,-0.0,0.0,-0.0,-0.0,-0.002136261766918536,-0.0003559672253302925,-0.0,-0.0,0.0003102978601235642
2021-04-13,0.0,0.0,0.0,0.00013317786592018435,0.0010140802344311844,0.0,0.0,0.0,-0.00014162688895086805,-0.00035997275714271643,-0.0,-0.0,-0.0009468616070749057
2021-04-14,-0.0,-0.0,0.0013002848637574417,-0.0,-0.001033172705865357,-0.0,-0.0,-0.0,-0.0007959367518743164,-9.772626734778382e-05,-0.0,-0.0,0.00029097925071353296
2021-04-15,0.0,0.0,-0.0027390917401202497,0.0,0.002761285888265707,0.0,0.0,0.0,0.0006423739776036182,-0.0009477429001032075,0.0,0.0,-0.00046806094010416006
2021-04-16,-0.0,0.0,0.0007012650151232943,-0.0,-0.000520711899183358,0.0,-0.0,0.0,-0.0002080607148056071,0.0,0.0,-0.0,1.4248315190364761e-05
2021-04-19,0.0,-0.0,0.001761215518106139,-0.0,-0.0006370293200511899,-0.0,-0.0,0.0,-0.0008724321667473147,-0.0,-0.0,-0.0,0.00025428947808995775
2021-04-20,0.0006456518153466042,-0.0,-0.0,-0.0,-0.001147325561659434,-0.0,-0.0,-0.0,-0.0,0.0,-0.0,-0.0,0.00010058497923196038
2021-04-21,-0.0001462811890688118,0.0,0.0,0.0,0.00145460283160434,-0.0,0.0,0.0,0.0,-0.0,0.0,0.0,-0.0001141271549827228
2021-04-22,0.0005877102022789714,-0.0,-0.0,-0.0,-0.0,-0.0,0.0,-0.0,-0.0,-0.0,-0.0,-0.0,-0.0003175853721390136
2021-04-23,-0.000893886948728029,0.0,0.0,0.0,0.0,0.0,0.0,0.0,-0.0,0.0,0.0,0.0008061676962316125,-0.00010400849439471485
2021-04-26,-0.00014867688623656817,0.0,0.0,0.0,0.0,-0.0,0.0,-0.0,-0.0,-0.0,0.0,0.0006681145228948238,-2.700330773987337e-05
2021-04-27,0.00012262649675219483,0.0,-0.0,-0.0,0.00011721960590956456,0.0,-0.0,-0.0,-0.0,0.0,0.0003429987816450501,-0.0003013872898758657,-0.00015635942228346792
2021-04-28,0.00030227356307413364,-0.0,-0.0,-0.0,0.0007031966049314282,-0.0,0.0,-0.0,-0.0,-0.0,0.0005244421304807732,-0.0022555769135518765,-0.0006131385402591631
2021-04-29,3.744477071583989e-05,-0.0004042856348941159,0.0,0.0,6.550349296289468e-05,0.0,-0.0,0.0,0.0,0.0,-0.0021883528400178914,0.001088063825972717,-3.827797507819407e-05
2021-04-30,0.000762451552387147,-6.538668232570169e-05,-0.0,-0.0,0.0013835232952159229,-0.0,-0.0,-0.0,-0.0,-0.0,0.001378515620899333,-0.0014496142656398175,-0.0006147996632565866
2021-05-03,-0.00040909319123253005,-6.348703336899893e-05,-0.0,-0.0,0.0019169482638014754,-0.0,-0.0,0.0,-0.0,0.0,0.0004959675752971856,-0.00047731398788891866,-0.0001259638643652023
2021-05-04,0.0018013392461442596,-0.0008145882161024611,-0.0,-0.0,0.0,-0.0,-0.0,-0.0,-0.0,0.0,0.0012189887484366337,6.567457102949982e-05,-0.00012682184005180757
2021-05-05,-9.76753582746434e-05,-0.00026706655166883864,0.0,-0.0,0.0004985978417184144,-0.0,-0.0,0.0,-0.0,0.0,0.0,0.0007264184552014684,-3.386435432229307e-05
2021-05-06,-0.0006360619441110464,0.000657002600986379,0.0,0.0,-3.853069802802108e-05,-0.0,0.0,0.0,0.0,0.0,0.0,0.0007160157339779257,0.00013890467986307837
2021-05-07,-0.00018080419778638385,0.0005436243041356821,0.0,0.0,-0.000587115871685056,0.0,-0.0,0.0,0.0,0.0,0.0,0.000938123909799918,0.00011599273030399058
2021-05-10,0.0013071622847673104,-0.0010568002081563115,-0.0,-0.0,0.0018219069841932303,-0.0,-0.0,-0.0,-0.0,-0.0,-0.0,-0.0,-0.001172256470019619
2021-05-11,-0.0,-0.00019253788409427612,0.0,0.0,-0.0005496718098924938,0.0,0.0,-0.0,-0.0,-0.0,-0.0,0.0,-5.398382593172921e-05
2021-05-12,-0.0,-0.0014901253274096646,0.0019519844891824221,-0.0,0.0014459316170227568,-0.0,-0.0,-0.0,-0.0,-0.0,-0.0,-0.0,-0.0017173140781631426
2021-05-13,0.0,0.0008360670289499476,0.00034003504041980203,0.0,0.0010492499023393997,0.0,0.0,0.0,0.0,0.0,0.0,0.0,0.0007715423011842662
2021-05-14,0.0,0.0010424254761470094,0.0,0.0,-0.0010157445737385762,0.0,0.0,0.0,0.0,0.0,0.0,0.0,0.000330385349072071
2021-05-17,-0.0,-0.0006020383683300812,-0.0,-0.0,-4.020370090637881e-05,-0.0,-0.0,0.0,-0.0,0.0,-0.0,-0.0,-0.0001086102916579827
2021-05-18,-0.0,-0.0004301013699846819,-0.0,-0.0,0.00014085461055747547,-0.0,-0.0,-0.0,-0.0,-0.0,-0.0,-0.0,-0.00011667340628986778
2021-05-19,-0.0,8.227067069154419e-06,0.0,0.0,-0.0011880827113066226,-0.0,0.0,-0.0,0.0,0.0,0.0,0.0,4.9552964863275203e-05
2021-05-20,0.0,0.0006862852839937413,0.0,0.0,-0.0011861337876143251,0.0,-0.0005481722771467953,0.0,0.0,-0.0,0.0,0.0,0.0006556527530104349
2021-05-21,-0.0,-0.00026645034071956904,0.0,-0.0,0.0005733490641478603,-0.0,0.0002688419417148023,-0.0,0.0,0.0,-0.0,-0.0,-0.00018650027681467877
2021-05-24,0.0,0.0011312106644185422,-0.002026989976081979,0.0,-0.00017463312494048766,0.0,-0.0009809688051165796,0.0,0.0,0.0,0.0,0.0,0.001271485193161682
2021-05-25,-0.0,0.00018706489481704915,-0.00011436436819250393,0.0,-0.0002704449606994103,0.0,-0.00015834629464813623,-0.0,-0.0,-0.0,0.0,0.0,2.0854696688249084e-05
2021-05-26,-0.0,-4.570656704285718e-05,-0.0001666787836021831,0.0,-0.0003072993027687776,0.0,-0.00043070731361175555,-0.0,0.0,0.0,-0.0,-0.0,-5.540643851649727e-06
2021-05-27,-0.0,-0.0004353062639180194,0.0006797590910020618,0.0,-5.103343132501771e-05,-0.0,0.0008452265991797871,9.44911653573777e-06,0.0,-0.0,0.0,0.0,-0.0003329338822626868
2021-05-28,-0.0,7.414979615042968e-05,-0.0023844429706014773,0.0,-0.0010473569071389785,0.0,-0.0026454124831802187,-1.890001912505573e-05,-0.0,-0.0,0.0,0.0,0.00022019223808234783
2021-06-01,-0.0,-0.00045868190020682625,0.0,-0.0,-0.0004537292619195636,-0.0,-0.0,-0.00026535316260535043,-0.0,0.0,-0.0,-0.0,5.2583424958733e-06
2021-06-02,0.0,-2.021427155085076e-05,0.0,0.0,-0.000712630320979147,-0.0,-0.0,0.00032203180083030324,0.0,0.0,-0.0,0.0,2.439793355721913e-06
2021-06-03,-0.0,-0.00032250978938806225,0.0,-0.0,-0.0,-0.0,-0.0,0.0003481056491879027,-0.0,0.0,-0.0,-0.0,0.00036415667696347483
2021-06-04,0.0,0.001023197840796856,0.0,0.0,0.0,0.0,0.0,0.0006890239390701283,0.0,0.0,0.0,0.0,-0.0007629756122243898
2021-06-07,0.0,0.0005985010025884285,0.0,-0.0,-0.0,0.0,0.0,-0.0001389018394930955,-0.0,0.0,-0.0,-0.0,8.638067586529017e-06
2021-06-08,0.0,-0.0002448758794816396,-0.0,-0.0,-0.0,-0.0,-0.0,0.0001943547102417467,-0.0,0.0,0.0,-0.0,-2.8960379499844994e-06
2021-06-09,0.0,0.00020151757956318896,-0.0,0.0,-0.0,0.0,-0.0,-0.0,0.0,-0.0,-0.0,-0.0,-1.7640145271898823e-05
2021-06-10,-0.0,0.0007145355828858175,0.0,0.0,0.0,0.0,0.0,0.0,0.0,-0.0,0.0,0.0,-0.00018386878428613805
2021-06-11,0.0,0.0,0.0,0.0,-0.0,-0.0005330758716793008,0.0,-0.0,0.0,0.0,0.0,0.0,0.00015336617435464996
2021-06-14,0.0,0.0,0.0,0.0,0.0,-0.0014287857197298245,0.0,-0.0,0.0,-0.0,0.0,0.0,0.00026116942413419565
2021-06-15,-0.0,-0.0,-0.0,-0.0,-0.0,0.0007680559198708207,-0.0,-0.0,-0.0,-0.0005966222013487223,-0.0,-0.0,-0.0001096530540731241
2021-06-16,0.0,-0.0,0.0,-0.0,-0.0,0.00046987403746140996,-0.0,-0.0,-0.0,-0.0028737747197739192,-0.0,-0.0,-9.745560213740692e-05
2021-06-17,0.0,0.0,0.0,0.0,0.0,-0.0007335541597505268,0.0,-0.0,-0.0,0.00031039934141426984,0.0,-0.0,0.000187203215307031
2021-06-18,-0.0,-0.0,-0.0,-0.0,0.0,-0.0012740740373518343,-0.0,-0.0,-0.0,-0.0008648372187134336,-0.0,-0.0,-0.0001512985043951342
2021-06-21,0.0,0.0,-0.0,0.0,-0.0,0.0,0.0,0.0,0.0,0.0,0.0,0.0,-0.0
2021-06-22,0.0,0.0,0.0,-0.0,0.0,0.0,-0.0,7.515972854562929e-05,0.0,0.0,0.0,0.0,-0.00014257751399957138
2021-06-23,-0.0,-0.0,0.0,0.0,0.0,-0.0,-0.0,-0.00047161262683361593,-0.0,-0.0,0.0,-0.0,1.5231075738210425e-05
2021-06-24,-0.0,0.0,0.0,0.0,0.0,0.0,0.0,1.895016130319899e-05,0.0,-0.0,0.0,0.0,-8.721373840256402e-05
2021-06-25,-0.0,-0.0,-0.0,-0.0,-0.0,0.0,-0.0,0.000264550881720784,-0.0,0.0,-0.0,-0.0,1.5833073063069408e-05
2021-06-28,0.0,0.0,0.0,0.0,0.0,0.0,0.0,-9.432185404204491e-05,0.0,0.0,0.0,0.0,-0.00014500925913793388
2021-06-29,0.0,0.0,0.0,0.0,0.0,0.0,0.0,-4.7227735635622046e-05,-0.0,-0.0,0.0,0.0,-0.00010212315338133212
2021-06-30,0.0,-0.0,-0.0,-0.0,0.0,-0.0,-0.0,0.0,-0.0,-0.0,0.0,-0.0,0.0
2021-07-01,0.0,0.0,0.0,-0.0,-0.0,-0.0,0.0,0.0,-0.0,0.0,-0.0,-0.0,-0.0
2021-07-02,0.0,0.0,0.0,-0.0,0.0,0.0,0.0,0.0,0.0,0.0,0.0,0.0,-0.0
2021-07-06,0.0,0.0,0.0,0.0,-0.0,0.0,0.0,-0.0,-0.0,0.0,-0.0,-0.0,-0.0
2021-07-07,-0.0008897963283201684,0.0,-0.0,-0.0,-0.0,0.0,-0.0,0.0,-0.0,0.0,-0.0,-0.0,0.00014947652199938187
2021-07-08,0.00046211370950594797,-0.0,-0.0,0.0,-0.0,0.0,-0.0,0.0,-0.0,-0.0,-0.0,-0.0,-0.00026130407443720045
2021-07-09,-0.000648526518638478,0.0,0.0,0.0,0.0,-0.0,-0.0,0.0,0.0,0.0,0.0,0.0,0.0002478388221315795
2021-07-12,-0.0,-0.0,0.0,0.0,-0.0,-0.0,-0.0,-0.0,0.0,-0.0,0.0,0.0,-0.0
2021-07-13,0.0,0.0,-0.0,-0.0,-0.0,0.0,0.0,0.0,0.0,-0.0,-0.0,-0.0,-0.0
2021-07-14,0.0,0.0,-0.0,-0.0,-0.0,0.0,-0.0,0.0,-0.0,0.0,0.0,0.0,-0.0
2021-07-15,-0.0,-0.0,-0.0,-0.0,-0.0,-0.0,-0.0,-0.0,-0.0,-0.0,-0.0,-0.0,0.0
2021-07-16,-0.0,-0.0,-0.0,-0.0,-0.0,-0.0,0.0,0.0,-0.0,0.0,-0.0,-0.0,0.0
2021-07-19,-0.0,0.0006705493499905026,0.0,-0.0,0.0,-0.0,-0.0,-0.0,-0.0,-0.0,-0.0,0.0,-0.00034733865845891834
2021-07-20,0.0,-0.0004152235679545977,-0.0,0.0,0.0,0.0,0.0,0.0,0.0,0.0,0.0,0.0,0.00036759105683794777
2021-07-21,-0.0,-0.000370953335122713,0.0020990931599258393,0.0,0.0,0.0,0.0,0.0,0.0,0.0,0.0,0.0,-9.281960008368278e-05
2021-07-22,0.0,-0.0008352028428949591,0.00047174998707658094,-0.0,0.0,0.0,0.0,0.0,-0.0,0.0,0.0,-0.0,-7.744027667704441e-05
2021-07-23,0.0,-0.000613057123637294,-9.194935161835287e-05,0.0007108136554337475,0.0,0.0,-0.0,0.0,-0.0,-0.0,0.0008492477582790466,0.0,-0.000693576223138574
2021-07-26,0.0,0.00010713302412243002,-0.0006795121570860845,-9.426245035933853e-05,-0.0,-0.0,-0.0,0.0,0.0012208229247316071,0.0,-0.0004785389187741045,0.0,4.721527532991873e-05
2021-07-27,-0.0,0.00043607705316294436,-0.00022336539147048147,-0.0007184751861916598,-0.0,-0.0,-0.0,-0.0,-0.0010512993115940103,-0.0,-0.000903586099812804,-0.0,0.0008731987212054553
2021-07-28,-0.0,5.5869829124823516e-05,0.000762072048574457,0.00024029175008599332,0.0,0.0,0.0,-0.0,-0.0001035294487535082,-0.0,0.0005328772603078656,0.0,0.00011270375314067886
2021-07-29,0.0,-4.888951360322052e-05,0.00040597695271456057,0.0006716953452676583,-0.0024995247870547637,0.0,0.0,0.0,0.0005900602337507705,0.0,0.0,0.0,-0.00017488153082611063
2021-07-30,0.0,0.000278259761591169,-0.0004162328370641431,0.0,-0.0015493254470977807,-0.0,-0.000434185908397774,0.0,1.8618507010899387e-05,-0.0,0.00039562691866296183,0.0,-1.3907506810713473e-06
2021-08-02,-0.0,-0.0,0.0006395154571840467,-0.0,0.0,-0.0,-0.00022162881416811178,0.0,-3.724394958053002e-05,0.0,0.00031474020756772146,0.0,0.00016155051379845793
2021-08-03,0.0,0.0,0.00016428676476337598,0.0,0.0,0.0,5.601776556399354e-05,0.0,0.0003527024092437654,0.0,0.00030659440427729544,-0.0,-0.00028590010373788787
2021-08-04,-0.0,-0.0,0.001145002515890478,0.0,0.0,0.0,0.0006264248431722972,-0.0,-0.00014820314666750186,0.0,-9.116388384969763e-05,0.0,-9.081628711573709e-05
2021-08-05,0.0,0.0,0.0008873152125889416,-0.0,-0.0,0.0,0.0012916854397689243,0.0,-9.27729847731235e-06,-0.0,0.0004711100774183257,0.0,-0.00027293738897737077
2021-08-06,-0.0,-0.0,-0.0006609368731256538,-0.0,-0.0,-0.0,5.986231674311262e-06,-0.0,2.7826732932309297e-05,0.0,-0.0,-0.0,6.500029452993521e-05
2021-08-09,-0.0,-0.0,-0.00017461467293062867,-0.0,-0.0,-0.0,-0.00025404627476374053,-0.0,0.00012040387405827932,0.0,0.0,-0.0,0.00025035299912484364
2021-08-10,-0.0,-0.0,-0.0008923703842909137,-0.0,-0.0,-0.0,-0.0012036058432783245,0.0,-0.0,-0.0,-0.0,-0.0,0.0004272014410835515
2021-08-11,0.0,0.0,-0.0005979634785412109,0.0,0.0,0.0,-0.00022855064811684464,0.0,0.0,-0.0,0.0,-0.0,-7.720275205334103e-06
2021-08-12,0.0,0.0,0.0005201541709031033,0.0,-0.0,0.0,0.001245300474363149,0.0,-0.0,0.0,0.0,-0.0,-0.00033922613286336694
2021-08-13,0.0,0.0,0.0007058706012867722,0.0,0.0,0.0,0.0,0.0,-0.0,0.0,0.0,0.0,-0.00017739914808488275
2021-08-16,0.0,0.0,-0.000592961257107174,0.0,-0.0,-0.0,-0.0,-0.0,-0.0,0.0,-0.0,0.0,-0.00014767511368398597
2021-08-17,-0.0,-0.0,-0.0,-0.0,0.0,-0.0,-0.0,-0.0,-0.0,0.0,-0.0,-0.0,0.0
2021-08-18,-0.0,-0.0,-0.0,-0.0,-0.0,-0.0,0.0,-0.0,-0.0,-0.0,-0.0,-0.0,0.0
2021-08-19,0.0,0.0,0.0,0.0,0.0,0.0,0.0,0.0,0.0,-0.0,-0.0,0.0,-0.0
2021-08-20,0.0,0.0,0.0,0.0,0.0,0.0,0.0,-0.0008226005955855626,-0.0,0.0,0.0,-0.0,0.00021424209070404726
2021-08-23,0.0,0.0,0.0,0.0,0.0,0.0,0.0,-0.000274067147313136,0.0011593069699842356,0.0,0.0007162194923155426,0.0,-0.0003656608613264386
2021-08-24,-0.0,-0.0,-0.0,-0.0,-0.0,0.0,-0.0,-0.0006618118002995684,0.0,-0.0,0.00011088015632030046,-0.0,1.3136884219313165e-05
2021-08-25,-0.0,-0.0,0.0,0.0,0.0,-0.0,0.0,-2.528018929728402e-05,0.0,0.0,-0.000204626928687954,0.0,6.659398485678664e-06
2021-08-26,-0.0,-0.0,-0.0,0.0,-0.0,-0.0,0.0,0.00012652895828585233,-0.0,0.0,-0.0005205287186607269,-0.0,7.548553156967243e-05
2021-08-27,0.0,0.0,0.0,0.0,0.0,0.00046761750850287233,0.00023581418167931465,0.00015225861875832936,0.0,0.0,0.000859959226981606,0.0,-0.00012920302338444682
2021-08-30,0.0,0.0,0.0,-0.000296533945164406,-0.0,0.0005639881316413299,0.00029350977981052975,-9.31020158972556e-05,0.0,0.0,0.00037484270610573645,0.0,0.0001139996858240522
2021-08-31,-0.0,-0.0,-0.0,0.0001686579252030384,-0.0,-0.0001722207630384154,-5.6578159326133334e-05,9.310201589725593e-05,0.0,-0.0,0.0002562969081098683,-0.0,-3.790270326013006e-05
2021-09-01,0.0,-0.0,0.0,0.00040894035323399804,-0.0,0.0001647125791038349,-0.0005716061428890811,-1.6940538871183617e-05,-0.0,0.0,-0.0,-0.0,8.864657415959956e-06
2021-09-02,0.0,-0.0,-0.0,0.0001279110599528992,-0.0,-9.394755231042866e-05,0.0007831587232286969,-0.0004132603436540804,0.0,-0.0,-0.0,0.0,-3.763568953917239e-05
2021-09-03,0.0,-0.0,0.0,-0.0005840928202735183,0.0,0.0001464811786609098,-0.0005515557689671698,9.247585654185726e-05,-0.0,0.0,-0.0,0.0,0.0001391504779011562
2021-09-07,0.0,-0.0,-0.0,0.00010962821332902982,-0.0,-0.0003915741635588852,0.00035131369991090513,0.0004564697806920379,0.0,-0.0,-0.0,-0.0,8.888948715381964e-06
2021-09-08,-0.0,0.0,-0.0,0.00022301418446920622,-0.0,0.000138153959601494,0.0004906922280295559,0.000170126057291993,-0.0,0.0,-0.0,-0.0,-0.0001382521214217275
2021-09-09,-0.0,-0.0,-0.0,9.009285035440365e-05,-0.0,-0.00011623523990834066,0.00035921890981131224,-0.0,0.00015892319633598612,0.0,-0.0,-0.0,-0.00014129036836573212
2021-09-10,-0.0,-0.00025971456127169777,0.0,-0.00046993206235768195,-0.0,-0.00020747860335741826,-0.0,-0.0,-0.0004102969685161593,0.0,0.0,0.0,3.1767298910826845e-05
2021-09-13,0.0,0.00021596119283619878,-0.0,-8.123478635009915e-05,-0.0,-0.0010574817709323885,-0.0,0.0,-0.001056733259162545,-0.0,0.0,-0.0008657887330911925,3.898952022685035e-06
2021-09-14,-0.0,0.0004691880669813225,0.0,-0.0002907594896716012,0.0,-0.0,0.0,-0.0,0.0004291871845695721,-0.0,-0.0,-0.00029042205582054044,-3.981174363727109e-05
2021-09-15,0.0,0.0,0.0,-0.0007779834895650785,-0.0,0.0,0.0,-0.0,-0.0005472509938535657,0.0007695993884749841,-0.0,-0.0006087541129684528,0.0003002855354100917
2021-09-16,-8.058560605477135e-05,0.0,-0.0,0.00023498455387543785,0.0,0.0,0.0,-0.0,0.0002637568644722997,-0.0002743177528878006,5.783690639118666e-05,0.00017244894351685778,-1.3659969183628003e-05
2021-09-17,-0.0009259209823821107,-0.0,-0.0,0.00013322157188132454,-0.0,-0.0,0.0,-0.0,0.0005225091092585705,-0.0004952816355871893,-0.0017648891040511969,0.00014501244041607834,0.0003591757896418897
2021-09-20,-0.0010796267200065448,-0.0,-0.0,-0.0,-0.0,-0.0,-0.0,-0.0,0.0011936411693431088,-0.00012749195595586796,-0.00031536371253857446,0.0009412889863198514,0.0009605149447181723
2021-09-21,0.00017110747571445187,0.0,0.0,-0.0,0.0,0.0,-0.0,-0.0,0.00010392067982823165,0.00043330330682766815,-0.0003818399715151026,-9.596683013499229e-05,-1.6312144168215695e-05
2021-09-22,0.000836579250380427,0.0,0.0,0.0,0.0,-0.0,0.0,0.0,-0.0005922791827300982,0.0008668100300508351,0.0004759062971866549,-0.0007611749552545792,-0.0005661290304291035
2021-09-23,0.00033483793305579836,0.0,0.0,0.0,0.0,0.0,0.0,0.0,-0.0004928896977006829,0.0005510007408294571,0.00033718095711350273,-0.0006969372068029959,-0.000575900894688337
2021-09-24,3.063829883101902e-05,-0.0,-0.0,0.0,-0.0,-0.0,-0.0013789938622497076,0.0,-0.0001755198107272531,0.00028992052683633746,-1.120280821744556e-05,-0.0004958469966476844,-1.4984331274628044e-05
2021-09-27,-0.0005303002256616577,-0.0,-0.0,-0.0,0.0,-0.0,-0.0,-0.0,-0.00040411682147011957,0.00060780945177298,-0.00014961112299763,7.980449596822758e-05,0.00039771753469664234
2021-09-28,-0.0012044581295893718,-0.0018437582051592499,-0.0,-0.0,-0.0,-0.0,-0.0,-0.0,0.000607406696782373,-0.0,-0.0013593365103309642,-0.0,0.0019628377798819466
2021-09-29,0.0,8.457853722450275e-05,-0.0,-0.0,-0.0,-0.0,-0.0,-0.0,-0.0,0.0,-0.00023921644518843434,-0.0,5.9172415604772726e-05
2021-09-30,-0.0,-0.0003675447706695638,0.0,-0.0,0.0,-0.0,0.0,-0.0,-0.0,-0.0,-0.00011616205952769994,-0.0,0.0003400327282213737
2021-10-01,0.0,0.001257465313724281,0.0,0.0,-0.0,0.0,0.0,0.0,0.0,0.0,-0.00010477709604724027,0.0,-0.0007072450348537909
2021-10-04,-0.0,-0.0010468567160474523,-0.0,-0.0,-0.0,-0.0,-0.0,-0.0,-0.0,-0.0,-0.0007948794995423685,-0.0,0.0010973570218233834
2021-10-05,0.0,0.0009880189284804397,0.0,0.0,0.0,0.0,0.0,0.0,0.0,0.0,0.0003343704684184649,0.0,-0.0006452870893915334
2021-10-06,0.0,0.0007476035956163404,0.0,0.0,0.0,0.0,0.0,-0.0,0.0,-0.0,0.00020736365259237975,0.0,-0.0002971540340029081
2021-10-07,0.0,0.0,0.0,0.0,0.0,0.0,-0.0,0.0009912218892422283,0.0,0.0,-8.597110363457893e-05,0.0,-0.00034286586901879473
2021-10-08,-0.0,0.0,-0.0,-0.0,-0.0,-0.0,-0.0,5.449591820128003e-05,-0.0,0.0,-0.0005070997513415785,-0.0,0.00013928682696763174
2021-10-11,-0.0,-0.0,-0.0,-0.0,-0.0,-0.0,0.0,-0.00013635132529625632,-0.0,-0.0004744869011621968,-0.000640193246285463,-0.0,0.000134378588834772
2021-10-12,-0.0,-0.0,-0.0,-0.0,0.0,0.0,0.0,-0.0005951906193930294,-0.0,-0.00014670449589956905,-0.0008027926701611129,-0.0,0.0001245025069023317
2021-10-13,-0.0,0.0,0.0,-0.0,0.0,0.0,0.0,0.0003122140539445295,0.0,-0.00043236191692059325,0.0008427958725509852,-0.0,-0.00015187716364236083
2021-10-14,0.0,0.0,0.0,0.0,0.0,0.0,0.0,0.0009340980837997497,0.0,0.0005843138284727668,0.001426978993481655,0.0,-0.0005872982009853811
2021-10-15,0.0,0.0,0.0,0.0,0.0,0.0,0.0,-0.0003606868661845883,0.0,-2.623157292210422e-05,0.0005949231895807369,0.0,-0.00023942121985594567
2021-10-18,0.0,0.0,0.0,0.0,0.0,0.0,0.0,-5.432814732261174e-05,0.0,-0.0006151036706778979,-0.0,0.0,-7.336684553382556e-05
2021-10-19,0.0,0.0,0.0,0.0,-0.0,0.0,0.0,0.0004958122301196145,0.0,-0.0002841357029012695,0.0,0.0,-6.118910559543718e-05
2021-10-20,0.0,-0.0,-0.0,-0.0,0.0,-0.0,-0.0,0.000410936742292168,0.0,0.00021683048952826587,-0.0,0.0,1.765902194788745e-05
2021-10-21,0.0,0.0,0.0,0.0,0.0,0.0,-0.0,-0.00045580796490340817,0.0,0.00017622076912124783,0.0,0.0,-2.382584201144883e-05
2021-10-22,-0.0,-0.0,0.0,0.0,0.0,0.0,0.0,-0.0005234704853216671,-0.0,-0.0010023465972645348,-0.0,-0.0,2.120828023449669e-05
2021-10-25,-0.0,-0.0,0.0,0.0,0.0,0.0,0.0,2.7210885025335094e-05,-5.057146178057996e-05,0.00018354257380158077,0.0,0.0,-8.30876944750263e-05
2021-10-26,0.0,0.0,0.0,0.0,0.0,-0.0,0.0,0.0006038829602345806,-0.0011567718314163928,0.000466981379806636,0.0,-0.0,-7.206773032552045e-05
2021-10-27,-0.0,0.0,0.000541007556077719,-0.0,-0.0,-0.0,0.0,0.0003303878437877711,-0.0004055340937406383,0.0004922064513662449,-0.0,-0.0,-1.651889239581841e-05
2021-10-28,0.0,-0.00018223395512553255,-0.0009920960399502049,0.0,-0.0,-0.0,0.0,5.337129131559232e-05,0.00019797879362170947,0.0,0.0,0.0,0.0003478409464367898
2021-10-29,-0.0,-0.001108327770708108,-0.0012394710875372394,0.0,-0.0,0.0,0.0,-0.00024062072995706125,0.0009477003941837228,-0.0,-0.0,-0.0,0.00014793105949110737
2021-11-01,-0.0,0.00034039980792379185,-0.0005058999457084934,-0.0,0.0,-0.0,0.0,0.00011599898126911496,0.0005580981332685205,-0.0,0.0,-0.0,-5.1452664576142796e-05
2021-11-02,0.0,-0.0005675532636790844,-0.0010990715939419463,0.0,0.0,0.0,0.0,0.0013366958563865898,0.00031184086597074257,0.0,0.0,0.0,0.00030359710190135266
2021-11-03,0.00048754988143709664,-0.00013040943941840355,-0.0003717068384102766,0.0,0.0,0.0,-0.0,0.0,0.00052868322985475,0.0,0.0,-0.0,0.00014752888388309867
2021-11-04,-0.00017523575549687343,-0.00036394170587680645,-0.005685296250217099,0.0,-0.0026010415852963814,0.0,0.0,-0.0,-7.944390946397717e-05,-0.0,-0.005991748805031085,0.0,0.0011877769394764894
2021-11-05,0.00010587616449536416,5.6505582222030965e-05,-0.0,0.0,0.0004236075585993358,-0.0,-0.0,-0.0,0.0006025954592989296,-0.0,0.0,0.0,7.370202712296371e-05
2021-11-08,-0.00027840453740332155,0.0,0.0,0.0,-0.004827481317180707,0.0,0.0,-0.0,0.0006148218386881534,0.0,0.0,-0.0,-5.884993458278985e-05
2021-11-09,0.00012282163852290136,-0.0,-0.0,-0.0,0.00041460716368685617,0.0,-0.0,0.0,-0.00034063392087533537,-0.0,0.0,-0.0,4.126346158600472e-05
2021-11-10,-0.0009674589646862024,-0.0,-0.0,-0.0,0.0031347914606651827,-0.0,-0.0,0.0,-0.00043154445996375725,-0.0,-0.0,-0.0,0.00015124595596942113
2021-11-11,-1.6903884673671848e-05,0.0,0.0,0.0,-0.0021480846361130027,-0.0,0.0,-0.0,-0.00022707117711848673,0.0,0.0,0.0,-2.3724422462019227e-05
2021-11-12,0.0007117557910936065,0.0,0.0,0.0,-0.0006396820832602537,0.0,0.0,0.0,-0.00021816774002950007,-0.0,0.0,0.0,-6.35222505523709e-05
2021-11-15,3.333444449384453e-06,-0.0,-0.0,0.0,0.0004755793718499485,0.0,-0.0,0.0,9.937394447894977e-06,0.0,0.0,-0.0,5.058203641516122e-06
2021-11-16,0.0003322271359334256,0.0,0.0,0.0,-0.001993975334629268,0.0,0.0,-0.0,0.000287328641690081,0.0,0.0,-0.0,-5.2206885402079515e-05
2021-11-17,0.0008177790755196242,-0.0,-0.0,0.0,0.0003653856083944194,-0.0,0.0,-0.0,-0.0003768363732016682,-0.0,0.0,0.0,1.2364861193049753e-05
2021-11-18,0.0014068245609159362,0.0,0.0,0.0,-0.0012012589793494919,0.0,-0.0,-0.0,-0.0005505010068364984,-0.0,0.0,0.0,-3.907239113392724e-05
2021-11-19,0.0,0.0,0.0,-0.0,0.0,0.0,-0.0,-0.0,-0.0001612904624441283,-0.0,-0.0,0.0,-0.00012861549545933244
2021-11-22,0.0,-0.0,-0.0,-0.0,-0.0,-0.0,-0.0,0.0,0.0003120291958486252,0.0,-0.0,-0.0,0.00019441048222209353
2021-11-23,-0.00012095654566767337,-0.0,-0.0,0.0,-0.0,-0.0,-0.0009213873758112212,0.0,-0.0007379088746419179,-0.0,-0.0,0.0,2.8081513457077238e-05
2021-11-24,-0.00016390922363900248,0.0,0.0,0.0,0.0,0.0,-0.0003875387560860965,0.0,0.0006676206815224606,0.000343128089061902,-0.0,0.0,-0.00016801719752459319
2021-11-26,0.001609550743251407,-0.0,-0.0,-0.0,-0.0,-0.0,-0.0,-0.0,-0.0009945527821574945,-0.000672378482676685,-0.0,-0.0,6.090094279417078e-05
2021-11-29,-0.0010818904982311387,0.0,0.0,0.0,0.0,0.0,0.0,0.0,0.001235130632018586,0.00032925039361478606,0.0,0.0,-5.173082656752999e-05
2021-11-30,-0.0015544656734707884,-0.0,-0.0,-0.0,-0.0,-0.0,-0.0,-0.0,-0.0008064690964941766,-0.0011977924710507204,-0.0,-0.0,2.3762488917831222e-05
2021-12-01,0.00016057213788192083,-7.719437863117334e-05,-0.0,9.74342627263189e-05,-0.0,-0.0,-0.0,0.0,-0.0006135046295907181,-0.0005485123433714792,-0.0,-0.0,0.0007495849663207822
2021-12-02,0.0003074310358153041,-8.945224272887034e-05,0.0,-0.0,0.0,0.0,0.0,0.0,0.00091745693340982,0.000133526283873451,0.0,0.0,-0.0002739198292509643
2021-12-03,0.0005896874246771976,-0.0009931360986314504,-0.0,0.0005105530732411,-0.0,-0.0,-0.0,0.0,-0.0002531650978273381,-0.0009819089050305079,-0.0,-0.0,0.0009136763560742307
2021-12-06,-0.0010637398392020806,0.0004898375591016259,-0.0,0.0,-0.0,0.0,0.0,0.0,0.0,0.0,-0.0,0.0,-2.1236318999553326e-05
2021-12-07,0.0,0.0013205831829231705,0.0,0.0,0.0,0.0,0.0,0.0,0.0,0.0,0.0,0.0,-0.0008255281712230932
2021-12-08,0.0,7.463911999415626e-06,-0.0,0.00015606988311268083,0.0,0.0,-0.0,-0.0,-0.0,-0.0,-0.0,-0.0,1.6469656290800715e-06
2021-12-09,-0.0,-0.00027991151882926973,-0.0,0.0004385768490814547,-0.0,-0.0,-0.0,0.0,-0.0,-0.0,-0.0,-0.0,-3.1294560153439725e-06
2021-12-10,0.0,0.0013972847002294395,-0.0,-0.0039737799081341054,0.0,0.0017002150911490526,0.0,0.0,0.0,0.0,0.0,0.0,-0.0006560879948122566
2021-12-13,-0.0,-0.0004604543202048437,-0.0,0.0007994808656673427,-0.0,0.00029327831180513857,-0.0,0.0005430224763451334,-0.0,-0.0,-0.0,-0.0,0.00029943219035901005
2021-12-14,-0.0,-0.0016564847966876923,0.0,0.0005458701928784334,0.0,-0.0,-0.0,0.0007217860347581797,-0.0,-0.0,-0.0,-0.0,-0.00025176494208802524
2021-12-15,0.0,0.0009517776340139564,0.0,-0.001988674339514991,0.0,0.001242444607670417,0.0,-0.0018353802338459788,0.0,0.0,0.0,0.0,-0.0005786136244443778
2021-12-16,-0.0,-0.0014783883435798284,-0.0,-0.0,-0.0,-0.005374520780301172,-0.0,-0.00031603564964007995,0.0,-0.0,-0.0,-0.0,0.0013354418315678102
2021-12-17,-0.0,-0.00016957007157599713,-0.0,0.0,-0.0,-0.000841718237970611,-0.0,-0.00012420309442082248,-0.0,-0.0,-0.0,-0.0,0.00036327170481331684
2021-12-20,-0.0,-0.0006043167503980543,-0.0,0.0,-0.0,-0.0,-0.0,8.276777258319103e-05,-0.0,-0.0,-0.0,-0.0,0.0001869791462366795
2021-12-21,0.0,0.001140346089766853,0.0,0.0,0.0,0.0,0.0,-0.000551945632837772,0.0,-0.0,0.0,0.0,-0.0003395166343008521
2021-12-22,0.0,0.0008948141130888396,0.0,0.0,-0.0,0.0,0.0,-0.00040796570979976653,0.0,-0.0,0.0,0.0,-0.00017461261881289094
2021-12-23,0.0,0.000223090998800549,0.0,0.0,0.0,0.0,0.0,-0.000605774310669935,0.0,-7.795969950031794e-05,0.0,0.0,-0.00018778935395858052
2021-12-27,0.0,0.0011460465687607778,0.0,0.0,0.0,0.0,0.0,-0.0009069461072201871,0.0,-0.00010041284195940156,0.0,0.0,-0.0007163334864480077
2021-12-28,-0.0,-0.00017551575723723277,-0.0,-0.0,-0.0,-0.0,-0.0,0.0,-0.0,-0.0004994710146301286,-0.0,-0.0,0.0002219621747337804
2021-12-29,0.0,0.00010245905224677119,-0.0,0.0,-0.0,-0.0,-0.0,0.0,0.0,-0.0002487848624770644,0.0,-0.0,-3.552497626430407e-05
2021-12-30,-0.0,-0.0003860456302285526,-0.0,-0.0,-0.0,0.0,0.0,-0.0,-0.0,-0.00011349454424776159,-0.0,-0.0,0.00028222543256361437
2021-12-31,-0.0,-0.0,-0.0,0.0,-0.0,-0.0,-0.0,-0.0,-0.0,-0.00045657205734130513,0.0,-0.0,9.282844852546162e-05
2022-01-03,0.0,-0.0,0.0,-0.0,0.0,-0.0,0.0,-0.0,0.0,0.00039404007261185545,0.0,0.0,-0.0001807241989814768
2022-01-04,-0.0,-0.0,-0.0,0.0,-0.0,-0.0,-0.0,-0.0,6.58204138305263e-05,0.0005318597167547645,0.0,0.0,-1.1172116011710693e-05
2022-01-05,-0.0,-0.0,-0.0,-0.0,-0.0,-0.0,-0.0,-0.0,-0.000682189818038747,-0.001357755989337049,-0.0,-0.0,-3.095721279921701e-05
2022-01-06,-0.0,-0.0,0.0,-0.0,0.0,-0.0,0.0,0.0,-0.00012977389561787204,-6.944445560771469e-05,-0.0,-0.0,1.2807770003623823e-05
2022-01-07,0.0,0.0,-0.0,-0.0,-0.0,-0.0,-0.0,0.0,0.0005304842688204727,0.0006730041210204201,-0.0,-0.0,2.8088218356407126e-05
2022-01-10,0.0,0.0,0.0,0.0,0.0,0.0,0.0,0.0,-0.001629228353378147,0.0,-0.0,0.0,2.9486708473064888e-06
2022-01-11,0.0,0.0,0.0,0.0,0.0,0.0,0.0,0.0,-0.0006299579371300297,-0.0,0.0,0.0,0.00018300717434906286
2022-01-12,0.0,0.0,0.0,-0.0,0.0,0.0,0.0,-0.0,-0.0,-0.0,0.0,0.0,-0.0
2022-01-13,-0.0,-0.0,-0.0,-0.0,-0.0,-0.0,-0.0,-0.0,-0.0,-0.0,-0.0,-0.0,0.0
2022-01-14,0.0,0.0,0.0,-0.0,0.0,0.0,0.0,-0.0,0.0,-0.0,0.0,-0.0007705724234777169,0.00016652783382029149
2022-01-18,-0.0,-0.0,-0.0,-0.0,-0.0,-0.0,-0.0,-0.0,-0.0,-0.0,-0.0,0.0012809062482473407,-0.00048693469575918584
2022-01-19,-0.0,0.0,-0.0,-0.0,-0.0,0.0,0.0,-0.0,-0.0,-0.0,-0.0,0.0011038220763293497,-0.0002843201502795691
2022-01-20,-0.0,-0.0,-0.0,-0.0,-0.0,-0.0,-0.0,-0.0,-0.0,-0.0,-0.0,0.0013789075726667998,-0.0002655116357713364
2022-01-21,-0.0,-0.0,-0.0,-0.0,-0.0,-0.0,-0.0,-0.0,0.0,-0.0,-0.00047370839802187933,-0.0006273536138878886,0.00027871893864173244
2022-01-24,-0.0,0.0,-0.0,0.0,-0.0,0.0,0.0,0.0,-0.0,0.0,0.001534448777213061,-0.0007627697506608412,-7.501538771635801e-05
2022-01-25,-0.0,-0.0,-0.0,-0.0,-0.0,-0.0,-0.0,-0.0,-0.0,-0.0,-0.0013770541318350463,0.0012433226488647864,0.0003422865018357911
2022-01-26,-0.0,0.0,0.0,0.0,-0.0,-0.0,-0.0,-0.0,0.0,-0.0,0.0004662389024566961,-0.0012405189367492167,-8.371419224115808e-05
2022-01-27,-0.0,0.0,-0.0,-0.0,-0.0,-0.0,0.0,-0.0,-0.0,0.0,-0.0017673991172113554,-0.0,0.0002384507497493991
2022-01-28,0.0,0.0,0.0,0.0,0.0,0.0,0.0,0.0,-0.0,0.0,0.0017104805046718073,0.0,-0.0014920563627716721
2022-01-31,0.0,0.0,0.0,0.0,0.0,0.0,0.0,0.0,0.0,0.0,0.0026131993955195317,0.0,-0.0008153289955769423
2022-02-01,-0.0,-0.0,0.0,0.0,0.0,0.0,-0.0,-0.0,0.0,-0.0,0.0003882249094075338,0.0,-8.643162979031907e-05
2022-02-02,0.0,0.0,0.0,0.0,0.0,-0.0,-0.0,0.0,0.0,0.0,0.0030310650443386876,0.0,-0.00024974624412715265
2022-02-03,-0.0,-0.0,-0.0,-0.0,-0.0,-0.0,-0.0,-0.0,-0.0,-0.0,-0.0024780459042306573,-0.0,0.000918931911724938
2022-02-04,-0.0,0.0,0.0,0.0,0.0,0.0,0.0,-0.0,-0.0,0.0,0.00010318769872594706,-0.0,-0.00012793370770151176
2022-02-07,-0.0,-0.0,0.0,-0.0,0.0,-0.0,-0.0,0.0,0.0,-0.0,-0.0012353967801479841,-0.0,0.0002121776448071098
2022-02-08,0.0,0.0,0.0,0.0,0.0,0.0,0.0,0.0,0.0,0.0,0.0009896274197591511,0.0,-0.0003859842117766428
2022-02-09,0.0,0.0,0.0,0.0,0.0,0.0,0.0,0.0,0.0,0.0,0.0014785652858687473,0.0,-0.0006864216302608586
2022-02-10,-0.0,-0.0,-0.0,-0.0,-0.0,-0.0,-0.0,-0.0,-0.0,-0.0,-0.002760323219308275,-0.0,0.0008363198815481796
2022-02-11,-0.0,-0.0,-0.0,-0.0,-0.0,-0.0,0.002296147978138922,-0.0,-0.0,-0.0,-0.0027848122539439225,-0.0,6.524464188275458e-05
2022-02-14,0.0,-0.0,0.0,0.0,0.0,0.0,0.0003620580628279793,-0.0,-0.0,-0.0,0.00014858851945787402,-0.0,5.12334890029478e-07
2022-02-15,0.0,0.0,0.0,0.0,0.0,0.0,-0.0018663761935240758,0.001014460113021983,0.0,0.0,0.002327927601144101,0.0,-0.00038943068671954436
2022-02-16,-0.0,-0.0,-3.0185262962589393e-05,-0.0,-0.0,-0.0,0.0005892225281327725,-1.8429782737231722e-05,-0.0,-0.0,-0.00011574079242256877,0.0,-3.314721989707798e-05
2022-02-17,-0.0,-0.0,0.003930047508806758,-0.0,-0.0,-0.0,0.002844587580803611,0.0013816548990446716,-0.0,-0.0,-0.001709064436234056,-0.0,-0.000983260911444253
2022-02-18,-0.0,-0.0,0.0017966999849828428,0.0,0.0,-0.0,0.0008038069650692063,0.0012746308939487541,-0.0,-0.0,0.0002511666566112128,0.0,-0.00035787224807768976
2022-02-22,-0.0,-0.0,0.0005358105366048775,-0.0,0.0,-0.0,0.0004362606445435088,-0.0,-0.0,-0.0,-0.0005246952476343522,-0.0,-0.00045458831477264655
2022-02-23,-0.001310226331082095,-0.0,0.0021914073675171584,-0.0,-0.0,-0.0,0.0011901928414137014,-0.0,-4.477278114260306e-05,-0.0,-0.001303850864944097,-0.0,-0.00021312005359419697
2022-02-24,0.0008271307854952611,0.0,-0.002950894158134225,0.0,0.0,0.0,-0.0034839203360464404,0.0,0.002265901559873169,0.0,0.0,0.0,0.0014152956470342933
2022-02-25,0.000644106712461436,-0.0004595403187557551,-0.0008537938381375277,0.0,-0.001872562846564983,0.0,-0.0009215062712563054,0.0,0.0010484340504022043,0.0,0.0,0.0,0.0015087403970924474
2022-02-28,8.182563877290051e-05,-0.00024828100001272945,-0.0004696997995418167,-0.0,-0.0009329239549902752,0.0,0.0,-0.0,-1.048108168600421e-05,-0.0,0.0,-0.0,-0.0001417021561379204
2022-03-01,-0.0005848019881595594,0.0006467567523698447,0.0018973485339322362,-0.0,0.004011933111311074,0.00010702517036398105,-0.0,-0.0,-0.0009310467915765431,0.0,-0.0,-0.0,-0.0022900509888916652
2022-03-02,0.0010189581168326023,-0.0008804878534766702,-0.0015578759820787417,0.0,-0.0019174293823575558,0.0,0.0,0.0,0.0021426624609649433,0.0,0.0,0.0,0.0016774944033582542
2022-03-03,-9.916166596454131e-05,0.0007163229997209516,0.0010556573544533716,-0.0,0.0027367205531764606,-0.0,-0.0,-0.0,-0.0,-0.0,-0.0,0.0,-0.001129152825046972
2022-03-04,-0.0009289884722194366,0.0010345549864914135,0.0016678931227404924,0.0,-0.0,-0.0,-0.0,0.0,0.0,-0.0,-0.0,-0.0,-0.000868222752641034
2022-03-07,-0.0012001692593488107,0.0019254449329246988,0.003578115823942281,-0.0,-0.0,-0.0,-0.0,-0.0,-0.0,-0.0,-0.0,0.0015201099078801647,-0.0025814940313106847
2022-03-08,-0.0005872391806029825,0.0005515954708718236,-0.0003779236953795199,0.0,0.0,-0.0,-0.0,-0.0,-0.0,-0.0,0.00021937148797591998,-0.0007374542977287952,-0.00017445412726176235
2022-03-09,0.0017199485989813697,-0.002241892311485714,-0.0033699420195726555,0.0,0.0,0.0,0.0,0.0,0.0,0.0,0.0020628514280285767,-0.0015068827328362914,0.0013736734378648992
2022-03-10,-0.0013781318480668191,0.0005068935050665813,0.0007794867974984971,-0.0,-0.0,-0.0,-0.0,-0.0,-0.0,0.0,-0.0007696900114264409,-8.400685618003905e-05,-0.0006511293275937786
2022-03-11,-0.0012099552910326558,0.0009758821961182804,0.0012467690963794877,-0.0,-0.0,-0.0,-0.0,-0.0,-0.0,-0.0007574431119292154,-0.0007718765893167602,0.000696580879638321,-0.000922412661356092
2022-03-14,-0.0013460776914187766,0.0006522886350631661,-0.0,-0.0,-0.0,-0.0,-0.0,-0.0,-0.0,0.000484218388325278,-0.0037650174583462835,0.0010799043245005363,-6.26471669846454e-05
2022-03-15,0.0,-0.0019005464043555988,0.0,0.0,0.0,0.0,0.0,0.0,0.0,-0.002239227486134037,0.001022802739813129,-0.0016518727421538136,0.0008190521611010418
2022-03-16,0.0,-0.0012450345788103162,0.0,0.0,0.0,0.0,0.0,0.0,0.0,0.000398606994019164,0.0,-0.0011502013005876958,0.0019870389407486456
2022-03-17,0.0,-0.00014077111111694872,0.0,-0.0,-0.0,0.0,0.0,0.0,0.0,-0.00039860699401916957,0.0,-0.0006031640224045891,0.00042649404272034703
2022-03-18,0.0,-0.0008746970319487633,0.0,0.0,0.0,0.0,0.0,-0.0,0.0,0.0,0.0,-0.00045458661569932213,0.0009096762819393443
2022-03-21,0.0,0.00021181172121796166,0.0,-0.0,0.0,0.0,-0.0,0.0,-0.0,-0.0,0.0,-9.984471922220968e-05,-0.000168556522817213
2022-03-22,0.0,-0.0008123251514611496,-0.0,0.0,-0.0,0.0,0.0,0.0,0.0,0.0,0.0,-0.0005209385344167224,0.0006424231619810715
2022-03-23,0.0,0.0007572011168123186,-0.0,-0.0,-0.0,-0.0,-0.0,-0.0,-0.0,-0.0,-0.0,0.0009047641940962148,-0.0006983615525982672
2022-03-24,0.0,-0.0007637783333437692,0.0,0.0,0.0,0.0,0.0,0.0,0.0,0.0,0.0,0.0,0.0006288213687189083
2022-03-25,0.0,-0.0,-0.0,0.0,-0.0,-0.0,-0.0,0.0,0.0,-0.0,-0.0,0.0,0.0
2022-03-28,0.0,0.0,0.0,0.0,0.0,0.0,0.0,0.0,-0.0,0.0,0.0,0.0,-0.0
2022-03-29,0.0,0.0,0.0,0.0,0.0,0.0,0.0,0.0,0.0,0.0,0.0,0.0,-0.0
2022-03-30,-0.0,-0.0,-0.0,-0.0,-0.0,-0.0,-0.0,0.0,-0.0,-0.0,-0.0,-0.0,0.0
2022-03-31,-0.0,-0.0,-0.0,-0.0,-0.0,-0.0,-0.0,-0.0,-0.0,-0.0,0.0,-0.0,0.0
2022-04-01,-0.0,0.0,-0.0,-0.0,-0.0005286676383685628,0.0,-0.0,-0.0,-0.0,-0.0,-0.0,-0.0,0.00012986647398839857
2022-04-04,0.0,0.0,0.0,0.0,0.001069901831169097,0.0,0.0,0.0,0.0,0.0,0.0,0.0,-0.0008238954619876279
2022-04-05,-0.0,-0.0,-0.0,-0.0,-0.0017070901205619938,-0.0,-0.0,-0.0,-0.0,-0.0,-0.0,-0.0,0.0009286793505279814
2022-04-06,-0.0,-0.0,-0.0,-0.0,-0.0014966198788301701,-0.0,-0.0,-0.0,-0.0,-0.0,-0.0,0.0,0.0010391870640468323
2022-04-07,0.0,0.0,-0.0,0.0,2.4109166772149715e-05,0.0,-0.0,0.0,0.0,-0.0,-0.0,0.0,-6.691968706178114e-05
2022-04-08,-0.0,-0.0,-0.0,-0.0,-0.0013287221914602097,-0.0,-0.0,-0.0,-0.0,-0.0,-0.0,-0.0,0.0006018833512672584
2022-04-11,-0.0,-0.0,-0.0,-0.0,-0.0018301180925297264,0.0012390094982238028,-0.0,-0.0,-0.0,-0.0,-0.0,-0.0,0.0003009633853513699
2022-04-12,0.0,-0.0,-0.0,0.0,-0.0011794592719660138,0.0008906309494470251,-0.0,-0.0,-0.0,-0.0,0.0,0.0,5.328653614003284e-05
2022-04-13,0.0,0.0,0.0,0.0,0.0013690961145332073,-0.0005708090510270534,0.0,0.00031740031564087673,0.0,0.0,0.0,0.0,-0.00039005905020700473
2022-04-14,-0.0,-0.0,-0.0,-0.0,-0.002453322271275309,0.001317981274414113,-0.0,-0.0009485379314890561,-0.0,-0.0,-0.0,-0.0,0.0005919413160154044
2022-04-18,-0.0,0.0,0.0,0.0,0.00044397189269768187,-0.000594632914238199,-0.0,-5.866250184061709e-05,0.0,-0.0,0.0,0.0,-7.848011770375436e-05
2022-04-19,0.0,0.0,0.0,0.0,0.001593259211703025,-0.001268240685949898,0.0,0.0006994479710713554,0.0,0.0,0.0,0.0,-0.00043693520902678167
2022-04-20,-0.0,0.0,-0.0,0.0,-0.001524077145426612,0.0009589541026284328,-0.0,0.0011350034329632075,-0.0001874221269911168,0.0,-0.0,0.0,3.499586790010482e-06
2022-04-21,-0.0,-0.0,-0.0,-0.0,-0.0022682956183208117,0.0012571766477248014,-0.0,-0.0,0.0006380172335383418,-0.0,-0.0,-0.0,-0.00013904736245786401
2022-04-22,-0.0,-0.0,-0.0,-0.0,-0.0009607576907863596,0.0010664327275108681,-0.0016636652023829285,-0.0,0.0010208776583224917,-0.0,-0.0,-0.0,0.0006549220379412185
2022-04-25,0.0,0.0,0.0009818414280196102,0.0,0.0014260319022817679,-0.0006418604591590581,0.0009075393658649291,0.0,-0.0005555612712535425,0.0,0.0,0.0,-0.0010654715946861676
2022-04-26,-0.0,-0.0,-0.0028800930514110853,-0.0,-0.0031457628717098773,0.0018241535016016467,-0.001302844637152524,-0.0,0.0016635796740570447,-0.0,-0.0,-0.0,0.002714096928172415
2022-04-27,-0.0,0.0,-0.0010026409133859979,-0.0,-0.00014699840070033027,0.00015307030599495366,0.0013343407011861138,-0.0,0.0003306161484125921,0.0,0.0,0.0,-0.0010704247085993662
2022-04-28,0.0,-0.0011190132755837844,0.0035803441710310145,0.0017041913829947833,0.002710488846072702,-0.0015624145198532362,0.0,0.0013208692872891544,0.0,0.0,0.0,0.0,-0.0027892552346574172
2022-04-29,-0.0,-0.0,-0.0032232191205249575,-0.0021665217532684787,-0.0023525691107968167,-0.0,-0.0,-0.0016566117228898126,-0.0,-0.0,-0.0,-0.0,0.005406295617746636
2022-05-02,0.0,0.0,0.002589864600784242,0.0019423352426021804,0.002464002185669893,0.0,0.0,0.0008903513285695102,0.0,0.0,0.0,0.0,-0.0018888127069723256
2022-05-03,0.0,-0.0,0.00017631294620767455,0.00041640989867290363,0.0,0.0,0.0,6.013229828802461e-05,0.0,-0.0,0.00034884264046328444,-0.0,-8.67412077421335e-05
2022-05-04,0.0,0.0,0.0018331380002990603,0.0,0.0,0.0,0.0,0.0016356138196013323,0.0,0.0,-0.0016332296524276967,0.0,-0.000881472982606262
2022-05-05,-0.0,-0.0,-0.003804990050758737,-0.0,-0.0,-0.0,-0.0,-0.0019470787070120664,-0.0,-0.0,0.002549659644018883,-0.0,0.001273425858389303
2022-05-06,0.0,-0.0,-0.00045044149094568763,0.0,0.0,-0.0,-0.0,-0.0002830005533655257,-0.0,-0.0,0.00037559527479717666,-0.0,0.00021410157197125702
2022-05-09,-0.0,-0.0,-0.0048458948596210895,-0.0,-0.0,-0.0,-0.0,-0.00037643885207881494,-0.0,-0.0,0.002054735577715489,-0.0,0.0010235217613404847
2022-05-10,0.0,0.0,0.0,0.0,0.0,0.0,0.0,0.0005989311285963102,0.0,0.0,-0.0006955545869286533,0.0,0.00029891699335514904
2022-05-11,-0.0,-0.0,-0.0,0.0012434249837808432,-0.0,0.0017739703100176415,-0.0,-0.0,-0.0,-0.0,0.0016760515405556304,-0.0,-0.002731759403056128
2022-05-12,-0.0013631232367311379,-0.0,-0.0,-0.0003916835992401936,-0.0,-0.0011930445408672938,-0.0,-0.0,0.0,-0.0,0.0002007046281874581,0.0,-0.0006377443566120279
2022-05-13,0.001570882126981071,0.0,0.0,-0.0014374033732162306,0.0,-0.00213650659699421,0.0,0.0,0.0,0.0,-0.001184907344276757,0.0,0.001986114181894672
2022-05-16,-0.0005364821671589992,7.27105864617706e-05,-0.0,0.0004757019766580544,-0.0,0.0003204227170144144,-0.0,-0.0,-0.0,-0.0,0.0003794096467610628,-0.0,-0.00031313402993104274
2022-05-17,0.0012552392717008315,0.0010069995122841257,0.0,-0.002140028685481975,0.0,-0.0008357014768772845,-0.0,0.0,0.0,0.0015327141208525512,-0.002112887461599233,0.0,0.0005120340263961273
2022-05-18,-0.002903663463098503,-0.0024462547845944538,-0.0,0.00318928504513829,-0.0,0.0014576342151805255,-0.0019936609699534435,-0.0,-0.0,-0.0025544147669307065,0.00342178350783611,0.0013555047004737896,-0.000333236600113735
2022-05-19,-0.001247503327485216,-0.00018532413472343602,0.0,0.0021816171988848104,0.0,0.00044177703903366884,-0.000552844925402042,-0.0,-0.0,-0.0009310155201458308,-4.5973491860495965e-05,0.0007931037498941254,-7.194556501144515e-05
2022-05-20,0.0,-0.0001146925557283013,-0.0,-0.0,-0.0,-0.0005936021930192107,0.0012847653708249881,0.0014411581159031743,-0.0,0.00117201503733579,-0.0003928768735634863,-0.0006490326143724807,-2.1855173419028798e-05
2022-05-23,0.0,0.001576483348218935,0.0,-0.0,0.0,0.0,0.0,0.0004751455387957891,0.0,0.0010168375248553897,-0.00019717908156860936,-3.532112939022273e-05,-0.00017933457580646077
2022-05-24,-0.0,-0.00019797438746332175,-0.0,-0.00020560491963168915,-0.0,-0.0,-0.0,0.0004820973988126629,-0.0,-0.0007262657351133471,0.0013774130200274255,-0.0,0.0007578701827384021
2022-05-25,0.0,0.0,0.0,0.0007037233883028547,0.0,0.0,0.0,0.00026204913577285063,0.0,0.0005761262071279795,-0.0010394584393077382,0.0,-0.00029942472787883144
2022-05-26,0.0,0.0,0.0,0.0017584900073317753,0.0,0.0,0.0,0.0011125304467409862,0.0,0.0012934497509431886,-0.001356869072883243,0.0,-0.0006196732618554437
2022-05-27,0.0,0.0,0.0,0.002877489334808812,0.0,0.0,0.0,0.0006952987001580585,0.0,0.000775424015360302,-0.0017918887729970554,0.0,-0.0008724854004785303
2022-05-31,-0.0,-0.0,-0.0,-0.0,-0.0,-0.0,-0.0,-0.0006286616400947631,-0.0,-0.0005943401010324473,-0.0012227621876496288,-0.0,1.8850359644534037e-05
2022-06-01,-0.0,0.0,-0.0,-0.0,-0.0,0.0,0.004710447594039497,0.00019937997177024784,-0.0,-0.0002229658098382382,-0.0,-0.0,0.0001858787097007265
2022-06-02,0.0,0.0,0.0,0.0,0.0,0.0,0.0,0.0006152571589626216,0.0,0.0010640169377317556,0.0,0.0,-0.0008246092429957369
2022-06-03,-0.0,-0.000837331357017951,-0.0,-0.0,-0.0,-0.0,0.0009349070961683991,-0.0005931528261534491,-0.0,-0.000931511106642169,-0.0,-0.0,0.0007133761416470487
2022-06-06,0.0,-0.00023572254436137496,0.0,-0.0,-0.0,-0.0,0.0005546851166176563,8.831974034113979e-05,-0.0,0.0008151603594568441,-0.0,-0.0,-2.0772824983407904e-06
2022-06-07,0.0,0.0006928517330713141,0.0,0.0,-0.0,0.0,-0.0011567458231948203,0.00026402701615165647,0.0,-0.0,0.0,0.0006190654006464207,-0.0003606525335183581
2022-06-08,-0.0,-0.0003849644184897708,-0.0,-0.0,-0.0,-0.0,-0.0005420683373945021,-0.0007183237702774381,-0.002714210442269882,-0.0,-0.0,-0.0013365153472243933,0.000614020327483919
2022-06-09,-0.0,-0.0010501133367097181,-0.0,-0.0,-0.0,-0.0,0.0005527560946093496,-0.0007400897623669353,-0.00150183619248324,-0.0,-0.0,-0.0011592505805271187,0.001482769052071629
2022-06-10,-0.0,-0.0,-0.0,-0.0,-0.0,-0.0,0.0023694114634985777,-0.0008775154006678315,-0.0010481505176374564,-0.0,-0.0,-0.0011899359192309548,0.0012293453005076437
2022-06-13,-0.0,-0.0,-0.0,-0.0,-0.0,-0.0,0.003606997750823723,-0.00028825169192697335,-0.0018325637896014553,-0.0,-0.0,-0.0013652834998067924,0.0013880210758230717
2022-06-14,0.0,0.0,0.0,0.0,0.0,-0.0,0.00047809611423144777,-0.0,0.00021136094882210274,0.0,0.0,0.00017879801895038583,-8.111710737818969e-05
2022-06-15,0.0,0.0,0.0,0.0,0.0,0.0,-0.00123129345225019,0.0,0.00094022096663117,0.0007264050281454872,0.0,0.0005935553574744983,0.00012617867449565135
2022-06-16,-0.0,-0.0,-0.0,-0.0,-0.0,-0.0,0.00264982830871097,-0.0,-0.0017240818459927166,-0.0,-0.0,-0.0014807942212415838,0.0005639344911094753
2022-06-17,0.0,0.0,-0.0008862720526938642,0.0,-0.0,-0.0,-0.0010554073258679708,0.0,-0.0004979182582518062,-0.0,0.0,-0.00038797157222196824,0.00028069202278334994
2022-06-21,0.0,0.0,-0.0021145973178541247,0.0,0.0,0.0,-0.0010815653922186235,0.0,0.0010174380513839206,-0.0,0.0,0.0,0.0011062543448879733
2022-06-22,-0.0,-0.0,0.0006256535500735686,-0.0007671147699513638,-0.0,0.0,-0.00018547346863156074,-0.0,-0.00046598659744010715,-0.0,-0.0,-0.0,-0.00010864943063260328
2022-06-23,0.0,-0.001119209213107923,0.00041430342922235843,4.8353954689289845e-05,-0.0,0.0,-0.0016447885420569856,-0.0,4.011231663189128e-05,0.0,-0.0,-0.0,0.0007340648984232218
2022-06-24,0.0,-0.0016789787756007275,-0.0027022257006923305,0.001244010990410039,0.0,0.0,0.0,0.0,0.0015786630958045161,0.0,0.0,0.0,0.0007166131661585847
2022-06-27,0.0,0.0005276152527605379,0.0007560079312913047,-0.0003330717874331866,-0.0,-0.0,-0.0,-0.0,2.589332010224915e-05,-0.0,0.0,-0.0,-0.00013960582410865217
2022-06-28,-0.0,0.0016131978304926528,0.0027007264512951554,-0.0007230049495806627,-0.0,-0.0,-0.0,-0.0,-0.0011124657302413242,-0.0,0.0,-0.0,-0.000629333935900768
2022-06-29,0.0,-0.0007315221243684162,0.0013958526082610311,-0.000813075376874323,-0.0,0.0,-0.0,-0.0,-0.0006527333941317073,0.0,-0.0,-0.0,4.3113769784018706e-05
2022-06-30,-0.0,0.0006633371963053628,-0.0,-0.00047120874861485704,-0.0,-0.0,-0.0,-0.0,0.00016064270846626716,0.0,-0.0,0.0,0.000285995527044398
2022-07-01,0.0,-0.0005325276418554444,-0.0,-0.000827082626743941,-0.0,0.0,0.0,-0.0,-0.001450949269601476,0.0,-0.0,-0.0,-4.801137952230623e-05
2022-07-05,0.0,-0.0006259293502922166,0.0,-0.0,0.0,0.0,0.0,-0.0,0.0,-0.0007840003829523538,0.0,0.0,0.000530478764341353
2022-07-06,0.0,-0.000635097186501229,0.0,0.0,0.0,0.0,0.0,0.0,0.0,0.0002297254302201957,0.0,0.0,0.00036386802268741634
2022-07-07,0.0,-0.0004096467051022409,0.0,0.0,0.0,0.0,0.0,0.0,0.0,-0.00011847521049511992,0.0,0.0,0.0008681096229600317
2022-07-08,0.0,0.00013804433646491022,-0.0,0.0,0.0,-0.0,-0.0,0.0,-0.0,-2.7835769682051784e-05,0.0,0.0,1.897596957926648e-05
2022-07-11,0.0007433935026908291,0.0005919230300591573,-0.0,-0.0,-0.0,-0.0,-0.0,-0.0,-0.0,0.00020914698649225573,-0.0,-0.0,-0.0009436083407844688
2022-07-12,-0.000340523450126344,0.0020922424027669207,-0.0,-0.0,-0.0,-0.0,-0.0,-0.0,0.0,0.0008170346609732217,0.0,0.0,-0.0009351753534261175
2022-07-13,0.00012699509143948565,-0.0,0.0,0.0,0.0,-0.0,-0.0,-0.0,0.0,0.0002705788431807686,0.0,-0.0,-0.00011750862030219915
2022-07-14,-0.0010137780952303524,0.0,0.0,0.0,0.0,0.0,-0.0,-0.0,0.0,0.00041583262335367606,0.0,0.0,0.00040806841267707837
2022-07-15,-0.0005692534030142544,0.0,0.0,0.0,0.0,0.0,0.0,0.0,0.0,0.0,-0.0008628432237863124,0.0,0.000939011048419081
2022-07-18,0.0010429660889983577,-0.0,0.0,-0.0,0.0001968748698393354,-0.0,0.0,-0.0,0.0,-0.0,0.0009368938032793879,-0.0,-0.0001416295538396097
2022-07-19,-0.0013185586451351034,0.0010277133965861688,0.0,0.0,0.002660360876577019,0.0,0.0,0.0,0.0,0.0,-0.0019652429324518122,0.0,-0.0002573758161636285
2022-07-20,-0.0006709744158536505,0.0005251102307926246,0.0,0.0,0.0020252611673754702,0.0,0.0,0.0,0.0,0.0,-0.0014512186267414875,0.0,-0.00012848764334212265
2022-07-21,-0.000749065535352954,0.0004875681290200102,-0.0006777023179856331,0.0,0.0009195916199314319,0.0,0.0,0.0,0.0,0.0,-0.0013493682327706763,0.0,0.00046734905078660505
2022-07-22,0.000407189427264716,-0.0008530290676229425,0.0020670760015991914,-0.0,-0.0016687747907292321,-0.0,-0.0,-0.0,-0.0,-0.000240899823603071,0.0006977758935432352,-0.0,-0.0007279844534226819
2022-07-25,0.00037128883484247136,-0.0002946906583272523,0.0008590025793836127,0.0,-0.0003188350589692284,-0.0,-0.0,-0.0,-0.0,2.6709402344550185e-05,0.0001466037864114775,-0.0,-0.00033722884500789776
2022-07-26,0.00044327986943206403,-0.001356964608953852,-0.0,-0.0,-0.0013253857799561597,-0.0,-0.0,-0.0,-0.0,0.0005574643010637926,0.0010817650361366058,-0.0,-0.00017834845840872073
2022-07-27,-0.0016830928582043944,0.0032356093044349646,0.0,0.0,0.0026109775747982958,0.0017513836487407259,0.0,0.0,0.0,-0.0012275466447488241,-0.0011371992218780808,0.0,-0.0007813162301043045
2022-07-28,-0.00017826465690284101,0.0014070450620931529,0.0,0.0,0.0010193752157046042,0.00134634145114633,0.0,0.0,-0.0,-0.0007651709069943353,0.0023247592628703848,0.0,-0.0003239254483527869
2022-07-29,-0.0016133457413750692,0.0,0.0,0.0,0.001504357590367935,0.0008136656045943506,0.0,-0.0,-0.0,-0.0005165335193939681,-0.0,0.0,-0.000346366247390051
2022-08-01,0.0003086239043747723,-0.0,0.0,0.0,0.0012079018792064801,0.00011811844121643783,-0.0,-0.0,0.0,0.0002575997454714055,0.000810301846323105,-0.0,0.00010093966664146855
2022-08-02,0.00046653734848192707,-0.0,0.0,-0.0,0.0012802249840165175,-0.00013762873314285726,0.0,-0.0,-0.00130197845563497,0.000708770565183998,-0.00013584196360812883,-0.0,0.00046459480380741075
2022-08-03,-0.0018767150558802,0.0,0.0,0.0,-0.0,0.0017473317926467902,0.0,0.0,0.0007031689032991864,0.0,0.0007191453860527115,0.0,-0.0011683324533464756
2022-08-04,9.640299425530389e-05,0.0,0.0,0.0,0.0,0.0007075065717550282,0.0,-0.0,-0.001191522164588666,0.0,0.0006163252238538971,0.0,-0.0002000838571206914
2022-08-05,0.00013890575427397622,-0.0,-0.0,-0.0,-0.0,0.00032869727876198916,-0.0,-0.0,-0.0,-0.0,-0.00026558723888673853,-0.0,5.633678831395491e-05
2022-08-08,-0.0,-0.0,-0.0,-0.0,-0.0,0.0,-0.0,0.0,-0.0,-0.0,-0.0008053324892990836,-0.0,0.00020288721055899633
2022-08-09,0.0,0.0,-0.0020272853397636163,-0.0,-0.0,-0.0,-0.0,-0.0,-0.0,0.0,-0.001825774626943037,-0.0,0.0006642557604905699
2022-08-10,0.0,0.0,0.0028743381974318583,0.0,0.0,0.0,0.0,0.0,0.0,0.0,0.0015476192284387834,0.0,-0.0017921863625324469
2022-08-11,-0.0,-0.0,-0.0004300922770486052,-0.0,-0.0,-0.0,-0.0,-0.0,0.0,-0.0,0.0002849203829551102,-0.0,0.00025906215328740816
2022-08-12,0.0,0.0,0.002093017918309474,0.0,0.0,0.0,0.0008390616953168423,-0.0007674996659074954,0.0,0.0,0.0011567779921872465,0.0,-0.0015970137896184546
2022-08-15,0.0,0.0,0.0008558540748687519,0.0,0.0,0.0,0.0003071278852268491,2.1459227797207525e-05,0.0,-0.0,0.0002768446859146867,-5.394034203414324e-06,-0.0003886750643899263
2022-08-16,-0.0,-0.0,-0.00040357898938751563,-0.0,-0.0,-0.0,-0.00038618345139576594,-0.00019280229545447583,-0.0,0.0,-0.0006950072188057658,0.0005532109802690008,0.00016885510322504435
2022-08-17,0.0,-0.0,-0.0014619195844808427,-0.0,-0.0,-0.0,-0.0004317335789666018,0.00011773525722555497,-0.0,-0.0,-0.0005024158028740336,0.001847073135320525,0.00046942529848399705
2022-08-18,-0.0,-0.0,0.001180393290946781,0.0,0.0,0.0,-7.981058305275947e-06,-0.0028227842838743915,0.0,0.0,0.0009503136919789938,0.0,-0.0004480201591921583
2022-08-19,-0.0,-0.0,-0.002523609154742716,-0.0,-0.0,-0.0,-0.001119228868058822,-0.0,-0.0,-0.0,-0.001264365985732461,-0.0,0.0018417345020353313
2022-08-22,-0.0,-0.0,-0.002336806876424074,-0.0,-0.0,-0.0,-0.0018824121934064486,-0.0,-0.0,-0.0,-0.0020714555965702314,-0.0,0.0028387641149927164
2022-08-23,-0.0,-0.0,0.00042963876804703914,0.0,-0.0,-0.0,-0.0002776368400526118,-0.0,0.0,-0.0,-0.00031523499028323796,0.0,0.00026495453050954143
2022-08-24,0.0,-0.0,0.00011917570970718069,0.0,0.0,-0.0,0.0011264204932230678,-0.0,-0.0,-0.0,0.00020919790826760386,-0.0,-6.276425467531481e-05
2022-08-25,0.0,0.0,0.0019669534979495826,0.0,0.0,-0.0,-0.0017237240441431005,0.0,0.0,0.0,0.0017180713758655542,0.0,-0.0016988028667827293
2022-08-26,-0.0,-0.0,-0.0,0.0027336661150812627,-0.0,-0.0,-0.0,-0.0,-0.0,-0.0,-0.002765698102065042,-0.0,4.9042804639543826e-05
2022-08-29,-0.0,-0.0,-0.0,0.0006453946463938955,-0.0,-0.0007616374064030135,-0.0,-0.0,-0.0,-0.0,-0.0004719413532128403,-0.0,0.0004024982951219461
2022-08-30,-0.0,-0.0,-0.0,0.0007633137652146805,-0.0,-2.5322192110273665e-05,-0.0,-0.0,-0.0,-0.0,-0.0009834933461675625,-0.0,0.00029790810007836594
2022-08-31,-0.0,-0.0,-0.0,0.0007240305529919529,-0.0,-0.0002177663059415966,-0.0,-0.0,-0.0,0.0,-0.0008024771022550425,-0.0,0.0002745934550758499
2022-09-01,0.0,-0.0,-0.0,0.0007163735425377585,-0.0,-0.0003911467990079261,-0.0,0.0,-0.0,0.0,-0.0008963205812294054,0.0,0.00013696512551063554
2022-09-02,-0.0,-0.0,-0.0010513728440697965,0.0,-0.0,-0.0003235556256728312,0.0,-0.0,-0.0,-0.0,-0.0005572813107458258,-0.0,0.001258211465361188
2022-09-06,-0.0,-0.0,-0.0006712995496207173,0.00020231994112485634,-0.0,2.1726142322188934e-05,-0.0,-0.0,-0.0,-0.0,-0.0007093985351455135,0.0,0.0004799667193582225
2022-09-07,0.0,0.0,0.0009161741299305124,-0.0006907109530766413,0.0,0.0,0.0,0.0,0.0,0.0,0.0007560766153988893,0.0,-0.0007093213809490978
2022-09-08,-0.0,0.0,0.0009962789907608676,-0.0006686037526517384,0.0,0.0,0.0,0.0,0.0,0.0,9.710626474275311e-05,0.0,-0.0001551093386678802
2022-09-09,0.0,0.0,0.0013991116188753025,-0.0010122840509786868,0.0,0.0,0.0,0.0,0.0,0.0,0.0012265850822383692,0.0,-0.0009059115462593999
2022-09-12,0.0,0.0,0.00040841982592357604,-0.000633413450721749,-0.0,-0.00019971207379286066,0.0,0.0,0.0,0.0,0.00035842447393062487,-0.0,-0.00029939174769263093
2022-09-13,-0.0,-0.0,-0.004975878534824975,0.002461013229398305,-0.0,0.003659036479310748,-0.0,-0.0,-0.0,-0.0,-0.0031297773889007903,-0.0,0.0010038784718453555
2022-09-14,0.0,0.0,-1.1424654453910745e-05,-0.0006999325654520696,0.0,0.0,0.0,-0.0,-0.0,0.0026464059642555935,0.0010299025297535308,0.0,-0.00011278736208881338
2022-09-15,-0.0,-0.0,-0.0007637251757686772,-0.0,-0.0,-0.0,-0.0,-0.0,-0.0,-0.0,-0.0010098953268936424,-0.0,0.0016301096588327174
2022-09-16,-0.0,-0.0,0.0010296226344406875,0.0,-0.0,-0.0015823741420941393,-0.0,0.0,0.0,-0.0010139126458294254,-1.2003360998710198e-05,0.0,0.0006657841054224698
2022-09-19,0.0,-0.0,0.0,-0.0,0.0,-0.0,0.0,0.0,0.0,0.0001740393345304409,0.0006756859583361427,0.0,-0.00022794154067574062
2022-09-20,0.0,-0.0,-0.0,-0.0,-0.0,-0.0,-0.0,-0.0,-0.0,-0.0006998218923827314,-0.0007477667012377158,-0.0,0.00024060105623874658
2022-09-21,0.001023794702117186,-0.0,0.0,-0.0,-0.0,-0.0,-0.0,-0.0,-0.0,-0.0010084873986434043,-6.014676534269836e-05,-0.0,0.00024081527531800788
2022-09-22,0.0003197818118202546,0.0,-0.0,-0.0,-0.0,0.0,0.0,-0.0,-0.0,-0.0005422556536939476,-0.0,-0.0,-9.586073769031314e-05
2022-09-23,0.0007619634875252854,-0.0,-0.0,-0.0,-0.0011203727883507522,-0.0,-0.0,-0.0,-0.0,-0.001133453345691428,-0.0,-0.0,0.00036643138858969554
2022-09-26,-0.00011288185405473465,-0.0,-0.0,-0.0,-0.001236469980595729,-0.0,-0.0,-0.0,-0.0,-0.0,-0.0,-0.0,9.087478399690585e-05
2022-09-27,-0.0003272414417965737,-0.0,0.0,0.0,0.000651841104347825,0.0,0.0,-0.0,-0.0,-0.0,0.0,0.0,-1.7421885340343492e-05
2022-09-28,0.00063661337454628,0.0,0.0,0.0,0.0008780569484308448,0.0,-0.00042801037123651694,0.0,0.0,0.0,-0.0,0.0,0.00016459206145224477
2022-09-29,-0.0,0.0007459862136595684,-0.0,-0.0,-0.0031859831991190623,-0.0,0.0011314375970410222,-0.0,-0.0,-0.0,-0.0,-0.0,-0.0004383415074392553
2022-09-30,-0.001524986382391825,0.0009779223292200301,-0.0,-0.0,-0.0006117723379419149,-0.0,0.0010218831514029433,-0.0,-0.0,-0.0,-0.0,-0.0,0.00019112740834897427
2022-10-03,0.0015144574805173862,-0.0016554168030646736,0.0,0.0,0.0021243636919658125,0.0,-0.001391739949672203,0.0,0.0,0.0,0.0,0.0,-0.0002659759410794652
2022-10-04,0.0012650128906368156,-0.0016626669818896427,0.0,0.0,0.0013358006609581943,0.0,-0.002579368439524653,0.0,0.0,0.0,0.0,0.0,-0.00028593421726701444
2022-10-05,0.00010256413852786807,-6.424671619582757e-05,0.0,0.0,2.9446408389359594e-05,0.0,-0.0001602770958282307,0.0,-0.0,0.0,0.0,0.0,-2.0684822078408887e-05
2022-10-06,-0.00033238651687961685,0.00048590071707706124,-0.0,-0.0,-6.627882257797983e-05,0.0,0.0002470408310869087,-0.0,-0.0,-0.0,0.0,-0.0,6.43527209485759e-05
2022-10-07,-0.0018704898990798118,0.0026095770899405,-0.0,-0.0,-0.007464939969918973,-0.0,0.0016910851428035346,-0.0,-0.0,-0.0,-0.0,-0.0,0.0003287662223665925
2022-10-10,0.0001176429190540181,0.0010766559818186272,-0.0,-0.0,-0.0005419407894057028,-0.0,0.0015714468819385157,-0.0,-0.0,-0.0,-0.0,-0.0,0.0001962171702642309
2022-10-11,-0.0005153946851460824,0.0008446072471352657,-0.0,-0.0,-0.00015592528229048665,-0.0,0.0010652358070681529,-0.0,-0.0,-0.0,-0.0,-0.0,0.00016722670687566515
2022-10-12,-0.00023078073568712551,0.0,0.0003725218652614034,-0.0,0.00019050940955553182,0.0,9.829393041347679e-05,-0.0,0.0,0.0,-0.0,-0.0,-2.1297856032833468e-05
2022-10-13,0.0016530137286158602,0.0,-0.0019610356576640667,0.0,0.0009333261834931537,0.0,-0.0010948200935784371,0.0,-0.0021065917540297767,0.0,0.0,0.0,0.0009280506466275596
2022-10-14,-0.001638558683704547,-0.0,0.0031623078522921635,-0.0,-0.00261201447678675,-0.0,0.0011194237986898409,-0.0,0.0009746152260080384,-0.0,-0.0,-0.0,-0.0008663649779297059
2022-10-17,0.0014353348580335703,0.0,-0.0028603948249380467,0.0,0.001773671483933392,0.0,-0.0017140586521540602,0.0,-0.0009746152260080312,0.0,0.0,0.0,0.000900023944221348
2022-10-18,0.0004682729223061714,-0.0002037689520696926,-0.0003311686807988016,-0.0,-3.451846875103216e-05,-0.0,-0.002111983008617735,0.0,0.001051865144812077,0.0,-0.0,0.00017190099576827912,0.00026134162090577076
2022-10-19,3.824623808752038e-05,0.0004252836284279525,-0.00034973912269378797,0.0,-0.0005992255828225064,0.0,0.0,0.0,-0.0002506270911772097,-0.0,0.0007319598716397013,0.000374804490457145,6.2345899409493e-05
2022-10-20,-0.00016362068561312385,6.982207088553735e-05,-0.0005898191720184673,-0.0,0.00046956866860816424,0.0,0.0,-0.0,-0.00015360995184850296,0.0,-0.0003869609671398682,0.0003492523257878092,-1.2503666469738112e-05
2022-10-21,0.0013349723005561531,0.0,-0.0011030455450517218,0.0,0.0009006161666337367,0.0,0.0,0.0,-0.0016778200046593196,0.0,0.001651300611247271,0.0019144758249188714,-0.0012876384808289693
2022-10-24,0.0007347125995938019,0.0,-0.0005306253670916927,0.0,-0.00010211031458990886,0.0,0.0,0.0,0.0,-0.00015107826354943257,0.0,0.0,-3.242950803997688e-05
2022-10-25,0.000957648810734759,0.0,-0.0025604975483484766,0.0,0.0023054762042433734,0.0,0.0,0.0,0.0,-0.00015062314553864224,0.0,0.0,-2.7101741435489752e-05
2022-10-26,-0.000991116014126169,-0.0,0.0013955105465594808,0.00012048852506342503,-0.001435742208735182,-0.0,-0.0,0.0,-0.0,-0.001135490809938253,-0.0,-0.0,0.0006484614786994715
2022-10-27,-0.0015469532355251326,-0.0009976972147385766,-0.0010739903555533285,-0.0,-0.0009549855080623776,-0.0,-0.0,0.0,-0.0,0.0,-0.0,-0.0,0.0005369700274568013
2022-10-28,0.0036417235098612057,0.0019716358400269055,-0.0024366168651526916,0.0,0.0028280482889409867,0.0,0.0,-0.0013547353263796752,0.0,0.0,0.0,0.0,-0.0012159181149097584
2022-10-31,-0.0,-0.0007991623118214298,0.001233094582562406,-0.0,-0.001597579990330118,-0.0,-0.0,0.0002305922611281466,-0.0,0.0,-0.0,-0.0,5.707218153782746e-05
2022-11-01,-0.0,-0.0008603297200938305,-0.0001701185073044742,-0.0,-0.0003341141734290934,-0.0,-0.0,-3.3006932654263114e-05,-0.0,-0.0,-0.0,0.0,3.717678069236974e-05
2022-11-02,-0.0,-0.0,-0.0,-0.0,-0.0,-0.0,-0.0,0.000988591573296636,-0.0,-0.0,-0.0,-0.0,-0.0006747051874178258
2022-11-03,-0.0,-0.0,0.0,-0.0,0.0,-0.0,-0.0,0.0008143134070136217,-0.0,-0.0,-0.0,-0.0,-0.0005682534180090398
2022-11-04,-0.0,0.0,0.0,0.0,0.0,-0.0,-0.0,-0.0007581903794575983,0.0,0.0,0.00133455232044111,0.0,-0.00018566570162957237
2022-11-07,0.0,0.0,0.0,0.0,0.0,0.0,0.0,-3.368137547370262e-05,0.0,0.0,0.001568538993947096,0.0,-0.00017284486708782967
2022-11-08,0.0,0.0,0.0,0.0,0.0,0.0,0.0,-6.729476116775816e-05,0.0,-0.0,0.0011005250461410562,0.0,-0.00010447015348114235
2022-11-09,-0.0,-0.0,-0.0,0.0013283952468894022,-0.0,-0.0,-0.0,-0.0,-0.0,0.0,-0.0009463438973046758,-0.0,0.00010180166049571395
2022-11-10,0.0,0.0,0.0,-0.0038029059326355457,0.0,0.0,0.0,0.0,0.0,0.0,0.0,0.0,0.0020419446079834687
2022-11-11,0.0,0.0,0.0,-0.0011243227422691154,0.0,0.0,0.0,-0.0,0.0,0.0,0.0,0.0,0.0004299348277492204
2022-11-14,-0.0,-0.0,-0.0,0.00047221845989088123,0.0,-0.0,0.0,-0.0,-0.0,0.0,-0.0,-0.0,-0.00021693094346361067
2022-11-15,0.0,0.0,0.0,-0.0010794143422068194,0.0,0.0,0.0,0.0,0.0,0.0,0.0,0.0,0.0003039709566673591
2022-11-16,-0.0,-0.0,-0.0,0.0012247873896356267,-0.0,-0.0,-0.0,-0.0,-0.0,0.0,-0.0,-0.0,-0.00034655423581108594
2022-11-17,0.0,-0.0,-0.0,-3.7115175950229985e-05,0.0,-0.0,-0.0,0.0,0.0,-0.0,0.0,0.0,3.255368206801985e-05
2022-11-18,0.0,-0.0,-0.0,-0.00029690431552875326,0.00022377470049914856,-0.0,-0.0,0.0,-0.0,0.0,0.0,-0.0,7.189032328439408e-05
2022-11-21,-0.0,0.0,-0.0,-0.000220802218213636,0.0007601324238620957,-0.0,-0.0,-0.0,-0.0,0.0,-0.0,-0.0,-0.0006770800175235611
2022-11-22,0.0,0.0,0.0,-0.0012038882665182196,-0.0018890609081026897,0.0,0.0014962014028676042,0.0,0.0,0.0,0.0,0.0,0.0006886916215340539
2022-11-23,0.0,0.0,0.0,-0.00033750562957494094,-0.0007583396271744866,0.0,0.0009917735357591311,0.0,-0.0,0.0,0.0,0.0,0.00031813734852876956
2022-11-25,-0.0,-0.0,-0.0,0.000350713675238372,0.0008314828013326024,-0.0,0.0003632333786183214,-0.0,-0.0,0.0,-0.0,-0.0,-0.0002087567197423685
2022-11-28,-0.0,-0.0,-0.0,0.0007318687486555195,0.001314712026634358,-0.0,0.00011073480294800672,-0.0,-0.0,-0.0,-0.0,-0.0,-0.0007780371844433794
2022-11-29,-0.0,-0.0,-0.0,7.857418251756905e-05,0.0,-0.0,-0.0,0.0,0.0,-0.0,-0.0,-0.0,-0.0002384231587681247
2022-11-30,0.0,0.0,0.0,0.0,0.0,0.0,0.0,0.0,0.0,0.0,0.0,0.0,-0.0
2022-12-01,0.0,-0.0,0.0,-0.0,-0.0,-0.0,-0.0,0.0,-0.0,0.0,0.0,-0.0,-0.0
2022-12-02,-0.0,0.0,-0.0,-0.0,-0.0,-0.0,-0.0008368970247381631,-0.0,-0.0,-0.0,-0.0,0.0,0.00015189159926340574
2022-12-05,-0.0,-0.0,-0.0,-0.0,-0.0,-0.0,-0.003818868544247114,-0.0,-0.0,-0.0,-0.0,-0.0,0.00043735573088018846
2022-12-06,-0.0,-0.0,-0.0,-0.0,-0.0,-0.0,-0.00024700649036975405,-0.0,-0.0,-0.0,-0.0,-0.0,0.0005751638724412716
2022-12-07,-0.0,-0.0,0.0,-0.0,-0.0,-0.0,-0.0010578593639438644,-0.0,-0.0,-0.0,-0.0,-0.0,0.0001329560927508659
2022-12-08,0.0,0.0,0.0,0.0,0.0,0.0,-0.0001343003762046224,0.0,0.0,0.0,0.0,0.0,-0.0004357316305031521
2022-12-09,-0.0,-0.0,-0.0,0.0,-0.0,-0.0,0.0,-0.0,-0.0,-0.0,-0.0,-0.0,0.0
2022-12-12,0.0,0.0,0.0,0.0,0.0,0.0,0.0,0.0,0.0,0.0,0.0,0.0,-0.0
2022-12-13,0.0,0.0,0.0,0.0,0.0,0.0,0.0,0.0,0.0,-0.0,0.0,0.0,-0.0
2022-12-14,-0.0,0.0,-0.0,0.0,-0.0,-0.0,-0.0,-0.0,-0.0,0.0,-0.0,-0.0,0.0
2022-12-15,-0.0,-0.0,-0.0,-0.0,-0.0,-0.0,-0.0,-0.0,-0.0,-0.0,-0.0,-0.0,0.0
2022-12-16,-0.0,-0.0,-0.0,-0.0,-0.0,0.0,-0.0,-0.0,-0.0,-0.0,-0.0,-0.0,0.0
2022-12-19,-0.0,-0.0,-0.0,-0.0,-0.0,-0.0,0.0,-0.0,-0.0,0.0,-0.0,-0.0,0.0
2022-12-20,-0.0,0.0,-0.0,-0.0,0.0,0.0,-0.0,-0.0,-0.0,0.0,-0.0,-0.0,-0.0
2022-12-21,0.0,0.0,0.0,0.0,0.0,0.0,0.0,0.0,0.0,0.0,0.0,0.0,-0.0
2022-12-22,-0.0,-0.0,-0.0,-0.0,-0.0,-0.0,-0.0,-0.0,-0.0,-0.0,-0.0,-0.0,0.0
2022-12-23,-0.0,0.0,-0.0,-0.0,0.0,0.0,0.0,0.0,0.0,0.0,0.0,-0.0,-0.0
2022-12-27,-0.0,-0.0,-0.0,0.0,-0.0,-0.0,0.0,0.0,-0.0,0.0,-0.0,-0.0,0.0
2022-12-28,-0.0,-0.0,-0.0,-0.0,-0.0,-0.0,-0.0,-0.0,-0.0,-0.0,-0.0,-0.0,0.0
2022-12-29,0.0,-0.0013627457466129863,0.0,0.0,0.0,0.0,0.0,0.0,0.0,0.0,0.0,0.0,0.0006928768640211871
2022-12-30,0.0,0.00024748922272292684,0.0,0.0,-0.0,-0.0,0.0,0.0,0.0,0.0,0.0,0.0,-3.6658794611287875e-05
2023-01-03,-0.0,5.0062582405107725e-05,-0.0,-0.0,-0.0,0.0,0.0,0.0,0.0,0.0,-0.0,-0.0,-0.0002559325713220424
2023-01-04,0.0,0.002236440042186762,0.0,0.0,0.0,0.0,0.0,-0.0,0.0,0.0,0.0,0.0,6.943905730682726e-05
2023-01-05,-0.0,-0.0,-0.0,-0.0,-0.0,-0.0,-0.0,-0.0,-0.0,-0.0,0.0009641361509282351,-0.0,-0.0006173952034107232
2023-01-06,0.0,0.0,0.0,0.0,0.0,0.0,0.0,0.0,-0.0020788213422870206,0.0,-0.0026436699099692844,0.0,0.0016121771537779793
2023-01-09,0.0,0.0,0.0,-0.0,0.0,0.0,0.0,0.0,-0.0009993440865801388,0.0,0.00031746138393293905,-0.00043201723975641056,0.0008965404808992782
2023-01-10,0.0,0.0,0.0,-0.0,0.0,-0.0,0.0,0.0,-0.0002212769568937274,0.0,-0.0009934673755059894,-0.0004844016708791618,0.0004769918392393457
2023-01-11,0.0,0.0,0.0,0.0,0.0,0.0,-0.0,0.0,-0.000691527298896785,0.0,-0.0006289925702408644,-0.00013155324296227483,0.0013298869130222225
2023-01-12,-0.0,0.0,0.0,0.0,0.0,0.0,0.0,-0.0,-0.0007316392600267394,0.0,-0.0013335234942391052,0.00020728321003804636,0.0005705996057581627
2023-01-13,0.0,0.0,0.0,-0.0,0.0,-0.0,-0.0,-0.0,0.00029801412727517573,0.0,0.0005582491931803972,0.0,0.00016318443711176017
2023-01-17,0.0,0.0,0.0,0.0,0.0,0.0,-0.0,-0.0008251012318193822,0.0008541490581813905,-0.0,-1.663063378046942e-05,-0.0,0.0002000098332937286
2023-01-18,-0.0,-0.0,-0.0,-0.0,-0.0,-0.0,-0.0,-0.001242430738735922,-0.0,-0.0,-0.000726325086407029,-0.0,-0.00023995446563398912
2023-01-19,0.0,-0.0,-0.0,-0.0,-0.0,0.0,0.0,-0.000471297405498534,-0.0,-0.0,0.0018614953437180043,-0.0,-0.00020877247506567332
2023-01-20,0.0,0.0,0.0,0.0,0.0,0.0,0.0,0.0003432016906884984,0.0,0.000756409136784376,-0.00221260317989402,0.0,0.0002212937369622965
2023-01-23,0.0,0.0,0.0,0.0,0.0,0.0,-0.0015044114795004437,0.0,0.0,0.0009760836587069763,-0.0032027644022252404,0.0014723278099049843,0.0006090578782354103
2023-01-24,0.0,-0.0,0.0,0.0,-0.0,-0.0,0.0003250421771191045,0.0,-0.0,0.00040857674040372825,0.0001260841993158863,-0.00031812274765422185,-1.2091929991465544e-05
2023-01-25,-0.0,-0.0,0.0,0.0,0.0,-0.0,-0.0004211837270588477,0.0,-0.0,-3.345600660121038e-05,-0.00017947855984391323,-0.0005680588254588893,-5.610629804057897e-05
2023-01-26,-0.0007347413718444565,0.0,0.0,0.0010893309114512184,0.0,0.0,-0.002777281112001128,0.0,0.0,0.00010586731541944474,-0.0010523528049474703,-0.0002692336229736506,0.0004894414078208966
2023-01-27,-0.0006795785734412227,0.0,0.0,-0.0006380543389119878,0.0,0.0,0.00017293181887768804,0.0,-0.0,-0.00046974956861721163,0.00020945572222402504,0.0003263308085777193,0.00013461800643521264
2023-01-30,0.0010141212209873556,-0.0,-0.0,-0.0008137056525059881,-0.0,-0.0,-6.98515010196611e-05,-0.0,-0.00037426658443666817,-0.0009300483644352622,0.0006678588522103553,-0.0006056852777356541,-0.00016347471620681978
2023-01-31,-0.0004490266524628526,0.0,0.0,0.0003051978681898606,0.0,0.0,0.0,0.0,0.0005515088827636545,0.0006313717930057603,-0.0005965936963027563,0.0011646356298134488,-0.0002618715579070163
2023-02-01,-0.0003934853940227247,0.0,0.0,0.001493678797921549,0.0,0.0,0.0,-0.0,0.001412966865720153,0.0008907299590892195,-0.0019327322443253956,0.0013610258373154297,-0.0004365887728580534
2023-02-02,-0.0018196100792441,0.0,0.0,0.0002498929505740042,-0.002122319168536086,0.0,0.0,0.0,0.0018902014573981465,-0.0003734064058329839,0.0009515069688761362,0.000714258915633887,0.0005184392483127554
2023-02-03,-0.001205351178164965,-0.0,-0.0,-0.0006772637806012763,0.00127300454054238,-0.0,-0.0,-0.0,0.00021484085277117079,0.00013407829263457286,-0.0,-0.0006621169750704897,8.864739067892323e-05
2023-02-06,-0.0,-0.0,-0.0,0.0003069438792394011,0.0014196630176625197,-0.0,-0.0,-0.0,-0.0,-0.0006118515867519657,-0.0,-0.0003550897139502191,0.00014108419844742603
2023-02-07,0.0,0.0,0.0,0.0010816790342541647,-0.0013150118166676233,0.0,0.0,0.0,0.0,-0.0004481790942444844,0.0,0.0006831569415518273,-0.0002769001075778434
2023-02-08,-0.0,-0.0,0.0,-0.0010475978532270573,0.000715135285822884,-0.0,-0.0,-0.0,-0.0,-0.0006019679428759512,-0.0,-0.00194196468617554,0.00014340200859751332
2023-02-09,-0.0,-0.0,0.0,-0.0001914881786325555,0.0008814999010584531,-0.0,0.0,-0.0,-0.0,-0.0,-0.0,-0.0004296023469847762,1.5714971560590482e-05
2023-02-10,0.0,-0.0,-0.0,-0.0005164971388770598,0.0010504970776866725,-0.0,-0.0,0.0,0.0,0.0,-0.0,0.00022806356890718487,1.3675431823799058e-05
2023-02-13,0.0,0.0,0.0,0.0,0.0,0.0,0.0,0.0,0.0,0.0,0.0,0.00026099350040823536,-0.00037718990127356164
2023-02-14,-0.0,0.0,0.0,0.0,0.0,0.00038517921925162524,-0.0,-0.0,0.0,-0.0,0.0,-0.0,-0.00010747786543698912
2023-02-15,0.0,-0.0,-0.0,0.0,-0.0,-0.00026000270834969434,0.0,0.0,0.0,-0.0,0.0,0.0,-0.00011665800136626155
2023-02-16,-0.0,-0.0,-0.0,-0.0,-0.0,-0.0014546971245784639,-0.0,0.0,-0.0,-0.0,-0.0,-0.0,0.00043717021470581467
2023-02-17,-0.0,-0.0,-0.0,-0.0,-0.0,-0.0011510044139901843,-0.0,-0.0,-0.0,-0.0,-0.0,-0.0,0.00031849716333652236
2023-02-21,-0.0,-0.0,-0.0,-0.0,-0.0,-0.0014427836363049389,-0.0,-0.0,-0.0,-0.0,-0.0,-0.0,0.0006058383269662038
2023-02-22,0.0,-0.0,0.0,-0.0,-0.0,0.0002904727619579785,0.0,-0.0,-0.0,0.0,0.0,-0.0,3.688057796415695e-05
2023-02-23,0.0,0.0,0.0,0.0,0.0,-0.0002443446378305729,0.0,-0.0,0.0,0.0,0.0,0.0,-0.0004121783811545527
2023-02-24,-0.0,-0.0,0.000805129217680989,-0.0,-0.0,-0.0,-0.0,-0.0,-0.0,0.0,-0.0,-0.0,-0.000864212927167671
2023-02-27,0.0,0.0,-0.00045953259107085287,0.0,0.0,0.0,0.0,0.0,-0.0,-0.0,-0.0,0.0,0.000256625609243152
2023-02-28,-0.0,-0.0,0.0006100638647204644,0.0,-0.0,0.0,0.0,-0.0,0.0,-0.0,0.0,0.0,-0.00010526831221481492
2023-03-01,-0.0,-0.0,0.001128244063144242,-0.0,-0.0,-0.0,0.0,-0.0,0.0,-0.0,0.0,0.0,-0.0003657058774046134
2023-03-02,0.0,0.0,-0.0013388611809346666,0.0,0.0,0.0,0.0,0.0,0.0,0.0,0.0,0.0,0.000611136883162122
2023-03-03,0.0,0.0,-0.0012202961420038827,0.0,0.0,0.0,-0.0,0.0,0.0,0.0,-0.0,0.0,0.0010585798281008284
2023-03-06,0.0,0.0,0.0007082151959180659,0.0,-0.0,0.0,-0.0,0.0,-0.0,0.0,-0.0,-0.0,0.00023528619969217287
2023-03-07,-0.0,-0.0,-0.0,-0.0,0.0,-0.0,-0.0,-0.0,-0.0,-0.0,-0.0013328603796401925,-0.0,0.0003632549971331775
2023-03-08,0.0,-0.0,0.0,0.0,0.0,0.0,-0.0,0.0,0.0,0.0,0.0008361607570298451,0.0,-0.00024085300436834137
2023-03-09,-0.0,-0.0,-0.0,-0.0,0.0007910436541044094,-0.0,-0.0,-0.0,0.0,-0.0,-0.001669478129346545,-0.0,-0.00019416228459013198
2023-03-10,-0.0,-0.0,-0.0,-0.0,0.0008158549337771306,-0.0,-0.0,-0.0,0.0,-0.0,-0.0008734786054934106,-0.0,-0.0002267443552439589
2023-03-13,0.0,0.0,0.0,0.0,0.00040077941081322033,-0.0,0.0,-0.0,-0.0,0.0,-0.0003309828304395799,0.0,6.873215124910168e-05
2023-03-14,0.0,0.0,0.0,0.0,-0.00321130052081456,0.0,0.0,0.0,0.0,-0.0,0.0009178541576071379,0.0,0.00029357056401444506
2023-03-15,0.0,0.0,0.0,-0.0,-0.0012590288649646664,0.0,0.0,0.0,0.0,-0.0,-0.0004568209677385017,-0.0,7.83610779293809e-06
2023-03-16,0.0,-0.001986820726652865,0.0,0.0,-0.0037165481227283896,0.0,0.0,0.0,0.0,0.0,0.0,0.0,0.0019859593104180106
2023-03-17,-0.0,-0.000581328651281329,0.0,-0.0,-0.0006377375080222317,0.0,-0.0,0.0,-0.0,0.0,0.0,-0.0,-0.00010224832739983907
2023-03-20,0.0,0.0013052258388924528,0.0,0.0,0.0005291598323468392,0.0,0.0,0.0,-0.0,0.0,0.0,0.0,3.597804767908588e-05
2023-03-21,0.0,-0.00028387834721984825,0.0,-0.0,0.00045657679510619203,0.0,0.0,-0.0,-0.0,0.0,0.0,-0.0,0.0005948320735915297
2023-03-22,-0.0,0.00027285946816254483,0.0,-0.0,-0.0008526897778917465,-0.0,-0.0,-0.0,-0.0,0.0,-0.0,-0.0,-0.0007357437545492532
2023-03-23,0.0,-0.0009764834401270501,0.0,0.0,-0.0013646859451200766,0.0,0.0,0.0,0.0,-0.0,0.0,0.0,0.0011610137982780867
2023-03-24,0.0,-0.0005212952294892201,-0.0,-0.0,0.0011754564449771442,0.0,0.0,0.0,0.0,0.0,0.0,-0.0,0.0001874875370969774
2023-03-27,-0.0,0.0007523258910551167,-0.0,-0.0,0.0006887444430565764,-0.0,0.0,0.0,-0.0,0.0,-0.0,-0.0,-0.0005586380646095736
2023-03-28,-0.0,0.00020848093147893328,-0.0,-0.0,0.0010723850935815044,0.0,0.0,-0.0,0.0,-0.0,-0.0,0.0,-0.0003435814618598534
2023-03-29,0.0,-0.0009501131602704341,0.0,0.0,0.0,0.0,0.0,0.0,0.0,0.0,0.0,0.0,0.0005922833770166723
2023-03-30,0.0,-0.0006270452025983723,0.0,0.0,0.0,0.0,-0.0,0.0,0.0,-0.0,0.0,0.0,0.00032789015183855996
2023-03-31,0.0,-0.0007425662820610275,0.0,0.0,0.0,0.0,0.0,0.0,0.0,0.0,0.0,0.0,0.00040719810267729164
2023-04-03,0.0,0.00018591580505044987,0.0,0.0,-0.0,-0.0,-0.0,0.0,-0.0003355717293993389,0.0,-0.0,-0.0,-9.443762855651682e-05
2023-04-04,-0.0,-0.0,-0.0,-0.0,-0.0,0.0,0.0,0.00047056911242779006,-0.00031823110910258654,0.0,-0.0,-0.0,-0.00024660783189963027
2023-04-05,-0.0,-0.0,-0.0010527867128720572,-0.0,-0.0,-0.0,-0.0,-0.0,0.00040952754347579846,0.0,0.0,-0.0,5.6244229171994314e-05
2023-04-06,0.0,0.0,0.00028932904651230996,-0.0,-0.0,-0.0,-0.0,0.0005335194669177346,3.0469227024543136e-05,0.0,-0.0,0.0,-2.8858588558306326e-05
2023-04-10,-0.0,-0.0,0.0009924157637785768,0.0,0.0,-0.0,-0.0,-5.847953883013347e-05,0.0004439031146700197,0.0011388092445278155,0.0,0.0,-4.7190243158170855e-06
2023-04-11,-0.0,-0.0,-0.0007488998044382952,-0.0,-0.0,-0.0,-0.0006835376446173718,0.0006964310727616938,0.00026206318663501835,-0.00011186282831355138,-0.0,0.0,0.00016295195398494084
2023-04-12,-0.0,0.0,-0.001256029075811806,-0.0,-0.0,-0.0,0.00037710154754869635,-0.0,0.000512665668917043,3.72598090378169e-05,-0.0,-0.0,0.00016719593294428793
2023-04-13,0.0,0.0,-6.042524999929331e-05,0.0,-0.0,0.0,0.0009627190269217719,0.0,-0.00017147327795991887,-0.0008709642236032332,0.0,0.0,-0.0005419278811385433
2023-04-14,-0.0,-0.0,0.0005542981553343928,-0.0,-0.0,0.0,0.0001620913761663565,-0.0,0.00037488460529004625,-8.36557760766538e-05,-0.0,-0.0,0.00015572325752123228
2023-04-17,0.0,0.0,0.0004538721641813554,0.0,-0.0,-0.0,0.0006203331809648795,-0.0,-0.0003904439643700179,6.27287066071885e-05,-0.0,0.0,-0.00010236760305924518
2023-04-18,0.0,-0.0,0.0012164714956812896,0.0,-5.0097415824803435e-05,-0.0,0.0003589681225741361,0.0,0.0004846059507682547,-0.00045819335533955056,-0.0,0.0,-0.00022160319416005136
2023-04-19,0.0,0.0,0.00047484079313333253,0.0,8.902739943876505e-05,0.0,0.00010568168596463083,-0.0,0.001079749803026966,0.0003432507759840098,0.0,-0.0,0.00020675548990472278
2023-04-20,-0.0,-0.0,-0.0015027932320851563,-0.0,9.441824521923178e-05,0.0,-0.0003556758937885687,-0.001543136637779388,0.00046766991492235943,0.0005140624383572967,0.0,-0.0,0.0005289404653697542
2023-04-21,-0.0,-0.0,2.7663538318852828e-05,-0.0,-0.0009409933829651057,-0.0,0.0003833175580181397,0.00048072157503808435,-0.0,-0.00016843894232612832,-0.0,0.0,0.0003581217931236882
2023-04-24,0.0,-0.0,-0.00014216881497273936,0.0,-0.0004886402526755345,-0.0,-0.0010433174577911873,0.00038127700112701153,-0.0,-0.00015215920237510695,-0.0,-0.0,0.0004874829047282774
2023-04-25,-0.0,-0.0,-0.0015034069915369297,-0.0,-0.0022002733023047897,0.0010376177329510937,-0.0011022516449476056,-0.00031752858620168347,-0.0,0.0007282450636379358,-0.0,-0.0,0.0016709749874284268
2023-04-26,-0.0,0.0,0.0013441416989071473,-0.0,0.0012608185429405852,0.0008913086631080014,0.0002224028366654868,-0.0005874253190658824,0.0,0.00018639846905848896,0.0,-0.0014768184527770443,-0.0014623799424788298
2023-04-27,0.0,0.0,0.0004983246003155274,0.0,0.0008651732760717075,0.0,0.0011408124053416547,2.1482277451844206e-05,0.0,-0.0007046474239301344,-0.0,0.0002456560304992712,-0.0027147121215691794
2023-04-28,0.0,0.0,0.0009513702208406342,0.0,0.0,0.0,0.0006162741911760536,0.0007355425258284663,0.0,0.0001686342239319671,0.0012483311365230473,0.0005805100248933184,-0.0011651674773103362
2023-05-01,-0.0,-0.0,0.0020493876260580415,0.0,0.0,-0.0,-0.00014640559733496782,9.514750730431427e-05,-0.0,0.0,-0.0,-0.00015574470481743259,-5.677482918428147e-05
2023-05-02,-0.0,-0.0,-0.0012255515507174847,-0.0,0.0,-0.0,-0.001008639264252384,-0.001045929280714348,-0.0,-0.0,0.0,-0.0008287649664684075,0.0009071954599223052
2023-05-03,-0.0,-0.0,-0.0007284282229502092,0.0,-0.0,-0.0,-0.0003182828706069585,-0.0004332782745497983,0.0,-0.0,-0.0,-0.0001802684588902738,0.0008194205536034001
2023-05-04,-0.0,0.0,-0.00043349740509738616,-0.0,0.0,-0.0,-5.974181858307836e-05,-0.00028365775401979635,0.0,0.0,-0.0,-0.000322433176326676,0.00046591057279832287
2023-05-05,0.0,0.0,0.001988100163923329,0.0,0.0,0.0,0.0013360797010628332,0.0005981583029137612,-0.0,0.0,0.0,0.0010728194083763525,-0.002430472277401939
2023-05-08,2.016884229381653e-05,-0.0,0.0008144600896995967,-0.0,0.0,-0.0,7.8383793139699e-05,9.720275228980523e-05,-0.0,-0.0,-0.0,-0.0004847935203714943,3.883114850639164e-05
2023-05-09,0.0005010613368989907,-0.0,-0.0010048500072594745,-0.0,0.0,-0.0,0.0008219088548836024,0.00014007120463283484,-0.0,-0.0,-0.0,-0.00037283957369401696,0.0005706097440335257
2023-05-10,-0.0005169089692513397,0.0,0.0005465105926503441,0.0,0.0,0.0,0.0009038987143343971,0.00025756657085648777,-0.0,0.0,0.0,1.5335071428295812e-05,-0.0008790829822761265
2023-05-11,-5.6146620547036636e-05,-0.0,-0.000534261909322528,0.0,0.0,-0.0,-0.0003379715062534262,-0.00036527880553235487,-0.0,-0.0,-0.0,-0.000579859685035069,0.0003243850828293186
2023-05-12,0.0003407266592706946,-0.0,-0.000418147839212198,0.0,-0.0,-0.0,-0.0004095956581093693,0.0003652788055323545,0.0,0.0,-0.0,0.0,7.040059926630973e-05
2023-05-15,0.00014507902472106978,0.0,0.001069979566528709,0.0,0.0,0.0,0.0003751807108313128,0.0,0.0,-0.0,0.0,0.0,-0.0003436330738531451
2023-05-16,0.0,0.0,0.00044699950430122833,0.0,0.0,-0.0,0.00030155280303403853,-0.0,-0.0,0.0,-0.0,-0.0,-6.859301607082613e-05
2023-05-17,0.0,0.0,0.0016249683206163265,0.0,0.0,0.0,0.001164472595413886,0.0,-0.0,0.0,0.0,0.0,-0.0008539952526980612
2023-05-18,0.0006786783902048024,0.0,0.002425462577438445,0.0,0.0,0.0,0.0009321301420596328,0.0,0.001383521231216795,0.0,0.0,0.0,-0.0022795655283500333
2023-05-19,3.14097266261405e-05,-0.0,-0.0,0.0,-0.0,0.0,-0.0006986518505628976,0.0,0.0004193951782713958,0.0,-0.0,0.0,3.2004279593468515e-05
2023-05-22,-0.00027478887573975587,0.0,-0.0,-0.0,0.0,0.0,-2.377442867293495e-05,-0.0,0.0005813053352320302,-0.0,-0.0,0.0,-0.00014035648205000135
2023-05-23,-0.000763550238486141,-0.0,-0.0,0.0,0.0,-0.0,-0.0008683355680049883,0.0,-0.0012879119807200007,-0.0,-0.0,-0.0,0.0010988195630289481
2023-05-24,8.153758359101196e-05,-0.0,-0.0,-0.0,0.0,-0.0,0.0005821571658488017,-0.0,-0.0008716679484187038,-0.0,-0.0,-0.0,0.0005518392009918959
2023-05-25,0.0003334989019193053,0.0,0.0,0.0,0.0,0.0,0.0,0.0,-0.0028376408296224742,0.0,0.0,0.0,-0.00184560683588766
2023-05-26,0.000700315679110366,0.0,-0.0012558182947623273,-0.00544998025612542,0.0,0.0,0.0013001790538714226,0.0,0.0028376408296224816,-0.0,0.0,0.0,0.0005057968542552973
2023-05-30,0.0005301555069534416,-0.0,-0.0014737269815168,-0.0,-0.0,0.0,0.0007897748876325127,0.0,0.0016784081387221821,0.0,0.0,0.0,-4.9863568447158234e-05
2023-05-31,-1.4102383396267846e-05,-0.0,0.0029221220833125505,0.0,-0.0,0.0,0.0010198205428343311,-0.0,0.0023608487400044124,0.0,-0.0,-0.0,7.528933381439192e-05
2023-06-01,0.000794778025981231,0.0006339253107520493,-0.0024952344988063983,-0.0,0.0,0.0,-0.0,0.0,-0.0004954491553744462,0.0,0.0,0.0,-0.00011175033265925312
2023-06-02,0.0002382012038944959,0.000422170836467016,0.0005600776667908754,0.0,-0.0,0.0,3.052144813391177e-05,0.0,0.00028827754423987444,-0.0,-0.0,-0.0,-0.0001657227875079819
2023-06-05,-0.0003799979458544391,8.043615998742216e-05,0.00019873143948852983,-0.0,0.0,-0.0,-0.0007496179566173463,0.0,-0.0023708871613634945,0.0,-0.0,-0.0,0.0001707253882287931
2023-06-06,-0.00010312442686826618,-0.0003375061350083521,0.0006643207265367579,-0.0,0.0,-0.0,0.0007073525272198178,-0.0,0.0018088128305240936,0.0,0.0,0.0,7.736689939998225e-06
2023-06-07,-0.0003893249931152229,-0.0015677173788510629,0.0015488109287307298,0.0,-0.0,-0.0,-0.0017011531394011037,-0.0,0.0005141433477792028,-0.0,-0.0,0.0,0.00048570238440035597
2023-06-08,0.000767335576739809,0.0002898380094316679,-0.001362195191907809,0.0,0.0,0.0,0.0009151148857438687,-0.0,0.0008558053616265181,0.0,0.0,0.0,-0.0003524470713393423
2023-06-09,0.00010787490700106572,0.00023464501310810362,-0.00033644019280101384,0.0,0.0,0.0,0.0013605961454536753,-0.0,-0.0,0.0,0.0,-0.0,-5.454218524255461e-05
2023-06-12,0.0007758894554786161,0.0007682648414735065,-0.0009099060080319147,0.0,0.0,0.0,-0.00037762417258590777,0.0,0.0,-0.002908721760915281,0.0,0.0,0.00011733748542555742
2023-06-13,-0.0001307546373054642,0.0003662910067569091,0.0,-0.0,0.0018368769119576373,0.0,-0.0011143906526203697,0.0,0.0,-0.00010724554752980537,0.0,0.0,-1.1763015250884672e-05
2023-06-14,0.00017426364097549783,0.00045412220513981735,0.0,0.0,0.0,0.0,0.0,0.0,0.0,-0.0023398284578288998,0.00041560986581262114,-0.0,9.935858619027545e-06
2023-06-15,0.0005568227079038083,0.0015699235493762329,-0.0,-0.0,-0.0,0.0,0.0,0.0,0.0,0.0,-8.501682142221139e-05,0.0,-0.000231571803440024
2023-06-16,-0.00029385682944173947,-0.0008357305351347688,0.0,-0.0,-0.0,0.0,-0.0,0.0,0.0,-0.0,0.000377605432684048,-0.0,0.00015764539840619534
2023-06-20,2.432892757432795e-05,-0.0006290685289005532,0.0,-0.0,-0.0,-0.0,0.0,-0.0,-0.0,-0.0,0.0011794361295136037,-0.0,0.00017427704866773865
2023-06-21,-0.00028457674998939923,-0.000668552715895114,0.0008785184498060214,-0.0,-0.0,-0.0,-0.0,-0.0,-0.0,0.0,0.001723576716627518,-0.0,-0.0004909256253286127
2023-06-22,0.0,0.0009134776626826734,2.323690061573592e-05,-0.0,-0.0,0.0,0.0,0.0,-0.0,-0.0,-0.0002756726487054567,0.0,0.00042187489586876695
2023-06-23,-0.0,-0.0006951040468448774,0.0009573936826150382,-0.0,-0.0,0.0,-0.0,-0.0,0.0,-0.0,-0.0,-0.0,-0.0002604738041748447
2023-06-26,-0.0,-0.0009674512966186376,0.001903876747317925,-0.0,-0.0,-0.0,-0.0,-0.0,0.0,-0.0,0.0,0.0,-0.0001713330262915731
2023-06-27,0.0,0.000900245981762038,-0.0015078468479082273,0.0,0.0,0.0,0.0,0.0,0.0,0.0,-0.0013366839520140665,0.0,0.0010091162626342293
2023-06-28,0.0,0.0001909253237232487,-0.0,-0.0,-0.0,-0.0,0.0,0.0,-0.0,-0.0,0.0009480754279367619,-0.0,-9.038079402616904e-07
2023-06-29,0.0,-0.00011924286468469346,-0.0,0.0,0.0,0.0,-0.0,-0.00033307333198925773,-0.0,0.0,-0.00022071343140194229,0.0,2.215193720496393e-05
2023-06-30,0.0,0.0,0.0,0.0,0.0,0.0,0.0,-0.0005148175641712123,0.0,0.0,-0.00041333006361192324,0.0,0.0006416177859501092
2023-07-03,-0.0,-0.0,0.0,0.0,0.0,-0.0,0.0,-7.72499188040398e-05,0.0,-0.0,-0.0004390945293905088,7.226639759328004e-05,-0.0001338425526505381
2023-07-05,-0.0,0.0,-0.0,-0.0,-0.0,0.0,0.0,0.00030001057782349963,-0.0,-0.0,0.0012478516295404357,0.0009065897137940983,-0.0003930502845123143
2023-07-06,0.0,0.0,-0.0,-0.0,-0.0,-0.0,-0.0,0.0003897895398652909,-0.0,-0.0,0.000822054238877312,0.00048669802244248904,-0.00017190263228899588
2023-07-07,-0.0,-0.0,0.0,-0.0,-0.0,0.0,-0.0,0.00011753188565619068,-0.0,-0.0,-0.00031147358036748475,0.0003213599952641228,-0.0002836366262184701
2023-07-10,-0.0,-0.0,-0.0,0.0,0.0,0.0,0.0,-0.0004004318697027538,0.0,-0.0,-0.0005063117150707344,-0.0016255608482446803,0.00017086217811258184
2023-07-11,-0.0,0.0,0.0,0.0,-0.0,0.0,0.0,-0.0006955289897762448,0.0,0.0,0.00010684221339678758,0.0001730588452390427,0.00013865872055351562
2023-07-12,0.0,0.0,0.0,0.0,0.0,0.0,0.0,0.001341709904275428,0.0,0.0,-0.000768429473877771,-0.0009828938560784441,0.0007323083221726618
2023-07-13,0.0,0.0,0.0,0.0,0.0,0.0,0.0,-0.0007724804084498527,-0.0,0.0,-0.0018364347054001353,-0.0002052042607785241,0.0008392745157741085
2023-07-14,0.0,0.0,-0.0,-0.0,0.0,-0.0,-0.0,0.0011284945707834364,-0.0,0.0,-0.0,0.0006236858623102164,-5.428525859044721e-05
2023-07-17,0.0,0.0,0.0,0.0,0.0,0.0,-0.0,0.0,0.0,-0.0,0.0,-0.0007000800712128793,0.00030250632427474575
2023-07-18,-0.0,0.0,0.0,-0.0,-0.0,0.0,-0.0,0.0,0.0,0.0,-0.0,-7.627766544185959e-05,0.0002672386597608325
2023-07-19,0.0,-0.0,-0.0,-0.0,-0.0,-0.0,0.0,0.0,-0.0,-0.0,0.0,2.7221995379031572e-06,-5.929070388143415e-05
2023-07-20,-0.0,-0.0,-0.0,-0.0,-0.0,-0.0,-0.0,-0.0,-0.0,-0.0,-0.0,0.0010314180744691597,-0.0004798385763561911
2023-07-21,-0.0,-0.0,-0.0,0.0,0.0,0.0,-0.0,0.0,0.0,0.0,0.0,-0.001208053492823303,-1.2121722303552388e-05
2023-07-24,0.0,0.0,0.0,0.0,-0.0,0.0,-0.0,0.0,-0.0,0.0,-0.0,-0.0,-0.0
2023-07-25,0.0,0.0,0.0,0.0,0.0010688658899088816,0.0,0.0,0.0,0.0,-0.0,0.0,0.0,-0.0005271356534790273
2023-07-26,0.0,-0.0,-0.0,-0.0,-0.001304480281501439,-0.0,-0.0,-0.0,0.0,-0.0,-0.0,-0.0,0.0006437124020310482
2023-07-27,-0.0,-0.0,0.0,0.0,0.00045662417816362365,-0.0,-0.0,-0.0,0.0,0.0,0.0,0.0,0.00013755419496192827
2023-07-28,0.0,0.0,0.0,0.0,0.0008301538549673785,0.0,0.0,-0.0,0.0,-0.0,0.0,0.0,-0.0006377598657688123
2023-07-31,0.0,-0.0,-0.0,-0.0,0.0006333652600382818,0.0,-0.0,-0.0,0.001460158859302371,0.0,0.0,0.0,-6.756011910342498e-05
2023-08-01,-0.0,0.0,-0.0,0.0,0.0013793978259414481,0.0,-0.0,0.0,-4.191700678641925e-05,0.0,-0.0,-0.0,-4.201839883967471e-05
2023-08-02,-0.0,-0.0,-0.0,-0.0,-0.0036367644170874867,-0.0,-0.0,-0.0,0.0020091034481239936,-0.0,-0.0,-0.0,0.0006528946477473063
2023-08-03,-0.0,-0.0,0.0,-0.0,0.0017080312478384846,-0.0,-0.0,0.0,-0.0006930518121692551,-0.0,-0.0,-0.0,0.00010292337372855928
2023-08-04,-0.0,0.0,0.0,-0.0,0.0,0.0,-0.0,-0.0,-0.00038566110356955975,-0.0,0.0,-0.0,-0.00032305358435676427
2023-08-07,-0.0008702137403644389,0.0,0.0,0.0,0.0,0.0,0.0,0.0,-0.00012789547970976455,0.0,-0.0,0.0,1.7790436923960442e-05
2023-08-08,0.0002648828166246596,-0.0,-0.0,-0.0,-0.0,-0.0,-0.0,0.0,0.00029893327477202705,-0.0,-0.0,-0.0,-5.3960915316026374e-05
2023-08-09,-0.0004497362649098324,-0.0,-0.0,-0.0,-0.0,-0.0,-0.0,-0.0,0.0010678616564063432,-0.0,-0.0,0.0,-8.48087641900676e-05
2023-08-10,-6.176999887145645e-05,0.0,-0.0,-0.0,-0.0,0.0,0.0005771477474269363,0.0,-0.0005800529091380987,-0.0,-0.0,0.0,-9.79260110873125e-07
2023-08-11,-5.0595911670700276e-05,-0.0,-0.0,-0.0,-0.0,-0.0,0.00010792665181014768,0.0,-0.0003018551643170786,0.0,-0.0,-0.0,6.453350990932814e-05
2023-08-14,0.0004674631670715728,0.0,0.0,0.00144558903009011,0.0,0.0,0.0007985719707248568,0.0,-0.0011195026256562903,0.0,-0.0,0.0,-0.0007324654106941981
2023-08-15,-0.0005631731388703084,-0.0,0.0,-0.0006825441067471889,-0.0,-0.0,-0.0007794093758749878,-0.0,0.0012917680846019272,0.0,-0.0,-0.0,0.00044610352492236376
2023-08-16,-0.0002485740388899397,-0.0,-0.0,-0.0005687881762147075,-0.0,-0.0,-0.0004305291530226581,-0.0,0.0018157192770816438,-0.0,-0.0,-0.0,0.0004303353464682638
2023-08-17,-0.0007331049550088902,-0.0,-0.0,-0.00035480152975014796,-0.0,-0.0,-0.0007667555267950343,0.0,-0.0,-0.0,-0.0,0.0,0.0006487953100665613
2023-08-18,0.00014060670978047855,-0.0,5.136048003333616e-05,-7.622782702630733e-05,0.0,-0.0,0.00024224972143829413,0.0,0.0,0.0,0.0,0.0,-1.4244104098015695e-05
2023-08-21,0.00038535286225863433,0.0,-0.004065784369494149,0.0023245146694637975,0.0,0.0,0.001014870776056348,0.0,0.0,0.0,0.0,0.0,-0.0001813152643357041
2023-08-22,0.0,0.0,0.0014023696814669181,-0.0005433162302644243,-0.0,-0.0,-0.000545954100292634,0.0,-0.0,-0.0,-0.0,-0.0,-7.036817303421131e-06
2023-08-23,0.0,0.0,-0.0015607406141228712,0.0012001476679942506,0.0,0.0,0.0005698683919289283,0.0,0.0,0.0,0.0,0.0,-0.00019815940668626173
2023-08-24,-0.0,-0.0,-4.985203904742252e-05,-0.001277914092090784,-0.0,-0.0,-0.0008730686806794077,-0.0,-0.0,-0.0,-0.0,-0.0,1.4101711592059697e-05
2023-08-25,0.0,0.0,0.0012288531290072814,-0.00015472267779268544,0.0,0.0,0.000954291823242294,0.0,0.0,0.0,0.0,0.0,-4.477331978879986e-05
2023-08-28,0.0,0.0,-0.0008799081181876516,0.0005406089211354106,0.0,0.0,0.0005342057986056042,0.0,0.0,0.0,0.0,0.0,-6.994811810781556e-05
2023-08-29,0.0,0.0,-0.0020385801792402393,0.0016477696310670123,0.0,0.0,0.0,0.0,0.0,0.0,0.0,0.0,0.00014990428755068494
2023-08-30,0.0,0.0,-0.0004895600468122875,0.0001318588360497448,0.0,0.0004410994323848577,0.0,0.0,0.0,0.0,-0.0,-0.0,-0.00017861981859754886
2023-08-31,0.0,-0.0,-9.227433438533885e-05,0.0016865033067063008,-0.0,0.0012655695092307125,0.0,0.0,0.0,-0.0,0.0,-0.0,-0.00011357159172873142
2023-09-01,0.0,0.0,0.000864486506576629,-0.0028062237176370687,0.0,0.00034475215644383015,0.0,0.0,0.0,0.0,0.0,0.0,-7.387395674859471e-05
2023-09-05,0.0,0.0,0.0,-2.0060870681615393e-05,0.0,0.0001480379420035425,-0.0,-0.0,0.0,0.0,0.0,-0.0,-0.0002325179864136502
2023-09-06,-0.0,-0.0,-0.0,5.732498687803182e-06,-0.0,-0.0002609118289829049,0.0,-0.0,0.0,0.0,-0.0,-0.0,0.0006803388466154073
2023-09-07,-0.0,-0.0,-0.0,-0.0008813042595346977,-0.0,-0.0001318603757810394,0.0,-0.0,0.0,0.0,-0.0,-0.0,0.0009169661193598811
2023-09-08,0.0,0.0,-0.0,3.032812793471966e-05,-0.0,-0.0,0.0,-0.0,0.00022312676482220042,0.0,-0.000122329975389759,-0.0,-5.1689051056979526e-05
2023-09-11,0.0,-0.0005459657644007451,-0.0,9.262012679399551e-05,-0.0,0.0,0.0,0.0,-0.0007571946274185034,-0.00015413204317151172,0.0019131804377923581,0.0,0.00012915003174439034
2023-09-12,-0.0,0.0009213203588562737,-0.0,-0.0008581735147043846,-0.0,-0.0,-0.0,-0.0,-0.00034861341998832375,0.0072486199791592446,0.0004288771724170938,-0.0,-0.0004099370799074281
2023-09-13,-0.0,-0.0006423878847208854,0.0,0.0004954531099220379,0.0,0.0010358383542207192,-0.0,-0.0,0.00019337396798686018,0.0,0.0,0.0,-8.071489755361992e-06
2023-09-14,0.0,-0.0003912522186965058,0.0,0.0010849506905198831,0.000503876616629532,-0.00012661440040180721,-0.0,0.0,5.169294851755245e-05,0.0008071128691737594,0.0,0.0,8.327423888000488e-05
2023-09-15,-0.0,0.001267783041001973,-0.0,-0.0011582812602136676,0.0024702313284680685,-0.0021528694311158886,-0.0,-0.0,0.0010320418650664111,0.00010985635214226431,-0.0,-0.0,-0.0001973777811696427
2023-09-18,0.0,0.00017594970225912596,0.0,-9.872599700426208e-05,0.0,0.0003326090414025536,0.0,0.0,-0.00014498494408283924,-0.0007518273617522913,-0.0,0.0,-9.576566248969948e-05
2023-09-19,0.0,6.233751244594566e-05,-0.0,-4.7080982763043684e-05,-0.0,0.0008630615267797208,0.0,-0.0,0.0022201952115754524,0.00024891152837107345,-0.0,0.0,1.9706975668368905e-05
2023-09-20,-0.0,0.0012134499649807716,-0.0,-0.0011091258876656219,-0.0,-0.0005485126519075888,-0.0,-0.0,-0.0,4.431838616693075e-05,-0.0,-0.0,0.0010410488943116117
2023-09-21,-0.0,0.00019365946433927991,-0.0,-0.001355235411287051,-0.0,-0.00208669269447303,-0.0,-0.0,-0.0,-0.0,-0.0,-0.0,0.0005642893301009266
2023-09-22,0.0,0.0003958923501067552,0.0,0.001265457421932814,0.0,-9.544403840930918e-05,-0.0,0.00021513455695003323,-0.0,-0.0,-0.0,2.8062736541594083e-05,-4.7873601181416715e-05
2023-09-25,0.0,-8.352377641581951e-05,0.0,0.0,0.0,-0.00012689123452675112,-0.0,-8.407288295633042e-05,0.0,-0.0,0.0,-0.00018368066483776896,2.7070184292798707e-05
2023-09-26,-0.0,0.0008575994767479001,-0.0,-0.0,-0.0,-0.0005206845364412068,-0.0,-0.0007251280683313416,-0.0,-0.0016044157275750257,-0.0,0.0009220608789944417,0.0003680941872062937
2023-09-27,-0.0,-0.00010401168681282252,0.0,0.0,0.0,-0.0003667376933185848,0.0,0.0004626602740241588,0.0,-0.00012410507564896778,-0.0,-5.694401121660874e-05,-3.3867761345530206e-05
2023-09-28,0.0,-0.00013568962560286114,0.0,0.0,0.0,0.00020550626088973304,0.0,0.0006350477597282303,0.0,0.0007259225103400064,0.0,-0.0002994681587183699,-0.0001541614530921894
2023-09-29,0.0,-0.00033524649339396976,0.0,-0.0,0.0,0.0005154938866911777,-0.0,-0.00011148276636345462,0.0,-0.00010845479802835568,-0.0,2.514932464214053e-05,-7.640415982784782e-05
2023-10-02,0.0,-0.0009489736663841196,0.0,0.0,0.0,0.0010892451360415831,0.0,0.0005825308609987638,-0.0,0.00037153912198877167,0.0,-0.00029470865356107985,-0.0002355416308601445
2023-10-03,-0.0,0.0013240906625047724,-0.0,-0.0,-0.0,-0.0013714678671847694,-0.0,-0.0006849422179080901,0.0,-0.0010368216988030892,-0.0,0.0008512185407488601,0.0003828523907793695
2023-10-04,0.0,0.0,0.0,0.0,0.0,0.0011107775551266914,0.0,-0.0001867415802826654,0.0,0.0012098888999870032,-0.0,-0.00022841230002279634,-0.000603933026690788
2023-10-05,0.0,0.0,0.0,0.0,-0.0,-0.00019133046171310357,0.0,-0.00035674203156253276,-0.0,0.0005895254665108132,-0.0,-0.0,-9.717922492612963e-05
2023-10-06,0.0,0.0,0.0,0.0,0.0,0.0,0.0,0.0003567420315625336,0.0,0.0007374967657338478,0.0,0.0,-0.0007582639465048972
2023-10-09,0.0,0.0,-0.0,0.0,-0.0,0.0,-0.0,0.00043774145664986826,-0.0,0.00016342850940006607,0.0,-0.0,-0.00020663593661197221
2023-10-10,-0.0,-0.0,0.0,0.0,0.0,0.0,-0.0,-4.6386495580455375e-05,0.0,-0.00027723563278234375,0.0,0.0,-6.161164467136886e-05
2023-10-11,0.0,0.0,0.0,0.0,-0.0,0.0,-0.0,-0.0001952945847482208,0.0,-3.1912469740722294e-05,-0.0,-0.0,-0.0003759613639949506
2023-10-12,0.0,-0.0,0.0,0.0,0.0,0.0,-0.0,0.00017672793024598192,-0.0,-0.00024228618837888362,0.0,-0.0,-3.7288400632887406e-05
2023-10-13,-0.0,-0.0,-0.0,-0.0,-0.0,-0.0,-0.0,-7.4335639040539e-05,-0.0,-0.0003956590392204047,-0.0,-0.0007311259433770964,0.0009095969951353704
2023-10-16,-0.0,0.0,0.0,0.0,0.0,0.0,0.0,0.0,0.0,0.00021202096666549038,0.0,0.0005048080658705271,-0.0005051424953014687
2023-10-17,-0.0,-0.0,-0.0,-0.0,-0.0,0.0,0.0,-0.0,-0.0,0.0001515500586184126,0.0,-1.296344316310714e-05,0.00024512803084037046
2023-10-18,-0.0,-0.0,-0.0020227059743712764,0.0,-0.0,-0.0,-0.0,-0.0,-0.0,-0.0003635710252838993,-0.0,-0.0007971940958615462,0.0009564831358469786
2023-10-19,-0.0,0.0,-0.00011269682221013578,0.001094148033246694,0.0,-0.0,0.0,-0.0,0.0,4.1553167357679595e-05,0.0,-0.00029066008659498865,0.000341209185654718
2023-10-20,-0.0,-0.0,-0.0008552335758641778,-0.0,-0.0,-0.0,-0.0,-0.0,-0.0,-0.0030886643778469066,-0.0,-0.0010477370816370476,0.0015711409067863348
2023-10-23,0.0,0.0,0.001882586470541851,0.0,-0.0,-0.0,-0.0,-0.0,-0.0,0.0008807585044372803,0.0,-0.0005065830570685634,-0.00010916157209441722
2023-10-24,0.0,0.0,0.0007941255136423558,0.0,0.0,-0.0,0.0,0.0,0.0010812811795396728,-0.00022237298570490323,0.0,0.00020461084344281863,-0.0008287214900940532
2023-10-25,-0.0,0.0,-0.0022053620298432223,0.0018190757829551403,-0.0,-0.0,-0.0,-0.0,-0.0026110945717788127,-0.0008649973829778992,-0.0,-0.0017770565601000054,0.0010252818584427967
2023-10-26,-0.0,-0.0,-0.0017698699364505914,0.00136493043684131,-0.0,-0.0,-0.0,-0.0,-0.00047437234169456504,-0.000510334906513774,0.0,0.0,0.001282531903026061
2023-10-27,0.0,0.0,0.0002152775948304864,-0.0006972625321528397,0.0,-0.0,0.0,0.0,0.004440176902344771,0.0002929647390418285,0.0,-0.0,-0.00037111873981294477
2023-10-30,0.0,0.0,0.0008094615995342489,-0.00017206392269891616,-0.0,0.0,0.0,0.0,0.0,0.0003257019017945104,0.0,-0.0,-0.0004146618664962235
2023-10-31,0.0,0.0,-0.00046497204784345784,0.0,0.0,0.0,0.0,0.0,0.0,0.0008534710999986609,0.0,0.0005344994441560623,-0.0006705160981651004
2023-11-01,0.0,0.0,0.0018593081436444918,0.0,0.0,0.0,0.0,0.0,0.0,0.0011236427926029288,-0.0008641292031952146,0.0004067628857657374,-0.0013826078869462678
2023-11-02,0.0,0.0,0.001376046579915576,0.0,9.728080152169316e-05,0.0,0.0,0.0,0.0,0.0005267662305209071,-0.002835370743480086,0.0014253237227305308,-0.0003995718768519578
2023-11-03,-0.0,0.0,0.001693736754576894,0.0,-0.002008630686419131,0.0,-0.0,0.0,0.0,0.0005490470208044788,-0.0009118793774890397,0.0009814121623742587,-0.00023656764993169093
2023-11-06,0.0,0.0,0.0008220027348549019,-0.0,0.00022321465643427468,0.0,-0.0,0.0,-0.0,0.0004881232357056246,-0.00017122589295613327,-0.0,-1.9211946165103185e-05
2023-11-07,0.0,0.0,0.00022245037019631006,0.0,-0.0007548988866086309,0.0,0.0,-0.0,0.0,-5.502063828935742e-05,-0.00032827876079818583,-0.0,-3.708169764520359e-05
2023-11-08,0.0,0.0,0.0006689894350485565,0.0,-6.166315087397837e-05,0.0,-0.0,-0.0,-0.0,0.0015092416376128813,0.0002741098317948201,-0.0,-3.4991906627378953e-07
2023-11-09,-0.0,-0.0,0.0004020380071613938,0.0,-0.0,-0.0,-0.0,-0.0,-0.0,-6.681217866434765e-05,-1.665556311203316e-05,-0.0,0.00022801729285652008
2023-11-10,0.0,0.0,0.0,0.0,0.0,0.0,0.0,0.0,0.0,0.0,-0.001682447623508222,0.0,0.0006281591431267546
2023-11-13,-0.0,-0.0,0.0,-0.0,-0.0,-0.0,0.0,-0.0,-0.0,0.0,0.000145126281036689,-0.0,-0.00014807364619744522
2023-11-14,0.0,0.0,0.0,0.0,0.0,0.0,0.0,0.0,0.0,0.0,-0.0013973283080352204,0.0,0.0004988807873178668
2023-11-15,0.0,-0.0,-0.0,0.0,-0.0,-0.0,-0.0,0.0,0.0,-0.0,-0.0006087167425582221,0.0,3.3334241794872634e-05
2023-11-16,0.0,0.0,0.0,-0.0,0.0,0.0005637414922583917,0.0,-0.0,0.0,0.0,-0.0,0.0,-0.0001706337769235164
2023-11-17,-0.0,-0.0,-0.0,0.0,0.0,4.980410797603992e-05,-0.0,-0.0,0.0,0.0,0.0,0.0,7.164704469632841e-05
2023-11-20,0.0,0.0,0.0,0.0,0.0,0.000826111472784152,0.0,0.0,-0.0010502927118088248,0.0,0.0,0.0,-0.00014414897001875657
2023-11-21,-0.0,-0.0,-0.0,-0.0,-0.0,-0.00013974136530296618,-0.0,-0.0,0.0012446897548556764,-0.0,-0.0,-0.0,7.795091993129757e-05
2023-11-22,0.0,0.0,-0.0,-0.0,0.0,0.000709358535127081,-0.0,0.0,-3.436032662997229e-05,0.0,0.0,0.0,-3.886123506260925e-05
2023-11-24,-0.0,-0.0,-0.0009742048434042158,0.0,-0.0,-2.340313967594619e-05,0.0,0.0,0.0,0.0,0.0,-0.0,0.0001400976953131997
2023-11-27,-0.0,0.0,0.00048532947862758727,-0.0,0.0,-1.291676765075468e-05,0.0,-0.0,0.0,0.0,0.0,-0.0,3.9059406051360055e-06
2023-11-28,0.0,0.0,-0.0004382568682697937,-0.00020510523913109011,-0.0,0.0003259332797928323,0.0,-0.0,0.0,-0.0,-0.0,0.0,-0.00019846567004733223
2023-11-29,-0.0,-0.0,0.00033242793954949956,-0.0002925007546933588,0.0,-0.00047795577977497166,0.0,0.0,0.0,-0.0,0.0,0.0,-7.972732751571337e-05
2023-11-30,0.0,0.0,-0.0014435730308565407,-0.0008089924467745407,-0.0,-0.0005193794666069633,-0.00447161459883193,0.0,-0.0,0.0,0.0,-0.0,-0.0001225969955478242
2023-12-01,0.0,-0.0,-5.3455925640353524e-06,0.0002300985345865717,0.0,0.00011933179888654767,0.0,0.0,-0.0,0.0,0.0,0.0,-0.00023934765592840396
2023-12-04,-0.0,-0.0,-0.001360148892898184,-0.0003252491282583317,-0.0,-0.0006499520457520693,-0.0,-0.0,-0.0,-0.0,0.0,0.0,0.00131309334555035
2023-12-05,0.0,0.0,0.0,-0.000590614839686843,-0.0,-0.00019390468293502839,0.0,-0.0,-0.0,-0.0,0.0,-0.0,-0.0004108846772905307
2023-12-06,0.00028516694709871933,-0.0,-0.0,-0.0005218127899688226,-0.0006632750325207826,-0.0005442821209561084,-0.0,-0.0,-0.0,-0.0,-0.0,-0.0,0.0007586720260739196
2023-12-07,-0.0005044146351923316,0.0,0.0,0.0010198064237937055,0.004714121524233594,0.0010859884931020952,-0.0,0.0,0.0,0.0,0.0,0.0,-0.0011002344101653815
2023-12-08,-0.00036925138330942095,0.0,0.0,0.0011808366402063953,0.0,0.00010091979894625596,0.0,0.0,0.0,0.0,0.0,-0.0,-0.0003940662591915979
2023-12-11,0.0006505787482863945,-0.0,-0.0,0.004306601626065342,0.0,0.0012298124035856376,0.0,0.0,0.0,0.0,0.0,0.0,-0.0004042817904540047
2023-12-12,0.0,0.000413048159507429,0.0,0.0,-0.001176438359706675,0.0006720467219558229,0.0,-0.0,-0.0,-0.0,0.0,-0.0,-6.383416654791962e-05
2023-12-13,0.0,-1.3355592655199373e-06,0.0,-0.0008053014773847661,-0.00021029762691014204,-0.0007472792365897079,0.0,0.0,0.0,0.0010697169535930037,0.0,0.0,4.492322348523266e-05
2023-12-14,0.0,-0.0011401277454513752,0.0,-0.0007649795420773043,6.87932329094322e-05,-0.003278533753250098,-0.0,-0.0,0.0,-0.0013183252621158264,0.0,-0.002108664215905193,-5.6874711367665536e-05
2023-12-15,-0.0,0.0,0.0,-0.001039733739588732,-0.0004149401407347532,0.0,0.0,0.0,0.0,0.0014782788666122932,0.0,-0.0,0.0003048952284054308
2023-12-18,-0.0,0.0,0.0,-0.00075811601964893,8.991191058008418e-05,0.0,0.0,0.0,-0.0,0.0008064690964941859,-0.0,-0.0,4.6811756060604155e-05
2023-12-19,0.0,8.177932136403547e-05,-0.0,0.0003245032338585435,-0.00044795139252495637,0.0,0.0,-0.0,0.0,0.0005917228823501399,0.0,0.0,0.00013263821074669034
2023-12-20,-0.0,-0.0003548974409560273,-0.0,0.0012978737194623384,0.0016981532009076152,-0.0,-0.0,-0.0,-0.0,-0.0009981320048772586,-0.0,-0.0,-0.0005293989106393465
2023-12-21,-0.0,0.0003923907474799155,0.0,-0.0007557111597530086,-0.0016124572576274713,0.0,0.0,-0.0,0.0,0.0008142649361430232,0.0,0.0,0.00043833545363579867
2023-12-22,-0.00027815050613884775,0.00013901522081234032,-0.0,0.00023607703230936767,0.00011090842084612329,-0.0,-0.0,0.0,0.0,0.0001603321188998474,0.0,0.0,2.4458969322702605e-05
2023-12-26,-0.00014224760661155696,1.067748656025887e-05,0.0,-0.00043969101424051163,-0.0013463235206424432,-0.0,-0.0,0.0,-0.002538616268671157,-4.70831960421761e-06,0.0,0.0,0.00020763893539997623
2023-12-27,2.589332010224915e-05,-7.880011781541753e-05,0.0,0.00025331533417265276,-0.0009189149060799128,-0.0,0.0,0.0,-0.00025676532824363876,-0.00011785231496867923,0.0,0.0,-2.617405838549543e-06
2023-12-28,0.00011118873043261446,0.0001614734171799017,0.0,-0.0,-0.0009124155097075079,-0.0,-0.0,0.0,0.00036579500768401415,0.00014609558440727946,0.0,0.0,1.809288955283846e-05
2023-12-29,-0.0002719438989849202,0.0001011553345073885,0.0,-0.0,0.0004558224498841292,0.0,-0.0,0.0,0.00013910978766607765,-0.00038737911078339437,-0.0,-0.0,-5.6782014216021236e-05
2024-01-02,-0.0018221335684134564,-0.0006921961910759842,-0.0,-0.0,0.0030885021929975727,-0.0,-0.0,-0.0,0.0024992453720887433,-0.0006539784863350426,-0.0,-0.0,-0.0005173107469264595
2024-01-03,-0.0003757891651764526,-3.6414151878552914e-05,-0.0,-0.0,0.0011902716143363842,-0.0,-0.0,0.0,0.0007907386733010855,-0.0007747588675550659,-0.0,-0.0,-0.00023918494182119317
2024-01-04,-0.0006390735897660618,-0.00036017162268111306,0.0,-0.0,-0.0002543034266077149,-0.0,-0.0,-0.0,0.00019165270483868893,6.339917942826738e-05,-0.0,-0.0,-0.00019036773685820755
2024-01-05,-0.0002010523516491468,-2.5826095804518364e-05,0.0,0.0,-0.0009359681877286719,-0.0,-0.0,0.0,-2.1331058344002274e-05,6.81862564275438e-05,0.0,0.0,-6.951718000970578e-06
2024-01-08,0.0011943633821200608,0.0009347828972441484,-0.0031149686163569855,0.0,-0.0026695481426505224,0.0,0.0,0.0,-0.001636395261764017,0.0,0.0,0.0,0.002091412318917107
2024-01-09,-0.00011329921222388972,0.00014657296500015789,-0.0008416317433527653,0.0,-0.0010425506325497816,0.0,0.0,-0.0,0.00041451014602369556,-0.0,0.0,0.0,0.0001381257868336018
2024-01-10,0.0002827681034447916,0.0009201904937664263,-0.0011257336617775528,-0.0,0.00024177347310455058,0.0,0.0,0.0,-0.0,0.0,-0.0,-0.0,0.0004096705236775683
2024-01-11,-0.0,0.0,-0.0004323479838660082,0.0,0.00017534412359149798,0.0,0.0,0.0,0.0,0.0,-0.0,-0.0,0.0004587062181846878
2024-01-12,0.0,0.0,-0.0,0.0,0.0004956249421750111,-0.0,0.0,-0.0,-0.0,0.0,0.0,-0.0,0.00016217511542034515
2024-01-16,-0.0,0.0,0.0,0.0,0.0,0.0,-0.0,0.0,-0.0,-0.0,0.0,-0.0,-0.0
2024-01-17,-0.0,-0.0,-0.0,-0.0,-0.0004484053758737552,-0.0,0.0,-0.0,-0.0,-0.0,-0.0,-0.0,-0.00024480855238236636
2024-01-18,0.0,0.0,0.0,0.0,-0.0007743928799078723,-0.0,0.0,0.0,0.0,0.0,0.0,0.0,0.0009923894990840755
2024-01-19,0.0,0.0,0.0,0.0,-0.003432632832822589,0.0,0.0,0.0,0.0014860404566711324,0.0,0.0,0.0,0.0002797476979290717
2024-01-22,0.0,-0.0,0.0,0.0,0.001767071551503096,-0.0,-0.0,0.0,7.263672544450998e-05,0.0,0.0,0.0,6.33998072162596e-05
2024-01-23,0.0,0.0,0.0,0.0,-7.130125985471368e-05,-0.0,-0.0,0.0,0.0006899501918764574,0.0,0.0,-0.0,5.7987559445756396e-05
2024-01-24,-0.0,0.0,0.0,0.0,0.0,0.0,0.0,-0.0,0.0002041235739703455,0.0,0.0,-0.0,-0.00023431100925408227
2024-01-25,-0.0,0.0,0.0,-0.0,0.0,0.0,0.0,0.0,0.00046634563530178206,0.0,0.0,-0.0,-0.00014888180287758856
2024-01-26,-0.0,-0.0,-0.0,-0.0,-0.0,-0.0,0.0,-0.0,-0.006338948924519291,-0.0,-0.0,-0.0,0.00040527305942753125
2024-01-29,-0.0,0.0,0.0,0.0,0.0,0.0,0.0,0.0,0.0,-0.0,-0.0,0.0,-0.0
2024-01-30,-0.0,-0.0,0.0,-0.0,-0.0,-0.0,-0.0,-0.0,-0.0,0.0,-0.0012381391728229585,-0.0,0.00026135657666290696
2024-01-31,-0.0,-0.0,-0.0,-0.0,-0.0,-0.0,-0.0,-0.0,0.0,-0.0,0.0008591335009683796,-0.0,0.0006978927659369342
2024-02-01,0.0,0.0,0.0,0.0,0.0,0.0,0.0,0.0,0.0,0.0,-0.0,-0.0,-0.0
2024-02-02,-0.0,0.0,0.0,0.0,0.0,0.0,0.0,0.0,-0.0,0.0,0.00020509222532329557,-0.0,-0.00023973440574055443
2024-02-05,0.0,-0.0,0.0,0.0,-0.0,-0.0,0.0,-0.0,0.0,0.0,0.0008190019317411599,-9.430999338062107e-05,-9.824860866097043e-05
2024-02-06,0.0,-0.0,-0.0,-0.0,-0.0,-0.0,-0.0,0.0,-0.0,-0.0,2.429458972588501e-05,-0.00016705030195178532,0.0002017778606953253
2024-02-07,0.0,0.0,0.0,0.0,0.0,0.0,0.0,-0.0,0.0,0.0,0.0006172705039163835,0.00012612732928927927,-0.0005794126573556452
2024-02-08,-0.0,0.0,-0.0,0.0,-0.0,0.0,0.0,0.0,-0.0,-0.0,0.000778741895235341,0.0004514420284601424,-0.00013604230909038099
2024-02-09,0.0,0.0,0.0,0.0,0.0,0.0,-0.0,0.0,0.0,-0.0,0.0009426042913206758,0.0006788486534477266,-0.000560668338660334
2024-02-12,-0.0,-0.0,0.0,-0.0,-0.0,-0.0,-0.0,-0.0,0.0,-0.0,0.0006905732924356807,-0.0004080645872162044,0.00032278819499706625
2024-02-13,-0.0,-0.0,-0.0,-0.0,-0.0,-0.0,-0.001085412123419501,-0.0,-0.0,-0.0,-0.0,-0.001330560067328321,0.0007509230066847692
2024-02-14,-0.0,0.0,0.0,0.0,0.0,0.0,0.0014028624933008305,0.0,0.0,0.0,0.0,0.00032409874534741913,-0.00047400039516980435
2024-02-15,-0.0,-0.0,-0.0,0.0,-0.0,-0.0,0.000480135854910228,-0.0,-0.0,-0.0,0.0,0.0008914794508671558,9.689097415943267e-05
2024-02-16,-0.0,-0.0,-0.0,-0.0,-0.0,-0.0,-0.00038166811876532726,-0.0,-0.0,-0.0,-0.0,-0.00010277495910480553,0.00042428334360796295
2024-02-20,-0.0,-0.0,-0.0,-0.0,-0.0,-0.0,-0.000578021052566848,-0.0,0.0,-0.0,-0.0,0.0007303917944814326,0.0004696365269001082
2024-02-21,0.0,-0.0,-0.0,0.0,-0.0,-0.0,-0.0004983021907875685,0.0,-0.0,-0.0,0.0,0.0004100139247806963,0.0002820957917359564
2024-02-22,0.0,0.0,0.0,0.0,0.0,-0.0,0.0017500053754245768,0.0,-0.0,0.0,0.0,0.0,-0.0008657862265747334
2024-02-23,-0.0,-0.0,0.0,-0.0,-0.0,0.0,-0.00014493999406860363,0.0,0.0,0.0,0.0,-0.0,6.227048527673741e-05
2024-02-26,-0.0,-0.0,0.0,0.0,-0.0,0.0,0.0012795924150332233,-0.0,0.0,-0.0,0.0,0.0,-2.600352891914455e-05
2024-02-27,0.0,-0.0,-0.0,-0.0,0.0,-0.0,-0.0001483606416158523,-0.0,-0.0,0.0,0.0,0.0,-2.33254211204983e-05
2024-02-28,-0.0,0.0,-0.0,-0.0,-0.0,-0.0,4.505481974225936e-05,-0.0,-0.0,0.0,-0.0,-0.0,0.00012641069358843596
2024-02-29,-0.0,0.0,0.0,0.0,0.0,0.0,0.0014871534471184462,0.0,0.0,0.0,0.0,0.0,-0.0002960184459299741
2024-03-01,-0.0,0.0,0.0,0.0,0.0,0.0,0.0,0.0,0.0,0.0,0.0,0.0,-0.0
2024-03-04,-0.0,-0.0,0.0,0.0,0.0,-0.0,-0.0,0.0007485016228985419,0.0,0.0,0.0,0.0,-0.0
2024-03-05,-0.0,-0.0,0.0,0.002168273548671002,5.6030603441976445e-05,-0.0,-0.0,-0.00018352386020187175,-0.0,-0.0,-0.0,-0.0,-0.002220786425959759
2024-03-06,-0.0,-0.0,0.0,-0.00026924213234531374,-0.0013229557601610856,-0.0,0.0,0.0,0.0,0.0,0.0,0.0,0.0007535406307809183
2024-03-07,-0.0,0.0,0.0,-0.0020681146488598593,-0.00017772109419670148,0.0,-0.0,-0.0,0.0,0.0,0.0,0.0,0.0014594817180978634
2024-03-08,0.0,-0.0,-0.0,0.00362086625618782,0.0009528191477958972,-0.0,0.0004706304287699301,0.0,-0.0,-0.0,0.0014873024727398625,-0.0,-0.001346135914965603
2024-03-11,0.0,-0.0,-0.0,-0.0,0.002218314413530133,0.0,0.00011778568462294918,0.0,0.0,0.0,-0.0001609647560684376,0.0,-0.0001335121568070277
2024-03-12,0.0,0.0,0.0,-4.796905590363353e-05,0.0,0.0,0.00010120469649637341,-0.0,0.0,0.0,-0.0005694425291266983,0.0,-0.0008878291857988571
2024-03-13,-0.0,-0.0,-0.0,-0.0013339353742102536,-0.0,-0.0,-0.0003173575188860382,0.0,-0.0,-0.0,0.0011188501782149888,-0.0,0.00044921238117350974
2024-03-14,0.0,0.0,-0.0,0.00017459365236975009,-0.0,-0.0,-0.00022368458359263256,-0.0,-0.0,0.0,0.00023689709699111798,-0.0,-7.866484850805335e-06
2024-03-15,-0.0,0.0010456157861585737,-0.0,-0.0010717970453280503,0.0010579046917728676,-0.0,-0.001504338349466284,-0.0,-0.0,0.0,0.00037241346009803073,0.0,0.00107181256344006
2024-03-18,0.0,-0.00010794736363601952,0.0,7.036729648852008e-05,-0.0,0.0021268807887125053,0.001038972222418675,0.0,0.0,0.0,8.380224636247112e-05,-0.0,-0.0001738684344828333
2024-03-19,0.0,-0.00048764589555798127,0.0,3.110796989547479e-05,-0.0,0.0007081901880009297,0.00015615668218159958,-0.0,-0.0,0.0,0.0008519328813653385,-0.0,-0.00027890395841079484
2024-03-20,0.0,-0.0004511983750450604,0.0,0.0015112466574195246,-0.00046795302114274116,-0.00019705311327923786,0.0007621170378264055,0.0,0.0,0.0,0.0,0.0,-0.0014064748358467633
2024-03-21,-0.0,-0.000484440953218867,0.0,0.0027445913783758612,-0.0002929614140012617,-0.000765744447566084,0.00037593550249928983,0.0,0.0,-0.0,0.0,0.0,-8.935906077290949e-05
2024-03-22,0.0,7.341717416085573e-05,0.0,0.0,0.00027070085378049554,-0.0011605535014972126,-0.00010062324870987739,-0.0,0.0,-0.0,-0.0,-0.0,-2.77867580039075e-05
2024-03-25,-0.0,0.0006904759798133401,0.0,-0.0,-0.00028469430493673607,0.0007658456155871808,-0.0002785794802420423,-0.0,-0.0,-0.0,-0.0,-0.0,0.0005530364507106439
2024-03-26,-0.0,0.00014327844880361454,-0.0,-0.0,-0.00021318405367035505,3.645931007109109e-05,-3.758845721162302e-05,-0.0,0.0,0.0,-0.0,-0.0,0.0003400459510282614
2024-03-27,0.0,-0.0,-0.0,-0.0,0.0004811764321629516,-0.0003162065874734112,-0.000732873251432471,0.0,0.0,-0.0,0.0,0.0,-0.0005260786170007238
2024-03-28,-0.0,-0.0,0.0,0.0,0.0002499449772755956,1.982160580964384e-05,-3.3191716566744385e-05,0.0,0.0,0.0,0.0,0.0,0.0002222329107822633
2024-04-01,-0.0,0.0,0.0,0.0,0.000783348897873629,-0.0002493324857977644,0.0001789740741650641,0.0,0.0,-0.0,0.0,0.0002993848544004332,-0.00023355853062830028
2024-04-02,-0.0,-0.0,-0.0,-0.0,-0.001281696518412355,-0.0002876268792570574,0.00028700636321235735,-0.0,-0.0,-0.0,-0.0,0.0008179962954523363,0.0008108941085639184
2024-04-03,0.0,-0.0,-0.0,0.0,0.0005758541410690323,-0.0002208351143652669,0.0001215626317493457,-0.0,-0.0,0.0,0.0,5.870267103899804e-06,-0.0002229619932601572
2024-04-04,-0.0,-0.0,-0.0,-0.0,-0.004313116888037778,-0.0010060088175711504,-0.0017701554784520551,-0.0,-0.0,-0.0,-0.0,0.0005341332112503133,0.0013401012244076843
2024-04-05,0.0,0.0,0.0,0.0,0.0013651405586901262,-0.00020468436265902966,0.0013036557621448725,0.0,-0.0,0.0,0.0,0.00030652121114037344,-0.0009941838013834187
2024-04-08,-0.0,0.00010939765101024388,-0.0,-0.0,-0.0001527974860961799,-8.66515587206334e-05,-2.981909835913566e-05,-0.0,-0.0,-0.0,0.0,0.0,9.625265042503824e-05
2024-04-09,0.0,-0.00019862049694491268,-0.0,-0.0,0.000258307490078688,0.0008466363231074301,0.00010594276435069441,0.0,0.00045865870041619214,-0.0,0.0,0.0,-0.0005536274517802668
2024-04-10,-0.0,0.00035548799602239063,0.00097744900411255,-0.0,-0.0010772196953085051,-0.0,-0.00045682139728302055,0.000806306527646277,-0.0014962059056681356,-0.0,-0.0,-0.0,0.0014595111726762504
2024-04-11,0.0,-0.0005486491685815505,0.002013725191368346,0.0,0.000995175607514071,-0.0,-7.849426265974588e-05,-0.00032408458611297275,0.0005746421663122471,0.0,0.0,0.0,-0.002311872263225888
2024-04-12,-0.0004294801570389518,0.000709565583682286,-0.001359128882168093,-0.0,-0.0021634389110991074,-0.0,-0.0008138754519760993,-0.0,-0.002646553355163841,-0.0,-0.0,-0.0,0.0017709210693943717
2024-04-15,0.0011053021388908403,0.0009886144406759353,-0.0012544648081084847,-0.0,-0.0,-0.0,-0.0037781091541112992,-0.0,0.0008611323962087725,-0.0,-0.0,0.0,0.001243680611933231
2024-04-16,0.0009676684051562871,0.0,0.0008153984278365628,0.0,0.0,0.0,0.0008195564271682055,-0.0,-6.889900497696745e-05,0.0,-0.0,0.0,-0.00010689581872317531
2024-04-17,0.0004090366045097013,-0.0,-0.001971675696054118,-0.0,-0.0,-0.0,-0.00019684709296442736,-0.0,-0.0008062448807448241,-0.0,-0.0,-0.0,0.0013132851314843373
2024-04-18,0.0002865337354492548,-0.0,0.00037698897072756656,-0.0,0.0,-0.0,-0.0008025854505253895,0.0,-0.0009050020821808995,-0.0,-0.0,-0.0,0.0010437252037789428
2024-04-19,0.0006143915396846627,-0.0,-0.0052705847725240335,-0.0,-0.0,-0.0,-0.00028582570598295674,0.0,-0.0012132310999815547,-0.0,-0.0,-0.0,0.0018856607932764072
2024-04-22,-0.0002538997113471742,0.0,0.002131097421699808,0.0,0.0,0.0,0.000632152196434704,0.00018660606358168107,0.0003060787870414838,-0.0,0.0,0.0,-0.000754760950533505
2024-04-23,-0.00031856812701325904,0.0,0.0017940556526973705,0.0,0.0,0.0,0.0005213584267744205,-0.000186606063581682,-0.00018925630399050394,0.0,0.0,0.0,-0.0012634254594002237
2024-04-24,-0.0006311110224273411,0.0,-0.0016941781107706365,0.0,-0.0,0.0,-8.862845303568196e-05,-3.103341363719034e-05,0.00031986151538675254,0.0,0.0,0.0,-0.0003734059045799548
2024-04-25,-0.0002567058838743426,-0.0,0.0018208026369600486,0.0,0.0,-0.0,-0.0005552275210695939,0.00025920223937939217,0.0008763333071513431,-0.0,-0.0,0.0,0.0001748398324936229
2024-04-26,0.0001739439827366773,0.0009039682000658977,0.0029961946429383265,0.0,0.0,0.0,0.00021007282970832912,0.0002501047315744116,-0.0,0.0,0.0,0.0,-0.0009393838629623599
2024-04-29,-0.0012252655123912131,-0.0005033620310248479,1.2536184051258743e-05,0.00020315457610477046,0.0,-0.0,0.0002636225949519026,-0.0,-0.0008222829219903578,-0.0,0.0,0.0,-0.0002915209292714283
2024-04-30,0.0009219933757213944,-0.0016323236416458315,-0.0007780403776940139,0.0014533648672892044,-0.0,-0.0,-0.0012485043173879522,-0.0,-0.0014395301242294762,-0.0,-0.0,-0.0,0.0015029598633765691
2024-05-01,0.00030327213666981256,0.000715327079479384,-0.0019838180977982075,0.002257837987848244,-0.0,-0.0007037081680836917,-4.650038465469513e-05,-0.0,-0.0001643656969980116,0.0,-0.0,-0.0,0.0004055554962633135
2024-05-02,-0.00108963503647337,0.00036580298886597406,0.0016441330165793144,-0.0,0.0,-0.0007590318709496949,0.0006360797296166232,-0.0,0.00022996098354604802,0.0,0.0,0.0,-0.001200218767304206
2024-05-03,0.0,0.00109637705378563,0.0017022823192691342,0.0,0.0,-0.0009982154441887934,0.00028032833283508826,0.0,0.0006350842587560713,0.0,0.00012787019811865802,0.0,-0.001727504070750141
2024-05-06,-0.0,0.0008388394745214153,0.0018523195528261233,0.0,0.0,-0.000756314368298977,0.0003586463337238488,-0.0,0.00011314050407058383,0.0,-0.000611366160673044,0.0,-0.0007243639160915793
2024-05-07,0.0,-0.0005104069210660399,-0.0008681400832390045,-0.0,-0.0,0.00013389333057498752,0.0002803864007257683,0.0,-0.00047040087430280083,-0.0,0.0004696167119447865,0.0,0.0002046387416628356
2024-05-08,0.0,0.00014636298688648367,-7.846779458243653e-05,0.0,-0.0,0.0004253521781033423,0.0003218567258779624,0.0,-0.0011206797418450004,-0.0,0.0,0.0,-0.0002637428199096802
2024-05-09,0.0,0.0002163190307511053,-0.0009293688492023182,-0.0,-0.0,0.0005614274799238866,-0.0006857580334566716,-0.0,0.00014977544898991856,-0.0,-0.0,0.0,2.7467944394781198e-05
2024-05-10,-0.0,0.0002926035482819767,0.0006331785105422498,0.0,-0.0,3.7308020882400494e-05,0.00027181858768218715,0.0,-0.00040040254016713434,0.0,0.0,0.0,-0.00035009576176803946
2024-05-13,0.0,-0.00012312006800456842,0.0002890005105951792,0.0,-0.0,-8.493890586280578e-05,0.00015337712093839876,0.0,0.001093482944498355,-0.0,0.0,0.0,-0.0004394901190194114
2024-05-14,0.0,0.0003420546172520334,0.0005265378361015731,0.0,0.0,0.0007465782148458994,-0.00012988894589898204,-0.000276555042859649,0.0008772154825454763,0.0,0.0,0.0,-0.0007655604791003096
2024-05-15,0.0,0.0007765388802604172,0.0017605294204032765,0.0,0.0,-0.0009778736730460512,0.0,-0.0007300880071369911,0.0003530181545131155,0.0,0.0,0.0,-0.0014465394753781081
2024-05-16,0.0,-0.00024761030143489966,-0.0,-0.0,0.0,0.0002551052289375655,-0.0,0.0013570876921961078,0.0012006896075658394,0.0,-0.0,-0.0,3.570059155783045e-05
2024-05-17,0.0,-9.272470560445586e-05,-0.0,-0.0,0.0,0.0,0.0,-0.0,-0.0,0.0,0.0,0.0,4.716250687228845e-05
2024-05-20,0.0,0.0006067131387958091,0.0,0.0,0.0,0.0,0.0,-0.0,0.0,0.0,0.0,0.0,-0.00025333499419570273
2024-05-21,0.0,0.00043306527898443126,0.0,-0.0,-0.0,-0.0,-0.0,-0.00020197752563809622,-0.0,0.0,0.0,-0.0,-4.7717045353581924e-05
2024-05-22,-0.0,0.00017218128607138553,-0.0,-0.0,0.0,0.0,0.0,0.0005192374733306414,-0.0,-0.0,0.0,0.0,-6.536487572236511e-05
2024-05-23,-0.0,-0.00041048835837364665,0.0,3.7694803133744136e-05,-0.0,-0.0,-0.0,-0.0008827199378945036,-0.0,-0.0,0.0002891109886134042,-0.0,0.00033230877360905894
2024-05-24,0.0,0.0003686609636399041,0.0,0.000519437900432845,0.0,-0.0,-0.0,-0.00019350701426545773,0.0,-0.0,-0.0020870738252267043,0.0,-0.0003447231857627947
2024-05-28,0.0,1.8594273178223794e-05,0.0,0.0001634585133362438,0.0,0.0,-0.0,-0.00015102492604075583,0.0,0.0006386505583402568,-0.0006423666663827423,0.0,-0.00027188400842758915
2024-05-29,0.0,-0.00013380035675385766,0.0,-0.0007770069891183732,-0.0,-0.0,0.0,-0.0002165442968919984,-0.0,-0.00030214006454258927,0.0011440191473524317,-0.0,0.0004016909118363707
2024-05-30,0.0,-0.0017185043822997553,-0.0,-0.00096527183358558,0.0,-0.0,-0.0,4.33839506611251e-05,0.0,-0.0027619860121104716,0.0008376702968198549,0.0,0.001450906936687569
2024-05-31,0.0,5.5435050267536566e-05,-0.0,-0.001319604339309735,0.0,-0.0,0.0,0.00041028085962260856,0.0,4.268397049388492e-05,0.0001834415656769015,-0.0,-0.0001013577220858332
2024-06-03,0.0,-0.0001942921650740867,0.0,-0.0002509013169173715,-0.0,-0.0,0.0,0.00016103073500211892,-0.0,0.0008838560592985983,-0.0004537059134120203,-0.0,-0.0001645199722495538
2024-06-04,0.0,0.00030738172242848294,0.0,0.0003362599000146492,-0.0,0.0,-0.0,0.0008185576671953273,-0.0,0.00033006177930718355,0.00037535517998052724,-0.0,-0.00013730827582974714
2024-06-05,0.0,0.0009451762261572608,0.0,0.002999175116900128,0.0,0.0,0.0,-0.0,0.0,0.0010548392865653983,-0.0018091194376904315,0.0,-0.001235727617197412
2024-06-06,-0.0,6.01039517061546e-05,-0.0,-0.00041999138342878773,0.0,0.0,0.0,0.00022764266964571042,-0.0,0.0,0.0005838581556331799,0.0,0.00012604474526790337
2024-06-07,0.0,-7.897499196035435e-05,-0.0,0.00019124567906048725,0.0,0.0,-0.0,-0.0004235932796824878,0.0,0.0,0.0006777972370145216,-0.0,-8.958850680275781e-05
2024-06-10,-0.0,0.00047198960358997994,0.0,0.0011882783684692732,-0.0,-0.0,-0.0,1.0906314799485077e-05,0.0,-0.0,0.0,0.0,-0.00018067835045993858
2024-06-11,0.0,0.0005589506817937348,-0.0,0.0007086108607558372,-0.0,0.0,-0.0,-8.731720184615687e-05,0.0,-0.0,-0.0,-0.0,-0.0013107650114295058
2024-06-12,0.0,0.000959124792598122,0.0,0.0011662809676854043,0.0004010046557000692,-0.0,-0.0,-0.00016413189046543826,-0.0,0.0,0.0,0.0,-0.00235936783873226
2024-06-13,0.0,5.891417340727019e-05,0.0,0.005786256817958186,-0.00010620357588271443,-0.0,-0.0,-0.00010972135190832335,-0.0,0.00018913058271533272,0.0,-0.0,-0.0006170668696282399
2024-06-14,-0.0,0.00011197199725668801,0.0,0.0,-8.449912817604986e-05,0.0,0.0,0.00017543877648396354,-0.0,0.0006187574468050133,-0.0,-0.0006099824486548246,-0.0002234104584847612
2024-06-17,0.0,0.0006510070191477934,-0.0,-0.0026333910951608338,-0.0003867578948031022,0.0006292885134480504,-0.0,1.0944511371268424e-05,0.0,-0.0011380393941393208,0.0015748073518672924,0.00025720221324544766,-0.00045982553938997796
2024-06-18,-0.0,-0.00022688954894906554,0.0,0.0007256301987749691,-0.0012044156446493226,-0.00033718030930033694,0.0,0.00030547771214782017,-0.0,-0.0011645919024605748,0.001083926626035751,0.00034513750745013646,-3.648699684529974e-05
2024-06-20,-0.0,-7.174567393974192e-05,-0.0,0.0019215953442490855,0.0022601110551233694,-6.697283818010924e-05,0.0,0.0008091664350917496,-0.0,0.0006016417575081457,-0.0,-0.0008971732445192939,-2.1071459083523047e-05
2024-06-21,-0.0,0.0004556247188914598,-0.0,0.002238090925787216,-0.00017027353070790902,-0.000993037118107598,0.0,0.0,0.0,0.0004957672205205517,-0.0006869266922771076,0.0007133964283025786,3.73370174645946e-05
2024-06-24,0.0,-0.0,-0.0,-0.0,-0.00030484105874344775,0.0008765270187843377,-0.0,-0.0,0.0008433544083959627,0.0005721658797476605,-0.0028287291852047446,-0.00041598432218284447,0.0007866822071586326
2024-06-25,0.0,0.0,0.0,-0.0,0.0,-0.0002578379720655874,0.0,0.0,-0.00027728011038533133,0.0002580096028288473,0.00033001782298652235,0.00014418878111321625,5.706668935753159e-05
2024-06-26,0.0,0.0,0.0,0.0,-0.0,-0.0001686342239319578,0.0,-0.0,0.0003263719159981636,0.00033886214777481246,-0.0012115736722450342,-0.0003534860041161065,-3.86540337403196e-06
2024-06-27,0.0,0.0,-0.0,-0.0,0.0,-0.0016832223088879446,0.0,0.0,-8.179291861627908e-05,-0.0007004173297956483,-0.0,8.537502397688753e-05,1.7944155813744566e-05
2024-06-28,-0.0,-0.0,-0.0,0.0,0.0,-0.0007965332201779174,0.0,0.0,-0.0006172917911149681,-0.0003625006993481501,0.0,0.0002835351447859635,-1.9665573776468035e-05
2024-07-01,0.0,0.0,0.0,0.0,-0.0,0.0,-0.0,0.0,0.00021032226449913395,-0.0006648238929750952,0.0,1.7988847108949015e-05,0.0001544172642678511
2024-07-02,0.0,0.0,-0.0,0.0,0.0,0.0,-0.0,-0.0,-0.00037150873549136345,-6.634774169063738e-05,0.0,0.0009719913234925833,0.00010257825136837591
2024-07-03,0.0,0.0,0.0,0.0,-0.0,0.0,0.0,-0.0,-0.0002568223945015567,-0.00038239774792793267,0.0,0.00013086377512557893,0.00028119539422869925
2024-07-05,0.0,0.0,-0.0,-0.0,0.0,0.0,0.0,-0.0,-0.0012490768136790736,-0.00015559640508751055,0.0,-3.771402889189659e-05,6.374930979120983e-05
2024-07-08,0.0,0.0001413579866364769,0.0,0.0,0.0,-0.0,-0.0,-0.0,0.0,-6.899883796968594e-05,0.0,0.0006695747890694027,0.00018285208637796587
2024-07-09,0.0,0.0007237266928641446,0.0,-0.0,0.0004468958050891051,-0.0,-0.0,-0.0,0.0,0.001522640498318844,-0.0,-0.00032617201046085214,-4.414887153994113e-05
2024-07-10,0.0,0.0,0.0,0.0,-0.0019001898941467606,-0.0,0.0,0.0,0.0,0.0,0.0,0.0008569232480224371,0.00014625134128266504
2024-07-11,-0.0,-0.0,-0.0,-0.0,0.0005520690138903676,-0.0,-0.0,0.0,-0.0,0.0,-0.0,-0.0008994073190527329,-0.00026695274367196986
2024-07-12,0.0,-0.0,0.0,-0.0,9.077158317542691e-05,0.0,0.0,0.0,0.0,0.0,0.0,0.00046782802851706164,7.377034214751067e-05
2024-07-15,0.0,0.0,-0.0,0.0,0.0004924785276650862,0.0,-0.0,0.0,-0.0,-0.0,0.0,-2.7252682586346633e-05,1.4542024521434758e-05
2024-07-16,0.0,-0.0,-0.0,-0.0,0.0006379850394004327,0.0,0.0,0.0,-0.0,-0.0,0.0,0.001190124260234503,-1.954409620285086e-05
2024-07-17,-0.0,-0.0,-0.0,-0.0,0.0053823652484911505,-0.0,-0.0,0.0,0.0,-0.0,-0.0,-0.0005743832635673277,-0.00030290109634893773
2024-07-18,-0.0,-0.0,0.0,0.0,-0.0,-0.0,-0.0,0.0004971043432033323,0.0,-0.0,-0.0,0.0,-2.435205102617202e-07
2024-07-19,0.0,-0.0,-0.0,-0.0,-0.0,-0.0,0.0,0.0007550479050798356,-0.0,0.0,-0.0,-0.0,4.112708377468172e-05
2024-07-22,-0.0,0.0,0.0,0.0,0.0,0.0,0.0,-0.0,0.0,0.0,0.0,0.0,-0.0
2024-07-23,0.0,0.0,-0.0,0.0,-0.0,-0.0,0.0,-0.0,-0.0,0.0,-0.0,-0.0,0.0
2024-07-24,-0.0,-0.0,-0.0,-0.0,-0.0,-0.0,-0.0,0.0,-0.0,-0.0,-0.0,-0.0,0.0
2024-07-25,-0.0,-0.0,-0.0,-0.0,-0.0,0.0,0.0,0.0,-0.0,-0.0,-0.0,-0.0,0.0
2024-07-26,0.0,0.0008143174288735017,0.0,0.0,0.0,0.0,-0.0011922063960790217,0.0,0.0,0.0,0.0,0.0,1.280988653897607e-05
2024-07-29,0.0,0.0001713616700807284,-0.0,-0.0,-0.0,-0.0,0.0007903483186213723,0.0,-0.0,-0.0,-0.0,-0.0,-8.019725422664374e-06
2024-07-30,0.0,-0.0,-0.0,-0.0,-0.0,0.0,0.0001277782775498171,0.0,-0.0,-0.0,-0.0,-0.0,-0.0005043402499732714
2024-07-31,0.0,-0.0,0.0,0.0,0.0,0.0,-0.0001683666173963323,0.0,0.0,0.0,0.0,0.0,0.0007713237515846633
2024-08-01,-0.0,-0.00014842133800869816,-0.0,-0.0,-0.0,-0.0,0.0011214473932813986,0.0011060551178639162,-0.0,-0.0,-0.0,-0.0,2.0180926652589016e-05
2024-08-02,0.0,-0.0010441270892586477,-0.0,-0.0,-0.0,-0.0,0.0018290673923329762,-0.0,-0.0,-0.0,-0.0,-0.0,-0.00011522251264641737
2024-08-05,-0.0,-0.0016600997272638225,-0.0,0.0006086119215243962,0.0,-0.0,0.0010269937427036901,-0.0,-0.003295253292805168,-0.0,-0.0,-0.0,-0.000582095524805354
2024-08-06,-0.0,0.0005611815917659278,0.0,-0.0006433655199208897,-0.0,0.0,0.00012357838852644485,0.0004671891609738791,-0.0007010630626428076,0.0,0.0,0.0,0.0001489942511448194
2024-08-07,0.0006210366376971681,-0.00014786237030168538,-0.0,0.002730968894027415,-0.0,-0.0,-0.0003385875915728285,-4.4306604582884386e-05,-0.0021641708853755034,-0.0,-0.0,-0.0,6.825342734563548e-05
2024-08-08,0.0,0.0005317605543692689,0.0,-0.003359300024020332,0.0,0.0,-0.0018564565982188124,0.0007806645665614616,0.0038012218713306943,0.0,0.0,0.0,0.00039529412112458115
2024-08-09,0.0,0.0004117692152267301,-0.0,-0.0008571638493218719,-0.0,0.0,-0.0006797672726670909,-0.0003943065342056839,-0.0019405420543089692,0.0,-0.0,-0.0,4.442409180044239e-05
2024-08-12,0.0,9.719132521544326e-05,0.0,-0.00012126117503748429,0.0,-0.0,0.0002421408352601133,-0.0006753119372428476,-0.0008958519658098966,0.0,-0.0,-0.0,8.518297976524914e-05
2024-08-13,0.0,0.0008771941073235467,0.0,-0.002474420496772952,0.0,0.0,-0.0006503224644739181,0.0005652282291905233,0.0,0.0,0.0,0.0,0.0013676521545330051
2024-08-14,0.0,0.0003430152945277914,0.0,-0.00048749788763566043,-0.0,0.0,-0.000141198713227519,7.708403685117304e-05,-0.0,0.0,-0.0,-0.0,0.00024187262673275816
2024-08-15,0.0,0.0004976828018712393,0.0,-0.0026069766990445965,0.0,0.0,-0.0014418786874116109,0.0032894694502114442,0.0,0.0,0.0,0.0,0.0012547549569851787
2024-08-16,0.0,-0.0003049443639347924,0.0,0.00012354985945931476,0.0,-0.0,-2.2826707643946212e-05,0.0,0.0,0.0,-0.0,-0.0,7.873845981644462e-05
2024-08-19,-0.0,0.00036428732570524834,0.0,0.0,0.0,0.0,-0.00046754964096613395,-0.0005229331656768026,0.0,0.0,0.0,0.0,0.00014055030385098216
2024-08-20,0.00013704694698463563,0.000386376032068536,-0.0,-0.0,0.0,-0.0,0.0006714565457682576,-0.00025942983765684795,-0.0,0.0,-0.0,0.0,1.772067998228227e-05
2024-08-21,-2.4287386492429694e-05,-7.774402584057362e-05,0.0,-0.0,0.0,0.0,0.0001434227361696513,-0.00020856123198373388,0.0,0.0,0.0,0.0,-2.9419118481605566e-05
2024-08-22,-0.00041470088924591827,-0.0010230322705941112,-0.0,-0.0,0.0019743445702777316,-0.0,-0.0,0.0002284696535089531,-0.0,-0.0,-0.0,-0.0,-0.00011387307002489998
2024-08-23,0.0005117797300858918,0.00014897769149223514,0.0,0.0,-0.0010695594990658673,0.0,0.0,-0.0005150600220848419,0.0,0.0,0.0,0.0,8.037943786916742e-05
2024-08-26,7.48865828724114e-05,-0.00039745837272114356,-0.0,-0.0,0.0016363725564267969,0.0,0.0,-4.924653210088769e-05,-0.0,-0.0,-0.0,-0.0,-6.341323759688074e-05
2024-08-27,0.00018672722213916522,4.2304766040120226e-05,0.0,0.0,-0.0001697229490831147,0.0,-0.0,7.881775031129549e-05,-0.0,-0.0,0.0,0.0,4.1295229030786764e-05
2024-08-28,-0.00033882027039950437,-0.0003929960555213183,-0.0,-0.0,0.0013946872018962143,-0.0,-0.0,0.0008552316699540175,-0.0,-0.00021710846096446878,-0.0,-0.0,0.00015341527286475632
2024-08-29,0.0007232527264388122,0.00030593015367222213,-0.0,-0.0,-0.0,0.0,-0.0,-0.0005387123142329672,0.0,0.0005553609204794087,-0.0,0.0,0.00035030949599363894
2024-08-30,-0.00017219224063026457,0.0004841894605105591,0.0,0.0,0.0,0.0,-0.0,-0.00014861796337706538,0.0,0.000666177785973178,0.0,-0.0007639478233435923,-0.0002644043271456368
2024-09-03,-0.0013791077238728504,-0.0009315762228505128,-0.0,-0.0,-0.0,-0.0,-0.0,0.0004771407978209976,-0.0,-0.0006374957258148043,-0.0,0.0030068890186411633,0.0008747734296042265
2024-09-04,-0.00043280555171235714,-6.598725204410358e-05,-0.0008356480395385777,0.0,0.0,0.0,-0.0,0.0003608676450522535,-0.0,0.0,0.0,-0.0005347117466094358,0.00012643508425361897
2024-09-05,0.00034519461162838103,-6.24013589052612e-05,0.0004685630767350102,-0.0,-0.0,-0.0,-0.0,0.0005767543461013061,-0.0,0.0,0.0004953996093082232,0.0006041252140520779,1.4421683632361444e-05
2024-09-06,-0.00035198701320561065,-0.0008258529413627454,-0.0020856194313524537,-0.0,-0.0,-0.0,-0.0,-0.0,-0.0,-0.0,0.0017119321083300639,0.001027605091525822,0.0004075416810773019
2024-09-09,2.037443715512675e-05,0.00049788625712793,0.0017393058042707802,0.0013769025139617574,0.0,0.0,0.0,0.0,0.0,-0.0,-0.0008088964982190324,-0.0009332467003911017,-0.0009469647358331421
2024-09-10,-0.00018139786800404334,0.0010342841226844354,0.000759673465932384,0.0025573853938918273,0.0,0.0,0.0,0.0,-0.0,0.0,-0.0002822150460248431,0.00034167277630136017,-0.0008599258522927149
2024-09-11,0.0005759261453274236,0.0,0.003917384168678254,0.003283612418818413,0.0,0.0,0.0,0.0,0.0,-0.00041205075567197434,-0.001486826588564655,0.0,-0.0017048549690393956
2024-09-12,2.469523881107354e-05,0.0,0.0009447432090906962,0.0019486404999754963,0.0,0.0,0.0,0.0,-0.0,-0.0013185093491165827,-0.0,-0.0,-0.0007517921815832968
2024-09-13,-6.063737352438385e-05,0.0,-1.678979196434899e-05,0.0,0.0,-0.0,0.0,0.0,0.0,-0.00020098354262744608,0.0,0.0009977346038034436,-0.00033601826289642327
2024-09-16,-0.001408415437584786,0.0,-0.0009835826752931382,-0.0,-0.0,-0.0014523352549746888,0.0,0.0,0.0,-0.002497811429978823,-0.0,-0.00036646750397870614,0.00030097631771968005
2024-09-17,0.00010851750929127215,0.0,-0.0005121187774607812,-0.0,-0.0,-0.0,-0.0,-0.0,0.0,-0.0,0.0,0.0007302685707301317,0.00015972310944659408
2024-09-18,0.0,0.0005011820797514308,-0.0009696320638334288,-0.0,-0.0,-0.0,-0.0,-0.0,-0.0,-0.0,-0.0,-0.00016911232236840453,0.0005351030022351241
2024-09-19,0.0,-0.0009062927825701676,0.0019462758104485433,0.0,0.0,0.0,0.0,0.0,0.0,0.0,-0.0016423661088069556,0.0016876035560165936,-0.0005959027203303772
2024-09-20,-0.0,0.0003913242548097007,-0.0007996065566056723,0.0,-0.0,-0.0,0.0,0.0,0.0,0.0,0.0014585096653578235,-0.0010465215328716267,9.4959443081735e-05
2024-09-23,-0.0,0.000202583209521017,0.00011194355834199414,0.0,0.0,0.0,-0.0,0.0,0.0,-0.0,-0.0,0.00013508543154806764,0.00011319874237355602
2024-09-24,0.0,0.0005030876587686605,0.0019443262799080541,0.0,0.0,-0.0,0.0,0.0,0.0,-0.0,0.0,0.0002666412053154681,-0.0003900693370433582
2024-09-25,-0.0,0.0,0.00108032682892787,0.0,0.0,-0.0,0.0,0.0,0.0,0.0,0.0,2.9268293518665514e-05,-0.00019992193154219894
2024-09-26,0.0,-0.0,0.00021409848911625452,0.0,0.0,-0.0,0.0,0.0,0.0,0.0,0.0,0.0010137439355477967,-0.0009227419448019697
2024-09-27,0.0,-0.0,-0.0010756607803425154,-0.0,-0.0,0.0,0.0,0.0,-0.0,0.0,-0.0,-2.8680689122930506e-05,0.0006559974779582556
2024-09-30,0.0,0.0,1.6471751096090697e-05,-0.0,-0.0,0.0,-0.0,0.0,-0.0,0.0,-0.0,-0.0006182273080140676,-0.00020442927595739707
2024-10-01,-0.0,-0.0,-0.0018623189424781844,-0.0,-0.0,-0.0,-0.0,-0.0,-0.0,-0.0,-0.0,-0.0012176900906473891,0.001723040289730996
2024-10-02,0.0,-0.0,0.0007844129504223379,0.0,0.0,0.0,0.0,-0.0,-0.0,0.0,0.0,0.0004518214583323458,-0.0005132668324014913
2024-10-03,-0.0,-0.0,0.0016550952580492648,0.0,0.0,-0.0,0.0,-0.0,-0.0,-0.0,0.0,-0.0004344633606055041,-0.00028813047277589904
2024-10-04,0.0,-0.0,0.0,0.0,-0.002412452919965141,0.0,0.0,0.0,0.0,0.0,-0.0,0.00025718440402212894,0.0001526123442938557
2024-10-07,-0.0,-0.0,0.0,-0.0,-2.0475619673627593e-05,-0.0,0.0005556389302841863,-0.0,-0.0,-0.0,-0.0,-0.0003564547994643263,-0.0002037083173465794
2024-10-08,0.0,0.0,0.0,0.0,0.0,0.0,-0.0012150422593590357,0.0,0.0,0.0,-0.0,0.00023297355523659087,-0.00011222216739278915
2024-10-09,0.0,0.0,-0.0,0.0,-0.0,-0.0,0.0006298725206356768,0.0,0.0,0.0,0.0,0.0006778432809199232,-6.212711728035567e-05
2024-10-10,-0.0,-0.0,0.0,-0.0,-0.0,0.0,-0.00038921471770758,-0.0,0.0005141433477792015,-0.0,-0.0,-0.0006135949771306005,-8.628089426687583e-06
2024-10-11,-0.0,0.0,-0.0,-0.0,0.0,-0.0,0.00035796580172220167,0.0,-0.0007268191256820296,0.0,0.0,0.0006477346585193807,6.17541469622841e-05
2024-10-14,0.0,0.0,0.0,0.0,-0.0,0.0,-0.0006106261423873326,0.0,0.0002553197037287014,0.0,0.0,0.0008567874865996393,0.00046118995880363076
2024-10-15,0.0,-0.0,-0.0,-0.0017669091298979378,-0.0,-0.0,0.0005672572438403913,-0.0,0.0016921354554475803,-0.0,-0.0,-0.0021582561974268825,0.00018460080656778816
2024-10-16,-0.0,-0.0,0.0,0.0002380956880121782,-0.0,-0.0,-0.0004333515844071233,0.0,0.0007783123577709604,0.0,-0.0,0.0002122191286662077,-2.787494824381373e-05
2024-10-17,0.0,0.0,0.0,0.001314433166234069,0.0,-0.0,-4.295754340909333e-05,0.0,-0.00029050361050272965,0.0,-0.0,-0.0005990196712420694,-2.7187764046876117e-05
2024-10-18,0.0,0.0,0.0,-0.0004537688163872531,-0.0,-0.0,-0.0003133303636207535,0.0,-0.0007299399710576316,-0.0,-0.0,4.284598392084721e-05,-3.0526670922229244e-05
2024-10-21,0.0,0.0,0.0,2.7787040839657963e-05,0.0,0.0,0.0002824237692300703,-0.0,-0.00015347523560805756,-0.0,-0.0,-0.0006848727207857919,-3.739883284382092e-05
2024-10-22,-0.0,0.0,4.176818899350075e-05,-0.00016974165507654292,-0.0,-0.0,-0.0,0.0,0.0009726212963407703,0.0,0.0,-0.0004618496429125517,-2.7984104422829e-05
2024-10-23,-0.0,-0.0,0.0014233699993856082,-0.0016635613038138335,-0.0,-0.0,-0.0,-0.0,0.0009464004942759399,-0.0,-0.0,0.0,-0.0007255088999297954
2024-10-24,-0.0,0.0,-0.00030360489039887113,-0.0006263493146481236,0.0,-0.0,0.0,-0.0,-0.0008122922332789688,0.0,0.0,0.0,0.00014669684885602866
2024-10-25,0.0,0.0,-0.0004007824260543882,0.00047916730885805975,0.0,0.0,0.0,-0.0,-0.0007552342609248315,-0.0,0.0,0.0,0.0002753794213518066
2024-10-28,0.0,-0.0,0.0003616267625006147,-0.0002840422687222696,0.0,-0.0,0.0,-0.0,0.0,-0.0,0.0,-0.0,-1.983620890289141e-06
2024-10-29,0.0,0.0,-0.0002590771314462021,0.0020557470397304387,0.0,0.0,0.0,0.0,-0.0,0.0,0.0,0.0,9.464261392085296e-05
2024-10-30,-0.0,0.0,0.0006825132259478204,-0.000730596341460595,-0.0,0.0,-0.0,-0.0,-0.0,0.0,-0.0,-0.0,-5.096288858677298e-05
2024-10-31,-0.0,-0.0,0.0024169059327909916,-0.0019834591633094115,-0.001547941985513859,-0.0,-0.0,-0.0,-0.0,-0.0,-0.0,-0.0,0.0012644365954034397
2024-11-01,-0.0,0.0,-0.0009845186813200288,-0.0,-0.0007729318399720369,0.0,0.0,0.0,0.0,0.0,0.0,0.0,3.95912315914231e-05
2024-11-04,-0.00020228383250070557,-0.0,-0.0002394552375540315,-0.0,-0.0004069810486888215,-0.0,0.0,0.0,-0.0,-0.0,-0.0,-0.0,5.015902882318754e-06
2024-11-05,0.0003232624738316815,0.0,-0.0013988446757969512,0.0,0.00033643927626560133,0.0,-0.0,0.0,0.0,0.0,0.0,-0.0,-9.288863594853242e-05
2024-11-06,-0.00016361491167028418,0.0,-0.0019966227988809397,0.0,0.0011996669782332841,0.0,0.0,0.0,0.0,0.0,0.0,0.0,-0.0001816456914702136
2024-11-07,0.0010573472646272074,0.0,-0.001110439880559104,0.0,0.0016005706814797372,-0.0,0.0,0.0,0.0,0.0,-0.0,0.0,-0.00010993646267758251
2024-11-08,-0.00011442659690014633,-0.0,-0.0,-0.0,-0.0006280097336759035,-0.0,0.0,-0.0,-0.0,0.0,-0.0,0.0,5.7218942779240655e-05
2024-11-11,-0.0006050739857578356,-0.0,-0.0,-0.0,-0.00020318348312575664,0.0,0.0,0.0,-0.0,-0.0,-0.0,-0.0,0.00028889052361298693
2024-11-12,0.0,0.0,0.0,-0.0007574835831573846,-0.001278508036998617,0.0,-0.0,0.0,-0.0,0.0,-0.0,-0.0,-0.00011908527181007975
2024-11-13,0.00019806412903198743,0.0,-0.0,-0.0007547313111242452,-0.0,0.0,0.0,0.0,0.0,0.0,-0.0009233502062457118,-0.0,0.0002994812262934216
2024-11-14,0.000683824132022734,0.0,0.0,-0.0009303675800702185,-0.0,-0.0,-0.0,-0.0,0.0,-0.0,0.0010944054161499191,0.0,0.00029345944503486707
2024-11-15,-0.0007104836901056724,-0.0,-0.0,-0.001652796507203888,-0.0,-0.0,-0.0,-0.0,-0.0,-0.0,-0.001069477084585326,-0.0,0.0021606727170778344
2024-11-18,0.0006666471100576794,0.0,-0.0,0.00025112757399147357,0.0,-0.0,-0.0,-0.0,0.0,0.0,0.0012308313817678016,0.0,-0.00027791206134080646
2024-11-19,0.0,0.0,0.0,-9.667092613222192e-05,0.0,0.0,0.0,-0.0,-0.0,0.0,0.0,-0.0,-0.00034805225237497764
2024-11-20,0.0,-0.0,0.00038238492960353823,-0.0006390835635630659,-0.0,-0.0,0.0,0.0,-0.0,0.0,-0.0,-0.0,-2.3609930817132624e-06
2024-11-21,-0.0,-0.0,-0.0002666126087429988,0.00021088695341720814,-0.0,0.0,0.0,0.0,0.0,0.0,0.00038420748891127536,0.0,-0.0002796514802804366
2024-11-22,0.0,0.0004976724182011328,-0.0,0.0,0.0,0.0,0.0,0.0,0.0,-0.0,0.0004259433285142827,-0.0,-2.4588920664654545e-05
2024-11-25,0.0,0.00021416895832809016,-0.0,0.0,0.0,0.0,-0.0,0.0,0.0,-0.0,0.0006432077547352936,0.0,2.0593941945583095e-06
2024-11-26,0.0,0.0,0.0,-0.0,-0.0,-0.0006293005687554098,0.0,0.0,-0.0,0.000629038849591362,-0.0005985819708217805,-0.0,-0.0001717301870442586
2024-11-27,-0.0,-0.0,-0.0,-0.0,-0.0,0.0011184512237061492,-0.0,-0.0,-0.0,-0.0020562041766868204,-0.00016915089697093502,-0.0,0.0004365631231748657
2024-11-29,0.0,0.0,0.0,0.0,0.0,-0.00021852969392691294,-0.0,-0.0,0.0,0.0005822561309052356,0.0006763510871962866,0.0,-0.0003002054047413585
2024-12-02,-0.00047387757209270013,0.0,0.0,0.0,0.0,-2.615949600911705e-05,0.0,0.0,-0.0,-0.0009365461524417205,0.001399519154821328,0.0,-0.00018738773276230836
2024-12-03,-0.000634547335397833,0.0,0.0,0.0,-0.0,-5.811363158620867e-06,0.0,0.0,-0.0,0.00040626081316264906,-0.0,-0.0,3.2884693991382074e-05
2024-12-04,-7.412594529832829e-05,0.0,0.0,0.0,0.0,-0.001921870401018431,0.0,0.0,-0.0,0.0,0.0,-0.00014725307687967333,0.0002392088314084743
2024-12-05,-6.172204513543119e-06,0.0,-0.0,-0.0,-0.0,-0.00016097379705137842,-0.0,0.0,-0.002713481496702881,-0.0,-0.0,-0.0009393562393399946,6.977884048507473e-05
2024-12-06,4.1162429261467026e-05,-0.00010720052854487551,-0.0,0.0,-0.0,-0.0013509133833277027,0.0,-0.0,0.00028763262447249207,0.0,-0.0002750866582464864,2.8490767172496462e-05,-9.007086083286926e-05
2024-12-09,-0.000798644402567878,-0.0002754084684404283,-0.0,-0.0,-0.0,-0.0,-0.0,-0.0,-0.00026359993955896356,-0.0,0.00038407683001078624,9.054458560265815e-05,0.00030837494446040543
2024-12-10,-0.00020626090885721507,0.00030246901707704673,-0.0013656464507172616,-0.0,-0.0,-0.0,-0.0,-0.00019546213385598856,-0.0015866598601187545,-0.0,-0.0013493883263818909,-0.000852404451761183,0.0013341428471245367
2024-12-11,0.00025897358911052725,-0.000634310102844148,0.0015454251572730412,0.0,0.0,0.0,0.0,-0.00011081753747814618,-9.930489858147015e-05,0.0,0.0010655182061813779,0.0003980328970150279,-0.0014278567336317145
2024-12-12,-0.0002973009062596995,-6.343554353761659e-05,-0.0007121031262801598,-0.0,0.0,-0.0,0.0,0.0002213900074794228,0.00161383202197714,-0.0,-0.0004998941253080031,2.608174017965957e-06,0.0005583549740811311
2024-12-13,-3.4267976910302906e-05,0.00025534437708244807,-0.0011377934901778133,0.0,-0.0,-0.0,-0.0,-0.0001957949211769623,-0.0010700797525333738,-0.0,9.154909903672165e-05,-3.1307071202853296e-05,-0.000418832292585438
2024-12-16,-0.0005829743306398877,-0.0004806124716052423,-0.0008450905401301628,-0.005312489992135523,-0.0,-0.0,0.0,-0.00023082882750907253,0.0011902432326233309,-0.0,-0.0002022630910669595,-0.00055898758302563,-0.0005818976147030561
2024-12-17,-0.00048363177352968366,-0.0003167606201564691,-0.0,-0.0,-0.0,-0.0,-0.0,0.0001454608709679251,-0.0009450244968688411,-0.0,9.499382568715048e-06,-0.0003548931685270586,0.00036127168712008726
2024-12-18,-0.0,0.0019142327665436774,-0.0,-0.0,-0.0,-0.0,-0.0,-0.0008531012638360778,-0.0028694334712331894,-0.0,-0.0015661955146874997,-0.000836211599926124,0.0023503668708868383
2024-12-19,0.0,4.1170149395000935e-05,0.0,-0.0,-0.0,-0.0,-0.0,8.683572866864904e-05,-0.0,0.0,-0.0008733126937841072,-0.0001434488222418426,-3.863259441323172e-05
2024-12-20,0.0,4.921992545172631e-05,0.0,0.0,0.0,0.0,0.0,0.0007662655351674316,0.0,0.0,0.000821014852839141,0.0006463169650337934,-0.0005313653686003471
2024-12-23,0.0,0.00015484327337726017,0.0,0.0,0.0,-0.0,-0.0,0.00039149136176032666,0.0,-0.0,0.0017197079650939952,0.0008673727498360174,-0.0003177880999448832
2024-12-24,0.0,0.0,0.0,0.0,0.0,0.0,0.0,0.0007321514308426047,0.0,0.0,0.0,0.0006011886950184307,-0.00031034921222225666
2024-12-26,0.0,-0.0,-0.0,0.0,-0.0,0.0,-0.0,0.00010848706584403988,0.0,0.0,-0.0,-0.0,-7.081812001411309e-06
2024-12-27,-0.0,-0.0,-0.0,-0.0,0.0,-0.0,-0.0,-0.0003093914044513897,-0.0,-0.0,-0.0,-0.0,0.00014246105701622798
2024-12-30,-0.0,-0.0,0.0,-0.0,-0.0,-0.0,-0.0,-0.0003535368264600686,-0.0,-0.0,-0.0,-0.0,0.00013900596938279107
2024-12-31,-0.0,-0.0,-0.0,-0.0,-0.0,-0.0,-0.0,8.446659366315639e-06,0.0,-0.0,-0.0,-0.0,9.231622827678229e-05
2025-01-02,-0.0,-0.0,0.0,0.0,-0.0,-0.0,-0.0,-8.453087389537751e-05,0.0,-0.0,0.0,-0.0,2.6073784553192e-05
2025-01-03,-0.0,0.0,0.0,0.0,0.0,-0.0,0.0,-0.00020345908033629276,0.0,0.0,0.0,0.0,-0.00017714051883676942
2025-01-06,0.0,0.0,0.0,0.0,0.0,0.0,-0.0003572358925240893,-7.651110903837968e-05,-0.0,-0.0,0.0,0.0,-0.0004534572931002455
2025-01-07,-0.0,-0.0,-0.0,-0.0,-0.0,-0.0,-0.000854382610737104,0.00013593891126314694,0.0,-0.0,0.0,0.0,0.0007151627559947119
2025-01-08,0.0,0.0,-0.0,0.0,-0.0,-0.0,0.00030222696072047887,0.0002285621520068988,-0.0,0.0,0.00045056625296130296,-0.0,2.5921108914720323e-06
2025-01-10,-0.0,-0.0,-0.0,-0.0,-0.0,-0.0,-0.0014037370173873602,-0.00039003080597430214,-0.0,-0.0,0.000664440582041112,-0.0,0.00016725540337732188
2025-01-13,-0.0,-0.0,-0.0,0.0,0.0,0.0,0.00019154705333020925,1.702127676013311e-05,0.0,-0.0,-4.775397516862672e-05,0.0,7.356128290910552e-05
2025-01-14,-0.0,-0.0,-0.0,-0.0,-0.0,0.0,0.0006956119726263107,0.0,0.0,0.0,-0.000757925205543287,0.0,-3.070020455289613e-06
2025-01-15,0.0,0.0,0.0,0.0,0.0,0.0,-0.0003691656292532354,0.0,0.0,0.0,-0.0015065657854939677,0.0,-1.8476313259136486e-05
2025-01-16,-0.0,-0.0,-0.0,0.0,-0.0,0.0,-0.00018092227613555615,-0.0,-0.0,0.0,0.0009145847926673814,-0.0,-9.961899921126003e-06
2025-01-17,0.0,0.0,0.0,0.0,0.0,0.0,0.000707471155220983,0.0,0.0,0.0,-0.000960181658763188,0.0,2.474606915898351e-05
2025-01-21,-0.0,-0.0,0.0,0.0,0.0,0.0,0.000350016780915746,0.0,0.0,0.0,-0.0008167013989607791,0.0,1.5779500081319263e-05
2025-01-22,0.0,0.0,0.0,0.0,0.0,0.0,0.0008764971362743494,0.0,0.0,0.0,-0.0008799966414681107,0.0,5.0636359390075426e-05
2025-01-23,-0.0,0.0,0.0,-0.0,-0.0,-0.0,0.00030571969122168235,0.0,-0.0,0.0,-0.0011956460608456138,0.0,2.6111616968822814e-06
2025-01-24,-0.0,-0.0,-0.0,0.0,-0.0,-0.0,-0.00011667220419458484,0.0,-0.0,-0.0,-0.0,-0.0,0.00025238107403601097
2025-01-27,0.0,-0.0,-0.0,-0.0,-0.0,0.0,0.0019415637942602417,-0.0,-0.0,-0.0,-0.0,0.0,0.0011985888908020554
2025-01-28,0.0,-0.0014335948455306345,0.0,0.0,0.00036652577081271187,0.0,0.0,0.0,-0.0,0.0,0.0,-0.0,0.0014118897668002142
2025-01-29,0.0,0.0005474856000106082,-0.0,-0.0,0.0,-0.0,-0.0,0.0,-0.0,-0.0,0.0,-0.0,-0.00017296112337185436
2025-01-30,-0.0,-0.0,0.0,0.0,-0.0006392703820741095,0.0,-0.0,0.0,0.0,0.0,0.0,0.0,4.945550612169067e-05
2025-01-31,-0.0,0.0,-0.0,0.0,0.0012393633118486945,-0.0,-0.0,0.0,-0.0,-0.0,0.0,-0.0,-0.00016033200766063497
2025-02-03,-0.0,-0.0,-0.0,-0.0,0.00072974972714592,0.0,-0.0,0.0,-0.0,-0.0,-0.0,-0.0,-0.000376964467912406
2025-02-04,0.0,0.0,0.0,0.0,-0.002237615110647149,0.0,0.0,0.0,-0.0,-0.0,0.0,-0.0,0.0003954481131341995
2025-02-05,-0.0,0.0,0.0,0.0,0.003236410917395858,-0.0,0.0,0.0,0.0,0.0,0.0,0.0,0.0003971113343673537
2025-02-06,0.0,0.0,0.0,-0.0,-0.0,-0.0,-0.0,-0.0,-0.0,0.0,-0.0,0.0,-0.0
2025-02-07,-0.0,-0.0,0.0,-0.0,-0.0,-0.0,-0.0,0.0,-0.0,0.0,-0.0,-0.0,0.0
2025-02-10,0.0,0.0003004984895606205,0.0,0.0,0.0,0.0,0.0,0.0,0.0,0.0,0.0,0.0,-0.0002713988537013351
2025-02-11,0.00107984295650508,-9.469929742453279e-05,-0.0,0.0,0.0,0.0,-0.0,-0.0,0.0,-0.0,0.0,-0.0,-1.27624406688656e-05
2025-02-12,0.000905262326179891,-0.00029251253474584757,-0.0,0.0,0.0,0.0,0.0,0.0,-0.003476659005583095,-0.0,-0.0,0.0,1.738987451886731e-05
2025-02-13,0.000974111077275432,0.00018302077586444901,0.0,-0.0,0.0,-0.0,0.0,0.0,-0.0035414927305725073,0.0,0.0,0.0,-0.00011473241617062658
2025-02-14,0.0,-0.000257641265083679,0.0,-0.0,0.0,0.0,-0.0,0.0,0.001110458380268804,0.0,0.0,0.0,9.531233731503963e-06
2025-02-18,-0.0,0.00014790921099388238,0.0,-0.0,0.0,0.0,0.0,0.0002162833590291372,-0.00744656356217112,0.0,0.0,0.0,0.000143239438397342
2025-02-19,0.0,0.00062227122605281,-0.0,0.0,0.0,-0.0,-0.0,-0.00019315484115470547,-0.0,0.0,0.0,-0.002576462104702682,3.74248651855276e-07
2025-02-20,0.0,0.00016367808575077898,0.0,-0.0,-0.0,-0.0,-0.0,0.00013126407044869966,0.0,-0.0,-0.0,-0.001908895761217688,-1.653755678531791e-05
2025-02-21,-0.0,-0.0009607981786215851,-0.0,-0.0,-0.0,-0.0,-0.0,0.0005363440468564777,-0.0,-0.0,-0.0,0.00048280993928751333,-0.00013453457569784715
2025-02-24,0.0,-0.0005183434954863323,-0.0,-0.0,-0.0,0.0,-0.0,0.0005816761090050299,-0.0,0.0,-0.0,0.0003128579507775259,-6.786122832982699e-05
2025-02-25,-0.0,-0.0007607080264133564,-0.0,-0.0013132043346932099,-0.0,-0.0,-0.0,-0.0008077973520961698,-0.0,-0.0,0.0,0.00018965884189754906,0.0006427237243833929
2025-02-26,-0.0,0.00022943008800157486,0.0,0.0025036518991160567,0.0,-0.0,0.0,0.00014803283115454846,0.0,-0.0011525098979550967,0.0,0.00043694718334354475,-0.00010124292038470099
2025-02-27,-0.0,-0.0009088175885147241,-0.0,-0.0036877008348924125,-0.0,-0.0,-0.0,0.0002111192439924125,-0.0,0.002286671936771463,-0.0,0.0017817770717312538,0.0003783776148318383
2025-02-28,0.0,0.0005649062015223936,0.0,0.0004103439188259185,0.0,0.0,0.0,-0.00023452200594552112,0.0,-0.0003929649633002356,0.0,-0.0012110380537280728,-0.00013384289025524746
2025-03-03,-0.0,-0.001082183100119289,-0.0,-0.0031189012977354542,-0.0,0.0,-0.0,0.0004937731170478837,-0.0,0.0012314692215769675,-0.0,0.00040985935733736694,0.0002999938069204507
2025-03-04,-0.0,1.5442028175756706e-05,0.0,2.9345072204202877e-05,0.0,0.0,-0.0,0.00017358388903527134,-0.0,0.0014242410235013557,0.0,-0.00011561292821602663,8.186572696840296e-06
2025-03-05,-0.0,0.0015717515680180297,0.0,0.001081665145012023,0.0,-0.0005806567202412274,0.0,-0.0005502335044125311,-0.0,-0.001282081338144705,0.0,-0.00018698313331078688,-3.913062804262664e-06
2025-03-06,-0.0,-0.0,-0.0,-0.0032704429180564648,-0.0,0.0007209785420018118,-0.0,0.00043181551269066715,-0.0,0.0033997091919244905,-0.0,0.0016187015451906235,-0.00044696550968593003
2025-03-07,0.0,-0.0,0.0,0.004144889586166723,0.0,-0.0005166790927272699,-0.0,-0.0004161782959877597,-0.0,-0.0013787217857522058,0.0,0.0,7.218232690195626e-05
2025-03-10,-0.0,-0.0,-0.0,-0.00277079926371331,-0.0,0.0016191718762789626,-0.0,0.0014921742305730665,-0.0,0.0020960463366080213,-0.0,-0.0,-0.00017531434300469706
2025-03-11,-0.0,0.0,-0.0008250859330582966,0.0015059610087688738,0.0,0.00016345526447889268,0.0,0.0011326158533013857,-0.0,0.0015736698431586657,-0.0,-0.0,-0.0002467307539074729
2025-03-12,-0.0,0.0,-0.0031101338190711314,0.0010772689812989613,0.0,-0.0005663509523858098,0.0,-0.0,0.0,-0.0022744287774563647,-0.0,-0.0,0.0007510947115248463
2025-03-13,-0.0,-0.0,6.916826280303775e-05,-0.0007443276540887216,0.0013474923095743608,-0.0,-0.0,-0.0,0.0,0.0010819380447270233,-0.0,-0.0,-0.0012715044271990265
2025-03-14,0.0,0.0,-0.002567476545486292,0.0,-0.0014367072420465113,0.0,0.0,0.0,0.0,-0.0005422206507064439,0.0,0.0,0.003500930384660127
2025-03-17,0.0,0.0,0.0008872537954734037,-0.0,-0.0017612250874973591,0.0,0.0,0.0,0.0,0.0,0.0,0.0,0.0005531907975369322
2025-03-18,-0.0,-0.0,0.001745155013153433,-0.0,0.0005189859185259009,-0.0,-0.0,-0.0,0.0,-0.0,-0.0,-0.0,-0.00123518129086663
2025-03-19,0.0,0.0,-0.0008972123119400481,0.0,-0.001296916419813159,-0.0,0.0,0.0,-0.0,0.0,0.0,0.0,0.0010393814844226641
2025-03-20,-0.0,-0.0,-0.0004278780612893574,-0.0,-0.0004264917830446098,0.0,-0.0,-0.0,-0.0,0.0,-0.0,-0.0,-0.0005958859041866938
2025-03-21,0.0,0.0,0.0003513539412588981,0.0,0.0003277472171662948,-0.0,0.0,-0.0,0.0,-0.0,-0.0,-0.0,0.00022557733354132664
2025-03-24,0.0,0.0,-0.001551711664482643,-0.0,-0.0033650173200130053,0.0,0.0,0.0005524918093292578,-0.0,0.0,0.0,0.0,0.0012050365873681839
2025-03-25,0.0,0.0,0.00029739864630386545,-0.0,0.0,0.0,0.0,1.6398819432012463e-05,-0.0,-0.0,0.0,-0.0,0.00014321485970188841
2025-03-26,-0.0,-0.0,-0.0,-0.0,-0.0,-0.0,-0.0,0.0006596724077640064,-0.0,-0.0,-0.0,0.0,0.00027885787216739454
2025-03-27,0.0,0.0,-0.0,-0.0,-0.0,-0.0,-0.0,-0.0,0.0,-0.0,-0.0,-0.0,0.0
2025-03-28,-0.0,-0.0,-0.0,-0.0,-0.0,-0.0,-0.0,-0.0,-0.0,-0.0,-0.0,-0.0,0.0
2025-03-31,0.0,-0.0,-0.0,-0.0,-0.0,-0.0,-0.0,0.0,0.0,-0.0,0.0,0.0,-0.0
2025-04-01,0.0,0.0,0.0,0.0,0.0,-0.0,0.0,0.0,-0.0,0.0,-0.0,-0.0,-0.0
2025-04-02,0.0,-0.0,0.0,0.0,0.0,0.0,0.0,0.0,-0.0,0.0,0.0,0.0,-0.0
2025-04-03,-0.0,-0.0,-0.0,-0.0,-0.0,-0.0,-0.0,-0.0,0.0,-0.0,-0.0,-0.0,0.0
2025-04-04,-0.0,-0.0,-0.0,-0.0,-0.0,-0.0,-0.0,-0.0024770375573101838,-0.0,0.0033760466484891154,-0.004484418508605239,-0.0,0.0002022238021660668
2025-04-07,-0.0018712977826594074,0.0002758819873644886,0.0,0.0,-0.0,-0.0,0.0,-0.00011932084598042584,-0.0,0.0004345640634578758,0.0008787845776484548,0.0008546656894920872,-0.00017640164981509208
2025-04-08,-0.0025550941479851957,0.00046321321724257817,-0.0,0.0,-0.0,-0.00010283535283568916,-0.0,-0.001133877587180378,-0.0,0.001057021006891979,-0.0019894125029206347,-0.0026638744950078317,0.0009437176109067742
2025-04-09,0.0,-0.004826238831917934,0.0,-0.008555900545326546,0.0,0.0034982473943583506,0.0,0.0044405736479516495,0.0,-0.005755998291734858,0.0070685992462790545,0.007458890715351621,0.0012053236649109118
2025-04-10,-0.0021659306398077154,0.0011842386073487672,-0.0,0.003596458191286884,-0.0,-0.0020417282037083723,-0.0,-0.0013424795279413364,-0.0,-0.0,-0.0033070794108618186,-0.00395790716319011,0.0024337869093250127
2025-04-11,0.001989608038944939,-0.0009223436393091099,0.0,-0.0027219909430015875,0.0,0.00034447554121922326,-0.0,0.0006495877882929505,-0.0,-0.0,0.0,-0.0029594435695165324,-0.0005115174122809376
2025-04-14,0.001090716373263226,8.24466216231841e-05,-0.0,0.0009936491317319906,0.0,-0.00022178659584328158,-0.0,6.972286296269583e-05,0.0,0.0,-0.0,0.0011320732772553282,-0.00021806328131223162
2025-04-15,-9.390602275960192e-05,0.00026889430579997594,0.0,-0.00016512287263795188,0.0,-7.557502615247344e-05,0.0,-0.0,-0.0,-0.0,-0.0,6.619010762760065e-05,-2.7257539818678968e-05
2025-04-16,-0.001985579129791355,0.0018646362806874113,-0.0,0.0012275760838999358,-0.0,-0.0008912224664257309,-0.0,-0.0,-0.0,-0.0,-0.0,-0.001555225635356458,0.0002670548470357762
2025-04-17,0.000692662834543341,0.0005179991960755596,-0.0,0.0010474920136767294,-0.0,0.0006652430777831606,-0.0,0.0,-0.0,-0.0,0.0,0.0006407084517747687,4.283568428382314e-05
2025-04-21,-0.0009791669868107588,0.0011914169419515197,-0.0,0.0014176513088741416,-0.0,-0.0008063525530333719,-0.0,-0.0,-0.0,-0.0,-0.0,-0.0009624510734791805,0.00021642925637881225
2025-04-22,0.0016748829904823755,0.0,0.0,-0.001003637139641914,0.0,0.0009652168792633084,0.0,0.0,0.0,0.0,0.0,0.00039333923821340623,-0.0005817527621551996
2025-04-23,0.0,0.0,0.0,-0.002115816840233272,0.0,0.00029207771089682493,0.0,0.0,0.0,0.0,0.0,0.0018034138427949393,-2.0762395594747226e-05
2025-04-24,0.0,-0.001695077583784071,0.0,0.0,0.0,0.0012555543497010477,0.0,0.0,0.0,0.0,0.0,0.0031765803109498852,-0.0008770930024953834
2025-04-25,0.0,-0.000583976348908356,0.0,0.0,0.0,0.0009346579612086597,0.0,0.0,-0.0,0.0,0.0,0.00022462267385038083,-0.00037659940489363243
2025-04-28,0.0,-0.0,-0.0,0.0,-0.0,0.00012222620639613593,-0.0,0.0,0.0011341709165855523,0.0,-0.0,-0.00012911166104441797,0.00011122801424823153
2025-04-29,0.0,0.0,0.0,-0.0,-0.0,0.0003190924837527889,0.0,0.0,-0.0004161590731937689,0.0,-0.0,-0.0005166965321614168,-0.000316437296076933
2025-04-30,0.0,0.0,-0.0,0.0,0.0,0.0,0.0,0.0,-0.0005934787777691885,-0.0,0.0,-0.00022442528794982815,-0.00021336109421801197
2025-05-01,0.0,0.0,0.0,0.0,-0.0,-0.0,0.0,0.0,-0.0002994020922311335,0.0,-0.0,-0.000562350811741243,-0.0007474516230327634
2025-05-02,-0.0,0.0,0.0,0.0,0.0,0.0,0.0,0.0,0.0015764852684203177,0.0,0.0,0.001936605422514094,-0.0008488904954835153
2025-05-05,-0.0,0.0,-0.0,-0.0,0.0,0.0,0.00044731999435547063,-0.0,-0.0008559759062452613,0.0004799716878469422,-0.0,-0.0006392892888532121,2.8519676498902875e-05
2025-05-06,-0.0,-0.0,-0.0,-0.0,-0.0,0.0,-0.00013370216212552313,-0.0,-0.0008207097965108155,0.0005353766764082363,0.0,-0.0004111178922195325,4.429045388251663e-05
2025-05-07,-0.0,0.0,0.0,0.0,0.0,0.0,-0.0008829250978778774,0.0,0.0009192805529300505,-0.0005621629892433457,0.0,0.0011354360506382246,-5.2368066714090324e-05
2025-05-08,0.0,0.0,0.0,0.0,0.0,-0.0,-0.0002706245293281976,0.0,0.0016704531065564916,-0.0003103423718363907,0.0,0.00025724113273638494,-5.0336282322807114e-05
2025-05-09,0.0,0.0,-0.0,0.0,0.0,-0.0,0.000778169752608898,0.0,0.0009901313648089866,-1.3304949519701292e-05,0.0,0.0019623127390455773,6.636108114541559e-06
2025-05-12,0.0,0.0,0.0,0.0,0.0,0.0,-0.0023753225699719603,0.0,0.0017432958451309073,-0.00223733513081438,0.0,0.0,0.0009283736049187941
2025-05-13,0.0,-0.0,0.0,0.0,0.0,0.0,-6.055468827837818e-05,0.0,0.0008493722353818573,-0.0015807758092917495,-0.0,0.0,0.00045956442830361526
2025-05-14,-0.0,0.0,0.0,-0.0,0.0,0.0,-0.0002707323267096165,-0.0,-0.0023597845668137246,-0.00020908953660626054,0.0,-0.0,0.0001388718049383313
2025-05-15,-0.0,0.0,-0.0,0.0,-0.0,0.0,-3.439380912789569e-06,0.0,6.965406280865454e-05,0.0011013319463727953,-0.0,0.0,3.038476824219944e-05
2025-05-16,-0.0,0.0,0.0,-0.0,0.0,0.0,-6.702068333471957e-05,-0.0,0.00025457125115438335,0.0,-0.0,0.0,-7.259034956069257e-06
2025-05-19,-0.0,0.0,0.0,0.0,-0.0,0.0,0.000608183316624872,0.0,-0.0006505667987972631,-0.0,0.0,-0.0,5.6884018382457816e-06
2025-05-20,-0.0,-0.0,-0.0,0.0,-0.0,-0.0,-7.46929910136113e-05,-0.0,-0.0,0.0,0.0,0.0,-7.664850312413822e-05
2025-05-21,-0.0,-0.0,-0.0,-0.0,-0.0,-0.0,0.001013465281913717,-0.0,-0.0,-0.0,-0.0,-0.0,-0.0003877186565562204
2025-05-22,-0.0,0.0,0.0,0.0,-0.0,0.0,-0.00020152051320474512,0.0,-0.0,0.0,-0.0,-0.0,5.365598421000413e-06
2025-05-23,-0.0,-0.0,-0.0,-0.0,-0.0,-0.0,0.0018491012039139314,-0.0,-0.0,-0.0,-0.0,-0.0,-0.0002276695681032554
2025-05-27,0.0,0.0,0.0,0.0,0.0,0.0,0.0,0.0,0.0,0.0,0.0,0.0,-0.0
2025-05-28,0.0,-0.0,-0.0,0.0,-0.0,-0.0,-0.0,-0.0,-0.0,-0.0005955374923081222,-0.0,0.0,-0.00010774191076932249
2025-05-29,-0.0,0.0,0.0,0.0,0.0,-0.0001368718983568214,-0.0,-0.0,-0.0,0.00029074297684120713,0.0,0.0,7.350067207340525e-05
2025-05-30,0.0,0.0,-0.0,0.0,-0.0,-0.00020882401046491152,-0.000291195472592454,-0.0,-0.0,-0.0008007965832037304,-0.0,-0.0,-7.158957093239755e-05
2025-06-02,0.0,0.0,0.0,0.0,0.0,0.0014283369334057985,-0.000711600466173787,0.0,0.0,-0.0003131597108471136,0.0,0.0,0.00020113739143596906
2025-06-03,0.0,0.0,0.0,0.0,0.0,-0.0011141668768264777,0.0005417377027734171,0.0,0.0,-0.0007655566432529862,0.0,0.0,0.0003309350689487147
2025-06-04,-0.0,0.0,0.0,0.0,0.0,-0.00017182979157054313,-0.0002463806061859906,0.0,-0.0,0.0003083866969753096,0.0,0.0,3.2579088979413824e-05
2025-06-05,-0.0,0.0,-0.0,-0.0,-0.0,-0.00015558864818134976,0.0007486327178564896,0.0,-0.0,-0.0008961447287669346,-0.0,-0.0,-6.240274736152674e-05
2025-06-06,0.0,0.0,0.0,-0.0,0.0,-0.00020670125097214088,0.0013607412304784865,0.0,0.0,-0.0008344150073984826,0.0,0.0,0.00020518070076795626
2025-06-09,-0.0,0.0,0.0,-0.0,0.0,-0.0,-0.0004133464172729585,-0.0,0.0,-0.0008913298086801344,0.0,0.0,2.012446724560957e-05
2025-06-10,0.0,-0.0,0.0,0.0,0.0,-0.0,-0.0007456611265137827,-0.0,0.0,-9.305475996138418e-05,0.0,0.0,2.4946617982238175e-05
2025-06-11,-0.0,0.0,-0.0,0.0,-0.0,-0.0,-0.00043248168088165474,-0.0,-0.0,0.00031085840253369703,0.0,-0.0,-1.085632574537301e-05
2025-06-12,0.0,0.0,0.0,0.0,-0.0,0.0,0.00018768086298123418,0.0,0.0,-0.006248818148680436,-0.0,-0.0,4.4885610684652594e-05
2025-06-13,-0.0,-0.0,-0.0,-0.0,-0.0,-0.0,-0.0016201375508169528,-0.0,-0.0,0.0,-0.0,-0.0,0.00028708610324508645
2025-06-16,0.0,0.0,0.0,0.0,0.0,0.0,0.0010492841223111724,0.0,0.0,-0.0,0.0,0.0,-0.0003299832307105818
2025-06-17,-0.0,-0.0,-0.0,-0.0,0.0,-0.0,-0.00021266931651989611,-0.0,0.0,-0.0,-0.0,-0.0,0.0001469492555112085
2025-06-18,0.0,0.0,0.0,0.0,0.00012210018277758166,-0.0,-0.0006242182709164394,0.0,0.0,0.0,-0.0,0.0,2.2455338849201666e-05
2025-06-20,0.0,-0.0,-0.0,-0.0,-0.0005685666880720508,-0.0,0.00021725372076888497,0.0,-0.0,-0.0,-0.0,-0.0,-8.158276647535278e-05
2025-06-23,0.0,0.0,0.0,0.0,-0.0005197471360256799,0.0,0.0005304988319669128,-0.0007928363575683709,0.0,0.0,0.0,-0.0007983352361441063,0.0006304036434067996
2025-06-24,-0.0,0.0,0.0,0.0,-0.0033033165838916158,0.0,0.001451708840888496,-0.00037702551675744273,0.0,0.0,0.0,-0.0010855043232799475,0.0011750747276836192
2025-06-25,0.0,0.0,0.0,0.0,-0.0017636572732938139,0.0,-0.0,-0.0002204589109502853,-0.0,-0.0,0.0,0.0001045745657109923,0.0007366353236017618
2025-06-26,-0.0,0.0,0.0,0.0,-9.753381941847413e-05,-0.0,0.0,-0.0005541838853374688,0.0,0.0,0.0,-0.00022589851148527838,0.0005984781025604448
2025-06-27,0.0,-0.0,0.0,-0.0,-4.521896721993343e-05,0.0,0.0,0.0002180236012665356,0.0,-0.0,0.0,-0.00018626500169231222,-0.00010413347442971731
2025-06-30,0.0,0.0,0.0,0.0,0.000668519986614564,0.0,-0.0,-0.0005288754663811831,-0.0,0.0,0.0,-0.0001302146865699366,0.0008508964323216347
2025-07-01,0.0,-0.0,-0.0,-0.0,0.0020829600911007363,0.0,-0.0,0.0002021955383989718,0.0,0.0,0.0,-0.0006769304725740164,-0.0007806719197027759
2025-07-02,0.0,-0.0,0.0,0.0,-0.0008775668595119492,-0.0,-0.0,0.0003703989631197114,-0.0,0.0,0.0,-0.0012065180276668048,0.000912753076154234
2025-07-03,0.0,0.0007828996333152077,0.0,0.0,0.00022067105239875016,0.0,0.0,-0.0005653872942989956,0.0,0.0,-0.0,-9.962701102061347e-05,0.0009074459882736014
2025-07-07,-0.0,-0.00011238665725579176,-0.0,-0.0,-0.0,-0.0,-0.0,0.0003181500249824729,-0.0,-0.0,-0.0,0.0006077898932224335,-0.00021991389554034722
2025-07-08,0.0,-0.00011062618910355438,0.0,-0.0,0.0,0.0,0.0,0.00024723726931652674,0.0,0.0,0.0,-0.0007487815502660197,0.00014296300943573975
2025-07-09,0.0,0.0006889213404609318,0.0,0.0,0.0,-0.0,-0.0,0.0,0.00031894643553858406,0.0,-0.0,5.542469737545032e-05,0.00023461920979291596
2025-07-10,0.0,-0.00020199233433768776,0.0,-0.0,0.0,-0.00026181233542358034,-0.0,-0.0,-0.0008040799609171072,-0.0,-0.0,0.0,3.112751811395726e-05
2025-07-11,-0.0,0.0001831212237971364,-0.00024922548713270554,-0.0,-0.0007777705179234452,-0.0010996932019032438,-0.0,-0.0,0.0008254155703724913,-0.0,-0.0,0.0,-0.0002812577131192004
2025-07-14,-0.0,-2.9810999154059386e-05,0.0002583670905954175,0.0,6.150482563284131e-05,0.0004984021332144907,0.0,-0.0,0.00027819459740246734,-0.0,-0.0,-0.0,-5.166886281631745e-05
2025-07-15,0.0,0.0002775472017060797,-0.001980723188680197,0.0,-0.0031051884662789296,-0.0003843174411618717,-0.0,-0.0,0.000822173436255801,0.0,0.0,-0.0,0.0005582914159704964
2025-07-16,0.0,-1.977378812452492e-05,-0.00019586659361813818,-0.0,-0.0014160406622029775,-0.00033198000600432454,0.0,0.0,0.0005042796527394264,0.0,-0.0,-0.0,0.00018564538162305655
2025-07-17,-0.0,0.0005976558399364498,-0.0004733316412510547,0.0,0.0,0.0006426717794124138,0.0,0.0,-0.00024181185843223296,0.0,-0.0,-0.0,0.0002335468596760633
2025-07-18,0.0,-0.0001614877841259078,0.00017081166550095406,-0.0,-0.0,-9.013440657879761e-05,0.0,-0.0,-0.0006536040783676351,-0.0,0.0007124156826421725,0.0,-3.0137863917469333e-06
2025-07-21,-0.000306850795485031,9.802864397242445e-07,0.00029960239733935797,0.0,0.0,0.00025767982100538707,-0.0,0.0,-0.0003451264781385293,-0.0,0.0013290772008576791,-0.0,3.378614595969034e-05
2025-07-22,-0.00044977814542890017,-0.0004717712996428139,-0.0,-0.0,-0.0,0.0007008419382569477,0.0,-0.0,4.301075534039961e-05,-0.0,-0.0,0.0,-9.491473489276339e-05
2025-07-23,5.8336256763345156e-05,5.9338970906327246e-05,0.0,0.0009070462872300738,0.0,-5.5009196108505995e-05,0.0,0.0,-0.0005349933343555461,0.0,0.0,-0.0,-0.00013883039411863193
2025-07-24,9.114068565495799e-05,0.0004927504841939469,0.0,0.0008770315704971289,0.0,-0.00010347379893953027,0.0,-0.0,0.0018649169512687692,0.0,-0.0,-0.00015056203235823548,-0.00020527102744700914
2025-07-25,-2.8060986612500776e-05,0.00027620874660169367,-0.0,0.0002539347992986299,0.0,-0.00012795826118129356,0.0,0.0,0.004457137968706132,0.0,-0.0,-0.00018884235246031996,-0.00011039451383051473
2025-07-28,-3.972612552121952e-05,-0.0001179096442971314,0.0,0.0007049117575943973,0.0,-0.0,0.0,-0.0,-0.0,0.0,0.0,0.001138356137713019,-0.0004842118914158466
2025-07-29,0.0006536348139405897,0.0,-0.0,0.0005272813010555241,0.0,0.0,-0.0,2.943774003197012e-05,-0.0,0.0,0.0,0.0005596044016779271,-2.2160231882442694e-06
2025-07-30,0.000528173925478463,0.0,0.0,0.0,0.0,-0.0,-0.0,0.00023121852780187409,-0.0,0.0,0.0009404275485692062,-0.0004883210250293347,2.385228660341061e-06
2025-07-31,-0.0,0.0,-0.0,-0.0,-0.0,-0.0,-0.0,-0.00014300915473250604,-0.0,0.0,-0.0,-0.0022833045901617874,0.0003188070112955149
2025-08-01,-0.0,-0.0,-0.0,-0.0,-0.0,-0.0,-0.0,-0.0007175210047485361,-0.0,-0.0,0.00048483173575028624,-5.5260836748004783e-05,0.0015827015932059325
2025-08-04,0.0,0.0,0.0,0.0,0.0,-0.0,0.0,0.0010177342519832981,0.0,0.0,-0.0002299632055064695,0.0005143201102084397,-0.0013566387408113598
2025-08-05,-0.0,-0.0,-0.0,-0.0,-0.0,-0.0,-0.0,-0.0007131949461056082,0.0,0.0,-0.0002719060470202448,0.0007252999807626005,0.0005399707542301824
2025-08-06,0.0,-0.0,-0.0003243133714283075,0.0,-0.0,0.0,0.0,0.0012360755283035109,0.0,0.0,-0.00029738593905725275,0.00013735162551855394,-0.0003085236912914113
2025-08-07,0.0,-0.0,-0.0003748039427812759,0.0,0.0,-0.0,-0.0,0.00049601441929963,-0.0,-0.0,2.0566257916615507e-05,0.0,-2.6163675608358202e-05
2025-08-08,0.0,0.0,-0.0005309979198598914,0.0,0.0,0.0,-0.0,0.0,0.0,0.0,0.0005656708599867411,0.00035108551507363837,1.0280063131350711e-05
2025-08-11,-0.0,-0.0,-0.0,-0.0,-0.0,-0.0,-0.0016548774840204562,-0.0,0.0,0.0,0.000138733889298396,-0.0009462984311376426,0.00045280764394109777
2025-08-12,0.0,0.0,0.0,0.0,0.0,0.0,-0.00021966697691802681,0.0,0.0,0.0,0.0019094133205032522,0.0024588154543709324,-0.001038540589428084
2025-08-13,0.0,-0.0,-0.0,-0.0,0.0,0.0,0.0011457967949275662,-0.0,0.0,-0.0,0.0,8.284577051980818e-05,-1.763522940708788e-05
2025-08-14,-0.0,0.0,0.0,0.0,-0.0,-0.0,-0.0007780769257979605,-0.0,0.0,0.0001594636834332109,0.0,0.00010852717439123756,0.00016208085799942337
2025-08-15,-0.0,-0.0,-0.0,-0.0,-0.0,0.0,0.00190645400981459,-0.0022882221626447457,-0.001445784330458582,0.0006731104818039117,-0.0,0.00022149000883996134,0.0004971088386554499
2025-08-18,-0.0,-0.0,0.0,-0.0,-0.0,0.0,0.0,0.0005632804597109543,0.001866662236435045,0.0001588419954580114,0.0,-0.0,-4.554396123366565e-05
2025-08-19,-0.0,-0.0,-0.0,-0.0,-0.0,0.0,0.0,-0.00014209866717735805,-0.003370685800339598,-0.002988339868851895,0.0008408892463079734,0.0,-7.961629364539898e-06
2025-08-20,-0.0,-0.0,-0.0,-0.0,-0.0,-0.0,0.0,0.00026144826882568085,-0.0,9.368083135668825e-05,0.00025987417736630995,0.0,0.0001988236995669075
2025-08-21,-0.0,-0.0,-0.0,-0.0,-0.0,0.0,0.00012594465097419017,-6.709909304917216e-05,8.503403410087212e-05,-0.0004057943763679432,0.0004231701455278126,-0.0,-2.779073281456879e-05
2025-08-22,0.0,0.0,0.0,0.0,0.0,0.0,-0.0004978588854470436,0.00022331435067204323,-0.0026921616010411593,0.000683673037417858,-0.0012430960002389603,0.0,7.928221331076675e-05
2025-08-25,-0.0,-0.0,0.0,0.0,-0.0,0.0,8.465013308590324e-05,-0.0001338688885358257,0.0005065899465203477,-0.000203484955910734,0.0005056812494971063,-0.0,-2.2387456309678117e-05
2025-08-26,0.0,-0.0,0.0,0.0,0.0,0.0011558471590508356,0.000840116589188466,0.0009223311779057955,0.0004090002355965404,-0.00025552630035912083,-0.0008714058134148859,0.0,0.00011484294831633478
2025-08-27,0.0,0.0,-0.0,0.0,0.0,-0.00020245788705689925,-0.0012999314877114726,0.0,-0.0010162951507019455,0.0003404123612383717,-0.0001881233798858612,-0.0,0.00024167042202626117
2025-08-28,0.0,0.0,-0.0,0.0,0.0,0.0003364740774365225,-0.0008658997043218879,0.0,-0.00016070724964143573,0.0009472486275346564,-0.00032130378526928877,-0.0,0.00037096065403745406
2025-08-29,-0.0,-0.0,-0.0,-0.0,-0.0,-0.0003855589982848256,-0.0003367411608297108,-0.0,0.0011770024003433834,-0.0030430656720433647,2.177090819082461e-05,-0.0,-0.0006789021623471564
2025-09-02,-0.0,-0.0,-0.0009856534392566724,0.0,-0.0,0.001576312682338695,0.0006658777284433134,-0.0,0.000288303928931587,-0.00018386038483519062,0.0006103171142041095,-0.0,2.6945619435678743e-06
2025-09-03,0.0,0.0,-4.686584994556693e-05,0.0,-0.0,-0.00041346957412533833,-0.0007048868975762911,-0.0,0.0004355970301010784,-0.00041225860293691647,0.0004745969949055456,-0.0,1.015358907592344e-05
2025-09-04,0.0,0.0,0.0003038457404762557,0.0,-0.0,0.000604790791994592,0.002486225288766165,0.0,-0.0012549517027509428,-0.00010079519596708239,-0.0007666007134680843,-0.0,5.79882196608059e-06
2025-09-05,-0.0,-0.0,-0.0013701105282495237,0.0,-0.0,-0.0006721772130795482,-0.0013643549172906789,-0.0,0.000244399671944406,0.0,-4.0682211601262406e-05,0.0,2.9599218170812473e-05
2025-09-08,-0.0,0.0,0.0,-0.001581229134826183,8.924147138534795e-05,-0.0013694452949000258,-0.00030018180535743445,-0.0,-0.0,0.0,-0.00012496882286597123,-0.0,0.0003785057560133785
2025-09-09,-0.0,0.0,0.0,0.0013161740141497018,0.0014355052941215788,0.0006454237111572876,4.163940517853086e-05,0.0,-0.0,0.0,0.0004954571741853001,-0.0,0.00010266526059831346
2025-09-10,-0.0,0.0,0.0,-0.0046618472766856165,0.0011796589790135563,0.0005538098707246215,0.0019188412946107966,0.0,0.0,0.0,-9.130697414775138e-05,-0.0,0.0009398936803997322
2025-09-11,0.0,0.0,-0.0,-0.0,-0.0012278146217612656,-5.565783851684055e-05,0.0,-0.0,-0.0,0.003218703299312594,0.0,0.0,0.00010007993693475193
2025-09-12,0.0,0.0,0.0,-3.335649880489472e-05,0.0009228877076858995,0.00017002202378355738,-0.0,-0.0,-0.0,0.002613754173878022,0.0,-0.0,-5.7451238237859185e-05
2025-09-15,0.0,0.0,-0.0,-0.0005829117349671924,0.0008100762060835253,0.00032449931547824705,-0.0,0.0,0.0,0.0,-0.0,-0.0,0.00014743022999524793
2025-09-16,0.0,-0.0,-0.0,0.0005648529185957378,-0.00021764849988182498,-0.0008044984440039682,-0.0,-0.0,0.0,0.0,0.0,-0.0,-5.494291140816372e-05
2025-09-17,0.0,0.0,-0.0,0.001958702378773482,-0.0004067352383391047,-0.0013067335775048014,0.0,0.0,-0.0,-0.0,0.0,0.0,-5.120817528653944e-05
2025-09-18,-0.0,-0.0,0.0,0.00011857941698520758,-0.0,-0.0007388452946836257,0.0,0.0,0.0,-0.0,0.0,0.0,0.0009322544140348323
2025-09-19,0.0,0.0,0.0,-0.0,-0.0,0.00021271985832138122,0.0,-0.0,-0.0,0.0,-0.0,-0.0,4.451826216978185e-05
2025-09-22,0.0,-0.0,0.0,-0.0,0.0,0.00024932241583873195,0.0,-0.0,-0.0,0.0,0.0,0.0,4.9051231200743624e-05
2025-09-23,-0.0,-0.0,-0.0,0.0,0.0,0.00031686657174488143,-0.0,-0.00015522224011942556,0.0,-0.0,-0.0,0.0,0.00013366657845204153
2025-09-24,-0.0,0.0,-0.0,0.0,-0.0,0.0011901827592430134,0.0,-0.00016313228174081912,0.0,-0.0,0.0,0.0,9.167852075769864e-05
2025-09-25,0.0,-0.0,0.0,-0.0,0.0,-0.00012580756676285854,-0.0,0.0003921008479136491,0.0,-0.0,-0.0,-0.0,2.405397719535186e-05
2025-09-26,-0.0,0.0,0.0,-0.0,-0.0,0.0,0.0,-0.00046642819919593596,0.0,-0.0,-0.0,0.0,-5.514761950803445e-05
2025-09-29,-0.0,0.0,0.0,-0.0,0.0,-0.0,0.0,0.0003705367483987493,-0.0,-0.0,-0.0,-0.0,-0.00010063184818098596
2025-09-30,0.0,0.0,0.0,0.00030556030701750796,0.0,-0.0,-0.0,0.0005141811142262065,-0.0,-0.0,0.0,0.0,-0.00032120136295587945
2025-10-01,0.0,0.0,0.0,0.0005246542937355985,0.0,-0.0,-0.0,0.00024057784986110587,0.0,0.0,0.0,-0.0,-0.0005814263166531132
2025-10-02,0.0,-0.0,0.0,0.0007132661122309153,0.0,0.0,0.0,-0.00032102839014613475,0.0,-0.0,0.0,0.0,-0.0003231285759672699
2025-10-03,0.0,0.0,-0.0,2.8083660482602074e-05,-0.0,-0.0,0.0,-0.00028628133703330095,-0.0,-0.0,0.0,-0.0,0.0002992989726665897
2025-10-06,-0.0,0.0,-0.0,-0.0004273910805864234,0.0,0.0,0.0,0.0007235381683012291,-0.0,0.0,-0.0,0.0,-0.0005917507949342138
2025-10-07,-0.0,-0.0,-0.0,0.000136925223240726,0.0,-0.0,-0.0,5.438921454400979e-05,0.0,-0.0,-0.0,-0.0,0.0003874017867846902
2025-10-08,0.0,0.0,0.0,0.0013330994517351657,0.0,0.0,0.0,0.0,0.0,0.0,0.0,0.0,-0.000668709669800481
2025-10-09,-0.0,-0.0,0.0,-6.951284210632171e-05,-0.0,-0.0,0.0,-0.0,0.0,0.0,-0.0,-0.0,6.44890973710932e-05
2025-10-10,-0.0,-0.0,-0.0,-0.003045815705696555,-0.0,-0.0,-0.0,-0.0,-0.0,-0.0,-0.0,-0.0,0.0015890262161308696
2025-10-13,0.0,0.0,0.0,0.004710451005658951,0.0,0.0,0.0,-0.0,0.0,0.0,0.0,0.0,-0.0009075096440059318
2025-10-14,0.0,-0.0,-0.0,-0.0,0.0,-0.0,-0.0,0.0,-0.0,-0.0,-0.0,-0.0,0.0
2025-10-15,0.0,-0.0,-0.0,0.0,0.0,-0.0,-0.0,0.0,0.0,0.0,0.0,0.0,-0.0
2025-10-16,-0.0,-0.0,0.0,0.0,-0.0,-0.0,0.0,-0.0,-0.0,0.0,0.0,0.0,-0.0
2025-10-17,0.0,0.0,0.0,-0.0,-0.0,0.0,-0.0,0.0,0.0,-0.0,-0.0,0.0,-0.0
2025-10-20,0.0,0.0,-0.0,-0.0,0.0,0.0,0.0,0.0,0.0,-0.0,0.0,0.0,-0.0
2025-10-21,0.0,0.0,-0.0,-0.0,-0.0,0.0,-0.001763786579622562,0.0,0.0,-0.0,0.0,0.0,6.751819713687903e-06
2025-10-22,-0.0,0.0,-0.0,-0.0,-0.0,-0.0,0.0013018714491254818,-0.0,-0.0,-0.0,0.0,-0.0,-0.00012724451605311175
2025-10-23,0.0,0.0,0.0,0.0,0.0,0.0,0.00031073601546070296,-0.0,0.0,0.0,0.0,0.0,0.0001696591463612052
2025-10-24,0.0,0.0,0.0,0.0,0.0,-0.0,4.3147409910658767e-05,0.0,0.0,0.0,-0.0,-0.0,0.00020229116841243157
2025-10-27,0.0,0.0,0.0,0.0,0.0,0.0,-0.00012541648746976965,0.0,0.0,-0.0,0.0,0.0,0.00022275189506503298
2025-10-28,0.0,0.0,0.0,0.0,-0.0,0.0,0.00023738101990707696,0.0,0.0,-0.00010138203142629513,0.0018037810758656453,-0.0007433533681264458,-0.00019981581650877465
2025-10-29,0.0,4.798730550514694e-05,0.0,0.0,0.0,-0.0,-0.0,-0.0,-0.0,-0.0009944045951600629,-0.0,-0.0020328624320200797,-0.00033306177917658697
2025-10-30,0.0003141758627542252,0.0014795281716421522,-0.0,-0.0,-0.0,0.0,0.0,0.0,-0.0,-0.003460671722117571,-0.0,7.793747876009726e-05,0.000814692428430119
2025-10-31,-0.00019011780662836193,-0.0,-0.0,-0.0,0.0,0.0,0.0,-0.00013696762434428696,-0.0,0.0011011032084291472,0.0,0.00029505940208716236,-6.315752589730986e-05
2025-11-03,-0.0002447077666386408,-0.0,0.0,-0.0,0.0,-0.0,0.0,-0.0009081301412396763,-0.0,-0.000914601068891259,-0.0,0.0,-0.00026668576840168507
2025-11-04,0.00018364301191206063,-0.00026179085557882683,-0.0,-0.0,-0.0,-0.0,0.0013378594875198282,0.0014513521523048416,-0.0,-0.0019132012648887563,-0.0,-0.0006545820065290634,0.0018787624756192141
2025-11-05,0.0,-0.0007019273566451533,-0.0,0.0,0.0,0.0,0.0003470592890051978,0.00015233358965088456,0.0,0.0004293077249002222,0.0,0.0013037619717072976,-0.00019719004250051125
2025-11-06,-0.0,-0.0010017661279560176,-0.0,-0.0,-0.0,-0.0,0.00272656223124569,0.0007405472803494392,-0.0,-0.001317596632501306,0.0018476544036812185,-0.0006739600425036842,0.0003759090931992127
2025-11-07,-0.0,-2.8171282136104652e-05,0.0,-0.0,-0.0,-6.113404399077889e-05,0.0,-2.1110407744461638e-05,0.0,-0.0009398695152206534,0.0006713460734758756,-0.0002578205942418713,0.0001191623749002985
2025-11-10,0.0,0.0009154440914780285,0.0,0.0,0.0,0.00028972328700376253,0.0,-0.0007125015788841719,0.0,0.0003270231824742258,0.0,0.0,-0.001394396425999442
2025-11-11,0.0,0.00026412329325402936,-0.0,-0.0,-0.0,0.000660060637678136,0.0,0.0002642565261001848,-0.0,-0.0009812047025058233,0.0,-0.0,0.00047520403259275956
2025-11-12,-0.0,0.0002412195065128975,0.0,0.0,0.0,0.0005714177399262591,0.0,-0.0015447099312220305,0.0,-0.00197806163472577,0.0,0.0,-0.00016923923575242313
2025-11-13,-0.0,-0.0,-0.0,-0.0,-0.0,-0.0,-0.0,-0.002260197137672144,-0.0,-0.00211926629087498,-0.0,-0.0,0.0007982311045776478
2025-11-14,-0.0,0.0,0.0,0.0,-0.0,-0.0,0.0,0.0,-0.0,0.0011989130781226822,0.00014921957815436287,-0.0,-8.44176833872775e-05
2025-11-17,-0.0,-0.0,0.0009475560275470597,0.0,-0.0,-0.0,-0.0,-0.0,-0.0,-0.000675395962092349,0.002122233264183078,-0.0,-0.00035862512964882125
2025-11-18,-0.0,-0.0,0.001424164110698491,-0.0,-0.0,-0.0,-0.0,-0.0,-0.0,0.00014306811169254732,-0.0,0.0,7.895724549016613e-05
2025-11-19,0.0,-0.0,-0.001402723287042328,0.0,-0.0,-0.0,-0.0,0.0,0.0,0.001130042270172428,0.0,-0.0,-2.0601740780801902e-05
2025-11-20,-0.0,-0.0009000294799962655,0.0016016185769384154,-0.0,-0.0,-0.0009056408475293008,-0.0,-0.0,-0.0,-0.0034032664474489167,-0.0,-0.0,0.0007816705296973355
2025-11-21,0.0,-0.0006638359569762532,0.0004895455217308764,-0.0,-0.0,0.0018522672851506356,0.0,0.0,0.0,-0.0029144896052459494,0.0,0.0,-0.00010448563481466809
2025-11-24,0.0,0.0001987065567104099,-0.001015445906745584,0.0,0.0,-0.0,-0.0,0.0,0.0,0.00038091603638121393,0.0,0.0,-0.0004081804296908313
2025-11-25,0.0,0.00031441023064611787,0.001312615270432655,0.0,-0.0,0.0,0.0,0.0,0.0,-0.0008180193026933827,-0.0,-0.00015788020423634206,-1.0134124634564527e-05
2025-11-26,0.0,0.0008841880711690317,0.0,0.0,0.0,-0.0,-0.0,-0.0,0.0,0.0019729418370273855,0.0,-0.0010944433043099538,-0.0004821512572999825
2025-11-28,0.0,0.0006659876878813213,-0.0,0.0,0.0,0.0,0.0,0.0,0.0,-0.0007397348069501179,0.0,-0.0008752696380276827,-0.0003540935565171117
2025-12-01,0.0,-0.0005384470937530289,0.0,0.002139634978033671,0.0,0.0,0.0,-0.0,-0.0,-0.0002506892987626809,-0.0,3.2696252985714836e-05,-8.128839420181981e-07
2025-12-02,0.0,0.000333764574536343,0.0,0.0005875140872609361,-0.0,-0.0,0.0,0.0,0.0,3.9797037221905095e-05,0.0,-0.0020677339249531817,-1.6546871915656555e-05
2025-12-03,-0.0,-0.001267983587978559,-0.0,0.00012595456554430847,0.0,0.0,0.0,0.0,0.0,0.0016218431383993384,0.0,-0.0020513691266581735,-2.437406017963863e-06
2025-12-04,-0.0,0.0003244427545476191,0.0,-5.5144168186050325e-05,-0.0,0.0,0.0,0.0,-0.0,0.0,0.00020605604115904227,-0.0,0.00020002882449966263
2025-12-05,-0.0,0.00024066436505121408,-0.0,-0.001194191114163618,0.0,0.0,-0.0025811293160982298,0.0,0.0,0.0,-0.00013174483507162298,0.0,0.0004915662324427991
2025-12-08,-0.0,0.0008068499212712343,0.0,-0.0013724419154198509,0.0,0.001041795545327416,0.00019996181237008043,0.0,-0.0,0.0,0.0,-0.0,0.0003324170723939656
2025-12-09,-0.0001279118646694668,0.0001017252955052158,-0.0,-0.0006428208779691289,0.0,-0.0007608715244491592,-0.0002862364939494404,0.0,0.00024752525799281023,0.0,0.0,-0.0,-1.2813296473466854e-05
2025-12-10,0.00028779128305419604,-0.001386888559548445,-0.0,-0.0008153880381052609,-0.0,0.00017310367133707214,-0.0006054679674421736,0.0,0.0003444895516907828,0.0,0.0,0.0,-1.945400212700176e-05
2025-12-11,-0.00013469593821498394,0.0005103835258438761,-0.0,0.0008055438227804727,0.0,-0.001052579386454552,0.00035134509777520496,-0.0,-0.001581898036150484,-0.0,0.0002586117793479813,0.0,-0.00013479955972932174
2025-12-12,4.4938975899999655e-05,-0.0005135180273024534,-0.0,0.006067725327147302,-0.0,-0.0008488447651295608,2.2875443610726983e-05,-0.0,-0.002199009326022899,-0.0,0.0008288097214074453,-0.0,-0.0007677287003304424
2025-12-15,-0.0007549157688400873,-0.00038915600024721857,0.0,-0.0,-0.0007649063984323829,0.0007462192266638077,0.0014803426409108875,0.0,-0.0003983026904522708,-0.0,-0.00027129139412683414,-0.0,0.000598115174292647
2025-12-16,9.112117990677452e-05,0.0001650530824624977,0.0,0.0,0.000381525546434273,0.0004663572376084802,-6.477066206356289e-05,-0.0,-0.0002673088430364788,0.0,0.0008835842520831238,-0.0,-0.00011259631593561491
2025-12-17,-0.0005069125676576248,-2.834615985464896e-05,-0.0,-0.0,-0.0027162443239796617,-0.0009636623105736672,-0.000629576586174083,-0.0,-0.0017177261751054288,-0.0,0.0010848155537966156,-0.0,0.0014164299031931946
2025-12-18,6.433469630125585e-05,0.0,0.0,0.0,0.0007390469495519383,-0.00016186482248956556,5.620264550367809e-05,0.0,0.0,0.0,-0.000533869383887476,0.0,-0.000261035602667764
2025-12-19,0.0002711324564229175,0.0,0.0,0.0,0.002985276953910132,-7.0257282282928835e-06,-0.000397869837366709,0.0,0.0,0.0,-0.00030334342126645463,0.0,-0.0003530718934370705
2025-12-22,-0.000495744366661774,-0.0,0.0,0.0,0.00035482664434068967,-0.00023409398092653552,-0.0008998603347241518,-0.0,-0.0,0.0,0.0002947328761976777,0.0,-7.05361634104956e-05
2025-12-23,0.0002558303484947923,0.0,0.0,0.0,-1.1631964691284325e-05,0.000719781427831816,0.00022724729493856676,-0.0,-0.0,-0.0,0.0,-0.0,-0.00025269026486876464
2025-12-24,0.0002654857291064793,0.0,-0.0,0.0,3.2562684315999636e-05,-7.938759819175023e-05,-0.00034613995130964583,0.0,-0.0,0.0,0.0,0.0,-0.00011199105977536785
2025-12-26,-7.492554535231605e-05,-0.0,0.0,0.0,-1.1627095836407746e-05,-0.00011601918106325991,-0.0001543269189205314,0.0,0.0,0.0,0.0,-0.0,-7.271517629184048e-05
2025-12-29,6.579429270170178e-05,-0.0,-0.0,-0.0,0.00014398523652021852,9.052848461515504e-05,-2.8179069333720317e-05,-0.0,0.0,-0.0,-0.0,-0.0,0.00020639803063571776
2025-12-30,-0.00012435087969019294,0.0,-0.0,0.0,-6.265228804450258e-05,9.211106945594447e-05,5.825425821042624e-05,-0.0,0.0,0.0,0.0,-0.0,0.00014427438090188212
2025-12-31,-0.00022387823214888234,-0.0,-0.0,-0.0,-0.0,0.0003587203998772979,0.00019026830036005058,-0.0,-0.0,-0.0,-0.0,-0.0,-9.922947844077114e-05
