date,gross_pnl,transaction_cost,net_pnl
2020-07-01,-0.0004738839946969017,3.7406200402419486e-05,-0.0005112901950993212
2020-07-02,-0.00021193714347323334,3.697670725746546e-08,-0.0002119741201804908
2020-07-06,-0.0002157682661664434,3.7297994058968046e-05,-0.00025306626022541146
2020-07-07,-0.0005031069849726889,7.009992902886654e-08,-0.0005031770849017178
2020-07-08,-0.0012789645378992378,3.797503241531314e-05,-0.0013169395703145508
2020-07-09,0.0005987842595728467,8.758110467852083e-08,0.0005986966784681682
2020-07-10,-1.7695321184893134e-05,3.6978589940888875e-05,-5.467391112578201e-05
2020-07-13,0.005043067184479527,4.1125395055474286e-07,0.0050426559305289725
2020-07-14,6.465885536285249e-05,7.494707505885168e-05,-1.0288219695999193e-05
2020-07-15,0.00023361558733149998,1.0066600614370633e-07,0.00023351492132535627
2020-07-16,-0.0003740156623668259,3.77554313335917e-05,-0.0004117710937004176
2020-07-17,0.0009330345777111343,1.91873688122738e-07,0.0009328427040230116
2020-07-20,0.0,3.681617972151884e-05,-3.681617972151884e-05
2020-07-21,0.0,0.0,0.0
2020-07-22,0.0,0.0,0.0
2020-07-23,0.001085850472602675,3.912669139963451e-05,0.0010467237812030405
2020-07-24,-0.007828666335309695,3.634064270745263e-05,-0.007865006978017147
2020-07-27,-0.0006381318173323926,7.804477449901263e-05,-0.0007161765918314053
2020-07-28,-0.0005504065895566875,3.8454263957117646e-05,-0.0005888608535138051
2020-07-29,0.0006000883646664455,3.367149680311311e-07,0.0005997516496984144
2020-07-30,0.0004653223253349499,4.024938518024101e-08,0.00046528207594976966
2020-07-31,0.001464102660021404,7.681202083783552e-05,0.0013872906391835685
2020-08-03,-0.0017628187892375945,3.7721766178581626e-05,-0.0018005405554161762
2020-08-04,4.929515778913377e-05,7.464233204883608e-05,-2.534717425970231e-05
2020-08-05,0.00010449125928174696,6.127378452953566e-08,0.00010442998549721743
2020-08-06,4.818374223420054e-05,5.298308794763132e-09,4.817844392540578e-05
2020-08-07,0.0005282766677579871,3.220952652088066e-05,0.0004960671412371064
2020-08-10,-0.0005669852185583359,7.324677949195856e-07,-0.0005677176863532555
2020-08-11,-0.0015399645101791455,4.9103469833108176e-08,-0.0015400136136489787
2020-08-12,-0.002403362628979116,3.2691838686460527e-07,-0.0024036895473659803
2020-08-13,0.0005419750109568112,3.740263578682808e-05,0.0005045723751699831
2020-08-14,-0.0011004598989853343,3.505167439391742e-05,-0.0011355115733792517
2020-08-17,0.0014530666522606802,1.579069254871203e-07,0.001452908745335193
2020-08-18,0.0036921506214591684,3.918325651726247e-05,0.0036529673649419057
2020-08-19,0.0015895445159766562,3.80553931267735e-05,0.0015514891228498827
2020-08-20,0.0009570819675923334,5.647547392135295e-05,0.0009006064936709805
2020-08-21,-0.004403627067977944,3.8050356262212016e-05,-0.004441677424240156
2020-08-24,-0.00017411202488406836,3.861654875663311e-05,-0.00021272857364070148
2020-08-25,0.00037465937567018653,3.983890746091363e-05,0.0003348204682092729
2020-08-26,0.0009976967109345302,5.5382711480110594e-08,0.0009976413282230502
2020-08-27,0.0010923470790447612,5.4802130179575515e-05,0.0010375449488651857
2020-08-28,0.0008930871665062991,1.5987064021226114e-07,0.0008929272958660868
2020-08-31,-0.0007503694439950747,4.151278335061365e-05,-0.0007918822273456883
2020-09-01,-0.0008325547472648645,4.0142789668366236e-05,-0.0008726975369332307
2020-09-02,0.00022106636633212237,3.686208437060446e-05,0.00018420428196151792
2020-09-03,0.0034977066903636514,3.6882190146940135e-05,0.0034608245002167113
2020-09-04,0.000447882699196738,3.652912802306098e-07,0.00044751740791650735
2020-09-08,0.0004647440506109178,4.204360691226364e-05,0.0004227004436986542
2020-09-09,-0.0003120910029699804,5.150545867994502e-07,-0.00031260605755677987
2020-09-10,-0.0002159104225900703,4.1973821348628006e-05,-0.0002578842439386983
2020-09-11,0.000620813715852847,3.0347935838184896e-05,0.0005904657800146621
2020-09-14,-0.004226346061352202,1.588626871443233e-08,-0.004226361947620916
2020-09-15,-0.0013917588358230847,3.468471308866092e-05,-0.0014264435489117456
2020-09-16,0.0005624223153130877,3.0242170008648262e-05,0.0005321801453044394
2020-09-17,-0.0003913559838650877,4.0627552745981895e-05,-0.0004319835366110696
2020-09-18,0.0003376665534762361,4.783987624367922e-08,0.00033761871359999244
2020-09-21,-0.0010992185444546436,3.9516590244611216e-05,-0.0011387351346992549
2020-09-22,0.00011263291537997737,5.003233548423608e-09,0.00011262791214642895
2020-09-23,0.0009030033914684036,3.107125767385817e-07,0.000902692678891665
2020-09-24,-0.0002480958734488723,4.0333363100470516e-05,-0.0002884292365493428
2020-09-25,-0.001768066496421207,9.762955771669413e-08,-0.0017681641259789237
2020-09-28,-0.00024396366253729763,1.0275281384461432e-08,-0.0002439739378186821
2020-09-29,-0.0001855536975812372,4.3656047569338514e-05,-0.0002292097451505757
2020-09-30,0.00013953242316275548,2.994342963539253e-08,0.0001395024797331201
2020-10-01,-0.0005210577585311971,4.356704591306923e-05,-0.0005646248044442663
2020-10-02,0.002444945444529805,1.0695156436751896e-07,0.0024448384929654375
2020-10-05,-0.00010994090388654005,4.321675100155406e-05,-0.0001531576548880941
2020-10-06,0.0,4.032753527037486e-05,-4.032753527037486e-05
2020-10-07,-0.00016412913875513027,4.3087290846257996e-05,-0.00020721642960138827
2020-10-08,0.00027765099895105686,3.318790629782606e-05,0.0002444630926532308
2020-10-09,-0.0006975602096180283,4.284895666773656e-05,-0.0007404091662857648
2020-10-12,-0.0009398589380882694,3.9850739499561616e-05,-0.000979709677587831
2020-10-13,0.0007932464173471846,4.3552304339693377e-07,0.0007928108943037877
2020-10-14,0.00029448587826807815,3.896304201849676e-05,0.0002555228362495814
2020-10-15,-0.00037279289055640384,2.159773883751888e-08,-0.0003728144882952414
2020-10-16,-0.00021009809727654577,3.086142741961211e-07,-0.0002104067115507419
2020-10-19,0.001215923586086104,3.875588042922418e-05,0.0011771677056568797
2020-10-20,3.0217478366516374e-05,3.066783303352638e-07,2.991080003618111e-05
2020-10-21,0.001480618835408541,3.9546187539624136e-08,0.0014805792892210012
2020-10-22,-0.0001495856687828977,3.363331333971723e-05,-0.00018321898212261492
2020-10-23,0.0005493225504597658,4.298600042727909e-05,0.0005063365500324867
2020-10-26,-4.887268408186745e-05,4.488870175196891e-08,-4.8917572783619416e-05
2020-10-27,0.0001684087665478258,2.711995669712544e-07,0.00016813756698085455
2020-10-28,2.303595472758613e-05,5.129441077398999e-07,2.252301061984623e-05
2020-10-29,0.000886548500156724,2.2236063975662574e-07,0.0008863261395169674
2020-10-30,-0.0011423369247254385,1.1765090173346954e-07,-0.001142454575627172
2020-11-02,0.00019322579186422862,4.821164851606611e-07,0.00019274367537906796
2020-11-03,0.0005172291345444974,8.88214807318842e-08,0.0005171403130637656
2020-11-04,0.0044807253017766675,9.683157286753663e-05,0.004383893728909131
2020-11-05,-0.0006026388061361541,5.829791758287641e-05,-0.0006609367237190305
2020-11-06,0.0015843974757405034,5.828683696185993e-05,0.0015261106387786435
2020-11-09,-0.004439188009155035,8.021702653788095e-05,-0.004519405035692916
2020-11-10,-0.005335628028372047,3.8232817486916206e-07,-0.0053360103565469165
2020-11-11,0.0025757728348806195,3.634831634414162e-05,0.002539424518536478
2020-11-12,-0.0005447655700205006,7.695255563519577e-08,-0.0005448425225761358
2020-11-13,-1.544657198958169e-05,1.4900511242844917e-08,-1.5461472500824535e-05
2020-11-16,-0.0014840231634339154,1.7222998978536074e-08,-0.001484040386432894
2020-11-17,0.0022940784992990463,7.524127376921235e-08,0.002294003258025277
2020-11-18,0.00023991691800589164,9.928719300611455e-08,0.0002398176308128855
2020-11-19,0.001202385901688882,5.858149246349896e-05,0.001143804409225383
2020-11-20,-0.0013455760365484802,6.102237332588217e-07,-0.001346186260281739
2020-11-23,0.0017304959658410886,7.529263991704552e-05,0.001655203325924043
2020-11-24,0.0011340047332886417,8.11068305624684e-05,0.0010528979027261732
2020-11-25,8.773963386781526e-05,3.9576063518303954e-05,4.8163570349511305e-05
2020-11-27,0.0008220484384434169,2.1318893912518346e-07,0.0008218352495042917
2020-11-30,0.0015119590302199826,3.2122494524926666e-05,0.0014798365356950558
2020-12-01,0.0014755141286624206,7.503628668771909e-05,0.0014004778419747016
2020-12-02,-0.0007908654947056089,5.251981715138348e-05,-0.0008433853118569924
2020-12-03,0.0005047391377726305,4.595419667942236e-07,0.0005042795958058363
2020-12-04,-0.0008840870049988812,1.4940347567096723e-07,-0.0008842364084745522
2020-12-07,-2.7964653626280005e-05,6.157373522006245e-08,-2.802622736150007e-05
2020-12-08,0.001018071626843958,2.4140349053743996e-07,0.0010178302233534206
2020-12-09,-0.0004548439575949813,3.9192099509239194e-05,-0.0004940360571042205
2020-12-10,0.0004391005789447667,3.6681144237224774e-05,0.00040241943470754193
2020-12-11,0.0007033399727481424,3.6588051991759614e-05,0.0006667519207563829
2020-12-14,0.0006956823082063153,4.1298539586678436e-05,0.0006543837686196368
2020-12-15,-0.0007276843047544291,5.2813602244493286e-05,-0.0007804979069989224
2020-12-16,0.0006844525889634955,3.0780948097957646e-05,0.0006536716408655378
2020-12-17,-0.0008440343082847621,3.6333990509257456e-07,-0.0008443976481898546
2020-12-18,-0.0009743751809098161,9.21232592781155e-07,-0.0009752964135025972
2020-12-21,0.0027484831519493853,3.667007910196183e-05,0.0027118130728474234
2020-12-22,-0.0013261934367109571,5.086416937445995e-05,-0.0013770576060854172
2020-12-23,0.000972990932649444,6.118854888522817e-05,0.0009118023837642158
2020-12-24,0.00028555911596537663,3.677509978989419e-05,0.00024878401617548244
2020-12-28,-0.0024274564904612043,9.416497810516705e-08,-0.0024275506554393097
2020-12-29,0.0009389807838420574,6.459528943782277e-07,0.0009383348309476791
2020-12-30,0.0013982461662829957,3.5721364940160745e-07,0.001397888952633594
2020-12-31,0.0015845399414939631,3.677314546280952e-07,0.0015841722100393351
2021-01-04,-0.0002499484383110396,6.089129551247532e-07,-0.00025055735126616437
2021-01-05,0.000918976529918252,2.8431012116211623e-07,0.00091869221979709
2021-01-06,0.001925428527991234,9.0885095205313e-08,0.0019253376428960286
2021-01-07,-7.148108002794876e-05,7.663211564815886e-05,-0.00014811319567610762
2021-01-08,0.0006104318194333429,3.743269050445324e-05,0.0005729991289288897
2021-01-11,-0.00012901721322769441,1.2283424798397586e-07,-0.0001291400474756784
2021-01-12,-0.0025908431225842824,2.3340877842513432e-07,-0.0025910765313627076
2021-01-13,-0.002583816239512426,2.504809757702467e-07,-0.0025840667204881963
2021-01-14,-0.0010499814708836734,3.0822037319559734e-07,-0.001050289691256869
2021-01-15,0.0004288721469706855,5.9799810297897195e-05,0.0003690723366727883
2021-01-19,-0.0008280043715526413,3.946916280557585e-05,-0.0008674735343582172
2021-01-20,-0.0007315343020800641,2.587030000734646e-07,-0.0007317930050801376
2021-01-21,0.0009810828751739137,2.737669461561933e-07,0.0009808091082277575
2021-01-22,0.0010481337258655473,4.0420372739111e-05,0.0010077133531264362
2021-01-25,-0.0005281582005834524,4.094769836887468e-05,-0.0005691058989523272
2021-01-26,0.0005045890588206759,3.756200318706336e-05,0.0004670270556336126
2021-01-27,-0.004645831405753779,3.7406667527093965e-05,-0.004683238073280873
2021-01-28,0.0003355442464594286,3.021944871020898e-06,0.0003325223015884077
2021-01-29,0.0017606487450857445,5.26529736754218e-07,0.0017601222153489902
2021-02-01,5.765699489667926e-05,0.00010092190992654585,-4.3264915029866586e-05
2021-02-02,9.594246893002281e-05,4.0801127663627585e-05,5.514134126639522e-05
2021-02-03,-0.0014971610100186908,1.8328160221419455e-06,-0.0014989938260408329
2021-02-04,0.001173234120006122,1.614598706204947e-06,0.0011716195212999171
2021-02-05,0.000665910130651814,3.6358317230725765e-07,0.0006655465474795068
2021-02-08,0.0018791025244756926,5.693493412590942e-05,0.0018221675903497831
2021-02-09,0.0007494101074118324,4.0125782439612795e-05,0.0007092843249722196
2021-02-10,-0.000972447014094168,6.732336247765037e-07,-0.0009731202477189445
2021-02-11,-0.0022003837566191196,4.292013171245061e-07,-0.002200812957936244
2021-02-12,0.0017522928894715519,4.097196747655108e-05,0.0017113209219950009
2021-02-16,-0.005712197881745522,3.0074035495422113e-05,-0.005742271917240944
2021-02-17,-0.00014953942763017825,3.0422913498901574e-05,-0.00017996234112907983
2021-02-18,-0.0005301879846437193,1.0704756737472329e-06,-0.0005312584603174666
2021-02-19,-0.0010792731174352967,1.595594038065057e-07,-0.0010794326768391032
2021-02-22,0.0023723169352517655,2.9200526124871488e-05,0.002343116409126894
2021-02-23,0.0014824207243962241,2.935864002606303e-05,0.001453062084370161
2021-02-24,-0.001482137573289924,5.6839979395893984e-05,-0.0015389775526858179
2021-02-25,0.0025421157261585592,7.27330412947664e-07,0.0025413883957456115
2021-02-26,-5.7389599985238794e-05,4.06019921358169e-05,-9.79915921210557e-05
2021-03-01,0.001620072954779804,1.3849002033841305e-07,0.0016199344647594657
2021-03-02,-0.0005400018379491832,3.1710055455732094e-07,-0.0005403189385037405
2021-03-03,-0.0004157519646368307,9.218857960027748e-09,-0.00041576118349479077
2021-03-04,-8.905961924500342e-05,2.975148502658634e-07,-8.935713409526929e-05
2021-03-05,9.95862360259898e-05,4.0361123849893295e-05,5.9225112176096506e-05
2021-03-08,-0.005617305990362576,2.82604980699185e-05,-0.005645566488432494
2021-03-09,0.0034310496227986697,4.044994778045419e-05,0.0033905996750182156
2021-03-10,-0.0006766027914797139,5.944961884745137e-07,-0.0006771972876681885
2021-03-11,0.005723238337925171,9.205680982331266e-09,0.0057232291322441885
2021-03-12,-0.00019404422172956476,6.15636938619485e-05,-0.00025560791559151323
2021-03-15,0.0017699517492283615,4.061693162989266e-05,0.0017293348175984689
2021-03-16,0.0005227228782917971,3.955072810686473e-07,0.0005223273710107285
2021-03-17,0.0005908022439925736,6.563524096232787e-09,0.0005907956804684774
2021-03-18,0.000536317784399358,8.273923754394402e-05,0.000453578546855414
2021-03-19,-0.0005550849059316432,1.1724762897572308e-07,-0.000555202153560619
2021-03-22,-0.0006232987416282455,5.0295254674551095e-08,-0.00062334903688292
2021-03-23,0.00040295035415089146,2.9986598289687165e-05,0.0003729637558612043
2021-03-24,0.00044720143270207387,3.8789386428950495e-05,0.0004084120462731234
2021-03-25,-0.0007284797926071833,3.595294761215423e-08,-0.0007285157455547954
2021-03-26,-0.004887695389347064,2.78789243472008e-07,-0.004887974178590536
2021-03-29,-0.0004293283301184337,5.3519879532986854e-05,-0.00048284820965142054
2021-03-30,0.000300506866127929,6.486628669183023e-08,0.0003004419998412372
2021-03-31,-0.0003649524763721759,4.2613110399666365e-05,-0.00040756558677184225
2021-04-01,-0.000699065496300981,3.9354964949697745e-05,-0.0007384204612506788
2021-04-05,-0.0006606470599121761,3.933171197593706e-05,-0.0006999787718881132
2021-04-06,-0.0005956542757777188,2.6434339663258117e-08,-0.0005956807101173821
2021-04-07,0.0007528302146765631,3.4957845731212886e-08,0.0007527952568308319
2021-04-08,-0.0008215006273299924,4.1630716819216695e-05,-0.0008631313441492091
2021-04-09,4.31499026486748e-05,2.0171352664675317e-07,4.294818912202805e-05
2021-04-12,-0.0023285103691890225,2.8347327708614506e-07,-0.0023287938424661086
2021-04-13,-0.00030120315281712137,4.31905326590887e-05,-0.00034439368547621005
2021-04-14,-0.0003355716106164825,8.653161048318373e-05,-0.00042210322109966625
2021-04-15,-0.000751235714458292,2.3710674851106817e-07,-0.0007514728212068031
2021-04-16,-1.3259283675306017e-05,2.5897281008190332e-05,-3.915656468349635e-05
2021-04-19,0.0005060435093975921,6.593999979871597e-07,0.0005053841093996049
2021-04-20,-0.0004010887670808695,8.460003932624266e-05,-0.00048568880640711216
2021-04-21,0.0011941944875528054,4.15375813819438e-08,0.0011941529499714235
2021-04-22,0.0002701248301399578,4.4136881442624706e-05,0.0002259879486973331
2021-04-23,-0.0001917277468911313,4.195599911055106e-05,-0.00023368374600168235
2021-04-26,0.0004924343289183823,8.617050579044373e-07,0.0004915726238604778
2021-04-27,0.00012509817214747594,8.464498083909733e-05,4.0453191308378604e-05
2021-04-28,-0.0013388031553247044,8.279363015691113e-07,-0.0013396310916262736
2021-04-29,-0.0014399043603387498,3.522851796849051e-05,-0.0014751328783072404
2021-04-30,0.0013946898572802968,1.943587238556581e-07,0.001394495498556441
2021-05-03,0.0013370577622430111,1.2494599112385097e-07,0.0013369328162518874
2021-05-04,0.0021445925094561243,4.402723649531539e-05,0.002100565272960809
2021-05-05,0.0008264100326541077,5.3509491719806974e-05,0.0007729005409343007
2021-05-06,0.0008373303726883156,5.765979446642131e-08,0.0008372727128938492
2021-05-07,0.0008298208747681508,1.493305597425783e-07,0.0008296715442084082
2021-05-10,0.0009000125907846102,4.111783230804954e-05,0.0008588947584765607
2021-05-11,-0.0007961935199184991,3.9013730659265303e-05,-0.0008352072505777644
2021-05-12,0.00019047670063237175,4.619009518570096e-05,0.0001442866054466708
2021-05-13,0.0029968942728934153,7.935253581058122e-07,0.0029961007475353095
2021-05-14,0.0003570662514805042,4.6721259266817036e-05,0.00031034499221368713
2021-05-17,-0.0007508523608944427,2.2639477927506244e-07,-0.0007510787556737178
2021-05-18,-0.00040592016571707417,9.54275749359846e-08,-0.00040601559329201016
2021-05-19,-0.0011303026793741929,1.9075747529582154e-07,-0.0011304934368494887
2021-05-20,-0.00039236802775694424,3.523244248938645e-05,-0.0004276004702463307
2021-05-21,0.0003892403883284148,3.239210009316172e-07,0.0003889164673274832
2021-05-24,-0.0007798960485588221,4.4114970774386284e-05,-0.0008240110193332084
2021-05-25,-0.0003352360320347522,4.40473064554428e-08,-0.0003352800793412077
2021-05-26,-0.0009559326108772231,2.270546050925415e-06,-0.0009582031569281486
2021-05-27,0.0007151612292118628,3.187739843016142e-05,0.0006832838307817014
2021-05-28,-0.0058017703458129516,4.902740132389193e-07,-0.00580226061982619
2021-06-01,-0.0011725059822358672,8.157525389320436e-05,-0.0012540812361290716
2021-06-02,-0.00040837299834397265,7.112537574944233e-07,-0.0004090842521014671
2021-06-03,0.00038975253676331526,4.4658990420770305e-05,0.000345093546342545
2021-06-04,0.0009492461676425944,5.604203263112721e-07,0.0009486857473162832
2021-06-07,0.000468237230681862,1.1425579473611433e-07,0.0004681229748871259
2021-06-08,-5.341720718987742e-05,1.1533083469604522e-07,-5.353253802457346e-05
2021-06-09,0.00018387743429129015,3.291903042994158e-05,0.00015095840386134858
2021-06-10,0.0005306667985996794,1.9826234130558564e-07,0.0005304685362583738
2021-06-11,-0.00037970969732465087,7.547274870462567e-05,-0.00045518244602927655
2021-06-14,-0.001167616295595629,1.7590410378133873e-08,-0.001167633886006007
2021-06-15,6.17806644489743e-05,2.9032152136713284e-05,3.274851231226101e-05
2021-06-16,-0.002501356284449916,8.79064941044054e-08,-0.0025014441909440204
2021-06-17,-0.00023595160302922595,8.577771988886735e-07,-0.00023680938022811463
2021-06-18,-0.002290209760460402,1.0556926635374095e-07,-0.002290315329726756
2021-06-21,0.0,5.8243111996723356e-05,-5.8243111996723356e-05
2021-06-22,-6.741778545394209e-05,3.28965471434815e-05,-0.00010031433259742359
2021-06-23,-0.0004563815510954055,1.0154334099905369e-06,-0.00045739698450539604
2021-06-24,-6.826357709936503e-05,6.457516221155917e-08,-6.83281522615766e-05
2021-06-25,0.0002803839547838534,1.7868080818760501e-07,0.00028020527397566584
2021-06-28,-0.0002393311131799788,1.96712471775818e-07,-0.00023952782565175463
2021-06-29,-0.00014935088901695415,6.48506987286461e-08,-0.0001494157397156828
2021-06-30,0.0,3.202857125801938e-05,-3.202857125801938e-05
2021-07-01,0.0,0.0,0.0
2021-07-02,0.0,0.0,0.0
2021-07-06,0.0,0.0,0.0
2021-07-07,-0.0007403198063207865,3.8748160397221156e-05,-0.0007790679667180077
2021-07-08,0.00020080963506874752,5.3756316956629635e-09,0.00020080425943705185
2021-07-09,-0.00040068769650689854,2.383332055147739e-07,-0.0004009260297124133
2021-07-12,0.0,3.851520282340205e-05,-3.851520282340205e-05
2021-07-13,0.0,0.0,0.0
2021-07-14,0.0,0.0,0.0
2021-07-15,0.0,0.0,0.0
2021-07-16,0.0,0.0,0.0
2021-07-19,0.00032321069153158426,3.752286809977662e-05,0.0002856878234318076
2021-07-20,-4.7632511116649907e-05,4.755454136251905e-08,-4.7680065658012424e-05
2021-07-21,0.0016353202247194436,4.231325806185637e-05,0.0015930069666575872
2021-07-22,-0.00044089313249542255,4.3211918986373056e-07,-0.0004413252516852863
2021-07-23,0.0001614787153185732,7.98100059087526e-05,8.16687094098206e-05
2021-07-26,0.0001228576979644283,3.5506277710166985e-05,8.735142025426132e-05
2021-07-27,-0.001587450214700556,3.788466355713824e-07,-0.0015878290613361274
2021-07-28,0.0016002851924803102,6.21217418246979e-07,0.0015996639750620633
2021-07-29,-0.0010555632997511057,7.648328352424155e-05,-0.0011320465832753473
2021-07-30,-0.0017086297559757394,9.492774642759712e-05,-0.0018035575024033365
2021-08-02,0.0008569334148015842,7.355559508590224e-05,0.000783377819715682
2021-08-03,0.0005937012401105424,1.2131070145819656e-07,0.0005935799294090842
2021-08-04,0.0014412440414298385,1.881581481874492e-07,0.001441055883281651
2021-08-05,0.0023678960423215083,2.260176306515777e-06,0.0023656358660149924
2021-08-06,-0.000562123613989098,3.891585781072163e-05,-0.0006010394717998196
2021-08-09,-5.7904074511246247e-05,2.4379767388359176e-08,-5.7928454278634605e-05
2021-08-10,-0.0016687747864856865,3.411000181168931e-05,-0.0017028847882973757
2021-08-11,-0.0008342344018633897,1.6807241245316018e-08,-0.000834251209104635
2021-08-12,0.0014262285124028854,4.607608252695308e-08,0.0014261824363203585
2021-08-13,0.0005284714532018894,3.830457308805332e-05,0.0004901668801138361
2021-08-16,-0.00074063637079116,6.384355620420169e-08,-0.0007407002143473641
2021-08-17,0.0,4.138558095793503e-05,-4.138558095793503e-05
2021-08-18,0.0,0.0,0.0
2021-08-19,0.0,0.0,0.0
2021-08-20,-0.0006083585048815153,3.3372098796708375e-05,-0.0006417306036782237
2021-08-23,0.0012357984536602036,7.262949339656046e-05,0.0011631689602636431
2021-08-24,-0.0005377947597599547,3.3504169763625334e-05,-0.00057129892952358
2021-08-25,-0.00022324771949955936,7.467359666674111e-08,-0.00022332239309622612
2021-08-26,-0.0003185142288052021,1.5697878948251268e-07,-0.00031867120759468463
2021-08-27,0.0015864465125376755,5.0742398700655623e-05,0.0015357041138370198
2021-08-30,0.0009567043423199865,3.705335746900176e-05,0.0009196509848509848
2021-08-31,0.0002513552235854838,1.732552627494395e-06,0.00024962267095798943
2021-09-01,-6.029092006471834e-06,3.9011680616637136e-05,-4.504077262310897e-05
2021-09-02,0.00036622619767791466,2.546993675759876e-08,0.00036620072774115706
2021-09-03,-0.0007575410761367649,1.5327836432019874e-08,-0.000757556403973197
2021-09-07,0.0005347264790884695,1.4459622335067854e-07,0.0005345818828651189
2021-09-08,0.0008837343079705216,3.198398111199548e-07,0.0008834144681594017
2021-09-09,0.0003507093482276293,5.063205531853611e-05,0.0003000772929090932
2021-09-10,-0.0013156548965921303,7.026361131804503e-05,-0.0013859185079101754
2021-09-13,-0.0028413784046773414,3.2710611442397646e-05,-0.002874089016119739
2021-09-14,0.0002773819624214819,3.44764016887079e-05,0.000242905560732774
2021-09-15,-0.0008641036725020213,5.1639810886387074e-05,-0.0009157434833884083
2021-09-16,0.00036046394012958203,7.920656456911288e-05,0.00028125737556046915
2021-09-17,-0.0020261728108226336,5.423507605173301e-07,-0.002026715161583151
2021-09-20,0.0015729627118801453,3.740620332002312e-05,0.0015355565085601222
2021-09-21,0.00021421251655204105,3.1285191428227845e-06,0.00021108399740921827
2021-09-22,0.000259712409204136,6.953160250642785e-08,0.0002596428776016296
2021-09-23,-0.0005427081681932576,8.524690223614927e-07,-0.0005435606372156191
2021-09-24,-0.001755988983449362,3.596991770820724e-05,-0.0017919589011575693
2021-09-27,1.3033123084425866e-06,3.4732621266273736e-05,-3.342930895783115e-05
2021-09-28,-0.001837308368415266,8.721442980996728e-05,-0.0019245227982252332
2021-09-29,-9.546549235915885e-05,5.9182306944298385e-05,-0.00015464779930345724
2021-09-30,-0.00014367410197589002,1.5663342045961134e-07,-0.00014383073539634962
2021-10-01,0.0004454431828232498,5.308980306676856e-08,0.00044539009302018307
2021-10-04,-0.0007443791937664374,2.2652306829323148e-07,-0.0007446057168347306
2021-10-05,0.0006771023075073712,6.167717461764907e-07,0.0006764855357611947
2021-10-06,0.0006578132142058121,4.032405908707681e-08,0.000657772890146725
2021-10-07,0.0005623849165888547,5.397889966150311e-05,0.0005084060169273515
2021-10-08,-0.0003133170061726667,2.6097237655295023e-07,-0.0003135779785492196
2021-10-11,-0.001116652883909144,3.148025202461954e-05,-0.0011481331359337636
2021-10-12,-0.0014201852785513795,9.160878749428329e-08,-0.0014202768873388736
2021-10-13,0.0005707708459325605,4.176566184934446e-07,0.000570353189314067
2021-10-14,0.00235809270476879,7.246131875165152e-07,0.0023573680915812737
2021-10-15,-3.1416469381901306e-05,1.8198447748098214e-06,-3.323631415671113e-05
2021-10-18,-0.0007427986635343351,3.564061502263707e-05,-0.0007784392785569722
2021-10-19,0.00015048742162290785,1.2522783831437649e-06,0.00014923514323976407
2021-10-20,0.0006454262537683213,8.318329787446697e-08,0.0006453430704704468
2021-10-21,-0.00030341303779360916,8.360355051630075e-08,-0.0003034966413441255
2021-10-22,-0.0015046088023517052,3.894559683821717e-08,-0.0015046477479485434
2021-10-25,7.709430257130959e-05,3.461697033908249e-05,4.24773322322271e-05
2021-10-26,-0.00015797522170069665,6.791436259182167e-08,-0.00015804313606328848
2021-10-27,0.0009415488650952782,4.714302807314758e-05,0.0008944058370221307
2021-10-28,-0.0005751389637016459,5.7997591227282166e-05,-0.0006331365549289281
2021-10-29,-0.0014927881345275788,1.1782187619328172e-07,-0.001492905956403772
2021-11-01,0.0004571443121767911,2.3598647531652973e-08,0.00045712071352925943
2021-11-02,0.00028550896663765443,1.572476617116986e-08,0.0002854932418714833
2021-11-03,0.0006616457173462651,5.464699780243069e-05,0.0006069987195438343
2021-11-04,-0.013708931071905732,7.559252619735067e-05,-0.013784523598103083
2021-11-05,0.0012622867917386244,8.112234108724811e-05,0.0011811644506513762
2021-11-08,-0.0045499139504786654,3.761822029661085e-05,-0.004587532170775276
2021-11-09,0.0002380583429204269,4.648240474366457e-07,0.00023759351887299026
2021-11-10,0.0018870339919846442,4.6668924209838754e-07,0.0018865673027425457
2021-11-11,-0.0024157841203671804,2.0051794003911155e-06,-0.0024177892997675715
2021-11-12,-0.0002096162827485181,8.725726565838449e-08,-0.0002097035400141765
2021-11-15,0.0004939084143887441,1.4002785341508083e-07,0.000493768386535329
2021-11-16,-0.0014266264424078411,4.148363137813915e-09,-0.001426630590770979
2021-11-17,0.0008186931719054252,4.4758333039478585e-07,0.0008182455885750304
2021-11-18,-0.0003840078164039813,7.647609049353694e-08,-0.00038408429249447485
2021-11-19,-0.00028990595790346073,5.688422330739513e-05,-0.00034679018121085587
2021-11-22,0.0005064396780707187,1.8237848051810315e-07,0.0005062572995902006
2021-11-23,-0.0017521712826637352,5.257804589107975e-05,-0.0018047493285548149
2021-11-24,0.0002912835933346705,3.049357578571742e-05,0.00026079001754895307
2021-11-26,3.52042121139826e-06,3.5380832378616435e-05,-3.1860411167218176e-05
2021-11-29,0.0004307597008347034,1.570153383432006e-07,0.0004306026854963602
2021-11-30,-0.003534964752097854,3.7019129022418387e-07,-0.003535334943388078
2021-12-01,-0.0002316199846643486,7.576900178806248e-05,-0.0003073889864524111
2021-12-02,0.0009950421811187405,3.722184643073908e-05,0.0009578203346880013
2021-12-03,-0.00021429324749676793,3.710914881272282e-05,-0.0002514023963094907
2021-12-06,-0.000595138599100008,0.00010095182800696477,-0.0006960904271069728
2021-12-07,0.0004950550117000773,3.590574193329486e-05,0.00045914926976678243
2021-12-08,0.00016518076074117653,3.720808646839821e-05,0.0001279726742727783
2021-12-09,0.000155535874236841,3.600952208786604e-08,0.00015549986471475314
2021-12-10,-0.00153236811156787,4.1656510140493415e-05,-0.0015740246217083634
2021-12-13,0.001474759523971781,3.151718630146658e-05,0.0014432423376703144
2021-12-14,-0.0006405935111391044,4.259523720915681e-05,-0.0006831887483482612
2021-12-15,-0.0022084459561209743,4.366244171534944e-05,-0.002252108397836324
2021-12-16,-0.00583350294195327,3.716073934082906e-05,-0.005870663681294098
2021-12-17,-0.0007722196991541138,3.8526621327124655e-06,-0.0007760723612868262
2021-12-20,-0.0003345698315781838,4.532816359488591e-05,-0.00037989799517306974
2021-12-21,0.0002488838226282289,4.5080277975347893e-08,0.00024883874235025357
2021-12-22,0.0003122357844761821,7.287423196240209e-08,0.0003121629102442197
2021-12-23,-0.0006484323653282844,3.514800554043332e-05,-0.0006835803708687177
2021-12-27,-0.0005776458668668186,6.4893561731310665e-09,-0.0005776523562229916
2021-12-28,-0.000453024597133581,2.9379802962802488e-05,-0.00048240440009638346
2021-12-29,-0.0001818507864945973,4.358093440552033e-07,-0.0001822865958386525
2021-12-30,-0.00021731474191269981,5.067462779322629e-07,-0.00021782148819063209
2021-12-31,-0.00036374360881584353,3.68076188540463e-05,-0.00040055122766988985
2022-01-03,0.00021331587363037865,4.97302817777448e-08,0.0002132661433486009
2022-01-04,0.0005865080145735801,3.5091418295540214e-05,0.0005514165962780398
2022-01-05,-0.002070903020175013,2.87397120688742e-08,-0.002070931759887082
2022-01-06,-0.00018641058122196292,1.7605092326866968e-06,-0.00018817109045464963
2022-01-07,0.0012315766081972999,2.5530314315920687e-07,0.0012313213050541406
2022-01-10,-0.0016262796825308404,3.467550478265142e-05,-0.001660955187313492
2022-01-11,-0.00044695076278096686,4.785021896929875e-07,-0.00044742926497065984
2022-01-12,0.0,3.267678418403819e-05,-3.267678418403819e-05
2022-01-13,0.0,0.0,0.0
2022-01-14,-0.0006040445896574255,3.4887681458116024e-05,-0.0006389322711155415
2022-01-18,0.0007939715524881549,1.3007860923902777e-07,0.0007938414738789159
2022-01-19,0.0008195019260497806,8.739011890250906e-08,0.0008194145359308781
2022-01-20,0.0011133959368954634,1.0852620201093344e-07,0.0011132874106934525
2022-01-21,-0.0008223430732680355,4.2154479786652346e-05,-0.0008644975530546879
2022-01-24,0.0006966636388358617,3.1363727944067574e-07,0.0006963500015564211
2022-01-25,0.00020855501886553118,5.504444545030227e-08,0.00020849997442008088
2022-01-26,-0.0008579942265336787,1.6158335365228788e-07,-0.000858155809887331
2022-01-27,-0.0015289483674619563,3.5100534859294684e-05,-0.0015640489023212509
2022-01-28,0.00021842414190013514,1.8139485976315097e-07,0.00021824274704037197
2022-01-31,0.0017978703999425895,1.002411390355163e-06,0.0017968679885522344
2022-02-01,0.00030179327961721476,2.6004881265756855e-07,0.0003015332308045572
2022-02-02,0.0027813188002115347,1.262884555361431e-06,0.0027800559156561733
2022-02-03,-0.0015591139925057193,1.8017038841649895e-07,-0.0015592941628941358
2022-02-04,-2.47460089755647e-05,3.149745893773828e-07,-2.506098356494208e-05
2022-02-07,-0.0010232191353408743,5.40980275461761e-10,-0.0010232196763211498
2022-02-08,0.0006036432079825083,2.1327367060535243e-07,0.000603429934311903
2022-02-09,0.0007921436556078888,6.260974426728142e-08,0.0007920810458636215
2022-02-10,-0.0019240033377600954,1.3705966818898867e-07,-0.0019241403974282843
2022-02-11,-0.000423419633922246,3.972979528934062e-05,-0.0004631494292115866
2022-02-14,0.0005111589171758828,2.582238571143276e-07,0.0005109006933187685
2022-02-15,0.001086580833922464,3.171130379110106e-05,0.001054869530131363
2022-02-16,0.00039171947011330463,4.89571452461358e-05,0.00034276232486716885
2022-02-17,0.005463964640976732,2.6866647117317413e-07,0.005463695974505559
2022-02-18,0.0037684322525343263,1.3908396713493178e-06,0.003767041412862977
2022-02-22,-7.2123812586125016e-06,3.188515091694085e-05,-3.909753217555335e-05
2022-02-23,0.0005096301781678675,7.025563455134838e-05,0.00043937454361651907
2022-02-24,-0.001926486501777942,4.1863672382842447e-05,-0.0019683501741607845
2022-02-25,-0.0009061221147584834,8.480396798748255e-05,-0.000990926082745966
2022-02-28,-0.0017212623535958454,4.185052344449208e-05,-0.0017631128770403375
2022-03-01,0.0028571637993493686,4.2681637935600714e-05,0.002814482161413768
2022-03-02,0.0004833217632428323,4.255640750630212e-05,0.0004407653557365302
2022-03-03,0.00328038641633927,3.2903064431001116e-05,0.003247483351908269
2022-03-04,0.0009052368843714355,4.748546658313117e-05,0.0008577514177883043
2022-03-07,0.003242007374087649,3.505834982930295e-05,0.0032069490242583464
2022-03-08,-0.0011061043421253165,4.1688549704781434e-05,-0.001147792891830098
2022-03-09,-0.0019622435990198153,2.3188583975092617e-07,-0.001962475484859566
2022-03-10,-0.0015965777407019994,7.518357417898545e-07,-0.0015973295764437892
2022-03-11,-0.0007424554814986343,3.252859652787681e-05,-0.0007749840780265111
2022-03-14,-0.0029573309688607254,4.930804027514587e-05,-0.003006639009135871
2022-03-15,-0.003949791731729279,3.5719362950498975e-05,-0.003985511094679778
2022-03-16,-9.589944630202137e-06,4.3667327287347005e-05,-5.325727191754914e-05
2022-03-17,-0.0007160480848203604,8.827314432977886e-07,-0.0007169308162636582
2022-03-18,-0.0004196073657087412,3.2727481374308904e-05,-0.00045233484708305006
2022-03-21,-5.6589520821461e-05,3.981238783797025e-08,-5.662933320929897e-05
2022-03-22,-0.0006908405238968007,2.272185057346915e-08,-0.0006908632457473742
2022-03-23,0.0009636037583102662,1.703565632643622e-08,0.0009635867226539397
2022-03-24,-0.00013495696462486088,3.527572248566983e-05,-0.00017023268711053072
2022-03-25,0.0,3.7254679911851415e-05,-3.7254679911851415e-05
2022-03-28,0.0,0.0,0.0
2022-03-29,0.0,0.0,0.0
2022-03-30,0.0,0.0,0.0
2022-03-31,0.0,0.0,0.0
2022-04-01,-0.0003988011643801642,4.692462236734475e-05,-0.00044572578674750894
2022-04-04,0.00024600636918146904,3.250462070134713e-08,0.0002459738645607677
2022-04-05,-0.0007784107700340125,7.307360076691875e-08,-0.0007784838436347794
2022-04-06,-0.0004574328147833378,1.1940988983065102e-07,-0.0004575522246731685
2022-04-07,-4.2810520289631425e-05,1.6683511654376135e-07,-4.2977355406175185e-05
2022-04-08,-0.0007268388401929513,1.4818086246344216e-07,-0.0007269870210554147
2022-04-11,-0.0002901452089545537,4.048754506212815e-05,-0.00033063275401668186
2022-04-12,-0.00023554178637895588,8.71563827696941e-08,-0.00023562894276172558
2022-04-13,0.0007256283289400261,3.123353710045125e-05,0.0006943947918395749
2022-04-14,-0.0014919376123348478,1.796652161769035e-07,-0.0014921172775510248
2022-04-18,-0.0002878036410848886,3.0654159578816926e-08,-0.00028783429524446743
2022-04-19,0.0005875312877977009,2.532787155313399e-07,0.0005872780090821696
2022-04-20,0.00038595784996392203,3.488176482521378e-05,0.00035107608513870823
2022-04-21,-0.0005121490995155325,3.0936155431595264e-05,-0.0005430852549471278
2022-04-22,0.00011780953060529025,4.059882463281445e-05,7.721070597247579e-05
2022-04-25,0.0010525193710675387,4.918358063487405e-05,0.0010033357904326646
2022-04-26,-0.0011268704564423807,2.81314380627673e-08,-0.0011268985878804434
2022-04-27,-0.0004020368670920348,6.715624578583352e-07,-0.00040270842954989315
2022-04-28,0.0038452106572932168,0.0001258869134441622,0.0037193237438490545
2022-04-29,-0.003992626089733429,7.796976457331846e-05,-0.0040705958543067475
2022-05-02,0.005997740650653499,9.102078163054916e-07,0.005996830442837193
2022-05-03,0.0009149565758897537,8.766244142148502e-05,0.0008272941344682687
2022-05-04,0.0009540491848664337,3.7157622478734746e-05,0.0009168915623876989
2022-05-05,-0.0019289832553626176,1.4657257495943183e-07,-0.001929129827937577
2022-05-06,-0.0001437451975427796,3.3606698218546435e-07,-0.00014408126452496506
2022-05-09,-0.0021440763726439313,2.8719128870371633e-07,-0.0021443635639326352
2022-05-10,0.00020229353502280593,4.784495807318534e-05,0.0001544485769496206
2022-05-11,0.001961687431297987,0.00010771081681589191,0.0018539766144820952
2022-05-12,-0.003384891105263195,3.68254925193227e-05,-0.0034217165977825175
2022-05-13,-0.0012018210056114545,3.897462162564848e-07,-0.001202210751827711
2022-05-16,0.0003986287298052603,3.772656467516045e-05,0.0003609021651300999
2022-05-17,-0.0007816306927248567,3.368038893559405e-05,-0.0008153110816604507
2022-05-18,-0.0008070231160621274,5.54097422374776e-05,-0.000862432858299605
2022-05-19,0.00038189102318413845,2.9526296995325065e-07,0.0003815957602141852
2022-05-20,0.002125879113961445,8.319525189605896e-05,0.002042683862065386
2022-05-23,0.0026566316251048208,5.098413503324806e-05,0.0026056474900715727
2022-05-24,0.0014875355593701326,7.139070716784851e-05,0.001416144852202284
2022-05-25,0.00020301556401711504,3.7424644728472676e-05,0.00016559091928864235
2022-05-26,0.0021879278702772635,1.3663993787007764e-07,0.0021877912303393935
2022-05-27,0.001683837876851587,5.7538283758946235e-08,0.0016837803385678282
2022-05-31,-0.0024269135691323052,3.6793788514298294e-05,-0.0024637073576466036
2022-06-01,0.004872740465672233,7.971750308887993e-05,0.004793022962583353
2022-06-02,0.0008546648536986403,3.87965613090662e-05,0.0008158682923895741
2022-06-03,-0.0007137120519981214,5.250102725598853e-05,-0.00076621307925411
2022-06-06,0.0012203653895559244,1.9482323117722864e-07,0.001220170566324747
2022-06-07,5.854579315621287e-05,5.066669884366374e-05,7.879094312549134e-06
2022-06-08,-0.005082061988172067,3.6822878511368145e-05,-0.005118884866683436
2022-06-09,-0.002415764725406034,3.638382970815521e-07,-0.0024161285637031155
2022-06-10,0.0004831549264699786,3.671117146517665e-05,0.00044644375500480193
2022-06-13,0.0015089198453115734,3.734925865916741e-07,0.0015085463527249818
2022-06-14,0.0007871379746257467,3.385708387532436e-05,0.0007532808907504224
2022-06-15,0.001155066574496617,3.44736633176027e-05,0.0011205929111790143
2022-06-16,8.8867325861449e-06,3.480660856627405e-05,-2.5919875980129153e-05
2022-06-17,-0.0025468771862522596,4.719259685257084e-05,-0.0025940697831048306
2022-06-21,-0.001072470313800854,3.413937535821527e-05,-0.0011066096891590694
2022-06-22,-0.0009015707165820664,3.675143781222523e-05,-0.0009383221543942916
2022-06-23,-0.001527163156198147,3.690536608888573e-05,-0.001564068522287033
2022-06-24,-0.0008419172239199187,3.9553604238706086e-05,-0.0008814708281586248
2022-06-27,0.0008368388926122529,1.6805474966311885e-07,0.0008366708378625898
2022-06-28,0.001849119666065054,3.266147382000213e-08,0.001849087004591234
2022-06-29,-0.0007583645173293966,3.2354216671682743e-07,-0.0007586880594961134
2022-06-30,0.0006387666832011709,4.631135461388915e-05,0.0005924553285872817
2022-07-01,-0.0028585709177231674,1.0510288439019751e-07,-0.0028586760206075574
2022-07-05,-0.0008794509689032174,0.00010678845562704488,-0.0009862394245302622
2022-07-06,-4.150373359361698e-05,1.7528839308136173e-08,-4.1521262432925113e-05
2022-07-07,0.00033998770736267086,2.388168548020375e-08,0.00033996382567719067
2022-07-08,0.00012918453636212492,2.058789093050198e-07,0.0001289786574528199
2022-07-11,0.0006008551784577736,3.801323124632295e-05,0.0005628419472114507
2022-07-12,0.0016335782601876812,2.3406386302750326e-08,0.0016335548538013785
2022-07-13,0.0002800653143180551,3.669033468178248e-05,0.00024337497963627263
2022-07-14,-0.00018987705919959794,8.584651825758669e-08,-0.00018996290571785551
2022-07-15,-0.0004930855783814856,5.4513939572003016e-05,-0.0005475995179534887
2022-07-18,0.0020351052082774714,4.461734195469595e-05,0.0019904878663227757
2022-07-19,0.00014689687941264366,3.657010011918191e-05,0.00011032677929346174
2022-07-20,0.00029969071223083423,1.3629746903899218e-07,0.0002995544147617952
2022-07-21,-0.0009016272863712161,4.587472041719998e-05,-0.0009475020067884161
2022-07-22,-0.0003186468129707849,3.4466394042487264e-05,-0.00035311320701327214
2022-07-25,0.00045285004067773346,3.145237596905784e-07,0.0004525355169180429
2022-07-26,-0.0007781896406862702,4.605310890822168e-05,-0.0008242427495944918
2022-07-27,0.0027688155730383824,3.9732971844000205e-05,0.0027290826011943823
2022-07-28,0.004830159979564508,1.4434583059513024e-06,0.0048287165212585565
2022-07-29,-0.00015822231319680255,5.0650913791206316e-05,-0.00020887322698800886
2022-08-01,0.0028034854832336693,3.708433994213363e-05,0.0027664011432915357
2022-08-02,0.001344678549103897,3.420351916152289e-05,0.0013104750299423743
2022-08-03,0.00012459857277201261,6.040115126140892e-05,6.419742151060369e-05
2022-08-04,2.8628768154871848e-05,3.0380016629033905e-07,2.8324967988581508e-05
2022-08-05,0.00025835258246318174,3.475876887401654e-05,0.0002235938135891652
2022-08-08,-0.0006024452787400873,5.031382670730426e-05,-0.0006527591054473915
2022-08-09,-0.003188804206216083,4.611352686813718e-05,-0.0032349177330842204
2022-08-10,0.0026297710633381944,2.7302972699202314e-07,0.0026294980336112024
2022-08-11,0.00011389025919391314,2.233716915770595e-07,0.00011366688750233609
2022-08-12,0.001724344150287613,5.7461477067562264e-05,0.0016668826732200506
2022-08-15,0.0010672167752141545,3.4598533472870686e-05,0.0010326182417412838
2022-08-16,-0.000955505871549478,2.6040675010558303e-07,-0.0009557662782995836
2022-08-17,3.816472470859905e-05,1.564275643016623e-06,3.6600449065582424e-05
2022-08-18,-0.001148078518446051,3.547946520961775e-05,-0.0011835579836556686
2022-08-19,-0.003065469506498668,3.202539775392283e-05,-0.003097494904252591
2022-08-22,-0.003451910551408037,4.744831726776616e-08,-0.003451957999725305
2022-08-23,0.00010172146822073083,6.015188313680115e-08,0.00010166131633759403
2022-08-24,0.0013920298565225375,4.105370445933038e-08,0.0013919888028180781
2022-08-25,0.0002624979628893071,5.624365427005507e-07,0.0002619355263466066
2022-08-26,1.7010817655764325e-05,0.0001250881939634871,-0.00010807737630772276
2022-08-29,-0.00018568581810001215,3.955390374227465e-05,-0.0002252397218422868
2022-08-30,5.240632701521028e-05,9.125042293630492e-07,5.149382278584723e-05
2022-08-31,-2.161940012883638e-05,1.717487648171291e-07,-2.179114889365351e-05
2022-09-01,-0.0004341287121889374,3.1004660906466115e-08,-0.0004341597168498439
2022-09-02,-0.0006739983151272657,8.407147341435809e-05,-0.0007580697885416238
2022-09-06,-0.0006766852819609629,3.6962797655491276e-05,-0.0007136480796164542
2022-09-07,0.00027221841130366253,3.875005863464112e-05,0.0002334683526690214
2022-09-08,0.00026967216418400216,2.8513250507526676e-07,0.0002693870316789269
2022-09-09,0.000707501103875585,4.915097575577468e-07,0.0007070095941180273
2022-09-12,-0.00036567297235303966,3.8725536561825284e-05,-0.00040439850891486493
2022-09-13,-0.0009817277431713564,2.0802965645054518e-07,-0.000981935772827807
2022-09-14,0.002852163912014331,5.6334243190864696e-05,0.002795829668823466
2022-09-15,-0.00014351084382960223,6.94572235593996e-05,-0.00021296806738900183
2022-09-16,-0.0009128834090591175,7.468170357022084e-05,-0.0009875651126293383
2022-09-19,0.0006217837521908429,8.952367335064283e-05,0.0005322600788402001
2022-09-20,-0.0012069875373817006,2.7717427302264773e-07,-0.0012072647116547232
2022-09-21,0.00019597581344909121,3.7780746926876246e-05,0.00015819506652221495
2022-09-22,-0.0003183345795640061,3.733058210329058e-05,-0.00035566516166729665
2022-09-23,-0.0011254312579271992,4.359771329814307e-05,-0.0011690289712253422
2022-09-26,-0.0012584770506535578,3.24002984635025e-05,-0.0012908773491170603
2022-09-27,0.0003071777772109078,1.794025712300758e-07,0.0003069983746396777
2022-09-28,0.0012512520131928526,3.952443721869752e-05,0.0012117275759741552
2022-09-29,-0.001746900895857727,5.047086957570539e-05,-0.0017973717654334324
2022-09-30,5.417416863820785e-05,3.824127299316491e-05,1.5932895645042943e-05
2022-10-03,0.0003256884786668569,5.816929897041762e-07,0.0003251067856771527
2022-10-04,-0.0019271560870863002,2.7747732506562193e-08,-0.0019271838348188068
2022-10-05,-0.0001131980871852395,1.2089561826650833e-06,-0.0001144070433679046
2022-10-06,0.00039862892965494915,7.908812254539197e-07,0.00039783804842949525
2022-10-07,-0.004706001413888157,1.3455437716629326e-09,-0.004706002759431929
2022-10-10,0.002420022163669689,1.8733884304957693e-06,0.0024181487752391933
2022-10-11,0.0014057497936425147,3.743751029003234e-07,0.0014053754185396144
2022-10-12,0.000409246613510453,5.886637586445224e-05,0.00035038023764600077
2022-10-13,-0.001648056946535707,3.671872471578609e-05,-0.001684775671251493
2022-10-14,0.00013940873856904006,1.2775127719107452e-08,0.00013939596344132095
2022-10-17,-0.0014400384169118278,1.9639001692658975e-07,-0.0014402348069287544
2022-10-18,-0.0007280584264449631,5.0496081343078593e-05,-0.0007785545077880416
2022-10-19,0.00043304833132830816,7.627958412727684e-05,0.00035676874720103134
2022-10-20,-0.0004178713778081896,1.7360297152607325e-08,-0.00041788873810534225
2022-10-21,0.0017328608728160214,3.857168544834033e-05,0.0016942891873676811
2022-10-24,-8.153085367720912e-05,0.0001232039660325272,-0.00020473481970973632
2022-10-25,0.0005249025796555238,4.647045180928167e-07,0.000524437875137431
2022-10-26,-0.001397888482477227,3.868602493137233e-05,-0.0014365745074085992
2022-10-27,-0.004036656286422614,8.404741451623053e-05,-0.004120703700938845
2022-10-28,0.0034341373323869733,3.416636995726897e-05,0.0033999709624297045
2022-10-31,-0.0008759832769231678,3.7134527757115984e-05,-0.0009131178046802837
2022-11-01,-0.0013603925527892918,6.399038679416256e-08,-0.0013604565431760858
2022-11-02,0.0003138863858788101,8.680870833206767e-05,0.00022707767754674246
2022-11-03,0.00024605998900458187,7.74995101333227e-08,0.00024598248949444856
2022-11-04,0.0003906962393539393,3.964852627685011e-05,0.0003510477130770892
2022-11-07,0.0013620127513855637,9.004372162260167e-08,0.0013619227076639411
2022-11-08,0.0009287601314921556,2.5190792347768584e-07,0.000928508223568678
2022-11-09,0.00048385301008044035,5.35398418240733e-05,0.00043031316825636705
2022-11-10,-0.001760961324652077,3.985951360112975e-05,-0.0018008208382532067
2022-11-11,-0.000694387914519895,2.586560278526051e-07,-0.0006946465705477477
2022-11-14,0.00025528751642727056,5.602310754682961e-08,0.00025523149331972374
2022-11-15,-0.0007754433855394604,1.3272107723897448e-09,-0.0007754447127502328
2022-11-16,0.0008782331538245407,5.1303343324283003e-08,0.0008781818504812165
2022-11-17,-4.561493882210132e-06,6.126463451288158e-08,-4.622758516723014e-06
2022-11-18,-1.2392917452106242e-06,4.401072996224076e-05,-4.5250021707451384e-05
2022-11-21,-0.0001377498118751015,3.13535217345548e-07,-0.00013806334709244702
2022-11-22,-0.000908056150219251,3.836532686296282e-05,-0.0009464214770822138
2022-11-23,0.00021406562753847316,7.883378362820785e-08,0.00021398679375484497
2022-11-25,0.0013366731354469271,1.0502692816521247e-07,0.001336568108518762
2022-11-28,0.0013792783937945047,4.684809305546822e-08,0.0013792315457014492
2022-11-29,-0.00015984897625055566,5.586048453023914e-05,-0.0002157094607807948
2022-11-30,0.0,3.711664169575736e-05,-3.711664169575736e-05
2022-12-01,0.0,0.0,0.0
2022-12-02,-0.0006850054254747573,3.8050623966795885e-05,-0.0007230560494415532
2022-12-05,-0.0033815128133669256,4.607970502893549e-09,-0.0033815174213374286
2022-12-06,0.0003281573820715176,2.4126436269206533e-07,0.0003279161177088255
2022-12-07,-0.0009249032711929985,2.001985516949939e-07,-0.0009251034697446935
2022-12-08,-0.0005700320067077745,3.401459773235329e-07,-0.000570372152685098
2022-12-09,0.0,3.8427227784613596e-05,-3.8427227784613596e-05
2022-12-12,0.0,0.0,0.0
2022-12-13,0.0,0.0,0.0
2022-12-14,0.0,0.0,0.0
2022-12-15,0.0,0.0,0.0
2022-12-16,0.0,0.0,0.0
2022-12-19,0.0,0.0,0.0
2022-12-20,0.0,0.0,0.0
2022-12-21,0.0,0.0,0.0
2022-12-22,0.0,0.0,0.0
2022-12-23,0.0,0.0,0.0
2022-12-27,0.0,0.0,0.0
2022-12-28,0.0,0.0,0.0
2022-12-29,-0.0006698688825917992,3.840140964161968e-05,-0.0007082702922334189
2022-12-30,0.00021083042811163898,2.4871799508224478e-08,0.00021080555631213075
2023-01-03,-0.0002058699889169347,4.654650879041405e-09,-0.00020587464356781372
2023-01-04,0.0023058790994935894,4.005538615074224e-08,0.0023058390441074387
2023-01-05,0.00034674094751751183,5.234961999788859e-05,0.00029439132751962326
2023-01-06,-0.0031103140984783256,3.7176607876673264e-05,-0.003147490706354999
2023-01-09,-0.00021735946150433201,3.58671100150231e-05,-0.0002532265715193551
2023-01-10,-0.001222154164039533,8.379165700057867e-08,-0.0012222379556965336
2023-01-11,-0.00012218619907770185,4.375205542542227e-09,-0.00012219057428324438
2023-01-12,-0.0012872799384696359,1.776173208151155e-07,-0.001287457555790451
2023-01-13,0.001019447757567333,3.4792409430088555e-05,0.0009846553481372444
2023-01-17,0.00021242702587526745,3.156677396533255e-05,0.00018086025190993491
2023-01-18,-0.00220871029077694,3.792243003632639e-05,-0.0022466327208132664
2023-01-19,0.0011814254631537968,3.5314127656577155e-07,0.001181072321877231
2023-01-20,-0.0008916986154588488,2.9747895746951105e-05,-0.0009214465112057999
2023-01-23,-0.0016497065348783134,8.438402536856216e-05,-0.0017340905602468756
2023-01-24,0.0005294884391930317,4.3250205566339875e-09,0.0005294841141724751
2023-01-25,-0.0012582834170034394,9.44293582680316e-08,-0.0012583778463617075
2023-01-26,-0.003148969277075146,5.200607112536806e-05,-0.003200975348200514
2023-01-27,-0.0009440461248557772,6.64147712269152e-07,-0.0009447102725680463
2023-01-30,-0.0012750520231423427,3.6868640945566614e-05,-0.0013119206640879093
2023-01-31,0.0013452222671000989,3.869421562586674e-05,0.0013065280514742322
2023-02-01,0.002395595048840178,7.067558784390124e-08,0.002395524373252334
2023-02-02,8.963887181759334e-06,4.400543010638307e-05,-3.5041542924623735e-05
2023-02-03,-0.0008341608572096842,3.992453356616193e-05,-0.0008740853907758462
2023-02-06,0.0009007497946471622,5.0442828883833053e-05,0.0008503069657633291
2023-02-07,-0.0002752550426839591,1.3691443388722576e-07,-0.0002753919571178463
2023-02-08,-0.0027329931878581513,3.046634630154647e-07,-0.0027332978513211668
2023-02-09,0.00027612434700171197,2.948856911726707e-05,0.0002466357778844449
2023-02-10,0.0007757389395405966,5.5533468703352147e-08,0.0007756834060718932
2023-02-13,-0.00011619640086532628,5.9508920208449127e-05,-0.0001757053210737754
2023-02-14,0.0002777013538146361,5.1618854717760814e-05,0.0002260824990968753
2023-02-15,-0.0003766607097159559,9.289707722031846e-08,-0.0003767536067931762
2023-02-16,-0.0010175269098726492,2.627044136423e-08,-0.0010175531803140133
2023-02-17,-0.000832507250653662,1.7043571326677032e-07,-0.0008326776863669288
2023-02-21,-0.000836945309338735,5.39854589542612e-08,-0.0008369992947976894
2023-02-22,0.0003273533399221354,2.8935300746222097e-08,0.0003273244046213892
2023-02-23,-0.0006565230189851255,4.432829611713575e-08,-0.0006565673472812427
2023-02-24,-5.9083709486682e-05,8.655519362992911e-05,-0.0001456389031166111
2023-02-27,-0.00020290698182770089,3.847723588359941e-08,-0.00020294545906358448
2023-02-28,0.0005047955525056495,6.4124348984791195e-09,0.000504789140070751
2023-03-01,0.0007625381857396286,8.931872734184201e-07,0.0007616449984662102
2023-03-02,-0.0007277242977725446,7.771519897871102e-08,-0.0007278020129715233
2023-03-03,-0.00016171631390305427,7.088101417018419e-08,-0.00016178719491722447
2023-03-06,0.0009435013956102388,2.1288168300459195e-07,0.0009432885139272342
2023-03-07,-0.000969605382507015,8.918876163384916e-05,-0.0010587941441408642
2023-03-08,0.0005953077526615038,9.9048246005682e-08,0.0005952087044154981
2023-03-09,-0.0010725967598322677,4.634566870870209e-05,-0.0011189424285409698
2023-03-10,-0.00028436802696023896,3.3245870596554547e-07,-0.0002847004856662045
2023-03-13,0.0001385287316227421,6.848378540238662e-08,0.00013846024783733973
2023-03-14,-0.0019998757991929773,1.118615953287494e-07,-0.001999987660788306
2023-03-15,-0.0017080137249102301,4.076262990052489e-07,-0.0017084213512092354
2023-03-16,-0.0037174095389632443,7.9049997344536e-05,-0.00379645953630778
2023-03-17,-0.0013213144867033999,8.050199942488331e-07,-0.0013221195066976488
2023-03-20,0.0018703637189183778,1.7929444098756244e-07,0.0018701844244773903
2023-03-21,0.0007675305214778735,7.240199691539718e-08,0.0007674581194809581
2023-03-22,-0.0013155740642784549,1.693981022249033e-07,-0.0013157434623806798
2023-03-23,-0.0011801555869690402,7.997813720935915e-07,-0.0011809553683411339
2023-03-24,0.0008416487525849015,1.8853093288716262e-08,0.0008416298994916128
2023-03-27,0.0008824322695021196,2.1302745388307455e-08,0.0008824109667567312
2023-03-28,0.0009372845632005843,5.63656721228642e-07,0.0009367209064793556
2023-03-29,-0.0003578297832537618,4.72200051317801e-05,-0.0004050497883855419
2023-03-30,-0.0002991550507598124,9.129406864940953e-08,-0.00029924634482846177
2023-03-31,-0.00033536817938373584,1.4082567799371913e-07,-0.0003355090050617296
2023-04-03,-0.00024409355290540584,4.0354392675935706e-05,-0.00028444794558134154
2023-04-04,-9.426982857442675e-05,5.7350333837055986e-05,-0.00015162016241148274
2023-04-05,-0.0005870149402242644,4.9788299409397007e-05,-0.0006368032396336615
2023-04-06,0.0008244591518962813,1.0168548233477695e-07,0.0008243574664139465
2023-04-10,0.0025119295598304615,3.1948939066247716e-05,0.0024799806207642136
2023-04-11,-0.00042285406398756537,3.802546388157383e-05,-0.0004608795278691392
2023-04-12,-0.00016180611736396172,3.101653523007984e-05,-0.00019282265259404157
2023-04-13,-0.0006820716057792167,5.409524567691337e-08,-0.0006821257010248936
2023-04-14,0.001163341618235374,7.169872820179182e-07,0.001162624630953356
2023-04-17,0.0006441224843241603,1.317086078473917e-07,0.0006439907757163129
2023-04-18,0.001330151603699275,4.6875881204596544e-05,0.0012832757224946784
2023-04-19,0.002299305947452427,6.507506677481262e-08,0.002299240872385652
2023-04-20,-0.0017965146997844707,2.9211114889040276e-05,-0.001825725814673511
2023-04-21,0.0001403921392075311,4.007313410728913e-05,0.00010031900510024195
2023-04-24,-0.0009575258219592794,7.570193808741077e-08,-0.0009576015238973668
2023-04-25,-0.001686622740973552,4.156248740861771e-05,-0.0017281852283821699
2023-04-26,0.0003784464963579536,3.5832404531260715e-05,0.0003426140918266929
2023-04-27,-0.0006479109558193089,4.0095545616202977e-05,-0.0006880065014355119
2023-04-28,0.003135494845883151,6.070195249196655e-05,0.003074792893391184
2023-05-01,0.0017856100020256739,5.636126190126125e-05,0.0017292487401244126
2023-05-02,-0.0032016896022303196,7.355434595992805e-07,-0.003202425145689919
2023-05-03,-0.0008408372733938398,8.666862876780673e-08,-0.0008409239420226076
2023-05-04,-0.0006334195812286139,1.1459208934117005e-07,-0.0006335341733179551
2023-05-05,0.002564685298874337,5.383227445099475e-07,0.002564146976129827
2023-05-08,0.0005642531055578149,3.73680374351487e-05,0.0005268850681226662
2023-05-09,0.0006559615594954622,3.399061793497096e-07,0.0006556216533161125
2023-05-10,0.0003273189977420585,7.88023001535812e-07,0.0003265309747405227
2023-05-11,-0.001549133443861096,1.1421936146899931e-07,-0.0015492476632225649
2023-05-12,-5.133743325220851e-05,3.454807588483261e-05,-8.588550913704113e-05
2023-05-15,0.0012466062282279465,3.075066722403172e-05,0.0012158555610039148
2023-05-16,0.0006799592912644407,3.680734332982196e-05,0.0006431519479346187
2023-05-17,0.0019354456633321512,3.8071089530295615e-07,0.0019350649524368482
2023-05-18,0.0031402268125696416,7.399402395051488e-05,0.003066232788619127
2023-05-19,-0.0002158426660718928,4.5246768595004576e-05,-0.00026108943466689736
2023-05-22,0.00014238554876933808,8.657329990341967e-07,0.00014151981577030387
2023-05-23,-0.001820978224182182,5.487631602255072e-08,-0.0018210331004982045
2023-05-24,0.0003438660020130057,5.573185707943712e-07,0.00034330868344221137
2023-05-25,-0.004349748763590829,3.797398247245798e-05,-0.004387722746063287
2023-05-26,-0.0013618661340281794,0.00010854396287784805,-0.0014704100969060274
2023-05-30,0.0014747479833441782,3.871270590639112e-05,0.0014360352774377872
2023-05-31,0.006363978316569418,1.8078324394543885e-07,0.006363797533325473
2023-06-01,-0.0016737306501068173,5.102425268469086e-05,-0.0017247549027915082
2023-06-02,0.0013735259120181917,3.399156756883877e-05,0.0013395343444493528
2023-06-05,-0.003050610076130535,2.8196923620509713e-07,-0.0030508920453667402
2023-06-06,0.002747592212344049,1.247957190140132e-06,0.002746344255153909
2023-06-07,-0.0011095388504571012,7.794440788659596e-08,-0.0011096167948649877
2023-06-08,0.0011134515702947124,2.3442514833167673e-07,0.0011132171451463807
2023-06-09,0.0013121336875192762,3.585084525495496e-05,0.0012762828422643211
2023-06-12,-0.0025347601591554237,3.32345979331032e-05,-0.002567994757088527
2023-06-13,0.0008390140660080224,5.369868095224703e-05,0.0007853153850557754
2023-06-14,-0.0012858968872819358,7.64556734499783e-05,-0.001362352560731914
2023-06-15,0.0018101576324178058,3.453412425046723e-05,0.0017756235081673385
2023-06-16,-0.0005943365334862651,4.694757007346912e-07,-0.0005948060091869998
2023-06-20,0.0007489735768551171,3.006768581576003e-07,0.0007486728999969595
2023-06-21,0.0011580400752204136,5.128610322544594e-05,0.0011067539719949676
2023-06-22,0.0010829168104617196,3.4489865280471326e-05,0.0010484269451812482
2023-06-23,1.8158315953161635e-06,3.901818533358839e-05,-3.720235373827223e-05
2023-06-26,0.0007650924244077145,4.034953256648599e-08,0.000765052074875148
2023-06-27,-0.0009351685555260265,3.895510414337284e-05,-0.0009741236596693994
2023-06-28,0.001138096943719749,5.162423901403662e-05,0.0010864727047057124
2023-06-29,-0.0006508776908709296,3.208473805361004e-05,-0.0006829624289245396
2023-06-30,-0.00028652984183302646,3.903206408776188e-05,-0.00032556190592078835
2023-07-03,-0.0005779206032518067,3.606729724845253e-05,-0.0006139879005002592
2023-07-05,0.0020614016366457197,3.5396678819597794e-07,0.0020610476698575235
2023-07-06,0.001526639168896096,4.075412969597736e-07,0.0015262316275991364
2023-07-07,-0.0001562183256656414,2.713413091659372e-07,-0.00015648966697480733
2023-07-10,-0.0023614422549055863,1.0123652451213272e-07,-0.0023615434914300982
2023-07-11,-0.00027696921058689895,3.4665066399940107e-07,-0.00027731586125089833
2023-07-12,0.00032269489649187466,2.85313142917458e-07,0.0003224095833489572
2023-07-13,-0.0019748448588544037,1.1334525267159973e-07,-0.001974958204107075
2023-07-14,0.0016978951745032056,3.8985699599840983e-05,0.0016589094749033645
2023-07-17,-0.00039757374693813355,3.147984348470708e-05,-0.00042905359042284065
2023-07-18,0.00019096099431897292,4.9216342230829976e-08,0.0001909117779767421
2023-07-19,-5.656850434353099e-05,3.5040113768140813e-09,-5.657200835490781e-05
2023-07-20,0.0005515794981129686,3.587846620041121e-08,0.0005515436196467682
2023-07-21,-0.0012201752151268553,3.218337058473117e-08,-0.00122020739849744
2023-07-24,0.0,3.6864135446581446e-05,-3.6864135446581446e-05
2023-07-25,0.0005417302364298544,4.815327019627831e-05,0.000493576966233576
2023-07-26,-0.0006607678794703908,6.181292333998362e-07,-0.0006613860087037906
2023-07-27,0.0005941783731255519,6.287169809535836e-08,0.0005941155014274566
2023-07-28,0.00019239398919856617,1.2711563028696554e-07,0.0001922668735682792
2023-07-31,0.002025964000237228,3.3903982704801204e-05,0.001992060017532427
2023-08-01,0.0012954624203153542,2.176958684156639e-06,0.0012932854616311976
2023-08-02,-0.0009747663212161869,5.301522580436722e-07,-0.0009752964734742305
2023-08-03,0.0011179028093977889,4.2796329386046023e-07,0.0011174748461039285
2023-08-04,-0.000708714687926324,4.9398037789479476e-05,-0.0007581127257158034
2023-08-07,-0.000980318783150243,3.3619045929724065e-05,-0.0010139378290799671
2023-08-08,0.0005098551760806603,3.1843731515544297e-07,0.0005095367387655048
2023-08-09,0.0005333166273064432,2.3314746803798463e-07,0.0005330834798384052
2023-08-10,-6.565442069349209e-05,3.237769708652713e-05,-9.803211778001923e-05
2023-08-11,-0.00017999091426830306,2.4303954833845667e-07,-0.00018023395381664152
2023-08-14,0.0008596561315360515,4.3802556215567635e-05,0.0008158535753204838
2023-08-15,-0.000287255011968194,6.26280772691546e-07,-0.00028788129274088555
2023-08-16,0.0009981632554226022,6.533267103317822e-08,0.000998097922751569
2023-08-17,-0.0012058667014875112,3.650931233124144e-05,-0.0012423760138187527
2023-08-18,0.00034374498012778584,5.428351680975485e-05,0.000289461463318031
2023-08-21,-0.000522361326051073,9.691492169801395e-08,-0.000522458240972771
2023-08-22,0.00030606253360643867,3.290405922280209e-05,0.00027315847438363656
2023-08-23,1.1116039114045939e-05,8.651595738942678e-06,2.464443375103261e-06
2023-08-24,-0.0021867331002255546,5.237918642194597e-06,-0.002191971018867749
2023-08-25,0.0019836489546680904,1.908080548219107e-06,0.001981740874119871
2023-08-28,0.00012495848344554766,2.0827024819408317e-06,0.00012287578096360684
2023-08-29,-0.00024090626062254203,3.306911616112774e-05,-0.0002739753767836698
2023-08-30,-9.522159697523386e-05,4.0648996228571684e-05,-0.00013587059320380553
2023-08-31,0.0027462268898229432,1.6617887645157399e-07,0.0027460607109464916
2023-09-01,-0.0016708590113652044,3.2705138820512265e-07,-0.0016711860627534095
2023-09-05,-0.0001045409150917231,4.5539784096401955e-05,-0.00015008069918812507
2023-09-06,0.00042515951632030556,5.771614720763845e-07,0.00042458235484822915
2023-09-07,-9.619851595585598e-05,5.203356056277461e-07,-9.671885156148373e-05
2023-09-08,7.943586631018159e-05,9.408448072595552e-05,-1.4648614415773927e-05
2023-09-11,0.0006776581613399837,7.482167269459214e-05,0.0006028364886453916
2023-09-12,0.006982093495832476,1.2308417586414828e-06,0.006980862654073834
2023-09-13,0.0010742060576533698,8.780171555528627e-05,0.0009864043420980836
2023-09-14,0.0020130407446224186,5.736429143463768e-05,0.001955676453187781
2023-09-15,0.0013713841141795179,6.766775813669274e-07,0.001370707436598151
2023-09-18,-0.0005827452216674125,4.808095509749545e-05,-0.000630826176764908
2023-09-19,0.0033671317720775176,5.400989684227025e-07,0.003366591673109095
2023-09-20,0.0006411787058861033,3.932479070121156e-05,0.0006018539151848918
2023-09-21,-0.002683979311319875,3.949625259423836e-05,-0.0027234755639141133
2023-09-22,0.0017612294259404706,5.713242208546378e-05,0.001704097003855007
2023-09-25,-0.0004510983744438713,4.043762010042213e-05,-0.0004915359945442935
2023-09-26,-0.0007024737893989389,3.9334269828712454e-05,-0.0007418080592276514
2023-09-27,-0.0002230059543183552,8.507691968030248e-07,-0.00022385672351515825
2023-09-28,0.0009771572935445495,6.801807323050629e-08,0.0009770892754713191
2023-09-29,-9.094500628030961e-05,2.522954801353859e-07,-9.1197301760445e-05
2023-10-02,0.0005640911682237745,1.3566953600763037e-07,0.0005639554986877669
2023-10-03,-0.0005350701898629467,1.63152006911714e-07,-0.0005352333418698584
2023-10-04,0.0013015795481174449,3.818804633886602e-05,0.0012633915017785788
2023-10-05,-5.5726251690952735e-05,3.7067227595756026e-05,-9.279347928670877e-05
2023-10-06,0.0003359748507914841,4.099677921382795e-05,0.0002949780715776561
2023-10-09,0.0003945340294379621,4.2104507063350434e-07,0.0003941129843673286
2023-10-10,-0.00038523377303416794,2.1050136775026958e-08,-0.000385254823170943
2023-10-11,-0.0006031684184838938,3.207684874964936e-07,-0.0006034891869713902
2023-10-12,-0.00010284665876578911,4.4462789195296586e-07,-0.00010329128665774207
2023-10-13,-0.00029152362650266964,3.660399581182861e-05,-0.00032812762231449827
2023-10-16,0.00021168653723454883,3.0113103075554065e-05,0.00018157343415899476
2023-10-17,0.00038371464629567595,6.488883788161038e-08,0.00038364975745779436
2023-10-18,-0.0022269879596697436,4.4984807448906546e-05,-0.00227197276711865
2023-10-19,0.001073553477453967,4.161613881594174e-05,0.0010319373386380253
2023-10-20,-0.003420494128561797,4.1339951872993585e-05,-0.0034618340804347908
2023-10-23,0.0021476003458161504,1.0612734257421444e-06,0.002146539072390408
2023-10-24,0.0010289230608258907,3.827003948145042e-05,0.0009906530213444403
2023-10-25,-0.0046141529033020025,4.2203090966774975e-05,-0.004656355994268778
2023-10-26,-0.00010711484479155936,3.494474694892486e-05,-0.0001420595917404842
2023-10-27,0.0038800379642513014,1.189294208544689e-06,0.003878848670042757
2023-10-30,0.0005484377121336196,3.76419708608973e-05,0.0005107957412727223
2023-10-31,0.00025248239814616496,7.782079263569953e-05,0.00017466160551046544
2023-11-01,0.0011429767318716757,3.612226427060607e-05,0.0011068544676010696
2023-11-02,0.00019047471435666323,4.92095413535967e-05,0.00014126517300306653
2023-11-03,6.711822391576965e-05,3.516633855113263e-07,6.676656053025832e-05
2023-11-06,0.0013429027878735648,3.50852399409401e-05,0.0013078175479326246
2023-11-07,-0.0009528296131450676,2.4039419826243567e-07,-0.00095307000734333
2023-11-08,0.002390327834516006,1.6743241364513014e-06,0.0023886535103795547
2023-11-09,0.000546587558241533,4.935014600943224e-05,0.0004972374122321008
2023-11-10,-0.0010542884803814673,8.656116734903102e-05,-0.0011408496477304983
2023-11-13,-2.9473651607562308e-06,4.4108117637172566e-07,-3.3884463371279565e-06
2023-11-14,-0.0008984475207173536,2.6894763319905078e-08,-0.0008984744154806735
2023-11-15,-0.0005753825007633494,6.057636233793503e-07,-0.0005759882643867288
2023-11-16,0.0003931077153348753,8.033131019924888e-05,0.0003127764051356264
2023-11-17,0.00012145115267236833,1.195907289369587e-07,0.00012133156194343137
2023-11-20,-0.0003683302090434293,3.724317489257464e-05,-0.000405573383936004
2023-11-21,0.001182899309484008,2.0857844119125635e-07,0.0011826907310428167
2023-11-22,0.0006361369734344995,4.305876060709917e-07,0.0006357063858284285
2023-11-24,-0.0008575102877669623,8.154897093137589e-05,-0.0009390592586983382
2023-11-27,0.0004763186515819686,9.621360430002447e-08,0.00047622243797766856
2023-11-28,-0.0005158944976553837,4.1317379819137545e-05,-0.0005572118774745213
2023-11-29,-0.0005177559224345443,2.9459977826447327e-07,-0.0005180505222128087
2023-11-30,-0.007366156538617798,3.561923757171234e-05,-0.00740177577618951
2023-12-01,0.00010473708498068006,3.581238530784274e-05,6.892469967283732e-05
2023-12-04,-0.001022256721358235,7.645391839940924e-07,-0.001023021260542229
2023-12-05,-0.0011954041999124021,4.424289706147181e-05,-0.001239647096973874
2023-12-06,-0.0006855309702730748,6.031387048196254e-05,-0.0007458448407550374
2023-12-07,0.005215267395771682,9.329238681724874e-07,0.0052143344719035095
2023-12-08,0.0005184387966516322,4.740862451675042e-05,0.0004710301721348818
2023-12-11,0.005782710987483369,7.046866631582257e-08,0.005782640518817054
2023-12-12,-0.0001551776447913427,0.00011842548178106077,-0.00027360312657240347
2023-12-13,-0.0006495737230718996,5.73842150989103e-05,-0.00070695793817081
2023-12-14,-0.00859871199725803,3.399439878384845e-05,-0.008632706396041879
2023-12-15,0.0003285002146942388,9.381065652260567e-05,0.00023468955817163313
2023-12-18,0.00018507674348594414,4.411818388270518e-07,0.0001846355616471171
2023-12-19,0.0006826922557944528,3.7462068991870723e-05,0.0006452301868025821
2023-12-20,0.0011135985638973211,7.756583119837568e-08,0.0011135209980661228
2023-12-21,-0.0007231772801217426,2.240818440290879e-06,-0.0007254180985620335
2023-12-22,0.00039264125605153354,3.5237023106333756e-05,0.0003574042329451998
2023-12-26,-0.004253270307809651,4.058646068738511e-05,-0.004293856768497036
2023-12-27,-0.0010957414186712959,2.626467066958148e-07,-0.0010960040653779917
2023-12-28,-0.00010976988045085968,4.264830515781501e-05,-0.00015241818560867467
2023-12-29,-2.0017451926740505e-05,1.6870171455843474e-06,-2.170446907232485e-05
2024-01-02,0.0019021285723353734,4.718788544405394e-07,0.0019016566934809329
2024-01-03,0.0005548631612062049,1.9281711598556038e-06,0.0005529349900463493
2024-01-04,-0.0011888644916461409,1.2608056095881684e-06,-0.0011901252972557291
2024-01-05,-0.0011229431550997663,1.360080185096417e-07,-0.001123079163118276
2024-01-08,-0.003200353422490209,7.939378536781037e-05,-0.0032797472078580194
2024-01-09,-0.0012982726902689814,1.28926424899041e-06,-0.0012995619545179717
2024-01-10,0.000728668932215784,4.433105014284334e-05,0.0006843378820729407
2024-01-11,0.00020170235791017752,7.103986507927595e-05,0.00013066249283090155
2024-01-12,0.0006578000575953563,4.509129684925047e-05,0.0006127087607461058
2024-01-16,0.0,5.0101808738224346e-05,-5.0101808738224346e-05
2024-01-17,-0.0006932139282561215,4.9770065463592906e-05,-0.0007429839937197144
2024-01-18,0.00021799661917620318,6.129019666204632e-08,0.00021793532897954114
2024-01-19,-0.0016668446782223847,4.357087396953029e-05,-0.001710415552191915
2024-01-22,0.0019031080841638657,1.0885844587509574e-06,0.0019020194997051148
2024-01-23,0.0006766364914675002,1.5456095490053863e-08,0.0006766210353720101
2024-01-24,-3.0187435283736777e-05,4.928321679307332e-05,-7.94706520768101e-05
2024-01-25,0.0003174638324241935,7.651406264804172e-07,0.0003166986917977131
2024-01-26,-0.00593367586509176,3.396434040249842e-07,-0.0059340155084957845
2024-01-29,0.0,4.249768435486727e-05,-4.249768435486727e-05
2024-01-30,-0.0009767825961600515,4.07715346164335e-05,-0.001017554130776485
2024-01-31,0.0015570262669053138,6.711235866432263e-07,0.0015563551433186707
2024-02-01,0.0,4.144265820307673e-05,-4.144265820307673e-05
2024-02-02,-3.464218041725886e-05,3.665104725883141e-05,-7.129322767609027e-05
2024-02-05,0.0006264433296995684,3.4971112783566836e-05,0.0005914722169160016
2024-02-06,5.902214846942498e-05,3.168043369240758e-07,5.8705344132500905e-05
2024-02-07,0.00016398517585001755,9.847251037737453e-08,0.0001638867033396402
2024-02-08,0.0010941416146051026,2.7493647471296676e-07,0.0010938666781303895
2024-02-09,0.0010607846061080684,7.925980056950472e-07,0.0010599920081023734
2024-02-12,0.0006052969002165425,1.797721007349637e-07,0.0006051171281158075
2024-02-13,-0.0016650491840630526,5.0788542020281796e-05,-0.0017158377260833343
2024-02-14,0.001252960843478445,8.471347736416988e-07,0.0012521137087048034
2024-02-15,0.0014685062799368164,2.7300210516568307e-07,0.0014682332778316507
2024-02-16,-6.015973426216984e-05,9.418074878944291e-08,-6.025391501095928e-05
2024-02-20,0.0006220072688146929,9.06073172313518e-09,0.0006219982080829697
2024-02-21,0.00019380752572908418,5.981857201086475e-07,0.00019320934000897552
2024-02-22,0.0008842191488498435,3.393062877718006e-05,0.0008502885200726634
2024-02-23,-8.266950879186621e-05,1.1270324705001111e-07,-8.278221203891622e-05
2024-02-26,0.0012535888861140787,2.044530900017355e-08,0.0012535684408050785
2024-02-27,-0.0001716860627363506,3.205049113601602e-08,-0.00017171811322748662
2024-02-28,0.00017146551333069532,4.9750285942267575e-08,0.00017141576304475305
2024-02-29,0.0011911350011884721,7.62085670752595e-09,0.0011911273803317645
2024-03-01,0.0,3.83622398948097e-05,-3.83622398948097e-05
2024-03-04,0.0007485016228985419,3.0190883026930816e-05,0.0007183107398716111
2024-03-05,-0.0001800061340486523,9.981223968654627e-05,-0.0002798183737351986
2024-03-06,-0.000838657261725481,2.8086069761520415e-05,-0.0008667433314870015
2024-03-07,-0.0007863540249586972,1.102039238963487e-06,-0.0007874560641976607
2024-03-08,0.005185482390527906,5.1681629338714926e-05,0.005133800761189191
2024-03-11,0.0020416231852776173,4.5673163727916344e-05,0.001995950021549701
2024-03-12,-0.0014040360743328155,9.612101270537845e-05,-0.001500157087038194
2024-03-13,-8.323033370779322e-05,1.1950310103177805e-06,-8.442536471811101e-05
2024-03-14,0.00017993968091743016,1.4779542413055624e-07,0.00017979188549329962
2024-03-15,0.0009716111066751976,6.472330386879727e-05,0.0009068878028064003
2024-03-18,0.003038206755863319,5.852643294252269e-05,0.002979680322920796
2024-03-19,0.0009808378674745666,2.3206569662822045e-07,0.0009806058017779384
2024-03-20,-0.00024931565006787275,8.625234455487987e-05,-0.0003355679946227526
2024-03-21,0.0014880210053160286,7.275313855431703e-07,0.0014872934739304853
2024-03-22,-0.0009448454802696461,4.5826014933274064e-05,-0.0009906714952029202
2024-03-25,0.0014460842609323862,3.5508515556871565e-08,0.0014460487524168293
2024-03-26,0.0002690111990209889,4.802480147720195e-07,0.00026853095100621687
2024-03-27,-0.0010939820237436545,3.552272700154746e-05,-0.0011295047507452018
2024-03-28,0.00045880777730075836,1.795944337547109e-07,0.00045862818286700364
2024-04-01,0.0007788168100130615,3.4490517056692773e-05,0.0007443262929563687
2024-04-02,0.0003465733695591996,6.706846525432464e-08,0.0003465063010939453
2024-04-03,0.0002594899322968537,5.556074009750028e-08,0.00025943437155675624
2024-04-04,-0.005215046748402987,4.9807625923513347e-08,-0.005215096556028911
2024-04-05,0.0017764493679329238,1.5771724031638652e-06,0.00177487219552976
2024-04-08,-6.361784174066684e-05,5.2233060126127004e-05,-0.00011585090186679385
2024-04-09,0.0009172973292278251,3.864999881125117e-05,0.000878647330416574
2024-04-10,0.0005685077021978067,7.915380888277923e-05,0.0004893538933150275
2024-04-11,0.00032044268461450635,7.461855742418172e-07,0.0003196964990402645
2024-04-12,-0.004931990104369434,5.417669927903048e-05,-0.004986166803648464
2024-04-15,-0.0008338443745110047,4.681398940959126e-05,-0.000880658363920596
2024-04-16,0.0024268284364609123,3.74636149432171e-05,0.002389364821517695
2024-04-17,-0.001252445933769331,2.929550833005792e-07,-0.0012527388888526317
2024-04-18,-3.396227505247842e-07,2.5517189919185834e-07,-5.947946497166426e-07
2024-04-19,-0.004269589245527475,1.6296646021935618e-07,-0.004269752211987695
2024-04-22,0.0022472738068769977,2.7859418101484077e-05,0.002219414388775514
2024-04-23,0.00035755812548612215,4.919001844832446e-07,0.0003570662253016389
2024-04-24,-0.0024984953890640517,1.935338564438012e-06,-0.0025004307276284897
2024-04-25,0.00231924461104047,7.712554183988487e-07,0.0023184733556220714
2024-04-26,0.003594900524061283,5.163755040936555e-05,0.0035432629736519175
2024-04-29,-0.0023631180395699155,8.291194815156152e-05,-0.002446029987721477
2024-04-30,-0.0012200803545701058,1.980027173133711e-07,-0.0012202783572874193
2024-05-01,0.0007836003527261482,3.904476617391441e-05,0.0007445555865522338
2024-05-02,-0.00017290895611931116,4.7235042227014234e-05,-0.00022014399834632538
2024-05-03,0.0011162226478256478,6.0500351824697997e-05,0.0010557222960009497
2024-05-06,0.0010709014200783707,4.2946977631198174e-07,0.0010704719503020588
2024-05-07,-0.0007604126936994675,2.4054631091626617e-07,-0.0007606532400103838
2024-05-08,-0.0005693184654693287,4.0262581825777426e-05,-0.0006095810472951062
2024-05-09,-0.0006601369785992981,3.735364614759901e-07,-0.0006605105150607741
2024-05-10,0.0004844103654536404,3.727469941170389e-07,0.00048403761845952333
2024-05-13,0.0008883114831451473,5.80575955137809e-07,0.0008877309071900095
2024-05-14,0.0013203816828860418,2.8286376502478567e-05,0.0012920953063835633
2024-05-15,-0.0002644147003843414,3.589720043713536e-05,-0.00030031190082147676
2024-05-16,0.0026009728188224434,5.2359723981537547e-05,0.002548613094840906
2024-05-17,-4.556219873216741e-05,8.050962176067437e-05,-0.00012607182049284178
2024-05-20,0.00035337814460010636,1.991899843764855e-07,0.0003531789546157299
2024-05-21,0.0001833707079927531,2.8782244664605758e-05,0.00015458846332814735
2024-05-22,0.0006260538836796618,1.1353412833295732e-08,0.0006260425302668285
2024-05-23,-0.000634093730911943,5.571116160398509e-05,-0.0006898048925159282
2024-05-24,-0.0017372051611822077,1.7617167645948492e-07,-0.0017373813328586671
2024-05-28,-0.00024457225599636297,3.669494554178553e-05,-0.0002812672015381485
2024-05-29,0.00011621835188198407,6.34196569373982e-07,0.00011558415531261009
2024-05-30,-0.003113801043827259,1.5325058718181074e-07,-0.0031139542944144407
2024-05-31,-0.0007291206153346367,8.223844353394822e-07,-0.0007299429997699763
2024-06-03,-1.853257335231512e-05,4.101155367443668e-07,-1.8942688889059488e-05
2024-06-04,0.002030307973096423,2.4919960688207786e-07,0.002030058773489541
2024-06-05,0.0019543435747349435,2.9786513630508126e-05,0.0019245570611044354
2024-06-06,0.0005776581388241605,5.9262783854341295e-05,0.0005183953549698192
2024-06-07,0.0002768861376294089,4.334488124150167e-07,0.0002764526888169939
2024-06-10,0.0014904959363987997,4.116523082443939e-05,0.0014493307055743604
2024-06-11,-0.00013052067072609063,1.0761471447556791e-07,-0.00013062828544056619
2024-06-12,2.9106867858968814e-06,4.335482534626588e-05,-4.0444138560369e-05
2024-06-13,0.005201309776661511,3.9759536844642284e-05,0.005161550239816869
2024-06-14,-1.1723814769970862e-05,5.92969806394788e-05,-7.102079540944966e-05
2024-06-17,-0.0014947643144133825,8.957711788410493e-05,-0.0015843414322974875
2024-06-18,-0.0005093923577959226,7.383527904707889e-07,-0.0005101307105863934
2024-06-20,0.004535551376249682,4.048100166568613e-05,0.004495070374583996
2024-06-21,0.002089978969873786,6.160195939737422e-05,0.002028377010476412
2024-06-24,-0.00047082505204444364,7.913177995665467e-05,-0.0005499568320010983
2024-06-25,0.00025416481383519875,4.137100703145485e-05,0.0002127938068037439
2024-06-26,-0.0010723252398941545,1.1300362867681068e-07,-0.0010724382435228312
2024-06-27,-0.00236211337750924,4.177488902733481e-05,-0.002403888266536575
2024-06-28,-0.0015124561396315402,8.457444034562153e-08,-0.0015125407140718858
2024-07-01,-0.0002820955170991611,3.3289054996333685e-05,-0.0003153845720954948
2024-07-02,0.0006367130976789584,2.762650557358755e-08,0.0006366854711733848
2024-07-03,-0.0002271609730752113,2.1273286882475365e-07,-0.00022737370594403606
2024-07-05,-0.0013786379378672709,5.4540450321965973e-08,-0.001378692478317593
2024-07-08,0.0009247860241141596,5.2997472603807706e-05,0.0008717885515103519
2024-07-09,0.0023229421142713,3.879356287190533e-05,0.0022841485513993946
2024-07-10,-0.0008970153048416585,7.215471295068121e-05,-0.0009691700177923396
2024-07-11,-0.0006142910488343351,1.8959224187427466e-07,-0.0006144806410762094
2024-07-12,0.0006323699538399992,1.1172618057743202e-06,0.0006312526920342249
2024-07-15,0.00047976786960017434,9.642975173951643e-08,0.00047967143984843484
2024-07-16,0.001808565203432085,1.1216826684592503e-06,0.0018074435207636257
2024-07-17,0.0045050808885748845,8.879722924519523e-07,0.0045041929162824325
2024-07-18,0.0004968608226930706,8.018342162237165e-05,0.00041667740107069896
2024-07-19,0.0007961749888545173,6.173275499960396e-08,0.0007961132560995178
2024-07-22,0.0,2.630423466628115e-05,-2.630423466628115e-05
2024-07-23,0.0,0.0,0.0
2024-07-24,0.0,0.0,0.0
2024-07-25,0.0,0.0,0.0
2024-07-26,-0.00036507908066654395,5.050795726702784e-05,-0.0004155870379335718
2024-07-29,0.0009536902632794363,3.9342496844433327e-07,0.000953296838310992
2024-07-30,-0.0003765619724234543,3.4008462170271824e-05,-0.0004105704345937261
2024-07-31,0.000602957134188331,6.12127796800548e-07,0.0006023450063915304
2024-08-01,0.0020992620997892057,5.9563202332262936e-05,0.002039698897456943
2024-08-02,0.0006697177904279111,2.728641401753795e-05,0.0006424313764103731
2024-08-05,-0.003901842880646258,5.656928003004942e-05,-0.003958412160676308
2024-08-06,-4.348519015262618e-05,2.8072381439928012e-05,-7.155757159255419e-05
2024-08-07,0.000725331507237317,3.2607017840907674e-05,0.0006927244893964093
2024-08-08,0.00029318449114686145,3.24796318795266e-05,0.00026070485926733486
2024-08-09,-0.0034155864034764436,4.369215520000948e-07,-0.0034160233250284436
2024-08-12,-0.0012679099378494227,2.808951515517778e-07,-0.0012681908330009744
2024-08-13,-0.00031466847019979483,4.236071647078013e-05,-0.00035702918667057497
2024-08-14,3.3275357248543176e-05,4.4781920128287095e-07,3.2827538047260306e-05
2024-08-15,0.0009930518226116548,2.409411782398202e-08,0.0009930277284938309
2024-08-16,-0.00012548275230297922,2.6414788173995282e-05,-0.0001518975404769745
2024-08-19,-0.00048564517708670613,6.924024659633006e-05,-0.0005548854236830362
2024-08-20,0.0009531703671468634,3.181740182085119e-05,0.0009213529653260122
2024-08-21,-0.00019658902662869146,1.3230017127711502e-08,-0.00019660225664581917
2024-08-22,0.0006512079939217552,5.495254359008541e-05,0.0005962554503316698
2024-08-23,-0.0008434826617034148,5.49778357183321e-08,-0.0008435376395391331
2024-08-26,0.0012011409968802963,1.0055824143741666e-08,0.0012011309410561526
2024-08-27,0.000179422018438253,9.067755433369378e-07,0.00017851524289491606
2024-08-28,0.0014544093578296967,3.3938677420190193e-05,0.0014204706804095066
2024-08-29,0.0013961409823511149,3.88018838460507e-05,0.001357339098505064
2024-08-30,-0.00019879510801282181,3.430993929693015e-05,-0.00023310504730975198
2024-09-03,0.0014106235735282199,7.104193731293437e-07,0.0014099131541550904
2024-09-04,-0.0013818498605986018,6.527529963936803e-05,-0.0014471251602379699
2024-09-05,0.0024420571825520985,4.485648957160584e-05,0.002397200692980493
2024-09-06,-0.000116380504987622,2.803284369267176e-05,-0.00014441334868029376
2024-09-09,0.0009453610780723183,4.6390125500917616e-05,0.0008989709525714007
2024-09-10,0.0033694769924884054,1.831030419861858e-07,0.003369293889446419
2024-09-11,0.004173190419548065,7.856264573107999e-05,0.004094627773816985
2024-09-12,0.0008477774171773865,4.521852796183995e-05,0.0008025588892155466
2024-09-13,0.00038330563279084134,6.203186546734085e-05,0.0003212737673235005
2024-09-16,-0.006407635984090462,3.083214525122715e-05,-0.006438468129341689
2024-09-17,0.0004863904120072168,5.132806586227607e-05,0.00043506234614494073
2024-09-18,-0.00010245930421527846,6.155951534348495e-05,-0.0001640188195587634
2024-09-19,0.0004893177547576367,4.40054491079271e-05,0.00044531230564970954
2024-09-20,9.866527377196027e-05,4.632131835305455e-07,9.820206058842972e-05
2024-09-23,0.0005628109417846348,4.387983414079219e-05,0.0005189311076438427
2024-09-24,0.0023239858069488244,2.541787491532055e-09,0.002323983265161333
2024-09-25,0.0009096731909043368,3.1381099812154015e-05,0.0008782920910921828
2024-09-26,0.0003051004798620815,9.063721588376677e-08,0.00030500984264619774
2024-09-27,-0.0004483439915071903,7.561648968117118e-08,-0.00044841960799687147
2024-09-30,-0.0008061848328753741,7.793294965894454e-08,-0.000806262765825033
2024-10-01,-0.0013569687433945773,1.8052835491208508e-08,-0.0013569867962300686
2024-10-02,0.0007229675763531923,1.237881793206136e-07,0.0007228437881738717
2024-10-03,0.0009325014246678615,1.159224960439742e-08,0.0009324898324182571
2024-10-04,-0.002002656171649156,9.171196409585284e-05,-0.002094368135745009
2024-10-07,-2.4999806200346982e-05,3.285971357263251e-05,-5.7859519772979495e-05
2024-10-08,-0.001094290871515234,4.278474058068887e-05,-0.001137075612095923
2024-10-09,0.0012455886842752443,2.3941254479418594e-07,0.0012453492717304502
2024-10-10,-0.0004972944364856666,4.436078366674242e-05,-0.000541655220152409
2024-10-11,0.00034063548152183683,1.2325926901688296e-06,0.000339402888831668
2024-10-14,0.0009626710067446389,4.083643563662642e-09,0.0009626669231010752
2024-10-15,-0.0014811718214690606,4.694976599671728e-05,-0.001528121587465778
2024-10-16,0.0007674006417984092,3.4356030388736635e-07,0.0007670570814945219
2024-10-17,0.0003547645770333006,3.4500990091678594e-08,0.00035473007604320893
2024-10-18,-0.00148471983806702,1.7102678291886983e-07,-0.001484890864849939
2024-10-21,-0.0005655359791679422,2.831002920161314e-07,-0.0005658190794599583
2024-10-22,0.00035481408292234744,6.752545178939455e-05,0.0002872886311329529
2024-10-23,-1.9299710082080882e-05,3.662190664196716e-05,-5.592161672404804e-05
2024-10-24,-0.0015955495894699348,9.588684780882303e-08,-0.0015956454763177436
2024-10-25,-0.0004014699567693533,1.532857326254824e-06,-0.0004030028140956081
2024-10-28,7.560087288805595e-05,4.831452860930796e-05,2.728634427874799e-05
2024-10-29,0.0018913125222050895,2.754831250531102e-07,0.0018910370390800364
2024-10-30,-9.904600409954754e-05,1.948161648378341e-06,-0.00010099416574792588
2024-10-31,0.0001499413793711608,4.5968471772253924e-05,0.00010397290759890686
2024-11-01,-0.0017178592897006426,4.702297488375759e-05,-0.0017648822645844001
2024-11-04,-0.0008437042158612398,3.094625630180872e-05,-0.0008746504721630485
2024-11-05,-0.0008320315616482007,2.0028639023686457e-08,-0.0008320515902872244
2024-11-06,-0.0011422164237881534,8.693624191253441e-08,-0.001142303360030066
2024-11-07,0.001437541602870258,5.614350438615939e-08,0.0014374854593658718
2024-11-08,-0.0006852173877968091,4.7931579628483406e-05,-0.0007331489674252925
2024-11-11,-0.0005193669452706053,3.2725227465894154e-08,-0.0005193996704980713
2024-11-12,-0.0021550768919660814,4.576238434407888e-05,-0.00220083927631016
2024-11-13,-0.001180536162044548,5.3791643834792656e-05,-0.0012343278058793406
2024-11-14,0.0011413214131373015,4.041873119831063e-08,0.0011412809944061032
2024-11-15,-0.0012720845648170522,9.682069018564915e-08,-0.001272181385507238
2024-11-18,0.0018706940044761478,2.4088196803141725e-08,0.0018706699162793447
2024-11-19,-0.00044472317850719953,7.168982985098065e-05,-0.0005164130083581802
2024-11-20,-0.00025905962704124094,4.7691244147147237e-05,-0.0003067508711883882
2024-11-21,4.8830353305048064e-05,4.0186933781811414e-05,8.64341952323665e-06
2024-11-22,0.0008990268260507609,8.510496556579834e-05,0.0008139218604849626
2024-11-25,0.000859436107257942,1.2614098327055207e-07,0.0008593099662746714
2024-11-26,-0.000770573877030087,8.18673833167327e-05,-0.0008524412603468197
2024-11-27,-0.0006703407267767405,1.1808188493469956e-06,-0.0006715215456260875
2024-11-29,0.0007398721194332508,2.377350084531854e-07,0.0007396343844247975
2024-12-02,-0.00022445179848451822,3.1331524289193896e-05,-0.0002557833227737121
2024-12-03,-0.0002012131914024228,3.948363622636039e-05,-0.0002406968276287832
2024-12-04,-0.001904040591787958,5.20281560736274e-05,-0.001956068747861585
2024-12-05,-0.003750204897122722,3.847892306609302e-05,-0.003788683820188815
2024-12-06,-0.0014659856100454785,5.476184282726894e-05,-0.0015207474528727474
2024-12-09,-0.0005546564504934201,3.693518539978005e-05,-0.0005915916358932001
2024-12-10,-0.003919210267490711,7.41656659473951e-05,-0.003993375933438107
2024-12-11,0.000995660577044495,1.8698599810883856e-06,0.0009937907170634067
2024-12-12,0.000823451476170181,1.2006072884402503e-07,0.000823331415441337
2024-12-13,-0.0025411820284675737,7.564033263109879e-07,-0.0025419384317938846
2024-12-16,-0.007604901218192204,4.472835948611221e-05,-0.007649629577678316
2024-12-17,-0.0015840781184253252,5.053511474915426e-05,-0.0016346132331744793
2024-12-18,-0.001860342212252375,3.106464203001897e-05,-0.001891406854282394
2024-12-19,-0.0009273882323755317,4.2892233640864206e-05,-0.000970280466016396
2024-12-20,0.001751451909891745,2.0470687656051755e-08,0.001751431439204089
2024-12-23,0.002815627250122716,8.490032424314509e-08,0.002815542349798473
2024-12-24,0.0010229909136387787,5.275365520519948e-05,0.0009702372584335792
2024-12-26,0.00010140525384262857,3.4769839143737324e-05,6.663541469889125e-05
2024-12-27,-0.00016693034743516172,2.904499618472216e-09,-0.0001669332519347802
2024-12-30,-0.00021453085707727755,1.0887065060808873e-07,-0.00021463972772788563
2024-12-31,0.00010076288764309792,9.616314490679123e-08,0.00010066672449819114
2025-01-02,-5.8457089342185505e-05,2.1984838087822298e-08,-5.847907418027333e-05
2025-01-03,-0.0003805995991730622,2.5481828267004403e-08,-0.00038062508100132923
2025-01-06,-0.0008872042946627145,3.745069707706136e-05,-0.0009246549917397759
2025-01-07,-3.280943479245179e-06,2.865326538238552e-07,-3.567476133069034e-06
2025-01-08,0.0009839474765801525,3.885401947535273e-05,0.0009450934571047998
2025-01-10,-0.0009620718379432284,3.4344306898918127e-09,-0.0009620752723739183
2025-01-13,0.00023437563783082116,1.382731302208281e-06,0.00023299290652861287
2025-01-14,-6.538325337226594e-05,2.9593909779417074e-05,-9.497716315168301e-05
2025-01-15,-0.0018942077280063394,1.1284073795367333e-07,-0.001894320568744293
2025-01-16,0.0007237006166106992,1.11297022289864e-06,0.0007225876463878006
2025-01-17,-0.00022796443438322155,1.5230497211353097e-07,-0.0002281167393553351
2025-01-21,-0.0004509051179637138,1.5496059590160497e-07,-0.0004510600785596154
2025-01-22,4.713685419631413e-05,1.827725957889749e-07,4.6954081600525156e-05
2025-01-23,-0.0008873152079270491,4.0035783449151633e-07,-0.0008877155657615407
2025-01-24,0.00013570886984142614,3.7779647814029395e-05,9.792922202739674e-05
2025-01-27,0.003140152685062297,1.2222031909804066e-07,0.003140030464743199
2025-01-28,0.00034482069208229145,0.00011374181871315074,0.00023107887336914072
2025-01-29,0.0003745244766387538,4.122688147283342e-05,0.0003332975951659204
2025-01-30,-0.0005898148759524188,5.2747814768534245e-05,-0.000642562690720953
2025-01-31,0.0010790313041880596,3.063818604282873e-07,0.0010787249223276312
2025-02-03,0.000352785259233514,2.485609917351108e-07,0.0003525366982417789
2025-02-04,-0.0018421669975129495,6.906156091136991e-08,-0.001842236059073861
2025-02-05,0.0036335222517632115,5.616227014503886e-07,0.003632960629061761
2025-02-06,0.0,3.9386397756911763e-05,-3.9386397756911763e-05
2025-02-07,0.0,0.0,0.0
2025-02-10,2.9099635859285405e-05,3.4359903578605554e-05,-5.260267719320149e-06
2025-02-11,0.0009723812184116815,2.934666739671476e-05,0.0009430345510149667
2025-02-12,-0.0028465193396301843,3.4681754278843556e-05,-0.002881201093909028
2025-02-13,-0.0024990932936032524,5.412827368389203e-08,-0.0024991474218769363
2025-02-14,0.000862348348916629,3.0488418941524335e-05,0.0008318599299751046
2025-02-18,-0.006939131553750759,3.1474036926206874e-05,-0.006970605590676966
2025-02-19,-0.0021469714711527224,5.5617715998362365e-05,-0.0022025891871510846
2025-02-20,-0.0016304911618035271,3.3076040184578697e-07,-0.001630821922205373
2025-02-21,-7.617876817544121e-05,1.4731599346080177e-07,-7.632608416890202e-05
2025-02-24,0.0003083293359663965,9.443483649376142e-08,0.00030823490112990274
2025-02-25,-0.0020493271469217943,5.199326915018987e-05,-0.002101320416071984
2025-02-26,0.0020643091832759273,4.496761337482078e-05,0.0020193415699011064
2025-02-27,6.142744391983082e-05,4.304755017255748e-07,6.0996968418105246e-05
2025-02-28,-0.000997117792880765,1.257467158578482e-09,-0.0009971190503479236
2025-03-03,-0.001765988894972074,2.4414170246389935e-07,-0.0017662330366745378
2025-03-04,0.0015351856573974003,4.071956069824634e-07,0.0015347784617904179
2025-03-05,4.9548954116539926e-05,3.0122895750457133e-05,1.9426058366082793e-05
2025-03-06,0.002453796364065198,3.3079518634983755e-05,0.0024207168454302144
2025-03-07,0.0019054927386014445,3.0429379054410276e-05,0.0018750633595470342
2025-03-10,0.0022612788367420435,4.9199142655168e-07,0.002260786845315492
2025-03-11,0.0033038852827420484,5.3290007896139024e-05,0.0032505952748459093
2025-03-12,-0.0041225498560894976,3.1259646973588046e-05,-0.004153809503063086
2025-03-13,0.0004827665358166737,5.9109450535835337e-05,0.0004236570852808384
2025-03-14,-0.0010454740535791205,5.059557517924523e-05,-0.0010960696287583658
2025-03-17,-0.00032078049448702327,4.3900525538216565e-05,-0.0003646810200252398
2025-03-18,0.001028959640812704,4.0091158269994766e-07,0.001028558729230004
2025-03-19,-0.001154747247330543,4.7889290089517254e-08,-0.0011547951366206325
2025-03-20,-0.001450255748520661,1.495321479212851e-06,-0.0014517510699998738
2025-03-21,0.0009046784919665195,1.5019513392026952e-07,0.0009045282968325992
2025-03-24,-0.003159200587798207,3.112387283330832e-05,-0.003190324460631515
2025-03-25,0.00045701232543776633,3.8746933339507946e-05,0.0004182653920982584
2025-03-26,0.0009385302799314009,5.2861545664811744e-05,0.0008856687342665892
2025-03-27,0.0,3.1181421439186316e-05,-3.1181421439186316e-05
2025-03-28,0.0,0.0,0.0
2025-03-31,0.0,0.0,0.0
2025-04-01,0.0,0.0,0.0
2025-04-02,0.0,0.0,0.0
2025-04-03,0.0,0.0,0.0
2025-04-04,-0.0033831856152602407,7.648386810901976e-05,-0.0034596694833692603
2025-04-07,0.0002768760395079809,8.831723844736483e-05,0.00018855880106061605
2025-04-08,-0.005981142250888398,3.317052536584141e-05,-0.006014312776254239
2025-04-09,0.004533496999872251,7.77555067692831e-05,0.004455741493102967
2025-04-10,-0.005600641237548687,8.031136339692988e-05,-0.0056809526009456175
2025-04-11,-0.004131624195651055,3.790963424119537e-05,-0.00416953382989225
2025-04-14,0.0029287583896809117,6.151194087297054e-07,0.002928143270272182
2025-04-15,-2.677704794112962e-05,3.32590279577069e-05,-6.003607589883652e-05
2025-04-16,-0.0010727600199504205,3.2162232862084294e-08,-0.0010727921821832825
2025-04-17,0.003606941258137382,1.687777079656446e-07,0.003606772480429416
2025-04-21,7.75268938811622e-05,1.9182779809814864e-07,7.733506608306405e-05
2025-04-22,0.0014480492061619767,3.2940662341687186e-05,0.0014151085438202896
2025-04-23,-4.108768213625484e-05,3.6713912846245e-05,-7.780159498249983e-05
2025-04-24,0.0018599640743714786,6.160704432469224e-05,0.0017983570300467862
2025-04-25,0.0001987048812570521,8.481271178551794e-07,0.00019785675413919692
2025-04-28,0.001238513476185502,7.125335471010739e-05,0.0011672601214753947
2025-04-29,-0.0009302004176793299,4.4200026493357305e-08,-0.0009302446177058232
2025-04-30,-0.0010312651599370286,3.333412923946435e-05,-0.001064599289176493
2025-05-01,-0.00160920452700514,2.9346534775598343e-08,-0.0016092338735399156
2025-05-02,0.002664200195450896,5.1297589226624583e-08,0.0026641488978616694
2025-05-05,-0.0005394538363971577,7.293397965088908e-05,-0.0006123878160480468
2025-05-06,-0.0007858627205651182,2.429278527146979e-08,-0.0007858870133503897
2025-05-07,0.0005572604497329617,2.7068620509513446e-08,0.0005572333811124521
2025-05-08,0.0012963910558054811,2.1796488118635063e-08,0.0012963692593173624
2025-05-09,0.003723945015058302,2.653210177799674e-08,0.003723918482956524
2025-05-12,-0.0019409882507366392,3.790680074639875e-05,-0.001978895051483038
2025-05-13,-0.0003323938338846551,5.1787845354399e-07,-0.0003329117123381991
2025-05-14,-0.0027007346251912705,1.7426511825853475e-08,-0.0027007520517030965
2025-05-15,0.00119793139651086,3.917090418944641e-07,0.0011975396874689655
2025-05-16,0.00018029153286359452,3.8058966841673244e-05,0.00014223256602192129
2025-05-19,-3.669508033414532e-05,2.7732542294331767e-08,-3.6722812876439654e-05
2025-05-20,-0.00015134149413774953,3.7159047545755406e-05,-0.00018850054168350494
2025-05-21,0.0006257466253574966,2.592222441481426e-08,0.0006257207031330818
2025-05-22,-0.00019615491478374472,3.174374714971958e-08,-0.00019618665853089444
2025-05-23,0.001621431635810676,8.686688346169065e-09,0.00162142294912233
2025-05-27,0.0,3.5261898079179566e-05,-3.5261898079179566e-05
2025-05-28,-0.0007032794030774447,3.800308325731342e-05,-0.0007412824863347581
2025-05-29,0.00022737175055779097,3.380540907076033e-05,0.00019356634148703065
2025-05-30,-0.0013724056371934934,3.531091823294955e-05,-0.001407716555426443
2025-06-02,0.0006047141478208669,6.387447803414721e-08,0.0006046502733428327
2025-06-03,-0.0010070507483573323,3.381251526862351e-07,-0.0010073888735100186
2025-06-04,-7.72446118018103e-05,8.268085833929711e-08,-7.73272926601496e-05
2025-06-05,-0.0003655034064533215,9.116785743730482e-10,-0.0003655043181318959
2025-06-06,0.0005248056728758192,9.7691131156364e-08,0.0005247079817446629
2025-06-09,-0.0012845517587074832,3.385932019020453e-05,-0.0013184110788976877
2025-06-10,-0.0008137692684929287,1.8091077399326646e-07,-0.000813950179266922
2025-06-11,-0.00013247960409333071,2.283499404047446e-07,-0.00013270795403373545
2025-06-12,-0.006016251675014549,3.423623299022433e-08,-0.006016285911247539
2025-06-13,-0.0013330514475718663,3.759900707338805e-05,-0.0013706504546452543
2025-06-16,0.0007193008916005906,1.0991548957902525e-07,0.0007191909761110117
2025-06-17,-6.572006100868762e-05,6.642749795476161e-08,-6.578648850664237e-05
2025-06-18,-0.00047966274928965604,4.469393728971764e-05,-0.0005243566865793737
2025-06-20,-0.0004328957337785186,1.5814626930442043e-07,-0.00043305388004782306
2025-06-23,-0.0009500162543644445,7.336804142407929e-05,-0.0010233842957885237
2025-06-24,-0.002139062855356891,4.6402443356684253e-07,-0.0021395268797904576
2025-06-25,-0.0011429062949313454,3.531914903614721e-05,-0.0011782254439674925
2025-06-26,-0.00027913811368077655,1.887607905496358e-07,-0.0002793268744713262
2025-06-27,-0.00011759384207542736,1.820208755617253e-08,-0.00011761204416298353
2025-06-30,0.0008603262659850791,3.354027221044026e-08,0.0008602927257128687
2025-07-01,0.0008275532372229158,4.098751997672068e-08,0.0008275122497029391
2025-07-02,-0.0008009328479048085,9.193635125030742e-08,-0.0008010247842560589
2025-07-03,0.0012460023686679503,3.376980179736857e-05,0.0012122325668705817
2025-07-07,0.0005936393654087673,4.5884216550265685e-05,0.0005477551488585016
2025-07-08,-0.0004692074606173076,4.5872554178200655e-07,-0.0004696661861590896
2025-07-09,0.0012979116831678822,5.6245018113847215e-05,0.001241666665054035
2025-07-10,-0.001236757112564418,7.42946641615385e-05,-0.0013110517767259565
2025-07-11,-0.0013994101259089673,8.662403573119006e-05,-0.0014860341616401574
2025-07-14,0.00101498878487484,4.48846065213393e-07,0.0010145399388096265
2025-07-15,-0.0038122170421886203,1.1381689981294213e-07,-0.0038123308590884333
2025-07-16,-0.001273736015587482,1.6045842256060122e-06,-0.001275340599813088
2025-07-17,0.0007587309793416392,4.2057451547177e-05,0.0007166735277944622
2025-07-18,-2.501270732096086e-05,3.560050850000333e-05,-6.061321582096419e-05
2025-07-21,0.0012691485779782786,3.565759450875097e-05,0.0012334909834695277
2025-07-22,-0.00027261148636713013,5.787181625404812e-05,-0.00033048330262117824
2025-07-23,0.0002958885903170622,4.2272503519103675e-05,0.00025361608679795854
2025-07-24,0.0028665328328700283,3.7164220696514224e-05,0.002829368612173514
2025-07-25,0.004532025400521826,2.633703278301196e-07,0.004531762030193996
2025-07-28,0.0012014202340732188,5.639558454214675e-05,0.001145024649531072
2025-07-29,0.001767742233517767,5.120893341976603e-05,0.001716533300098001
2025-07-30,0.0012138842054805496,7.979534656750369e-05,0.0011340888589130458
2025-07-31,-0.0021075067335987784,7.220251975550713e-05,-0.0021797092533542856
2025-08-01,0.001294751487459678,3.9604895818691364e-05,0.0012551465916409866
2025-08-04,-5.454758412609152e-05,2.5296900118578284e-06,-5.707727413794935e-05
2025-08-05,0.0002801697418669298,1.245088967867125e-06,0.00027892465289906267
2025-08-06,0.00044320415204509314,4.372614492360262e-05,0.0003994780071214905
2025-08-07,0.00011561305882661138,5.727099516574016e-07,0.00011504034887495397
2025-08-08,0.00039603851833183875,3.986191492116907e-05,0.00035617660341066967
2025-08-11,-0.002009634381918605,8.385119693078584e-05,-0.0020934855788493907
2025-08-12,0.0031100212085280743,4.578356583343768e-07,0.00310956337286974
2025-08-13,0.0012110073360402864,3.513776397282871e-05,0.0011758695720674576
2025-08-14,-0.00034800520997408876,3.879491414630315e-05,-0.0003868001241203919
2025-08-15,-0.00043584315398941486,5.4792459921409144e-05,-0.000490635613910824
2025-08-18,0.0025432407303703454,7.203026619614796e-05,0.0024712104641741975
2025-08-19,-0.005668196719425417,3.585227557250834e-05,-0.005704048994997926
2025-08-20,0.0008138269771155866,3.987005015717647e-05,0.0007739569269584101
2025-08-21,0.00013346462837119074,6.84783255369143e-05,6.498630283427645e-05
2025-08-22,-0.0034468468853264956,8.903858538195417e-07,-0.0034477372711803154
2025-08-25,0.0007371800283471193,2.029299510670322e-06,0.0007351507288364489
2025-08-26,0.002315205996283966,3.2584432354849295e-05,0.0022826215639291164
2025-08-27,-0.002124725122091546,3.488538284407347e-05,-0.0021596105049356195
2025-08-28,0.0003067726197760206,1.1186895318702762e-06,0.00030565393024415034
2025-08-29,-0.0032454946849708494,1.610224267478276e-06,-0.0032471049092383276
2025-09-02,0.0019739921917694097,4.708418099096881e-05,0.001926908010778441
2025-09-03,-0.0006571333105015655,9.862290294008672e-07,-0.0006581195395309663
2025-09-04,0.001278313031016984,2.6461196172629725e-07,0.0012780484190552577
2025-09-05,-0.003173325980105794,4.2086580991295394e-05,-0.0032154125610970893
2025-09-08,-0.002908077830550888,0.00010767135760994912,-0.003015749188160837
2025-09-09,0.004036864859390713,1.3345857289228172e-06,0.00403553027366179
2025-09-10,-0.00016095042608466146,5.228538325003431e-07,-0.0001614732799171618
2025-09-11,0.00203531077596924,0.00011127825276937297,0.0019240325231998671
2025-09-12,0.003615856168304725,5.3362948339075754e-05,0.0035624932199656493
2025-09-15,0.0006990940165898279,6.0022837576897185e-05,0.0006390711790129306
2025-09-16,-0.0005122369366982191,3.304499871354307e-07,-0.0005125673866853545
2025-09-17,0.00019402538764303642,4.838275275752309e-07,0.00019354156011546118
2025-09-18,0.0003119885363364142,4.4803026397480465e-05,0.00026718550993893377
2025-09-19,0.0002572381204911631,5.000295840087284e-05,0.00020723516209029025
2025-09-22,0.0002983736470394756,3.6488349691181757e-07,0.0002980087635425638
2025-09-23,0.00029531091007749743,3.455008382293706e-05,0.0002607608262545604
2025-09-24,0.001118728998259893,3.0683112933826453e-07,0.0011184221671305546
2025-09-25,0.0002903472583461425,5.724701346965302e-07,0.00028977478821144595
2025-09-26,-0.0005215758187039704,2.7309911069441114e-05,-0.0005488857297734116
2025-09-29,0.00026990490021776335,3.019069648488096e-07,0.00026960299325291457
2025-09-30,0.000498540058287835,4.5064536318427956e-05,0.000453475521969407
2025-10-01,0.00018380582694359118,3.2783390345380443e-07,0.00018347799304013738
2025-10-02,6.910914611751059e-05,1.070522949320439e-07,6.900209382257855e-05
2025-10-03,4.110129611589085e-05,2.769366218709213e-07,4.0824359494019935e-05
2025-10-06,-0.00029560370721940806,2.655307292369451e-07,-0.000295869237948645
2025-10-07,0.0005787162245694259,4.804390060176959e-07,0.0005782357855634082
2025-10-08,0.0006643897819346847,3.468556135299758e-05,0.0006297042205816871
2025-10-09,-5.023744735228506e-06,1.194725467308748e-07,-5.1432172819593805e-06
2025-10-10,-0.0014567894895656853,1.0296449518391177e-08,-0.0014567997860152036
2025-10-13,0.003802941361653019,2.657289362540012e-07,0.003802675632716765
2025-10-14,0.0,4.385735470039323e-05,-4.385735470039323e-05
2025-10-15,0.0,0.0,0.0
2025-10-16,0.0,0.0,0.0
2025-10-17,0.0,0.0,0.0
2025-10-20,0.0,0.0,0.0
2025-10-21,-0.001757034759908874,3.148771088616468e-05,-0.0017885224707950387
2025-10-22,0.00117462693307237,8.278805586028199e-08,0.0011745441450165097
2025-10-23,0.0004803951618219082,3.646241637643502e-07,0.00048003053765814386
2025-10-24,0.0002454385783230903,2.0681525670314308e-07,0.0002452317630663872
2025-10-27,9.733540759526333e-05,4.7441822191977067e-07,9.686098937334356e-05
2025-10-28,0.0009966108797112069,9.123023429432615e-05,0.0009053806454168808
2025-10-29,-0.0033123415008515823,8.811436391985072e-05,-0.003400455864771433
2025-10-30,-0.0007743377805309772,3.466427567708204e-05,-0.0008090020562080593
2025-10-31,0.0010059196536463507,5.019461973314896e-05,0.0009557250339132017
2025-11-03,-0.0023341247451712614,6.294186320297129e-08,-0.002334187687034464
2025-11-04,0.002022043000359298,5.244973195331775e-05,0.00196959326840598
2025-11-05,0.0013333451761179376,3.4862577872823445e-05,0.0012984825982451141
2025-11-06,0.0026973502055145527,4.099141147114727e-05,0.0026563587940434054
2025-11-07,-0.0005175973949576956,5.7939946980028975e-05,-0.0005755373419377247
2025-11-10,-0.0005747074439275971,6.0408231404018595e-05,-0.0006351156753316157
2025-11-11,0.0006824397871192864,1.3860325977399848e-07,0.0006823011838595124
2025-11-12,-0.002879373555261067,4.566480197562561e-07,-0.002879830203280823
2025-11-13,-0.0035812323239694764,6.148544694996926e-05,-0.0036427177709194456
2025-11-14,0.0012637149728897674,5.802809149224808e-05,0.0012056868813975193
2025-11-17,0.0020357681999889675,4.4141966858511916e-05,0.0019916262331304557
2025-11-18,0.0016461894678812044,3.8775842827330084e-05,0.0016074136250538744
2025-11-19,-0.000293282757650702,9.224949255185328e-07,-0.00029420525257622054
2025-11-20,-0.002825647668338732,6.076727772140237e-05,-0.0028864149460601347
2025-11-21,-0.0013409983901553587,1.3129500302183888e-06,-0.001342311340185577
2025-11-24,-0.0008440037433447916,2.9900408802753007e-05,-0.0008739041521475446
2025-11-25,0.0006409918695144836,3.1774260161340236e-05,0.0006092176093531434
2025-11-26,0.001280535346586481,4.359310656461387e-05,0.0012369422400218672
2025-11-28,-0.001303110313613591,1.9413490104938993e-07,-0.0013033044485146403
2025-12-01,0.001382381954561658,4.478445450044733e-05,0.0013375975000612108
2025-12-02,-0.0011232050978496541,8.78495163472038e-08,-0.0011232929473660013
2025-12-03,-0.0015739924167110495,2.9563259513320456e-07,-0.0015742880493061827
2025-12-04,0.0006753834520202736,0.0001024163532274347,0.0005729670987928389
2025-12-05,-0.0031748346678394574,3.180486773146939e-05,-0.003206639535570927
2025-12-08,0.0010085824359428452,5.997015531557489e-05,0.0009486122806272704
2025-12-09,-0.0014814035040126362,7.616784907084829e-05,-0.0015575713530834845
2025-12-10,-0.0020218140611408305,3.956308392761843e-07,-0.0020222096919801065
2025-12-11,-0.0009780886948018068,4.0188964730950415e-05,-0.0010182776595327571
2025-12-12,0.002635248649280118,7.797862076753398e-08,0.0026351706706593506
2025-12-15,0.00024610478976854844,9.384329035410749e-05,0.00015226149941444095
2025-12-16,0.0015429654774594926,7.55173459689798e-08,0.0015428899601135236
2025-12-17,-0.004061222666355304,6.535757269392137e-07,-0.004061876242082243
2025-12-18,-9.718551768793333e-05,7.29672357977674e-05,-0.00017015275348570072
2025-12-19,0.002195098530034523,2.732891385836753e-07,0.0021948252408959396
2025-12-22,-0.0010506753251845894,8.707389828820928e-07,-0.0010515460641674715
2025-12-23,0.0009385368417051262,3.915428847286197e-05,0.0008993825532322643
2025-12-24,-0.00023947019585428503,9.94888716639511e-08,-0.00023956968472594898
2025-12-26,-0.0004296139174643556,2.3336092651090115e-07,-0.0004298472783908665
2025-12-29,0.0004785269751390728,2.846549337023503e-07,0.00047824232020537044
2025-12-30,0.0001076365408335573,2.0863901413571697e-08,0.00010761567693214373
2025-12-31,0.00022588098964769504,5.282444929225487e-05,0.00017305654035544018
