timestamp,AAPL,MSFT,NVDA
2019-01-02 10:15:00-05:00,,,
2019-01-02 10:30:00-05:00,,,
2019-01-02 10:45:00-05:00,,,
2019-01-02 11:00:00-05:00,,,
2019-01-02 11:15:00-05:00,,,
2019-01-02 11:30:00-05:00,-6.9615113167715235e-06,-1.392210567224036e-05,0.0003451066297887607
2019-01-02 11:45:00-05:00,-4.767875703456268e-05,0.00011659460762301858,0.00018519331953382767
2019-01-02 12:00:00-05:00,5.270156607647031e-07,-1.780588208619129e-05,6.761879676351701e-05
2019-01-02 12:15:00-05:00,-2.330572899178175e-05,-1.4036619925230842e-05,0.00022944526252056577
2019-01-02 12:30:00-05:00,-7.940043100101145e-06,1.5366924343258356e-05,0.00036059164996645913
2019-01-02 12:45:00-05:00,-1.5216524284133822e-05,-1.6544869683287648e-05,0.0002463383002893717
2019-01-02 13:00:00-05:00,-5.0547108551995676e-05,-1.9328056781056394e-05,5.574361830788192e-05
2019-01-02 13:15:00-05:00,-4.275405495911894e-05,0.00010804259324762205,3.94539247352724e-05
2019-01-02 13:30:00-05:00,-2.8852982397071018e-05,-7.766147217486435e-06,0.0002504781395213158
2019-01-02 13:45:00-05:00,-3.819188942004815e-05,-1.3197631589133545e-05,0.00012045161269340703
2019-01-02 14:00:00-05:00,-6.1030967016827436e-05,-1.0104334519667605e-05,0.00011844019418469131
2019-01-02 14:15:00-05:00,-2.225651474413871e-05,0.00010833802806568983,7.806990384370886e-05
2019-01-02 14:30:00-05:00,-1.8171170589726714e-05,4.150841634152122e-06,2.3497716459595606e-05
2019-01-02 14:45:00-05:00,-2.6813365030801334e-05,-2.897260278384728e-05,-4.589062688244996e-05
2019-01-02 15:00:00-05:00,-2.8774874260880225e-05,2.2332520356656896e-06,0.00013229742671872277
2019-01-02 15:15:00-05:00,-2.273212246886692e-06,-2.061065799925404e-05,4.549384861798927e-05
2019-01-02 15:30:00-05:00,-2.298521059214358e-05,3.0209959192850085e-06,-2.444365787832124e-05
2019-01-03 10:15:00-05:00,-7.982078557238964e-05,-1.0401554311791784e-05,2.1365899851151515e-05
2019-01-03 10:30:00-05:00,-7.016842346927954e-05,1.4733865743145236e-05,9.206098126196171e-05
2019-01-03 10:45:00-05:00,2.0281317150632428e-05,-2.282483755271364e-05,0.00012000066755454969
2019-01-03 11:00:00-05:00,-4.21976285836234e-05,3.083508872153389e-05,0.0001826373526184686
2019-01-03 11:15:00-05:00,-3.73135914415289e-05,-2.0246992999607714e-05,0.00022502330286671256
2019-01-03 11:30:00-05:00,-1.3821507175487744e-05,0.00012886261328151117,0.0002586012140033775
2019-01-03 11:45:00-05:00,-3.141596492927974e-06,-4.757270227472257e-05,5.560386357068109e-05
2019-01-03 12:00:00-05:00,-8.416895017506558e-05,6.284976852255373e-06,0.0005195146352020368
2019-01-03 12:15:00-05:00,4.5126673874608516e-07,1.0120650673058393e-05,0.00016401395742495902
2019-01-03 12:30:00-05:00,-4.392884523149562e-05,-1.0938634811434292e-05,0.00028846259311909357
2019-01-03 12:45:00-05:00,1.569091134764868e-05,0.00010659415674329088,0.00022725478180732656
2019-01-03 13:00:00-05:00,-7.616051164251601e-06,-2.2540079879774407e-05,0.0001328124347937949
2019-01-03 13:15:00-05:00,-5.9539541138267314e-05,1.27865029167623e-05,0.0002977768632836989
2019-01-03 13:30:00-05:00,-3.474439874615572e-05,-1.7927767006508714e-05,0.00015689856769558386
2019-01-03 13:45:00-05:00,-2.315231294359058e-05,0.00014259396163505557,0.00022436385129671568
2019-01-03 14:00:00-05:00,-2.8584489713229803e-06,9.806077897521129e-05,0.00020835994735520768
2019-01-03 14:15:00-05:00,-3.00823722143265e-05,-3.09403156559033e-07,6.742204840727554e-05
2019-01-03 14:30:00-05:00,-1.8772467657892462e-05,-1.6891381238628375e-05,0.0002664154590453167
2019-01-03 14:45:00-05:00,-4.961857061829291e-05,-4.482647646601724e-07,0.0001655450804902908
2019-01-03 15:00:00-05:00,-1.0660161671331897e-06,2.067227533108594e-05,0.0002780744172689658
2019-01-03 15:15:00-05:00,-5.893941088577398e-06,-1.3754423150720148e-05,0.0001372222276605511
2019-01-03 15:30:00-05:00,-2.92243199233665e-05,-9.391223564339447e-06,-0.00010186905584657182
2019-01-04 10:15:00-05:00,-5.626506080557982e-05,0.00014620683183659393,0.00044702574598878847
2019-01-04 10:30:00-05:00,-7.344980787174722e-05,-3.092860001084114e-05,0.00028828223500932667
2019-01-04 10:45:00-05:00,-2.8646731464667096e-05,0.00010301691364393781,0.00035619170281856615
2019-01-04 11:00:00-05:00,3.110283737783755e-05,-1.0348374776141698e-05,7.28037765959643e-05
2019-01-04 11:15:00-05:00,3.377645865979743e-05,,0.00010280997136313687
2019-01-04 11:30:00-05:00,-6.662220397672717e-06,3.192783589251322e-05,0.00012071567904348953
2019-01-04 11:45:00-05:00,-3.179764464863842e-05,4.2045432712180975e-06,0.00029621531891113926
2019-01-04 12:00:00-05:00,1.6850762724187905e-05,-2.5439581270787246e-05,0.0003509762847221058
2019-01-04 12:15:00-05:00,-2.7128432311022713e-05,1.7652618856603104e-06,8.566763562129557e-05
2019-01-04 12:30:00-05:00,1.328265023490006e-05,-1.7182708329112117e-05,0.0001654456083686149
2019-01-04 12:45:00-05:00,-2.6968367023490318e-05,-1.941152780726269e-05,0.00012197148870679258
2019-01-04 13:00:00-05:00,5.41273895651866e-06,-2.05908691953194e-05,3.5788058556144813e-05
2019-01-04 13:15:00-05:00,1.2564522881892087e-05,-6.3339387852944964e-06,0.00017368533000706622
2019-01-04 13:30:00-05:00,-8.795057911893068e-06,6.203243151693943e-06,0.00020665890146958206
2019-01-04 13:45:00-05:00,1.690825148524001e-05,6.611696781141892e-07,-4.163124492195249e-05
2019-01-04 14:00:00-05:00,-1.5811652828374873e-05,-1.3441702038742861e-05,0.0002907166412710134
2019-01-04 14:15:00-05:00,8.605460594583103e-06,1.1069786115894845e-05,0.00027718938456398277
2019-01-04 14:30:00-05:00,2.3293259361142283e-05,-1.789796072176945e-05,2.712362042359693e-05
2019-01-04 14:45:00-05:00,4.723930461818314e-06,-2.0677246333610193e-05,0.0001133703870473654
2019-01-04 15:00:00-05:00,9.74910793950185e-06,-1.868865829500137e-05,0.00018466303610050017
2019-01-04 15:15:00-05:00,-8.945843534782085e-05,-6.444000234088897e-06,-8.119000594373303e-05
2019-01-04 15:30:00-05:00,1.161132828939342e-05,-8.158407278666886e-06,0.0001272591534721308
2019-01-07 10:15:00-05:00,-4.161604386381314e-05,-1.0625801453496986e-05,0.0003006279766281625
2019-01-07 10:30:00-05:00,-4.277321355213896e-05,1.3785276775677693e-05,0.00019448495362560448
2019-01-07 10:45:00-05:00,9.888968915940801e-06,-4.2063416483746694e-05,-7.1495928763564655e-06
2019-01-07 11:00:00-05:00,-1.107584363305142e-05,-1.9039417749861342e-06,0.00018675231068767962
2019-01-07 11:15:00-05:00,-7.663456551257288e-05,-4.5208586693726944e-05,0.000580918147957758
2019-01-07 11:30:00-05:00,-9.745971335598338e-05,-1.537634157678607e-06,0.0001464202378332345
2019-01-07 11:45:00-05:00,-0.0001275114566043313,-6.5998207796661745e-06,0.00019522335087824002
2019-01-07 12:00:00-05:00,-0.0001380395929426524,3.562958880753779e-06,0.00014819365366597388
2019-01-07 12:15:00-05:00,-4.432504365408443e-05,1.5090267320143817e-05,0.00019743266385087956
2019-01-07 12:30:00-05:00,-9.200967420027683e-05,2.1305989496671168e-05,0.00017467840051102658
2019-01-07 12:45:00-05:00,-3.2576319074117064e-05,-1.1347990845690466e-05,2.6552087886325553e-05
2019-01-07 13:00:00-05:00,-6.654298713903027e-05,4.767705766677288e-06,-6.395377091909232e-05
2019-01-07 13:15:00-05:00,3.0081168901498834e-05,-1.9948106436874233e-05,0.00020083018256341478
2019-01-07 13:30:00-05:00,-5.725115647987699e-05,-1.753343400531891e-05,0.00010906699782447045
2019-01-07 13:45:00-05:00,1.0493869734523185e-05,-2.191166532661577e-05,6.055134780649716e-05
2019-01-07 14:00:00-05:00,-6.961883480792721e-05,-5.9336589487424805e-06,0.00019097730403954885
2019-01-07 14:15:00-05:00,-6.16943892068093e-05,-2.2070562745571452e-05,9.792263329181702e-05
2019-01-07 14:30:00-05:00,2.5916088779010497e-05,2.2381744798905226e-05,0.0001032174578888719
2019-01-07 14:45:00-05:00,-2.9992201867434247e-05,-5.490437431777972e-06,0.00023229612083078133
2019-01-07 15:00:00-05:00,1.567386957639931e-05,2.710472378867293e-06,0.00012060582733363156
2019-01-07 15:15:00-05:00,4.5824812492146026e-05,3.6381478552069407e-06,7.544576137306469e-05
2019-01-07 15:30:00-05:00,-6.927537289035324e-06,4.73117807119534e-06,7.285709475633922e-05
2019-01-08 10:15:00-05:00,7.498733461553601e-06,9.066614672715727e-05,-5.8114426968653344e-05
2019-01-08 10:30:00-05:00,7.442569789096101e-05,7.4299492935688036e-06,0.0002213662605294771
2019-01-08 10:45:00-05:00,2.985029031959282e-05,-1.2462781910025532e-05,0.00040483605408119124
2019-01-08 11:00:00-05:00,2.335080085573437e-05,8.916581258172471e-06,3.6673914544639854e-05
2019-01-08 11:15:00-05:00,3.814762735057643e-05,-1.4907126240935084e-05,-0.0001842432920958178
2019-01-08 11:30:00-05:00,4.8481487555451766e-05,-2.1897745241243923e-05,0.00027700881526953903
2019-01-08 11:45:00-05:00,4.7692857775728665e-05,7.799973299170111e-07,0.0002997074687075855
2019-01-08 12:00:00-05:00,1.5636881948236397e-05,-1.824851100579767e-05,1.9503890326969785e-05
2019-01-08 12:15:00-05:00,-1.066978390524918e-05,1.0927037550279328e-05,0.00018611967268294217
2019-01-08 12:30:00-05:00,-1.3055757092047291e-05,-5.3275746245484215e-06,0.000144599135411236
2019-01-08 12:45:00-05:00,9.459257448073324e-06,-8.345864444808399e-06,0.0001795810925671091
2019-01-08 13:00:00-05:00,-4.591979764297269e-05,-2.1481427729207447e-05,0.00011920381777188063
2019-01-08 13:15:00-05:00,-4.583137292005166e-05,-1.3400099840099427e-05,0.00023997328352323548
2019-01-08 13:30:00-05:00,-9.347479355870573e-05,1.0414730453155955e-05,0.00022216268825444747
2019-01-08 13:45:00-05:00,-1.0542446979536153e-05,-2.7753919586479152e-05,9.103345742430616e-05
2019-01-08 14:00:00-05:00,1.7728564232197115e-05,-1.6456898965499927e-05,7.2135862455161495e-06
2019-01-08 14:15:00-05:00,1.0226353486806393e-05,0.00010824629286639454,2.6595697152899895e-05
2019-01-08 14:30:00-05:00,1.3651470308748154e-05,-1.601605135092559e-05,0.00011926807669889865
2019-01-08 14:45:00-05:00,-6.234975002456329e-05,3.3859156012125254e-06,2.239368727139836e-05
2019-01-08 15:00:00-05:00,-2.1689892595011106e-05,-5.834438932695018e-06,-8.497653782289258e-05
2019-01-08 15:15:00-05:00,1.3281969483639519e-05,-2.5710661371461496e-05,-5.334984267232425e-05
2019-01-08 15:30:00-05:00,-2.3921766527541277e-05,1.5766668081678972e-05,-1.514783851247286e-05
2019-01-09 10:15:00-05:00,-6.851129138499519e-05,-1.4550630666792655e-05,0.0002518977104371234
2019-01-09 10:30:00-05:00,-7.53078556854485e-05,1.2894698415444114e-05,0.00018450580487122274
2019-01-09 10:45:00-05:00,-1.3226803873417122e-05,3.975812842907534e-06,6.35571654176158e-05
2019-01-09 11:00:00-05:00,1.0643195585313485e-05,-3.551247411086736e-05,0.0003390689012231038
2019-01-09 11:15:00-05:00,2.274628877616602e-05,-2.716490279483153e-05,0.00012779356350428055
2019-01-09 11:30:00-05:00,2.0598247226369817e-05,-1.3273462076616867e-06,0.0001727844245767513
2019-01-09 11:45:00-05:00,-4.76221685233368e-05,6.924056672293308e-07,-1.8022930583458732e-05
2019-01-09 12:00:00-05:00,-6.499558175491152e-05,5.280583407796341e-06,0.00012054916698736355
2019-01-09 12:15:00-05:00,2.0556874252044708e-05,2.163702969447444e-05,0.00014005614711834008
2019-01-09 12:30:00-05:00,-2.729646327822953e-05,-1.8316253369486882e-05,0.00014556732793670132
2019-01-09 12:45:00-05:00,-2.7565413679153037e-05,-2.130667977366081e-05,0.00030981336597009113
2019-01-09 13:00:00-05:00,2.0012351316092294e-05,-1.3871098813851607e-05,0.0003097189016266754
2019-01-09 13:15:00-05:00,-3.4941427043636923e-06,-5.399550733953296e-06,0.00015510137029729333
2019-01-09 13:30:00-05:00,1.4789183974030964e-07,-2.1200252059138136e-05,4.903711280614372e-05
2019-01-09 13:45:00-05:00,-7.5498687873555885e-06,-8.103085624282463e-06,2.2954155411324225e-05
2019-01-09 14:00:00-05:00,-8.88766627784819e-05,-6.642493235535791e-06,0.00013808234171052607
2019-01-09 14:15:00-05:00,-2.836465847655092e-05,-4.341168320215601e-06,5.222045258069589e-05
2019-01-09 14:30:00-05:00,-4.978794718339247e-06,-1.678529220669615e-05,0.00012119076049719161
2019-01-09 14:45:00-05:00,1.5467566240850797e-05,9.27210606961515e-06,0.0001300691123301782
2019-01-09 15:00:00-05:00,-2.90735870176402e-05,-7.482270519300444e-06,0.00028020395781029063
2019-01-09 15:15:00-05:00,-6.203413989981054e-06,-8.205650892969463e-06,2.2735758266410722e-05
2019-01-09 15:30:00-05:00,2.8183276185981716e-05,-6.125862644390795e-06,1.6093577568457958e-05
2019-01-10 10:15:00-05:00,-3.853110055654141e-05,3.887488933517653e-05,0.00015366939112558707
2019-01-10 10:30:00-05:00,-5.47922626318338e-05,-4.0110654078266484e-05,0.0001091147210371161
2019-01-10 10:45:00-05:00,1.4799777848216188e-05,-9.498544045696714e-06,5.7831396757654836e-05
2019-01-10 11:00:00-05:00,-3.426277653035569e-06,1.4084294571426136e-06,0.00038152052658689415
2019-01-10 11:15:00-05:00,-2.9249717524813464e-05,-4.403038059142571e-06,0.00013966256327586948
2019-01-10 11:30:00-05:00,-6.177817989934796e-05,-2.1986701512965765e-05,0.00023509662514086815
2019-01-10 11:45:00-05:00,-2.9433953227578452e-05,-3.3446083068845912e-06,0.00030159434633654194
2019-01-10 12:00:00-05:00,1.5812463181787975e-05,1.5543176004946414e-06,4.1894385519387385e-05
2019-01-10 12:15:00-05:00,3.329850548334399e-05,3.373566751145235e-06,0.0001438012364200748
2019-01-10 12:30:00-05:00,-2.5897677752922984e-05,2.0670856283518965e-06,3.6287713694963717e-05
2019-01-10 12:45:00-05:00,1.880300980457923e-05,-1.3413694994013848e-05,0.000196151921907611
2019-01-10 13:00:00-05:00,8.771294213245324e-06,-1.4109052606442033e-05,0.00011409698254601354
2019-01-10 13:15:00-05:00,2.030740234622484e-05,-9.720093159488968e-06,4.883803836625921e-05
2019-01-10 13:30:00-05:00,3.7740155711752935e-06,-8.993425318392752e-06,0.00011484269561290206
2019-01-10 13:45:00-05:00,-4.0648189877537224e-05,-1.9841242487482034e-05,8.254296498847873e-05
2019-01-10 14:00:00-05:00,-2.817567725291252e-05,8.980314517666635e-05,0.00012687451280275544
2019-01-10 14:15:00-05:00,2.7303234658719054e-05,8.165536090973844e-06,-3.6462984596741355e-05
2019-01-10 14:30:00-05:00,1.6954278970602445e-05,-7.70615880865112e-06,0.0002052579578909625
2019-01-10 14:45:00-05:00,6.062216705070593e-06,-2.6699636318180902e-05,0.0001472486211804489
2019-01-10 15:00:00-05:00,1.585687487181272e-05,-2.0537756531669487e-05,-4.329040517878171e-05
2019-01-10 15:15:00-05:00,-3.450110763652269e-05,-2.868143750657224e-05,5.187798727749829e-05
2019-01-10 15:30:00-05:00,-4.1814685651988395e-05,1.382162845723414e-05,-9.568599904425743e-05
2019-01-11 10:15:00-05:00,-3.721722200672482e-05,5.368226280754208e-06,0.00023594305163540934
2019-01-11 10:30:00-05:00,-6.347094963109709e-05,1.2889598610543099e-05,8.290619921872196e-05
2019-01-11 10:45:00-05:00,-3.551659967951066e-05,-9.83129332031756e-07,0.0001060500062953066
2019-01-11 11:00:00-05:00,-4.645965689806209e-05,-5.876333337808726e-06,5.870918435370017e-05
2019-01-11 11:15:00-05:00,-6.605214106553201e-05,-1.4950738710010199e-05,0.00010095485337206286
2019-01-11 11:30:00-05:00,-7.227092054538472e-05,2.0115666246989357e-05,-3.2316105553938854e-05
2019-01-11 11:45:00-05:00,-4.579755126482391e-05,2.7936000262760147e-06,-8.840386969513846e-05
2019-01-11 12:00:00-05:00,-1.1816646638367293e-05,-2.5057806158875634e-05,9.699271332080278e-05
2019-01-11 12:15:00-05:00,2.201462330060751e-05,-5.9597147942246085e-06,-3.624886850424023e-05
2019-01-11 12:30:00-05:00,2.1601388081229267e-05,2.3466772432566113e-05,-3.607140106462435e-05
2019-01-11 12:45:00-05:00,-2.9036544828209347e-05,-1.0227648084991654e-06,9.811559798728528e-05
2019-01-11 13:00:00-05:00,-1.1206596882761847e-05,-2.2962135915276033e-06,0.00010797282039778157
2019-01-11 13:15:00-05:00,2.4500666066825486e-05,-2.1170598513153472e-05,0.00011879154388727579
2019-01-11 13:30:00-05:00,-1.700988974927015e-05,-3.7015869080116016e-05,4.1799007045731305e-05
2019-01-11 13:45:00-05:00,-2.6741002166822996e-05,-3.4636970009546147e-06,0.0001730133011144623
2019-01-11 14:00:00-05:00,4.3648602054840275e-06,1.629152838360212e-05,0.0002114833974363128
2019-01-11 14:15:00-05:00,-4.863791618690074e-05,-1.0648682985140791e-05,5.5600713759852434e-05
2019-01-11 14:30:00-05:00,1.9354725524094986e-05,-3.610173529988923e-05,-1.0376238744258614e-05
2019-01-11 14:45:00-05:00,2.4089738957381104e-05,-2.3214171891172227e-05,9.29649845167452e-05
2019-01-11 15:00:00-05:00,-1.7195323869676575e-05,-2.8291265608077728e-05,4.1534982727368116e-05
2019-01-11 15:15:00-05:00,6.916645670276057e-06,6.672919718749457e-06,-8.863680420656481e-05
2019-01-11 15:30:00-05:00,3.4954704920597146e-05,1.6880566109195471e-06,-0.00014490694294830818
2019-01-14 10:15:00-05:00,-4.368192528012414e-05,-2.25838101490302e-05,3.449296209057257e-05
2019-01-14 10:30:00-05:00,-6.834906906433446e-06,9.857519702909336e-06,4.174450737262768e-05
2019-01-14 10:45:00-05:00,1.5576041353701417e-06,-3.7557754467517237e-06,0.00010644915295256316
2019-01-14 11:00:00-05:00,-6.847704029146036e-05,-2.8950035560369935e-05,0.00011995847603669424
2019-01-14 11:15:00-05:00,-3.3493210105237136e-05,-3.0162359861784035e-05,2.341263004363634e-05
2019-01-14 11:30:00-05:00,-1.7211371788635407e-06,9.451482785235701e-07,0.00020341495563229797
2019-01-14 11:45:00-05:00,1.0309207780017732e-06,2.003660389220084e-06,-1.7054944724004053e-05
2019-01-14 12:00:00-05:00,4.181760635602317e-06,-4.691731583735193e-06,-1.8123651789832883e-05
2019-01-14 12:15:00-05:00,-4.437825584452392e-05,1.0100772432443754e-05,-5.811270090367949e-06
2019-01-14 12:30:00-05:00,-3.642830121459036e-05,-8.765860549473586e-06,2.8754060275319693e-06
2019-01-14 12:45:00-05:00,-1.1003849696769772e-05,-1.2564417718941353e-05,6.877095167308957e-05
2019-01-14 13:00:00-05:00,4.300908568958054e-06,-1.7457898295630127e-05,5.386972426482566e-05
2019-01-14 13:15:00-05:00,-5.392530233914408e-06,-1.955088520609622e-05,-0.00020005002009933649
2019-01-14 13:30:00-05:00,7.371873117648975e-06,-2.3166007558506814e-06,-8.366334273696191e-05
2019-01-14 13:45:00-05:00,-1.1907293858982296e-05,-4.092686061695109e-06,-5.0666537358556393e-05
2019-01-14 14:00:00-05:00,1.80195248658365e-05,-9.471988968743158e-06,0.00011854910035567702
2019-01-14 14:15:00-05:00,-4.975157836122452e-06,-2.402819025426413e-05,-4.094563627527854e-05
2019-01-14 14:30:00-05:00,-1.2699855608296501e-05,-1.0991791813238954e-05,8.501813497356799e-05
2019-01-14 14:45:00-05:00,3.7307337000572136e-05,-1.578480702305146e-05,2.1141289453113262e-05
2019-01-14 15:00:00-05:00,-2.704825921104783e-05,-2.5556554243745802e-05,-6.923616015361625e-05
2019-01-14 15:15:00-05:00,-6.390753715713375e-06,-1.208462530041447e-05,1.2998185735315942e-06
2019-01-14 15:30:00-05:00,-2.100908030908981e-05,9.812446259815292e-05,-5.754723131235945e-05
2019-01-15 10:15:00-05:00,-1.7599002301030313e-05,1.0323955581113586e-05,-0.00013375496920074284
2019-01-15 10:30:00-05:00,-2.813569972676812e-05,-1.955074980950015e-05,0.00013074618089661575
2019-01-15 10:45:00-05:00,-2.7561461976715948e-05,-9.05630139755754e-06,5.907538892491789e-06
2019-01-15 11:00:00-05:00,2.476493443378404e-05,9.987005084450394e-06,-0.00011455529421543484
2019-01-15 11:15:00-05:00,-3.980140206958913e-05,-1.14846606583649e-05,0.00011158611828691874
2019-01-15 11:30:00-05:00,-5.544208940230939e-05,-5.018103846095546e-06,4.314062222689181e-05
2019-01-15 11:45:00-05:00,-2.694625587912611e-05,-1.5563194414488916e-05,0.0001615934444742815
2019-01-15 12:00:00-05:00,9.386625009344559e-07,-2.1424335979489337e-05,-0.00010598969134102964
2019-01-15 12:15:00-05:00,2.397683421032221e-06,-1.4338225236060074e-07,-4.62010544195845e-05
2019-01-15 12:30:00-05:00,6.112810452273438e-06,-2.4108604405374975e-05,1.3894600854829195e-05
2019-01-15 12:45:00-05:00,-8.711482744111018e-06,-2.580523357646986e-05,4.944243850686911e-05
2019-01-15 13:00:00-05:00,3.8804932286086055e-05,-8.553559572353945e-06,5.711700617003944e-05
2019-01-15 13:15:00-05:00,3.344253862636034e-05,-1.556280332023081e-05,-4.097433370850941e-05
2019-01-15 13:30:00-05:00,3.7708282869288044e-05,-1.8806046251263333e-05,5.540529156449936e-05
2019-01-15 13:45:00-05:00,1.5142721033548321e-05,5.5843322957609236e-06,-4.11244045605414e-05
2019-01-15 14:00:00-05:00,3.88646596077543e-05,-1.4928025619271094e-05,9.133282004005736e-05
2019-01-15 14:15:00-05:00,2.1369755588441623e-07,-7.246157572348401e-07,1.6931981290053342e-05
2019-01-15 14:30:00-05:00,1.7637444720691558e-05,-1.0523535251709954e-05,0.00012512451724137934
2019-01-15 14:45:00-05:00,1.5892763635371384e-05,-9.040728980892174e-06,2.526008957883548e-05
2019-01-15 15:00:00-05:00,1.5695287275862723e-05,-1.4221490008724982e-05,5.479571883500029e-06
2019-01-15 15:15:00-05:00,-2.2023648538988228e-05,-4.098836706565885e-05,-9.198762075522179e-05
2019-01-15 15:30:00-05:00,-3.381512278453389e-05,6.926975568441954e-07,-0.00011266024561595399
2019-01-16 10:15:00-05:00,-1.7421220453067996e-05,-1.7397465762231998e-05,6.958653863841936e-05
2019-01-16 10:30:00-05:00,3.830204609562127e-06,1.6269788409510118e-05,5.7749464110847266e-05
2019-01-16 10:45:00-05:00,3.559658022970954e-05,2.3453609567751676e-05,0.00013201955976078252
2019-01-16 11:00:00-05:00,8.335942540794949e-06,3.5994663833822144e-06,8.00000336510549e-05
2019-01-16 11:15:00-05:00,2.117075803844331e-05,-2.535490190990308e-05,0.00012799418129952594
2019-01-16 11:30:00-05:00,2.9766919593832244e-05,-3.549967857830131e-05,0.0001202220858392549
2019-01-16 11:45:00-05:00,4.169563169898285e-05,-2.334250919913671e-06,5.769045016381881e-05
2019-01-16 12:00:00-05:00,-9.283383341377234e-06,-2.8329839136088177e-05,-1.0383891343744325e-07
2019-01-16 12:15:00-05:00,2.6382517440804836e-05,-1.4946411257505663e-05,-3.144415100626999e-05
2019-01-16 12:30:00-05:00,2.888709717209507e-05,2.2649848568062386e-06,-4.020087229491318e-05
2019-01-16 12:45:00-05:00,2.325001503441553e-05,-8.942466095665803e-06,5.253200506166298e-06
2019-01-16 13:00:00-05:00,1.873969183285978e-05,-1.4810939302713184e-05,4.853160760848543e-05
2019-01-16 13:15:00-05:00,3.090519744333267e-05,1.1846091431662877e-06,8.799898100988508e-05
2019-01-16 13:30:00-05:00,1.0753825117202277e-05,-1.2293349993597359e-05,4.299132472060794e-05
2019-01-16 13:45:00-05:00,4.5491740845519116e-05,-1.7750731058653414e-05,5.811474608527369e-06
2019-01-16 14:00:00-05:00,1.5290033361373093e-05,-1.2174844020173873e-05,-3.440091096689574e-05
2019-01-16 14:15:00-05:00,4.570147294675187e-05,-2.145204044839894e-05,-2.1494882272331508e-05
2019-01-16 14:30:00-05:00,3.201840475830189e-05,-3.394775836806453e-05,-4.2697118931860706e-05
2019-01-16 14:45:00-05:00,2.1124883550614157e-06,6.941587638511877e-07,1.3807712851662305e-05
2019-01-16 15:00:00-05:00,-1.845146398112374e-05,-8.849030017220444e-06,-6.6465968874177264e-06
2019-01-16 15:15:00-05:00,1.531002704797086e-05,-2.0863128317174296e-05,-1.4395662333649374e-05
2019-01-16 15:30:00-05:00,-3.483500572739645e-05,-1.6690779623322278e-05,-0.00011135599818208756
2019-01-17 10:15:00-05:00,-2.708112808212127e-05,4.262164340862644e-05,0.00011977501016963308
2019-01-17 10:30:00-05:00,-8.637300686751821e-06,5.40779970261997e-06,-1.2322132517490103e-05
2019-01-17 10:45:00-05:00,8.251912584137255e-06,1.7788033684293785e-06,0.00022627157949552178
2019-01-17 11:00:00-05:00,-4.551265703080015e-05,-7.533676909124941e-06,0.0001830115233551593
2019-01-17 11:15:00-05:00,-3.40835513120354e-05,-1.4256334610873845e-05,0.00016928244623758642
2019-01-17 11:30:00-05:00,2.037797516222878e-05,-1.294326409514628e-05,0.00015139126941285538
2019-01-17 11:45:00-05:00,2.977379347850705e-06,-1.6585939045058144e-07,7.598138383029719e-06
2019-01-17 12:00:00-05:00,1.535544597807206e-05,-3.382905964985265e-05,-4.843219676893025e-06
2019-01-17 12:15:00-05:00,-1.633205857588539e-05,-2.280974911431482e-06,2.279347263363545e-05
2019-01-17 12:30:00-05:00,-1.7080304665590095e-05,-2.456080860945874e-06,5.370557278984058e-05
2019-01-17 12:45:00-05:00,-1.4858508280553079e-05,,5.025850599928141e-05
2019-01-17 13:00:00-05:00,2.854942148898224e-05,-9.39789269565653e-06,2.6044091785186155e-05
2019-01-17 13:15:00-05:00,-3.560149275429885e-05,0.00010586095768706343,8.438002130633781e-05
2019-01-17 13:30:00-05:00,2.068018617257106e-05,-9.703988391670245e-06,0.0001834718918318852
2019-01-17 13:45:00-05:00,6.232063143277201e-06,-2.0702635505444915e-05,-6.921116132532231e-06
2019-01-17 14:00:00-05:00,-2.0755819491912582e-05,-2.9504008789648958e-05,-2.9549149532613896e-05
2019-01-17 14:15:00-05:00,1.322330363545542e-05,3.43912044961852e-06,4.4781560796639775e-05
2019-01-17 14:30:00-05:00,-2.231511573787123e-05,-2.8924773149400875e-05,-2.2228370427613447e-05
2019-01-17 14:45:00-05:00,-9.254480208601124e-05,2.4038711780226304e-06,-1.7823704137095682e-05
2019-01-17 15:00:00-05:00,2.0758714399245553e-06,-1.6810569741972215e-05,0.00026408478449045593
2019-01-17 15:15:00-05:00,-1.7247231815471254e-05,-2.4827065930517472e-05,0.00012322593890193092
2019-01-17 15:30:00-05:00,1.7286216512036324e-05,8.355601628956881e-06,-6.101484191528492e-06
2019-01-18 10:15:00-05:00,-1.765835620222952e-05,4.11492113272964e-05,-7.334712552739665e-06
2019-01-18 10:30:00-05:00,4.224301335889085e-05,-2.312413839274386e-05,0.0001526297267723374
2019-01-18 10:45:00-05:00,-9.245433129170215e-05,-3.733362009142313e-05,0.00017025743143838664
2019-01-18 11:00:00-05:00,-5.2164901183551635e-05,1.0376513396131324e-05,0.00012954048535402017
2019-01-18 11:15:00-05:00,-3.5982720594065526e-05,-2.741809282586161e-05,1.0863208528413959e-05
2019-01-18 11:30:00-05:00,-5.526792812112692e-05,-1.9619898705658604e-05,-1.2849569001533436e-05
2019-01-18 11:45:00-05:00,-0.00012867430608328766,8.21540031224492e-06,4.56462338888971e-05
2019-01-18 12:00:00-05:00,-2.5170707633689233e-05,-1.196298604660106e-05,-1.884071976735733e-05
2019-01-18 12:15:00-05:00,-4.807643803583131e-05,-2.614088683328705e-05,7.585344245492904e-05
2019-01-18 12:30:00-05:00,-5.365906679877208e-05,-3.790149495793716e-05,0.00014770123935582048
2019-01-18 12:45:00-05:00,-4.388426437006304e-05,-1.713420298126934e-05,7.13285565738453e-05
2019-01-18 13:00:00-05:00,-1.4428219473380164e-05,-3.064105412657116e-05,-0.00012220955982899164
2019-01-18 13:15:00-05:00,-1.9533730316376006e-05,-2.3847097675773344e-05,-2.64430472874526e-05
2019-01-18 13:30:00-05:00,-5.764297779824698e-06,3.0738297768973663e-06,-7.888582869273347e-05
2019-01-18 13:45:00-05:00,1.744104782320348e-05,-7.939326783411377e-08,-9.451364308758673e-06
2019-01-18 14:00:00-05:00,3.522347903271185e-06,-6.081871353113757e-06,6.880310937909672e-05
2019-01-18 14:15:00-05:00,4.9218941698745243e-05,-2.6093982108399416e-05,7.596057188966217e-05
2019-01-18 14:30:00-05:00,-4.2991908373519066e-05,-1.50547336383945e-05,0.00014825051653548075
2019-01-18 14:45:00-05:00,-1.4414785797069096e-05,-1.4337302932831904e-05,3.589648014785849e-05
2019-01-18 15:00:00-05:00,-4.5473279190407226e-05,-3.2394942426920664e-05,5.8346967390886324e-05
2019-01-18 15:15:00-05:00,1.5581149901187234e-06,-3.270842244338502e-05,-6.939577113484384e-05
2019-01-18 15:30:00-05:00,-3.4794213959737837e-06,-4.761499083011278e-06,-7.568211580653267e-05
2019-01-21 10:15:00-05:00,,,
2019-01-21 10:30:00-05:00,,,
2019-01-21 10:45:00-05:00,,,
2019-01-21 11:00:00-05:00,,,
2019-01-21 11:15:00-05:00,,,
2019-01-21 11:30:00-05:00,,,
2019-01-21 11:45:00-05:00,,,
2019-01-21 12:00:00-05:00,,,
2019-01-21 12:15:00-05:00,,,
2019-01-21 12:30:00-05:00,,,
2019-01-21 12:45:00-05:00,,,
2019-01-21 13:00:00-05:00,,,
2019-01-21 13:15:00-05:00,,,
2019-01-21 13:30:00-05:00,,,
2019-01-21 13:45:00-05:00,,,
2019-01-21 14:00:00-05:00,,,
2019-01-21 14:15:00-05:00,,,
2019-01-21 14:30:00-05:00,,,
2019-01-21 14:45:00-05:00,,,
2019-01-21 15:00:00-05:00,,,
2019-01-21 15:15:00-05:00,,,
2019-01-21 15:30:00-05:00,,,
2019-01-22 10:15:00-05:00,,,
2019-01-22 10:30:00-05:00,,,
2019-01-22 10:45:00-05:00,,,
2019-01-22 11:00:00-05:00,,,
2019-01-22 11:15:00-05:00,,,
2019-01-22 11:30:00-05:00,-9.126336649682783e-07,-1.099943400830851e-05,1.1568419561023927e-05
2019-01-22 11:45:00-05:00,-4.812424226230445e-05,-1.6042846161296375e-05,3.8672074065747674e-05
2019-01-22 12:00:00-05:00,-7.96388155996621e-06,-1.2317409536851836e-05,0.0001829837398008981
2019-01-22 12:15:00-05:00,-4.33902328585485e-05,-1.203464067889689e-05,5.027532222018942e-05
2019-01-22 12:30:00-05:00,4.389881684388662e-07,-1.6842160923188545e-05,9.643358777386719e-05
2019-01-22 12:45:00-05:00,-2.1509716079647395e-05,-2.3567530723184675e-05,6.69226534296841e-05
2019-01-22 13:00:00-05:00,-2.09582543993664e-05,-1.8861505664819314e-05,-4.8677353764027744e-05
2019-01-22 13:15:00-05:00,-5.000058992541564e-06,-2.7616209731510223e-05,0.00010344972774586524
2019-01-22 13:30:00-05:00,2.3966740161451874e-05,-1.5945365211824592e-05,0.00014893489081508872
2019-01-22 13:45:00-05:00,1.3146255038712658e-05,3.0465514462066234e-05,8.182535165612086e-05
2019-01-22 14:00:00-05:00,3.5132472871501016e-06,-1.5065057223661921e-05,-9.128714285120003e-05
2019-01-22 14:15:00-05:00,-3.766912737315466e-05,-9.073514669249843e-06,0.00010709774284057502
2019-01-22 14:30:00-05:00,1.718605118780057e-05,1.3383479743795173e-05,0.00013410465197227455
2019-01-22 14:45:00-05:00,-1.6008068593089423e-05,9.314083344538411e-05,0.00020889801316865573
2019-01-22 15:00:00-05:00,-2.529961803601633e-07,-2.4891065232654388e-05,0.00023424269655926107
2019-01-22 15:15:00-05:00,-3.726130407434569e-05,-2.4296246207141174e-05,0.00013675996281722254
2019-01-22 15:30:00-05:00,-1.5502762011721e-05,-2.50430433731404e-05,-1.944384517370469e-05
2019-01-23 10:15:00-05:00,-1.9257701984181727e-05,-1.828778084875586e-05,-9.660354708340126e-06
2019-01-23 10:30:00-05:00,-4.639191808222904e-06,-1.8520832453900496e-05,4.956813123103023e-05
2019-01-23 10:45:00-05:00,-4.407344628321779e-06,-1.167521226849701e-05,6.358178580858686e-05
2019-01-23 11:00:00-05:00,-1.7591277966216743e-05,-8.028017326723916e-06,-1.1523023811739047e-05
2019-01-23 11:15:00-05:00,-4.390268065302798e-05,-4.232176403239458e-05,-1.5050236581830791e-05
2019-01-23 11:30:00-05:00,-5.8021147916730465e-05,-2.538634230238278e-05,0.00015117690052886856
2019-01-23 11:45:00-05:00,-2.6219389682910307e-05,-1.0985263141854885e-05,5.5497273632096407e-05
2019-01-23 12:00:00-05:00,-3.241355892668537e-05,-2.77427847587016e-05,4.78543219670866e-05
2019-01-23 12:15:00-05:00,-4.3573602789966255e-05,-2.1855769708234283e-05,5.0622866525174224e-05
2019-01-23 12:30:00-05:00,-2.5537328961218782e-05,1.8967154890473487e-05,1.727747568128975e-05
2019-01-23 12:45:00-05:00,-1.9410323518949012e-07,-2.448098091606254e-05,9.602643226385613e-05
2019-01-23 13:00:00-05:00,1.4585685286156214e-05,-1.2569417717415844e-05,9.094709359008403e-05
2019-01-23 13:15:00-05:00,1.1588585970726033e-05,-3.3534616979248618e-06,0.000160606542898173
2019-01-23 13:30:00-05:00,1.5585742160321745e-05,-4.9961222295183126e-06,0.00012425074764204665
2019-01-23 13:45:00-05:00,-4.0388490428754445e-05,-9.367398597434727e-06,6.854227735944317e-05
2019-01-23 14:00:00-05:00,-1.6689130876465924e-05,-3.952530320185036e-06,-5.310960468592398e-06
2019-01-23 14:15:00-05:00,3.455929611431462e-05,-2.0474513075745804e-05,0.00015660679270185657
2019-01-23 14:30:00-05:00,-4.453446722149851e-06,4.755144177174763e-08,0.0001145179139448675
2019-01-23 14:45:00-05:00,1.7848455393651593e-05,-3.065347377244439e-05,-1.1780024029665297e-05
2019-01-23 15:00:00-05:00,1.9372494970558305e-05,-2.069959652222366e-05,3.677182411140872e-06
2019-01-23 15:15:00-05:00,1.3775493055519814e-05,-1.9931582799389206e-05,-1.777510384990593e-05
2019-01-23 15:30:00-05:00,8.217234450761838e-06,-1.1880539099160163e-05,-0.00011586634512536433
2019-01-24 10:15:00-05:00,-1.675050699153254e-05,-3.600402321786699e-05,-5.9642876596309594e-05
2019-01-24 10:30:00-05:00,1.3357088694859352e-06,1.6627732876122875e-05,4.947007833472492e-05
2019-01-24 10:45:00-05:00,2.42265186635919e-06,-3.356924710965317e-05,-6.734443668029683e-05
2019-01-24 11:00:00-05:00,-2.0123351931908305e-05,-1.3558973014709757e-05,0.00015259865690670911
2019-01-24 11:15:00-05:00,-5.552909160256981e-05,0.0001427234493298042,0.00029733382839752966
2019-01-24 11:30:00-05:00,-1.4502614343102427e-05,-1.4266783306504695e-05,0.00010651172975635122
2019-01-24 11:45:00-05:00,-2.8310207343465956e-05,-3.844192945456775e-06,9.2863711749756e-05
2019-01-24 12:00:00-05:00,1.784759832000163e-05,-8.670460352983e-06,0.000189714955632831
2019-01-24 12:15:00-05:00,-3.2294591790981283e-06,-2.985435029536322e-06,4.6075300654314563e-05
2019-01-24 12:30:00-05:00,-2.6313525346586764e-06,-2.6576348644894707e-05,0.00012333406496271547
2019-01-24 12:45:00-05:00,-5.814441967168573e-06,-2.1342351790476747e-05,-2.2480480045728945e-06
2019-01-24 13:00:00-05:00,-8.274423628198712e-06,-2.2328988091958945e-05,-2.4713514759859514e-06
2019-01-24 13:15:00-05:00,-3.543770099687797e-05,-1.5038039491131745e-05,-0.0001693835150389731
2019-01-24 13:30:00-05:00,-1.956701256376164e-05,-3.018131757101714e-05,8.707715671125364e-05
2019-01-24 13:45:00-05:00,-4.5428496808379855e-06,-1.510954190650007e-06,0.00011875641670926971
2019-01-24 14:00:00-05:00,1.5361210687515934e-05,-8.511799702472017e-06,0.00015510588183991898
2019-01-24 14:15:00-05:00,-1.789640345925336e-05,-1.806059924008416e-05,3.585591308532807e-05
2019-01-24 14:30:00-05:00,1.610079996142724e-05,-2.8944291461325927e-06,6.983666089769486e-05
2019-01-24 14:45:00-05:00,-9.248631482456819e-06,-3.406144643355573e-05,-4.829291784512881e-05
2019-01-24 15:00:00-05:00,-3.97854288859784e-06,-5.973021338696628e-06,-5.833654423347276e-05
2019-01-24 15:15:00-05:00,-2.7208318425542218e-05,-5.203735890276501e-06,-1.936421474511026e-05
2019-01-24 15:30:00-05:00,1.5108784728300932e-05,-4.590340371560008e-05,5.421548160527834e-05
2019-01-25 10:15:00-05:00,-5.087801913966406e-05,-6.432582880454582e-06,0.00010823527583982438
2019-01-25 10:30:00-05:00,2.1197342219260502e-05,-2.4414506489699845e-05,0.00016899487275985384
2019-01-25 10:45:00-05:00,-1.8416742947541187e-05,1.41936372388549e-06,0.00018394628018051086
2019-01-25 11:00:00-05:00,2.293076464129941e-05,-1.1503363287396539e-05,0.0001506981743366034
2019-01-25 11:15:00-05:00,9.658444584793782e-06,-1.465319545304499e-05,-0.00013166485416850056
2019-01-25 11:30:00-05:00,-8.548122882016204e-05,-2.03798250834503e-06,-6.16696602681525e-05
2019-01-25 11:45:00-05:00,-1.4684470006261318e-05,-1.4889002172924069e-06,0.00011040951998660008
2019-01-25 12:00:00-05:00,-4.6228299423395277e-05,-3.12770290861344e-05,6.273843078806931e-05
2019-01-25 12:15:00-05:00,-3.564303651258472e-05,-3.729690494776744e-06,0.00010811561157493175
2019-01-25 12:30:00-05:00,-4.7934326086902386e-05,-1.2973300478696097e-06,0.00018685383192858254
2019-01-25 12:45:00-05:00,-1.6925410196401864e-06,-1.7973011753198735e-05,0.00030580785135475705
2019-01-25 13:00:00-05:00,-6.298621078908818e-06,9.265351398218439e-06,0.00011012309359717491
2019-01-25 13:15:00-05:00,-3.758294291548869e-05,-1.6718586683163044e-05,-2.6564500839018077e-05
2019-01-25 13:30:00-05:00,-1.9650474314885233e-05,-5.868132908305029e-06,7.685476498353365e-05
2019-01-25 13:45:00-05:00,-3.077671604660826e-05,-1.5844302798099677e-05,0.00018442605915961323
2019-01-25 14:00:00-05:00,3.575015557162267e-05,-1.717620475273283e-05,0.00019031670587306676
2019-01-25 14:15:00-05:00,9.670505807534502e-06,-1.1836086408667554e-05,3.127144533578322e-05
2019-01-25 14:30:00-05:00,1.9830728500516962e-05,-2.059208504753355e-05,6.113986162509389e-05
2019-01-25 14:45:00-05:00,5.371662682007493e-05,-1.603410259462943e-05,4.425428272057165e-06
2019-01-25 15:00:00-05:00,4.303851155455636e-05,-2.1600245936488215e-05,0.00012544529401201137
2019-01-25 15:15:00-05:00,1.2541843467293104e-06,-2.6862093914297598e-05,-6.777644657708576e-05
2019-01-25 15:30:00-05:00,-1.8441814484935458e-05,-1.692729289390861e-05,-5.265755810190807e-05
2019-01-28 10:15:00-05:00,6.563468266514832e-06,4.217050588507455e-05,0.00016205979674628585
2019-01-28 10:30:00-05:00,2.3622349112728184e-06,-1.8666641819169649e-06,0.000285363173262217
2019-01-28 10:45:00-05:00,5.096096060806749e-06,0.0001148550362207614,0.0005349652260200226
2019-01-28 11:00:00-05:00,-3.4899233956893015e-06,-4.349345363780899e-05,4.2200142921382305e-05
2019-01-28 11:15:00-05:00,-6.969443537596775e-05,-3.867494902875001e-06,1.5173970958350079e-05
2019-01-28 11:30:00-05:00,1.0464230635361597e-05,-3.189890216036564e-05,-3.1994031808173146e-05
2019-01-28 11:45:00-05:00,-2.3522204372221013e-05,-2.786773454479785e-05,-0.00018006171409958496
2019-01-28 12:00:00-05:00,-1.3017613061374601e-08,-2.111121288642819e-05,0.0002350755454135352
2019-01-28 12:15:00-05:00,2.3462702077811378e-05,9.222491690342945e-06,-9.185578053531539e-06
2019-01-28 12:30:00-05:00,1.832943898392543e-05,2.8524562766386523e-06,-0.00010521265907254386
2019-01-28 12:45:00-05:00,-2.5177104474172802e-05,-5.920443142400715e-06,-0.0002539533320527154
2019-01-28 13:00:00-05:00,-6.206568843904251e-07,-2.147293013452138e-05,-0.00021241564782711306
2019-01-28 13:15:00-05:00,8.256723937005926e-07,-1.1289398744104202e-05,-1.4714474725339414e-05
2019-01-28 13:30:00-05:00,-2.2012544528788202e-05,-1.4595532524235539e-05,5.34850508585289e-05
2019-01-28 13:45:00-05:00,8.374691492681042e-06,-1.2858053291725312e-05,-5.9933582997466814e-05
2019-01-28 14:00:00-05:00,-2.1755045283092716e-05,-6.088891764724633e-06,-6.54818241987575e-05
2019-01-28 14:15:00-05:00,1.2296267930819565e-05,-4.813928218607964e-06,-0.00015433076490459666
2019-01-28 14:30:00-05:00,2.295923831019411e-06,-1.2257492118829155e-05,9.02991025781321e-06
2019-01-28 14:45:00-05:00,-3.666086645147388e-05,-1.587461393325212e-05,-1.1105268406596023e-05
2019-01-28 15:00:00-05:00,1.7051590729856964e-05,2.772241886952661e-06,-3.507724366213475e-05
2019-01-28 15:15:00-05:00,-4.332517143799923e-05,-1.6622771148749536e-05,-2.3337643403985912e-05
2019-01-28 15:30:00-05:00,-4.93764017762062e-06,-5.299069500796858e-06,-7.915772266739643e-05
2019-01-29 10:15:00-05:00,-3.005609950315415e-05,-3.3343081850763196e-05,-3.746654256850628e-06
2019-01-29 10:30:00-05:00,-5.771543601945351e-06,3.453803910836179e-05,0.00015057202083579494
2019-01-29 10:45:00-05:00,-3.3212337029090745e-05,-1.0700963869726432e-05,-2.2368103842078857e-05
2019-01-29 11:00:00-05:00,-6.0921074800803973e-05,2.3554326234453814e-05,9.005427761431796e-05
2019-01-29 11:15:00-05:00,-3.9661987511035636e-05,-2.3444160710495843e-05,1.511177099814676e-05
2019-01-29 11:30:00-05:00,-6.692979483266596e-05,2.039722916037429e-05,-8.03149547668652e-05
2019-01-29 11:45:00-05:00,-2.9181198829220213e-05,-2.1955552080489648e-06,-5.82201256858879e-05
2019-01-29 12:00:00-05:00,-2.9835779424491835e-05,2.0773504765499316e-06,-0.00020217470800441327
2019-01-29 12:15:00-05:00,-2.7034476161330467e-05,-2.1917267648318622e-05,-0.00011086713689028301
2019-01-29 12:30:00-05:00,4.014054701775988e-06,-1.777252494142044e-06,-0.00010007399907300682
2019-01-29 12:45:00-05:00,1.1768635678034208e-05,-2.071387432141836e-05,-0.00012683480439403693
2019-01-29 13:00:00-05:00,2.412634330427022e-05,-2.8681443850033376e-05,-0.00015895386625527924
2019-01-29 13:15:00-05:00,-1.1439090868012347e-05,-1.562950252561231e-05,-0.00018523654607490434
2019-01-29 13:30:00-05:00,-1.555233946741741e-05,-2.1854956313447276e-05,-0.0001828226997944579
2019-01-29 13:45:00-05:00,-6.826091641325348e-05,-1.6624167274824863e-05,-0.00012150154984760248
2019-01-29 14:00:00-05:00,-8.569717639193009e-06,-2.006618438332792e-05,-6.767948810416183e-05
2019-01-29 14:15:00-05:00,-6.935914819837786e-05,-3.83242812865481e-06,-0.00010317137770140381
2019-01-29 14:30:00-05:00,-1.0666114485666902e-05,-1.5218740768071067e-05,-8.512899582017364e-05
2019-01-29 14:45:00-05:00,-4.280603612572169e-05,-1.4562617701818674e-05,-7.336163723053917e-06
2019-01-29 15:00:00-05:00,-6.030109014541281e-05,-1.5083296817530362e-05,-1.7901267346533268e-05
2019-01-29 15:15:00-05:00,-3.558629976312124e-06,-1.4140771348500777e-05,-0.00011794843890708626
2019-01-29 15:30:00-05:00,-1.981121204737958e-05,-1.0274810303281535e-05,-0.000116527677831977
2019-01-30 10:15:00-05:00,-8.567515959112278e-05,1.931016445040626e-05,0.0001318718201031719
2019-01-30 10:30:00-05:00,-7.132975989614535e-05,9.522477267329703e-06,9.840139620408721e-05
2019-01-30 10:45:00-05:00,-1.0076709704838041e-05,-2.0871410807474433e-06,0.00013545393059687889
2019-01-30 11:00:00-05:00,-4.644837328213165e-05,1.4865740795863899e-05,-1.9838792490718267e-05
2019-01-30 11:15:00-05:00,-3.6602440893102795e-05,-3.963007840504066e-05,0.0001623111922012501
2019-01-30 11:30:00-05:00,3.911151575771317e-05,-3.5632946738583614e-05,-2.4945552278371486e-06
2019-01-30 11:45:00-05:00,-2.3415769238204156e-05,-2.865799161586352e-05,3.901260944584689e-05
2019-01-30 12:00:00-05:00,2.395955286669256e-06,-9.775530806811605e-06,-1.1620694623098848e-05
2019-01-30 12:15:00-05:00,-2.4096246619376496e-05,-1.8485827625344674e-05,-3.609461866693832e-05
2019-01-30 12:30:00-05:00,2.5557319294069106e-07,0.00010445233180624429,-7.059202244419499e-05
2019-01-30 12:45:00-05:00,-8.91486323883483e-05,1.0938894723741533e-05,-2.7638810537384164e-05
2019-01-30 13:00:00-05:00,-2.6601801843861872e-05,2.755048296277071e-05,4.680361339484634e-05
2019-01-30 13:15:00-05:00,-4.0497282433783347e-05,-1.5767562271028406e-05,5.839030395966784e-06
2019-01-30 13:30:00-05:00,-1.1101015531746312e-05,-1.4803059609541022e-06,-3.4976185068951854e-05
2019-01-30 13:45:00-05:00,-1.3143036657791837e-05,1.404017567178352e-06,-3.7532485093677594e-05
2019-01-30 14:00:00-05:00,3.3183898154312434e-06,-1.846994450292279e-05,0.00017662128517190986
2019-01-30 14:15:00-05:00,-1.471857782546194e-05,6.423555361046837e-06,-4.3431364154145956e-05
2019-01-30 14:30:00-05:00,3.0355298548060693e-05,-1.4610144681763005e-05,-3.4646638569050204e-05
2019-01-30 14:45:00-05:00,2.6566713903637997e-05,-6.766829454621019e-06,4.923602639402087e-05
2019-01-30 15:00:00-05:00,-4.274100051141549e-05,-1.3461872294287497e-05,2.1750745943398955e-05
2019-01-30 15:15:00-05:00,1.694311850018864e-05,-1.1858839900553687e-05,-7.729163980533533e-05
2019-01-30 15:30:00-05:00,8.499902914824674e-06,-3.7062752768326316e-05,1.1484253902749146e-05
2019-01-31 10:15:00-05:00,-4.721249374917365e-05,6.944989769181149e-05,2.2289626354973333e-05
2019-01-31 10:30:00-05:00,-2.182738895987662e-05,-4.603100994952539e-05,7.155336650268023e-05
2019-01-31 10:45:00-05:00,-3.535010572120987e-05,-3.421410388422193e-05,-2.313775807590874e-05
2019-01-31 11:00:00-05:00,7.63611592365331e-06,3.3406718351150874e-05,8.69329205984139e-05
2019-01-31 11:15:00-05:00,3.422167361406978e-05,-6.042416957603465e-08,-1.2119373085961784e-06
2019-01-31 11:30:00-05:00,-1.3632434300157505e-07,3.2191153199852408e-06,1.2586341099725228e-05
2019-01-31 11:45:00-05:00,-8.59717701816602e-07,-3.1543951357757465e-05,-7.18218286845112e-05
2019-01-31 12:00:00-05:00,-1.383788850476328e-08,-2.5271704513215716e-05,8.317953968681939e-05
2019-01-31 12:15:00-05:00,-2.935039768008711e-05,-2.689168557539627e-05,-6.209462867725768e-05
2019-01-31 12:30:00-05:00,-1.705056780574693e-05,1.2755880288469863e-05,-2.3629809018002476e-05
2019-01-31 12:45:00-05:00,9.314754940025703e-06,6.241641804296828e-06,9.075519925776007e-05
2019-01-31 13:00:00-05:00,-4.1562357880088194e-05,4.729965659508322e-05,7.129426670069702e-05
2019-01-31 13:15:00-05:00,-5.811175131391522e-05,-3.1592375945799893e-06,8.943735794583189e-05
2019-01-31 13:30:00-05:00,-5.2049834167035416e-05,8.54264252020525e-06,6.422226695883072e-05
2019-01-31 13:45:00-05:00,-2.158326497196323e-05,-1.7601376287419782e-05,2.371333019391295e-05
2019-01-31 14:00:00-05:00,-2.5535683570443504e-05,2.109536482065415e-05,4.574307551202975e-05
2019-01-31 14:15:00-05:00,-4.6767255171823214e-05,4.0377753645928714e-05,-3.356536548897272e-05
2019-01-31 14:30:00-05:00,-4.10671922594071e-06,2.0217796866997548e-05,-1.7932196117348714e-05
2019-01-31 14:45:00-05:00,-1.5304443614678806e-05,-2.673063041969892e-05,-7.50486455599969e-05
2019-01-31 15:00:00-05:00,-2.2325116051604955e-05,-6.660301400097482e-06,-3.156796583707838e-05
2019-01-31 15:15:00-05:00,-1.2544692715977464e-05,-3.402907491329689e-05,-7.295814012480046e-05
2019-01-31 15:30:00-05:00,-2.0551636589634983e-05,1.6812305585741195e-05,-0.0001790709188882056
2019-02-01 10:15:00-05:00,-4.338725600616759e-05,2.7907720187000557e-05,3.588843723188302e-05
2019-02-01 10:30:00-05:00,-1.4605446633544671e-05,8.166641178999566e-06,4.221663153230697e-05
2019-02-01 10:45:00-05:00,2.8646667491239886e-05,-2.248709728509806e-06,0.00017687441150947432
2019-02-01 11:00:00-05:00,3.467897642638759e-05,-2.5936064445695678e-05,3.4302558231097406e-05
2019-02-01 11:15:00-05:00,-2.5199782315828313e-05,1.2897730221547416e-05,4.321854871701391e-05
2019-02-01 11:30:00-05:00,-1.4611799547836482e-05,-1.329957088770486e-06,-9.387486542632624e-07
2019-02-01 11:45:00-05:00,2.547938417694876e-05,-1.782087310740402e-06,-7.261894928529619e-05
2019-02-01 12:00:00-05:00,1.472147623238829e-05,-4.1994068143472915e-06,4.8908733560944546e-05
2019-02-01 12:15:00-05:00,-1.089520604340559e-05,-9.752391597061878e-06,-5.3693548172171835e-05
2019-02-01 12:30:00-05:00,-6.270002582551971e-05,-2.390497828188805e-05,5.860911586130004e-05
2019-02-01 12:45:00-05:00,-4.4409707758728585e-05,-2.9536313193172558e-05,7.185953431294131e-05
2019-02-01 13:00:00-05:00,-1.6532940351068124e-05,9.34369336608675e-06,-8.564631706084453e-06
2019-02-01 13:15:00-05:00,-1.3206363686952545e-05,1.2800421907326524e-05,-2.8312272050565505e-05
2019-02-01 13:30:00-05:00,-3.945082508829401e-05,-1.2535229035181658e-05,3.280807347396795e-05
2019-02-01 13:45:00-05:00,-2.4329204906508157e-05,8.58427928554836e-06,-5.013005819349778e-05
2019-02-01 14:00:00-05:00,-1.3018127822060004e-05,9.992555447722092e-06,-4.890106305127079e-05
2019-02-01 14:15:00-05:00,-8.192110980674384e-07,-4.4228771702135635e-05,-2.6418994793879027e-05
2019-02-01 14:30:00-05:00,5.575173667679992e-07,-2.3827269327824437e-06,2.6685870587262775e-05
2019-02-01 14:45:00-05:00,-3.339171541086453e-05,-9.114578796348756e-06,-6.885845771237841e-05
2019-02-01 15:00:00-05:00,-2.1405371038332263e-05,-7.220528230877756e-06,-9.602767294416148e-05
2019-02-01 15:15:00-05:00,9.989015011193928e-06,-2.1070239561374213e-06,-5.855898799862188e-05
2019-02-01 15:30:00-05:00,-6.6546879393193e-06,-8.965897858304655e-06,-3.241721550219575e-05
2019-02-04 10:15:00-05:00,-3.56268122252588e-05,-3.073257174756924e-05,-2.3467455325397744e-05
2019-02-04 10:30:00-05:00,-6.41904675620717e-05,-3.746451158628335e-05,0.00030793036083549645
2019-02-04 10:45:00-05:00,-2.302698747618521e-05,-2.2744852365309886e-05,0.00024192409762211316
2019-02-04 11:00:00-05:00,-1.9776225322359747e-05,-2.953771314421339e-05,-9.291594234320481e-05
2019-02-04 11:15:00-05:00,-6.991637687283029e-05,6.486243551941156e-06,9.121998259417361e-05
2019-02-04 11:30:00-05:00,-3.369700114439787e-06,-1.4499985878789575e-05,0.00017279997512986426
2019-02-04 11:45:00-05:00,-1.1728985844347204e-05,1.4012304953114336e-05,0.00019320476415033357
2019-02-04 12:00:00-05:00,-6.75804811130551e-07,-9.629770858212298e-06,1.3015595200103696e-05
2019-02-04 12:15:00-05:00,1.0517152979432191e-05,-1.5576118297591915e-05,1.369008183920545e-07
2019-02-04 12:30:00-05:00,-2.164951079780946e-05,-1.704304570947678e-05,0.0001313711566778402
2019-02-04 12:45:00-05:00,3.258564063441564e-06,6.099031932539979e-06,4.350658697449996e-05
2019-02-04 13:00:00-05:00,-3.347642483929868e-05,-2.6783895334855783e-05,1.1977828320813814e-05
2019-02-04 13:15:00-05:00,1.0230835396163846e-05,3.6315610555763407e-06,-6.576589994609646e-05
2019-02-04 13:30:00-05:00,-2.6368763591544754e-05,-2.9980874675227583e-05,0.00010773656809303943
2019-02-04 13:45:00-05:00,-3.1575841222371945e-06,-2.2572780776771228e-06,-1.2239676832917482e-06
2019-02-04 14:00:00-05:00,7.3018578953227735e-06,-2.5643319979457798e-05,-2.9217228909354367e-05
2019-02-04 14:15:00-05:00,-1.861580477438856e-05,-2.6237401349090203e-05,1.897996524209821e-05
2019-02-04 14:30:00-05:00,1.068943628941795e-05,-1.7405211549938845e-05,5.142554380520499e-05
2019-02-04 14:45:00-05:00,-2.3531712573570955e-05,-1.0182472514794167e-05,3.5825586994001546e-05
2019-02-04 15:00:00-05:00,-2.1121126256531238e-05,-3.415862708135318e-05,-9.600553029344964e-05
2019-02-04 15:15:00-05:00,5.644623991622071e-06,-2.099811412667753e-05,-8.928328019354768e-05
2019-02-04 15:30:00-05:00,9.215657646521688e-06,-9.067380004975833e-06,-2.8708119918801977e-05
2019-02-05 10:15:00-05:00,-1.9900154398721048e-05,8.797415752100226e-06,-4.76223736449268e-05
2019-02-05 10:30:00-05:00,-3.9046166440675754e-05,-2.150585380220245e-05,1.91572047412908e-05
2019-02-05 10:45:00-05:00,-2.9128602380955195e-05,-1.1579691183066292e-05,-7.266228996466405e-05
2019-02-05 11:00:00-05:00,-2.16511885021002e-05,-1.8593693624449523e-05,6.161928379531291e-05
2019-02-05 11:15:00-05:00,-5.264487994587718e-05,2.412090159086655e-05,7.998157064584135e-05
2019-02-05 11:30:00-05:00,-5.216658145851534e-06,-4.544415092543263e-05,0.00010135592124543975
2019-02-05 11:45:00-05:00,-2.0043404615965455e-05,-3.688616357703574e-05,-0.00015199367524528664
2019-02-05 12:00:00-05:00,-3.833522354169299e-05,-5.241703162361482e-06,-4.981763318864783e-05
2019-02-05 12:15:00-05:00,-5.05937676119778e-06,-2.6270108779679357e-05,-3.218507413192598e-05
2019-02-05 12:30:00-05:00,-1.0942971293504149e-05,-1.6160423291159364e-05,2.3534697245803962e-05
2019-02-05 12:45:00-05:00,-2.6034204961116796e-05,-1.822903678591947e-05,5.145819658674704e-06
2019-02-05 13:00:00-05:00,-1.6224319985090436e-05,-1.2539787074184209e-05,0.00010506063273615846
2019-02-05 13:15:00-05:00,-2.572379398589252e-05,-7.081002129533179e-06,-4.547281576389192e-05
2019-02-05 13:30:00-05:00,1.1510655404764035e-05,-3.0496112766839954e-05,-1.8356459399706133e-06
2019-02-05 13:45:00-05:00,-1.5528005944885075e-05,-3.4444618617209587e-06,0.00014405748644065334
2019-02-05 14:00:00-05:00,-4.163821413720281e-06,-1.0158488013908934e-06,3.516486224993114e-05
2019-02-05 14:15:00-05:00,-4.55498583147866e-05,-1.000220726974892e-05,-0.0001451734438147877
2019-02-05 14:30:00-05:00,1.5150089887395349e-05,-2.3807267265648754e-05,1.0542308149285533e-05
2019-02-05 14:45:00-05:00,4.637727407294448e-06,-1.2061754728293412e-05,-8.203915521495816e-05
2019-02-05 15:00:00-05:00,-2.0809692945338388e-05,-1.7304565681399257e-05,-6.564904001991523e-05
2019-02-05 15:15:00-05:00,4.747105440617074e-05,-1.8393172836264345e-05,-8.597639009592668e-05
2019-02-05 15:30:00-05:00,4.33261421189426e-05,3.4685551622368415e-07,-2.365634444689095e-05
2019-02-06 10:15:00-05:00,-1.0017159390297167e-05,-2.3046361252084598e-05,0.00010542060604777974
2019-02-06 10:30:00-05:00,1.3911804026874144e-06,1.109935405371834e-06,0.00012758024311156215
2019-02-06 10:45:00-05:00,2.436370076516773e-05,-2.8528220542070875e-05,-9.078932897264337e-05
2019-02-06 11:00:00-05:00,3.498814131793787e-05,-1.2179680167674619e-05,-4.1715471152388964e-05
2019-02-06 11:15:00-05:00,4.636020820221618e-06,-1.4036485865118696e-05,4.482646907375536e-05
2019-02-06 11:30:00-05:00,-4.36236408986638e-06,9.580864183214283e-07,5.44382375623722e-05
2019-02-06 11:45:00-05:00,-3.168399487005151e-06,2.0300924975641346e-06,0.00019334933244131574
2019-02-06 12:00:00-05:00,-1.598489970953704e-05,-2.5034000476408946e-05,6.107741101385293e-05
2019-02-06 12:15:00-05:00,6.075111755824162e-07,-3.123555345374854e-05,6.96236467989014e-05
2019-02-06 12:30:00-05:00,-1.1933329203991067e-05,-2.198502535847722e-05,6.947241926746564e-05
2019-02-06 12:45:00-05:00,1.1625629194016397e-05,-1.1800844357483243e-05,1.4756683383379615e-05
2019-02-06 13:00:00-05:00,-3.096912891721316e-05,-5.471378673088664e-06,-4.7581807225159746e-05
2019-02-06 13:15:00-05:00,-4.965658171174849e-05,2.2271912652093858e-07,1.7421796316391443e-05
2019-02-06 13:30:00-05:00,-3.2850787078045885e-05,-2.286152589644589e-05,-4.701143083679629e-05
2019-02-06 13:45:00-05:00,-3.7800538908763796e-05,-7.303962630421747e-06,-5.836032438764759e-05
2019-02-06 14:00:00-05:00,-3.273030036331331e-05,-1.2120101439370004e-05,4.331385309872149e-05
2019-02-06 14:15:00-05:00,-2.5149784072492224e-05,-4.6426051976708555e-06,4.286260614540094e-05
2019-02-06 14:30:00-05:00,-8.20930255474285e-06,-2.7318581030870666e-05,4.659114694948023e-05
2019-02-06 14:45:00-05:00,-2.812445091295998e-06,-1.893185708634772e-05,-5.5997920884910725e-05
2019-02-06 15:00:00-05:00,-1.1611189243107903e-05,-2.667256437460666e-05,-9.321608165739966e-05
2019-02-06 15:15:00-05:00,-1.761772939086863e-05,-1.96918327476589e-05,-6.361743642191553e-05
2019-02-06 15:30:00-05:00,9.011022902482791e-06,-1.636416707454493e-05,-0.00016728224074568458
2019-02-07 10:15:00-05:00,-2.0577869848647823e-06,1.412039768952525e-05,0.00011706710228688699
2019-02-07 10:30:00-05:00,-3.104230297551224e-05,-2.4595820803901293e-06,1.960566719855375e-05
2019-02-07 10:45:00-05:00,-1.8791428691710722e-06,-2.5644184780863293e-05,7.3204315835427e-05
2019-02-07 11:00:00-05:00,-1.8820864049420926e-05,-3.142269159042728e-05,-4.490889236767995e-05
2019-02-07 11:15:00-05:00,2.9164162333740018e-05,-5.0604268826368135e-06,6.8519560689397e-05
2019-02-07 11:30:00-05:00,-2.847256046523588e-05,-3.966987357084657e-05,7.758106433568857e-05
2019-02-07 11:45:00-05:00,-3.2621796505676775e-05,-2.2058859310160573e-05,7.95052956924162e-05
2019-02-07 12:00:00-05:00,-1.794948490124053e-06,-2.3985654210551283e-06,-7.989158036410419e-06
2019-02-07 12:15:00-05:00,2.8077263886114924e-05,-1.1658728410451567e-05,-5.060069664149701e-05
2019-02-07 12:30:00-05:00,-1.7620634603240228e-05,5.443374370342779e-06,0.00017144108133592138
2019-02-07 12:45:00-05:00,2.0858738696763317e-05,-6.206791217972429e-06,-6.7636686232144174e-06
2019-02-07 13:00:00-05:00,-1.6523714316663038e-05,1.3709190908689633e-05,0.00014166120323748593
2019-02-07 13:15:00-05:00,-1.241241309297868e-06,-2.5959281757591217e-05,-0.00010636277550216853
2019-02-07 13:30:00-05:00,-1.233708816907336e-05,-1.4216408545280176e-05,-2.084126694590171e-05
2019-02-07 13:45:00-05:00,-2.5107190529836834e-05,-1.5150828722903171e-05,3.064167884969344e-05
2019-02-07 14:00:00-05:00,-4.9147112284219305e-05,-9.528965676225281e-06,0.00010945448830588123
2019-02-07 14:15:00-05:00,-4.3306309557969734e-05,-2.8486855407710615e-05,9.71051073515321e-05
2019-02-07 14:30:00-05:00,-3.792751249637727e-05,-1.7813259077386115e-05,0.00012167156199930278
2019-02-07 14:45:00-05:00,-5.134871968269529e-05,-3.0824616323232835e-05,0.00013556170445251122
2019-02-07 15:00:00-05:00,1.3988964950388139e-05,-2.1464252476161434e-05,3.8357726609431354e-05
2019-02-07 15:15:00-05:00,-9.093444491986905e-07,-1.7170591048762308e-05,6.206982708760408e-05
2019-02-07 15:30:00-05:00,-4.133349493529661e-06,-1.1206422861156986e-05,-7.709318532920381e-05
2019-02-08 10:15:00-05:00,-5.022712333478884e-05,-5.269025279470042e-06,1.8438095161581794e-06
2019-02-08 10:30:00-05:00,-4.3371036444129577e-05,-1.7520397625758577e-05,0.00010609165990940194
2019-02-08 10:45:00-05:00,-2.1716283638229464e-05,-1.0440584019321959e-05,2.5454504860775524e-05
2019-02-08 11:00:00-05:00,-3.2384837370317604e-05,-2.5509476380215683e-05,5.1706113917447066e-05
2019-02-08 11:15:00-05:00,-4.306652706198788e-06,-1.3874478610870459e-05,-1.7873678363883234e-05
2019-02-08 11:30:00-05:00,-3.965568831047155e-05,-8.98378507004901e-06,8.046944207459365e-05
2019-02-08 11:45:00-05:00,-5.465292300261836e-05,-9.975191605982987e-06,0.0001400306288723402
2019-02-08 12:00:00-05:00,-6.151906242352896e-05,-1.4113906618136808e-05,0.0001452472600434083
2019-02-08 12:15:00-05:00,-1.244441904139421e-05,-1.628318443632968e-05,0.00010344558938031985
2019-02-08 12:30:00-05:00,-2.744356038632996e-05,-1.4333633715541402e-05,-2.6921205088167845e-05
2019-02-08 12:45:00-05:00,2.9971129662165358e-05,1.6950415257796674e-05,3.991872528612709e-05
2019-02-08 13:00:00-05:00,3.373533732319126e-05,-1.8841666735138184e-05,0.0001101973351535546
2019-02-08 13:15:00-05:00,9.455573154170982e-06,-1.5283125845868048e-05,7.46250745668542e-05
2019-02-08 13:30:00-05:00,-1.3988401127202345e-06,-1.0388173696555799e-05,3.793104845268264e-05
2019-02-08 13:45:00-05:00,-1.9505539119806524e-05,-1.609029791344626e-05,-5.371844024073265e-05
2019-02-08 14:00:00-05:00,4.138231628100584e-05,-1.959534501248301e-06,8.774241986438015e-05
2019-02-08 14:15:00-05:00,-7.0481970259539914e-06,-2.105293308240758e-05,-2.0569570905054355e-06
2019-02-08 14:30:00-05:00,1.9948876899083107e-05,-8.203180248882603e-06,-1.2173123330514953e-05
2019-02-08 14:45:00-05:00,4.6443453301050785e-05,-1.321541012298569e-05,-7.690961572744443e-05
2019-02-08 15:00:00-05:00,2.145877939067135e-05,-1.9511567186431743e-05,2.1277705880165144e-05
2019-02-08 15:15:00-05:00,-1.7842225775536328e-05,-1.4888682850932156e-05,5.106437093674215e-05
2019-02-08 15:30:00-05:00,2.785757194546531e-05,-1.3181254803632459e-05,-7.521214503627182e-05
2019-02-11 10:15:00-05:00,-3.395057495133342e-05,7.1286956607675245e-06,0.0002628024508657944
2019-02-11 10:30:00-05:00,-7.277057237267734e-06,7.31598578978806e-06,2.6684327678388727e-05
2019-02-11 10:45:00-05:00,-3.777352063963295e-05,-4.85067184139111e-05,1.2516346925607177e-06
2019-02-11 11:00:00-05:00,-1.369049473906274e-06,3.0916381064434165e-05,0.00011677673226348114
2019-02-11 11:15:00-05:00,-3.4745058244938854e-05,-1.8071579336055708e-05,0.00017970539305481862
2019-02-11 11:30:00-05:00,-1.135506611614785e-05,-9.256076214727313e-06,0.00010618747324410714
2019-02-11 11:45:00-05:00,-4.505678127361995e-05,-1.7695555196470178e-06,1.9577229814171117e-05
2019-02-11 12:00:00-05:00,-3.323861963015983e-05,-1.3448490635925568e-05,-6.109169263128369e-06
2019-02-11 12:15:00-05:00,-7.0405827480997e-06,-2.7383941057720084e-05,-6.491941649230834e-05
2019-02-11 12:30:00-05:00,-2.2121048048338885e-05,-1.4163973366195821e-05,-4.082835771603096e-05
2019-02-11 12:45:00-05:00,2.7529422321838474e-05,-2.7108297583661155e-05,-4.226691516630383e-05
2019-02-11 13:00:00-05:00,5.52490311569353e-05,-1.850514651832141e-05,-2.2272669453909957e-05
2019-02-11 13:15:00-05:00,2.6058397968162744e-05,-1.3686939976105276e-05,-2.881142435801074e-05
2019-02-11 13:30:00-05:00,1.2175585881210203e-05,-8.068720565790459e-06,3.519595152857635e-05
2019-02-11 13:45:00-05:00,-4.533154372346565e-06,-2.5308671742125658e-05,-6.579113477733438e-06
2019-02-11 14:00:00-05:00,4.236094032399748e-05,-1.1396350146295446e-05,-3.797629735038783e-05
2019-02-11 14:15:00-05:00,-1.1436769536912605e-05,-2.678540316109477e-05,1.836810300365119e-05
2019-02-11 14:30:00-05:00,-4.614426543850505e-06,-1.1995437391719123e-05,5.7846661147958905e-05
2019-02-11 14:45:00-05:00,2.8425481876265388e-05,-2.002870070119149e-05,-2.9144627466409744e-05
2019-02-11 15:00:00-05:00,2.2253642206702166e-05,-1.7050033772491698e-05,-5.890643993454744e-05
2019-02-11 15:15:00-05:00,-2.0789413837277903e-05,-9.192796253982799e-06,-0.00015933819026833028
2019-02-11 15:30:00-05:00,-8.37539738811945e-06,-2.0417537646527625e-05,-5.6542730793900765e-05
2019-02-12 10:15:00-05:00,-9.880888544351244e-06,-3.7601472369387205e-05,-8.037884316802964e-06
2019-02-12 10:30:00-05:00,-4.514659862436316e-06,-2.171384232656079e-05,-5.628280022357843e-05
2019-02-12 10:45:00-05:00,-1.8547521165992487e-05,-2.3328468374967172e-05,-0.00016211457714070763
2019-02-12 11:00:00-05:00,-5.739992313011771e-05,-3.6471946523592744e-05,-9.789556944328752e-05
2019-02-12 11:15:00-05:00,1.7684365770374972e-05,8.482057108768548e-06,-6.427083845759333e-05
2019-02-12 11:30:00-05:00,-4.72291045753068e-05,-1.779916113294781e-05,-0.00010905078769100191
2019-02-12 11:45:00-05:00,-1.423828280583237e-05,-2.2991319472941866e-05,-0.00011003335125580837
2019-02-12 12:00:00-05:00,2.232942269952519e-06,-9.401575714353396e-06,-0.00010263806965060783
2019-02-12 12:15:00-05:00,-2.8227631198089434e-05,-1.2887662160539817e-06,4.145148052836632e-06
2019-02-12 12:30:00-05:00,2.7822348689388607e-05,-5.446303265124789e-06,-1.916212475573388e-05
2019-02-12 12:45:00-05:00,2.6978148866733697e-05,-2.707806248250806e-05,-9.02517112646966e-05
2019-02-12 13:00:00-05:00,3.398097644064761e-05,-5.214086144199064e-06,-7.291044049065809e-05
2019-02-12 13:15:00-05:00,4.2380654659199434e-05,-1.43571501748545e-05,-9.39178055385781e-05
2019-02-12 13:30:00-05:00,-7.684696563610448e-07,-5.122260475113623e-07,-9.40064672949135e-05
2019-02-12 13:45:00-05:00,5.2528046716423186e-05,-3.179769780969285e-05,-6.136764055241055e-05
2019-02-12 14:00:00-05:00,4.498288991980757e-05,-9.064163566181324e-06,-1.8800677770938297e-05
2019-02-12 14:15:00-05:00,2.9414576871431357e-05,-9.183749079347242e-06,-8.234141381575157e-05
2019-02-12 14:30:00-05:00,2.867075120803241e-05,-1.871283465134303e-05,-9.995014053837223e-05
2019-02-12 14:45:00-05:00,3.6729683897320855e-05,-2.909426803204427e-05,-7.571565717051456e-06
2019-02-12 15:00:00-05:00,2.3361382725206513e-05,6.155031442386128e-07,-8.91438159702727e-06
2019-02-12 15:15:00-05:00,-6.097810086916439e-07,-3.693969958227918e-05,-5.6910176703487714e-05
2019-02-12 15:30:00-05:00,-6.4243715649603656e-06,-5.5028552015136745e-06,-8.12381634995638e-05
2019-02-13 10:15:00-05:00,-2.6401800526677767e-05,-4.4624790258642716e-05,0.00012259955951403911
2019-02-13 10:30:00-05:00,3.0903838633086436e-05,-1.4451558688970407e-06,0.0001805465269173794
2019-02-13 10:45:00-05:00,1.2020562478885605e-05,-1.1348240854023978e-05,-3.7553403997360373e-06
2019-02-13 11:00:00-05:00,1.6290222123890975e-05,-2.2886032939974727e-05,4.08164265728711e-05
2019-02-13 11:15:00-05:00,1.7806433672922474e-06,-4.667586540897106e-06,2.7766869724590478e-05
2019-02-13 11:30:00-05:00,1.2857215689680337e-05,-8.446201118611172e-06,4.848890812085609e-05
2019-02-13 11:45:00-05:00,1.961208232161027e-05,-2.2512920964120193e-05,-6.717622953313674e-05
2019-02-13 12:00:00-05:00,6.366266178774968e-06,-3.878143717275953e-06,-2.4538956234975876e-06
2019-02-13 12:15:00-05:00,-2.3017228116205172e-05,-1.8413133800325242e-05,-9.854886561197196e-05
2019-02-13 12:30:00-05:00,-1.1553738588343244e-05,-2.5243170698430216e-05,-9.304618684966332e-05
2019-02-13 12:45:00-05:00,7.275462218275568e-06,-1.5690316108677935e-06,-6.511667803565338e-05
2019-02-13 13:00:00-05:00,8.928783730494863e-06,-1.601838823136811e-05,-1.1332006633899302e-05
2019-02-13 13:15:00-05:00,2.8256604066071508e-05,-7.115404312517877e-06,-5.135486597776482e-05
2019-02-13 13:30:00-05:00,-3.14061797050081e-05,-1.7457038529377364e-05,-0.00010081950893584122
2019-02-13 13:45:00-05:00,-1.0432378614094037e-05,-6.649662843106696e-06,-9.338251442289096e-05
2019-02-13 14:00:00-05:00,-1.6470052459420513e-06,-1.5077506420588764e-05,-0.00013096796661241227
2019-02-13 14:15:00-05:00,3.3344122596383976e-06,-2.2443947933385045e-05,-9.029946628079071e-05
2019-02-13 14:30:00-05:00,-1.2534762106253875e-05,-1.5347249269202417e-05,-5.5554524915839314e-05
2019-02-13 14:45:00-05:00,-3.130850098337181e-05,-2.8065750523690562e-05,-4.130000157415666e-05
2019-02-13 15:00:00-05:00,1.295394978906665e-06,-5.029269205685317e-06,-5.197917114855907e-05
2019-02-13 15:15:00-05:00,-1.2267297832174873e-06,-2.365654384316697e-05,-9.242495028249897e-05
2019-02-13 15:30:00-05:00,1.0355400511098285e-05,-1.8894706917381145e-05,-5.822940256519452e-05
2019-02-14 10:15:00-05:00,1.0514412747031231e-05,-2.2497625120055073e-05,3.413303160396974e-07
2019-02-14 10:30:00-05:00,2.3458769360471037e-05,-2.4642578139483138e-05,-1.028917841226756e-05
2019-02-14 10:45:00-05:00,1.1949720276424078e-05,-1.7497733014833502e-05,-8.963066792312124e-06
2019-02-14 11:00:00-05:00,-4.80675930811807e-05,-1.9128871049038488e-05,-8.312277439377778e-05
2019-02-14 11:15:00-05:00,3.1356319509831484e-05,-1.3117535501916854e-05,-7.975895617142978e-05
2019-02-14 11:30:00-05:00,3.0927075135679835e-06,-1.7337837543588977e-05,6.346676173296035e-05
2019-02-14 11:45:00-05:00,-1.2141681335764448e-06,-4.783715435086486e-05,-5.089434028546768e-05
2019-02-14 12:00:00-05:00,-3.181053834746887e-05,-1.7835946280047658e-05,-0.0001046319415196675
2019-02-14 12:15:00-05:00,1.2575431321629494e-05,-1.7167940357595204e-05,-5.222604039760027e-06
2019-02-14 12:30:00-05:00,-1.7637754645406573e-05,-4.7957362741156646e-05,-7.684441297235531e-05
2019-02-14 12:45:00-05:00,1.006913856080715e-06,2.1938121097289364e-05,1.0664867498414412e-05
2019-02-14 13:00:00-05:00,1.1223343948193803e-05,2.551719570493385e-06,-4.6364753965157884e-05
2019-02-14 13:15:00-05:00,3.58903431791744e-05,1.4083932677007654e-06,-7.784234959507104e-05
2019-02-14 13:30:00-05:00,-1.3554189641957134e-05,-1.0185299942656739e-05,5.4055967659654225e-05
2019-02-14 13:45:00-05:00,-1.530055574511166e-05,-7.090098140026934e-06,-2.011951552648515e-06
2019-02-14 14:00:00-05:00,2.834143604377848e-05,-2.5472452480843104e-05,-7.211595322778522e-05
2019-02-14 14:15:00-05:00,5.161450299390974e-06,-2.949074440185926e-05,-2.00241993874721e-05
2019-02-14 14:30:00-05:00,-6.098249778371854e-06,-2.0942176199103485e-05,-8.332239319923246e-05
2019-02-14 14:45:00-05:00,1.8235715421629267e-05,-1.739961692680424e-05,-0.0001258513666987135
2019-02-14 15:00:00-05:00,-2.913522028218278e-06,-2.378564132156155e-05,1.1018856959667145e-05
2019-02-14 15:15:00-05:00,-8.390491016352607e-06,-2.2564108818117033e-05,2.0518611502976957e-05
2019-02-14 15:30:00-05:00,7.1881784716009474e-06,-1.835036236651176e-05,-9.258047754637828e-05
2019-02-15 10:15:00-05:00,-3.0758469726407984e-05,-4.102420057832089e-05,0.00016611587070276221
2019-02-15 10:30:00-05:00,-4.408321114015348e-05,-1.8021175351503963e-05,0.00010581810354995988
2019-02-15 10:45:00-05:00,-4.509350783954322e-05,-6.287173649092869e-06,0.00011572409551821518
2019-02-15 11:00:00-05:00,4.877520489635394e-06,-8.613586604516854e-06,5.035880189501468e-05
2019-02-15 11:15:00-05:00,-1.0324664480426835e-05,1.7965538624790107e-06,5.236332861906741e-05
2019-02-15 11:30:00-05:00,-2.533571728384948e-05,-1.7386122557659743e-05,4.6946684577929975e-05
2019-02-15 11:45:00-05:00,3.517484841368049e-05,-7.608967400215446e-06,7.85540758068202e-05
2019-02-15 12:00:00-05:00,-3.251162812426674e-05,-2.5372783138093146e-05,7.186589729358574e-05
2019-02-15 12:15:00-05:00,2.5700417317953416e-05,-1.7249291228897684e-05,-0.0001013727332294827
2019-02-15 12:30:00-05:00,6.9190780342760075e-06,-1.0744099514455621e-05,-2.9083181288360974e-05
2019-02-15 12:45:00-05:00,-7.17771532190401e-06,-2.26300858222734e-05,-3.3153275614340384e-05
2019-02-15 13:00:00-05:00,1.982052818746668e-05,-1.426040370539386e-05,-0.00012174728134328966
2019-02-15 13:15:00-05:00,2.5625889381208213e-05,-8.320737867588647e-06,-0.00019520049130183738
2019-02-15 13:30:00-05:00,-2.9984746660398694e-05,-2.3228693307875467e-05,-7.452877092385987e-05
2019-02-15 13:45:00-05:00,1.682258336807048e-06,-2.035100060250157e-05,-8.10209209782948e-05
2019-02-15 14:00:00-05:00,-4.599016223264947e-06,-1.3310742697667536e-05,-4.2622758843233753e-05
2019-02-15 14:15:00-05:00,3.001075323818996e-05,-2.687572418370459e-05,-9.582731485770079e-05
2019-02-15 14:30:00-05:00,-1.9264883066522802e-05,-3.211020831814791e-05,-3.686997375750413e-05
2019-02-15 14:45:00-05:00,2.445829630700474e-05,-5.6453601788054525e-06,-0.00013717902756073188
2019-02-15 15:00:00-05:00,2.2464431037183733e-05,-1.6682902575902706e-05,-4.6811541920951476e-05
2019-02-15 15:15:00-05:00,2.7068660644004782e-05,-1.8017333359959453e-05,-3.094597963108147e-05
2019-02-15 15:30:00-05:00,1.8177352534804598e-06,-1.2214605499025854e-05,-0.00011729130265644331
2019-02-18 10:15:00-05:00,,,
2019-02-18 10:30:00-05:00,,,
2019-02-18 10:45:00-05:00,,,
2019-02-18 11:00:00-05:00,,,
2019-02-18 11:15:00-05:00,,,
2019-02-18 11:30:00-05:00,,,
2019-02-18 11:45:00-05:00,,,
2019-02-18 12:00:00-05:00,,,
2019-02-18 12:15:00-05:00,,,
2019-02-18 12:30:00-05:00,,,
2019-02-18 12:45:00-05:00,,,
2019-02-18 13:00:00-05:00,,,
2019-02-18 13:15:00-05:00,,,
2019-02-18 13:30:00-05:00,,,
2019-02-18 13:45:00-05:00,,,
2019-02-18 14:00:00-05:00,,,
2019-02-18 14:15:00-05:00,,,
2019-02-18 14:30:00-05:00,,,
2019-02-18 14:45:00-05:00,,,
2019-02-18 15:00:00-05:00,,,
2019-02-18 15:15:00-05:00,,,
2019-02-18 15:30:00-05:00,,,
2019-02-19 10:15:00-05:00,,,
2019-02-19 10:30:00-05:00,,,
2019-02-19 10:45:00-05:00,,,
2019-02-19 11:00:00-05:00,,,
2019-02-19 11:15:00-05:00,,,
2019-02-19 11:30:00-05:00,2.0030735290595683e-05,-2.5742928476948732e-05,9.027159341204768e-06
2019-02-19 11:45:00-05:00,-1.6692687202860425e-06,-3.222364845780385e-05,-8.452547127027673e-05
2019-02-19 12:00:00-05:00,3.1195011941940407e-06,-2.4063602621132218e-05,2.308660855566386e-05
2019-02-19 12:15:00-05:00,-5.379648688911776e-06,-2.3916602840246434e-05,-8.926867311638498e-05
2019-02-19 12:30:00-05:00,3.166098557855483e-05,-3.203425730549903e-05,-4.682003754522662e-05
2019-02-19 12:45:00-05:00,3.213678632200948e-05,-1.3744930748097081e-05,-2.0151326851823694e-05
2019-02-19 13:00:00-05:00,-1.209423889830318e-05,-1.1339893254772544e-05,-0.00011188019342607558
2019-02-19 13:15:00-05:00,-6.842458006600746e-06,-1.4789905598801505e-05,-3.7591591600398234e-05
2019-02-19 13:30:00-05:00,-1.5492549030826055e-06,-9.976271484681755e-06,-4.1279995362399446e-05
2019-02-19 13:45:00-05:00,-1.1192195997343315e-05,-1.5936119496337163e-05,3.88865063771074e-06
2019-02-19 14:00:00-05:00,1.8411192804899796e-05,-2.0693235764882253e-05,-5.20216899090449e-05
2019-02-19 14:15:00-05:00,2.2596527145323468e-05,-4.691655047754626e-06,2.036661901398716e-05
2019-02-19 14:30:00-05:00,3.638241894845456e-07,-3.4832182040857657e-05,-3.0550580069646326e-05
2019-02-19 14:45:00-05:00,1.4841092971875155e-05,-9.31840025200218e-06,-4.238951283736967e-05
2019-02-19 15:00:00-05:00,7.598476594582099e-06,-3.277947293205932e-05,-9.793109774415448e-05
2019-02-19 15:15:00-05:00,-1.7173388298967087e-06,-1.976437491588771e-05,-4.527235092661094e-05
2019-02-19 15:30:00-05:00,-8.584554469817854e-06,-1.3625346031229038e-05,-0.00018349607660059358
2019-02-20 10:15:00-05:00,-2.328906742475581e-06,-4.525908818158864e-06,4.224903594840339e-05
2019-02-20 10:30:00-05:00,-2.8286084327815537e-05,-8.798639828633385e-06,-2.9196598994902103e-05
2019-02-20 10:45:00-05:00,2.678536962435784e-05,-2.507221347745305e-05,8.993535355582555e-05
2019-02-20 11:00:00-05:00,-1.9793398761713104e-05,-1.7841524344736444e-05,8.36119551944265e-05
2019-02-20 11:15:00-05:00,2.0675533065189196e-05,-2.2244541235114058e-05,7.208004366333406e-05
2019-02-20 11:30:00-05:00,5.075846844012715e-05,-9.661987112268264e-06,-2.7290877956996957e-05
2019-02-20 11:45:00-05:00,1.8695482324503836e-07,-1.668638961082474e-05,-3.529236112070098e-05
2019-02-20 12:00:00-05:00,4.043301167720018e-06,-3.0870688190081786e-05,-3.400828528236754e-05
2019-02-20 12:15:00-05:00,3.981829880500679e-05,-1.458430523821662e-05,-8.028215639173268e-05
2019-02-20 12:30:00-05:00,2.1921753017260745e-05,2.4121403783739905e-05,-6.345113366810528e-05
2019-02-20 12:45:00-05:00,3.965283099724531e-05,-1.9134972882688995e-05,-9.310033401376517e-05
2019-02-20 13:00:00-05:00,3.6340237967582306e-05,-2.4162090506420345e-05,1.0078178472235296e-05
2019-02-20 13:15:00-05:00,4.910530398526237e-05,-1.4581694215731036e-05,-0.00011905243434993853
2019-02-20 13:30:00-05:00,1.022911344660469e-05,-1.0955551089858656e-05,-2.3965739677983478e-06
2019-02-20 13:45:00-05:00,-9.309452839213478e-06,-5.921432200883382e-06,7.700438121405506e-06
2019-02-20 14:00:00-05:00,8.450674203430355e-06,-1.9282982838807138e-05,-2.024941944837099e-05
2019-02-20 14:15:00-05:00,-5.9354872684296844e-05,-2.2853497727437888e-05,6.247772523209336e-05
2019-02-20 14:30:00-05:00,-3.4552323000433634e-05,-9.51006946995337e-06,2.2887753363618363e-06
2019-02-20 14:45:00-05:00,1.0232066683795034e-06,-3.7486332173950516e-05,-4.99866771861507e-05
2019-02-20 15:00:00-05:00,-3.26589286085626e-05,-1.7972977264678124e-05,-0.00010023324165256885
2019-02-20 15:15:00-05:00,-7.316780437289213e-06,-3.188320673623975e-05,-0.00010101835515391028
2019-02-20 15:30:00-05:00,-9.057793238698181e-06,1.7426937444193072e-06,-1.5923173055008606e-05
2019-02-21 10:15:00-05:00,-5.548393341002062e-06,-2.8836061474923838e-05,-8.837066057034382e-05
2019-02-21 10:30:00-05:00,-1.582988136920198e-05,-5.077200415151542e-05,1.5638953122735588e-05
2019-02-21 10:45:00-05:00,-3.299564160504837e-05,-5.073900099109365e-05,-2.9876750204065292e-05
2019-02-21 11:00:00-05:00,-2.2735980226876903e-06,-4.8100270064053616e-05,2.631095891071494e-06
2019-02-21 11:15:00-05:00,-3.248797895777228e-06,-3.061557093298405e-05,-0.00016132319068148455
2019-02-21 11:30:00-05:00,1.6900199080203227e-05,1.171129178282765e-05,-5.0325953307384384e-05
2019-02-21 11:45:00-05:00,-3.747463538270674e-05,-4.9372697888199815e-06,-1.3718639078437151e-05
2019-02-21 12:00:00-05:00,-1.3874902678874128e-05,0.00012589713076745316,6.070590737138176e-06
2019-02-21 12:15:00-05:00,-7.736630173553244e-06,5.658549152286853e-06,-4.770396576059299e-05
2019-02-21 12:30:00-05:00,-9.618777571943589e-06,-2.655042352611245e-05,-9.780951832984222e-05
2019-02-21 12:45:00-05:00,2.309553563421952e-05,-2.4551200723010877e-05,-0.00010185923232210178
2019-02-21 13:00:00-05:00,2.557385690588254e-05,-3.2199608087381895e-05,-2.7481549690880016e-05
2019-02-21 13:15:00-05:00,1.8216067434009663e-05,-5.306616472112067e-06,-1.8731032875448777e-05
2019-02-21 13:30:00-05:00,2.37483095540433e-05,-2.9957718912871726e-05,-5.239092890197914e-05
2019-02-21 13:45:00-05:00,1.9503959914139142e-05,-2.1431476925442442e-05,-6.0309997121717444e-05
2019-02-21 14:00:00-05:00,4.6008231662802687e-07,-1.3841134937813902e-05,-4.990996479049953e-05
2019-02-21 14:15:00-05:00,8.160203846377027e-06,-2.375147894212805e-05,-7.770127834309946e-05
2019-02-21 14:30:00-05:00,-8.864753456934663e-06,-1.973466014732137e-05,-8.77806366995755e-05
2019-02-21 14:45:00-05:00,-1.7569210629707625e-05,-1.266493499896705e-05,1.0947600969411122e-05
2019-02-21 15:00:00-05:00,8.151143102948144e-08,-3.3484056095435344e-05,1.3649507117645178e-06
2019-02-21 15:15:00-05:00,7.711384046080071e-06,-1.1925313571460242e-05,-8.311204036240038e-05
2019-02-21 15:30:00-05:00,-1.069500698198928e-05,-3.1682325787822276e-05,-1.5580970809025627e-05
2019-02-22 10:15:00-05:00,6.86213472549615e-06,-6.015625075420237e-06,-8.346647526528166e-05
2019-02-22 10:30:00-05:00,2.9245996715346947e-05,-2.8668647026717693e-05,-8.945231455001198e-05
2019-02-22 10:45:00-05:00,-3.706415336725661e-05,-2.0004950528049967e-05,-8.344864469308661e-05
2019-02-22 11:00:00-05:00,1.3127111566250758e-05,-9.420228187255134e-07,-0.00010738694343034798
2019-02-22 11:15:00-05:00,3.2878493628253324e-05,-8.630734600290706e-06,-2.9476270293298913e-05
2019-02-22 11:30:00-05:00,-1.6538549786639354e-05,-2.8831059706085503e-05,-1.643289224980267e-05
2019-02-22 11:45:00-05:00,2.182189572387433e-05,-2.0355994052573343e-05,-3.734820892184945e-05
2019-02-22 12:00:00-05:00,2.799900279061297e-05,-2.7194562789617874e-05,-6.835943028846904e-05
2019-02-22 12:15:00-05:00,-1.6682084208959884e-05,-5.0749561776231506e-06,-3.75552441266038e-05
2019-02-22 12:30:00-05:00,2.756295257821917e-07,-1.745703259464867e-05,-8.736503163213082e-05
2019-02-22 12:45:00-05:00,1.1103145190444218e-05,-2.554261943024234e-05,2.3477057923767737e-05
2019-02-22 13:00:00-05:00,-4.990781351147695e-06,-2.8353311335999364e-05,-1.5085795782003495e-05
2019-02-22 13:15:00-05:00,2.051865419660547e-05,-1.7033248854451383e-05,-8.298720521230925e-05
2019-02-22 13:30:00-05:00,-3.609205711766356e-06,-1.5002781493505306e-05,5.135718799574884e-05
2019-02-22 13:45:00-05:00,4.152841556042399e-05,-1.987265271856448e-05,-5.2146196469021355e-05
2019-02-22 14:00:00-05:00,6.636381582492743e-06,-2.3744764662710987e-05,6.471873172860226e-05
2019-02-22 14:15:00-05:00,4.0116651447291246e-05,-2.5124199201943188e-05,-5.495248201414971e-05
2019-02-22 14:30:00-05:00,4.347589590006469e-06,-1.2285619149428237e-05,2.3576321000877273e-05
2019-02-22 14:45:00-05:00,-8.001222329130612e-07,-3.9423424107520775e-05,2.729584266830078e-05
2019-02-22 15:00:00-05:00,2.1833433255315277e-05,7.939624415871244e-06,-2.1669453399010714e-05
2019-02-22 15:15:00-05:00,1.6111666798106292e-05,-1.3105121625823608e-05,-7.540603268677518e-05
2019-02-22 15:30:00-05:00,-1.562821576988323e-05,-1.3550442956886766e-05,-0.00014236128777593852
2019-02-25 10:15:00-05:00,2.493508908835763e-05,-2.893000689660999e-05,-2.9926771927900176e-05
2019-02-25 10:30:00-05:00,1.2113738417718189e-05,-3.4059991265998484e-05,-5.4801526495128744e-05
2019-02-25 10:45:00-05:00,2.1006378629519778e-05,-2.9363699308572207e-05,-9.121105147284228e-05
2019-02-25 11:00:00-05:00,-2.1473073666367032e-05,-3.153019459843111e-05,-7.814811861381987e-05
2019-02-25 11:15:00-05:00,-2.177712314827902e-06,-4.086519991233042e-06,-0.00011396991984233132
2019-02-25 11:30:00-05:00,1.9864466065028552e-05,-2.8408571982059617e-06,-9.184283840595944e-05
2019-02-25 11:45:00-05:00,-1.4090038566898531e-05,-2.5594356558824962e-05,-6.16840474208887e-05
2019-02-25 12:00:00-05:00,4.15975304867017e-05,-3.660605302518527e-05,-7.922444081257749e-05
2019-02-25 12:15:00-05:00,2.4307868446133613e-05,-2.3740201261907476e-05,2.6862246935326663e-05
2019-02-25 12:30:00-05:00,-1.3540788501252014e-05,-1.314729544093705e-05,-2.220654995067358e-05
2019-02-25 12:45:00-05:00,2.8498384871312643e-05,-2.1928203943968688e-05,-8.346082315653892e-05
2019-02-25 13:00:00-05:00,9.84098515184798e-06,-3.098998793575888e-05,-4.240539783171712e-05
2019-02-25 13:15:00-05:00,1.1420342915120396e-05,-5.6948165647913e-06,-0.00011956034295076895
2019-02-25 13:30:00-05:00,1.530309351944347e-05,-2.8913458651256473e-05,-0.00010455263125408892
2019-02-25 13:45:00-05:00,1.8379656783466102e-05,-2.0721865498076433e-05,-7.930681362593905e-05
2019-02-25 14:00:00-05:00,-1.593298400397647e-05,-1.301361666666945e-05,-0.00010090687228438529
2019-02-25 14:15:00-05:00,1.2957790459959987e-05,-1.7743809557618014e-05,-0.0001103454607508615
2019-02-25 14:30:00-05:00,-1.3222515482015077e-06,-3.0857445152163516e-05,-0.00018172481941535328
2019-02-25 14:45:00-05:00,3.075962636550543e-07,-2.7628149974923397e-05,-0.00011650184395175362
2019-02-25 15:00:00-05:00,1.576570871006517e-05,-2.116188742152644e-05,-8.894315945507865e-05
2019-02-25 15:15:00-05:00,4.2178784493699814e-05,-1.6410688949633583e-05,-0.00014096073298871568
2019-02-25 15:30:00-05:00,2.0098385740187323e-05,-1.2980077597120764e-05,-0.00015100788636041712
2019-02-26 10:15:00-05:00,-8.66940330505618e-06,-3.713937819371971e-05,-3.9293555694773716e-05
2019-02-26 10:30:00-05:00,-1.1924667891700805e-05,-5.159128045427163e-05,-9.314339715079515e-05
2019-02-26 10:45:00-05:00,-1.0274184923124475e-05,-2.7040359616665472e-05,-0.00017458883050300465
2019-02-26 11:00:00-05:00,-6.717357227553463e-05,-4.327749427876515e-05,-0.00017645540502445755
2019-02-26 11:15:00-05:00,-1.2656909407493816e-05,-4.299146910268348e-06,1.7060827232657326e-05
2019-02-26 11:30:00-05:00,-1.777157272207088e-05,-2.710554034404304e-05,-0.00011563161237477969
2019-02-26 11:45:00-05:00,-3.5207713346432e-05,2.1480861484284064e-05,-0.00011600375795750089
2019-02-26 12:00:00-05:00,3.7837309955966835e-05,-3.806749561967191e-05,-3.7821560010591995e-06
2019-02-26 12:15:00-05:00,-9.152153854420669e-06,5.010392049951213e-06,-0.00019841485371202067
2019-02-26 12:30:00-05:00,2.5619931810676877e-05,-1.2130102295119026e-05,-2.8501468513300178e-05
2019-02-26 12:45:00-05:00,1.568198096711525e-05,-2.374792155884349e-05,-0.00010049021486813676
2019-02-26 13:00:00-05:00,2.1867624947066657e-05,-4.039040144777713e-05,-0.00011343177772040706
2019-02-26 13:15:00-05:00,1.1461744847721136e-05,-2.1414446391720746e-05,-6.300464338165634e-07
2019-02-26 13:30:00-05:00,-3.023595684354476e-05,-1.9890355677784897e-05,-0.000199577998324702
2019-02-26 13:45:00-05:00,1.509324235963814e-05,-2.1702480868127472e-05,-5.630372071619688e-05
2019-02-26 14:00:00-05:00,1.2317242541086942e-05,-2.0866508150963063e-05,-5.271988747955019e-05
2019-02-26 14:15:00-05:00,2.3982074190518554e-05,-2.400653997898605e-06,-8.772216162923689e-05
2019-02-26 14:30:00-05:00,1.697388528460736e-05,-2.5551961195662228e-05,-5.2062073209955477e-05
2019-02-26 14:45:00-05:00,-6.790721716515079e-06,-1.596636695420076e-05,-4.838289628849441e-05
2019-02-26 15:00:00-05:00,1.845370236320937e-05,-1.9541766947256593e-05,-9.295692297220818e-05
2019-02-26 15:15:00-05:00,3.6296598230065806e-05,-1.31125311809898e-05,-8.731809303650711e-06
2019-02-26 15:30:00-05:00,3.471145035501195e-05,-2.856717832790162e-05,-0.00011442585794812841
2019-02-27 10:15:00-05:00,-8.599469361115346e-06,-1.8800000608002018e-05,-0.000121487187699202
2019-02-27 10:30:00-05:00,1.076334083255935e-06,-2.2358983010469328e-05,0.00018423179308863532
2019-02-27 10:45:00-05:00,-2.4976107871314663e-05,-3.8648406586038925e-05,-4.21043875263931e-05
2019-02-27 11:00:00-05:00,-2.8644219869206936e-05,-1.5377881104828068e-05,7.520292219861669e-07
2019-02-27 11:15:00-05:00,-4.701483691771288e-05,-2.3601048962468364e-05,-2.9593503796113286e-05
2019-02-27 11:30:00-05:00,9.821737727447873e-06,4.649554510311735e-06,-4.350250851036223e-05
2019-02-27 11:45:00-05:00,-2.8694048869751107e-05,-2.2948924072382982e-05,-7.191872403302666e-05
2019-02-27 12:00:00-05:00,2.5852856259922923e-05,-3.110313376534062e-05,-1.9679305154892785e-05
2019-02-27 12:15:00-05:00,1.951108704031079e-05,-1.2580252439996327e-05,-4.16333577219755e-05
2019-02-27 12:30:00-05:00,5.130009990796278e-06,-1.7865349445556343e-05,-2.4187231126161982e-05
2019-02-27 12:45:00-05:00,-1.8103417082496333e-06,-2.508988855313729e-05,-7.257158805560275e-05
2019-02-27 13:00:00-05:00,-3.684606404424408e-06,-2.3602479616535783e-05,-5.801576585302936e-06
2019-02-27 13:15:00-05:00,3.975890850227688e-05,-4.122435800181699e-06,-4.017164108228748e-05
2019-02-27 13:30:00-05:00,2.02297552078704e-05,-1.2390444090161046e-05,-5.014005717033019e-06
2019-02-27 13:45:00-05:00,2.3589395935517727e-05,-1.0786113111947942e-05,-7.286782718639673e-06
2019-02-27 14:00:00-05:00,1.1441311496342498e-06,-2.7144564123083688e-05,3.171751275039743e-05
2019-02-27 14:15:00-05:00,-5.732122509626411e-06,-2.3254630614362593e-05,-0.00013476200576741912
2019-02-27 14:30:00-05:00,7.994752688569506e-06,-2.04811546879498e-05,-4.1874415519657106e-05
2019-02-27 14:45:00-05:00,3.568915700076084e-05,-3.6936960538067854e-05,-2.041937041241863e-05
2019-02-27 15:00:00-05:00,4.12248778147048e-05,-2.9299643347257614e-05,-5.259878082934729e-05
2019-02-27 15:15:00-05:00,3.734636184828648e-05,-1.2349005557191412e-05,-8.712456670300677e-05
2019-02-27 15:30:00-05:00,-1.870083899815208e-05,-6.8732275426081975e-06,-0.00018229600498934754
2019-02-28 10:15:00-05:00,-1.2835996934644104e-05,-2.518711386650693e-05,-2.6430434371010795e-05
2019-02-28 10:30:00-05:00,-1.0300538225062461e-05,-3.082565974414491e-05,-2.3901454842123513e-05
2019-02-28 10:45:00-05:00,-1.4111876273117518e-05,-1.5658810952860594e-05,-5.5626441603550804e-05
2019-02-28 11:00:00-05:00,3.6491877661950455e-06,-1.8058914935551935e-05,-0.00012133674095127461
2019-02-28 11:15:00-05:00,7.016602661980929e-06,-1.854002682275434e-05,6.457303819733286e-05
2019-02-28 11:30:00-05:00,-6.976715319407754e-07,-1.6350135393889145e-05,6.596127409851632e-05
2019-02-28 11:45:00-05:00,-3.020299538966731e-06,-3.918423760346299e-05,-0.00010962478480234794
2019-02-28 12:00:00-05:00,1.6816123812698959e-06,-1.595451269869253e-05,1.002469220670398e-05
2019-02-28 12:15:00-05:00,3.924372913768016e-06,-1.2427334985558142e-05,-6.557508562125947e-05
2019-02-28 12:30:00-05:00,-2.1934949769761143e-05,-3.831517684450064e-05,-8.521762213504088e-05
2019-02-28 12:45:00-05:00,-1.2708935318909195e-06,-1.3974673917505077e-05,-3.5334397867081996e-06
2019-02-28 13:00:00-05:00,-2.3417749820438033e-06,-2.7706630211483387e-05,-6.980912440448623e-05
2019-02-28 13:15:00-05:00,2.4954853847886755e-05,-1.7877172614822225e-05,-6.18504061126999e-05
2019-02-28 13:30:00-05:00,3.100308928776975e-06,-1.1964598552801472e-05,-9.022460219963018e-05
2019-02-28 13:45:00-05:00,3.442520107380102e-05,-1.3770835742362573e-05,-7.133333911297093e-05
2019-02-28 14:00:00-05:00,2.2120784455257115e-05,-1.3007358962836394e-05,-3.708340117528866e-05
2019-02-28 14:15:00-05:00,1.721362243113355e-05,-2.5360615882149195e-05,-7.471694545148179e-05
2019-02-28 14:30:00-05:00,-5.7699469588580925e-06,-2.190099478148115e-05,-6.266457509701354e-05
2019-02-28 14:45:00-05:00,-8.063099489580412e-06,-1.1470230419757112e-05,-9.538522351928194e-05
2019-02-28 15:00:00-05:00,2.484118155233234e-05,-2.9219711873188844e-05,-6.323796076402618e-07
2019-02-28 15:15:00-05:00,4.208681345041156e-05,-4.935777113428403e-06,-5.192540322750875e-05
2019-02-28 15:30:00-05:00,2.8188980957623892e-05,-3.556541262777947e-05,-7.748433032475395e-05
2019-03-01 10:15:00-05:00,2.218309787710943e-05,-2.89697267669129e-05,-3.7863399157313125e-05
2019-03-01 10:30:00-05:00,9.16246129510123e-06,-2.1164876209769053e-05,6.342546575631722e-05
2019-03-01 10:45:00-05:00,-2.320410001719163e-06,-1.4447579760715832e-05,-3.490243310175263e-05
2019-03-01 11:00:00-05:00,-4.602200292526203e-06,-2.16252228801094e-05,-0.00013901782906882654
2019-03-01 11:15:00-05:00,3.0961702442498385e-05,-1.7955235086863327e-05,6.0569940122315395e-06
2019-03-01 11:30:00-05:00,7.112812998246433e-06,-3.895291529983627e-05,-0.00010812483286158354
2019-03-01 11:45:00-05:00,-1.1179552860000062e-05,-2.7535987911048902e-05,-1.0523675355718312e-05
2019-03-01 12:00:00-05:00,-1.563522570540712e-05,-6.6202665581418255e-06,-5.708803956998278e-06
2019-03-01 12:15:00-05:00,-1.471644424592124e-05,-1.608779814674826e-05,-8.13932914796469e-05
2019-03-01 12:30:00-05:00,-3.406876065425625e-06,-1.369717025478577e-05,-6.84668883773612e-05
2019-03-01 12:45:00-05:00,-4.570565721303561e-06,-2.3394431888042263e-05,-3.4620826879070346e-05
2019-03-01 13:00:00-05:00,7.4707095852629265e-06,-2.0002863852522985e-05,-2.6694376401617427e-05
2019-03-01 13:15:00-05:00,-3.6845951432956324e-06,-3.254963035849047e-05,2.6283511422744905e-05
2019-03-01 13:30:00-05:00,3.831576034448875e-05,-1.1011332588251732e-05,2.0228841939081922e-05
2019-03-01 13:45:00-05:00,2.9879893570398264e-05,-1.968599667803827e-05,3.573637092941887e-05
2019-03-01 14:00:00-05:00,1.2120800917802648e-06,-2.1393367428203185e-05,2.0830304230095593e-06
2019-03-01 14:15:00-05:00,3.605089649293504e-05,-1.2663115106258376e-05,-6.319916067024507e-05
2019-03-01 14:30:00-05:00,-1.0920964884449868e-05,-1.1391994868354165e-05,1.6176620033958356e-05
2019-03-01 14:45:00-05:00,3.2347711280410087e-05,-2.4271739918184416e-05,-5.302824028311071e-05
2019-03-01 15:00:00-05:00,1.4238247484758129e-05,-2.9199068237700636e-05,-5.9515809635801356e-05
2019-03-01 15:15:00-05:00,2.300015457692058e-05,-3.16048832091907e-05,-3.19361996985434e-05
2019-03-01 15:30:00-05:00,-1.6023072642841184e-05,-3.3681342998322377e-05,-6.131078086996887e-05
2019-03-04 10:15:00-05:00,-1.3872057733013415e-05,-3.408305074632411e-05,1.7308346543936905e-06
2019-03-04 10:30:00-05:00,3.508378517610682e-05,-1.329815056071221e-05,5.364647590010843e-05
2019-03-04 10:45:00-05:00,2.7909596733542893e-05,-3.114770715584464e-05,9.194987705708974e-05
2019-03-04 11:00:00-05:00,2.1427035556450762e-05,-9.977186800461065e-07,7.79734368470145e-05
2019-03-04 11:15:00-05:00,1.438564123370709e-05,-2.477318573630266e-05,5.8734438200706105e-05
2019-03-04 11:30:00-05:00,8.936989646191226e-07,-1.408493945620463e-05,1.6960711718948084e-06
2019-03-04 11:45:00-05:00,-1.3605402155182473e-05,-3.3646079721683244e-05,8.431030663331783e-05
2019-03-04 12:00:00-05:00,-1.029792097564922e-05,-2.8752856114271667e-05,0.00012401904522562715
2019-03-04 12:15:00-05:00,2.467895127007983e-05,-2.666552967790727e-05,-0.00012525794871414084
2019-03-04 12:30:00-05:00,3.266539286682878e-05,-2.4686846900476923e-05,6.0748993697819764e-05
2019-03-04 12:45:00-05:00,-5.113729697472071e-05,1.4503036463932696e-06,-4.0805467786377735e-05
2019-03-04 13:00:00-05:00,-3.893224766189492e-05,-1.6322090644132537e-05,-3.458658897421731e-05
2019-03-04 13:15:00-05:00,-2.9460472924826337e-05,-2.7250269675600716e-06,-6.4146536648597615e-06
2019-03-04 13:30:00-05:00,-3.9506842348266704e-05,-2.647903653913674e-05,-3.3057503815585414e-05
2019-03-04 13:45:00-05:00,-3.981718374522411e-06,-2.5859506152231128e-05,-3.9082581189325896e-05
2019-03-04 14:00:00-05:00,-7.952125927933579e-06,-1.931239796359245e-05,3.465910544409456e-05
2019-03-04 14:15:00-05:00,-6.704442010822785e-06,9.979135599821294e-06,1.4556146446241924e-06
2019-03-04 14:30:00-05:00,3.198875894806149e-05,-3.843986390468076e-05,-3.0114853601932126e-05
2019-03-04 14:45:00-05:00,-1.3290355680400026e-05,-4.209060216191877e-05,4.802986437848013e-05
2019-03-04 15:00:00-05:00,-1.3772780511696632e-05,-1.6065454210752305e-05,-2.380982137558175e-05
2019-03-04 15:15:00-05:00,-2.6320344559703542e-05,-4.13564734604354e-06,-3.496243305462662e-05
2019-03-04 15:30:00-05:00,-5.024125217639743e-07,-1.864968295283843e-05,-7.769958991789869e-05
2019-03-05 10:15:00-05:00,4.02360945774044e-06,9.666596195970063e-05,-3.162173102951654e-05
2019-03-05 10:30:00-05:00,-1.3694480575942327e-05,-2.4895019595063536e-05,3.319606683417504e-05
2019-03-05 10:45:00-05:00,3.092723592764382e-05,-3.698071313109906e-05,-1.2295499071433062e-05
2019-03-05 11:00:00-05:00,-1.9980080255853085e-05,-6.216077720752904e-07,3.1674340239718926e-06
2019-03-05 11:15:00-05:00,6.168166573943113e-06,-1.6477963135890417e-05,5.7048328732015553e-05
2019-03-05 11:30:00-05:00,1.0009618068190906e-06,-3.404932088378671e-05,-4.2381315997760286e-05
2019-03-05 11:45:00-05:00,-7.869004135706782e-06,-2.0306036578696325e-05,-2.0991489178029585e-05
2019-03-05 12:00:00-05:00,1.592702123779753e-05,-2.109560924146375e-05,-0.00010029935790941296
2019-03-05 12:15:00-05:00,7.073878559921033e-06,-1.3157522792206794e-05,5.380321918044296e-06
2019-03-05 12:30:00-05:00,-2.6373540757641735e-05,-2.2881182090352284e-05,-0.0001154030662855245
2019-03-05 12:45:00-05:00,-9.012146285305974e-07,-2.189190012973891e-05,-9.753185643316767e-05
2019-03-05 13:00:00-05:00,-6.221550674827166e-06,-3.4618152624506123e-06,3.164396619033167e-05
2019-03-05 13:15:00-05:00,-2.6324179384030796e-05,-2.9419024216075584e-05,9.82478871886054e-06
2019-03-05 13:30:00-05:00,3.57738184039949e-06,-4.959091988776095e-06,-9.566142963860233e-05
2019-03-05 13:45:00-05:00,-1.7684431880278958e-05,-2.160983021842337e-05,-7.020850137018996e-05
2019-03-05 14:00:00-05:00,1.0224182397560957e-05,-3.159210211346312e-05,-7.273100985025861e-05
2019-03-05 14:15:00-05:00,5.812390080278718e-05,-3.303152391814458e-05,-0.00011288606658491133
2019-03-05 14:30:00-05:00,3.0699364004767706e-06,-3.0385622439363202e-05,-0.00011130692790760018
2019-03-05 14:45:00-05:00,-8.405590378243315e-06,-2.6152576564818234e-05,-7.918099892657373e-05
2019-03-05 15:00:00-05:00,-2.5491161536056835e-06,-2.4101400567004193e-05,-0.00011993909647527423
2019-03-05 15:15:00-05:00,5.382895905989601e-07,-1.3201405706810225e-05,-7.294340428368874e-05
2019-03-05 15:30:00-05:00,-5.607845828953638e-06,-1.578250728684029e-05,-0.00013527894238686086
2019-03-06 10:15:00-05:00,-1.0153315322164071e-05,-1.472541522171492e-05,7.234541161689838e-05
2019-03-06 10:30:00-05:00,-1.6682974746838438e-05,-8.421606980941515e-06,1.78822899170391e-05
2019-03-06 10:45:00-05:00,-1.1312193570273146e-06,-8.332094779720252e-06,-3.1580927201550834e-05
2019-03-06 11:00:00-05:00,1.1687123607185602e-05,-2.1835422548588404e-05,-0.00013812133825303498
2019-03-06 11:15:00-05:00,5.285926527043002e-05,7.719334220621877e-05,-7.564445480680101e-05
2019-03-06 11:30:00-05:00,1.2614258240936942e-05,-2.0856601730874077e-05,-2.7663211445943788e-05
2019-03-06 11:45:00-05:00,2.611201716110574e-05,-2.53128893852596e-05,-0.00017226899989296904
2019-03-06 12:00:00-05:00,-3.647256865764962e-05,-2.6495472722150964e-05,-2.4730679713015055e-05
2019-03-06 12:15:00-05:00,2.8182025433863178e-05,-1.868560345590609e-05,7.761882028115632e-06
2019-03-06 12:30:00-05:00,-8.32465619263214e-06,-3.3728960178560596e-05,-0.00013154987199753447
2019-03-06 12:45:00-05:00,3.8483097134794463e-07,-1.6713968080243136e-05,-4.916098631590032e-05
2019-03-06 13:00:00-05:00,-1.937314454950892e-05,-2.9279151392657622e-05,-4.596723846743474e-05
2019-03-06 13:15:00-05:00,-3.936250872459188e-05,-3.1237031821200717e-05,1.4062471802247492e-05
2019-03-06 13:30:00-05:00,-3.4860054209640556e-05,-4.329596680059002e-06,-5.896477806976594e-05
2019-03-06 13:45:00-05:00,-7.899048246140114e-06,-1.1202682044354812e-05,-1.8055557831127267e-05
2019-03-06 14:00:00-05:00,-5.16852686220027e-06,-1.1920156771990534e-05,-8.366272197038357e-05
2019-03-06 14:15:00-05:00,3.0231466749027754e-06,-1.4267440483539598e-05,-4.978644738437691e-05
2019-03-06 14:30:00-05:00,-3.868336572317584e-06,-2.3925668441360588e-05,5.769478697103917e-05
2019-03-06 14:45:00-05:00,2.600110993829386e-06,-3.414736778679025e-05,-9.475878614064961e-05
2019-03-06 15:00:00-05:00,4.1993538331845514e-05,-4.285616643472257e-05,-7.97963053038898e-05
2019-03-06 15:15:00-05:00,1.176391129544771e-05,-1.2796492020228395e-05,-0.0001457623652330492
2019-03-06 15:30:00-05:00,1.9414827823183996e-05,-2.3209558806821983e-05,-0.00010654988244502281
2019-03-07 10:15:00-05:00,-1.4009684586272765e-05,-1.7170398714169377e-05,0.00010923695526687199
2019-03-07 10:30:00-05:00,-2.2983500052970673e-06,-6.771780356520729e-06,-8.48072016022929e-05
2019-03-07 10:45:00-05:00,-6.918683525814451e-05,-3.746483202042411e-06,1.6094631817316668e-05
2019-03-07 11:00:00-05:00,-1.5187930586168378e-06,-2.9521326923651993e-05,-8.284414696559584e-05
2019-03-07 11:15:00-05:00,-3.965142420251293e-05,-2.4262591795974295e-05,-3.1046756907754024e-05
2019-03-07 11:30:00-05:00,-1.044663406794238e-05,-9.538392202922245e-06,5.507848098245672e-05
2019-03-07 11:45:00-05:00,2.6514266766506385e-06,-3.475710108429491e-05,-0.00010209070320692657
2019-03-07 12:00:00-05:00,1.258863419657598e-05,-2.735672910025931e-05,-0.00010178477858413343
2019-03-07 12:15:00-05:00,8.369972781434656e-06,-1.707378778117718e-05,-4.7737568034813706e-05
2019-03-07 12:30:00-05:00,1.7066075496602383e-06,-1.3356900913202535e-05,-4.6442821539129504e-05
2019-03-07 12:45:00-05:00,-2.5013990135838086e-06,8.369196647934272e-05,-4.3522491656991664e-05
2019-03-07 13:00:00-05:00,2.1461419426840332e-05,-1.3616145981630413e-05,5.303266934838615e-06
2019-03-07 13:15:00-05:00,-1.037563796432212e-05,-2.2498942385173116e-05,-6.075383883341385e-05
2019-03-07 13:30:00-05:00,1.739804447072927e-05,-2.514169389409089e-05,5.983459508359664e-06
2019-03-07 13:45:00-05:00,4.8708704113069304e-05,-1.9001419337717392e-05,-1.3435964032567742e-05
2019-03-07 14:00:00-05:00,1.1241590300890977e-05,-1.3127927414279777e-05,-3.439997264658791e-05
2019-03-07 14:15:00-05:00,7.304994183734069e-06,-1.0030379981180353e-05,-7.332622581578985e-05
2019-03-07 14:30:00-05:00,-1.8485223474730474e-06,-2.4614514081534095e-05,7.175552666719845e-06
2019-03-07 14:45:00-05:00,3.994999939280274e-05,-1.5101578681495299e-05,-4.2500839774439064e-05
2019-03-07 15:00:00-05:00,1.8716585902025276e-05,-3.4581081438537866e-05,-6.0719820685396756e-05
2019-03-07 15:15:00-05:00,-1.3987831797933812e-05,-1.9609361717010363e-05,-4.649335096127367e-06
2019-03-07 15:30:00-05:00,-1.964310663400195e-06,-9.968076396704277e-06,-5.78981131281012e-05
2019-03-08 10:15:00-05:00,-2.9487414404896873e-06,-3.171012596270967e-05,9.986042438824247e-05
2019-03-08 10:30:00-05:00,1.2614899402367993e-05,-1.960333536815679e-05,5.8502252991737695e-06
2019-03-08 10:45:00-05:00,-4.627124816987933e-05,-4.1634550859362565e-06,-7.810087178977823e-05
2019-03-08 11:00:00-05:00,-6.779934060675308e-06,-6.366166263978735e-06,4.726595255502136e-05
2019-03-08 11:15:00-05:00,1.1448534832183547e-06,-9.08366450471239e-06,1.5386700684927995e-05
2019-03-08 11:30:00-05:00,4.17360852103728e-06,-2.849330674529018e-05,-3.0668625903759084e-06
2019-03-08 11:45:00-05:00,-1.314365562410683e-05,-3.080017703217129e-05,-5.07165606561399e-05
2019-03-08 12:00:00-05:00,-4.68266170650671e-06,-2.002616162931168e-05,-8.607169406836087e-05
2019-03-08 12:15:00-05:00,1.780581065945244e-05,-2.795652421512833e-05,3.0808287365092145e-05
2019-03-08 12:30:00-05:00,2.787242504024319e-05,-3.1791019098615824e-05,-9.164725912298724e-05
2019-03-08 12:45:00-05:00,-7.199005884013456e-06,-1.2051889248789473e-05,-2.846954981820827e-07
2019-03-08 13:00:00-05:00,2.5983259770265084e-05,-3.1335457068515195e-05,7.422063442891621e-05
2019-03-08 13:15:00-05:00,1.4667595409629817e-05,-1.4634816856519413e-05,-4.3266102997318874e-05
2019-03-08 13:30:00-05:00,1.3033198628473223e-05,-2.5453180937385468e-05,-6.277646499788465e-05
2019-03-08 13:45:00-05:00,-1.1432513275274352e-05,-2.1579293710327653e-05,-2.7241912037610435e-06
2019-03-08 14:00:00-05:00,-1.8490841882388724e-05,-2.571543753516114e-05,-6.821441104117331e-05
2019-03-08 14:15:00-05:00,-2.4347122286118662e-05,-1.3276869381568814e-05,5.982506505306464e-06
2019-03-08 14:30:00-05:00,1.4707453649044186e-05,-3.215186169054927e-05,-5.7733965424414306e-05
2019-03-08 14:45:00-05:00,1.942603842395952e-05,-3.0167697677076333e-05,-0.0001063256542160864
2019-03-08 15:00:00-05:00,5.5958617193305e-07,-3.172306766382545e-05,5.574003477693193e-06
2019-03-08 15:15:00-05:00,-2.3736901487519102e-05,-2.2867975187364007e-05,1.3506079589918548e-05
2019-03-08 15:30:00-05:00,-3.300566731860857e-06,-6.3840999212217e-06,-3.648999270743443e-05
2019-03-11 10:15:00-04:00,1.2545761385895788e-05,-3.7456429383810126e-05,7.095377443056937e-05
2019-03-11 10:30:00-04:00,-5.3818154149812225e-06,-4.870331463518351e-06,0.00016174305174932108
2019-03-11 10:45:00-04:00,1.3335043282824555e-05,-1.2476115434024681e-05,-5.789266402616303e-06
2019-03-11 11:00:00-04:00,4.512467015716919e-05,-3.834507728111777e-06,5.6026894410864994e-05
2019-03-11 11:15:00-04:00,-6.440491873740632e-06,-9.425062289610428e-06,4.256164460468424e-05
2019-03-11 11:30:00-04:00,2.9840363061371703e-05,-3.675456138068572e-05,2.485506999444164e-05
2019-03-11 11:45:00-04:00,5.566329494565207e-05,-3.7712981368336523e-05,-4.746031295213419e-06
2019-03-11 12:00:00-04:00,8.041490271367288e-06,-1.4670529564775322e-05,9.769658501797443e-05
2019-03-11 12:15:00-04:00,1.6966087476046107e-05,-4.451342166351877e-06,1.8031343535624858e-05
2019-03-11 12:30:00-04:00,4.146921390377184e-05,-3.564352924626955e-05,-5.8962724900179375e-05
2019-03-11 12:45:00-04:00,7.003854984198748e-06,-2.1606510020569783e-05,-5.605397129996995e-06
2019-03-11 13:00:00-04:00,2.3366353805487247e-05,-1.1307347676172054e-06,-6.7551238051622e-05
2019-03-11 13:15:00-04:00,-2.1633069558381195e-05,-1.7058698136351763e-05,3.30051761163155e-05
2019-03-11 13:30:00-04:00,2.0677183844680113e-05,-4.10545142079858e-05,-0.00013000750632793972
2019-03-11 13:45:00-04:00,-1.0261357946950365e-05,-2.3561695668767848e-05,-9.159658654306875e-05
2019-03-11 14:00:00-04:00,1.0178891046319142e-05,-1.3337184897856616e-05,-7.480323499543642e-05
2019-03-11 14:15:00-04:00,-1.1915112475803914e-05,-2.6845735917848776e-05,3.134173099973534e-05
2019-03-11 14:30:00-04:00,-4.465927227143832e-06,-8.37494139479575e-06,-3.9287882318928374e-05
2019-03-11 14:45:00-04:00,1.4379034629008612e-05,-4.186562385361957e-05,-7.251709056540142e-05
2019-03-11 15:00:00-04:00,1.947665497846571e-05,-2.0924520772130712e-05,-0.00016370152397793595
2019-03-11 15:15:00-04:00,1.664381211785883e-05,-1.2499059291562167e-05,-8.791054821711757e-05
2019-03-11 15:30:00-04:00,2.3559364927631962e-05,-2.4336621620845678e-05,-0.00014018831202408639
2019-03-12 10:15:00-04:00,1.78003657994144e-05,-2.3218150252930784e-05,4.822966002660227e-05
2019-03-12 10:30:00-04:00,-4.484144412633888e-05,-2.325833341355251e-05,-5.699758302096065e-05
2019-03-12 10:45:00-04:00,3.335599572078526e-06,-3.293303335977073e-05,-6.366743050673404e-07
2019-03-12 11:00:00-04:00,9.93871195961528e-06,-2.179439521310058e-05,-2.9395307859665673e-05
2019-03-12 11:15:00-04:00,2.3377054131875235e-05,-1.3996818547307365e-05,-8.172339215559439e-05
2019-03-12 11:30:00-04:00,3.728649389195507e-05,-4.4015146817537516e-05,-2.5093330331911142e-05
2019-03-12 11:45:00-04:00,-1.7463954989602943e-05,2.895863531760094e-06,-0.0001312787716035694
2019-03-12 12:00:00-04:00,7.325078139387569e-06,-3.088725115887874e-05,4.813766653820332e-05
2019-03-12 12:15:00-04:00,-6.110323851277905e-05,-2.0336403225194794e-05,-6.289037983412664e-05
2019-03-12 12:30:00-04:00,-6.088550244147392e-05,-1.590274669523547e-05,-7.384674388864767e-05
2019-03-12 12:45:00-04:00,-5.216848841772255e-05,-3.079360356310852e-05,-3.973325337490563e-05
2019-03-12 13:00:00-04:00,-5.252292268762797e-05,-3.134573924901463e-05,-2.6915733375763766e-06
2019-03-12 13:15:00-04:00,-3.411277550364282e-05,-6.6145192814294575e-06,-8.0828526508648e-05
2019-03-12 13:30:00-04:00,-2.383931340069268e-05,-3.0632659936405726e-06,-7.914823908685801e-05
2019-03-12 13:45:00-04:00,1.7315074164491547e-05,-2.8189401082779165e-05,-3.0459181042671483e-05
2019-03-12 14:00:00-04:00,-3.566759522993998e-05,-1.759459978524297e-05,8.288788711698212e-06
2019-03-12 14:15:00-04:00,-1.0944526957905734e-05,-3.1726824798555336e-05,-5.389931346980176e-05
2019-03-12 14:30:00-04:00,-1.2699261855477543e-05,-3.204536775977843e-05,-8.704675105916113e-05
2019-03-12 14:45:00-04:00,-1.7307698421592304e-05,-3.777681890391108e-05,-0.00013296206109422907
2019-03-12 15:00:00-04:00,4.035753916245709e-07,-3.610337936956393e-05,-5.923850872125148e-05
2019-03-12 15:15:00-04:00,1.1772320475533948e-05,-2.8572871969127047e-05,-0.00010064130004014158
2019-03-12 15:30:00-04:00,1.3226202850652276e-05,-1.9265348339298744e-05,-0.0001710960854473961
2019-03-13 10:15:00-04:00,-8.016748565943394e-06,-1.0132532292216881e-05,6.089853585395769e-05
2019-03-13 10:30:00-04:00,-2.4568011353360136e-05,-3.133862968884954e-05,7.163490636937517e-05
2019-03-13 10:45:00-04:00,3.3265881355469566e-06,-2.1541970393272016e-05,-6.266735671567813e-05
2019-03-13 11:00:00-04:00,3.7873219743858893e-05,-1.0813094809191573e-05,-3.0507933500659898e-05
2019-03-13 11:15:00-04:00,-2.5560255949340992e-05,-1.9140829484842415e-05,-0.00010594288029336726
2019-03-13 11:30:00-04:00,-1.3975547856791369e-05,-3.129038540066733e-05,-2.1039675079578325e-05
2019-03-13 11:45:00-04:00,-6.854122750425882e-07,-1.1033017336468633e-05,-0.00010959357649758218
2019-03-13 12:00:00-04:00,-2.418122773392875e-05,-3.0191457355733305e-05,-8.733225954139179e-05
2019-03-13 12:15:00-04:00,-1.9917683338781972e-05,1.3389024735725008e-07,-1.698908770592267e-05
2019-03-13 12:30:00-04:00,1.4019941712448946e-05,-3.668771027019385e-05,-0.00010912302572264925
2019-03-13 12:45:00-04:00,-9.280548918197521e-06,-2.7099604738714765e-05,-0.00010150171348468392
2019-03-13 13:00:00-04:00,-1.005666955249121e-05,-2.5294522563264967e-05,-5.36383132691042e-05
2019-03-13 13:15:00-04:00,-1.3689313347329406e-05,-3.131756209922203e-05,-7.995312404094539e-05
2019-03-13 13:30:00-04:00,3.895022141088987e-05,-1.2004846084372396e-05,-1.6222666319066005e-05
2019-03-13 13:45:00-04:00,5.959348151204802e-06,-2.1384678207083606e-05,-7.570325650645588e-05
2019-03-13 14:00:00-04:00,5.890190890057519e-05,-2.8416928212833083e-05,-9.28780900636111e-05
2019-03-13 14:15:00-04:00,3.2063996354621435e-05,-2.610623544828704e-05,-4.865014091778388e-05
2019-03-13 14:30:00-04:00,4.3871836358703194e-05,-4.203397081615581e-05,-8.815371773830502e-05
2019-03-13 14:45:00-04:00,-3.276274420757174e-05,-2.4492714994742515e-05,-0.00015917966395733327
2019-03-13 15:00:00-04:00,5.499920406767049e-05,-2.8438371129680056e-05,-0.00012300532739845533
2019-03-13 15:15:00-04:00,5.347507558953487e-05,-3.2936821284519685e-05,-8.172816870716159e-05
2019-03-13 15:30:00-04:00,4.455561389993926e-05,-1.5950916035302562e-05,-0.00012890620975844553
2019-03-14 10:15:00-04:00,-7.85088263491987e-06,-4.112077198329409e-05,-4.908146841591044e-05
2019-03-14 10:30:00-04:00,-7.061021612064405e-06,-3.216764232476851e-05,-8.274218554221247e-05
2019-03-14 10:45:00-04:00,2.3446352259681387e-05,-2.4276100259535147e-05,-8.659912039611218e-05
2019-03-14 11:00:00-04:00,-1.0092107669817062e-05,-2.6245364726495367e-05,-0.00014299528999671624
2019-03-14 11:15:00-04:00,-4.203629605594061e-05,-3.4767819301820677e-05,-6.549970459599169e-05
2019-03-14 11:30:00-04:00,-1.1143170196348122e-05,-1.581028547268492e-05,-7.073830895773517e-05
2019-03-14 11:45:00-04:00,-1.0337065394757175e-05,-1.9208180444353293e-05,-9.012029801300357e-05
2019-03-14 12:00:00-04:00,1.1919162845748756e-05,-2.3638846894562596e-05,-0.0001196628180266836
2019-03-14 12:15:00-04:00,-2.04633313691076e-05,-7.2237946128576045e-06,-4.246934587679757e-05
2019-03-14 12:30:00-04:00,1.5100214469943815e-05,-1.3970570844031607e-05,-7.69648871059844e-05
2019-03-14 12:45:00-04:00,2.8451900917706128e-05,-3.444826171380532e-05,-7.34703010910505e-05
2019-03-14 13:00:00-04:00,-3.2477839150854965e-07,-2.82026533315197e-05,-0.00011844294358552959
2019-03-14 13:15:00-04:00,-2.9324611480729077e-05,-2.327329809389532e-05,-5.0611872760762356e-05
2019-03-14 13:30:00-04:00,-3.0783865879001523e-06,-2.07176806936927e-05,-4.8231877482421e-05
2019-03-14 13:45:00-04:00,-5.977167412727318e-06,-2.3634580125933444e-05,-6.920027657812744e-05
2019-03-14 14:00:00-04:00,4.4177797122278185e-05,-1.2944329114976186e-06,-6.232591467024828e-05
2019-03-14 14:15:00-04:00,-2.5282043877719674e-05,-3.1544830526463745e-05,-9.904860366561419e-05
2019-03-14 14:30:00-04:00,1.469091841082968e-05,-1.4668313107455574e-05,-7.039530946453351e-05
2019-03-14 14:45:00-04:00,-5.60353087132884e-06,-4.175298683686458e-05,-7.792841643979576e-05
2019-03-14 15:00:00-04:00,8.338706089995933e-06,-2.928255883372067e-05,-0.0001187924668424308
2019-03-14 15:15:00-04:00,9.423628822491486e-06,-2.274316420645868e-05,-9.802180018232142e-05
2019-03-14 15:30:00-04:00,-5.574370352417548e-06,-2.02852804453e-05,-0.00018467612934987032
2019-03-15 10:15:00-04:00,1.1047397385111161e-06,-2.5209511913017915e-05,-0.00015735487845178507
2019-03-15 10:30:00-04:00,9.080895713012055e-06,-4.561038244233348e-05,-6.0739739427565966e-05
2019-03-15 10:45:00-04:00,-1.220990700891939e-06,-2.249020711973394e-05,-6.79039886977165e-05
2019-03-15 11:00:00-04:00,4.694192250594858e-06,-5.284684942130508e-05,-0.00013993423772776407
2019-03-15 11:15:00-04:00,5.337217709268161e-05,-6.244600327762429e-06,-4.607191470381124e-05
2019-03-15 11:30:00-04:00,-2.4215943015220774e-06,-3.82627703275075e-05,-7.91409023607583e-05
2019-03-15 11:45:00-04:00,9.328401252444388e-06,1.2607547981518724e-05,-0.00017005046742892108
2019-03-15 12:00:00-04:00,-3.974019128253528e-06,-4.9056166958643965e-06,-8.788029134521493e-05
2019-03-15 12:15:00-04:00,5.0201458147142134e-05,-3.566912456683744e-05,-8.571442355857215e-05
2019-03-15 12:30:00-04:00,5.8156013548414706e-05,-2.91544713158378e-05,-0.0001188459604331482
2019-03-15 12:45:00-04:00,-1.2407585124135875e-05,-1.4359295391494701e-05,-3.540662393060082e-05
2019-03-15 13:00:00-04:00,-8.854523309901086e-06,-2.6035783160497882e-05,-1.2996051188415203e-05
2019-03-15 13:15:00-04:00,9.513280974125248e-06,-1.0652234586498883e-05,-0.00011068447096458624
2019-03-15 13:30:00-04:00,1.6745920740660683e-05,-1.7013533432219296e-05,-9.814968756976471e-06
2019-03-15 13:45:00-04:00,2.64116924522772e-05,-2.932316769232251e-05,-1.2888140836713928e-05
2019-03-15 14:00:00-04:00,4.612461790518349e-05,-2.1905602073058053e-05,-6.195397266421375e-05
2019-03-15 14:15:00-04:00,2.2120717357272286e-05,-1.8391282512298776e-05,-7.662424849387662e-06
2019-03-15 14:30:00-04:00,1.2995762926241256e-05,-1.0486762802548195e-05,-4.545667380836426e-06
2019-03-15 14:45:00-04:00,3.1084062611305195e-05,-3.657742132957173e-05,1.7852685321277003e-05
2019-03-15 15:00:00-04:00,2.641056244903611e-07,-1.984063075621344e-05,-6.295400978577022e-05
2019-03-15 15:15:00-04:00,4.0280930053807556e-05,-1.6466947274180274e-05,-5.058116293292915e-05
2019-03-15 15:30:00-04:00,4.6454183149670115e-07,-3.373947866706371e-05,-0.00016849835374892257
2019-03-18 10:15:00-04:00,1.9858075385926355e-05,-2.766381573696732e-05,-0.00017470818866599654
2019-03-18 10:30:00-04:00,5.375003196393797e-05,-3.4389009706911665e-05,-8.144273942435086e-05
2019-03-18 10:45:00-04:00,7.270521998893083e-06,-2.226969144537887e-05,-7.491026565091649e-05
2019-03-18 11:00:00-04:00,1.5484202192737e-05,-3.113335804064921e-05,-0.0001221037251860543
2019-03-18 11:15:00-04:00,9.105338951394421e-06,-3.357178520994805e-05,-0.0001519077143304052
2019-03-18 11:30:00-04:00,1.939568597580117e-05,-3.204895143276628e-05,-3.5328882676500457e-06
2019-03-18 11:45:00-04:00,5.242387638914233e-05,-2.43171492322896e-05,-5.318428572286707e-05
2019-03-18 12:00:00-04:00,1.6129751733319156e-05,-1.8839488862450216e-05,-1.6385174800368197e-05
2019-03-18 12:15:00-04:00,2.3870972525663127e-05,-4.117338205499093e-05,-0.00012836780392703678
2019-03-18 12:30:00-04:00,-1.6931980636057767e-05,-3.5248018682676986e-05,-4.6946662357779024e-05
2019-03-18 12:45:00-04:00,-7.781509869900134e-06,-2.224047788965088e-05,9.986007134844275e-07
2019-03-18 13:00:00-04:00,-2.6538167831880882e-05,-2.3593448702036128e-05,5.917509376586785e-05
2019-03-18 13:15:00-04:00,-6.588107383702279e-07,-2.6725285291203292e-05,-1.0263069708682082e-05
2019-03-18 13:30:00-04:00,-2.66026705670438e-06,-1.571603195595531e-05,-1.290738079765417e-05
2019-03-18 13:45:00-04:00,1.5000197313694984e-05,-2.065842574039013e-05,-1.2588430413372751e-05
2019-03-18 14:00:00-04:00,1.2071846125283994e-05,-2.91143752735265e-05,-8.670470453984865e-05
2019-03-18 14:15:00-04:00,2.112441334415164e-05,-2.735478439926118e-05,-4.605037795275991e-05
2019-03-18 14:30:00-04:00,2.7507696036490864e-05,-3.4490215960723984e-05,-0.00015037597120664124
2019-03-18 14:45:00-04:00,-1.7999513048602207e-05,-3.7196806753027366e-05,3.00957307229955e-05
2019-03-18 15:00:00-04:00,1.8039621586987222e-05,-2.7136307995062352e-05,1.8571634068288173e-06
2019-03-18 15:15:00-04:00,-1.3379102826126901e-05,-4.154976956635146e-05,-0.00010944309392194143
2019-03-18 15:30:00-04:00,2.9476472287874262e-05,-3.095693226749537e-05,-3.369685945862464e-05
2019-03-19 10:15:00-04:00,1.2974199134530236e-05,-2.7607859858650328e-05,5.6700514897461564e-05
2019-03-19 10:30:00-04:00,-8.161655074962501e-06,-1.4571734656420249e-05,6.537635674287208e-05
2019-03-19 10:45:00-04:00,-1.864933996899513e-05,-1.617534729626049e-06,-3.1934943581724104e-05
2019-03-19 11:00:00-04:00,1.1522854007852058e-05,-2.2981383933345476e-05,-5.192774597488781e-05
2019-03-19 11:15:00-04:00,-8.453958749361267e-06,-3.476772702147737e-05,-8.600321161349492e-06
2019-03-19 11:30:00-04:00,-2.594835162296803e-05,-4.38209972425715e-05,-0.00010469059221615635
2019-03-19 11:45:00-04:00,-5.699580264686624e-06,-2.1603398052641375e-05,-5.8410448447174114e-05
2019-03-19 12:00:00-04:00,1.78076626710196e-05,-3.3425055294833096e-06,-0.00017379809573004525
2019-03-19 12:15:00-04:00,-1.2672222044694729e-05,-6.953212797475811e-06,-7.154954390508527e-05
2019-03-19 12:30:00-04:00,-1.4592917700465128e-05,-2.0200778204889194e-05,-3.0419868202997876e-05
2019-03-19 12:45:00-04:00,1.3835897204829741e-06,-3.226760020017032e-05,-2.253806513349364e-06
2019-03-19 13:00:00-04:00,-3.1571983072159254e-05,-4.294861068088613e-05,-6.103338029274747e-05
2019-03-19 13:15:00-04:00,-1.575755861378439e-05,-3.136576520434606e-05,1.5551611634331415e-06
2019-03-19 13:30:00-04:00,-3.790968841922074e-05,-3.4444442079402034e-05,1.319620072024683e-05
2019-03-19 13:45:00-04:00,2.08291280707197e-06,-3.058283681145719e-05,-4.258534639947416e-05
2019-03-19 14:00:00-04:00,-1.52711782793257e-05,-1.4726960333989394e-05,-3.49482444996949e-05
2019-03-19 14:15:00-04:00,-3.423574522041619e-06,-1.437151693421815e-05,-8.260111564054935e-05
2019-03-19 14:30:00-04:00,-5.415138465660199e-05,-3.518452540878185e-05,6.02241513702357e-06
2019-03-19 14:45:00-04:00,-4.50491360172571e-05,-3.260733318547203e-05,1.2336707914722429e-05
2019-03-19 15:00:00-04:00,1.0807331519314467e-05,-2.7094808756668757e-05,-0.00010519574116415277
2019-03-19 15:15:00-04:00,1.916482751579624e-05,-2.101347004171528e-05,-2.063749516975402e-05
2019-03-19 15:30:00-04:00,4.171117767615984e-05,-2.98767958174782e-05,-5.7668702212710726e-05
2019-03-20 10:15:00-04:00,-2.3580045477026897e-05,-4.368417438748502e-05,-8.697658660344295e-05
2019-03-20 10:30:00-04:00,-1.437151118076211e-05,-2.992355360641833e-05,-0.00017823625773562073
2019-03-20 10:45:00-04:00,-4.4744630694554935e-05,-3.551483624157982e-05,-5.861151084569147e-05
2019-03-20 11:00:00-04:00,2.21246653934706e-05,-1.2325068088589552e-05,-6.513509197092363e-05
2019-03-20 11:15:00-04:00,3.946298707922122e-06,-5.102927340592037e-05,-9.36068723647808e-05
2019-03-20 11:30:00-04:00,-5.635925972803602e-06,-4.831766119609213e-05,2.176592427873518e-05
2019-03-20 11:45:00-04:00,1.9375355909493517e-05,4.943830900303062e-06,5.289675022029576e-05
2019-03-20 12:00:00-04:00,1.8030941405813088e-05,-2.439257493594905e-05,5.9084614149064976e-05
2019-03-20 12:15:00-04:00,3.9630121922081815e-07,-3.93105267253426e-05,0.00011692302819453997
2019-03-20 12:30:00-04:00,-1.1481104727278542e-05,1.4271533010822036e-08,-0.0001310943359406381
2019-03-20 12:45:00-04:00,4.446104022648267e-05,-2.6448293357782468e-05,-4.63021273655562e-05
2019-03-20 13:00:00-04:00,1.9393221823206412e-05,-2.0420786887269233e-05,2.7770632645969578e-05
2019-03-20 13:15:00-04:00,2.1379771853267302e-05,-2.3643536376889336e-05,-2.7791304601179876e-05
2019-03-20 13:30:00-04:00,3.581560859183515e-07,-3.210236986727891e-05,-0.00013991830286996958
2019-03-20 13:45:00-04:00,-2.266895424644164e-05,-2.9758591092807125e-05,-4.364124002325833e-05
2019-03-20 14:00:00-04:00,-9.893493610500522e-05,7.18827171804891e-05,5.975530865755954e-05
2019-03-20 14:15:00-04:00,1.167477446909552e-05,-3.689205684277712e-05,0.00024555077013621476
2019-03-20 14:30:00-04:00,-4.571036795254433e-06,7.337130656709692e-05,0.00011880287454071038
2019-03-20 14:45:00-04:00,2.773123476037822e-05,-1.5743205507955022e-05,8.563534756400355e-05
2019-03-20 15:00:00-04:00,-1.1054318266554393e-05,-2.9196760953591385e-05,-7.267973761924913e-05
2019-03-20 15:15:00-04:00,8.57995706434924e-06,-2.708070045906433e-05,8.555105755564662e-05
2019-03-20 15:30:00-04:00,-6.7800603926175234e-06,-1.8297354692524996e-05,-0.00011702436051755617
2019-03-21 10:15:00-04:00,7.799492669728065e-06,0.0001082986925717669,-0.00013197386470945526
2019-03-21 10:30:00-04:00,1.8847839408712364e-06,6.648613218153877e-06,6.529970193087811e-05
2019-03-21 10:45:00-04:00,2.0271477979914034e-05,-2.7740242057113355e-05,-8.969276123197023e-05
2019-03-21 11:00:00-04:00,5.368709017963138e-05,-1.3116428585296817e-05,-3.441899349475263e-05
2019-03-21 11:15:00-04:00,2.0702264460371106e-05,-5.664004764981518e-05,-2.728296548315574e-05
2019-03-21 11:30:00-04:00,9.361844429028321e-07,-3.204655989206996e-05,3.759237609407678e-05
2019-03-21 11:45:00-04:00,1.3625414563462483e-05,1.6186848926928924e-05,-7.412964167313097e-05
2019-03-21 12:00:00-04:00,2.9075738419392366e-05,-3.341076192256147e-05,-7.80881398584941e-05
2019-03-21 12:15:00-04:00,1.1178130398747094e-06,-8.757929301098477e-06,-7.989646288578476e-05
2019-03-21 12:30:00-04:00,1.3392323464774173e-05,-1.5000342798891619e-05,-9.14561888868806e-05
2019-03-21 12:45:00-04:00,-5.017296523439079e-05,-2.6337191650004245e-05,-7.502646840069593e-05
2019-03-21 13:00:00-04:00,3.078165226513968e-06,-3.095445907145425e-05,-2.429065516338497e-05
2019-03-21 13:15:00-04:00,2.3407623930519254e-05,-4.2225186734210725e-05,-5.7864722191259526e-05
2019-03-21 13:30:00-04:00,-2.9871010060295637e-05,-2.907617893487603e-05,-8.3852577737447e-05
2019-03-21 13:45:00-04:00,-1.15612674908365e-05,-2.4679766315808426e-05,-9.855417641542631e-05
2019-03-21 14:00:00-04:00,-5.594656242709787e-06,-1.5153875515515884e-05,-0.0001168200923174559
2019-03-21 14:15:00-04:00,-3.85266131009146e-06,-3.352057979051251e-05,-0.00010781379140319013
2019-03-21 14:30:00-04:00,-6.7456990018279075e-06,-3.03781734466266e-05,-0.0001055872590662978
2019-03-21 14:45:00-04:00,4.39782880094711e-05,-3.2548724518329935e-05,-6.364863598314385e-05
2019-03-21 15:00:00-04:00,1.5182121652026907e-05,-4.875539748580095e-05,-8.778461487000461e-05
2019-03-21 15:15:00-04:00,-5.037777523673876e-06,-2.557524066877796e-05,-7.959816574588973e-05
2019-03-21 15:30:00-04:00,3.2725615334027665e-05,-2.7482849748595506e-05,-2.6866497912558308e-05
2019-03-22 10:15:00-04:00,-1.7370792296913987e-05,-3.824885746170632e-05,-7.906719786267535e-05
2019-03-22 10:30:00-04:00,1.1331787648127022e-05,-2.7906608677355196e-06,0.00014099045806588168
2019-03-22 10:45:00-04:00,-1.8753043332720836e-05,-3.0749698941867924e-05,-3.3655241918255355e-05
2019-03-22 11:00:00-04:00,-3.6068010941204114e-05,6.596037002474248e-05,-1.9727314633392608e-05
2019-03-22 11:15:00-04:00,1.3972712823407493e-05,-3.89859392658323e-05,-0.0001451275955374113
2019-03-22 11:30:00-04:00,-2.361925934765144e-06,-2.2675662618576604e-05,-0.00011597124029955356
2019-03-22 11:45:00-04:00,-4.800992658049489e-06,-2.2662483365510745e-05,5.280580949709294e-05
2019-03-22 12:00:00-04:00,-2.667401872929141e-05,-5.065267866380588e-05,-5.693692269286943e-05
2019-03-22 12:15:00-04:00,-5.963709921303054e-05,2.3640915875555572e-07,6.0422867457376416e-05
2019-03-22 12:30:00-04:00,-3.753217650464531e-05,-2.400090935003736e-05,2.519447654933433e-05
2019-03-22 12:45:00-04:00,-5.76720152489532e-06,-4.651935929591053e-05,0.00014156717536637002
2019-03-22 13:00:00-04:00,1.1401966209552469e-05,-3.953984151178319e-05,-7.015207254002564e-05
2019-03-22 13:15:00-04:00,-3.633454128231882e-05,0.00010060268982973474,6.303837563835442e-05
2019-03-22 13:30:00-04:00,-4.323810566017808e-05,6.104597993426855e-05,3.1290290017393934e-06
2019-03-22 13:45:00-04:00,-2.7101907947472618e-05,-1.3011642702364349e-05,-5.531627914775642e-05
2019-03-22 14:00:00-04:00,5.650760931404023e-06,-1.006402309659863e-05,3.99727845598624e-05
2019-03-22 14:15:00-04:00,8.124814221702648e-06,-2.1580275877759033e-05,5.3373978576108186e-05
2019-03-22 14:30:00-04:00,-1.3134193775966032e-05,-3.8269945573972945e-05,-6.199496465147523e-05
2019-03-22 14:45:00-04:00,-3.9605319158830855e-06,-1.3461255051677895e-05,-3.471644609356443e-05
2019-03-22 15:00:00-04:00,-8.997397471251574e-06,-2.0417153086257542e-05,-3.545200622856224e-05
2019-03-22 15:15:00-04:00,-3.1068552379003725e-05,-2.059039582927781e-05,0.00010174076934645453
2019-03-22 15:30:00-04:00,8.407262445959412e-06,-2.2897556098212002e-05,-7.750506876989378e-05
2019-03-25 10:15:00-04:00,-4.389760081117663e-05,-3.24460637000594e-05,-0.0001520441546774767
2019-03-25 10:30:00-04:00,-5.181756553846817e-06,-1.0067776456219562e-05,-7.236128145078398e-05
2019-03-25 10:45:00-04:00,-1.3792693146493723e-05,-9.577772974892132e-06,2.2015058168803713e-06
2019-03-25 11:00:00-04:00,3.917474145961966e-05,-4.046318645221246e-05,7.674405832559446e-05
2019-03-25 11:15:00-04:00,2.459494586499635e-05,5.790145850860364e-05,-3.4524987329161194e-05
2019-03-25 11:30:00-04:00,-2.289461406993269e-06,-1.297487011312995e-05,4.425534540953399e-05
2019-03-25 11:45:00-04:00,-3.7567613385759467e-06,-2.190704835070074e-05,-5.9760412216133905e-05
2019-03-25 12:00:00-04:00,-1.2800716103343496e-05,-1.8148730237810016e-05,6.907903908847037e-05
2019-03-25 12:15:00-04:00,2.8211143340324112e-05,-2.261161568769218e-05,-2.5197009800940546e-05
2019-03-25 12:30:00-04:00,4.560860509430723e-06,-4.1908804471173995e-05,2.4466790327525245e-05
2019-03-25 12:45:00-04:00,-2.4695846715513912e-05,-3.171785950658494e-05,-4.9996534149115794e-05
2019-03-25 13:00:00-04:00,2.6456090084443054e-06,-1.5954553589314313e-05,-4.0047075973204064e-05
2019-03-25 13:15:00-04:00,-1.4172374464671494e-05,-3.652663944381367e-05,8.442255488956898e-05
2019-03-25 13:30:00-04:00,-5.5384350751546945e-05,-3.42184900918102e-05,5.037791812615113e-05
2019-03-25 13:45:00-04:00,-3.9781334373487385e-05,-1.5956617702733423e-05,-1.647601637404637e-05
2019-03-25 14:00:00-04:00,-2.9511654189352736e-05,-3.599637486466818e-05,4.792429341410221e-05
2019-03-25 14:15:00-04:00,-4.129825312718015e-05,-1.9189599633851398e-05,5.9139703540179474e-05
2019-03-25 14:30:00-04:00,-2.883099804087537e-05,-2.665689710596409e-05,-0.0001274331302963878
2019-03-25 14:45:00-04:00,-3.83177412292102e-05,-2.3395386709247478e-05,3.336591807988298e-05
2019-03-25 15:00:00-04:00,-5.1148804177388166e-05,-3.214035662672692e-05,5.880353070970532e-05
2019-03-25 15:15:00-04:00,-1.6376332121056175e-05,-3.734605235709802e-05,6.118982661095349e-05
2019-03-25 15:30:00-04:00,-9.031387715969293e-05,2.7419713863707797e-06,-4.790827972676686e-05
2019-03-26 10:15:00-04:00,-1.2155743298838818e-05,-2.4681467116249043e-06,2.1720600152627744e-05
2019-03-26 10:30:00-04:00,-5.876642812824082e-05,-1.702031309211396e-05,-6.890925377016158e-05
2019-03-26 10:45:00-04:00,-1.0593426668396914e-05,1.1954685566671081e-05,-1.9255111133501962e-05
2019-03-26 11:00:00-04:00,-3.436025653900146e-05,-2.8062018911747033e-05,7.993319243719656e-05
2019-03-26 11:15:00-04:00,-9.786082673343985e-07,-5.499701945173778e-05,-0.00010582512510151698
2019-03-26 11:30:00-04:00,-5.455064424235117e-06,-2.540302276554718e-05,-5.980939961235637e-05
2019-03-26 11:45:00-04:00,-2.075923777810951e-06,-1.87713582682905e-05,-2.4298488328634198e-06
2019-03-26 12:00:00-04:00,-4.165668804969759e-05,-2.7528432984835477e-05,-3.5215754010315374e-05
2019-03-26 12:15:00-04:00,-2.6841012420274267e-05,-2.4961677819758035e-05,3.577493921595999e-05
2019-03-26 12:30:00-04:00,1.977304606285523e-05,-2.1829170114840147e-05,-2.371016138666529e-05
2019-03-26 12:45:00-04:00,1.577715410792187e-05,-1.636936414281491e-05,2.5556505692820553e-06
2019-03-26 13:00:00-04:00,3.156087104064564e-05,-3.418076554783332e-05,-4.247691083122534e-05
2019-03-26 13:15:00-04:00,8.468142832460261e-06,-2.023100433553792e-05,-9.905419067805275e-05
2019-03-26 13:30:00-04:00,-3.0355069076352416e-05,-3.258497144505893e-05,-9.99141290301891e-05
2019-03-26 13:45:00-04:00,1.263292268122534e-05,-4.033565547302217e-05,-9.389640966704249e-05
2019-03-26 14:00:00-04:00,-3.729552825901492e-05,-2.1698745643718476e-05,-7.526461270986864e-05
2019-03-26 14:15:00-04:00,-3.3642531679924616e-05,-2.7662944567700156e-05,-0.00011930545822812792
2019-03-26 14:30:00-04:00,-6.790257911015157e-07,-3.488489173004381e-05,-0.00010706810527007304
2019-03-26 14:45:00-04:00,-2.3276496737888234e-05,-3.961549916857767e-05,-0.0001644326542546543
2019-03-26 15:00:00-04:00,-3.534931204566217e-05,-2.6103401507683848e-05,-5.936659795218637e-05
2019-03-26 15:15:00-04:00,-5.339114759756331e-05,-1.4726837149586371e-05,-8.136228517624592e-06
2019-03-26 15:30:00-04:00,-7.878594825886065e-05,-4.92928411229142e-05,-7.628955919722599e-05
